,Unnamed: 0,Climate Zone,City,WindowOrientation,U,SHGC,Wall_U,HeatingSite,HeatingSource,CoolingSite,CoolingSource,TotalSource
2280,1140,1A,Honolulu,2021,0.01,0.01,0.493,0.028461,0.030851724,14.79972,46.87071324,46.90156496
2281,1141,1A,Honolulu,2021,0.01,0.15,0.493,0.028461,0.030851724,17.987352,56.96594378,56.99679551
2282,1142,1A,Honolulu,2021,0.01,0.1,0.493,0.028461,0.030851724,16.867886,53.42059496,53.45144669
2283,1143,1A,Honolulu,2021,0.01,0.25,0.493,0.028461,0.030851724,19.960648,63.21537222,63.24622394
2284,1144,1A,Honolulu,2021,0.01,0.2,0.493,0.028461,0.030851724,18.983487,60.12070333,60.15155505
2285,1145,1A,Honolulu,2021,0.01,0.3,0.493,0.018974,0.020567816,20.928322,66.27999577,66.30056359
2286,1146,1A,Honolulu,2021,0.01,0.35,0.493,0.018974,0.020567816,21.886509,69.314574,69.33514182
2287,1147,1A,Honolulu,2021,0.01,0.45,0.493,0.018974,0.020567816,23.897753,75.68418375,75.70475157
2288,1148,1A,Honolulu,2021,0.01,0.4,0.493,0.018974,0.020567816,22.882644,72.46933355,72.48990136
2289,1149,1A,Honolulu,2021,0.01,0.55,0.493,0.018974,0.020567816,25.814127,81.75334021,81.77390802
2290,1150,1A,Honolulu,2021,0.01,0.5,0.493,0.018974,0.020567816,24.85594,78.71876198,78.7393298
2291,1151,1A,Honolulu,2021,0.01,0.6,0.493,0.018974,0.020567816,26.772314,84.78791844,84.80848625
2292,1152,1A,Honolulu,2021,0.01,0.65,0.493,0.018974,0.020567816,27.739988,87.852542,87.87310981
2293,1153,1A,Honolulu,2021,0.01,0.7,0.493,0.018974,0.020567816,28.726636,90.97725621,90.99782403
2294,1154,1A,Honolulu,2021,0.01,0.75,0.493,0.018974,0.020567816,29.69431,94.04187977,94.06244759
2295,1155,1A,Honolulu,2021,0.01,0.85,0.493,0.018974,0.020567816,31.620171,100.1410816,100.1616494
2296,1156,1A,Honolulu,2021,0.01,0.8,0.493,0.018974,0.020567816,30.671471,97.13654866,97.15711647
2297,1157,1A,Honolulu,2021,0.01,0.95,0.493,0.018974,0.020567816,33.536545,106.210238,106.2308058
2298,1158,1A,Honolulu,2021,0.01,0.9,0.493,0.018974,0.020567816,32.578358,103.1756598,103.1962276
2299,1159,1A,Honolulu,2021,0.05,0.01,0.493,0.037948,0.041135632,14.752285,46.7204866,46.76162223
2300,1160,1A,Honolulu,2021,0.05,0.15,0.493,0.028461,0.030851724,17.93043,56.78567181,56.81652353
2301,1161,1A,Honolulu,2021,0.05,0.1,0.493,0.037948,0.041135632,16.810964,53.24032299,53.28145862
2302,1162,1A,Honolulu,2021,0.05,0.25,0.493,0.028461,0.030851724,19.894239,63.00505491,63.03590664
2303,1163,1A,Honolulu,2021,0.05,0.2,0.493,0.028461,0.030851724,18.926565,59.94043136,59.97128308
2304,1164,1A,Honolulu,2021,0.05,0.3,0.493,0.028461,0.030851724,20.861913,66.06967847,66.10053019
2305,1165,1A,Honolulu,2021,0.05,0.35,0.493,0.028461,0.030851724,21.810613,69.07421137,69.10506309
2306,1166,1A,Honolulu,2021,0.05,0.45,0.493,0.028461,0.030851724,23.821857,75.44382112,75.47467284
2307,1167,1A,Honolulu,2021,0.05,0.4,0.493,0.028461,0.030851724,22.806748,72.22897092,72.25982264
2308,1168,1A,Honolulu,2021,0.05,0.55,0.493,0.028461,0.030851724,25.728744,81.48293225,81.51378397
2309,1169,1A,Honolulu,2021,0.05,0.5,0.493,0.028461,0.030851724,24.770557,78.44835402,78.47920574
2310,1170,1A,Honolulu,2021,0.05,0.6,0.493,0.028461,0.030851724,26.686931,84.51751048,84.5483622
2311,1171,1A,Honolulu,2021,0.05,0.65,0.493,0.028461,0.030851724,27.654605,87.58213404,87.61298576
2312,1172,1A,Honolulu,2021,0.05,0.7,0.493,0.028461,0.030851724,28.631766,90.67680292,90.70765465
2313,1173,1A,Honolulu,2021,0.05,0.75,0.493,0.028461,0.030851724,29.59944,93.74142648,93.7722782
2314,1174,1A,Honolulu,2021,0.05,0.85,0.493,0.018974,0.020567816,31.515814,99.81058294,99.83115075
2315,1175,1A,Honolulu,2021,0.05,0.8,0.493,0.018974,0.020567816,30.576601,96.83609537,96.85666318
2316,1176,1A,Honolulu,2021,0.05,0.95,0.493,0.018974,0.020567816,33.422701,105.8496941,105.8702619
2317,1177,1A,Honolulu,2021,0.05,0.9,0.493,0.018974,0.020567816,32.474001,102.8451612,102.865729
2318,1178,1A,Honolulu,2021,0.15,0.01,0.493,0.066409,0.071987356,14.647928,46.38998798,46.46197533
2319,1179,1A,Honolulu,2021,0.15,0.15,0.493,0.056922,0.061703448,17.826073,56.45517319,56.51687664
2320,1180,1A,Honolulu,2021,0.15,0.1,0.493,0.056922,0.061703448,16.706607,52.90982437,52.97152782
2321,1181,1A,Honolulu,2021,0.15,0.25,0.493,0.047435,0.05141954,19.742447,62.52432965,62.57574919
2322,1182,1A,Honolulu,2021,0.15,0.2,0.493,0.047435,0.05141954,18.793747,59.51979675,59.57121629
2323,1183,1A,Honolulu,2021,0.15,0.3,0.493,0.047435,0.05141954,20.700634,65.55890788,65.61032742
2324,1184,1A,Honolulu,2021,0.15,0.35,0.493,0.047435,0.05141954,21.658821,68.59348611,68.64490565
2325,1185,1A,Honolulu,2021,0.15,0.45,0.493,0.047435,0.05141954,23.660578,74.93305053,74.98447007
2326,1186,1A,Honolulu,2021,0.15,0.4,0.493,0.047435,0.05141954,22.645469,71.71820032,71.76961986
2327,1187,1A,Honolulu,2021,0.15,0.55,0.493,0.047435,0.05141954,25.548491,80.912071,80.96349054
2328,1188,1A,Honolulu,2021,0.15,0.5,0.493,0.047435,0.05141954,24.609278,77.93758343,77.98900297
2329,1189,1A,Honolulu,2021,0.15,0.6,0.493,0.047435,0.05141954,26.497191,83.9166039,83.96802344
2330,1190,1A,Honolulu,2021,0.15,0.65,0.493,0.037948,0.041135632,27.455378,86.95118213,86.99231776
2331,1191,1A,Honolulu,2021,0.15,0.7,0.493,0.037948,0.041135632,28.423052,90.01580568,90.05694132
2332,1192,1A,Honolulu,2021,0.15,0.75,0.493,0.037948,0.041135632,29.390726,93.08042924,93.12156487
2333,1193,1A,Honolulu,2021,0.15,0.85,0.493,0.037948,0.041135632,31.3071,99.1495857,99.19072133
2334,1194,1A,Honolulu,2021,0.15,0.8,0.493,0.037948,0.041135632,30.348913,96.11500747,96.1561431
2335,1195,1A,Honolulu,2021,0.15,0.95,0.493,0.037948,0.041135632,33.176039,105.0685155,105.1096511
2336,1196,1A,Honolulu,2021,0.15,0.9,0.493,0.037948,0.041135632,32.236826,102.0940279,102.1351636
2337,1197,1A,Honolulu,2021,0.1,0.01,0.493,0.056922,0.061703448,14.695363,46.54021462,46.60191807
2338,1198,1A,Honolulu,2021,0.1,0.15,0.493,0.047435,0.05141954,17.873508,56.60539984,56.65681938
2339,1199,1A,Honolulu,2021,0.1,0.1,0.493,0.047435,0.05141954,16.754042,53.06005101,53.11147055
2340,1200,1A,Honolulu,2021,0.1,0.25,0.493,0.037948,0.041135632,19.818343,62.76469228,62.80582791
2341,1201,1A,Honolulu,2021,0.1,0.2,0.493,0.037948,0.041135632,18.850669,59.70006872,59.74120436
2342,1202,1A,Honolulu,2021,0.1,0.3,0.493,0.037948,0.041135632,20.786017,65.82931584,65.87045147
2343,1203,1A,Honolulu,2021,0.1,0.35,0.493,0.037948,0.041135632,21.72523,68.80380341,68.84493904
2344,1204,1A,Honolulu,2021,0.1,0.45,0.493,0.037948,0.041135632,23.736474,75.17341316,75.21454879
2345,1205,1A,Honolulu,2021,0.1,0.4,0.493,0.037948,0.041135632,22.721365,71.95856296,71.99969859
2346,1206,1A,Honolulu,2021,0.1,0.55,0.493,0.037948,0.041135632,25.633874,81.18247896,81.22361459
2347,1207,1A,Honolulu,2021,0.1,0.5,0.493,0.037948,0.041135632,24.685174,78.17794606,78.21908169
2348,1208,1A,Honolulu,2021,0.1,0.6,0.493,0.037948,0.041135632,26.592061,84.21705719,84.25819282
2349,1209,1A,Honolulu,2021,0.1,0.65,0.493,0.028461,0.030851724,27.550248,87.25163542,87.28248714
2350,1210,1A,Honolulu,2021,0.1,0.7,0.493,0.028461,0.030851724,28.527409,90.3463043,90.37715603
2351,1211,1A,Honolulu,2021,0.1,0.75,0.493,0.028461,0.030851724,29.495083,93.41092786,93.44177959
2352,1212,1A,Honolulu,2021,0.1,0.85,0.493,0.028461,0.030851724,31.411457,99.48008432,99.51093604
2353,1213,1A,Honolulu,2021,0.1,0.8,0.493,0.028461,0.030851724,30.462757,96.47555142,96.50640314
2354,1214,1A,Honolulu,2021,0.1,0.95,0.493,0.028461,0.030851724,33.29937,105.4591048,105.4899565
2355,1215,1A,Honolulu,2021,0.1,0.9,0.493,0.028461,0.030851724,32.35067,102.4545719,102.4854236
2356,1216,1A,Honolulu,2021,0.25,0.01,0.493,0.104357,0.113122988,14.562545,46.11958002,46.232703
2357,1217,1A,Honolulu,2021,0.25,0.15,0.493,0.085383,0.092555172,17.731203,56.1547199,56.24727507
2358,1218,1A,Honolulu,2021,0.25,0.1,0.493,0.09487,0.10283908,16.611737,52.60937108,52.71221016
2359,1219,1A,Honolulu,2021,0.25,0.25,0.493,0.075896,0.082271264,19.63809,62.19383103,62.27610229
2360,1220,1A,Honolulu,2021,0.25,0.2,0.493,0.085383,0.092555172,18.68939,59.18929813,59.2818533
2361,1221,1A,Honolulu,2021,0.25,0.3,0.493,0.075896,0.082271264,20.58679,65.19836393,65.28063519
2362,1222,1A,Honolulu,2021,0.25,0.35,0.493,0.075896,0.082271264,21.516516,68.14280617,68.22507744
2363,1223,1A,Honolulu,2021,0.25,0.45,0.493,0.075896,0.082271264,23.52776,74.51241592,74.59468718
2364,1224,1A,Honolulu,2021,0.25,0.4,0.493,0.075896,0.082271264,22.522138,71.32761105,71.40988231
2365,1225,1A,Honolulu,2021,0.25,0.55,0.493,0.066409,0.071987356,25.396699,80.43134573,80.50333309
2366,1226,1A,Honolulu,2021,0.25,0.5,0.493,0.066409,0.071987356,24.466973,77.48690349,77.55889085
2367,1227,1A,Honolulu,2021,0.25,0.6,0.493,0.066409,0.071987356,26.326425,83.37578798,83.44777533
2368,1228,1A,Honolulu,2021,0.25,0.65,0.493,0.066409,0.071987356,27.313073,86.50050219,86.57248955
2369,1229,1A,Honolulu,2021,0.25,0.7,0.493,0.066409,0.071987356,28.252286,89.47498976,89.54697712
2370,1230,1A,Honolulu,2021,0.25,0.75,0.493,0.066409,0.071987356,29.210473,92.50956799,92.58155535
2371,1231,1A,Honolulu,2021,0.25,0.85,0.493,0.066409,0.071987356,31.107873,98.51863379,98.59062115
2372,1232,1A,Honolulu,2021,0.25,0.8,0.493,0.066409,0.071987356,30.159173,95.51410089,95.58608825
2373,1233,1A,Honolulu,2021,0.25,0.95,0.493,0.056922,0.061703448,32.957838,104.3774729,104.4391764
2374,1234,1A,Honolulu,2021,0.25,0.9,0.493,0.056922,0.061703448,32.028112,101.4330307,101.4947342
2375,1235,1A,Honolulu,2021,0.2,0.01,0.493,0.085383,0.092555172,14.600493,46.23976133,46.3323165
2376,1236,1A,Honolulu,2021,0.2,0.15,0.493,0.066409,0.071987356,17.778638,56.30494655,56.3769339
2377,1237,1A,Honolulu,2021,0.2,0.1,0.493,0.075896,0.082271264,16.659172,52.75959772,52.84186899
2378,1238,1A,Honolulu,2021,0.2,0.25,0.493,0.066409,0.071987356,19.685525,62.34405768,62.41604503
2379,1239,1A,Honolulu,2021,0.2,0.2,0.493,0.066409,0.071987356,18.727338,59.30947945,59.3814668
2380,1240,1A,Honolulu,2021,0.2,0.3,0.493,0.066409,0.071987356,20.634225,65.34859058,65.42057793
2381,1241,1A,Honolulu,2021,0.2,0.35,0.493,0.056922,0.061703448,21.573438,68.32307815,68.38478159
2382,1242,1A,Honolulu,2021,0.2,0.45,0.493,0.056922,0.061703448,23.584682,74.69268789,74.75439134
2383,1243,1A,Honolulu,2021,0.2,0.4,0.493,0.056922,0.061703448,22.57906,71.50788302,71.56958647
2384,1244,1A,Honolulu,2021,0.2,0.55,0.493,0.056922,0.061703448,25.472595,80.67170837,80.73341181
2385,1245,1A,Honolulu,2021,0.2,0.5,0.493,0.056922,0.061703448,24.533382,77.69722079,77.75892424
2386,1246,1A,Honolulu,2021,0.2,0.6,0.493,0.056922,0.061703448,26.402321,83.61615061,83.67785405
2387,1247,1A,Honolulu,2021,0.2,0.65,0.493,0.056922,0.061703448,27.379482,86.71081949,86.77252294
2388,1248,1A,Honolulu,2021,0.2,0.7,0.493,0.047435,0.05141954,28.337669,89.74539772,89.79681726
2389,1249,1A,Honolulu,2021,0.2,0.75,0.493,0.047435,0.05141954,29.295856,92.77997595,92.83139549
2390,1250,1A,Honolulu,2021,0.2,0.85,0.493,0.047435,0.05141954,31.202743,98.81908708,98.87050662
2391,1251,1A,Honolulu,2021,0.2,0.8,0.493,0.047435,0.05141954,30.254043,95.81455418,95.86597372
2392,1252,1A,Honolulu,2021,0.2,0.95,0.493,0.047435,0.05141954,33.062195,104.7079716,104.7593911
2393,1253,1A,Honolulu,2021,0.2,0.9,0.493,0.047435,0.05141954,32.132469,101.7635293,101.8149489
2394,1254,1A,Honolulu,2021,0.3,0.01,0.493,0.123331,0.133690804,14.534084,46.02944403,46.16313483
2395,1255,1A,Honolulu,2021,0.3,0.15,0.493,0.104357,0.113122988,17.721716,56.12467457,56.23779756
2396,1256,1A,Honolulu,2021,0.3,0.1,0.493,0.113844,0.123406896,16.60225,52.57932575,52.70273265
2397,1257,1A,Honolulu,2021,0.3,0.25,0.493,0.09487,0.10283908,19.685525,62.34405768,62.44689675
2398,1258,1A,Honolulu,2021,0.3,0.2,0.493,0.104357,0.113122988,18.708364,59.24938879,59.36251178
2399,1259,1A,Honolulu,2021,0.3,0.3,0.493,0.09487,0.10283908,20.634225,65.34859058,65.45142966
2400,1260,1A,Honolulu,2021,0.3,0.35,0.493,0.09487,0.10283908,21.592412,68.3831688,68.48600788
2401,1261,1A,Honolulu,2021,0.3,0.45,0.493,0.085383,0.092555172,23.489812,74.3922346,74.48478978
2402,1262,1A,Honolulu,2021,0.3,0.4,0.493,0.09487,0.10283908,22.541112,71.3877017,71.49054078
2403,1263,1A,Honolulu,2021,0.3,0.55,0.493,0.085383,0.092555172,25.339777,80.25107376,80.34362893
2404,1264,1A,Honolulu,2021,0.3,0.5,0.493,0.085383,0.092555172,24.429025,77.36672218,77.45927735
2405,1265,1A,Honolulu,2021,0.3,0.6,0.493,0.085383,0.092555172,26.27899,83.22556133,83.3181165
2406,1266,1A,Honolulu,2021,0.3,0.65,0.493,0.085383,0.092555172,27.237177,86.26013956,86.35269473
2407,1267,1A,Honolulu,2021,0.3,0.7,0.493,0.085383,0.092555172,28.195364,89.29471779,89.38727296
2408,1268,1A,Honolulu,2021,0.3,0.75,0.493,0.075896,0.082271264,29.12509,92.23916003,92.32143129
2409,1269,1A,Honolulu,2021,0.3,0.85,0.493,0.075896,0.082271264,31.013003,98.2181805,98.30045177
2410,1270,1A,Honolulu,2021,0.3,0.8,0.493,0.075896,0.082271264,30.07379,95.24369293,95.32596419
2411,1271,1A,Honolulu,2021,0.3,0.95,0.493,0.075896,0.082271264,32.853481,104.0469743,104.1292456
2412,1272,1A,Honolulu,2021,0.3,0.9,0.493,0.075896,0.082271264,31.933242,101.1325774,101.2148487
2413,1273,1A,Honolulu,2021,0.35,0.01,0.493,0.151792,0.164542528,14.505623,45.93930804,46.10385057
2414,1274,1A,Honolulu,2021,0.35,0.15,0.493,0.123331,0.133690804,17.693255,56.03453859,56.16822939
2415,1275,1A,Honolulu,2021,0.35,0.1,0.493,0.132818,0.143974712,16.564302,52.45914443,52.60311915
2416,1276,1A,Honolulu,2021,0.35,0.25,0.493,0.113844,0.123406896,19.647577,62.22387636,62.34728326
2417,1277,1A,Honolulu,2021,0.35,0.2,0.493,0.123331,0.133690804,18.670416,59.12920747,59.26289828
2418,1278,1A,Honolulu,2021,0.35,0.3,0.493,0.113844,0.123406896,20.596277,65.22840926,65.35181616
2419,1279,1A,Honolulu,2021,0.35,0.35,0.493,0.113844,0.123406896,21.544977,68.23294216,68.35634906
2420,1280,1A,Honolulu,2021,0.35,0.45,0.493,0.104357,0.113122988,23.43289,74.21196263,74.32508562
2421,1281,1A,Honolulu,2021,0.35,0.4,0.493,0.104357,0.113122988,22.493677,71.23747506,71.35059805
2422,1282,1A,Honolulu,2021,0.35,0.55,0.493,0.104357,0.113122988,25.282855,80.07080179,80.18392477
2423,1283,1A,Honolulu,2021,0.35,0.5,0.493,0.104357,0.113122988,24.372103,77.1864502,77.29957319
2424,1284,1A,Honolulu,2021,0.35,0.6,0.493,0.09487,0.10283908,26.212581,83.01524403,83.11808311
2425,1285,1A,Honolulu,2021,0.35,0.65,0.493,0.09487,0.10283908,27.170768,86.04982226,86.15266134
2426,1286,1A,Honolulu,2021,0.35,0.7,0.493,0.09487,0.10283908,28.128955,89.08440049,89.18723956
2427,1287,1A,Honolulu,2021,0.35,0.75,0.493,0.09487,0.10283908,29.058681,92.02884273,92.13168181
2428,1288,1A,Honolulu,2021,0.35,0.85,0.493,0.09487,0.10283908,30.937107,97.97781787,98.08065695
2429,1289,1A,Honolulu,2021,0.35,0.8,0.493,0.09487,0.10283908,29.997894,95.0033303,95.10616938
2430,1290,1A,Honolulu,2021,0.35,0.95,0.493,0.085383,0.092555172,32.749124,103.7164757,103.8090309
2431,1291,1A,Honolulu,2021,0.35,0.9,0.493,0.09487,0.10283908,31.847859,100.8621695,100.9650085
2432,1292,1A,Honolulu,2021,0.45,0.01,0.493,0.199227,0.215962068,14.439214,45.72899074,45.94495281
2433,1293,1A,Honolulu,2021,0.45,0.15,0.493,0.161279,0.174826436,17.655307,55.91435727,56.08918371
2434,1294,1A,Honolulu,2021,0.45,0.1,0.493,0.170766,0.185110344,16.516867,52.30891779,52.49402813
2435,1295,1A,Honolulu,2021,0.45,0.25,0.493,0.151792,0.164542528,19.600142,62.07364971,62.23819224
2436,1296,1A,Honolulu,2021,0.45,0.2,0.493,0.161279,0.174826436,18.632468,59.00902616,59.18385259
2437,1297,1A,Honolulu,2021,0.45,0.3,0.493,0.151792,0.164542528,20.539355,65.04813729,65.21267981
2438,1298,1A,Honolulu,2021,0.45,0.35,0.493,0.151792,0.164542528,21.478568,68.02262486,68.18716738
2439,1299,1A,Honolulu,2021,0.45,0.45,0.493,0.142305,0.15425862,23.328533,73.88146401,74.03572263
2440,1300,1A,Honolulu,2021,0.45,0.4,0.493,0.142305,0.15425862,22.408294,70.9670671,71.12132572
2441,1301,1A,Honolulu,2021,0.45,0.55,0.493,0.132818,0.143974712,25.187985,79.7703485,79.91432321
2442,1302,1A,Honolulu,2021,0.45,0.5,0.493,0.142305,0.15425862,24.267746,76.85595158,77.0102102
2443,1303,1A,Honolulu,2021,0.45,0.6,0.493,0.132818,0.143974712,26.108224,82.68474541,82.82872012
2444,1304,1A,Honolulu,2021,0.45,0.65,0.493,0.132818,0.143974712,27.056924,85.68927831,85.83325302
2445,1305,1A,Honolulu,2021,0.45,0.7,0.493,0.132818,0.143974712,28.005624,88.69381121,88.83778592
2446,1306,1A,Honolulu,2021,0.45,0.75,0.493,0.123331,0.133690804,28.93535,91.63825345,91.77194425
2447,1307,1A,Honolulu,2021,0.45,0.85,0.493,0.123331,0.133690804,30.785315,97.49709261,97.63078341
2448,1308,1A,Honolulu,2021,0.45,0.8,0.493,0.123331,0.133690804,29.855589,94.55265036,94.68634117
2449,1309,1A,Honolulu,2021,0.45,0.95,0.493,0.123331,0.133690804,32.559384,103.1155691,103.2492599
2450,1310,1A,Honolulu,2021,0.45,0.9,0.493,0.123331,0.133690804,31.696067,100.3814442,100.515135
2451,1311,1A,Honolulu,2021,0.4,0.01,0.493,0.170766,0.185110344,14.458188,45.7890814,45.97419174
2452,1312,1A,Honolulu,2021,0.4,0.15,0.493,0.142305,0.15425862,17.674281,55.97444793,56.12870655
2453,1313,1A,Honolulu,2021,0.4,0.1,0.493,0.151792,0.164542528,16.535841,52.36900845,52.53355097
2454,1314,1A,Honolulu,2021,0.4,0.25,0.493,0.132818,0.143974712,19.619116,62.13374037,62.27771508
2455,1315,1A,Honolulu,2021,0.4,0.2,0.493,0.142305,0.15425862,18.651442,59.06911681,59.22337543
2456,1316,1A,Honolulu,2021,0.4,0.3,0.493,0.132818,0.143974712,20.558329,65.10822794,65.25220266
2457,1317,1A,Honolulu,2021,0.4,0.35,0.493,0.132818,0.143974712,21.507029,68.11276084,68.25673556
2458,1318,1A,Honolulu,2021,0.4,0.45,0.493,0.123331,0.133690804,23.375968,74.03169066,74.16538146
2459,1319,1A,Honolulu,2021,0.4,0.4,0.493,0.123331,0.133690804,22.446242,71.08724841,71.22093922
2460,1320,1A,Honolulu,2021,0.4,0.55,0.493,0.113844,0.123406896,25.225933,79.89052981,80.01393671
2461,1321,1A,Honolulu,2021,0.4,0.5,0.493,0.123331,0.133690804,24.315181,77.00617823,77.13986903
2462,1322,1A,Honolulu,2021,0.4,0.6,0.493,0.113844,0.123406896,26.155659,82.83497205,82.95837895
2463,1323,1A,Honolulu,2021,0.4,0.65,0.493,0.113844,0.123406896,27.113846,85.86955028,85.99295718
2464,1324,1A,Honolulu,2021,0.4,0.7,0.493,0.113844,0.123406896,28.062546,88.87408318,88.99749008
2465,1325,1A,Honolulu,2021,0.4,0.75,0.493,0.113844,0.123406896,29.001759,91.84857075,91.97197765
2466,1326,1A,Honolulu,2021,0.4,0.85,0.493,0.104357,0.113122988,30.861211,97.73745524,97.85057823
2467,1327,1A,Honolulu,2021,0.4,0.8,0.493,0.104357,0.113122988,29.931485,94.793013,94.90613598
2468,1328,1A,Honolulu,2021,0.4,0.95,0.493,0.104357,0.113122988,32.654254,103.4160224,103.5291454
2469,1329,1A,Honolulu,2021,0.4,0.9,0.493,0.104357,0.113122988,31.771963,100.6218068,100.7349298
2470,1330,1A,Honolulu,2021,0.55,0.01,0.493,0.246662,0.267381608,14.401266,45.60880942,45.87619103
2471,1331,1A,Honolulu,2021,0.55,0.15,0.493,0.208714,0.226245976,17.64582,55.88431194,56.11055792
2472,1332,1A,Honolulu,2021,0.55,0.1,0.493,0.218201,0.236529884,16.497893,52.24882713,52.48535702
2473,1333,1A,Honolulu,2021,0.55,0.25,0.493,0.18974,0.20567816,19.562194,61.9534684,62.15914656
2474,1334,1A,Honolulu,2021,0.55,0.2,0.493,0.199227,0.215962068,18.613494,58.9489355,59.16489757
2475,1335,1A,Honolulu,2021,0.55,0.3,0.493,0.18974,0.20567816,20.49192,64.89791064,65.1035888
2476,1336,1A,Honolulu,2021,0.55,0.35,0.493,0.180253,0.195394252,21.431133,67.87239821,68.06779246
2477,1337,1A,Honolulu,2021,0.55,0.45,0.493,0.180253,0.195394252,23.271611,73.70119204,73.89658629
2478,1338,1A,Honolulu,2021,0.55,0.4,0.493,0.180253,0.195394252,22.351372,70.78679512,70.98218938
2479,1339,1A,Honolulu,2021,0.55,0.55,0.493,0.170766,0.185110344,25.112089,79.52998586,79.71509621
2480,1340,1A,Honolulu,2021,0.55,0.5,0.493,0.170766,0.185110344,24.19185,76.61558895,76.80069929
2481,1341,1A,Honolulu,2021,0.55,0.6,0.493,0.170766,0.185110344,26.022841,82.41433745,82.59944779
2482,1342,1A,Honolulu,2021,0.55,0.65,0.493,0.161279,0.174826436,26.971541,85.41887035,85.59369678
2483,1343,1A,Honolulu,2021,0.55,0.7,0.493,0.161279,0.174826436,27.901267,88.36331259,88.53813903
2484,1344,1A,Honolulu,2021,0.55,0.75,0.493,0.161279,0.174826436,28.830993,91.30775483,91.48258127
2485,1345,1A,Honolulu,2021,0.55,0.85,0.493,0.151792,0.164542528,30.661984,97.10650333,97.27104586
2486,1346,1A,Honolulu,2021,0.55,0.8,0.493,0.161279,0.174826436,29.760719,94.25219707,94.42702351
2487,1347,1A,Honolulu,2021,0.55,0.95,0.493,0.151792,0.164542528,32.388618,102.5747532,102.7392957
2488,1348,1A,Honolulu,2021,0.55,0.9,0.493,0.151792,0.164542528,31.572736,99.99085491,100.1553974
2489,1349,1A,Honolulu,2021,0.5,0.01,0.493,0.227688,0.246813792,14.410753,45.63885475,45.88566854
2490,1350,1A,Honolulu,2021,0.5,0.15,0.493,0.180253,0.195394252,17.64582,55.88431194,56.07970619
2491,1351,1A,Honolulu,2021,0.5,0.1,0.493,0.18974,0.20567816,16.50738,52.27887246,52.48455062
2492,1352,1A,Honolulu,2021,0.5,0.25,0.493,0.170766,0.185110344,19.581168,62.01355906,62.1986694
2493,1353,1A,Honolulu,2021,0.5,0.2,0.493,0.180253,0.195394252,18.613494,58.9489355,59.14432975
2494,1354,1A,Honolulu,2021,0.5,0.3,0.493,0.170766,0.185110344,20.510894,64.9580013,65.14311164
2495,1355,1A,Honolulu,2021,0.5,0.35,0.493,0.170766,0.185110344,21.450107,67.93248887,68.11759921
2496,1356,1A,Honolulu,2021,0.5,0.45,0.493,0.161279,0.174826436,23.300072,73.79132802,73.96615446
2497,1357,1A,Honolulu,2021,0.5,0.4,0.493,0.161279,0.174826436,22.379833,70.87693111,71.05175755
2498,1358,1A,Honolulu,2021,0.5,0.55,0.493,0.151792,0.164542528,25.14055,79.62012185,79.78466438
2499,1359,1A,Honolulu,2021,0.5,0.5,0.493,0.161279,0.174826436,24.229798,76.73577027,76.9105967
2500,1360,1A,Honolulu,2021,0.5,0.6,0.493,0.151792,0.164542528,26.060789,82.53451876,82.69906129
2501,1361,1A,Honolulu,2021,0.5,0.65,0.493,0.151792,0.164542528,27.009489,85.53905166,85.70359419
2502,1362,1A,Honolulu,2021,0.5,0.7,0.493,0.142305,0.15425862,27.948702,88.51353923,88.66779785
2503,1363,1A,Honolulu,2021,0.5,0.75,0.493,0.142305,0.15425862,28.878428,91.45798148,91.6122401
2504,1364,1A,Honolulu,2021,0.5,0.85,0.493,0.142305,0.15425862,30.718906,97.2867753,97.44103392
2505,1365,1A,Honolulu,2021,0.5,0.8,0.493,0.142305,0.15425862,29.798667,94.37237839,94.52663701
2506,1366,1A,Honolulu,2021,0.5,0.95,0.493,0.132818,0.143974712,32.474001,102.8451612,102.9891359
2507,1367,1A,Honolulu,2021,0.5,0.9,0.493,0.132818,0.143974712,31.639145,100.2011722,100.3451469
2508,1368,1A,Honolulu,2021,0.6,0.01,0.493,0.275123,0.298233332,14.382292,45.54871876,45.8469521
2509,1369,1A,Honolulu,2021,0.6,0.15,0.493,0.227688,0.246813792,17.64582,55.88431194,56.13112573
2510,1370,1A,Honolulu,2021,0.6,0.1,0.493,0.237175,0.2570977,16.497893,52.24882713,52.50592483
2511,1371,1A,Honolulu,2021,0.6,0.25,0.493,0.208714,0.226245976,19.552707,61.92342307,62.14966904
2512,1372,1A,Honolulu,2021,0.6,0.2,0.493,0.218201,0.236529884,18.604007,58.91889017,59.15542005
2513,1373,1A,Honolulu,2021,0.6,0.3,0.493,0.208714,0.226245976,20.482433,64.86786531,65.09411129
2514,1374,1A,Honolulu,2021,0.6,0.35,0.493,0.199227,0.215962068,21.412159,67.81230755,68.02826962
2515,1375,1A,Honolulu,2021,0.6,0.45,0.493,0.199227,0.215962068,23.24315,73.61105605,73.82701812
2516,1376,1A,Honolulu,2021,0.6,0.4,0.493,0.199227,0.215962068,22.332398,70.72670447,70.94266653
2517,1377,1A,Honolulu,2021,0.6,0.55,0.493,0.18974,0.20567816,25.083628,79.43984988,79.64552804
2518,1378,1A,Honolulu,2021,0.6,0.5,0.493,0.18974,0.20567816,24.163389,76.52545296,76.73113112
2519,1379,1A,Honolulu,2021,0.6,0.6,0.493,0.18974,0.20567816,25.99438,82.32420146,82.52987962
2520,1380,1A,Honolulu,2021,0.6,0.65,0.493,0.180253,0.195394252,26.933593,85.29868903,85.49408328
2521,1381,1A,Honolulu,2021,0.6,0.7,0.493,0.180253,0.195394252,27.863319,88.24313127,88.43852553
2522,1382,1A,Honolulu,2021,0.6,0.75,0.493,0.180253,0.195394252,28.783558,91.15752819,91.35292244
2523,1383,1A,Honolulu,2021,0.6,0.85,0.493,0.170766,0.185110344,30.605062,96.92623135,97.1113417
2524,1384,1A,Honolulu,2021,0.6,0.8,0.493,0.170766,0.185110344,29.703797,94.0719251,94.25703544
2525,1385,1A,Honolulu,2021,0.6,0.95,0.493,0.170766,0.185110344,32.303235,102.3043452,102.4894556
2526,1386,1A,Honolulu,2021,0.6,0.9,0.493,0.170766,0.185110344,31.515814,99.81058294,99.99569328
2527,1387,1A,Honolulu,2021,0.65,0.01,0.493,0.294097,0.318801148,14.372805,45.51867344,45.83747458
2528,1388,1A,Honolulu,2021,0.65,0.15,0.493,0.246662,0.267381608,17.683768,56.00449326,56.27187486
2529,1389,1A,Honolulu,2021,0.65,0.1,0.493,0.256149,0.277665516,16.535841,52.36900845,52.64667396
2530,1390,1A,Honolulu,2021,0.65,0.25,0.493,0.227688,0.246813792,19.676038,62.31401235,62.56082614
2531,1391,1A,Honolulu,2021,0.65,0.2,0.493,0.237175,0.2570977,18.68939,59.18929813,59.44639583
2532,1392,1A,Honolulu,2021,0.65,0.3,0.493,0.227688,0.246813792,20.643712,65.3786359,65.6254497
2533,1393,1A,Honolulu,2021,0.65,0.35,0.493,0.218201,0.236529884,21.592412,68.3831688,68.61969869
2534,1394,1A,Honolulu,2021,0.65,0.45,0.493,0.208714,0.226245976,23.43289,74.21196263,74.43820861
2535,1395,1A,Honolulu,2021,0.65,0.4,0.493,0.218201,0.236529884,22.522138,71.32761105,71.56414093
2536,1396,1A,Honolulu,2021,0.65,0.55,0.493,0.208714,0.226245976,25.244907,79.95062047,80.17686644
2537,1397,1A,Honolulu,2021,0.65,0.5,0.493,0.208714,0.226245976,24.334155,77.06626889,77.29251486
2538,1398,1A,Honolulu,2021,0.65,0.6,0.493,0.199227,0.215962068,26.155659,82.83497205,83.05093412
2539,1399,1A,Honolulu,2021,0.65,0.65,0.493,0.199227,0.215962068,27.123333,85.89959561,86.11555768
2540,1400,1A,Honolulu,2021,0.65,0.7,0.493,0.199227,0.215962068,28.034085,88.7839472,88.99990926
2541,1401,1A,Honolulu,2021,0.65,0.75,0.493,0.18974,0.20567816,28.925863,91.60820812,91.81388628
2542,1402,1A,Honolulu,2021,0.65,0.85,0.493,0.18974,0.20567816,30.728393,97.31682063,97.52249879
2543,1403,1A,Honolulu,2021,0.65,0.8,0.493,0.18974,0.20567816,29.836615,94.49255971,94.69823787
2544,1404,1A,Honolulu,2021,0.65,0.95,0.493,0.180253,0.195394252,32.436053,102.7249799,102.9203741
2545,1405,1A,Honolulu,2021,0.65,0.9,0.493,0.18974,0.20567816,31.629658,100.1711269,100.376805
2546,1406,1A,Honolulu,2021,0.7,0.01,0.493,0.322558,0.349652872,14.363318,45.48862811,45.83828098
2547,1407,1A,Honolulu,2021,0.7,0.15,0.493,0.265636,0.287949424,17.731203,56.1547199,56.44266933
2548,1408,1A,Honolulu,2021,0.7,0.1,0.493,0.275123,0.298233332,16.573789,52.48918976,52.7874231
2549,1409,1A,Honolulu,2021,0.7,0.25,0.493,0.256149,0.277665516,19.808856,62.73464695,63.01231247
2550,1410,1A,Honolulu,2021,0.7,0.2,0.493,0.256149,0.277665516,18.78426,59.48975142,59.76741694
2551,1411,1A,Honolulu,2021,0.7,0.3,0.493,0.246662,0.267381608,20.804991,65.8894065,66.1567881
2552,1412,1A,Honolulu,2021,0.7,0.35,0.493,0.237175,0.2570977,21.772665,68.95403006,69.21112775
2553,1413,1A,Honolulu,2021,0.7,0.45,0.493,0.227688,0.246813792,23.651091,74.9030052,75.14981899
2554,1414,1A,Honolulu,2021,0.7,0.4,0.493,0.237175,0.2570977,22.730852,71.98860828,72.24570598
2555,1415,1A,Honolulu,2021,0.7,0.55,0.493,0.227688,0.246813792,25.415673,80.49143639,80.73825018
2556,1416,1A,Honolulu,2021,0.7,0.5,0.493,0.227688,0.246813792,24.542869,77.72726612,77.97407991
2557,1417,1A,Honolulu,2021,0.7,0.6,0.493,0.218201,0.236529884,26.326425,83.37578798,83.61231786
2558,1418,1A,Honolulu,2021,0.7,0.65,0.493,0.218201,0.236529884,27.32256,86.53054752,86.7670774
2559,1419,1A,Honolulu,2021,0.7,0.7,0.493,0.218201,0.236529884,28.204851,89.32476312,89.561293
2560,1420,1A,Honolulu,2021,0.7,0.75,0.493,0.208714,0.226245976,29.096629,92.14902404,92.37527002
2561,1421,1A,Honolulu,2021,0.7,0.85,0.493,0.208714,0.226245976,30.870698,97.76750057,97.99374654
2562,1422,1A,Honolulu,2021,0.7,0.8,0.493,0.208714,0.226245976,29.97892,94.94323964,95.16948562
2563,1423,1A,Honolulu,2021,0.7,0.95,0.493,0.199227,0.215962068,32.578358,103.1756598,103.3916219
2564,1424,1A,Honolulu,2021,0.7,0.9,0.493,0.199227,0.215962068,31.743502,100.5316708,100.7476329
2565,1425,1A,Honolulu,2021,0.75,0.01,0.493,0.351019,0.380504596,14.363318,45.48862811,45.8691327
2566,1426,1A,Honolulu,2021,0.75,0.15,0.493,0.28461,0.30851724,17.788125,56.33499188,56.64350912
2567,1427,1A,Honolulu,2021,0.75,0.1,0.493,0.303584,0.329085056,16.621224,52.63941641,52.96850146
2568,1428,1A,Honolulu,2021,0.75,0.25,0.493,0.265636,0.287949424,19.970135,63.24541755,63.53336697
2569,1429,1A,Honolulu,2021,0.75,0.2,0.493,0.275123,0.298233332,18.898104,59.85029537,60.1485287
2570,1430,1A,Honolulu,2021,0.75,0.3,0.493,0.265636,0.287949424,20.994731,66.49031308,66.7782625
2571,1431,1A,Honolulu,2021,0.75,0.35,0.493,0.256149,0.277665516,21.990866,69.64507262,69.92273814
2572,1432,1A,Honolulu,2021,0.75,0.45,0.493,0.246662,0.267381608,23.878779,75.62409309,75.8914747
2573,1433,1A,Honolulu,2021,0.75,0.4,0.493,0.256149,0.277665516,22.949053,72.67965085,72.95731637
2574,1434,1A,Honolulu,2021,0.75,0.55,0.493,0.237175,0.2570977,25.652848,81.24256962,81.49966732
2575,1435,1A,Honolulu,2021,0.75,0.5,0.493,0.246662,0.267381608,24.780044,78.47839935,78.74578096
2576,1436,1A,Honolulu,2021,0.75,0.6,0.493,0.237175,0.2570977,26.544626,84.06683054,84.32392824
2577,1437,1A,Honolulu,2021,0.75,0.65,0.493,0.237175,0.2570977,27.550248,87.25163542,87.50873312
2578,1438,1A,Honolulu,2021,0.75,0.7,0.493,0.227688,0.246813792,28.385104,89.89562437,90.14243816
2579,1439,1A,Honolulu,2021,0.75,0.75,0.493,0.227688,0.246813792,29.257908,92.65979464,92.90660843
2580,1440,1A,Honolulu,2021,0.75,0.85,0.493,0.218201,0.236529884,31.003516,98.18813517,98.42466506
2581,1441,1A,Honolulu,2021,0.75,0.8,0.493,0.227688,0.246813792,30.130712,95.4239649,95.6707787
2582,1442,1A,Honolulu,2021,0.75,0.95,0.493,0.218201,0.236529884,32.720663,103.6263397,103.8628696
2583,1443,1A,Honolulu,2021,0.75,0.9,0.493,0.218201,0.236529884,31.866833,100.9222601,101.15879
2584,1444,1A,Honolulu,2021,0.85,0.01,0.493,0.398454,0.431924136,14.334857,45.39849212,45.83041626
2585,1445,1A,Honolulu,2021,0.85,0.15,0.493,0.332045,0.35993678,17.778638,56.30494655,56.66488333
2586,1446,1A,Honolulu,2021,0.85,0.1,0.493,0.341532,0.370220688,16.60225,52.57932575,52.94954644
2587,1447,1A,Honolulu,2021,0.85,0.25,0.493,0.313071,0.339368964,20.008083,63.36559886,63.70496783
2588,1448,1A,Honolulu,2021,0.85,0.2,0.493,0.322558,0.349652872,18.907591,59.8803407,60.22999357
2589,1449,1A,Honolulu,2021,0.85,0.3,0.493,0.303584,0.329085056,21.051653,66.67058505,66.99967011
2590,1450,1A,Honolulu,2021,0.85,0.35,0.493,0.294097,0.318801148,22.057275,69.85538993,70.17419107
2591,1451,1A,Honolulu,2021,0.85,0.45,0.493,0.28461,0.30851724,23.954675,75.86445573,76.17297296
2592,1452,1A,Honolulu,2021,0.85,0.4,0.493,0.294097,0.318801148,23.015462,72.88996815,73.2087693
2593,1453,1A,Honolulu,2021,0.85,0.55,0.493,0.275123,0.298233332,25.738231,81.51297758,81.81121091
2594,1454,1A,Honolulu,2021,0.85,0.5,0.493,0.28461,0.30851724,24.85594,78.71876198,79.02727922
2595,1455,1A,Honolulu,2021,0.85,0.6,0.493,0.275123,0.298233332,26.611035,84.27714785,84.57538118
2596,1456,1A,Honolulu,2021,0.85,0.65,0.493,0.265636,0.287949424,27.645118,87.55208871,87.84003813
2597,1457,1A,Honolulu,2021,0.85,0.7,0.493,0.265636,0.287949424,28.479974,90.19607766,90.48402708
2598,1458,1A,Honolulu,2021,0.85,0.75,0.493,0.265636,0.287949424,29.31483,92.84006661,93.12801603
2599,1459,1A,Honolulu,2021,0.85,0.85,0.493,0.256149,0.277665516,31.041464,98.30831649,98.585982
2600,1460,1A,Honolulu,2021,0.85,0.8,0.493,0.256149,0.277665516,30.187634,95.60423688,95.88190239
2601,1461,1A,Honolulu,2021,0.85,0.95,0.493,0.246662,0.267381608,32.749124,103.7164757,103.9838573
2602,1462,1A,Honolulu,2021,0.85,0.9,0.493,0.256149,0.277665516,31.885807,100.9823508,101.2600163
2603,1463,1A,Honolulu,2021,0.8,0.01,0.493,0.369993,0.401072412,14.344344,45.42853745,45.82960986
2604,1464,1A,Honolulu,2021,0.8,0.15,0.493,0.313071,0.339368964,17.750177,56.21481056,56.55417952
2605,1465,1A,Honolulu,2021,0.8,0.1,0.493,0.322558,0.349652872,16.592763,52.54928042,52.89893329
2606,1466,1A,Honolulu,2021,0.8,0.25,0.493,0.294097,0.318801148,19.970135,63.24541755,63.56421869
2607,1467,1A,Honolulu,2021,0.8,0.2,0.493,0.294097,0.318801148,18.87913,59.79020471,60.10900586
2608,1468,1A,Honolulu,2021,0.8,0.3,0.493,0.28461,0.30851724,21.023192,66.58044906,66.8889663
2609,1469,1A,Honolulu,2021,0.8,0.35,0.493,0.275123,0.298233332,22.028814,69.76525394,70.06348727
2610,1470,1A,Honolulu,2021,0.8,0.45,0.493,0.265636,0.287949424,23.935701,75.80436507,76.09231449
2611,1471,1A,Honolulu,2021,0.8,0.4,0.493,0.275123,0.298233332,22.996488,72.8298775,73.12811083
2612,1472,1A,Honolulu,2021,0.8,0.55,0.493,0.256149,0.277665516,25.719257,81.45288692,81.73055243
2613,1473,1A,Honolulu,2021,0.8,0.5,0.493,0.265636,0.287949424,24.836966,78.65867132,78.94662075
2614,1474,1A,Honolulu,2021,0.8,0.6,0.493,0.256149,0.277665516,26.601548,84.24710252,84.52476803
2615,1475,1A,Honolulu,2021,0.8,0.65,0.493,0.256149,0.277665516,27.645118,87.55208871,87.82975422
2616,1476,1A,Honolulu,2021,0.8,0.7,0.493,0.246662,0.267381608,28.489461,90.22612299,90.4935046
2617,1477,1A,Honolulu,2021,0.8,0.75,0.493,0.246662,0.267381608,29.333804,92.90015727,93.16753888
2618,1478,1A,Honolulu,2021,0.8,0.85,0.493,0.237175,0.2570977,31.079412,98.4284978,98.6855955
2619,1479,1A,Honolulu,2021,0.8,0.8,0.493,0.246662,0.267381608,30.216095,95.69437287,95.96175447
2620,1480,1A,Honolulu,2021,0.8,0.95,0.493,0.237175,0.2570977,32.806046,103.8967477,104.1538454
2621,1481,1A,Honolulu,2021,0.8,0.9,0.493,0.237175,0.2570977,31.933242,101.1325774,101.3896751
2622,1482,1A,Honolulu,2021,0.95,0.01,0.493,0.445889,0.483343676,14.32537,45.36844679,45.85179047
2623,1483,1A,Honolulu,2021,0.95,0.15,0.493,0.369993,0.401072412,17.826073,56.45517319,56.8562456
2624,1484,1A,Honolulu,2021,0.95,0.1,0.493,0.388967,0.421640228,16.630711,52.66946174,53.09110197
2625,1485,1A,Honolulu,2021,0.95,0.25,0.493,0.351019,0.380504596,20.074492,63.57591616,63.95642076
2626,1486,1A,Honolulu,2021,0.95,0.2,0.493,0.360506,0.390788504,18.983487,60.12070333,60.51149183
2627,1487,1A,Honolulu,2021,0.95,0.3,0.493,0.341532,0.370220688,21.137036,66.94099301,67.3112137
2628,1488,1A,Honolulu,2021,0.95,0.35,0.493,0.332045,0.35993678,22.142658,70.12579789,70.48573467
2629,1489,1A,Honolulu,2021,0.95,0.45,0.493,0.322558,0.349652872,24.011597,76.0447277,76.39438057
2630,1490,1A,Honolulu,2021,0.95,0.4,0.493,0.332045,0.35993678,23.091358,73.13033079,73.49026757
2631,1491,1A,Honolulu,2021,0.95,0.55,0.493,0.313071,0.339368964,25.795153,81.69324955,82.03261852
2632,1492,1A,Honolulu,2021,0.95,0.5,0.493,0.322558,0.349652872,24.912862,78.89903395,79.24868683
2633,1493,1A,Honolulu,2021,0.95,0.6,0.493,0.313071,0.339368964,26.639496,84.36728383,84.7066528
2634,1494,1A,Honolulu,2021,0.95,0.65,0.493,0.303584,0.329085056,27.654605,87.58213404,87.91121909
2635,1495,1A,Honolulu,2021,0.95,0.7,0.493,0.303584,0.329085056,28.461,90.135987,90.46507206
2636,1496,1A,Honolulu,2021,0.95,0.75,0.493,0.303584,0.329085056,29.286369,92.74993062,93.07901568
2637,1497,1A,Honolulu,2021,0.95,0.85,0.493,0.294097,0.318801148,30.975055,98.09799919,98.41680033
2638,1498,1A,Honolulu,2021,0.95,0.8,0.493,0.294097,0.318801148,30.140199,95.45401023,95.77281138
2639,1499,1A,Honolulu,2021,0.95,0.95,0.493,0.28461,0.30851724,32.654254,103.4160224,103.7245397
2640,1500,1A,Honolulu,2021,0.95,0.9,0.493,0.294097,0.318801148,31.819398,100.7720335,101.0908346
2641,1501,1A,Honolulu,2021,0.9,0.01,0.493,0.426915,0.46277586,14.32537,45.36844679,45.83122265
2642,1502,1A,Honolulu,2021,0.9,0.15,0.493,0.351019,0.380504596,17.797612,56.3650372,56.7455418
2643,1503,1A,Honolulu,2021,0.9,0.1,0.493,0.360506,0.390788504,16.611737,52.60937108,53.00015958
2644,1504,1A,Honolulu,2021,0.9,0.25,0.493,0.332045,0.35993678,20.036544,63.45573485,63.81567163
2645,1505,1A,Honolulu,2021,0.9,0.2,0.493,0.341532,0.370220688,18.945539,60.00052201,60.3707427
2646,1506,1A,Honolulu,2021,0.9,0.3,0.493,0.322558,0.349652872,21.089601,66.79076637,67.14041924
2647,1507,1A,Honolulu,2021,0.9,0.35,0.493,0.313071,0.339368964,22.095223,69.97557124,70.3149402
2648,1508,1A,Honolulu,2021,0.9,0.45,0.493,0.303584,0.329085056,23.973649,75.92454638,76.25363144
2649,1509,1A,Honolulu,2021,0.9,0.4,0.493,0.313071,0.339368964,23.05341,73.01014947,73.34951843
2650,1510,1A,Honolulu,2021,0.9,0.55,0.493,0.294097,0.318801148,25.757205,81.57306824,81.89186938
2651,1511,1A,Honolulu,2021,0.9,0.5,0.493,0.303584,0.329085056,24.884401,78.80889797,79.13798302
2652,1512,1A,Honolulu,2021,0.9,0.6,0.493,0.294097,0.318801148,26.620522,84.30719317,84.62599432
2653,1513,1A,Honolulu,2021,0.9,0.65,0.493,0.28461,0.30851724,27.645118,87.55208871,87.86060595
2654,1514,1A,Honolulu,2021,0.9,0.7,0.493,0.28461,0.30851724,28.470487,90.16603233,90.47454957
2655,1515,1A,Honolulu,2021,0.9,0.75,0.493,0.28461,0.30851724,29.295856,92.77997595,93.08849319
2656,1516,1A,Honolulu,2021,0.9,0.85,0.493,0.275123,0.298233332,31.003516,98.18813517,98.4863685
2657,1517,1A,Honolulu,2021,0.9,0.8,0.493,0.275123,0.298233332,30.159173,95.51410089,95.81233422
2658,1518,1A,Honolulu,2021,0.9,0.95,0.493,0.265636,0.287949424,32.701689,103.5662491,103.8541985
2659,1519,1A,Honolulu,2021,0.9,0.9,0.493,0.275123,0.298233332,31.857346,100.8922148,101.1904481
4180,3040,2A,Tampa,2021,0.01,0.01,0.493,9.638792,10.44845053,12.228743,38.72842908,49.17687961
4181,3041,2A,Tampa,2021,0.01,0.15,0.493,7.912158,8.576779272,14.885103,47.1411212,55.71790047
4182,3042,2A,Tampa,2021,0.01,0.1,0.493,8.433943,9.142394212,13.936403,44.1365883,53.27898251
4183,3043,2A,Tampa,2021,0.01,0.25,0.493,7.257555,7.86718962,16.630711,52.66946174,60.53665136
4184,3044,2A,Tampa,2021,0.01,0.2,0.493,7.551652,8.185990768,15.757907,49.90529147,58.09128224
4185,3045,2A,Tampa,2021,0.01,0.3,0.493,7.02038,7.61009192,17.503515,55.43363201,63.04372393
4186,3046,2A,Tampa,2021,0.01,0.35,0.493,6.821153,7.394129852,18.376319,58.19780227,65.59193213
4187,3047,2A,Tampa,2021,0.01,0.45,0.493,6.489108,7.034193072,20.245258,64.11673209,71.15092516
4188,3048,2A,Tampa,2021,0.01,0.4,0.493,6.6409,7.1987356,19.296558,61.11219919,68.31093479
4189,3049,2A,Tampa,2021,0.01,0.55,0.493,6.251933,6.777095372,22.038301,69.79529927,76.57239464
4190,3050,2A,Tampa,2021,0.01,0.5,0.493,6.365777,6.900502268,21.137036,66.94099301,73.84149528
4191,3051,2A,Tampa,2021,0.01,0.6,0.493,6.147576,6.663972384,22.930079,72.61956019,79.28353258
4192,3052,2A,Tampa,2021,0.01,0.65,0.493,6.062193,6.571417212,23.802883,75.38373046,81.95514767
4193,3053,2A,Tampa,2021,0.01,0.7,0.493,5.986297,6.489145948,24.694661,78.20799139,84.69713734
4194,3054,2A,Tampa,2021,0.01,0.75,0.493,5.910401,6.406874684,25.567465,80.97216166,87.37903634
4195,3055,2A,Tampa,2021,0.01,0.85,0.493,5.777583,6.262899972,27.332047,86.56059285,92.82349282
4196,3056,2A,Tampa,2021,0.01,0.8,0.493,5.843992,6.334887328,26.430782,83.70628659,90.04117392
4197,3057,2A,Tampa,2021,0.01,0.95,0.493,5.663739,6.139493076,29.106116,92.17906937,98.31856245
4198,3058,2A,Tampa,2021,0.01,0.9,0.493,5.720661,6.201196524,28.223825,89.38485378,95.5860503
4199,3059,2A,Tampa,2021,0.05,0.01,0.493,10.283908,11.14775627,12.190795,38.60824777,49.75600404
4200,3060,2A,Tampa,2021,0.05,0.15,0.493,8.481378,9.193813752,14.837668,46.99089456,56.18470831
4201,3061,2A,Tampa,2021,0.05,0.1,0.493,9.031624,9.790280416,13.888968,43.98636166,53.77664207
4202,3062,2A,Tampa,2021,0.05,0.25,0.493,7.788827,8.443088468,16.564302,52.45914443,60.9022329
4203,3063,2A,Tampa,2021,0.05,0.2,0.493,8.101898,8.782457432,15.700985,49.7250195,58.50747693
4204,3064,2A,Tampa,2021,0.05,0.3,0.493,7.532678,8.165422952,17.437106,55.2233147,63.38873765
4205,3065,2A,Tampa,2021,0.05,0.35,0.493,7.323964,7.939176976,18.300423,57.95743964,65.89661662
4206,3066,2A,Tampa,2021,0.05,0.45,0.493,6.963458,7.548388472,20.159875,63.84632413,71.3947126
4207,3067,2A,Tampa,2021,0.05,0.4,0.493,7.134224,7.733498816,19.220662,60.87183655,68.60533537
4208,3068,2A,Tampa,2021,0.05,0.55,0.493,6.707309,7.270722956,21.952918,69.52489131,76.79561426
4209,3069,2A,Tampa,2021,0.05,0.5,0.493,6.83064,7.40441376,21.051653,66.67058505,74.07499881
4210,3070,2A,Tampa,2021,0.05,0.6,0.493,6.602952,7.157599968,22.835209,72.3191069,79.47670687
4211,3071,2A,Tampa,2021,0.05,0.65,0.493,6.508082,7.054760888,23.708013,75.08327717,82.13803806
4212,3072,2A,Tampa,2021,0.05,0.7,0.493,6.422699,6.962205716,24.590304,77.87749277,84.83969848
4213,3073,2A,Tampa,2021,0.05,0.75,0.493,6.337316,6.869650544,25.463108,80.64166304,87.51131358
4214,3074,2A,Tampa,2021,0.05,0.85,0.493,6.204498,6.725675832,27.208716,86.17000357,92.8956794
4215,3075,2A,Tampa,2021,0.05,0.8,0.493,6.270907,6.797663188,26.326425,83.37578798,90.17345116
4216,3076,2A,Tampa,2021,0.05,0.95,0.493,6.081167,6.591985028,28.982785,91.7884801,98.38046512
4217,3077,2A,Tampa,2021,0.05,0.9,0.493,6.138089,6.653688476,28.109981,89.02430983,95.6779983
4218,3078,2A,Tampa,2021,0.15,0.01,0.493,11.849263,12.84460109,12.124386,38.39793046,51.24253155
4219,3079,2A,Tampa,2021,0.15,0.15,0.493,9.86648,10.69526432,14.752285,46.7204866,57.41575092
4220,3080,2A,Tampa,2021,0.15,0.1,0.493,10.473648,11.35343443,13.803585,43.7159537,55.06938813
4221,3081,2A,Tampa,2021,0.15,0.25,0.493,9.088546,9.851983864,16.450458,52.09860049,61.95058435
4222,3082,2A,Tampa,2021,0.15,0.2,0.493,9.439565,10.23248846,15.596628,49.39452088,59.62700934
4223,3083,2A,Tampa,2021,0.15,0.3,0.493,8.794449,9.533182716,17.304288,54.8026801,64.33586281
4224,3084,2A,Tampa,2021,0.15,0.35,0.493,8.547787,9.265801108,18.148631,57.47671438,66.74251549
4225,3085,2A,Tampa,2021,0.15,0.45,0.493,8.130359,8.813309156,19.989109,63.3055082,72.11881736
4226,3086,2A,Tampa,2021,0.15,0.4,0.493,8.329586,9.029271224,19.059383,60.36106596,69.39033718
4227,3087,2A,Tampa,2021,0.15,0.55,0.493,7.836262,8.494508008,21.753691,68.8939394,77.38844741
4228,3088,2A,Tampa,2021,0.15,0.5,0.493,7.978567,8.648766628,20.861913,66.06967847,74.7184451
4229,3089,2A,Tampa,2021,0.15,0.6,0.493,7.712931,8.360817204,22.626495,71.65810967,80.01892687
4230,3090,2A,Tampa,2021,0.15,0.65,0.493,7.599087,8.237410308,23.489812,74.3922346,82.62964491
4231,3091,2A,Tampa,2021,0.15,0.7,0.493,7.49473,8.12428732,24.353129,77.12635954,85.25064686
4232,3092,2A,Tampa,2021,0.15,0.75,0.493,7.39986,8.02144824,25.216446,79.86048448,87.88193272
4233,3093,2A,Tampa,2021,0.15,0.85,0.493,7.238581,7.846621804,26.962054,85.38882502,93.23544682
4234,3094,2A,Tampa,2021,0.15,0.8,0.493,7.314477,7.928893068,26.079763,82.59460942,90.52350249
4235,3095,2A,Tampa,2021,0.15,0.95,0.493,7.105763,7.702647092,28.698175,90.88712023,98.58976732
4236,3096,2A,Tampa,2021,0.15,0.9,0.493,7.172172,7.774634448,27.834858,88.15299529,95.92762973
4237,3097,2A,Tampa,2021,0.1,0.01,0.493,11.071329,12.00132064,12.152847,38.48806645,50.48938709
4238,3098,2A,Tampa,2021,0.1,0.15,0.493,9.183416,9.954822944,14.790233,46.84066791,56.79549086
4239,3099,2A,Tampa,2021,0.1,0.1,0.493,9.762123,10.58214133,13.841533,43.83613501,54.41827634
4240,3100,2A,Tampa,2021,0.1,0.25,0.493,8.44343,9.15267812,16.50738,52.27887246,61.43155058
4241,3101,2A,Tampa,2021,0.1,0.2,0.493,8.784962,9.522898808,15.644063,49.54474752,59.06764633
4242,3102,2A,Tampa,2021,0.1,0.3,0.493,8.168307,8.854444788,17.36121,54.98295207,63.83739686
4243,3103,2A,Tampa,2021,0.1,0.35,0.493,7.940619,8.607630996,18.224527,57.71707701,66.32470801
4244,3104,2A,Tampa,2021,0.1,0.45,0.493,7.551652,8.185990768,20.065005,63.54587084,71.7318616
4245,3105,2A,Tampa,2021,0.1,0.4,0.493,7.731905,8.38138502,19.135279,60.60142859,68.98281361
4246,3106,2A,Tampa,2021,0.1,0.55,0.493,7.276529,7.887757436,21.848561,69.19439269,77.08215012
4247,3107,2A,Tampa,2021,0.1,0.5,0.493,7.409347,8.031732148,20.956783,66.37013176,74.40186391
4248,3108,2A,Tampa,2021,0.1,0.6,0.493,7.162685,7.76435054,22.721365,71.95856296,79.72291349
4249,3109,2A,Tampa,2021,0.1,0.65,0.493,7.058328,7.651227552,23.594169,74.72273322,82.37396077
4250,3110,2A,Tampa,2021,0.1,0.7,0.493,6.963458,7.548388472,24.466973,77.48690349,85.03529196
4251,3111,2A,Tampa,2021,0.1,0.75,0.493,6.878075,7.4558333,25.33029,80.22102843,87.67686173
4252,3112,2A,Tampa,2021,0.1,0.85,0.493,6.726283,7.291290772,27.075898,85.74936897,93.04065974
4253,3113,2A,Tampa,2021,0.1,0.8,0.493,6.802179,7.373562036,26.203094,82.9851987,90.35876073
4254,3114,2A,Tampa,2021,0.1,0.95,0.493,6.593465,7.14731606,28.830993,91.30775483,98.45507089
4255,3115,2A,Tampa,2021,0.1,0.9,0.493,6.659874,7.219303416,27.967676,88.57362989,95.79293331
4256,3116,2A,Tampa,2021,0.25,0.01,0.493,13.300774,14.41803902,12.086438,38.27774915,52.69578816
4257,3117,2A,Tampa,2021,0.25,0.15,0.493,11.175686,12.11444362,14.695363,46.54021462,58.65465824
4258,3118,2A,Tampa,2021,0.25,0.1,0.493,11.830289,12.82403328,13.75615,43.56572705,56.38976033
4259,3119,2A,Tampa,2021,0.25,0.25,0.493,10.321856,11.1888919,16.355588,51.7981472,62.9870391
4260,3120,2A,Tampa,2021,0.25,0.2,0.493,10.710823,11.61053213,15.530219,49.18420357,60.79473571
4261,3121,2A,Tampa,2021,0.25,0.3,0.493,9.980324,10.81867122,17.199931,54.47218148,65.29085269
4262,3122,2A,Tampa,2021,0.25,0.35,0.493,9.705201,10.52043788,18.034787,57.11617043,67.63660831
4263,3123,2A,Tampa,2021,0.25,0.45,0.493,9.240338,10.01652639,19.856291,62.8848736,72.90139999
4264,3124,2A,Tampa,2021,0.25,0.4,0.493,9.458539,10.25305628,18.926565,59.94043136,70.19348763
4265,3125,2A,Tampa,2021,0.25,0.55,0.493,8.898806,9.646305704,21.592412,68.3831688,78.02947451
4266,3126,2A,Tampa,2021,0.25,0.5,0.493,9.060085,9.82113214,20.729095,65.64904387,75.47017601
4267,3127,2A,Tampa,2021,0.25,0.6,0.493,8.765988,9.502330992,22.455729,71.11729374,80.61962474
4268,3128,2A,Tampa,2021,0.25,0.65,0.493,8.63317,9.35835628,23.319046,73.85141868,83.20977496
4269,3129,2A,Tampa,2021,0.25,0.7,0.493,8.519326,9.234949384,24.163389,76.52545296,85.76040235
4270,3130,2A,Tampa,2021,0.25,0.75,0.493,8.414969,9.121826396,25.017219,79.22953257,88.35135897
4271,3131,2A,Tampa,2021,0.25,0.85,0.493,8.234716,8.926432144,26.743853,84.69778245,93.6242146
4272,3132,2A,Tampa,2021,0.25,0.8,0.493,8.320099,9.018987316,25.871049,81.93361218,90.9525995
4273,3133,2A,Tampa,2021,0.25,0.95,0.493,8.073437,8.751605708,28.470487,90.16603233,98.91763804
4274,3134,2A,Tampa,2021,0.25,0.9,0.493,8.149333,8.833876972,27.60717,87.43190739,96.26578436
4275,3135,2A,Tampa,2021,0.2,0.01,0.493,12.589249,13.64674592,12.105412,38.3378398,51.98458572
4276,3136,2A,Tampa,2021,0.2,0.15,0.493,10.53057,11.41513788,14.723824,46.63035061,58.04548849
4277,3137,2A,Tampa,2021,0.2,0.1,0.493,11.166199,12.10415972,13.775124,43.62581771,55.72997742
4278,3138,2A,Tampa,2021,0.2,0.25,0.493,9.705201,10.52043788,16.403023,51.94837384,62.46881173
4279,3139,2A,Tampa,2021,0.2,0.2,0.493,10.084681,10.9317942,15.55868,49.27433956,60.20613376
4280,3140,2A,Tampa,2021,0.2,0.3,0.493,9.39213,10.18106892,17.247366,54.62240812,64.80347704
4281,3141,2A,Tampa,2021,0.2,0.35,0.493,9.135981,9.903403404,18.091709,57.2964424,67.19984581
4282,3142,2A,Tampa,2021,0.2,0.45,0.493,8.699579,9.430343636,19.913213,63.06514557,72.49548921
4283,3143,2A,Tampa,2021,0.2,0.4,0.493,8.908293,9.656589612,18.992974,60.15074866,69.80733827
4284,3144,2A,Tampa,2021,0.2,0.55,0.493,8.377021,9.080690764,21.658821,68.59348611,77.67417687
4285,3145,2A,Tampa,2021,0.2,0.5,0.493,8.528813,9.245233292,20.795504,65.85936117,75.10459446
4286,3146,2A,Tampa,2021,0.2,0.6,0.493,8.244203,8.936716052,22.541112,71.3877017,80.32441776
4287,3147,2A,Tampa,2021,0.2,0.65,0.493,8.120872,8.803025248,23.394942,74.09178131,82.89480656
4288,3148,2A,Tampa,2021,0.2,0.7,0.493,8.016515,8.68990226,24.248772,76.79586092,85.48576318
4289,3149,2A,Tampa,2021,0.2,0.75,0.493,7.912158,8.576779272,25.112089,79.52998586,88.10676513
4290,3150,2A,Tampa,2021,0.2,0.85,0.493,7.741392,8.391668928,26.84821,85.02828107,93.41995
4291,3151,2A,Tampa,2021,0.2,0.8,0.493,7.826775,8.4842241,25.975406,82.2641108,90.7483349
4292,3152,2A,Tampa,2021,0.2,0.95,0.493,7.599087,8.237410308,28.574844,90.49653095,98.73394126
4293,3153,2A,Tampa,2021,0.2,0.9,0.493,7.665496,8.309397664,27.721014,87.79245134,96.101849
4294,3154,2A,Tampa,2021,0.3,0.01,0.493,13.993325,15.1687643,12.076951,38.24770382,53.41646812
4295,3155,2A,Tampa,2021,0.3,0.15,0.493,11.792341,12.78289764,14.70485,46.57025995,59.35315759
4296,3156,2A,Tampa,2021,0.3,0.1,0.493,12.465918,13.51305511,13.746663,43.53568172,57.04873683
4297,3157,2A,Tampa,2021,0.3,0.25,0.493,10.881589,11.79564248,16.393536,51.91832851,63.71397099
4298,3158,2A,Tampa,2021,0.3,0.2,0.493,11.299017,12.24813443,15.539706,49.2142489,61.46238333
4299,3159,2A,Tampa,2021,0.3,0.3,0.493,10.53057,11.41513788,17.237879,54.59236279,66.00750067
4300,3160,2A,Tampa,2021,0.3,0.35,0.493,10.236473,11.09633673,18.091709,57.2964424,68.39277914
4301,3161,2A,Tampa,2021,0.3,0.45,0.493,9.77161,10.59242524,19.818343,62.76469228,73.35711752
4302,3162,2A,Tampa,2021,0.3,0.4,0.493,9.989811,10.82895512,18.955026,60.03056734,70.85952247
4303,3163,2A,Tampa,2021,0.3,0.55,0.493,9.411104,10.20163674,21.526003,68.1728515,78.37448824
4304,3164,2A,Tampa,2021,0.3,0.5,0.493,9.58187,10.38674708,20.672173,65.46877189,75.85551897
4305,3165,2A,Tampa,2021,0.3,0.6,0.493,9.268799,10.04737812,22.38932,70.90697644,80.95435456
4306,3166,2A,Tampa,2021,0.3,0.65,0.493,9.135981,9.903403404,23.233663,73.58101072,83.48441413
4307,3167,2A,Tampa,2021,0.3,0.7,0.493,9.01265,9.7697126,24.078006,76.255045,86.0247576
4308,3168,2A,Tampa,2021,0.3,0.75,0.493,8.898806,9.646305704,24.931836,78.95912461,88.60543032
4309,3169,2A,Tampa,2021,0.3,0.85,0.493,8.709066,9.440627544,26.65847,84.42737449,93.86800203
4310,3170,2A,Tampa,2021,0.3,0.8,0.493,8.803936,9.543466624,25.785666,81.66320422,91.20667085
4311,3171,2A,Tampa,2021,0.3,0.95,0.493,8.547787,9.265801108,28.356643,89.80548838,99.07128949
4312,3172,2A,Tampa,2021,0.3,0.9,0.493,8.623683,9.348072372,27.502813,87.10140877,96.44948114
4313,3173,2A,Tampa,2021,0.35,0.01,0.493,14.666902,15.89892177,12.04849,38.15756783,54.0564896
4314,3174,2A,Tampa,2021,0.35,0.15,0.493,12.390022,13.43078385,14.685876,46.51016929,59.94095314
4315,3175,2A,Tampa,2021,0.35,0.1,0.493,13.09206,14.19179304,13.737176,43.50563639,57.69742943
4316,3176,2A,Tampa,2021,0.35,0.25,0.493,11.441322,12.40239305,16.374562,51.85823785,64.2606309
4317,3177,2A,Tampa,2021,0.35,0.2,0.493,11.877724,12.87545282,15.520732,49.15415824,62.02961106
4318,3178,2A,Tampa,2021,0.35,0.3,0.493,11.090303,12.02188845,17.199931,54.47218148,66.49406993
4319,3179,2A,Tampa,2021,0.35,0.35,0.493,10.777232,11.68251949,18.053761,57.17626109,68.85878058
4320,3180,2A,Tampa,2021,0.35,0.45,0.493,10.283908,11.14775627,19.770908,62.61446564,73.76222191
4321,3181,2A,Tampa,2021,0.35,0.4,0.493,10.511596,11.39457006,18.898104,59.85029537,71.24486543
4322,3182,2A,Tampa,2021,0.35,0.55,0.493,9.913915,10.74668386,21.459594,67.9625342,78.70921806
4323,3183,2A,Tampa,2021,0.35,0.5,0.493,10.084681,10.9317942,20.615251,65.28849992,76.22029412
4324,3184,2A,Tampa,2021,0.35,0.6,0.493,9.762123,10.58214133,22.322911,70.69665914,81.27880047
4325,3185,2A,Tampa,2021,0.35,0.65,0.493,9.619818,10.42788271,23.167254,73.37069342,83.79857613
4326,3186,2A,Tampa,2021,0.35,0.7,0.493,9.496487,10.29419191,24.00211,76.01468237,86.30887428
4327,3187,2A,Tampa,2021,0.35,0.75,0.493,9.373156,10.1605011,24.85594,78.71876198,88.87926308
4328,3188,2A,Tampa,2021,0.35,0.85,0.493,9.173929,9.944539036,26.573087,84.15696653,94.10150557
4329,3189,2A,Tampa,2021,0.35,0.8,0.493,9.268799,10.04737812,25.700283,81.39279626,91.44017438
4330,3190,2A,Tampa,2021,0.35,0.95,0.493,8.993676,9.749144784,28.252286,89.47498976,99.22413455
4331,3191,2A,Tampa,2021,0.35,0.9,0.493,9.079059,9.841699956,27.41743,86.83100081,96.67270077
4332,3192,2A,Tampa,2021,0.45,0.01,0.493,15.93816,17.27696544,12.029516,38.09747717,55.37444261
4333,3193,2A,Tampa,2021,0.45,0.15,0.493,13.528462,14.66485281,14.676389,46.48012396,61.14497677
4334,3194,2A,Tampa,2021,0.45,0.1,0.493,14.268448,15.46699763,13.708715,43.41550041,58.88249804
4335,3195,2A,Tampa,2021,0.45,0.25,0.493,12.532327,13.58504247,16.336614,51.73805654,65.32309901
4336,3196,2A,Tampa,2021,0.45,0.2,0.493,12.99719,14.08895396,15.501758,49.09406759,63.18302155
4337,3197,2A,Tampa,2021,0.45,0.3,0.493,12.14336,13.16340224,17.152496,54.32195483,67.48535707
4338,3198,2A,Tampa,2021,0.45,0.35,0.493,11.811315,12.80346546,17.996839,56.99598911,69.79945457
4339,3199,2A,Tampa,2021,0.45,0.45,0.493,11.280043,12.22756661,19.695012,62.374103,74.60166962
4340,3200,2A,Tampa,2021,0.45,0.4,0.493,11.526705,12.49494822,18.831695,59.63997807,72.13492628
4341,3201,2A,Tampa,2021,0.45,0.55,0.493,10.872102,11.78535857,21.364724,67.66208091,79.44743948
4342,3202,2A,Tampa,2021,0.45,0.5,0.493,11.061842,11.99103673,20.529868,65.01809196,77.00912868
4343,3203,2A,Tampa,2021,0.45,0.6,0.493,10.701336,11.60024822,22.19958,70.30606986,81.90631808
4344,3204,2A,Tampa,2021,0.45,0.65,0.493,10.549544,11.4357057,23.05341,73.01014947,84.44585517
4345,3205,2A,Tampa,2021,0.45,0.7,0.493,10.407239,11.28144708,23.878779,75.62409309,86.90554017
4346,3206,2A,Tampa,2021,0.45,0.75,0.493,10.283908,11.14775627,24.723122,78.29812737,89.44588365
4347,3207,2A,Tampa,2021,0.45,0.85,0.493,10.05622,10.90094248,26.411808,83.64619594,94.54713842
4348,3208,2A,Tampa,2021,0.45,0.8,0.493,10.170064,11.02434938,25.557978,80.94211633,91.9664657
4349,3209,2A,Tampa,2021,0.45,0.95,0.493,9.875967,10.70554823,28.053059,88.84403785,99.54958608
4350,3210,2A,Tampa,2021,0.45,0.9,0.493,9.96135,10.7981034,27.256151,86.32023022,97.11833362
4351,3211,2A,Tampa,2021,0.4,0.01,0.493,15.312018,16.59822751,12.039003,38.1275225,54.72575001
4352,3212,2A,Tampa,2021,0.4,0.15,0.493,12.968729,14.05810224,14.676389,46.48012396,60.5382262
4353,3213,2A,Tampa,2021,0.4,0.1,0.493,13.689741,14.83967924,13.718202,43.44554573,58.28522498
4354,3214,2A,Tampa,2021,0.4,0.25,0.493,12.001055,13.00914362,16.346101,51.76810187,64.77724549
4355,3215,2A,Tampa,2021,0.4,0.2,0.493,12.446944,13.4924873,15.511245,49.12411292,62.61660021
4356,3216,2A,Tampa,2021,0.4,0.3,0.493,11.621575,12.5977873,17.180957,54.41209082,67.00987812
4357,3217,2A,Tampa,2021,0.4,0.35,0.493,11.299017,12.24813443,18.0253,57.0861251,69.33425953
4358,3218,2A,Tampa,2021,0.4,0.45,0.493,10.786719,11.6928034,19.73296,62.49428432,74.18708772
4359,3219,2A,Tampa,2021,0.4,0.4,0.493,11.023894,11.9499011,18.860156,59.73011405,71.68001515
4360,3220,2A,Tampa,2021,0.4,0.55,0.493,10.397752,11.27116317,21.412159,67.81230755,79.08347072
4361,3221,2A,Tampa,2021,0.4,0.5,0.493,10.578005,11.46655742,20.567816,65.13827327,76.60483069
4362,3222,2A,Tampa,2021,0.4,0.6,0.493,10.236473,11.09633673,22.256502,70.48634183,81.58267857
4363,3223,2A,Tampa,2021,0.4,0.65,0.493,10.094168,10.94207811,23.110332,73.19042144,84.13249956
4364,3224,2A,Tampa,2021,0.4,0.7,0.493,9.96135,10.7981034,23.935701,75.80436507,86.60246847
4365,3225,2A,Tampa,2021,0.4,0.75,0.493,9.838019,10.6644126,24.780044,78.47839935,89.14281194
4366,3226,2A,Tampa,2021,0.4,0.85,0.493,9.619818,10.42788271,26.487704,83.88655857,94.31444128
4367,3227,2A,Tampa,2021,0.4,0.8,0.493,9.724175,10.5410057,25.624387,81.15243363,91.69343933
4368,3228,2A,Tampa,2021,0.4,0.95,0.493,9.439565,10.23248846,28.147929,89.14449114,99.3769796
4369,3229,2A,Tampa,2021,0.4,0.9,0.493,9.524948,10.32504363,27.32256,86.53054752,96.85559115
4370,3230,2A,Tampa,2021,0.55,0.01,0.493,17.124035,18.56245394,12.029516,38.09747717,56.65993111
4371,3231,2A,Tampa,2021,0.55,0.15,0.493,14.591006,15.8166505,14.685876,46.51016929,62.3268198
4372,3232,2A,Tampa,2021,0.55,0.1,0.493,15.359453,16.64964705,13.718202,43.44554573,60.09519279
4373,3233,2A,Tampa,2021,0.55,0.25,0.493,13.547436,14.68542062,16.327127,51.70801121,66.39343183
4374,3234,2A,Tampa,2021,0.55,0.2,0.493,14.031273,15.20989993,15.501758,49.09406759,64.30396752
4375,3235,2A,Tampa,2021,0.55,0.3,0.493,13.139495,14.24321258,17.133522,54.26186417,68.50507675
4376,3236,2A,Tampa,2021,0.55,0.35,0.493,12.778989,13.85242408,17.958891,56.8758078,70.72823187
4377,3237,2A,Tampa,2021,0.55,0.45,0.493,12.209769,13.2353896,19.628603,62.1637857,75.3991753
4378,3238,2A,Tampa,2021,0.55,0.4,0.493,12.475405,13.52333902,18.793747,59.51979675,73.04313577
4379,3239,2A,Tampa,2021,0.55,0.55,0.493,11.773367,12.76232983,21.288828,67.42171828,80.1840481
4380,3240,2A,Tampa,2021,0.55,0.5,0.493,11.972594,12.9782919,20.453972,64.77772932,77.75602122
4381,3241,2A,Tampa,2021,0.55,0.6,0.493,11.583627,12.55665167,22.114197,70.0356619,82.59231357
4382,3242,2A,Tampa,2021,0.55,0.65,0.493,11.422348,12.38182523,22.95854,72.70969618,85.09152141
4383,3243,2A,Tampa,2021,0.55,0.7,0.493,11.280043,12.22756661,23.783909,75.3236398,87.55120642
4384,3244,2A,Tampa,2021,0.55,0.75,0.493,11.137738,12.07330799,24.609278,77.93758343,90.01089142
4385,3245,2A,Tampa,2021,0.55,0.85,0.493,10.900563,11.81621029,26.27899,83.22556133,95.04177162
4386,3246,2A,Tampa,2021,0.55,0.8,0.493,11.014407,11.93961719,25.444134,80.58157238,92.52118957
4387,3247,2A,Tampa,2021,0.55,0.95,0.493,10.710823,11.61053213,27.872806,88.2731766,99.88370873
4388,3248,2A,Tampa,2021,0.55,0.9,0.493,10.805693,11.71337121,27.113846,85.86955028,97.58292149
4389,3249,2A,Tampa,2021,0.5,0.01,0.493,16.545328,17.93513555,12.029516,38.09747717,56.03261272
4390,3250,2A,Tampa,2021,0.5,0.15,0.493,14.069221,15.25103556,14.676389,46.48012396,61.73115953
4391,3251,2A,Tampa,2021,0.5,0.1,0.493,14.828181,16.0737482,13.708715,43.41550041,59.48924861
4392,3252,2A,Tampa,2021,0.5,0.25,0.493,13.054112,14.15065741,16.327127,51.70801121,65.85866862
4393,3253,2A,Tampa,2021,0.5,0.2,0.493,13.518975,14.6545689,15.501758,49.09406759,63.74863649
4394,3254,2A,Tampa,2021,0.5,0.3,0.493,12.646171,13.70844936,17.143009,54.2919095,68.00035887
4395,3255,2A,Tampa,2021,0.5,0.35,0.493,12.304639,13.33822868,17.968378,56.90585313,70.2440818
4396,3256,2A,Tampa,2021,0.5,0.45,0.493,11.744906,12.7314781,19.657064,62.25392169,74.98539979
4397,3257,2A,Tampa,2021,0.5,0.4,0.493,12.010542,13.01942753,18.812721,59.57988741,72.59931494
4398,3258,2A,Tampa,2021,0.5,0.55,0.493,11.327478,12.27898615,21.317289,67.51185426,79.79084041
4399,3259,2A,Tampa,2021,0.5,0.5,0.493,11.526705,12.49494822,20.49192,64.89791064,77.39285886
4400,3260,2A,Tampa,2021,0.5,0.6,0.493,11.147225,12.0835919,22.152145,70.15584322,82.23943512
4401,3261,2A,Tampa,2021,0.5,0.65,0.493,10.995433,11.91904937,22.996488,72.8298775,84.74892687
4402,3262,2A,Tampa,2021,0.5,0.7,0.493,10.843641,11.75450684,23.821857,75.44382112,87.19832796
4403,3263,2A,Tampa,2021,0.5,0.75,0.493,10.72031,11.62081604,24.6662,78.1178554,89.73867144
4404,3264,2A,Tampa,2021,0.5,0.85,0.493,10.492622,11.37400225,26.345399,83.43587863,94.80988088
4405,3265,2A,Tampa,2021,0.5,0.8,0.493,10.596979,11.48712524,25.491569,80.73179902,92.21892426
4406,3266,2A,Tampa,2021,0.5,0.95,0.493,10.302882,11.16832409,27.958189,88.54358456,99.71190865
4407,3267,2A,Tampa,2021,0.5,0.9,0.493,10.388265,11.26087926,27.180255,86.07986759,97.34074684
4408,3268,2A,Tampa,2021,0.6,0.01,0.493,17.693255,19.17948842,12.020029,38.06743184,57.24692026
4409,3269,2A,Tampa,2021,0.6,0.15,0.493,15.093817,16.36169763,14.695363,46.54021462,62.90191225
4410,3270,2A,Tampa,2021,0.6,0.1,0.493,15.881238,17.21526199,13.727689,43.47559106,60.69085305
4411,3271,2A,Tampa,2021,0.6,0.25,0.493,14.031273,15.20989993,16.327127,51.70801121,66.91791114
4412,3272,2A,Tampa,2021,0.6,0.2,0.493,14.534084,15.75494706,15.511245,49.12411292,64.87905997
4413,3273,2A,Tampa,2021,0.6,0.3,0.493,13.613845,14.75740798,17.133522,54.26186417,69.01927215
4414,3274,2A,Tampa,2021,0.6,0.35,0.493,13.243852,14.35633557,17.949404,56.84576247,71.20209804
4415,3275,2A,Tampa,2021,0.6,0.45,0.493,12.655658,13.71873327,19.600142,62.07364971,75.79238299
4416,3276,2A,Tampa,2021,0.6,0.4,0.493,12.930781,14.0169666,18.78426,59.48975142,73.50671802
4417,3277,2A,Tampa,2021,0.6,0.55,0.493,12.200282,13.22510569,21.260367,67.33158229,80.55668798
4418,3278,2A,Tampa,2021,0.6,0.5,0.493,12.408996,13.45135166,20.434998,64.71763867,78.16899033
4419,3279,2A,Tampa,2021,0.6,0.6,0.493,12.010542,13.01942753,22.085736,69.94552591,82.96495344
4420,3280,2A,Tampa,2021,0.6,0.65,0.493,11.839776,12.83431718,22.920592,72.58951486,85.42383205
4421,3281,2A,Tampa,2021,0.6,0.7,0.493,11.687984,12.66977466,23.736474,75.17341316,87.84318781
4422,3282,2A,Tampa,2021,0.6,0.75,0.493,11.555166,12.52579994,24.561843,77.78735678,90.31315673
4423,3283,2A,Tampa,2021,0.6,0.85,0.493,11.308504,12.25841834,26.222068,83.04528936,95.30370769
4424,3284,2A,Tampa,2021,0.6,0.8,0.493,11.422348,12.38182523,25.396699,80.43134573,92.81317096
4425,3285,2A,Tampa,2021,0.6,0.95,0.493,11.109277,12.04245627,27.787423,88.00276864,100.0452249
4426,3286,2A,Tampa,2021,0.6,0.9,0.493,11.19466,12.13501144,27.056924,85.68927831,97.82428975
4427,3287,2A,Tampa,2021,0.65,0.01,0.493,18.224527,19.75538727,12.029516,38.09747717,57.85286444
4428,3288,2A,Tampa,2021,0.65,0.15,0.493,15.549193,16.85532521,14.752285,46.7204866,63.57581181
4429,3289,2A,Tampa,2021,0.65,0.1,0.493,16.355588,17.72945739,13.765637,43.59577238,61.32522977
4430,3290,2A,Tampa,2021,0.65,0.25,0.493,14.429727,15.64182407,16.450458,52.09860049,67.74042455
4431,3291,2A,Tampa,2021,0.65,0.2,0.493,14.951512,16.20743901,15.606115,49.42456621,65.63200521
4432,3292,2A,Tampa,2021,0.65,0.3,0.493,13.993325,15.1687643,17.285314,54.74258944,69.91135374
4433,3293,2A,Tampa,2021,0.65,0.35,0.493,13.613845,14.75740798,18.139144,57.44666905,72.20407703
4434,3294,2A,Tampa,2021,0.65,0.45,0.493,13.025651,14.11980568,19.789882,62.67455629,76.79436198
4435,3295,2A,Tampa,2021,0.65,0.4,0.493,13.291287,14.40775511,18.974,60.090658,74.49841311
4436,3296,2A,Tampa,2021,0.65,0.55,0.493,12.570275,13.6261781,21.431133,67.87239821,81.49857631
4437,3297,2A,Tampa,2021,0.65,0.5,0.493,12.778989,13.85242408,20.615251,65.28849992,79.14092399
4438,3298,2A,Tampa,2021,0.65,0.6,0.493,12.380535,13.42049994,22.237528,70.42625118,83.84675112
4439,3299,2A,Tampa,2021,0.65,0.65,0.493,12.209769,13.2353896,23.100845,73.16037612,86.39576571
4440,3300,2A,Tampa,2021,0.65,0.7,0.493,12.057977,13.07084707,23.897753,75.68418375,88.75503082
4441,3301,2A,Tampa,2021,0.65,0.75,0.493,11.925159,12.92687236,24.694661,78.20799139,91.13486374
4442,3302,2A,Tampa,2021,0.65,0.85,0.493,11.678497,12.65949075,26.345399,83.43587863,96.09536938
4443,3303,2A,Tampa,2021,0.65,0.8,0.493,11.792341,12.78289764,25.510543,80.79188968,93.57478733
4444,3304,2A,Tampa,2021,0.65,0.95,0.493,11.47927,12.44352868,27.901267,88.36331259,100.8068413
4445,3305,2A,Tampa,2021,0.65,0.9,0.493,11.57414,12.54636776,27.151794,85.9897316,98.53609936
4446,3306,2A,Tampa,2021,0.7,0.01,0.493,18.746312,20.32100221,12.029516,38.09747717,58.41847938
4447,3307,2A,Tampa,2021,0.7,0.15,0.493,15.985595,17.32838498,14.79972,46.87071324,64.19909822
4448,3308,2A,Tampa,2021,0.7,0.1,0.493,16.810964,18.22308498,13.813072,43.74599902,61.969084
4449,3309,2A,Tampa,2021,0.7,0.25,0.493,14.79972,16.04289648,16.583276,52.51923509,68.56213157
4450,3310,2A,Tampa,2021,0.7,0.2,0.493,15.349966,16.63936314,15.700985,49.7250195,66.36438264
4451,3311,2A,Tampa,2021,0.7,0.3,0.493,14.344344,15.5492689,17.465567,55.31345069,70.86271959
4452,3312,2A,Tampa,2021,0.7,0.35,0.493,13.964864,15.13791258,18.338371,58.07762096,73.21553353
4453,3313,2A,Tampa,2021,0.7,0.45,0.493,13.367183,14.49002637,20.008083,63.36559886,77.85562523
4454,3314,2A,Tampa,2021,0.7,0.4,0.493,13.642306,14.7882597,19.182714,60.75165524,75.53991494
4455,3315,2A,Tampa,2021,0.7,0.55,0.493,12.921294,14.0066827,21.63036,68.50335012,82.51003282
4456,3316,2A,Tampa,2021,0.7,0.5,0.493,13.130008,14.23292867,20.833452,65.97954248,80.21247116
4457,3317,2A,Tampa,2021,0.7,0.6,0.493,12.741041,13.81128844,22.417781,70.99711243,84.80840087
4458,3318,2A,Tampa,2021,0.7,0.65,0.493,12.560788,13.61589419,23.281098,73.73123737,87.34713156
4459,3319,2A,Tampa,2021,0.7,0.7,0.493,12.418483,13.46163557,24.059032,76.19495434,89.65658992
4460,3320,2A,Tampa,2021,0.7,0.75,0.493,12.276178,13.30737695,24.836966,78.65867132,91.96604827
4461,3321,2A,Tampa,2021,0.7,0.85,0.493,12.039003,13.05027925,26.459243,83.79642258,96.84670183
4462,3322,2A,Tampa,2021,0.7,0.8,0.493,12.152847,13.17368615,25.662335,81.27261495,94.44630109
4463,3323,2A,Tampa,2021,0.7,0.95,0.493,11.839776,12.83431718,28.024598,88.75390187,101.5882191
4464,3324,2A,Tampa,2021,0.7,0.9,0.493,11.934646,12.93715626,27.256151,86.32023022,99.25738648
4465,3325,2A,Tampa,2021,0.75,0.01,0.493,19.249123,20.86604933,12.039003,38.1275225,58.99357183
4466,3326,2A,Tampa,2021,0.75,0.15,0.493,16.403023,17.78087693,14.866129,47.08103054,64.86190748
4467,3327,2A,Tampa,2021,0.75,0.1,0.493,17.237879,18.68586084,13.879481,43.95631633,62.64217716
4468,3328,2A,Tampa,2021,0.75,0.25,0.493,15.150739,16.42340108,16.744555,53.03000569,69.45340676
4469,3329,2A,Tampa,2021,0.75,0.2,0.493,15.719959,17.04043556,15.814829,50.08556344,67.125999
4470,3330,2A,Tampa,2021,0.75,0.3,0.493,14.685876,15.91948958,17.664794,55.9444026,71.86389218
4471,3331,2A,Tampa,2021,0.75,0.35,0.493,14.287422,15.48756545,18.547085,58.7386182,74.22618364
4472,3332,2A,Tampa,2021,0.75,0.45,0.493,13.699228,14.84996315,20.254745,64.14677742,78.99674057
4473,3333,2A,Tampa,2021,0.75,0.4,0.493,13.964864,15.13791258,19.410402,61.47274313,76.61065571
4474,3334,2A,Tampa,2021,0.75,0.55,0.493,13.253339,14.36661948,21.848561,69.19439269,83.56101216
4475,3335,2A,Tampa,2021,0.75,0.5,0.493,13.462053,14.59286545,21.070627,66.73067571,81.32354116
4476,3336,2A,Tampa,2021,0.75,0.6,0.493,13.082573,14.18150913,22.626495,71.65810967,85.8396188
4477,3337,2A,Tampa,2021,0.75,0.65,0.493,12.892833,13.97583097,23.489812,74.3922346,88.36806558
4478,3338,2A,Tampa,2021,0.75,0.7,0.493,12.760015,13.83185626,24.239285,76.7658156,90.59767186
4479,3339,2A,Tampa,2021,0.75,0.75,0.493,12.627197,13.68788155,24.988758,79.13939659,92.82727813
4480,3340,2A,Tampa,2021,0.75,0.85,0.493,12.390022,13.43078385,26.582574,84.18701186,97.61779571
4481,3341,2A,Tampa,2021,0.75,0.8,0.493,12.503866,13.55419074,25.795153,81.69324955,95.2474403
4482,3342,2A,Tampa,2021,0.75,0.95,0.493,12.190795,13.21482178,28.138442,89.11444581,102.3292676
4483,3343,2A,Tampa,2021,0.75,0.9,0.493,12.285665,13.31766086,27.369995,86.68077417,99.99843503
4484,3344,2A,Tampa,2021,0.85,0.01,0.493,20.226284,21.92529186,12.029516,38.09747717,60.02276903
4485,3345,2A,Tampa,2021,0.85,0.15,0.493,17.285314,18.73728038,14.875616,47.11107587,65.84835625
4486,3346,2A,Tampa,2021,0.85,0.1,0.493,18.148631,19.673116,13.869994,43.926271,63.599387
4487,3347,2A,Tampa,2021,0.85,0.25,0.493,15.966621,17.30781716,16.820451,53.27036832,70.57818548
4488,3348,2A,Tampa,2021,0.85,0.2,0.493,16.573789,17.96598728,15.862264,50.23579009,68.20177736
4489,3349,2A,Tampa,2021,0.85,0.3,0.493,15.46381,16.76277004,17.750177,56.21481056,72.9775806
4490,3350,2A,Tampa,2021,0.85,0.35,0.493,15.055869,16.320562,18.651442,59.06911681,75.38967881
4491,3351,2A,Tampa,2021,0.85,0.45,0.493,14.439214,15.65210798,20.349615,64.44723071,80.09933868
4492,3352,2A,Tampa,2021,0.85,0.4,0.493,14.714337,15.95034131,19.514759,61.80324175,77.75358306
4493,3353,2A,Tampa,2021,0.85,0.55,0.493,13.983838,15.15848039,21.952918,69.52489131,84.6833717
4494,3354,2A,Tampa,2021,0.85,0.5,0.493,14.192552,15.38472637,21.174984,67.06117433,82.4459007
4495,3355,2A,Tampa,2021,0.85,0.6,0.493,13.803585,14.96308614,22.711878,71.92851763,86.89160377
4496,3356,2A,Tampa,2021,0.85,0.65,0.493,13.604358,14.74712407,23.603656,74.75277855,89.49990262
4497,3357,2A,Tampa,2021,0.85,0.7,0.493,13.462053,14.59286545,24.315181,77.00617823,91.59904368
4498,3358,2A,Tampa,2021,0.85,0.75,0.493,13.329235,14.44889074,25.064654,79.37975922,93.82864996
4499,3359,2A,Tampa,2021,0.85,0.85,0.493,13.082573,14.18150913,26.611035,84.27714785,98.45865698
4500,3360,2A,Tampa,2021,0.85,0.8,0.493,13.196417,14.30491603,25.842588,81.8434762,96.14839222
4501,3361,2A,Tampa,2021,0.85,0.95,0.493,12.873859,13.95526316,28.138442,89.11444581,103.069709
4502,3362,2A,Tampa,2021,0.85,0.9,0.493,12.978216,14.06838614,27.388969,86.74086482,100.809251
4503,3363,2A,Tampa,2021,0.8,0.01,0.493,19.751934,21.41109646,12.029516,38.09747717,59.50857363
4504,3364,2A,Tampa,2021,0.8,0.15,0.493,16.867886,18.28478842,14.847155,47.02093989,65.30572831
4505,3365,2A,Tampa,2021,0.8,0.1,0.493,17.721716,19.21034014,13.860507,43.89622567,63.10656581
4506,3366,2A,Tampa,2021,0.8,0.25,0.493,15.568167,16.87589303,16.782503,53.150187,70.02608003
4507,3367,2A,Tampa,2021,0.8,0.2,0.493,16.165848,17.52377923,15.824316,50.11560877,67.639388
4508,3368,2A,Tampa,2021,0.8,0.3,0.493,15.074843,16.34112981,17.712229,56.09462924,72.43575906
4509,3369,2A,Tampa,2021,0.8,0.35,0.493,14.676389,15.90920568,18.613494,58.9489355,74.85814117
4510,3370,2A,Tampa,2021,0.8,0.45,0.493,14.069221,15.25103556,20.321154,64.35709472,79.60813028
4511,3371,2A,Tampa,2021,0.8,0.4,0.493,14.344344,15.5492689,19.476811,61.68306044,77.23232933
4512,3372,2A,Tampa,2021,0.8,0.55,0.493,13.613845,14.75740798,21.933944,69.46480065,84.22220863
4513,3373,2A,Tampa,2021,0.8,0.5,0.493,13.822559,14.98365396,21.146523,66.97103834,81.9546923
4514,3374,2A,Tampa,2021,0.8,0.6,0.493,13.443079,14.57229764,22.702391,71.8984723,86.47076993
4515,3375,2A,Tampa,2021,0.8,0.65,0.493,13.243852,14.35633557,23.594169,74.72273322,89.07906879
4516,3376,2A,Tampa,2021,0.8,0.7,0.493,13.111034,14.21236086,24.305694,76.9761329,91.18849375
4517,3377,2A,Tampa,2021,0.8,0.75,0.493,12.968729,14.05810224,25.074141,79.40980455,93.46790678
4518,3378,2A,Tampa,2021,0.8,0.85,0.493,12.741041,13.81128844,26.648983,84.39732916,98.20861761
4519,3379,2A,Tampa,2021,0.8,0.8,0.493,12.854885,13.93469534,25.871049,81.93361218,95.86830752
4520,3380,2A,Tampa,2021,0.8,0.95,0.493,12.532327,13.58504247,28.195364,89.29471779,102.8797603
4521,3381,2A,Tampa,2021,0.8,0.9,0.493,12.627197,13.68788155,27.436404,86.89109147,100.578973
4522,3382,2A,Tampa,2021,0.95,0.01,0.493,21.146523,22.92283093,12.039003,38.1275225,61.05035343
4523,3383,2A,Tampa,2021,0.95,0.15,0.493,18.072735,19.59084474,14.951512,47.3514385,66.94228324
4524,3384,2A,Tampa,2021,0.95,0.1,0.493,18.964513,20.55753209,13.926916,44.10654297,64.66407506
4525,3385,2A,Tampa,2021,0.95,0.25,0.493,16.716094,18.1202459,16.915321,53.57082161,71.6910675
4526,3386,2A,Tampa,2021,0.95,0.2,0.493,17.332749,18.78869992,15.947647,50.50619805,69.29489796
4527,3387,2A,Tampa,2021,0.95,0.3,0.493,16.203796,17.56491486,17.854534,56.54530918,74.11022404
4528,3388,2A,Tampa,2021,0.95,0.35,0.493,15.776881,17.102139,18.755799,59.39961543,76.50175444
4529,3389,2A,Tampa,2021,0.95,0.45,0.493,15.141252,16.41311717,20.434998,64.71763867,81.13075583
4530,3390,2A,Tampa,2021,0.95,0.4,0.493,15.425862,16.72163441,19.609629,62.10369504,78.82532945
4531,3391,2A,Tampa,2021,0.95,0.55,0.493,14.676389,15.90920568,22.019327,69.73520861,85.64441429
4532,3392,2A,Tampa,2021,0.95,0.5,0.493,14.89459,16.14573556,21.25088,67.30153696,83.44727252
4533,3393,2A,Tampa,2021,0.95,0.6,0.493,14.486649,15.70352752,22.740339,72.01865361,87.72218113
4534,3394,2A,Tampa,2021,0.95,0.65,0.493,14.287422,15.48756545,23.632117,74.84291454,90.33047999
4535,3395,2A,Tampa,2021,0.95,0.7,0.493,14.145117,15.33330683,24.305694,76.9761329,92.30943973
4536,3396,2A,Tampa,2021,0.95,0.75,0.493,14.002812,15.17904821,25.036193,79.28962323,94.46867144
4537,3397,2A,Tampa,2021,0.95,0.85,0.493,13.746663,14.90138269,26.554113,84.09687587,98.99825856
4538,3398,2A,Tampa,2021,0.95,0.8,0.493,13.869994,15.0350735,25.795153,81.69324955,96.72832305
4539,3399,2A,Tampa,2021,0.95,0.95,0.493,13.547436,14.68542062,28.034085,88.7839472,103.4693678
4540,3400,2A,Tampa,2021,0.95,0.9,0.493,13.642306,14.7882597,27.294099,86.44041153,101.2286712
4541,3401,2A,Tampa,2021,0.9,0.01,0.493,20.691147,22.42920335,12.039003,38.1275225,60.55672585
4542,3402,2A,Tampa,2021,0.9,0.15,0.493,17.683768,19.16920451,14.913564,47.23125719,66.4004617
4543,3403,2A,Tampa,2021,0.9,0.1,0.493,18.566059,20.12560796,13.898455,44.01640699,64.14201494
4544,3404,2A,Tampa,2021,0.9,0.25,0.493,16.346101,17.71917348,16.867886,53.42059496,71.13976845
4545,3405,2A,Tampa,2021,0.9,0.2,0.493,16.962756,18.3876275,15.900212,50.3559714,68.74359891
4546,3406,2A,Tampa,2021,0.9,0.3,0.493,15.84329,17.17412636,17.797612,56.3650372,73.53916356
4547,3407,2A,Tampa,2021,0.9,0.35,0.493,15.425862,16.72163441,18.698877,59.21934346,75.94097787
4548,3408,2A,Tampa,2021,0.9,0.45,0.493,14.790233,16.03261257,20.387563,64.56741202,80.60002459
4549,3409,2A,Tampa,2021,0.9,0.4,0.493,15.08433,16.35141372,19.562194,61.9534684,78.30488212
4550,3410,2A,Tampa,2021,0.9,0.55,0.493,14.334857,15.53898499,21.981379,69.61502729,85.15401228
4551,3411,2A,Tampa,2021,0.9,0.5,0.493,14.543571,15.76523096,21.203445,67.15131032,82.91654128
4552,3412,2A,Tampa,2021,0.9,0.6,0.493,14.145117,15.33330683,22.721365,71.95856296,87.29186978
4553,3413,2A,Tampa,2021,0.9,0.65,0.493,13.955377,15.12762867,23.613143,74.78282388,89.91045255
4554,3414,2A,Tampa,2021,0.9,0.7,0.493,13.803585,14.96308614,24.305694,76.9761329,91.93921904
4555,3415,2A,Tampa,2021,0.9,0.75,0.493,13.670767,14.81911143,25.04568,79.31966856,94.13877999
4556,3416,2A,Tampa,2021,0.9,0.85,0.493,13.424105,14.55172982,26.582574,84.18701186,98.73874168
4557,3417,2A,Tampa,2021,0.9,0.8,0.493,13.537949,14.67513672,25.814127,81.75334021,96.42847692
4558,3418,2A,Tampa,2021,0.9,0.95,0.493,13.215391,14.32548384,28.08152,88.93417384,103.2596577
4559,3419,2A,Tampa,2021,0.9,0.9,0.493,13.319748,14.43860683,27.341534,86.59063818,101.029245
6037,4897,2B,Tucson,2021,0.01,0.01,0.493,11.85875,12.854885,11.498244,36.41493875,49.26982375
6038,4898,2B,Tucson,2021,0.01,0.15,0.493,9.894941,10.72611604,14.183065,44.91776686,55.6438829
6039,4899,2B,Tucson,2021,0.01,0.1,0.493,10.483135,11.36371834,13.205904,41.82309797,53.18681631
6040,4900,2B,Tucson,2021,0.01,0.25,0.493,9.126494,9.893119496,16.023543,50.74656068,60.63968018
6041,4901,2B,Tucson,2021,0.01,0.2,0.493,9.477513,10.27362409,15.103304,47.83216377,58.10578786
6042,4902,2B,Tucson,2021,0.01,0.3,0.493,8.832397,9.574318348,16.962756,53.72104825,63.2953666
6043,4903,2B,Tucson,2021,0.01,0.35,0.493,8.576248,9.296652832,17.892482,56.66549049,65.96214333
6044,4904,2B,Tucson,2021,0.01,0.45,0.493,8.149333,8.833876972,19.913213,63.06514557,71.89902254
6045,4905,2B,Tucson,2021,0.01,0.4,0.493,8.34856,9.04983904,18.888617,59.82025004,68.87008908
6046,4906,2B,Tucson,2021,0.01,0.55,0.493,7.817288,8.473940192,21.829587,69.13430203,77.60824222
6047,4907,2B,Tucson,2021,0.01,0.5,0.493,7.96908,8.63848272,20.8714,66.0997238,74.73820652
6048,4908,2B,Tucson,2021,0.01,0.6,0.493,7.665496,8.309397664,22.787774,72.16888026,80.47827792
6049,4909,2B,Tucson,2021,0.01,0.65,0.493,7.542165,8.17570686,23.745961,75.20345849,83.37916535
6050,4910,2B,Tucson,2021,0.01,0.7,0.493,7.418834,8.042016056,24.694661,78.20799139,86.25000744
6051,4911,2B,Tucson,2021,0.01,0.75,0.493,7.30499,7.91860916,25.643361,81.21252429,89.13113345
6052,4912,2B,Tucson,2021,0.01,0.85,0.493,7.105763,7.702647092,27.521787,87.16149943,94.86414652
6053,4913,2B,Tucson,2021,0.01,0.8,0.493,7.200633,7.805486172,26.582574,84.18701186,91.99249803
6054,4914,2B,Tucson,2021,0.01,0.95,0.493,6.916023,7.496968932,29.390726,93.08042924,100.5773982
6055,4915,2B,Tucson,2021,0.01,0.9,0.493,7.010893,7.599808012,28.461,90.135987,97.73579501
6056,4916,2B,Tucson,2021,0.05,0.01,0.493,12.646171,13.70844936,11.488757,36.38489342,50.09334278
6057,4917,2B,Tucson,2021,0.05,0.15,0.493,10.596979,11.48712524,14.154604,44.82763087,56.3147561
6058,4918,2B,Tucson,2021,0.05,0.1,0.493,11.213634,12.15557926,13.18693,41.76300731,53.91858657
6059,4919,2B,Tucson,2021,0.05,0.25,0.493,9.800071,10.62327696,15.985595,50.62637937,61.24965633
6060,4920,2B,Tucson,2021,0.05,0.2,0.493,10.170064,11.02434938,15.074843,47.74202778,58.76637716
6061,4921,2B,Tucson,2021,0.05,0.3,0.493,9.487,10.283908,16.915321,53.57082161,63.85472961
6062,4922,2B,Tucson,2021,0.05,0.35,0.493,9.211877,9.985674668,17.845047,56.51526385,66.50093852
6063,4923,2B,Tucson,2021,0.05,0.45,0.493,8.756501,9.492047084,19.856291,62.8848736,72.37692068
6064,4924,2B,Tucson,2021,0.05,0.4,0.493,8.974702,9.728576968,18.831695,59.63997807,69.36855503
6065,4925,2B,Tucson,2021,0.05,0.55,0.493,8.405482,9.111542488,21.772665,68.95403006,78.06557254
6066,4926,2B,Tucson,2021,0.05,0.5,0.493,8.566761,9.286368924,20.814478,65.91945183,75.20582075
6067,4927,2B,Tucson,2021,0.05,0.6,0.493,8.25369,8.94699996,22.721365,71.95856296,80.90556291
6068,4928,2B,Tucson,2021,0.05,0.65,0.493,8.111385,8.79274134,23.670065,74.96309586,83.7558372
6069,4929,2B,Tucson,2021,0.05,0.7,0.493,7.978567,8.648766628,24.618765,77.96762876,86.61639538
6070,4930,2B,Tucson,2021,0.05,0.75,0.493,7.864723,8.525359732,25.557978,80.94211633,89.46747606
6071,4931,2B,Tucson,2021,0.05,0.85,0.493,7.646522,8.288829848,27.436404,86.89109147,95.17992132
6072,4932,2B,Tucson,2021,0.05,0.8,0.493,7.750879,8.401952836,26.497191,83.9166039,92.31855673
6073,4933,2B,Tucson,2021,0.05,0.95,0.493,7.447295,8.07286778,29.295856,92.77997595,100.8528437
6074,4934,2B,Tucson,2021,0.05,0.9,0.493,7.542165,8.17570686,28.36613,89.83553371,98.01124057
6075,4935,2B,Tucson,2021,0.15,0.01,0.493,14.524597,15.74466315,11.488757,36.38489342,52.12955657
6076,4936,2B,Tucson,2021,0.15,0.15,0.493,12.266691,13.29709304,14.13563,44.76754021,58.06463325
6077,4937,2B,Tucson,2021,0.15,0.1,0.493,12.940268,14.02725051,13.158469,41.67287132,55.70012184
6078,4938,2B,Tucson,2021,0.15,0.25,0.493,11.3844,12.3406896,15.928673,50.44610739,62.78679699
6079,4939,2B,Tucson,2021,0.15,0.2,0.493,11.792341,12.78289764,15.027408,47.59180114,60.37469878
6080,4940,2B,Tucson,2021,0.15,0.3,0.493,11.033381,11.960185,16.839425,53.33045898,65.29064398
6081,4941,2B,Tucson,2021,0.15,0.35,0.493,10.729797,11.63109995,17.750177,56.21481056,67.84591051
6082,4942,2B,Tucson,2021,0.15,0.45,0.493,10.217499,11.07576892,19.742447,62.52432965,73.60009857
6083,4943,2B,Tucson,2021,0.15,0.4,0.493,10.464161,11.34315052,18.736825,59.33952478,70.6826753
6084,4944,2B,Tucson,2021,0.15,0.55,0.493,9.809558,10.63356087,21.639847,68.53339545,79.16695632
6085,4945,2B,Tucson,2021,0.15,0.5,0.493,9.999298,10.83923903,20.691147,65.52886255,76.36810158
6086,4946,2B,Tucson,2021,0.15,0.6,0.493,9.648279,10.45873444,22.57906,71.50788302,81.96661746
6087,4947,2B,Tucson,2021,0.15,0.65,0.493,9.487,10.283908,23.518273,74.48237059,84.76627859
6088,4948,2B,Tucson,2021,0.15,0.7,0.493,9.335208,10.11936547,24.457486,77.45685816,87.57622363
6089,4949,2B,Tucson,2021,0.15,0.75,0.493,9.20239,9.97539076,25.396699,80.43134573,90.40673649
6090,4950,2B,Tucson,2021,0.15,0.85,0.493,8.955728,9.708009152,27.246664,86.29018489,95.99819404
6091,4951,2B,Tucson,2021,0.15,0.8,0.493,9.069572,9.831416048,26.326425,83.37578798,93.20720402
6092,4952,2B,Tucson,2021,0.15,0.95,0.493,8.737527,9.471479268,29.087142,92.11897871,101.590458
6093,4953,2B,Tucson,2021,0.15,0.9,0.493,8.841884,9.584602256,28.166903,89.2045818,98.78918406
6094,4954,2B,Tucson,2021,0.1,0.01,0.493,13.604358,14.74712407,11.47927,36.35484809,51.10197216
6095,4955,2B,Tucson,2021,0.1,0.15,0.493,11.450809,12.41267696,14.145117,44.79758554,57.2102625
6096,4956,2B,Tucson,2021,0.1,0.1,0.493,12.095925,13.1119827,13.167956,41.70291665,54.81489935
6097,4957,2B,Tucson,2021,0.1,0.25,0.493,10.606466,11.49740914,15.957134,50.53624338,62.03365252
6098,4958,2B,Tucson,2021,0.1,0.2,0.493,10.995433,11.91904937,15.046382,47.65189179,59.57094117
6099,4959,2B,Tucson,2021,0.1,0.3,0.493,10.274421,11.13747236,16.867886,53.42059496,64.55806733
6100,4960,2B,Tucson,2021,0.1,0.35,0.493,9.980324,10.81867122,17.797612,56.3650372,67.18370842
6101,4961,2B,Tucson,2021,0.1,0.45,0.493,9.496487,10.29419191,19.799369,62.70460162,72.99879353
6102,4962,2B,Tucson,2021,0.1,0.4,0.493,9.724175,10.5410057,18.774773,59.45970609,70.00071179
6103,4963,2B,Tucson,2021,0.1,0.55,0.493,9.117007,9.882835588,21.696769,68.71366742,78.59650301
6104,4964,2B,Tucson,2021,0.1,0.5,0.493,9.29726,10.07822984,20.748069,65.70913452,75.78736436
6105,4965,2B,Tucson,2021,0.1,0.6,0.493,8.955728,9.708009152,22.645469,71.71820032,81.42620948
6106,4966,2B,Tucson,2021,0.1,0.65,0.493,8.803936,9.543466624,23.594169,74.72273322,84.26619985
6107,4967,2B,Tucson,2021,0.1,0.7,0.493,8.671118,9.399491912,24.533382,77.69722079,87.09671271
6108,4968,2B,Tucson,2021,0.1,0.75,0.493,8.5383,9.2555172,25.472595,80.67170837,89.92722557
6109,4969,2B,Tucson,2021,0.1,0.85,0.493,8.310612,9.008703408,27.341534,86.59063818,95.59934159
6110,4970,2B,Tucson,2021,0.1,0.8,0.493,8.424456,9.132110304,26.402321,83.61615061,92.74826091
6111,4971,2B,Tucson,2021,0.1,0.95,0.493,8.101898,8.782457432,29.182012,92.419432,101.2018894
6112,4972,2B,Tucson,2021,0.1,0.9,0.493,8.206255,8.89558042,28.261773,89.50503509,98.40061551
6113,4973,2B,Tucson,2021,0.25,0.01,0.493,16.251231,17.6163344,11.507731,36.44498408,54.06131848
6114,4974,2B,Tucson,2021,0.25,0.15,0.493,13.813072,14.97337005,14.13563,44.76754021,59.74091026
6115,4975,2B,Tucson,2021,0.25,0.1,0.493,14.543571,15.76523096,13.167956,41.70291665,57.46814762
6116,4976,2B,Tucson,2021,0.25,0.25,0.493,12.864372,13.94497925,15.900212,50.3559714,64.30095065
6117,4977,2B,Tucson,2021,0.25,0.2,0.493,13.300774,14.41803902,15.008434,47.53171048,61.94974949
6118,4978,2B,Tucson,2021,0.25,0.3,0.493,12.475405,13.52333902,16.801477,53.21027766,66.73361668
6119,4979,2B,Tucson,2021,0.25,0.35,0.493,12.14336,13.16340224,17.693255,56.03453859,69.19794082
6120,4980,2B,Tucson,2021,0.25,0.45,0.493,11.57414,12.54636776,19.676038,62.31401235,74.86038011
6121,4981,2B,Tucson,2021,0.25,0.4,0.493,11.849263,12.84460109,18.660929,59.09916214,71.94376324
6122,4982,2B,Tucson,2021,0.25,0.55,0.493,11.128251,12.06302408,21.544977,68.23294216,80.29596624
6123,4983,2B,Tucson,2021,0.25,0.5,0.493,11.336965,12.28927006,20.605764,65.25845459,77.54772465
6124,4984,2B,Tucson,2021,0.25,0.6,0.493,10.938511,11.85734592,22.474703,71.1773844,83.03473033
6125,4985,2B,Tucson,2021,0.25,0.65,0.493,10.767745,11.67223558,23.413916,74.15187197,85.82410755
6126,4986,2B,Tucson,2021,0.25,0.7,0.493,10.606466,11.49740914,24.334155,77.06626889,88.56367803
6127,4987,2B,Tucson,2021,0.25,0.75,0.493,10.454674,11.33286662,25.263881,80.01071113,91.34357774
6128,4988,2B,Tucson,2021,0.25,0.85,0.493,10.189038,11.04491719,27.094872,85.80945962,96.85437682
6129,4989,2B,Tucson,2021,0.25,0.8,0.493,10.321856,11.1888919,26.18412,82.92510804,94.11399994
6130,4990,2B,Tucson,2021,0.25,0.95,0.493,9.951863,10.78781949,28.916376,91.57816279,102.3659823
6131,4991,2B,Tucson,2021,0.25,0.9,0.493,10.065707,10.91122639,28.015111,88.72385654,99.63508293
6132,4992,2B,Tucson,2021,0.2,0.01,0.493,15.406888,16.70106659,11.488757,36.38489342,53.08596001
6133,4993,2B,Tucson,2021,0.2,0.15,0.493,13.054112,14.15065741,14.126143,44.73749488,58.88815229
6134,4994,2B,Tucson,2021,0.2,0.1,0.493,13.75615,14.9116666,13.158469,41.67287132,56.58453792
6135,4995,2B,Tucson,2021,0.2,0.25,0.493,12.14336,13.16340224,15.909699,50.38601673,63.54941897
6136,4996,2B,Tucson,2021,0.2,0.2,0.493,12.560788,13.61589419,15.017921,47.56175581,61.17765
6137,4997,2B,Tucson,2021,0.2,0.3,0.493,11.773367,12.76232983,16.810964,53.24032299,66.00265282
6138,4998,2B,Tucson,2021,0.2,0.35,0.493,11.450809,12.41267696,17.721716,56.12467457,68.53735153
6139,4999,2B,Tucson,2021,0.2,0.45,0.493,10.900563,11.81621029,19.704499,62.40414833,74.22035862
6140,5000,2B,Tucson,2021,0.2,0.4,0.493,11.166199,12.10415972,18.698877,59.21934346,71.32350318
6141,5001,2B,Tucson,2021,0.2,0.55,0.493,10.483135,11.36371834,21.592412,68.3831688,79.74688714
6142,5002,2B,Tucson,2021,0.2,0.5,0.493,10.682362,11.57968041,20.643712,65.3786359,76.95831631
6143,5003,2B,Tucson,2021,0.2,0.6,0.493,10.302882,11.16832409,22.522138,71.32761105,82.49593513
6144,5004,2B,Tucson,2021,0.2,0.65,0.493,10.141603,10.99349765,23.461351,74.30209862,85.29559627
6145,5005,2B,Tucson,2021,0.2,0.7,0.493,9.989811,10.82895512,24.391077,77.24654086,88.07549598
6146,5006,2B,Tucson,2021,0.2,0.75,0.493,9.838019,10.6644126,25.320803,80.1909831,90.8553957
6147,5007,2B,Tucson,2021,0.2,0.85,0.493,9.58187,10.38674708,27.170768,86.04982226,96.43656934
6148,5008,2B,Tucson,2021,0.2,0.8,0.493,9.705201,10.52043788,26.250529,83.13542534,93.65586323
6149,5009,2B,Tucson,2021,0.2,0.95,0.493,9.354182,10.13993329,29.001759,91.84857075,101.988504
6150,5010,2B,Tucson,2021,0.2,0.9,0.493,9.468026,10.26334018,28.08152,88.93417384,99.19751402
6151,5011,2B,Tucson,2021,0.3,0.01,0.493,17.067113,18.50075049,11.517218,36.47502941,54.9757799
6152,5012,2B,Tucson,2021,0.3,0.15,0.493,14.524597,15.74466315,14.173578,44.88772153,60.63238467
6153,5013,2B,Tucson,2021,0.3,0.1,0.493,15.283557,16.56737579,13.196417,41.79305264,58.36042843
6154,5014,2B,Tucson,2021,0.3,0.25,0.493,13.528462,14.66485281,15.985595,50.62637937,65.29123217
6155,5015,2B,Tucson,2021,0.3,0.2,0.493,13.983838,15.15848039,15.065356,47.71198245,62.87046284
6156,5016,2B,Tucson,2021,0.3,0.3,0.493,13.130008,14.23292867,16.88686,53.48068562,67.71361429
6157,5017,2B,Tucson,2021,0.3,0.35,0.493,12.788476,13.86270798,17.807099,56.39508253,70.25779052
6158,5018,2B,Tucson,2021,0.3,0.45,0.493,12.209769,13.2353896,19.657064,62.25392169,75.48931128
6159,5019,2B,Tucson,2021,0.3,0.4,0.493,12.484892,13.53362293,18.736825,59.33952478,72.8731477
6160,5020,2B,Tucson,2021,0.3,0.55,0.493,11.754393,12.74176201,21.507029,68.11276084,80.85452286
6161,5021,2B,Tucson,2021,0.3,0.5,0.493,11.972594,12.9782919,20.577303,65.1683186,78.1466105
6162,5022,2B,Tucson,2021,0.3,0.6,0.493,11.555166,12.52579994,22.436755,71.05720309,83.58300303
6163,5023,2B,Tucson,2021,0.3,0.65,0.493,11.374913,12.33040569,23.366481,74.00164533,86.33205102
6164,5024,2B,Tucson,2021,0.3,0.7,0.493,11.204147,12.14529535,24.28672,76.91604224,89.06133759
6165,5025,2B,Tucson,2021,0.3,0.75,0.493,11.052355,11.98075282,25.206959,79.83043915,91.81119197
6166,5026,2B,Tucson,2021,0.3,0.85,0.493,10.767745,11.67223558,27.03795,85.62918765,97.30142323
6167,5027,2B,Tucson,2021,0.3,0.8,0.493,10.91005,11.8264942,26.127198,82.74483607,94.57133027
6168,5028,2B,Tucson,2021,0.3,0.95,0.493,10.521083,11.40485397,28.84048,91.33780016,102.7426541
6169,5029,2B,Tucson,2021,0.3,0.9,0.493,10.644414,11.53854478,27.939215,88.48349391,100.0220387
6170,5030,2B,Tucson,2021,0.35,0.01,0.493,17.845047,19.34403095,11.536192,36.53512006,55.87915101
6171,5031,2B,Tucson,2021,0.35,0.15,0.493,15.217148,16.49538843,14.183065,44.91776686,61.41315529
6172,5032,2B,Tucson,2021,0.35,0.1,0.493,16.004569,17.3489528,13.215391,41.8531433,59.20209609
6173,5033,2B,Tucson,2021,0.35,0.25,0.493,14.192552,15.38472637,15.985595,50.62637937,66.01110573
6174,5034,2B,Tucson,2021,0.35,0.2,0.493,14.666902,15.89892177,15.08433,47.77207311,63.67099488
6175,5035,2B,Tucson,2021,0.35,0.3,0.493,13.784611,14.94251832,16.88686,53.48068562,68.42320394
6176,5036,2B,Tucson,2021,0.35,0.35,0.493,13.424105,14.55172982,17.797612,56.3650372,70.91676702
6177,5037,2B,Tucson,2021,0.35,0.45,0.493,12.826424,13.90384362,19.63809,62.19383103,76.09767465
6178,5038,2B,Tucson,2021,0.35,0.4,0.493,13.111034,14.21236086,18.717851,59.27943412,73.49179497
6179,5039,2B,Tucson,2021,0.35,0.55,0.493,12.352074,13.38964822,21.478568,68.02262486,81.41227307
6180,5040,2B,Tucson,2021,0.35,0.5,0.493,12.579762,13.63646201,20.558329,65.10822794,78.74468995
6181,5041,2B,Tucson,2021,0.35,0.6,0.493,12.152847,13.17368615,22.408294,70.9670671,84.14075325
6182,5042,2B,Tucson,2021,0.35,0.65,0.493,11.963107,12.96800799,23.328533,73.88146401,86.849472
6183,5043,2B,Tucson,2021,0.35,0.7,0.493,11.792341,12.78289764,24.248772,76.79586092,89.57875857
6184,5044,2B,Tucson,2021,0.35,0.75,0.493,11.631062,12.60807121,25.159524,79.68021251,92.28828372
6185,5045,2B,Tucson,2021,0.35,0.85,0.493,11.336965,12.28927006,26.981028,85.44891568,97.73818574
6186,5046,2B,Tucson,2021,0.35,0.8,0.493,11.47927,12.44352868,26.070276,82.56456409,95.00809277
6187,5047,2B,Tucson,2021,0.35,0.95,0.493,11.080816,12.01160454,28.764584,91.09743753,103.1090421
6188,5048,2B,Tucson,2021,0.35,0.9,0.493,11.204147,12.14529535,27.882293,88.30322193,100.4485173
6189,5049,2B,Tucson,2021,0.45,0.01,0.493,19.325019,20.9483206,11.583627,36.68534671,57.63366731
6190,5050,2B,Tucson,2021,0.45,0.15,0.493,16.535841,17.92485164,14.2305,45.0679935,62.99284514
6191,5051,2B,Tucson,2021,0.45,0.1,0.493,17.370697,18.82983555,13.262826,42.00336994,60.83320549
6192,5052,2B,Tucson,2021,0.45,0.25,0.493,15.454323,16.75248613,16.014056,50.71651535,67.46900148
6193,5053,2B,Tucson,2021,0.45,0.2,0.493,15.947647,17.28724935,15.112791,47.8622091,65.14945845
6194,5054,2B,Tucson,2021,0.45,0.3,0.493,15.027408,16.28971027,16.896347,53.51073095,69.80044122
6195,5055,2B,Tucson,2021,0.45,0.35,0.493,14.647928,15.87835395,17.797612,56.3650372,72.24339116
6196,5056,2B,Tucson,2021,0.45,0.45,0.493,14.002812,15.17904821,19.619116,62.13374037,77.31278858
6197,5057,2B,Tucson,2021,0.45,0.4,0.493,14.306396,15.50813326,18.708364,59.24938879,74.75752205
6198,5058,2B,Tucson,2021,0.45,0.55,0.493,13.500001,14.63400108,21.44062,67.90244354,82.53644462
6199,5059,2B,Tucson,2021,0.45,0.5,0.493,13.746663,14.90138269,20.520381,64.98804663,79.88942932
6200,5060,2B,Tucson,2021,0.45,0.6,0.493,13.2818,14.3974712,22.360859,70.81684045,85.21431165
6201,5061,2B,Tucson,2021,0.45,0.65,0.493,13.073086,14.17122522,23.271611,73.70119204,87.87241726
6202,5062,2B,Tucson,2021,0.45,0.7,0.493,12.892833,13.97583097,24.182363,76.58554362,90.56137459
6203,5063,2B,Tucson,2021,0.45,0.75,0.493,12.722067,13.79072063,25.093115,79.46989521,93.26061583
6204,5064,2B,Tucson,2021,0.45,0.85,0.493,12.408996,13.45135166,26.886158,85.14846239,98.59981405
6205,5065,2B,Tucson,2021,0.45,0.8,0.493,12.560788,13.61589419,25.99438,82.32420146,95.94009565
6206,5066,2B,Tucson,2021,0.45,0.95,0.493,12.14336,13.16340224,28.631766,90.67680292,103.8402052
6207,5067,2B,Tucson,2021,0.45,0.9,0.493,12.266691,13.29709304,27.787423,88.00276864,101.2998617
6208,5068,2B,Tucson,2021,0.4,0.01,0.493,18.604007,20.16674359,11.555166,36.59521072,56.76195431
6209,5069,2B,Tucson,2021,0.4,0.15,0.493,15.890725,17.2255459,14.202039,44.97785751,62.20340341
6210,5070,2B,Tucson,2021,0.4,0.1,0.493,16.69712,18.09967808,13.243852,41.94327928,60.04295736
6211,5071,2B,Tucson,2021,0.4,0.25,0.493,14.837668,16.08403211,15.995082,50.65642469,66.74045681
6212,5072,2B,Tucson,2021,0.4,0.2,0.493,15.321505,16.60851142,15.093817,47.80211844,64.41062986
6213,5073,2B,Tucson,2021,0.4,0.3,0.493,14.42024,15.63154016,16.88686,53.48068562,69.11222578
6214,5074,2B,Tucson,2021,0.4,0.35,0.493,14.04076,15.22018384,17.797612,56.3650372,71.58522104
6215,5075,2B,Tucson,2021,0.4,0.45,0.493,13.424105,14.55172982,19.619116,62.13374037,76.68547019
6216,5076,2B,Tucson,2021,0.4,0.4,0.493,13.718202,14.87053097,18.708364,59.24938879,74.11991976
6217,5077,2B,Tucson,2021,0.4,0.55,0.493,12.940268,14.02725051,21.459594,67.9625342,81.98978471
6218,5078,2B,Tucson,2021,0.4,0.5,0.493,13.177443,14.28434821,20.539355,65.04813729,79.3324855
6219,5079,2B,Tucson,2021,0.4,0.6,0.493,12.722067,13.79072063,22.379833,70.87693111,84.66765174
6220,5080,2B,Tucson,2021,0.4,0.65,0.493,12.532327,13.58504247,23.300072,73.79132802,87.37637049
6221,5081,2B,Tucson,2021,0.4,0.7,0.493,12.352074,13.38964822,24.210824,76.67567961,90.06532782
6222,5082,2B,Tucson,2021,0.4,0.75,0.493,12.181308,13.20453787,25.121576,79.56003119,92.76456906
6223,5083,2B,Tucson,2021,0.4,0.85,0.493,11.877724,12.87545282,26.933593,85.29868903,98.17414185
6224,5084,2B,Tucson,2021,0.4,0.8,0.493,12.029516,13.03999534,26.032328,82.44438278,95.48437812
6225,5085,2B,Tucson,2021,0.4,0.95,0.493,11.621575,12.5977873,28.698175,90.88712023,103.4849075
6226,5086,2B,Tucson,2021,0.4,0.9,0.493,11.744906,12.7314781,27.834858,88.15299529,100.8844734
6227,5087,2B,Tucson,2021,0.55,0.01,0.493,20.700634,22.43948726,11.631062,36.83557335,59.27506061
6228,5088,2B,Tucson,2021,0.55,0.15,0.493,17.750177,19.24119187,14.296909,45.2783108,64.51950267
6229,5089,2B,Tucson,2021,0.55,0.1,0.493,18.622981,20.1873114,13.319748,42.18364192,62.37095332
6230,5090,2B,Tucson,2021,0.55,0.25,0.493,16.621224,18.01740682,16.052004,50.83669667,68.85410348
6231,5091,2B,Tucson,2021,0.55,0.2,0.493,17.143009,18.58302176,15.169713,48.04248107,66.62550283
6232,5092,2B,Tucson,2021,0.55,0.3,0.493,16.175335,17.53406314,16.934295,53.63091227,71.16497541
6233,5093,2B,Tucson,2021,0.55,0.35,0.493,15.776881,17.102139,17.826073,56.45517319,73.55731219
6234,5094,2B,Tucson,2021,0.55,0.45,0.493,15.112791,16.38226544,19.619116,62.13374037,78.51600582
6235,5095,2B,Tucson,2021,0.55,0.4,0.493,15.416375,16.7113505,18.717851,59.27943412,75.99078462
6236,5096,2B,Tucson,2021,0.55,0.55,0.493,14.562545,15.78579878,21.431133,67.87239821,83.65819699
6237,5097,2B,Tucson,2021,0.55,0.5,0.493,14.828181,16.0737482,20.510894,64.9580013,81.0317495
6238,5098,2B,Tucson,2021,0.55,0.6,0.493,14.334857,15.53898499,22.341885,70.7567498,86.29573478
6239,5099,2B,Tucson,2021,0.55,0.65,0.493,14.116656,15.3024551,23.24315,73.61105605,88.91351115
6240,5100,2B,Tucson,2021,0.55,0.7,0.493,13.926916,15.09677694,24.144415,76.46536231,91.56213925
6241,5101,2B,Tucson,2021,0.55,0.75,0.493,13.746663,14.90138269,25.036193,79.28962323,94.19100592
6242,5102,2B,Tucson,2021,0.55,0.85,0.493,13.414618,14.54144591,26.819749,84.93814508,99.479591
6243,5103,2B,Tucson,2021,0.55,0.8,0.493,13.575897,14.71627235,25.937458,82.14392949,96.86020183
6244,5104,2B,Tucson,2021,0.55,0.95,0.493,13.139495,14.24321258,28.517922,90.31625897,104.5594716
6245,5105,2B,Tucson,2021,0.55,0.9,0.493,13.262826,14.37690338,27.711527,87.76240601,102.1393094
6246,5106,2B,Tucson,2021,0.5,0.01,0.493,20.027057,21.70932979,11.602601,36.74543737,58.45476716
6247,5107,2B,Tucson,2021,0.5,0.15,0.493,17.152496,18.59330566,14.258961,45.15812949,63.75143515
6248,5108,2B,Tucson,2021,0.5,0.1,0.493,18.006326,19.51885738,13.291287,42.09350593,61.61236331
6249,5109,2B,Tucson,2021,0.5,0.25,0.493,16.052004,17.40037234,16.03303,50.77660601,68.17697835
6250,5110,2B,Tucson,2021,0.5,0.2,0.493,16.554815,17.94541946,15.141252,47.95234508,65.89776454
6251,5111,2B,Tucson,2021,0.5,0.3,0.493,15.615602,16.92731257,16.915321,53.57082161,70.49813417
6252,5112,2B,Tucson,2021,0.5,0.35,0.493,15.217148,16.49538843,17.807099,56.39508253,72.89047096
6253,5113,2B,Tucson,2021,0.5,0.45,0.493,14.562545,15.78579878,19.609629,62.10369504,77.88949382
6254,5114,2B,Tucson,2021,0.5,0.4,0.493,14.875616,16.12516774,18.708364,59.24938879,75.37455653
6255,5115,2B,Tucson,2021,0.5,0.55,0.493,14.04076,15.22018384,21.431133,67.87239821,83.09258205
6256,5116,2B,Tucson,2021,0.5,0.5,0.493,14.296909,15.49784936,20.520381,64.98804663,80.48589598
6257,5117,2B,Tucson,2021,0.5,0.6,0.493,13.813072,14.97337005,22.351372,70.78679512,85.76016517
6258,5118,2B,Tucson,2021,0.5,0.65,0.493,13.604358,14.74712407,23.252637,73.64110138,88.38822545
6259,5119,2B,Tucson,2021,0.5,0.7,0.493,13.424105,14.55172982,24.163389,76.52545296,91.07718278
6260,5120,2B,Tucson,2021,0.5,0.75,0.493,13.243852,14.35633557,25.064654,79.37975922,93.73609479
6261,5121,2B,Tucson,2021,0.5,0.85,0.493,12.921294,14.0066827,26.857697,85.0583264,99.0650091
6262,5122,2B,Tucson,2021,0.5,0.8,0.493,13.073086,14.17122522,25.956432,82.20402014,96.37524537
6263,5123,2B,Tucson,2021,0.5,0.95,0.493,12.646171,13.70844936,28.574844,90.49653095,104.2049803
6264,5124,2B,Tucson,2021,0.5,0.9,0.493,12.769502,13.84214017,27.739988,87.852542,101.6946822
6265,5125,2B,Tucson,2021,0.6,0.01,0.493,21.34575,23.138793,11.659523,36.92570934,60.06450234
6266,5126,2B,Tucson,2021,0.6,0.15,0.493,18.319397,19.85822635,14.334857,45.39849212,65.25671847
6267,5127,2B,Tucson,2021,0.6,0.1,0.493,19.211175,20.8249137,13.357696,42.30382323,63.12873693
6268,5128,2B,Tucson,2021,0.6,0.25,0.493,17.17147,18.61387348,16.080465,50.92683266,69.54070614
6269,5129,2B,Tucson,2021,0.6,0.2,0.493,17.702742,19.18977233,15.207661,48.16266239,67.35243472
6270,5130,2B,Tucson,2021,0.6,0.3,0.493,16.716094,18.1202459,16.953269,53.69100292,71.81124882
6271,5131,2B,Tucson,2021,0.6,0.35,0.493,16.308153,17.67803785,17.845047,56.51526385,74.1933017
6272,5132,2B,Tucson,2021,0.6,0.45,0.493,15.625089,16.93759648,19.628603,62.1637857,79.10138218
6273,5133,2B,Tucson,2021,0.6,0.4,0.493,15.947647,17.28724935,18.736825,59.33952478,76.62677412
6274,5134,2B,Tucson,2021,0.6,0.55,0.493,15.074843,16.34112981,21.431133,67.87239821,84.21352802
6275,5135,2B,Tucson,2021,0.6,0.5,0.493,15.340479,16.62907924,20.520381,64.98804663,81.61712586
6276,5136,2B,Tucson,2021,0.6,0.6,0.493,14.837668,16.08403211,22.332398,70.72670447,86.81073658
6277,5137,2B,Tucson,2021,0.6,0.65,0.493,14.619467,15.84750223,23.233663,73.58101072,89.42851295
6278,5138,2B,Tucson,2021,0.6,0.7,0.493,14.42024,15.63154016,24.125441,76.40527165,92.03681181
6279,5139,2B,Tucson,2021,0.6,0.75,0.493,14.2305,15.425862,25.026706,79.2595779,94.6854399
6280,5140,2B,Tucson,2021,0.6,0.85,0.493,13.898455,15.06592522,26.800775,84.87805443,99.94397964
6281,5141,2B,Tucson,2021,0.6,0.8,0.493,14.059734,15.24075166,25.908997,82.0537935,97.29454516
6282,5142,2B,Tucson,2021,0.6,0.95,0.493,13.613845,14.75740798,28.470487,90.16603233,104.9234403
6283,5143,2B,Tucson,2021,0.6,0.9,0.493,13.746663,14.90138269,27.673579,87.64222469,102.5436074
6284,5144,2B,Tucson,2021,0.65,0.01,0.493,21.962405,23.80724702,11.687984,37.01584533,60.82309235
6285,5145,2B,Tucson,2021,0.65,0.15,0.493,18.831695,20.41355738,14.410753,45.63885475,66.05241213
6286,5146,2B,Tucson,2021,0.65,0.1,0.493,19.751934,21.41109646,13.424105,42.51414054,63.92523699
6287,5147,2B,Tucson,2021,0.65,0.25,0.493,17.617359,19.09721716,16.232257,51.40755792,70.50477508
6288,5148,2B,Tucson,2021,0.65,0.2,0.493,18.177092,19.70396773,15.321505,48.52320634,68.22717406
6289,5149,2B,Tucson,2021,0.65,0.3,0.493,17.143009,18.58302176,17.133522,54.26186417,72.84488593
6290,5150,2B,Tucson,2021,0.65,0.35,0.493,16.725581,18.1305298,18.044274,57.14621576,75.27674556
6291,5151,2B,Tucson,2021,0.65,0.45,0.493,16.052004,17.40037234,19.837317,62.82478294,80.22515527
6292,5152,2B,Tucson,2021,0.65,0.4,0.493,16.365075,17.7397413,18.945539,60.00052201,77.74026331
6293,5153,2B,Tucson,2021,0.65,0.55,0.493,15.501758,16.80390567,21.620873,68.47330479,85.27721046
6294,5154,2B,Tucson,2021,0.65,0.5,0.493,15.757907,17.08157119,20.738582,65.67908919,82.76066038
6295,5155,2B,Tucson,2021,0.65,0.6,0.493,15.27407,16.55709188,22.512651,71.29756572,87.8546576
6296,5156,2B,Tucson,2021,0.65,0.65,0.493,15.046382,16.31027809,23.442377,74.24200796,90.55228605
6297,5157,2B,Tucson,2021,0.65,0.7,0.493,14.856642,16.10459993,24.324668,77.03622356,93.14082348
6298,5158,2B,Tucson,2021,0.65,0.75,0.493,14.666902,15.89892177,25.197472,79.80039382,95.69931559
6299,5159,2B,Tucson,2021,0.65,0.85,0.493,14.334857,15.53898499,26.962054,85.38882502,100.92781
6300,5160,2B,Tucson,2021,0.65,0.8,0.493,14.496136,15.71381142,26.079763,82.59460942,98.30842085
6301,5161,2B,Tucson,2021,0.65,0.95,0.493,14.050247,15.23046775,28.641253,90.70684825,105.937316
6302,5162,2B,Tucson,2021,0.65,0.9,0.493,14.183065,15.37444246,27.825371,88.12294996,103.4973924
6303,5163,2B,Tucson,2021,0.7,0.01,0.493,22.560086,24.45513322,11.725932,37.13602664,61.59115987
6304,5164,2B,Tucson,2021,0.7,0.15,0.493,19.325019,20.9483206,14.496136,45.90926271,66.85758331
6305,5165,2B,Tucson,2021,0.7,0.1,0.493,20.254745,21.95614358,13.500001,42.75450317,64.71064675
6306,5166,2B,Tucson,2021,0.7,0.25,0.493,18.044274,19.55999302,16.393536,51.91832851,71.47832153
6307,5167,2B,Tucson,2021,0.7,0.2,0.493,18.632468,20.19759531,15.444836,48.91379561,69.11139092
6308,5168,2B,Tucson,2021,0.7,0.3,0.493,17.55095,19.0252298,17.332749,54.89281608,73.91804588
6309,5169,2B,Tucson,2021,0.7,0.35,0.493,17.124035,18.56245394,18.252988,57.807213,76.36966694
6310,5170,2B,Tucson,2021,0.7,0.45,0.493,16.440971,17.82201256,20.074492,63.57591616,81.39792873
6311,5171,2B,Tucson,2021,0.7,0.4,0.493,16.763529,18.17166544,19.173227,60.72160991,78.89327535
6312,5172,2B,Tucson,2021,0.7,0.55,0.493,15.909699,17.24611372,21.839074,69.16434736,86.41046107
6313,5173,2B,Tucson,2021,0.7,0.5,0.493,16.165848,17.52377923,20.96627,66.40017709,83.92395632
6314,5174,2B,Tucson,2021,0.7,0.6,0.493,15.682011,16.99929992,22.711878,71.92851763,88.92781755
6315,5175,2B,Tucson,2021,0.7,0.65,0.493,15.454323,16.75248613,23.670065,74.96309586,91.71558199
6316,5176,2B,Tucson,2021,0.7,0.7,0.493,15.27407,16.55709188,24.523895,77.66717547,94.22426735
6317,5177,2B,Tucson,2021,0.7,0.75,0.493,15.093817,16.36169763,25.387212,80.4013004,96.76299803
6318,5178,2B,Tucson,2021,0.7,0.85,0.493,14.752285,15.99147694,27.123333,85.89959561,101.8910726
6319,5179,2B,Tucson,2021,0.7,0.8,0.493,14.913564,16.16630338,26.260016,83.16547067,99.33177405
6320,5180,2B,Tucson,2021,0.7,0.95,0.493,14.467675,15.6829597,28.812019,91.24766417,106.9306239
6321,5181,2B,Tucson,2021,0.7,0.9,0.493,14.60998,15.83721832,27.98665,88.63372055,104.4709389
6322,5182,2B,Tucson,2021,0.75,0.01,0.493,23.129306,25.0721677,11.754393,37.22616263,62.29833034
6323,5183,2B,Tucson,2021,0.75,0.15,0.493,19.789882,21.45223209,14.600493,46.23976133,67.69199342
6324,5184,2B,Tucson,2021,0.75,0.1,0.493,20.738582,22.48062289,13.575897,42.9948658,65.47548869
6325,5185,2B,Tucson,2021,0.75,0.25,0.493,18.433241,19.98163324,16.573789,52.48918976,72.47082301
6326,5186,2B,Tucson,2021,0.75,0.2,0.493,19.040409,20.63980336,15.587141,49.36447555,70.0042789
6327,5187,2B,Tucson,2021,0.75,0.3,0.493,17.920943,19.42630221,17.55095,55.58385865,75.01016086
6328,5188,2B,Tucson,2021,0.75,0.35,0.493,17.494028,18.96352635,18.49965,58.58839155,77.5519179
6329,5189,2B,Tucson,2021,0.75,0.45,0.493,16.810964,18.22308498,20.340128,64.41718538,82.64027035
6330,5190,2B,Tucson,2021,0.75,0.4,0.493,17.124035,18.56245394,19.429376,61.53283379,80.09528773
6331,5191,2B,Tucson,2021,0.75,0.55,0.493,16.289179,17.65747004,22.095223,69.97557124,87.63304128
6332,5192,2B,Tucson,2021,0.75,0.5,0.493,16.535841,17.92485164,21.231906,67.2414463,85.16629795
6333,5193,2B,Tucson,2021,0.75,0.6,0.493,16.070978,17.42094015,22.949053,72.67965085,90.100591
6334,5194,2B,Tucson,2021,0.75,0.65,0.493,15.84329,17.17412636,23.926214,75.77431974,92.9484461
6335,5195,2B,Tucson,2021,0.75,0.7,0.493,15.663037,16.97873211,24.742096,78.35821803,95.33695014
6336,5196,2B,Tucson,2021,0.75,0.75,0.493,15.492271,16.79362176,25.586439,81.03225231,97.82587408
6337,5197,2B,Tucson,2021,0.75,0.85,0.493,15.160226,16.43368498,27.294099,86.44041153,102.8740965
6338,5198,2B,Tucson,2021,0.75,0.8,0.493,15.321505,16.60851142,26.440269,83.73633192,100.3448433
6339,5199,2B,Tucson,2021,0.75,0.95,0.493,14.875616,16.12516774,28.973298,91.75843477,107.8836025
6340,5200,2B,Tucson,2021,0.75,0.9,0.493,15.017921,16.27942636,28.138442,89.11444581,105.3938722
6341,5201,2B,Tucson,2021,0.85,0.01,0.493,24.248772,26.28566885,11.811315,37.40643461,63.69210345
6342,5202,2B,Tucson,2021,0.85,0.15,0.493,20.77653,22.52175852,14.657415,46.42003331,68.94179183
6343,5203,2B,Tucson,2021,0.85,0.1,0.493,21.763178,23.59128495,13.642306,43.2051831,66.79646805
6344,5204,2B,Tucson,2021,0.85,0.25,0.493,19.334506,20.9586045,16.687633,52.84973371,73.80833821
6345,5205,2B,Tucson,2021,0.85,0.2,0.493,19.979622,21.65791025,15.672524,49.63488351,71.29279376
6346,5206,2B,Tucson,2021,0.85,0.3,0.493,18.803234,20.38270566,17.674281,55.97444793,76.35715358
6347,5207,2B,Tucson,2021,0.85,0.35,0.493,18.347858,19.88907807,18.651442,59.06911681,78.95819489
6348,5208,2B,Tucson,2021,0.85,0.45,0.493,17.655307,19.13835279,20.49192,64.89791064,84.03626343
6349,5209,2B,Tucson,2021,0.85,0.4,0.493,17.977865,19.48800566,19.581168,62.01355906,81.50156472
6350,5210,2B,Tucson,2021,0.85,0.55,0.493,17.124035,18.56245394,22.256502,70.48634183,89.04879577
6351,5211,2B,Tucson,2021,0.85,0.5,0.493,17.370697,18.82983555,21.393185,67.7522169,86.58205244
6352,5212,2B,Tucson,2021,0.85,0.6,0.493,16.905834,18.32592406,23.091358,73.13033079,91.45625484
6353,5213,2B,Tucson,2021,0.85,0.65,0.493,16.659172,18.05854245,24.087493,76.28509033,94.34363278
6354,5214,2B,Tucson,2021,0.85,0.7,0.493,16.478919,17.8631482,24.893888,78.8389433,96.70209149
6355,5215,2B,Tucson,2021,0.85,0.75,0.493,16.308153,17.67803785,25.70977,81.42284159,99.10087944
6356,5216,2B,Tucson,2021,0.85,0.85,0.493,15.976108,17.31810107,27.398456,86.77091015,104.0890112
6357,5217,2B,Tucson,2021,0.85,0.8,0.493,16.137387,17.49292751,26.554113,84.09687587,101.5898034
6358,5218,2B,Tucson,2021,0.85,0.95,0.493,15.682011,16.99929992,29.058681,92.02884273,109.0281427
6359,5219,2B,Tucson,2021,0.85,0.9,0.493,15.824316,17.15355854,28.233312,89.4148991,106.5684576
6360,5220,2B,Tucson,2021,0.8,0.01,0.493,23.708013,25.69948609,11.773367,37.28625329,62.98573938
6361,5221,2B,Tucson,2021,0.8,0.15,0.493,20.311667,22.01784703,14.600493,46.23976133,68.25760836
6362,5222,2B,Tucson,2021,0.8,0.1,0.493,21.279341,23.06680564,13.585384,43.02491113,66.09171677
6363,5223,2B,Tucson,2021,0.8,0.25,0.493,18.898104,20.48554474,16.621224,52.63941641,73.12496114
6364,5224,2B,Tucson,2021,0.8,0.2,0.493,19.533733,21.17456657,15.615602,49.45461153,70.62917811
6365,5225,2B,Tucson,2021,0.8,0.3,0.493,18.366832,19.90964589,17.607872,55.76413062,75.67377651
6366,5226,2B,Tucson,2021,0.8,0.35,0.493,17.920943,19.42630221,18.575546,58.82875418,78.25505639
6367,5227,2B,Tucson,2021,0.8,0.45,0.493,17.228392,18.67557693,20.425511,64.68759334,83.36317027
6368,5228,2B,Tucson,2021,0.8,0.4,0.493,17.55095,19.0252298,19.514759,61.80324175,80.82847155
6369,5229,2B,Tucson,2021,0.8,0.55,0.493,16.706607,18.10996199,22.19958,70.30606986,88.41603185
6370,5230,2B,Tucson,2021,0.8,0.5,0.493,16.953269,18.3773436,21.326776,67.54189959,85.91924319
6371,5231,2B,Tucson,2021,0.8,0.6,0.493,16.488406,17.8734321,23.043923,72.98010414,90.85353625
6372,5232,2B,Tucson,2021,0.8,0.65,0.493,16.251231,17.6163344,24.059032,76.19495434,93.81128875
6373,5233,2B,Tucson,2021,0.8,0.7,0.493,16.070978,17.42094015,24.874914,78.77885264,96.19979279
6374,5234,2B,Tucson,2021,0.8,0.75,0.493,15.900212,17.23582981,25.700283,81.39279626,98.62862607
6375,5235,2B,Tucson,2021,0.8,0.85,0.493,15.568167,16.87589303,27.407943,86.80095548,103.6768485
6376,5236,2B,Tucson,2021,0.8,0.8,0.493,15.729446,17.05071946,26.554113,84.09687587,101.1475953
6377,5237,2B,Tucson,2021,0.8,0.95,0.493,15.283557,16.56737579,29.087142,92.11897871,108.6863545
6378,5238,2B,Tucson,2021,0.8,0.9,0.493,15.416375,16.7113505,28.252286,89.47498976,106.1863403
6379,5239,2B,Tucson,2021,0.95,0.01,0.493,25.273368,27.39633091,11.868237,37.58670658,64.98303749
6380,5240,2B,Tucson,2021,0.95,0.15,0.493,21.649334,23.46787806,14.780746,46.81062258,70.27850064
6381,5241,2B,Tucson,2021,0.95,0.1,0.493,22.67393,24.57854012,13.746663,43.53568172,68.11422184
6382,5242,2B,Tucson,2021,0.95,0.25,0.493,20.159875,21.8533045,16.839425,53.33045898,75.18376347
6383,5243,2B,Tucson,2021,0.95,0.2,0.493,20.833452,22.58346197,15.824316,50.11560877,72.69907074
6384,5244,2B,Tucson,2021,0.95,0.3,0.493,19.609629,21.25683784,17.83556,56.48521852,77.74205636
6385,5245,2B,Tucson,2021,0.95,0.35,0.493,19.154253,20.76321025,18.803234,59.54984208,80.31305233
6386,5246,2B,Tucson,2021,0.95,0.45,0.493,18.442728,19.99191715,20.653199,65.40868123,85.40059839
6387,5247,2B,Tucson,2021,0.95,0.4,0.493,18.774773,20.35185393,19.742447,62.52432965,82.87618358
6388,5248,2B,Tucson,2021,0.95,0.55,0.493,17.901969,19.4057344,22.379833,70.87693111,90.28266551
6389,5249,2B,Tucson,2021,0.95,0.5,0.493,18.158118,19.68339991,21.53549,68.20289683,87.88629674
6390,5250,2B,Tucson,2021,0.95,0.6,0.493,17.683768,19.16920451,23.195715,73.46082941,92.63003392
6391,5251,2B,Tucson,2021,0.95,0.65,0.493,17.437106,18.9018229,24.172876,76.55549829,95.4573212
6392,5252,2B,Tucson,2021,0.95,0.7,0.493,17.256853,18.70642865,24.95081,79.01921527,97.72564392
6393,5253,2B,Tucson,2021,0.95,0.75,0.493,17.086087,18.52131831,25.747718,81.54302291,100.0643412
6394,5254,2B,Tucson,2021,0.95,0.85,0.493,16.744555,18.15109762,27.388969,86.74086482,104.8919624
6395,5255,2B,Tucson,2021,0.95,0.8,0.493,16.915321,18.33620796,26.573087,84.15696653,102.4931745
6396,5256,2B,Tucson,2021,0.95,0.95,0.493,16.450458,17.83229647,29.011246,91.87861608,109.7109126
6397,5257,2B,Tucson,2021,0.95,0.9,0.493,16.592763,17.98655509,28.204851,89.32476312,107.3113182
6398,5258,2B,Tucson,2021,0.9,0.01,0.493,24.770557,26.85128379,11.839776,37.49657059,64.34785438
6399,5259,2B,Tucson,2021,0.9,0.15,0.493,21.222419,23.0051022,14.723824,46.63035061,69.6354528
6400,5260,2B,Tucson,2021,0.9,0.1,0.493,22.228041,24.09519644,13.689741,43.35540975,67.45060619
6401,5261,2B,Tucson,2021,0.9,0.25,0.493,19.761421,21.42138036,16.754042,53.06005101,74.48143138
6402,5262,2B,Tucson,2021,0.9,0.2,0.493,20.416024,22.13097002,15.74842,49.87524614,72.00621616
6403,5263,2B,Tucson,2021,0.9,0.3,0.493,19.211175,20.8249137,17.759664,56.24485589,77.06976959
6404,5264,2B,Tucson,2021,0.9,0.35,0.493,18.765286,20.34157002,18.727338,59.30947945,79.65104947
6405,5265,2B,Tucson,2021,0.9,0.45,0.493,18.053761,19.57027692,20.567816,65.13827327,84.7085502
6406,5266,2B,Tucson,2021,0.9,0.4,0.493,18.385806,19.9302137,19.657064,62.25392169,82.18413539
6407,5267,2B,Tucson,2021,0.9,0.55,0.493,17.522489,18.99437808,22.313424,70.66661381,89.66099188
6408,5268,2B,Tucson,2021,0.9,0.5,0.493,17.769151,19.26175968,21.459594,67.9625342,87.22429388
6409,5269,2B,Tucson,2021,0.9,0.6,0.493,17.294801,18.74756428,23.138793,73.28055743,92.02812172
6410,5270,2B,Tucson,2021,0.9,0.65,0.493,17.057626,18.49046658,24.134928,76.43531698,94.92578356
6411,5271,2B,Tucson,2021,0.9,0.7,0.493,16.877373,18.29507233,24.922349,78.92907928,97.22415162
6412,5272,2B,Tucson,2021,0.9,0.75,0.493,16.706607,18.10996199,25.728744,81.48293225,99.59289424
6413,5273,2B,Tucson,2021,0.9,0.85,0.493,16.365075,17.7397413,27.388969,86.74086482,104.4806061
6414,5274,2B,Tucson,2021,0.9,0.8,0.493,16.526354,17.91456774,26.5636,84.1269212,102.0414889
6415,5275,2B,Tucson,2021,0.9,0.95,0.493,16.080465,17.43122406,29.03022,91.93870674,109.3699308
6416,5276,2B,Tucson,2021,0.9,0.9,0.493,16.213283,17.57519877,28.214338,89.35480845,106.9300072
7937,6797,3AWH,Montgomery,2021,0.01,0.01,0.34,16.754042,18.16138153,7.162685,22.6842234,40.84560492
7938,6798,3AWH,Montgomery,2021,0.01,0.15,0.34,13.2818,14.3974712,9.344695,29.59464907,43.99212027
7939,6799,3AWH,Montgomery,2021,0.01,0.1,0.34,14.372805,15.58012062,8.5383,27.0407961,42.62091672
7940,6800,3AWH,Montgomery,2021,0.01,0.25,0.34,11.820802,12.81374937,10.843641,34.34181105,47.15556042
7941,6801,3AWH,Montgomery,2021,0.01,0.2,0.34,12.484892,13.53362293,10.084681,31.93818473,45.47180766
7942,6802,3AWH,Montgomery,2021,0.01,0.3,0.34,11.280043,12.22756661,11.602601,36.74543737,48.97300398
7943,6803,3AWH,Montgomery,2021,0.01,0.35,0.34,10.834154,11.74422294,12.380535,39.20915435,50.95337728
7944,6804,3AWH,Montgomery,2021,0.01,0.45,0.34,10.141603,10.99349765,14.078708,44.58726824,55.58076589
7945,6805,3AWH,Montgomery,2021,0.01,0.4,0.34,10.464161,11.34315052,13.224878,41.88318863,53.22633915
7946,6806,3AWH,Montgomery,2021,0.01,0.55,0.34,9.67674,10.48958616,15.700985,49.7250195,60.21460566
7947,6807,3AWH,Montgomery,2021,0.01,0.5,0.34,9.894941,10.72611604,14.885103,47.1411212,57.86723725
7948,6808,3AWH,Montgomery,2021,0.01,0.6,0.34,9.477513,10.27362409,16.516867,52.30891779,62.58254188
7949,6809,3AWH,Montgomery,2021,0.01,0.65,0.34,9.306747,10.08851375,17.332749,54.89281608,64.98132983
7950,6810,3AWH,Montgomery,2021,0.01,0.7,0.34,9.173929,9.944539036,18.129657,57.41662372,67.36116276
7951,6811,3AWH,Montgomery,2021,0.01,0.75,0.34,9.041111,9.800564324,18.945539,60.00052201,69.80108634
7952,6812,3AWH,Montgomery,2021,0.01,0.85,0.34,8.82291,9.56403444,20.567816,65.13827327,74.70230771
7953,6813,3AWH,Montgomery,2021,0.01,0.8,0.34,8.927267,9.677157428,19.751934,62.55437498,72.23153241
7954,6814,3AWH,Montgomery,2021,0.01,0.95,0.34,8.642657,9.368640188,22.180606,70.2459792,79.61461939
7955,6815,3AWH,Montgomery,2021,0.01,0.9,0.34,8.72804,9.46119536,21.383698,67.72217157,77.18336693
7956,6816,3AWH,Montgomery,2021,0.05,0.01,0.34,18.139144,19.6628321,7.096276,22.47390609,42.13673819
7957,6817,3AWH,Montgomery,2021,0.05,0.15,0.34,14.524597,15.74466315,9.249825,29.29419578,45.03885892
7958,6818,3AWH,Montgomery,2021,0.05,0.1,0.34,15.65355,16.9684482,8.471891,26.8304788,43.798927
7959,6819,3AWH,Montgomery,2021,0.05,0.25,0.34,12.978216,14.06838614,10.729797,33.9812671,48.04965324
7960,6820,3AWH,Montgomery,2021,0.05,0.2,0.34,13.680254,14.82939534,9.980324,31.60768611,46.43708144
7961,6821,3AWH,Montgomery,2021,0.05,0.3,0.34,12.390022,13.43078385,11.488757,36.38489342,49.81567727
7962,6822,3AWH,Montgomery,2021,0.05,0.35,0.34,11.915672,12.91658845,12.266691,38.8486104,51.76519885
7963,6823,3AWH,Montgomery,2021,0.05,0.45,0.34,11.156712,12.09387581,13.936403,44.1365883,56.23046411
7964,6824,3AWH,Montgomery,2021,0.05,0.4,0.34,11.498244,12.4640965,13.09206,41.46255402,53.92665052
7965,6825,3AWH,Montgomery,2021,0.05,0.55,0.34,10.62544,11.51797696,15.549193,49.24429423,60.76227119
7966,6826,3AWH,Montgomery,2021,0.05,0.5,0.34,10.872102,11.78535857,14.742798,46.69044127,58.47579983
7967,6827,3AWH,Montgomery,2021,0.05,0.6,0.34,10.416726,11.29173098,16.355588,51.7981472,63.08987818
7968,6828,3AWH,Montgomery,2021,0.05,0.65,0.34,10.226986,11.08605282,17.161983,54.35200016,65.43805299
7969,6829,3AWH,Montgomery,2021,0.05,0.7,0.34,10.075194,10.9215103,17.958891,56.8758078,67.79731809
7970,6830,3AWH,Montgomery,2021,0.05,0.75,0.34,9.932889,10.76725168,18.765286,59.42966076,70.19691244
7971,6831,3AWH,Montgomery,2021,0.05,0.85,0.34,9.686227,10.49987007,20.387563,64.56741202,75.06728209
7972,6832,3AWH,Montgomery,2021,0.05,0.8,0.34,9.800071,10.62327696,19.571681,61.98351373,72.60679069
7973,6833,3AWH,Montgomery,2021,0.05,0.95,0.34,9.477513,10.27362409,21.990866,69.64507262,79.91869671
7974,6834,3AWH,Montgomery,2021,0.05,0.9,0.34,9.58187,10.38674708,21.193958,67.12126499,77.50801207
7975,6835,3AWH,Montgomery,2021,0.15,0.01,0.34,21.469081,23.2724838,6.972945,22.08331682,45.35580062
7976,6836,3AWH,Montgomery,2021,0.15,0.15,0.34,17.494028,18.96352635,9.088546,28.78342518,47.74695153
7977,6837,3AWH,Montgomery,2021,0.15,0.1,0.34,18.746312,20.32100221,8.310612,26.3197082,46.64071041
7978,6838,3AWH,Montgomery,2021,0.15,0.25,0.34,15.786368,17.11242291,10.511596,33.29022453,50.40264744
7979,6839,3AWH,Montgomery,2021,0.15,0.2,0.34,16.573789,17.96598728,9.790584,31.00677953,48.9727668
7980,6840,3AWH,Montgomery,2021,0.15,0.3,0.34,15.112791,16.38226544,11.251582,35.63376019,52.01602564
7981,6841,3AWH,Montgomery,2021,0.15,0.35,0.34,14.534084,15.75494706,12.001055,38.00734119,53.76228824
7982,6842,3AWH,Montgomery,2021,0.15,0.45,0.34,13.613845,14.75740798,13.632819,43.17513777,57.93254575
7983,6843,3AWH,Montgomery,2021,0.15,0.4,0.34,14.04076,15.22018384,12.80745,40.56119415,55.78137799
7984,6844,3AWH,Montgomery,2021,0.15,0.55,0.34,12.968729,14.05810224,15.217148,48.19270772,62.25080995
7985,6845,3AWH,Montgomery,2021,0.15,0.5,0.34,13.272313,14.38718729,14.429727,45.69894541,60.0861327
7986,6846,3AWH,Montgomery,2021,0.15,0.6,0.34,12.71258,13.78043672,16.004569,50.68647002,64.46690674
7987,6847,3AWH,Montgomery,2021,0.15,0.65,0.34,12.484892,13.53362293,16.79199,53.18023233,66.71385526
7988,6848,3AWH,Montgomery,2021,0.15,0.7,0.34,12.285665,13.31766086,17.598385,55.7340853,69.05174616
7989,6849,3AWH,Montgomery,2021,0.15,0.75,0.34,12.105412,13.12226661,18.385806,58.2278476,71.35011421
7990,6850,3AWH,Montgomery,2021,0.15,0.85,0.34,11.801828,12.79318155,19.979622,63.27546287,76.06864443
7991,6851,3AWH,Montgomery,2021,0.15,0.8,0.34,11.944133,12.94744017,19.182714,60.75165524,73.69909541
7992,6852,3AWH,Montgomery,2021,0.15,0.95,0.34,11.545679,12.51551604,21.563951,68.29303282,80.80854885
7993,6853,3AWH,Montgomery,2021,0.15,0.9,0.34,11.66901,12.64920684,20.77653,65.79927051,78.44847735
7994,6854,3AWH,Montgomery,2021,0.1,0.01,0.34,19.82783,21.49336772,7.029867,22.26358879,43.75695651
7995,6855,3AWH,Montgomery,2021,0.1,0.15,0.34,16.03303,17.37980452,9.164442,29.02378781,46.40359233
7996,6856,3AWH,Montgomery,2021,0.1,0.1,0.34,17.228392,18.67557693,8.386508,26.56007084,45.23564776
7997,6857,3AWH,Montgomery,2021,0.1,0.25,0.34,14.410753,15.62125625,10.615953,33.62072315,49.2419794
7998,6858,3AWH,Montgomery,2021,0.1,0.2,0.34,15.160226,16.43368498,9.875967,31.27718749,47.71087247
7999,6859,3AWH,Montgomery,2021,0.1,0.3,0.34,13.775124,14.93223442,11.355939,35.96425881,50.89649323
8000,6860,3AWH,Montgomery,2021,0.1,0.35,0.34,13.243852,14.35633557,12.124386,38.39793046,52.75426603
8001,6861,3AWH,Montgomery,2021,0.1,0.45,0.34,12.390022,13.43078385,13.775124,43.62581771,57.05660156
8002,6862,3AWH,Montgomery,2021,0.1,0.4,0.34,12.788476,13.86270798,12.940268,40.98182876,54.84453674
8003,6863,3AWH,Montgomery,2021,0.1,0.55,0.34,11.811315,12.80346546,15.36894,48.67343298,61.47689844
8004,6864,3AWH,Montgomery,2021,0.1,0.5,0.34,12.086438,13.10169879,14.581519,46.17967067,59.28136946
8005,6865,3AWH,Montgomery,2021,0.1,0.6,0.34,11.583627,12.55665167,16.165848,51.19724062,63.75389228
8006,6866,3AWH,Montgomery,2021,0.1,0.65,0.34,11.374913,12.33040569,16.972243,53.75109358,66.08149927
8007,6867,3AWH,Montgomery,2021,0.1,0.7,0.34,11.185173,12.12472753,17.769151,56.27490122,68.39962875
8008,6868,3AWH,Montgomery,2021,0.1,0.75,0.34,11.033381,11.960185,18.556572,58.76866352,70.72884853
8009,6869,3AWH,Montgomery,2021,0.1,0.85,0.34,10.748771,11.65166776,20.178849,63.90641478,75.55808255
8010,6870,3AWH,Montgomery,2021,0.1,0.8,0.34,10.881589,11.79564248,19.362967,61.32251649,73.11815897
8011,6871,3AWH,Montgomery,2021,0.1,0.95,0.34,10.521083,11.40485397,21.772665,68.95403006,80.35888403
8012,6872,3AWH,Montgomery,2021,0.1,0.9,0.34,10.62544,11.51797696,20.96627,66.40017709,77.91815405
8013,6873,3AWH,Montgomery,2021,0.25,0.01,0.34,24.552356,26.6147539,6.878075,21.78286353,48.39761743
8014,6874,3AWH,Montgomery,2021,0.25,0.15,0.34,20.273719,21.9767114,8.974702,28.42288123,50.39959263
8015,6875,3AWH,Montgomery,2021,0.25,0.1,0.34,21.620873,23.43702633,8.206255,25.98920959,49.42623592
8016,6876,3AWH,Montgomery,2021,0.25,0.25,0.34,18.414267,19.96106543,10.350317,32.77945394,52.74051937
8017,6877,3AWH,Montgomery,2021,0.25,0.2,0.34,19.277584,20.89690106,9.648279,30.55609959,51.45300065
8018,6878,3AWH,Montgomery,2021,0.25,0.3,0.34,17.674281,19.1589206,11.061842,35.03285361,54.19177422
8019,6879,3AWH,Montgomery,2021,0.25,0.35,0.34,17.019678,18.44933095,11.801828,37.37638928,55.82572023
8020,6880,3AWH,Montgomery,2021,0.25,0.45,0.34,15.947647,17.28724935,13.405131,42.45404988,59.74129923
8021,6881,3AWH,Montgomery,2021,0.25,0.4,0.34,16.450458,17.83229647,12.589249,39.87015158,57.70244806
8022,6882,3AWH,Montgomery,2021,0.25,0.55,0.34,15.198174,16.47482062,14.960999,47.38148383,63.85630445
8023,6883,3AWH,Montgomery,2021,0.25,0.5,0.34,15.549193,16.85532521,14.173578,44.88772153,61.74304674
8024,6884,3AWH,Montgomery,2021,0.25,0.6,0.34,14.89459,16.14573556,15.729446,49.81515548,65.96089104
8025,6885,3AWH,Montgomery,2021,0.25,0.65,0.34,14.638441,15.86807004,16.50738,52.27887246,68.1469425
8026,6886,3AWH,Montgomery,2021,0.25,0.7,0.34,14.391779,15.60068844,17.294801,54.77263477,70.3733232
8027,6887,3AWH,Montgomery,2021,0.25,0.75,0.34,14.192552,15.38472637,18.072735,57.23635175,72.62107811
8028,6888,3AWH,Montgomery,2021,0.25,0.85,0.34,13.832046,14.99393786,19.647577,62.22387636,77.21781422
8029,6889,3AWH,Montgomery,2021,0.25,0.8,0.34,14.002812,15.17904821,18.869643,59.76015938,74.93920759
8030,6890,3AWH,Montgomery,2021,0.25,0.95,0.34,13.528462,14.66485281,21.203445,67.15131032,81.81616312
8031,6891,3AWH,Montgomery,2021,0.25,0.9,0.34,13.670767,14.81911143,20.425511,64.68759334,79.50670477
8032,6892,3AWH,Montgomery,2021,0.2,0.01,0.34,23.034436,24.96932862,6.92551,21.93309017,46.90241879
8033,6893,3AWH,Montgomery,2021,0.2,0.15,0.34,18.907591,20.49582864,9.022137,28.57310788,49.06893652
8034,6894,3AWH,Montgomery,2021,0.2,0.1,0.34,20.216797,21.91500795,8.25369,26.13943623,48.05444418
8035,6895,3AWH,Montgomery,2021,0.2,0.25,0.34,17.124035,18.56245394,10.426213,33.01981657,51.58227051
8036,6896,3AWH,Montgomery,2021,0.2,0.2,0.34,17.949404,19.45715394,9.714688,30.7664169,50.22357083
8037,6897,3AWH,Montgomery,2021,0.2,0.3,0.34,16.403023,17.78087693,11.147225,35.30326158,53.08413851
8038,6898,3AWH,Montgomery,2021,0.2,0.35,0.34,15.805342,17.13299073,11.896698,37.67684257,54.80983329
8039,6899,3AWH,Montgomery,2021,0.2,0.45,0.34,14.79972,16.04289648,13.509488,42.7845485,58.82744498
8040,6900,3AWH,Montgomery,2021,0.2,0.4,0.34,15.255096,16.53652406,12.684119,40.17060487,56.70712894
8041,6901,3AWH,Montgomery,2021,0.2,0.55,0.34,14.097682,15.28188729,15.08433,47.77207311,63.0539604
8042,6902,3AWH,Montgomery,2021,0.2,0.5,0.34,14.42024,15.63154016,14.296909,45.2783108,60.90985096
8043,6903,3AWH,Montgomery,2021,0.2,0.6,0.34,13.822559,14.98365396,15.862264,50.23579009,65.21944404
8044,6904,3AWH,Montgomery,2021,0.2,0.65,0.34,13.575897,14.71627235,16.659172,52.75959772,67.47587007
8045,6905,3AWH,Montgomery,2021,0.2,0.7,0.34,13.357696,14.47974246,17.437106,55.2233147,69.70305717
8046,6906,3AWH,Montgomery,2021,0.2,0.75,0.34,13.158469,14.2637804,18.224527,57.71707701,71.98085741
8047,6907,3AWH,Montgomery,2021,0.2,0.85,0.34,12.816937,13.89355971,19.808856,62.73464695,76.62820666
8048,6908,3AWH,Montgomery,2021,0.2,0.8,0.34,12.987703,14.07867005,19.021435,60.24088465,74.3195547
8049,6909,3AWH,Montgomery,2021,0.2,0.95,0.34,12.551301,13.60561028,21.374211,67.69212624,81.29773652
8050,6910,3AWH,Montgomery,2021,0.2,0.9,0.34,12.674632,13.73930109,20.596277,65.22840926,78.96771035
8051,6911,3AWH,Montgomery,2021,0.3,0.01,0.34,26.003867,28.18819183,6.859101,21.72277287,49.9109647
8052,6912,3AWH,Montgomery,2021,0.3,0.15,0.34,21.563951,23.37532288,8.946241,28.33274525,51.70806813
8053,6913,3AWH,Montgomery,2021,0.3,0.1,0.34,22.968027,24.89734127,8.177794,25.8990736,50.79641487
8054,6914,3AWH,Montgomery,2021,0.3,0.25,0.34,19.609629,21.25683784,10.350317,32.77945394,54.03629178
8055,6915,3AWH,Montgomery,2021,0.3,0.2,0.34,20.520381,22.244093,9.638792,30.52605426,52.77014727
8056,6916,3AWH,Montgomery,2021,0.3,0.3,0.34,18.831695,20.41355738,11.080816,35.09294427,55.50650165
8057,6917,3AWH,Montgomery,2021,0.3,0.35,0.34,18.148631,19.673116,11.830289,37.46652526,57.13964127
8058,6918,3AWH,Montgomery,2021,0.3,0.45,0.34,17.067113,18.50075049,13.329235,42.21368725,60.71443774
8059,6919,3AWH,Montgomery,2021,0.3,0.4,0.34,17.569924,19.04579762,12.570275,39.81006093,58.85585854
8060,6920,3AWH,Montgomery,2021,0.3,0.55,0.34,16.270205,17.63690222,14.847155,47.02093989,64.65784211
8061,6921,3AWH,Montgomery,2021,0.3,0.5,0.34,16.640198,18.03797463,14.088195,44.61731357,62.6552882
8062,6922,3AWH,Montgomery,2021,0.3,0.6,0.34,15.957134,17.29753326,15.615602,49.45461153,66.75214479
8063,6923,3AWH,Montgomery,2021,0.3,0.65,0.34,15.672524,16.98901602,16.384049,51.88828318,68.8772992
8064,6924,3AWH,Montgomery,2021,0.3,0.7,0.34,15.416375,16.7113505,17.161983,54.35200016,71.06335066
8065,6925,3AWH,Montgomery,2021,0.3,0.75,0.34,15.198174,16.47482062,17.939917,56.81571714,73.29053776
8066,6926,3AWH,Montgomery,2021,0.3,0.85,0.34,14.79972,16.04289648,19.505272,61.77319642,77.8160929
8067,6927,3AWH,Montgomery,2021,0.3,0.8,0.34,14.98946,16.24857464,18.727338,59.30947945,75.55805409
8068,6928,3AWH,Montgomery,2021,0.3,0.95,0.34,14.486649,15.70352752,21.042166,66.64053972,82.34406724
8069,6929,3AWH,Montgomery,2021,0.3,0.9,0.34,14.638441,15.86807004,20.273719,64.20686807,80.07493812
8070,6930,3AWH,Montgomery,2021,0.35,0.01,0.34,27.398456,29.6999263,6.821153,21.60259155,51.30251786
8071,6931,3AWH,Montgomery,2021,0.35,0.15,0.34,22.825722,24.74308265,8.908293,28.21256393,52.95564658
8072,6932,3AWH,Montgomery,2021,0.35,0.1,0.34,24.277233,26.31652057,8.139846,25.77889228,52.09541285
8073,6933,3AWH,Montgomery,2021,0.35,0.25,0.34,20.814478,22.56289415,10.302882,32.62922729,55.19212145
8074,6934,3AWH,Montgomery,2021,0.35,0.2,0.34,21.753691,23.58100104,9.591357,30.37582762,53.95682866
8075,6935,3AWH,Montgomery,2021,0.35,0.3,0.34,20.01757,21.69904588,11.023894,34.9126723,56.61171818
8076,6936,3AWH,Montgomery,2021,0.35,0.35,0.34,19.306045,20.92775278,11.754393,37.22616263,58.15391541
8077,6937,3AWH,Montgomery,2021,0.35,0.45,0.34,18.167605,19.69368382,13.243852,41.94327928,61.6369631
8078,6938,3AWH,Montgomery,2021,0.35,0.4,0.34,18.698877,20.26958267,12.494379,39.56969829,59.83928096
8079,6939,3AWH,Montgomery,2021,0.35,0.55,0.34,17.332749,18.78869992,14.742798,46.69044127,65.47914118
8080,6940,3AWH,Montgomery,2021,0.35,0.5,0.34,17.721716,19.21034014,13.993325,44.31686028,63.52720042
8081,6941,3AWH,Montgomery,2021,0.35,0.6,0.34,16.98173,18.40819532,15.511245,49.12411292,67.53230824
8082,6942,3AWH,Montgomery,2021,0.35,0.65,0.34,16.678146,18.07911026,16.270205,51.52773924,69.6068495
8083,6943,3AWH,Montgomery,2021,0.35,0.7,0.34,16.403023,17.78087693,17.048139,53.99145621,71.77233314
8084,6944,3AWH,Montgomery,2021,0.35,0.75,0.34,16.175335,17.53406314,17.807099,56.39508253,73.92914567
8085,6945,3AWH,Montgomery,2021,0.35,0.85,0.34,15.757907,17.08157119,19.372454,61.35256182,78.43413301
8086,6946,3AWH,Montgomery,2021,0.35,0.8,0.34,15.957134,17.29753326,18.59452,58.88884484,76.1863781
8087,6947,3AWH,Montgomery,2021,0.35,0.95,0.34,15.416375,16.7113505,20.890374,66.15981446,82.87116496
8088,6948,3AWH,Montgomery,2021,0.35,0.9,0.34,15.577654,16.88617694,20.140901,63.78623347,80.6724104
8089,6949,3AWH,Montgomery,2021,0.45,0.01,0.34,30.045329,32.56913664,6.783205,21.48241024,54.05154687
8090,6950,3AWH,Montgomery,2021,0.45,0.15,0.34,25.225933,27.34491137,8.860858,28.06233729,55.40724866
8091,6951,3AWH,Montgomery,2021,0.45,0.1,0.34,26.743853,28.99033665,8.092411,25.62866564,54.61900229
8092,6952,3AWH,Montgomery,2021,0.45,0.25,0.34,23.119819,25.0618838,10.217499,32.35881933,57.42070313
8093,6953,3AWH,Montgomery,2021,0.45,0.2,0.34,24.09698,26.12112632,9.534435,30.19555565,56.31668197
8094,6954,3AWH,Montgomery,2021,0.45,0.3,0.34,22.256502,24.12604817,10.929024,34.61221901,58.73826718
8095,6955,3AWH,Montgomery,2021,0.45,0.35,0.34,21.497542,23.30333553,11.640549,36.86561868,60.16895421
8096,6956,3AWH,Montgomery,2021,0.45,0.45,0.34,20.273719,21.9767114,13.101547,41.49259935,63.46931075
8097,6957,3AWH,Montgomery,2021,0.45,0.4,0.34,20.833452,22.58346197,12.361561,39.14906369,61.73252566
8098,6958,3AWH,Montgomery,2021,0.45,0.55,0.34,19.334506,20.9586045,14.572032,46.14962534,67.10822985
8099,6959,3AWH,Montgomery,2021,0.45,0.5,0.34,19.770908,21.43166427,13.841533,43.83613501,65.26779928
8100,6960,3AWH,Montgomery,2021,0.45,0.6,0.34,18.955026,20.54724818,15.330992,48.55325166,69.10049985
8101,6961,3AWH,Montgomery,2021,0.45,0.65,0.34,18.613494,20.1770275,16.080465,50.92683266,71.10386015
8102,6962,3AWH,Montgomery,2021,0.45,0.7,0.34,18.319397,19.85822635,16.829938,53.30041365,73.15863999
8103,6963,3AWH,Montgomery,2021,0.45,0.75,0.34,18.044274,19.55999302,17.607872,55.76413062,75.32412364
8104,6964,3AWH,Montgomery,2021,0.45,0.85,0.34,17.588898,19.06636543,19.135279,60.60142859,79.66779403
8105,6965,3AWH,Montgomery,2021,0.45,0.8,0.34,17.807099,19.30289532,18.376319,58.19780227,77.50069759
8106,6966,3AWH,Montgomery,2021,0.45,0.95,0.34,17.228392,18.67557693,20.615251,65.28849992,83.96407685
8107,6967,3AWH,Montgomery,2021,0.45,0.9,0.34,17.399158,18.86068727,19.894239,63.00505491,81.86574218
8108,6968,3AWH,Montgomery,2021,0.4,0.01,0.34,28.74561,31.16024124,6.802179,21.54250089,52.70274213
8109,6969,3AWH,Montgomery,2021,0.4,0.15,0.34,24.049545,26.06970678,8.879832,28.12242794,54.19213472
8110,6970,3AWH,Montgomery,2021,0.4,0.1,0.34,25.529517,27.67399643,8.120872,25.71880162,53.39279805
8111,6971,3AWH,Montgomery,2021,0.4,0.25,0.34,21.981379,23.82781484,10.255447,32.47900065,56.30681549
8112,6972,3AWH,Montgomery,2021,0.4,0.2,0.34,22.949053,24.87677345,9.562896,30.28569163,55.16246508
8113,6973,3AWH,Montgomery,2021,0.4,0.3,0.34,21.146523,22.92283093,10.966972,34.73240032,57.65523126
8114,6974,3AWH,Montgomery,2021,0.4,0.35,0.34,20.425511,22.14125392,11.697471,37.04589066,59.18714458
8115,6975,3AWH,Montgomery,2021,0.4,0.45,0.34,19.230149,20.84548152,13.167956,41.70291665,62.54839817
8116,6976,3AWH,Montgomery,2021,0.4,0.4,0.34,19.780395,21.44194818,12.42797,39.35938099,60.80132917
8117,6977,3AWH,Montgomery,2021,0.4,0.55,0.34,18.347858,19.88907807,14.647928,46.38998798,66.27906605
8118,6978,3AWH,Montgomery,2021,0.4,0.5,0.34,18.755799,20.33128612,13.907942,44.04645231,64.37773843
8119,6979,3AWH,Montgomery,2021,0.4,0.6,0.34,17.977865,19.48800566,15.416375,48.82365963,68.31166529
8120,6980,3AWH,Montgomery,2021,0.4,0.65,0.34,17.655307,19.13835279,16.175335,51.22728595,70.36563873
8121,6981,3AWH,Montgomery,2021,0.4,0.7,0.34,17.380184,18.84011946,16.934295,53.63091227,72.47103172
8122,6982,3AWH,Montgomery,2021,0.4,0.75,0.34,17.124035,18.56245394,17.702742,56.06458391,74.62703785
8123,6983,3AWH,Montgomery,2021,0.4,0.85,0.34,16.687633,18.08939417,19.249123,60.96197254,79.05136671
8124,6984,3AWH,Montgomery,2021,0.4,0.8,0.34,16.896347,18.31564015,18.471189,58.49825556,76.81389571
8125,6985,3AWH,Montgomery,2021,0.4,0.95,0.34,16.336614,17.70888958,20.748069,65.70913452,83.4180241
8126,6986,3AWH,Montgomery,2021,0.4,0.9,0.34,16.50738,17.89399992,20.01757,63.39564419,81.28964411
8127,6987,3AWH,Montgomery,2021,0.55,0.01,0.34,32.502462,35.23266881,6.745257,21.36222892,56.59489773
8128,6988,3AWH,Montgomery,2021,0.55,0.15,0.34,27.445891,29.75134584,8.841884,28.00224663,57.75359247
8129,6989,3AWH,Montgomery,2021,0.55,0.1,0.34,29.039707,31.47904239,8.06395,25.53852965,57.01757204
8130,6990,3AWH,Montgomery,2021,0.55,0.25,0.34,25.254394,27.3757631,10.179551,32.23863802,59.61440111
8131,6991,3AWH,Montgomery,2021,0.55,0.2,0.34,26.288477,28.49670907,9.496487,30.07537433,58.5720834
8132,6992,3AWH,Montgomery,2021,0.55,0.3,0.34,24.362616,26.40907574,10.862615,34.40190171,60.81097745
8133,6993,3AWH,Montgomery,2021,0.55,0.35,0.34,23.556221,25.53494356,11.564653,36.62525605,62.16019962
8134,6994,3AWH,Montgomery,2021,0.55,0.45,0.34,22.247015,24.11576426,12.99719,41.16210073,65.27786499
8135,6995,3AWH,Montgomery,2021,0.55,0.4,0.34,22.854183,24.77393437,12.276178,38.87865573,63.6525901
8136,6996,3AWH,Montgomery,2021,0.55,0.55,0.34,21.231906,23.0153861,14.448701,45.75903607,68.77442217
8137,6997,3AWH,Montgomery,2021,0.55,0.5,0.34,21.706256,23.5295815,13.718202,43.44554573,66.97512724
8138,6998,3AWH,Montgomery,2021,0.55,0.6,0.34,20.823965,22.57317806,15.188687,48.10257173,70.67574979
8139,6999,3AWH,Montgomery,2021,0.55,0.65,0.34,20.453972,22.17210565,15.928673,50.44610739,72.61821304
8140,7000,3AWH,Montgomery,2021,0.55,0.7,0.34,20.121927,21.81216887,16.668659,52.78964305,74.60181192
8141,7001,3AWH,Montgomery,2021,0.55,0.75,0.34,19.837317,21.50365163,17.427619,55.19326937,76.696921
8142,7002,3AWH,Montgomery,2021,0.55,0.85,0.34,19.334506,20.9586045,18.936052,59.97047668,80.92908119
8143,7003,3AWH,Montgomery,2021,0.55,0.8,0.34,19.571681,21.2157022,18.186579,57.59689569,78.8125979
8144,7004,3AWH,Montgomery,2021,0.55,0.95,0.34,18.936052,20.52668037,20.378076,64.53736669,85.06404706
8145,7005,3AWH,Montgomery,2021,0.55,0.9,0.34,19.116305,20.72207462,19.685525,62.34405768,83.06613229
8146,7006,3AWH,Montgomery,2021,0.5,0.01,0.34,31.297613,33.92661249,6.764231,21.42231958,55.34893207
8147,7007,3AWH,Montgomery,2021,0.5,0.15,0.34,26.354886,28.56869642,8.851371,28.03229196,56.60098838
8148,7008,3AWH,Montgomery,2021,0.5,0.1,0.34,27.910754,30.25525734,8.082924,25.59862031,55.85387764
8149,7009,3AWH,Montgomery,2021,0.5,0.25,0.34,24.210824,26.24453322,10.198525,32.29872868,58.54326189
8150,7010,3AWH,Montgomery,2021,0.5,0.2,0.34,25.216446,27.33462746,9.515461,30.13546499,57.47009245
8151,7011,3AWH,Montgomery,2021,0.5,0.3,0.34,23.328533,25.28812977,10.891076,34.49203769,59.78016746
8152,7012,3AWH,Montgomery,2021,0.5,0.35,0.34,22.541112,24.43456541,11.602601,36.74543737,61.18000278
8153,7013,3AWH,Montgomery,2021,0.5,0.45,0.34,21.269854,23.05652174,13.044625,41.31232738,64.36884911
8154,7014,3AWH,Montgomery,2021,0.5,0.4,0.34,21.867535,23.70440794,12.323613,39.02888237,62.73329031
8155,7015,3AWH,Montgomery,2021,0.5,0.55,0.34,20.292693,21.99727921,14.505623,45.93930804,67.93658725
8156,7016,3AWH,Montgomery,2021,0.5,0.5,0.34,20.748069,22.4909068,13.775124,43.62581771,66.1167245
8157,7017,3AWH,Montgomery,2021,0.5,0.6,0.34,19.903726,21.57563898,15.255096,48.31288903,69.88852802
8158,7018,3AWH,Montgomery,2021,0.5,0.65,0.34,19.552707,21.19513439,16.004569,50.68647002,71.88160441
8159,7019,3AWH,Montgomery,2021,0.5,0.7,0.34,19.230149,20.84548152,16.744555,53.03000569,73.8754872
8160,7020,3AWH,Montgomery,2021,0.5,0.75,0.34,18.955026,20.54724818,17.513002,55.46367733,76.01092552
8161,7021,3AWH,Montgomery,2021,0.5,0.85,0.34,18.471189,20.02276888,19.030922,60.27092997,80.29369885
8162,7022,3AWH,Montgomery,2021,0.5,0.8,0.34,18.708364,20.27986658,18.271962,57.86730365,78.14717023
8163,7023,3AWH,Montgomery,2021,0.5,0.95,0.34,18.091709,19.61141256,20.49192,64.89791064,84.5093232
8164,7024,3AWH,Montgomery,2021,0.5,0.9,0.34,18.262475,19.7965229,19.789882,62.67455629,82.47107919
8165,7025,3AWH,Montgomery,2021,0.6,0.01,0.34,33.659876,36.48730558,6.73577,21.33218359,57.81948917
8166,7026,3AWH,Montgomery,2021,0.6,0.15,0.34,28.489461,30.88257572,8.832397,27.9722013,58.85477702
8167,7027,3AWH,Montgomery,2021,0.6,0.1,0.34,30.121225,32.6514079,8.06395,25.53852965,58.18993755
8168,7028,3AWH,Montgomery,2021,0.6,0.25,0.34,26.269503,28.47614125,10.170064,32.20859269,60.68473394
8169,7029,3AWH,Montgomery,2021,0.6,0.2,0.34,27.313073,29.60737113,9.487,30.045329,59.65270013
8170,7030,3AWH,Montgomery,2021,0.6,0.3,0.34,25.358751,27.48888608,10.843641,34.34181105,61.83069713
8171,7031,3AWH,Montgomery,2021,0.6,0.35,0.34,24.533382,26.59418609,11.536192,36.53512006,63.12930615
8172,7032,3AWH,Montgomery,2021,0.6,0.45,0.34,23.186228,25.13387115,12.949755,41.01187409,66.14574524
8173,7033,3AWH,Montgomery,2021,0.6,0.4,0.34,23.821857,25.82289299,12.247717,38.78851974,64.61141273
8174,7034,3AWH,Montgomery,2021,0.6,0.55,0.34,22.133171,23.99235736,14.391779,45.57876409,69.57112146
8175,7035,3AWH,Montgomery,2021,0.6,0.5,0.34,22.635982,24.53740449,13.670767,43.29531909,67.83272358
8176,7036,3AWH,Montgomery,2021,0.6,0.6,0.34,21.706256,23.5295815,15.122278,47.89225443,71.42183593
8177,7037,3AWH,Montgomery,2021,0.6,0.65,0.34,21.336263,23.12850909,15.862264,50.23579009,73.36429918
8178,7038,3AWH,Montgomery,2021,0.6,0.7,0.34,20.994731,22.7582884,16.60225,52.57932575,75.33761415
8179,7039,3AWH,Montgomery,2021,0.6,0.75,0.34,20.691147,22.42920335,17.36121,54.98295207,77.41215542
8180,7040,3AWH,Montgomery,2021,0.6,0.85,0.34,20.169362,21.86358841,18.850669,59.70006872,81.56365713
8181,7041,3AWH,Montgomery,2021,0.6,0.8,0.34,20.416024,22.13097002,18.110683,57.35653306,79.48750308
8182,7042,3AWH,Montgomery,2021,0.6,0.95,0.34,19.761421,21.42138036,20.264232,64.17682274,85.59820311
8183,7043,3AWH,Montgomery,2021,0.6,0.9,0.34,19.941674,21.61677462,19.600142,62.07364971,83.69042433
8184,7044,3AWH,Montgomery,2021,0.65,0.01,0.34,34.760368,37.68023891,6.726283,21.30213826,58.98237717
8185,7045,3AWH,Montgomery,2021,0.65,0.15,0.34,29.438161,31.91096652,8.860858,28.06233729,59.97330381
8186,7046,3AWH,Montgomery,2021,0.65,0.1,0.34,31.098386,33.71065042,8.082924,25.59862031,59.30927073
8187,7047,3AWH,Montgomery,2021,0.65,0.25,0.34,27.094872,29.37084125,10.264934,32.50904598,61.87988723
8188,7048,3AWH,Montgomery,2021,0.65,0.2,0.34,28.195364,30.56377458,9.553409,30.2556463,60.81942088
8189,7049,3AWH,Montgomery,2021,0.65,0.3,0.34,26.146172,28.34245045,10.966972,34.73240032,63.07485077
8190,7050,3AWH,Montgomery,2021,0.65,0.35,0.34,25.311316,27.43746654,11.678497,36.9858,64.42326654
8191,7051,3AWH,Montgomery,2021,0.65,0.45,0.34,23.954675,25.9668677,13.101547,41.49259935,67.45946705
8192,7052,3AWH,Montgomery,2021,0.65,0.4,0.34,24.590304,26.65588954,12.390022,39.23919967,65.89508921
8193,7053,3AWH,Montgomery,2021,0.65,0.55,0.34,22.911105,24.83563782,14.524597,45.9993987,70.83503652
8194,7054,3AWH,Montgomery,2021,0.65,0.5,0.34,23.404429,25.37040104,13.822559,43.77604435,69.14644539
8195,7055,3AWH,Montgomery,2021,0.65,0.6,0.34,22.493677,24.38314587,15.236122,48.25279837,72.63594424
8196,7056,3AWH,Montgomery,2021,0.65,0.65,0.34,22.095223,23.95122173,15.995082,50.65642469,74.60764643
8197,7057,3AWH,Montgomery,2021,0.65,0.7,0.34,21.772665,23.60156886,16.706607,52.90982437,76.51139323
8198,7058,3AWH,Montgomery,2021,0.65,0.75,0.34,21.469081,23.2724838,17.45608,55.28340536,78.55588916
8199,7059,3AWH,Montgomery,2021,0.65,0.85,0.34,20.937809,22.69658496,18.926565,59.94043136,82.63701631
8200,7060,3AWH,Montgomery,2021,0.65,0.8,0.34,21.193958,22.97425047,18.186579,57.59689569,80.57114617
8201,7061,3AWH,Montgomery,2021,0.65,0.95,0.34,20.529868,22.25437691,20.330641,64.38714005,86.64151696
8202,7062,3AWH,Montgomery,2021,0.65,0.9,0.34,20.719608,22.46005507,19.657064,62.25392169,84.71397676
8203,7063,3AWH,Montgomery,2021,0.7,0.01,0.34,35.822912,38.83203661,6.716796,21.27209293,60.10412954
8204,7064,3AWH,Montgomery,2021,0.7,0.15,0.34,30.339426,32.88793778,8.898806,28.1825186,61.07045639
8205,7065,3AWH,Montgomery,2021,0.7,0.1,0.34,32.028112,34.71847341,8.111385,25.6887563,60.4072297
8206,7066,3AWH,Montgomery,2021,0.7,0.25,0.34,27.872806,30.2141217,10.369291,32.8395446,63.0536663
8207,7067,3AWH,Montgomery,2021,0.7,0.2,0.34,29.020733,31.45847457,9.638792,30.52605426,61.98452884
8208,7068,3AWH,Montgomery,2021,0.7,0.3,0.34,26.895645,29.15487918,11.09979,35.15303493,64.30791411
8209,7069,3AWH,Montgomery,2021,0.7,0.35,0.34,26.032328,28.21904355,11.830289,37.46652526,65.68556882
8210,7070,3AWH,Montgomery,2021,0.7,0.45,0.34,24.675687,26.74844471,13.272313,42.03341527,68.78185998
8211,7071,3AWH,Montgomery,2021,0.7,0.4,0.34,25.301829,27.42718264,12.560788,39.7800156,67.20719823
8212,7072,3AWH,Montgomery,2021,0.7,0.55,0.34,23.641604,25.62749874,14.676389,46.48012396,72.1076227
8213,7073,3AWH,Montgomery,2021,0.7,0.5,0.34,24.125441,26.15197804,13.983838,44.28681495,70.43879299
8214,7074,3AWH,Montgomery,2021,0.7,0.6,0.34,23.233663,25.18529069,15.36894,48.67343298,73.85872367
8215,7075,3AWH,Montgomery,2021,0.7,0.65,0.34,22.825722,24.74308265,16.146874,51.13714996,75.88023261
8216,7076,3AWH,Montgomery,2021,0.7,0.7,0.34,22.512651,24.40371368,16.839425,53.33045898,77.73417266
8217,7077,3AWH,Montgomery,2021,0.7,0.75,0.34,22.218554,24.08491254,17.55095,55.58385865,79.66877119
8218,7078,3AWH,Montgomery,2021,0.7,0.85,0.34,21.687282,23.50901369,19.002461,60.18079399,83.68980768
8219,7079,3AWH,Montgomery,2021,0.7,0.8,0.34,21.943431,23.7866792,18.281449,57.89734898,81.68402819
8220,7080,3AWH,Montgomery,2021,0.7,0.95,0.34,21.269854,23.05652174,20.39705,64.59745735,87.65397909
8221,7081,3AWH,Montgomery,2021,0.7,0.9,0.34,21.469081,23.2724838,19.713986,62.43419366,85.70667747
8222,7082,3AWH,Montgomery,2021,0.75,0.01,0.34,36.847508,39.94269867,6.716796,21.27209293,61.2147916
8223,7083,3AWH,Montgomery,2021,0.75,0.15,0.34,31.193256,33.8134895,8.946241,28.33274525,62.14623475
8224,7084,3AWH,Montgomery,2021,0.75,0.1,0.34,32.910403,35.67487685,8.149333,25.80893761,61.48381446
8225,7085,3AWH,Montgomery,2021,0.75,0.25,0.34,28.593818,30.99569871,10.492622,33.23013387,64.22583259
8226,7086,3AWH,Montgomery,2021,0.75,0.2,0.34,29.798667,32.30175503,9.733662,30.82650755,63.12826258
8227,7087,3AWH,Montgomery,2021,0.75,0.3,0.34,27.569222,29.88503665,11.261069,35.66380552,65.54884217
8228,7088,3AWH,Montgomery,2021,0.75,0.35,0.34,26.705905,28.94920102,12.010542,38.03738651,66.98658753
8229,7089,3AWH,Montgomery,2021,0.75,0.45,0.34,25.339777,27.46831827,13.47154,42.66436718,70.13268545
8230,7090,3AWH,Montgomery,2021,0.75,0.4,0.34,25.975406,28.1573401,12.750528,40.38092218,68.53826228
8231,7091,3AWH,Montgomery,2021,0.75,0.55,0.34,24.334155,26.37822402,14.856642,47.05098521,73.42920923
8232,7092,3AWH,Montgomery,2021,0.75,0.5,0.34,24.799018,26.88213551,14.183065,44.91776686,71.79990237
8233,7093,3AWH,Montgomery,2021,0.75,0.6,0.34,23.926214,25.93601598,15.539706,49.2142489,75.15026488
8234,7094,3AWH,Montgomery,2021,0.75,0.65,0.34,23.52776,25.50409184,16.31764,51.67796588,77.18205772
8235,7095,3AWH,Montgomery,2021,0.75,0.7,0.34,23.224176,25.17500678,16.98173,53.78113891,78.95614569
8236,7096,3AWH,Montgomery,2021,0.75,0.75,0.34,22.930079,24.85620564,17.674281,55.97444793,80.83065356
8237,7097,3AWH,Montgomery,2021,0.75,0.85,0.34,22.417781,24.3008746,19.078357,60.42115662,84.72203122
8238,7098,3AWH,Montgomery,2021,0.75,0.8,0.34,22.664443,24.56825621,18.376319,58.19780227,82.76605849
8239,7099,3AWH,Montgomery,2021,0.75,0.95,0.34,22.000353,23.84838265,20.472946,64.83781998,88.68620263
8240,7100,3AWH,Montgomery,2021,0.75,0.9,0.34,22.19958,24.06434472,19.789882,62.67455629,86.73890101
8241,7101,3AWH,Montgomery,2021,0.85,0.01,0.34,38.839778,42.10231935,6.697822,21.21200227,63.31432163
8242,7102,3AWH,Montgomery,2021,0.85,0.15,0.34,33.024247,35.79828375,8.946241,28.33274525,64.131029
8243,7103,3AWH,Montgomery,2021,0.85,0.1,0.34,34.788829,37.71109064,8.149333,25.80893761,63.52002825
8244,7104,3AWH,Montgomery,2021,0.85,0.25,0.34,30.273017,32.81595043,10.540057,33.38036052,66.19631095
8245,7105,3AWH,Montgomery,2021,0.85,0.2,0.34,31.534788,34.18371019,9.752636,30.88659821,65.0703084
8246,7106,3AWH,Montgomery,2021,0.85,0.3,0.34,29.210473,31.66415273,11.317991,35.8440775,67.50823023
8247,7107,3AWH,Montgomery,2021,0.85,0.35,0.34,28.299721,30.67689756,12.076951,38.24770382,68.92460138
8248,7108,3AWH,Montgomery,2021,0.85,0.45,0.34,26.886158,29.14459527,13.528462,42.84463915,71.98923443
8249,7109,3AWH,Montgomery,2021,0.85,0.4,0.34,27.531274,29.84390102,12.816937,40.59123948,70.4351405
8250,7110,3AWH,Montgomery,2021,0.85,0.55,0.34,25.842588,28.01336539,14.923051,47.26130252,75.27466791
8251,7111,3AWH,Montgomery,2021,0.85,0.5,0.34,26.326425,28.5378447,14.239987,45.09803883,73.63588353
8252,7112,3AWH,Montgomery,2021,0.85,0.6,0.34,25.42516,27.56087344,15.587141,49.36447555,76.92534899
8253,7113,3AWH,Montgomery,2021,0.85,0.65,0.34,24.979271,27.07752976,16.365075,51.82819253,78.90572229
8254,7114,3AWH,Montgomery,2021,0.85,0.7,0.34,24.685174,26.75872862,17.019678,53.90132023,80.66004884
8255,7115,3AWH,Montgomery,2021,0.85,0.75,0.34,24.391077,26.43992747,17.674281,55.97444793,82.4143754
8256,7116,3AWH,Montgomery,2021,0.85,0.85,0.34,23.859805,25.86402862,19.049896,60.33102063,86.19504925
8257,7117,3AWH,Montgomery,2021,0.85,0.8,0.34,24.115954,26.14169414,18.366832,58.16775694,84.30945108
8258,7118,3AWH,Montgomery,2021,0.85,0.95,0.34,23.43289,25.40125276,20.406537,64.62750268,90.02875544
8259,7119,3AWH,Montgomery,2021,0.85,0.9,0.34,23.641604,25.62749874,19.73296,62.49428432,88.12178306
8260,7120,3AWH,Montgomery,2021,0.8,0.01,0.34,37.872104,41.05336074,6.707309,21.2420476,62.29540834
8261,7121,3AWH,Montgomery,2021,0.8,0.15,0.34,32.170417,34.87273203,8.927267,28.27265459,63.14538662
8262,7122,3AWH,Montgomery,2021,0.8,0.1,0.34,33.897051,36.74440328,8.139846,25.77889228,62.52329557
8263,7123,3AWH,Montgomery,2021,0.8,0.25,0.34,29.457135,31.93153434,10.511596,33.29022453,65.22175887
8264,7124,3AWH,Montgomery,2021,0.8,0.2,0.34,30.699932,33.27872629,9.733662,30.82650755,64.10523384
8265,7125,3AWH,Montgomery,2021,0.8,0.3,0.34,28.404078,30.79002055,11.28953,35.75394151,66.54396206
8266,7126,3AWH,Montgomery,2021,0.8,0.35,0.34,27.5123,29.8233332,12.04849,38.15756783,67.98090103
8267,7127,3AWH,Montgomery,2021,0.8,0.45,0.34,26.117711,28.31159872,13.509488,42.7845485,71.09614722
8268,7128,3AWH,Montgomery,2021,0.8,0.4,0.34,26.75334,29.00062056,12.788476,40.50110349,69.50172405
8269,7129,3AWH,Montgomery,2021,0.8,0.55,0.34,25.083628,27.19065275,14.923051,47.26130252,74.45195527
8270,7130,3AWH,Montgomery,2021,0.8,0.5,0.34,25.557978,27.70484815,14.2305,45.0679935,72.77284165
8271,7131,3AWH,Montgomery,2021,0.8,0.6,0.34,24.675687,26.74844471,15.596628,49.39452088,76.14296558
8272,7132,3AWH,Montgomery,2021,0.8,0.65,0.34,24.248772,26.28566885,16.384049,51.88828318,78.17395203
8273,7133,3AWH,Montgomery,2021,0.8,0.7,0.34,23.935701,25.94629988,17.048139,53.99145621,79.9377561
8274,7134,3AWH,Montgomery,2021,0.8,0.75,0.34,23.651091,25.63778264,17.712229,56.09462924,81.73241189
8275,7135,3AWH,Montgomery,2021,0.8,0.85,0.34,23.138793,25.08245161,19.106818,60.51129261,85.59374422
8276,7136,3AWH,Montgomery,2021,0.8,0.8,0.34,23.385455,25.34983322,18.40478,58.28793826,83.63777148
8277,7137,3AWH,Montgomery,2021,0.8,0.95,0.34,22.711878,24.61967575,20.49192,64.89791064,89.51758639
8278,7138,3AWH,Montgomery,2021,0.8,0.9,0.34,22.920592,24.84592173,19.799369,62.70460162,87.55052335
8279,7139,3AWH,Montgomery,2021,0.95,0.01,0.34,40.680256,44.0973975,6.688335,21.18195695,65.27935445
8280,7140,3AWH,Montgomery,2021,0.95,0.15,0.34,34.62755,37.5362642,9.003163,28.51301722,66.04928142
8281,7141,3AWH,Montgomery,2021,0.95,0.1,0.34,36.439567,39.50049063,8.177794,25.8990736,65.39956423
8282,7142,3AWH,Montgomery,2021,0.95,0.25,0.34,31.809911,34.48194352,10.606466,33.59067782,68.07262135
8283,7143,3AWH,Montgomery,2021,0.95,0.2,0.34,33.100143,35.88055501,9.809558,31.06687019,66.9474252
8284,7144,3AWH,Montgomery,2021,0.95,0.3,0.34,30.709419,33.2890102,11.3844,36.0543948,69.343405
8285,7145,3AWH,Montgomery,2021,0.95,0.35,0.34,29.78918,32.29147112,12.14336,38.45802112,70.74949224
8286,7146,3AWH,Montgomery,2021,0.95,0.45,0.34,28.347156,30.7283171,13.594871,43.05495646,73.78327356
8287,7147,3AWH,Montgomery,2021,0.95,0.4,0.34,29.011246,31.44819066,12.883346,40.80155678,72.24974745
8288,7148,3AWH,Montgomery,2021,0.95,0.55,0.34,27.275125,29.5662355,14.960999,47.38148383,76.94771933
8289,7149,3AWH,Montgomery,2021,0.95,0.5,0.34,27.768449,30.10099872,14.287422,45.24826547,75.34926419
8290,7150,3AWH,Montgomery,2021,0.95,0.6,0.34,26.838723,29.09317573,15.587141,49.36447555,78.45765128
8291,7151,3AWH,Montgomery,2021,0.95,0.65,0.34,26.392834,28.60983206,16.365075,51.82819253,80.43802458
8292,7152,3AWH,Montgomery,2021,0.95,0.7,0.34,26.079763,28.27046309,16.972243,53.75109358,82.02155667
8293,7153,3AWH,Montgomery,2021,0.95,0.75,0.34,25.785666,27.95166194,17.617359,55.79417595,83.7458379
8294,7154,3AWH,Montgomery,2021,0.95,0.85,0.34,25.244907,27.36547919,18.945539,60.00052201,87.3660012
8295,7155,3AWH,Montgomery,2021,0.95,0.8,0.34,25.501056,27.6431447,18.281449,57.89734898,85.54049369
8296,7156,3AWH,Montgomery,2021,0.95,0.95,0.34,24.799018,26.88213551,20.264232,64.17682274,91.05895826
8297,7157,3AWH,Montgomery,2021,0.95,0.9,0.34,25.017219,27.1186654,19.609629,62.10369504,89.22236044
8298,7158,3AWH,Montgomery,2021,0.9,0.01,0.34,39.769504,43.11014234,6.697822,21.21200227,64.32214461
8299,7159,3AWH,Montgomery,2021,0.9,0.15,0.34,33.840129,36.68269984,8.965215,28.39283591,65.07553574
8300,7160,3AWH,Montgomery,2021,0.9,0.1,0.34,35.633172,38.62635845,8.15882,25.83898294,64.46534139
8301,7161,3AWH,Montgomery,2021,0.9,0.25,0.34,31.050951,33.65923088,10.568518,33.47049651,67.12972739
8302,7162,3AWH,Montgomery,2021,0.9,0.2,0.34,32.331696,35.04755846,9.781097,30.9767342,66.02429266
8303,7163,3AWH,Montgomery,2021,0.9,0.3,0.34,29.97892,32.49714928,11.346452,35.93421348,68.43136276
8304,7164,3AWH,Montgomery,2021,0.9,0.35,0.34,29.068168,31.50989411,12.105412,38.3378398,69.84773392
8305,7165,3AWH,Montgomery,2021,0.9,0.45,0.34,27.626144,29.9467401,13.556923,42.93477514,72.88151524
8306,7166,3AWH,Montgomery,2021,0.9,0.4,0.34,28.280747,30.65632975,12.845398,40.68137547,71.33770521
8307,7167,3AWH,Montgomery,2021,0.9,0.55,0.34,26.5636,28.7949424,14.932538,47.29134785,76.08629025
8308,7168,3AWH,Montgomery,2021,0.9,0.5,0.34,27.056924,29.32970562,14.268448,45.18817482,74.51788043
8309,7169,3AWH,Montgomery,2021,0.9,0.6,0.34,26.136685,28.33216654,15.587141,49.36447555,77.69664209
8310,7170,3AWH,Montgomery,2021,0.9,0.65,0.34,25.700283,27.85910677,16.365075,51.82819253,79.6872993
8311,7171,3AWH,Montgomery,2021,0.9,0.7,0.34,25.387212,27.51973781,16.991217,53.81118424,81.33092205
8312,7172,3AWH,Montgomery,2021,0.9,0.75,0.34,25.102602,27.21122057,17.636333,55.85426661,83.06548718
8313,7173,3AWH,Montgomery,2021,0.9,0.85,0.34,24.561843,26.62503781,18.992974,60.15074866,86.77578647
8314,7174,3AWH,Montgomery,2021,0.9,0.8,0.34,24.817992,26.90270333,18.319397,58.0175303,84.92023363
8315,7175,3AWH,Montgomery,2021,0.9,0.95,0.34,24.125441,26.15197804,20.330641,64.38714005,90.53911809
8316,7176,3AWH,Montgomery,2021,0.9,0.9,0.34,24.334155,26.37822402,19.666551,62.28396702,88.66219104
9616,1140,5A,Buffalo,2021,0.01,0.01,0.271,72.38581,78.46621804,1.878426,5.948975142,84.41519318
9617,1141,5A,Buffalo,2021,0.01,0.15,0.271,64.815184,70.25965946,2.741743,8.683100081,78.94275954
9618,1142,5A,Buffalo,2021,0.01,0.1,0.271,67.300778,72.95404335,2.419185,7.661558895,80.61560225
9619,1143,5A,Buffalo,2021,0.01,0.25,0.271,60.764235,65.86843074,3.367885,10.6660918,76.53452254
9620,1144,5A,Buffalo,2021,0.01,0.2,0.271,62.70907,67.97663188,3.045327,9.644550609,77.62118249
9621,1145,5A,Buffalo,2021,0.01,0.3,0.271,58.971192,63.92477213,3.709417,11.74772364,75.67249577
9622,1146,5A,Buffalo,2021,0.01,0.35,0.271,57.291993,62.10452041,4.069923,12.88944614,74.99396655
9623,1147,5A,Buffalo,2021,0.01,0.45,0.271,54.151796,58.70054686,4.866831,15.41325378,74.11380064
9624,1148,5A,Buffalo,2021,0.01,0.4,0.271,55.679203,60.35625605,4.45889,14.12130463,74.47756068
9625,1149,5A,Buffalo,2021,0.01,0.55,0.271,51.495436,55.82105262,5.644765,17.87697076,73.69802338
9626,1150,5A,Buffalo,2021,0.01,0.5,0.271,52.757207,57.18881239,5.255798,16.64511227,73.83392465
9627,1151,5A,Buffalo,2021,0.01,0.6,0.271,50.290587,54.51499631,6.052706,19.1689199,73.68391621
9628,1152,5A,Buffalo,2021,0.01,0.65,0.271,49.180608,53.31177907,6.460647,20.46086905,73.77264812
9629,1153,5A,Buffalo,2021,0.01,0.7,0.271,48.137038,52.18054919,6.878075,21.78286353,73.96341272
9630,1154,5A,Buffalo,2021,0.01,0.75,0.271,47.207312,51.17272621,7.30499,23.13490333,74.30762954
9631,1155,5A,Buffalo,2021,0.01,0.85,0.271,45.461704,49.28048714,8.168307,25.86902827,75.14951541
9632,1156,5A,Buffalo,2021,0.01,0.8,0.271,46.29656,50.18547104,7.731905,24.48694314,74.67241418
9633,1157,5A,Buffalo,2021,0.01,0.95,0.271,43.953271,47.64534576,9.041111,28.63319854,76.2785443
9634,1158,5A,Buffalo,2021,0.01,0.9,0.271,44.68377,48.43720668,8.595222,27.22106807,75.65827475
9635,1159,5A,Buffalo,2021,0.05,0.01,0.271,75.507033,81.84962377,1.830991,5.798748497,87.64837227
9636,1160,5A,Buffalo,2021,0.05,0.15,0.271,67.718206,73.4065353,2.675334,8.472782778,81.87931808
9637,1161,5A,Buffalo,2021,0.05,0.1,0.271,70.251235,76.15233874,2.362263,7.481286921,83.63362566
9638,1162,5A,Buffalo,2021,0.05,0.25,0.271,63.5629,68.9021836,3.291989,10.42572916,79.32791276
9639,1163,5A,Buffalo,2021,0.05,0.2,0.271,65.564657,71.07208819,2.978918,9.434233306,80.50632149
9640,1164,5A,Buffalo,2021,0.05,0.3,0.271,61.731909,66.91738936,3.624034,11.47731568,78.39470503
9641,1165,5A,Buffalo,2021,0.05,0.35,0.271,60.024249,65.06628592,3.98454,12.61903818,77.6853241
9642,1166,5A,Buffalo,2021,0.05,0.45,0.271,56.798669,61.5697572,4.771961,15.11280049,76.68255768
9643,1167,5A,Buffalo,2021,0.05,0.4,0.271,58.373511,63.27688592,4.36402,13.82085134,77.09773726
9644,1168,5A,Buffalo,2021,0.05,0.55,0.271,54.066413,58.60799169,5.540408,17.54647214,76.15446383
9645,1169,5A,Buffalo,2021,0.05,0.5,0.271,55.385106,60.0374549,5.151441,16.31461365,76.35206855
9646,1170,5A,Buffalo,2021,0.05,0.6,0.271,52.833103,57.27108365,5.938862,18.80837595,76.07945961
9647,1171,5A,Buffalo,2021,0.05,0.65,0.271,51.694663,56.03701469,6.346803,20.1003251,76.13733979
9648,1172,5A,Buffalo,2021,0.05,0.7,0.271,50.632119,54.885217,6.754744,21.39227425,76.27749124
9649,1173,5A,Buffalo,2021,0.05,0.75,0.271,49.645471,53.81569056,7.172172,22.71426872,76.52995929
9650,1174,5A,Buffalo,2021,0.05,0.85,0.271,47.871402,51.89259977,8.026002,25.41834833,77.3109481
9651,1175,5A,Buffalo,2021,0.05,0.8,0.271,48.734719,52.8284354,7.5896,24.0362632,76.8646986
9652,1176,5A,Buffalo,2021,0.05,0.95,0.271,46.306047,50.19575495,8.889319,28.15247327,78.34822822
9653,1177,5A,Buffalo,2021,0.05,0.9,0.271,47.065007,51.01846759,8.452917,26.77038814,77.78885573
9654,1178,5A,Buffalo,2021,0.15,0.01,0.271,82.299725,89.2129019,1.736121,5.498295207,94.71119711
9655,1179,5A,Buffalo,2021,0.15,0.15,0.271,74.672177,80.94463987,2.542516,8.052148172,88.99678804
9656,1180,5A,Buffalo,2021,0.15,0.1,0.271,77.366485,83.86526974,2.229445,7.060652315,90.92592206
9657,1181,5A,Buffalo,2021,0.15,0.25,0.271,70.289183,76.19347437,3.121223,9.884913241,86.07838761
9658,1182,5A,Buffalo,2021,0.15,0.2,0.271,72.38581,78.46621804,2.827126,8.953508042,87.41972608
9659,1183,5A,Buffalo,2021,0.15,0.3,0.271,68.363322,74.10584105,3.434294,10.8764091,84.98225015
9660,1184,5A,Buffalo,2021,0.15,0.35,0.271,66.589253,72.18275025,3.785313,11.98808627,84.17083652
9661,1185,5A,Buffalo,2021,0.15,0.45,0.271,63.164446,68.47025946,4.55376,14.42175792,82.89201738
9662,1186,5A,Buffalo,2021,0.15,0.4,0.271,64.834158,70.28022727,4.155306,13.1598541,83.44008137
9663,1187,5A,Buffalo,2021,0.15,0.55,0.271,60.299372,65.36451925,5.303233,16.79533891,82.15985816
9664,1188,5A,Buffalo,2021,0.15,0.5,0.271,61.674987,66.85568591,4.923753,15.59352575,82.44921166
9665,1189,5A,Buffalo,2021,0.15,0.6,0.271,58.999653,63.95562385,5.682713,17.99715207,81.95277592
9666,1190,5A,Buffalo,2021,0.15,0.65,0.271,57.785317,62.63928363,6.081167,19.25905589,81.89833952
9667,1191,5A,Buffalo,2021,0.15,0.7,0.271,56.646877,61.40521467,6.479621,20.52095971,81.92617438
9668,1192,5A,Buffalo,2021,0.15,0.75,0.271,55.584333,60.25341697,6.878075,21.78286353,82.0362805
9669,1193,5A,Buffalo,2021,0.15,0.85,0.271,53.686933,58.19663537,7.703444,24.39680715,82.59344252
9670,1194,5A,Buffalo,2021,0.15,0.8,0.271,54.607172,59.19417445,7.295503,23.104858,82.29903245
9671,1195,5A,Buffalo,2021,0.15,0.95,0.271,51.998247,56.36609975,8.557274,27.10088676,83.46698651
9672,1196,5A,Buffalo,2021,0.15,0.9,0.271,52.823616,57.26079974,8.120872,25.71880162,82.97960137
9673,1197,5A,Buffalo,2021,0.1,0.01,0.271,79.159528,85.80892835,1.783556,5.648521852,91.4574502
9674,1198,5A,Buffalo,2021,0.1,0.15,0.271,71.237883,77.22186517,2.599438,8.232420146,85.45428532
9675,1199,5A,Buffalo,2021,0.1,0.1,0.271,73.865782,80.07050769,2.295854,7.270969618,87.34147731
9676,1200,5A,Buffalo,2021,0.1,0.25,0.271,66.97822,72.60439048,3.206606,10.1553212,82.75971168
9677,1201,5A,Buffalo,2021,0.1,0.2,0.271,69.017925,74.8154307,2.903022,9.193870674,84.00930137
9678,1202,5A,Buffalo,2021,0.1,0.3,0.271,65.099794,70.5681767,3.529164,11.17686239,81.74503908
9679,1203,5A,Buffalo,2021,0.1,0.35,0.271,63.363673,68.68622153,3.880183,12.28853956,80.97476109
9680,1204,5A,Buffalo,2021,0.1,0.45,0.271,60.014762,65.05600201,4.658117,14.75225654,79.80825855
9681,1205,5A,Buffalo,2021,0.1,0.4,0.271,61.646526,66.82483418,4.250176,13.46030739,80.28514158
9682,1206,5A,Buffalo,2021,0.1,0.55,0.271,57.225584,62.03253306,5.417077,17.15588286,79.18841592
9683,1207,5A,Buffalo,2021,0.1,0.5,0.271,58.582225,63.5031319,5.02811,15.92402437,79.42715627
9684,1208,5A,Buffalo,2021,0.1,0.6,0.271,55.9733,60.6750572,5.806044,18.38774135,79.06279855
9685,1209,5A,Buffalo,2021,0.1,0.65,0.271,54.777938,59.37928479,6.204498,19.64964517,79.02892996
9686,1210,5A,Buffalo,2021,0.1,0.7,0.271,53.677446,58.18635146,6.612439,20.94159431,79.12794578
9687,1211,5A,Buffalo,2021,0.1,0.75,0.271,52.643363,57.06540549,7.010893,22.20349813,79.26890362
9688,1212,5A,Buffalo,2021,0.1,0.85,0.271,50.812372,55.08061125,7.855236,24.87753241,79.95814366
9689,1213,5A,Buffalo,2021,0.1,0.8,0.271,51.70415,56.0472986,7.437808,23.55553794,79.60283654
9690,1214,5A,Buffalo,2021,0.1,0.95,0.271,49.190095,53.32206298,8.718553,27.61165735,80.93372033
9691,1215,5A,Buffalo,2021,0.1,0.9,0.271,49.968029,54.16534344,8.282151,26.22957222,80.39491565
9692,1216,5A,Buffalo,2021,0.25,0.01,0.271,88.267048,95.68148003,1.650738,5.227887246,100.9093673
9693,1217,5A,Buffalo,2021,0.25,0.15,0.271,81.218207,88.04053639,2.428672,7.691604224,95.73214061
9694,1218,5A,Buffalo,2021,0.25,0.1,0.271,84.073794,91.1359927,2.125088,6.730153696,97.86614639
9695,1219,5A,Buffalo,2021,0.25,0.25,0.271,76.635986,83.07340882,2.988405,9.464278635,92.53768746
9696,1220,5A,Buffalo,2021,0.25,0.2,0.271,78.827483,85.44899157,2.694308,8.532873436,93.98186501
9697,1221,5A,Buffalo,2021,0.25,0.3,0.271,74.634229,80.90350424,3.301476,10.45577449,91.35927873
9698,1222,5A,Buffalo,2021,0.25,0.35,0.271,72.774777,78.88785827,3.614547,11.44727035,90.33512862
9699,1223,5A,Buffalo,2021,0.25,0.45,0.271,69.188691,75.00054104,4.36402,13.82085134,88.82139238
9700,1224,5A,Buffalo,2021,0.25,0.4,0.271,70.953273,76.91334793,3.98454,12.61903818,89.53238611
9701,1225,5A,Buffalo,2021,0.25,0.55,0.271,66.200286,71.76111002,5.104006,16.164387,87.92549703
9702,1226,5A,Buffalo,2021,0.25,0.5,0.271,67.64231,73.32426404,4.734013,14.99261917,88.31688321
9703,1227,5A,Buffalo,2021,0.25,0.6,0.271,64.843645,70.29051118,5.473999,17.33615483,87.62666601
9704,1228,5A,Buffalo,2021,0.25,0.65,0.271,63.572387,68.91246751,5.853479,18.53796799,87.4504355
9705,1229,5A,Buffalo,2021,0.25,0.7,0.271,62.377025,67.6166951,6.242446,19.76982648,87.38652158
9706,1230,5A,Buffalo,2021,0.25,0.75,0.271,61.248072,66.39291005,6.6409,21.0317303,87.42464035
9707,1231,5A,Buffalo,2021,0.25,0.85,0.271,59.217854,64.19215374,7.437808,23.55553794,87.74769167
9708,1232,5A,Buffalo,2021,0.25,0.8,0.271,60.195015,65.25139626,7.029867,22.26358879,87.51498505
9709,1233,5A,Buffalo,2021,0.25,0.95,0.271,57.462759,62.28963076,8.263177,26.16948156,88.45911232
9710,1234,5A,Buffalo,2021,0.25,0.9,0.271,58.316589,63.21518248,7.855236,24.87753241,88.09271489
9711,1235,5A,Buffalo,2021,0.2,0.01,0.271,85.326078,92.49346855,1.688686,5.348068562,97.84153711
9712,1236,5A,Buffalo,2021,0.2,0.15,0.271,77.992627,84.54400767,2.485594,7.871876198,92.41588387
9713,1237,5A,Buffalo,2021,0.2,0.1,0.271,80.772318,87.55719271,2.18201,6.91042567,94.46761838
9714,1238,5A,Buffalo,2021,0.2,0.25,0.271,73.514763,79.69000309,3.054814,9.674595938,89.36459903
9715,1239,5A,Buffalo,2021,0.2,0.2,0.271,75.658825,82.0141663,2.760717,8.743190739,90.75735704
9716,1240,5A,Buffalo,2021,0.2,0.3,0.271,71.550954,77.56123414,3.367885,10.6660918,88.22732593
9717,1241,5A,Buffalo,2021,0.2,0.35,0.271,69.719963,75.57643989,3.690443,11.68763298,87.26407287
9718,1242,5A,Buffalo,2021,0.2,0.45,0.271,66.209773,71.77139393,4.449403,14.0912593,85.86265323
9719,1243,5A,Buffalo,2021,0.2,0.4,0.271,67.936407,73.64306519,4.060436,12.85940081,86.502466
9720,1244,5A,Buffalo,2021,0.2,0.55,0.271,63.287777,68.60395027,5.198876,16.46484029,85.06879056
9721,1245,5A,Buffalo,2021,0.2,0.5,0.271,64.70134,70.13625256,4.819396,15.26302713,85.39927969
9722,1246,5A,Buffalo,2021,0.2,0.6,0.271,61.95011,67.15391924,5.578356,17.66665345,84.82057269
9723,1247,5A,Buffalo,2021,0.2,0.65,0.271,60.7168,65.8170112,5.967323,18.89851194,84.71552314
9724,1248,5A,Buffalo,2021,0.2,0.7,0.271,59.559386,64.56237442,6.35629,20.13037043,84.69274485
9725,1249,5A,Buffalo,2021,0.2,0.75,0.271,58.458894,63.3694411,6.754744,21.39227425,84.76171534
9726,1250,5A,Buffalo,2021,0.2,0.85,0.271,56.485598,61.23038823,7.580113,24.00621787,85.2366061
9727,1251,5A,Buffalo,2021,0.2,0.8,0.271,57.424811,62.24849512,7.162685,22.6842234,84.93271852
9728,1252,5A,Buffalo,2021,0.2,0.95,0.271,54.768451,59.36900088,8.405482,26.62016149,85.98916238
9729,1253,5A,Buffalo,2021,0.2,0.9,0.271,55.59382,60.26370088,7.978567,25.26812169,85.53182257
9730,1254,5A,Buffalo,2021,0.3,0.01,0.271,91.113148,98.76665243,1.622277,5.137751259,103.9044037
9731,1255,5A,Buffalo,2021,0.3,0.15,0.271,84.282508,91.36223867,2.390724,7.571422908,98.93366158
9732,1256,5A,Buffalo,2021,0.3,0.1,0.271,87.242452,94.57081797,2.096627,6.640017709,101.2108357
9733,1257,5A,Buffalo,2021,0.3,0.25,0.271,79.510547,86.18943295,2.969431,9.404187977,95.59362093
9734,1258,5A,Buffalo,2021,0.3,0.2,0.271,81.787427,88.65757087,2.665847,8.442737449,97.10030832
9735,1259,5A,Buffalo,2021,0.3,0.3,0.271,77.451868,83.95782491,3.273015,10.36563851,94.32346342
9736,1260,5A,Buffalo,2021,0.3,0.35,0.271,75.51652,81.85990768,3.595573,11.38717969,93.24708737
9737,1261,5A,Buffalo,2021,0.3,0.45,0.271,72.082226,78.13713298,4.288124,13.58048871,91.71762169
9738,1262,5A,Buffalo,2021,0.3,0.4,0.271,73.751938,79.94710079,3.937105,12.46881154,92.41591233
9739,1263,5A,Buffalo,2021,0.3,0.55,0.271,69.027412,74.82571461,5.018623,15.89397904,90.71969365
9740,1264,5A,Buffalo,2021,0.3,0.5,0.271,70.526358,76.45057207,4.658117,14.75225654,91.20282861
9741,1265,5A,Buffalo,2021,0.3,0.6,0.271,67.651797,73.33454795,5.379129,17.03570154,90.37024949
9742,1266,5A,Buffalo,2021,0.3,0.65,0.271,66.352078,71.92565255,5.758609,18.2375147,90.16316726
9743,1267,5A,Buffalo,2021,0.3,0.7,0.271,65.128255,70.59902842,6.138089,19.43932786,90.03835628
9744,1268,5A,Buffalo,2021,0.3,0.75,0.271,63.989815,69.36495946,6.536543,20.70123168,90.06619114
9745,1269,5A,Buffalo,2021,0.3,0.85,0.271,61.893188,67.09221579,7.323964,23.19499399,90.28720978
9746,1270,5A,Buffalo,2021,0.3,0.8,0.271,62.908297,68.19259395,6.916023,21.90304484,90.09563879
9747,1271,5A,Buffalo,2021,0.3,0.95,0.271,60.090658,65.13827327,8.130359,25.74884695,90.88712023
9748,1272,5A,Buffalo,2021,0.3,0.9,0.271,60.953975,66.0741089,7.722418,24.45689781,90.53100671
9749,1273,5A,Buffalo,2021,0.35,0.01,0.271,93.883352,101.7695536,1.593816,5.047615272,106.8171688
9750,1274,5A,Buffalo,2021,0.35,0.15,0.271,87.318348,94.65308923,2.343289,7.421196263,102.0742855
9751,1275,5A,Buffalo,2021,0.35,0.1,0.271,89.974708,97.53258347,2.058679,6.519836393,104.0524199
9752,1276,5A,Buffalo,2021,0.35,0.25,0.271,82.451517,89.37744443,2.912509,9.223916003,98.60136043
9753,1277,5A,Buffalo,2021,0.35,0.2,0.271,84.775832,91.89700189,2.618412,8.292510804,100.1895127
9754,1278,5A,Buffalo,2021,0.35,0.3,0.271,80.35489,87.10470076,3.206606,10.1553212,97.26002196
9755,1279,5A,Buffalo,2021,0.35,0.35,0.271,78.400568,84.98621571,3.538651,11.20690772,96.19312343
9756,1280,5A,Buffalo,2021,0.35,0.45,0.271,74.899865,81.19145366,4.221715,13.37017141,94.56162507
9757,1281,5A,Buffalo,2021,0.35,0.4,0.271,76.588551,83.02198928,3.870696,12.25849423,95.28048352
9758,1282,5A,Buffalo,2021,0.35,0.55,0.271,71.778642,77.80804793,4.923753,15.59352575,93.40157368
9759,1283,5A,Buffalo,2021,0.35,0.5,0.271,73.315536,79.47404102,4.563247,14.45180325,93.92584427
9760,1284,5A,Buffalo,2021,0.35,0.6,0.271,70.384053,76.29631345,5.293746,16.76529358,93.06160703
9761,1285,5A,Buffalo,2021,0.35,0.65,0.271,69.06536,74.86685024,5.663739,17.93706141,92.80391165
9762,1286,5A,Buffalo,2021,0.35,0.7,0.271,67.822563,73.51965829,6.052706,19.1689199,92.68857819
9763,1287,5A,Buffalo,2021,0.35,0.75,0.271,66.646175,72.2444537,6.432186,20.37073306,92.61518676
9764,1288,5A,Buffalo,2021,0.35,0.85,0.271,64.5116,69.9305744,7.21012,22.83445004,92.76502444
9765,1289,5A,Buffalo,2021,0.35,0.8,0.271,65.545683,71.05152037,6.821153,21.60259155,92.65411192
9766,1290,5A,Buffalo,2021,0.35,0.95,0.271,62.671122,67.93549625,8.007028,25.35825768,93.29375392
9767,1291,5A,Buffalo,2021,0.35,0.9,0.271,63.534439,68.87133188,7.608574,24.09635386,92.96768573
9768,1292,5A,Buffalo,2021,0.45,0.01,0.271,99.196072,107.528542,1.536894,4.867343298,112.3958853
9769,1293,5A,Buffalo,2021,0.45,0.15,0.271,93.133879,100.9571248,2.27688,7.21087896,108.1680038
9770,1294,5A,Buffalo,2021,0.45,0.1,0.271,95.173584,103.1681651,1.99227,6.30951909,109.4776841
9771,1295,5A,Buffalo,2021,0.45,0.25,0.271,88.096282,95.49636969,2.808152,8.893417384,104.3897871
9772,1296,5A,Buffalo,2021,0.45,0.2,0.271,90.487006,98.0879145,2.542516,8.052148172,106.1400627
9773,1297,5A,Buffalo,2021,0.45,0.3,0.271,85.933246,93.15163866,3.111736,9.854867912,103.0065066
9774,1298,5A,Buffalo,2021,0.45,0.35,0.271,83.912515,90.96116626,3.424807,10.84636377,101.80753
9775,1299,5A,Buffalo,2021,0.45,0.45,0.271,80.307455,87.05328122,4.07941,12.91949147,99.97277269
9776,1300,5A,Buffalo,2021,0.45,0.4,0.271,82.053063,88.94552029,3.747365,11.86790496,100.8134252
9777,1301,5A,Buffalo,2021,0.45,0.55,0.271,77.100849,83.57732032,4.781448,15.14284582,98.72016613
9778,1302,5A,Buffalo,2021,0.45,0.5,0.271,78.685178,85.29473295,4.430429,14.03116864,99.3259016
9779,1303,5A,Buffalo,2021,0.45,0.6,0.271,75.639851,81.99359848,5.141954,16.28456832,98.2781668
9780,1304,5A,Buffalo,2021,0.45,0.65,0.271,74.28321,80.52299964,5.511947,17.45633615,97.97933579
9781,1305,5A,Buffalo,2021,0.45,0.7,0.271,72.992978,79.12438815,5.872453,18.59805865,97.7224468
9782,1306,5A,Buffalo,2021,0.45,0.75,0.271,71.788129,77.81833184,6.251933,19.79987181,97.61820365
9783,1307,5A,Buffalo,2021,0.45,0.85,0.271,69.558684,75.40161346,7.02038,22.23354346,97.63515692
9784,1308,5A,Buffalo,2021,0.45,0.8,0.271,70.640202,76.57397897,6.631413,21.00168497,97.57566394
9785,1309,5A,Buffalo,2021,0.45,0.95,0.271,67.64231,73.32426404,7.77934,24.63716978,97.96143382
9786,1310,5A,Buffalo,2021,0.45,0.9,0.271,68.543575,74.3012353,7.39986,23.43535662,97.73659192
9787,1311,5A,Buffalo,2021,0.4,0.01,0.271,96.57766,104.6901834,1.565355,4.957479285,109.6476627
9788,1312,5A,Buffalo,2021,0.4,0.15,0.271,90.268805,97.85138462,2.305341,7.301014947,105.1523996
9789,1313,5A,Buffalo,2021,0.4,0.1,0.271,92.612094,100.3915099,2.020731,6.399655077,106.791165
9790,1314,5A,Buffalo,2021,0.4,0.25,0.271,85.316591,92.48318464,2.855587,9.043644029,101.5268287
9791,1315,5A,Buffalo,2021,0.4,0.2,0.271,87.669367,95.03359383,2.580464,8.172329488,103.2059233
9792,1316,5A,Buffalo,2021,0.4,0.3,0.271,83.172529,90.15902144,3.149684,9.975049228,100.1340707
9793,1317,5A,Buffalo,2021,0.4,0.35,0.271,81.189746,88.00968466,3.472242,10.99659041,99.00627508
9794,1318,5A,Buffalo,2021,0.4,0.45,0.271,77.641608,84.16350307,4.145819,13.12980877,97.29331185
9795,1319,5A,Buffalo,2021,0.4,0.4,0.271,79.358755,86.02489042,3.813774,12.07822226,98.10311268
9796,1320,5A,Buffalo,2021,0.4,0.55,0.271,74.47295,80.7286778,4.857344,15.38320845,96.11188625
9797,1321,5A,Buffalo,2021,0.4,0.5,0.271,76.038305,82.42552262,4.496838,14.24148595,96.66700857
9798,1322,5A,Buffalo,2021,0.4,0.6,0.271,73.0499,79.1860916,5.21785,16.52493095,95.71102255
9799,1323,5A,Buffalo,2021,0.4,0.65,0.271,71.712233,77.73606057,5.587843,17.69669878,95.43275935
9800,1324,5A,Buffalo,2021,0.4,0.7,0.271,70.440975,76.3580169,5.957836,18.86846661,95.22648351
9801,1325,5A,Buffalo,2021,0.4,0.75,0.271,69.245613,75.06224449,6.337316,20.07027977,95.13252426
9802,1326,5A,Buffalo,2021,0.4,0.85,0.271,67.07309,72.70722956,7.11525,22.53399675,95.24122631
9803,1327,5A,Buffalo,2021,0.4,0.8,0.271,68.135634,73.85902726,6.716796,21.27209293,95.13112019
9804,1328,5A,Buffalo,2021,0.4,0.95,0.271,65.185177,70.66073187,7.883697,24.9676684,95.62840027
9805,1329,5A,Buffalo,2021,0.4,0.9,0.271,66.067468,71.61713531,7.49473,23.73580991,95.35294522
9806,1330,5A,Buffalo,2021,0.55,0.01,0.271,104.214695,112.9687294,1.489459,4.717116653,117.685846
9807,1331,5A,Buffalo,2021,0.55,0.15,0.271,98.010197,106.2430535,2.219958,7.030606986,113.2736605
9808,1332,5A,Buffalo,2021,0.55,0.1,0.271,100.08785,108.4952294,1.944835,6.159292445,114.6545218
9809,1333,5A,Buffalo,2021,0.55,0.25,0.271,93.418489,101.2656421,2.741743,8.683100081,109.9487422
9810,1334,5A,Buffalo,2021,0.55,0.2,0.271,95.885109,103.9394582,2.476107,7.841830869,111.781289
9811,1335,5A,Buffalo,2021,0.55,0.3,0.271,91.198531,98.8592076,3.026353,9.584459951,108.4436676
9812,1336,5A,Buffalo,2021,0.55,0.35,0.271,89.130365,96.61731566,3.329937,10.54591048,107.1632261
9813,1337,5A,Buffalo,2021,0.55,0.45,0.271,85.430435,92.60659154,3.975053,12.58899285,105.1955844
9814,1338,5A,Buffalo,2021,0.55,0.4,0.271,87.213991,94.53996624,3.643008,11.53740634,106.0773726
9815,1339,5A,Buffalo,2021,0.55,0.55,0.271,82.128959,89.02779156,4.658117,14.75225654,103.7800481
9816,1340,5A,Buffalo,2021,0.55,0.5,0.271,83.760723,90.79662373,4.307098,13.64057937,104.4372031
9817,1341,5A,Buffalo,2021,0.55,0.6,0.271,80.6395,87.413218,5.009136,15.86393371,103.2771517
9818,1342,5A,Buffalo,2021,0.55,0.65,0.271,79.235424,85.89119962,5.369642,17.00565621,102.8968558
9819,1343,5A,Buffalo,2021,0.55,0.7,0.271,77.916731,84.4617364,5.730148,18.14737872,102.6091151
9820,1344,5A,Buffalo,2021,0.55,0.75,0.271,76.673934,83.11454446,6.100141,19.31914655,102.433691
9821,1345,5A,Buffalo,2021,0.55,0.85,0.271,74.37808,80.62583872,6.849614,21.69272754,102.3185663
9822,1346,5A,Buffalo,2021,0.55,0.8,0.271,75.488059,81.82905596,6.470134,20.49091438,102.3199703
9823,1347,5A,Buffalo,2021,0.55,0.95,0.271,72.414271,78.49706976,7.580113,24.00621787,102.5032876
9824,1348,5A,Buffalo,2021,0.55,0.9,0.271,73.325023,79.48432493,7.229094,22.8945407,102.3788656
9825,1349,5A,Buffalo,2021,0.5,0.01,0.271,101.748075,110.2949133,1.508433,4.777207311,115.0721206
9826,1350,5A,Buffalo,2021,0.5,0.15,0.271,95.600499,103.6309409,2.238932,7.090697644,110.7216386
9827,1351,5A,Buffalo,2021,0.5,0.1,0.271,97.668665,105.8728329,1.973296,6.249428432,112.1222613
9828,1352,5A,Buffalo,2021,0.5,0.25,0.271,90.800077,98.42728347,2.779691,8.803281397,107.2305649
9829,1353,5A,Buffalo,2021,0.5,0.2,0.271,93.228749,101.0599639,2.504568,7.931966856,108.9919308
9830,1354,5A,Buffalo,2021,0.5,0.3,0.271,88.599093,96.04141681,3.073788,9.734686596,105.7761034
9831,1355,5A,Buffalo,2021,0.5,0.35,0.271,86.559388,93.83037659,3.377372,10.69613712,104.5265137
9832,1356,5A,Buffalo,2021,0.5,0.45,0.271,82.906893,89.87107201,4.031975,12.76926483,102.6403368
9833,1357,5A,Buffalo,2021,0.5,0.4,0.271,84.661988,91.77359499,3.69993,11.71767831,103.4912733
9834,1358,5A,Buffalo,2021,0.5,0.55,0.271,79.652852,86.34369157,4.715039,14.93252851,101.2762201
9835,1359,5A,Buffalo,2021,0.5,0.5,0.271,81.265642,88.09195593,4.36402,13.82085134,101.9128073
9836,1360,5A,Buffalo,2021,0.5,0.6,0.271,78.17288,84.73940192,5.075545,16.07425102,100.8136529
9837,1361,5A,Buffalo,2021,0.5,0.65,0.271,76.787778,83.23795135,5.436051,17.21597352,100.4539249
9838,1362,5A,Buffalo,2021,0.5,0.7,0.271,75.488059,81.82905596,5.796557,18.35769602,100.186752
9839,1363,5A,Buffalo,2021,0.5,0.75,0.271,74.254749,80.49214792,6.176037,19.55950918,100.0516571
9840,1364,5A,Buffalo,2021,0.5,0.85,0.271,72.00633,78.05486172,6.92551,21.93309017,99.98795189
9841,1365,5A,Buffalo,2021,0.5,0.8,0.271,73.097335,79.23751114,6.54603,20.73127701,99.96878815
9842,1366,5A,Buffalo,2021,0.5,0.95,0.271,70.061495,75.94666058,7.68447,24.33671649,100.2833771
9843,1367,5A,Buffalo,2021,0.5,0.9,0.271,70.96276,76.92363184,7.314477,23.16494866,100.0885805
9844,1368,5A,Buffalo,2021,0.6,0.01,0.271,106.614906,115.5705581,1.470485,4.657025995,120.2275841
9845,1369,5A,Buffalo,2021,0.6,0.15,0.271,100.334512,108.762611,2.191497,6.940470999,115.703082
9846,1370,5A,Buffalo,2021,0.6,0.1,0.271,102.440626,111.0456386,1.916374,6.069156458,117.114795
9847,1371,5A,Buffalo,2021,0.6,0.25,0.271,95.970492,104.0320133,2.713282,8.592964094,112.6249774
9848,1372,5A,Buffalo,2021,0.6,0.2,0.271,98.465573,106.7366811,2.447646,7.751694882,114.488376
9849,1373,5A,Buffalo,2021,0.6,0.3,0.271,93.722073,101.5947271,2.988405,9.464278635,111.0590058
9850,1374,5A,Buffalo,2021,0.6,0.35,0.271,91.625446,99.32198346,3.291989,10.42572916,109.7477126
9851,1375,5A,Buffalo,2021,0.6,0.45,0.271,87.887568,95.27012371,3.927618,12.43876621,107.7088899
9852,1376,5A,Buffalo,2021,0.6,0.4,0.271,89.690098,97.22406623,3.595573,11.38717969,108.6112459
9853,1377,5A,Buffalo,2021,0.6,0.55,0.271,84.538657,91.63990419,4.601195,14.57198457,106.2118888
9854,1378,5A,Buffalo,2021,0.6,0.5,0.271,86.198882,93.43958809,4.259663,13.49035272,106.9299408
9855,1379,5A,Buffalo,2021,0.6,0.6,0.271,83.039711,90.01504672,4.961701,15.71370707,105.7287538
9856,1380,5A,Buffalo,2021,0.6,0.65,0.271,81.616661,88.47246052,5.31272,16.82538424,105.2978448
9857,1381,5A,Buffalo,2021,0.6,0.7,0.271,80.278994,87.0224295,5.673226,17.96710674,104.9895362
9858,1382,5A,Buffalo,2021,0.6,0.75,0.271,79.017223,85.65466973,6.024245,19.07878392,104.7334536
9859,1383,5A,Buffalo,2021,0.6,0.85,0.271,76.711882,83.15568009,6.773718,21.45236491,104.608045
9860,1384,5A,Buffalo,2021,0.6,0.8,0.271,77.831348,84.36918123,6.403725,20.28059708,104.6497783
9861,1385,5A,Buffalo,2021,0.6,0.95,0.271,74.729099,81.00634332,7.49473,23.73580991,104.7421532
9862,1386,5A,Buffalo,2021,0.6,0.9,0.271,75.639851,81.99359848,7.153198,22.65417807,104.6477766
9863,1387,5A,Buffalo,2021,0.65,0.01,0.271,108.948708,118.1003995,1.460998,4.626980666,122.7273801
9864,1388,5A,Buffalo,2021,0.65,0.15,0.271,102.535496,111.1484777,2.191497,6.940470999,118.0889487
9865,1389,5A,Buffalo,2021,0.65,0.1,0.271,104.660584,113.4520731,1.906887,6.039111129,119.4911842
9866,1390,5A,Buffalo,2021,0.65,0.25,0.271,98.19045,106.4384478,2.713282,8.592964094,115.0314119
9867,1391,5A,Buffalo,2021,0.65,0.2,0.271,100.723479,109.1842512,2.438159,7.721649553,116.9059008
9868,1392,5A,Buffalo,2021,0.65,0.3,0.271,95.875622,103.9291742,3.007379,9.524369293,113.4535435
9869,1393,5A,Buffalo,2021,0.65,0.35,0.271,93.73156,101.605011,3.310963,10.48581982,112.0908309
9870,1394,5A,Buffalo,2021,0.65,0.45,0.271,89.965221,97.52229956,3.946592,12.49885686,110.0211564
9871,1395,5A,Buffalo,2021,0.65,0.4,0.271,91.767751,99.47624208,3.614547,11.44727035,110.9235124
9872,1396,5A,Buffalo,2021,0.65,0.55,0.271,86.644771,93.92293176,4.620169,14.63207522,108.555007
9873,1397,5A,Buffalo,2021,0.65,0.5,0.271,88.276535,95.69176394,4.26915,13.52039805,109.212162
9874,1398,5A,Buffalo,2021,0.65,0.6,0.271,85.155312,92.30835821,4.961701,15.71370707,108.0220653
9875,1399,5A,Buffalo,2021,0.65,0.65,0.271,83.656366,90.68350074,5.341181,16.91552023,107.599021
9876,1400,5A,Buffalo,2021,0.65,0.7,0.271,82.337673,89.25403753,5.6922,18.0271974,107.2812349
9877,1401,5A,Buffalo,2021,0.65,0.75,0.271,81.085389,87.89656168,6.043219,19.13887457,107.0354362
9878,1402,5A,Buffalo,2021,0.65,0.85,0.271,78.770561,85.38728812,6.783205,21.48241024,106.8696984
9879,1403,5A,Buffalo,2021,0.65,0.8,0.271,79.890027,86.60078927,6.413212,20.3106424,106.9114317
9880,1404,5A,Buffalo,2021,0.65,0.95,0.271,76.759317,83.20709963,7.513704,23.79590057,107.0030002
9881,1405,5A,Buffalo,2021,0.65,0.9,0.271,77.708017,84.23549043,7.162685,22.6842234,106.9197138
9882,1406,5A,Buffalo,2021,0.7,0.01,0.271,111.206614,120.5479696,1.442024,4.566890008,125.1148596
9883,1407,5A,Buffalo,2021,0.7,0.15,0.271,104.660584,113.4520731,2.172523,6.880380341,120.3324534
9884,1408,5A,Buffalo,2021,0.7,0.1,0.271,106.804646,115.7762363,1.8974,6.0090658,121.7853021
9885,1409,5A,Buffalo,2021,0.7,0.25,0.271,100.306051,108.7317593,2.732256,8.653054752,117.384814
9886,1410,5A,Buffalo,2021,0.7,0.2,0.271,102.772671,111.4055754,2.438159,7.721649553,119.1272249
9887,1411,5A,Buffalo,2021,0.7,0.3,0.271,97.924814,106.1504984,3.026353,9.584459951,115.7349583
9888,1412,5A,Buffalo,2021,0.7,0.35,0.271,95.742804,103.7851995,3.329937,10.54591048,114.33111
9889,1413,5A,Buffalo,2021,0.7,0.45,0.271,91.948004,99.67163634,3.975053,12.58899285,112.2606292
9890,1414,5A,Buffalo,2021,0.7,0.4,0.271,93.760021,101.6358628,3.652495,11.56745167,113.2033144
9891,1415,5A,Buffalo,2021,0.7,0.55,0.271,88.665502,96.11340417,4.64863,14.72221121,110.8356154
9892,1416,5A,Buffalo,2021,0.7,0.5,0.271,90.259318,97.84110071,4.307098,13.64057937,111.4816801
9893,1417,5A,Buffalo,2021,0.7,0.6,0.271,87.18553,94.50911452,4.980675,15.77379773,110.2829122
9894,1418,5A,Buffalo,2021,0.7,0.65,0.271,85.629662,92.82255361,5.369642,17.00565621,109.8282098
9895,1419,5A,Buffalo,2021,0.7,0.7,0.271,84.329943,91.41365821,5.711174,18.08728806,109.5009463
9896,1420,5A,Buffalo,2021,0.7,0.75,0.271,83.087146,90.06646626,6.062193,19.19896523,109.2654315
9897,1421,5A,Buffalo,2021,0.7,0.85,0.271,80.772318,87.55719271,6.802179,21.54250089,109.0996936
9898,1422,5A,Buffalo,2021,0.7,0.8,0.271,81.891784,88.77069386,6.432186,20.37073306,109.1414269
9899,1423,5A,Buffalo,2021,0.7,0.95,0.271,78.7421,85.3564364,7.542165,23.88603656,109.242473
9900,1424,5A,Buffalo,2021,0.7,0.9,0.271,79.719261,86.41567892,7.181659,22.74431405,109.159993
9901,1425,5A,Buffalo,2021,0.75,0.01,0.271,113.398111,122.9235523,1.432537,4.536844679,127.460397
9902,1426,5A,Buffalo,2021,0.75,0.15,0.271,106.709776,115.6733972,2.163036,6.850335012,122.5237322
9903,1427,5A,Buffalo,2021,0.75,0.1,0.271,108.891786,118.038696,1.8974,6.0090658,124.0477618
9904,1428,5A,Buffalo,2021,0.75,0.25,0.271,102.336269,110.9325156,2.741743,8.683100081,119.6156157
9905,1429,5A,Buffalo,2021,0.75,0.2,0.271,104.745967,113.5446282,2.447646,7.751694882,121.2963231
9906,1430,5A,Buffalo,2021,0.75,0.3,0.271,99.869649,108.2586995,3.045327,9.644550609,117.9032501
9907,1431,5A,Buffalo,2021,0.75,0.35,0.271,97.649691,105.852265,3.367885,10.6660918,116.5183568
9908,1432,5A,Buffalo,2021,0.75,0.45,0.271,93.845404,101.7284179,4.013001,12.70917417,114.4375921
9909,1433,5A,Buffalo,2021,0.75,0.4,0.271,95.657421,103.6926444,3.690443,11.68763298,115.3802773
9910,1434,5A,Buffalo,2021,0.75,0.55,0.271,90.572389,98.18046968,4.677091,14.8123472,112.9928169
9911,1435,5A,Buffalo,2021,0.75,0.5,0.271,92.137744,99.8773145,4.345046,13.76076068,113.6380752
9912,1436,5A,Buffalo,2021,0.75,0.6,0.271,89.120878,96.60703175,5.009136,15.86393371,112.4709655
9913,1437,5A,Buffalo,2021,0.75,0.65,0.271,87.517575,94.8690513,5.40759,17.12583753,111.9948888
9914,1438,5A,Buffalo,2021,0.75,0.7,0.271,86.246317,93.49100763,5.749122,18.20746937,111.698477
9915,1439,5A,Buffalo,2021,0.75,0.75,0.271,85.013007,92.15409959,6.090654,19.28910122,111.4432008
9916,1440,5A,Buffalo,2021,0.75,0.85,0.271,82.707666,89.65510994,6.821153,21.60259155,111.2577015
9917,1441,5A,Buffalo,2021,0.75,0.8,0.271,83.836619,90.878895,6.460647,20.46086905,111.339764
9918,1442,5A,Buffalo,2021,0.75,0.95,0.271,80.677448,87.45435363,7.561139,23.94612721,111.4004808
9919,1443,5A,Buffalo,2021,0.75,0.9,0.271,81.673583,88.53416397,7.200633,22.80440471,111.3385687
9920,1444,5A,Buffalo,2021,0.85,0.01,0.271,117.686235,127.5718787,1.404076,4.446708692,132.0185874
9921,1445,5A,Buffalo,2021,0.85,0.15,0.271,110.912517,120.2291684,2.134575,6.760199025,126.9893675
9922,1446,5A,Buffalo,2021,0.85,0.1,0.271,113.113501,122.6150351,1.859452,5.888884484,128.5039196
9923,1447,5A,Buffalo,2021,0.85,0.25,0.271,106.814133,115.7865202,2.703795,8.562918765,124.3494389
9924,1448,5A,Buffalo,2021,0.85,0.2,0.271,108.882299,118.0284121,2.409698,7.631513566,125.6599257
9925,1449,5A,Buffalo,2021,0.85,0.3,0.271,104.26213,113.0201489,3.007379,9.524369293,122.5445182
9926,1450,5A,Buffalo,2021,0.85,0.35,0.271,101.98525,110.552011,3.32045,10.51586515,121.0678762
9927,1451,5A,Buffalo,2021,0.85,0.45,0.271,98.086093,106.3253248,3.965566,12.55894752,118.8842723
9928,1452,5A,Buffalo,2021,0.85,0.4,0.271,99.936058,108.3306869,3.643008,11.53740634,119.8680932
9929,1453,5A,Buffalo,2021,0.85,0.55,0.271,94.756156,102.7156731,4.629656,14.66212055,117.3777937
9930,1454,5A,Buffalo,2021,0.85,0.5,0.271,96.359459,104.4536536,4.297611,13.61053404,118.0641876
9931,1455,5A,Buffalo,2021,0.85,0.6,0.271,93.295158,101.1319513,4.961701,15.71370707,116.8456583
9932,1456,5A,Buffalo,2021,0.85,0.65,0.271,91.587498,99.28084783,5.360155,16.97561089,116.2564587
9933,1457,5A,Buffalo,2021,0.85,0.7,0.271,90.287779,97.87195244,5.701687,18.05724273,115.9291952
9934,1458,5A,Buffalo,2021,0.85,0.75,0.271,89.054469,96.5350444,6.043219,19.13887457,115.673919
9935,1459,5A,Buffalo,2021,0.85,0.85,0.271,86.71118,93.99491912,6.764231,21.42231958,115.4172387
9936,1460,5A,Buffalo,2021,0.85,0.8,0.271,87.84962,95.22898808,6.403725,20.28059708,115.5095852
9937,1461,5A,Buffalo,2021,0.85,0.95,0.271,84.671475,91.7838789,7.49473,23.73580991,115.5196888
9938,1462,5A,Buffalo,2021,0.85,0.9,0.271,85.658123,92.85340533,7.134224,22.59408741,115.4474927
9939,1463,5A,Buffalo,2021,0.8,0.01,0.271,115.580121,125.2888512,1.413563,4.476754021,129.7656052
9940,1464,5A,Buffalo,2021,0.8,0.15,0.271,108.891786,118.038696,2.153549,6.820289683,124.8589857
9941,1465,5A,Buffalo,2021,0.8,0.1,0.271,111.073796,120.4039949,1.868939,5.918929813,126.3229247
9942,1466,5A,Buffalo,2021,0.8,0.25,0.271,104.651097,113.4417891,2.713282,8.592964094,122.0347532
9943,1467,5A,Buffalo,2021,0.8,0.2,0.271,106.880542,115.8585075,2.419185,7.661558895,123.5200664
9944,1468,5A,Buffalo,2021,0.8,0.3,0.271,102.118068,110.6959857,3.026353,9.584459951,120.2804457
9945,1469,5A,Buffalo,2021,0.8,0.35,0.271,99.860162,108.2484156,3.329937,10.54591048,118.7943261
9946,1470,5A,Buffalo,2021,0.8,0.45,0.271,95.998953,104.0628651,3.994027,12.64908351,116.7119486
9947,1471,5A,Buffalo,2021,0.8,0.4,0.271,97.839431,106.0579432,3.661982,11.59749699,117.6554402
9948,1472,5A,Buffalo,2021,0.8,0.55,0.271,92.678503,100.4634973,4.658117,14.75225654,115.2157538
9949,1473,5A,Buffalo,2021,0.8,0.5,0.271,94.272319,102.1911938,4.326072,13.70067002,115.8918638
9950,1474,5A,Buffalo,2021,0.8,0.6,0.271,91.217505,98.87977542,4.990162,15.80384305,114.6836185
9951,1475,5A,Buffalo,2021,0.8,0.65,0.271,89.528819,97.0492398,5.40759,17.12583753,114.1750773
9952,1476,5A,Buffalo,2021,0.8,0.7,0.271,88.2291,95.6403444,5.749122,18.20746937,113.8478138
9953,1477,5A,Buffalo,2021,0.8,0.75,0.271,86.99579,94.30343636,6.090654,19.28910122,113.5925376
9954,1478,5A,Buffalo,2021,0.8,0.85,0.271,84.671475,91.7838789,6.821153,21.60259155,113.3864705
9955,1479,5A,Buffalo,2021,0.8,0.8,0.271,85.800428,93.00766395,6.460647,20.46086905,113.468533
9956,1480,5A,Buffalo,2021,0.8,0.95,0.271,82.63177,89.57283868,7.570626,23.97617254,113.5490112
9957,1481,5A,Buffalo,2021,0.8,0.9,0.271,83.627905,90.65264902,7.200633,22.80440471,113.4570537
9958,1482,5A,Buffalo,2021,0.95,0.01,0.271,121.71821,131.9425396,1.375615,4.356572705,136.2991123
9959,1483,5A,Buffalo,2021,0.95,0.15,0.271,114.783213,124.4250029,2.106114,6.670063038,131.0950659
9960,1484,5A,Buffalo,2021,0.95,0.1,0.271,117.031632,126.8622891,1.840478,5.828793826,132.6910829
9961,1485,5A,Buffalo,2021,0.95,0.25,0.271,110.827134,120.1366133,2.675334,8.472782778,128.609396
9962,1486,5A,Buffalo,2021,0.95,0.2,0.271,112.724534,122.1933949,2.400211,7.601468237,129.7948631
9963,1487,5A,Buffalo,2021,0.95,0.3,0.271,108.332053,117.4319455,2.988405,9.464278635,126.8962241
9964,1488,5A,Buffalo,2021,0.95,0.35,0.271,106.026712,114.9329558,3.291989,10.42572916,125.358685
9965,1489,5A,Buffalo,2021,0.95,0.45,0.271,102.08012,110.6548501,3.927618,12.43876621,123.0936163
9966,1490,5A,Buffalo,2021,0.95,0.4,0.271,103.958546,112.6910639,3.60506,11.41722502,124.1082889
9967,1491,5A,Buffalo,2021,0.95,0.55,0.271,98.740696,107.0349145,4.572734,14.48184858,121.516763
9968,1492,5A,Buffalo,2021,0.95,0.5,0.271,100.343999,108.7728949,4.250176,13.46030739,122.2332023
9969,1493,5A,Buffalo,2021,0.95,0.6,0.271,97.251237,105.4203409,4.895292,15.50338976,120.9237307
9970,1494,5A,Buffalo,2021,0.95,0.65,0.271,95.553064,103.5795214,5.303233,16.79533891,120.3748603
9971,1495,5A,Buffalo,2021,0.95,0.7,0.271,94.253345,102.170626,5.625791,17.8168801,119.9875061
9972,1496,5A,Buffalo,2021,0.95,0.75,0.271,93.010548,100.823434,5.967323,18.89851194,119.721946
9973,1497,5A,Buffalo,2021,0.95,0.85,0.271,90.657772,98.27302485,6.659874,21.09182096,119.3648458
9974,1498,5A,Buffalo,2021,0.95,0.8,0.271,91.796212,99.50709381,6.308855,19.98014379,119.4872376
9975,1499,5A,Buffalo,2021,0.95,0.95,0.271,88.589606,96.0311329,7.380886,23.37526596,119.4063989
9976,1500,5A,Buffalo,2021,0.95,0.9,0.271,89.576254,97.10065934,7.02038,22.23354346,119.3342028
9977,1501,5A,Buffalo,2021,0.9,0.01,0.271,119.72594,129.782919,1.394589,4.416663363,134.1995823
9978,1502,5A,Buffalo,2021,0.9,0.15,0.271,112.876326,122.3579374,2.125088,6.730153696,129.0880911
9979,1503,5A,Buffalo,2021,0.9,0.1,0.271,115.096284,124.7643719,1.849965,5.858839155,130.623211
9980,1504,5A,Buffalo,2021,0.9,0.25,0.271,108.91076,118.0592638,2.684821,8.502828107,126.5620919
9981,1505,5A,Buffalo,2021,0.9,0.2,0.271,110.836621,120.1468972,2.400211,7.601468237,127.7483654
9982,1506,5A,Buffalo,2021,0.9,0.3,0.271,106.330296,115.2620409,2.988405,9.464278635,124.7263195
9983,1507,5A,Buffalo,2021,0.9,0.35,0.271,104.034442,112.7733351,3.301476,10.45577449,123.2291096
9984,1508,5A,Buffalo,2021,0.9,0.45,0.271,100.106824,108.5157972,3.946592,12.49885686,121.0146541
9985,1509,5A,Buffalo,2021,0.9,0.4,0.271,101.975763,110.5417271,3.614547,11.44727035,121.9889974
9986,1510,5A,Buffalo,2021,0.9,0.55,0.271,96.776887,104.9061455,4.601195,14.57198457,119.4781301
9987,1511,5A,Buffalo,2021,0.9,0.5,0.271,98.38019,106.644126,4.26915,13.52039805,120.164524
9988,1512,5A,Buffalo,2021,0.9,0.6,0.271,95.296915,103.3018559,4.914266,15.56348042,118.8653363
9989,1513,5A,Buffalo,2021,0.9,0.65,0.271,93.608229,101.4713202,5.331694,16.8854749,118.3567951
9990,1514,5A,Buffalo,2021,0.9,0.7,0.271,92.299023,100.0521409,5.663739,17.93706141,117.9892023
9991,1515,5A,Buffalo,2021,0.9,0.75,0.271,91.056226,98.70494898,6.005271,19.01869326,117.7236422
9992,1516,5A,Buffalo,2021,0.9,0.85,0.271,88.712937,96.16482371,6.716796,21.27209293,117.4369166
9993,1517,5A,Buffalo,2021,0.9,0.8,0.271,89.851377,97.39889267,6.35629,20.13037043,117.5292631
9994,1518,5A,Buffalo,2021,0.9,0.95,0.271,86.654258,93.93321567,7.437808,23.55553794,117.4887536
9995,1519,5A,Buffalo,2021,0.9,0.9,0.271,87.640906,95.0027421,7.077302,22.41381543,117.4165575
11516,3040,5B,Denver,2021,0.01,0.01,0.271,49.038303,53.15752045,2.627899,8.322556133,61.48007659
11517,3041,5B,Denver,2021,0.01,0.15,0.271,41.401268,44.87897451,3.870696,12.25849423,57.13746874
11518,3042,5B,Denver,2021,0.01,0.1,0.271,43.905836,47.59392622,3.405833,10.78627311,58.38019934
11519,3043,5B,Denver,2021,0.01,0.25,0.271,37.559033,40.71399177,4.809909,15.2329818,55.94697358
11520,3044,5B,Denver,2021,0.01,0.2,0.271,39.361563,42.66793429,4.326072,13.70067002,56.36860432
11521,3045,5B,Denver,2021,0.01,0.3,0.271,35.965217,38.98629523,5.331694,16.8854749,55.87177013
11522,3046,5B,Denver,2021,0.01,0.35,0.271,34.570628,37.47456075,5.862966,18.56801332,56.04257407
11523,3047,5B,Denver,2021,0.01,0.45,0.271,32.198878,34.90358375,7.096276,22.47390609,57.37748984
11524,3048,5B,Denver,2021,0.01,0.4,0.271,33.308857,36.10680099,6.460647,20.46086905,56.56767004
11525,3049,5B,Denver,2021,0.01,0.55,0.271,30.510192,33.07304813,8.367534,26.49998018,59.57302831
11526,3050,5B,Denver,2021,0.01,0.5,0.271,31.288126,33.91632858,7.722418,24.45689781,58.37322639
11527,3051,5B,Denver,2021,0.01,0.6,0.271,29.846102,32.35317457,9.022137,28.57310788,60.92628245
11528,3052,5B,Denver,2021,0.01,0.65,0.271,29.276882,31.73614009,9.695714,30.70632624,62.44246633
11529,3053,5B,Denver,2021,0.01,0.7,0.271,28.764584,31.18080906,10.359804,32.80949927,63.99030832
11530,3054,5B,Denver,2021,0.01,0.75,0.271,28.318695,30.69746538,11.033381,34.94271763,65.64018301
11531,3055,5B,Denver,2021,0.01,0.85,0.271,27.559735,29.87475274,12.418483,39.32933566,69.2040884
11532,3056,5B,Denver,2021,0.01,0.8,0.271,27.901267,30.24497343,11.725932,37.13602664,67.38100007
11533,3057,5B,Denver,2021,0.01,0.95,0.271,26.914619,29.175447,13.794098,43.68590837,72.86135536
11534,3058,5B,Denver,2021,0.01,0.9,0.271,27.218203,29.50453205,13.101547,41.49259935,70.9971314
11535,3059,5B,Denver,2021,0.05,0.01,0.271,51.836968,56.19127331,2.580464,8.172329488,64.3636028
11536,3060,5B,Denver,2021,0.05,0.15,0.271,44.000706,47.6967653,3.804287,12.04817693,59.74494223
11537,3061,5B,Denver,2021,0.05,0.1,0.271,46.562196,50.47342046,3.339424,10.57595581,61.04937627
11538,3062,5B,Denver,2021,0.05,0.25,0.271,40.025653,43.38780785,4.715039,14.93252851,58.32033637
11539,3063,5B,Denver,2021,0.05,0.2,0.271,41.904079,45.42402164,4.250176,13.46030739,58.88432903
11540,3064,5B,Denver,2021,0.05,0.3,0.271,38.374915,41.59840786,5.21785,16.52493095,58.12333881
11541,3065,5B,Denver,2021,0.05,0.35,0.271,36.923404,40.02496994,5.749122,18.20746937,58.23243931
11542,3066,5B,Denver,2021,0.05,0.45,0.271,34.409349,37.29973432,6.963458,22.05327149,59.3530058
11543,3067,5B,Denver,2021,0.05,0.4,0.271,35.595224,38.58522282,6.327829,20.04023444,58.62545726
11544,3068,5B,Denver,2021,0.05,0.55,0.271,32.616306,35.3560757,8.215742,26.01925491,61.37533062
11545,3069,5B,Denver,2021,0.05,0.5,0.271,33.451162,36.26105961,7.580113,24.00621787,60.26727748
11546,3070,5B,Denver,2021,0.05,0.6,0.271,31.904781,34.5847826,8.851371,28.03229196,62.61707456
11547,3071,5B,Denver,2021,0.05,0.65,0.271,31.288126,33.91632858,9.515461,30.13546499,64.05179357
11548,3072,5B,Denver,2021,0.05,0.7,0.271,30.756854,33.34042974,10.189038,32.26868335,65.60911308
11549,3073,5B,Denver,2021,0.05,0.75,0.271,30.26353,32.80566652,10.853128,34.37185638,67.1775229
11550,3074,5B,Denver,2021,0.05,0.85,0.271,29.466622,31.94181825,12.219256,38.69838375,70.640202
11551,3075,5B,Denver,2021,0.05,0.8,0.271,29.865076,32.37374238,11.536192,36.53512006,68.90886245
11552,3076,5B,Denver,2021,0.05,0.95,0.271,28.793045,31.21166078,13.594871,43.05495646,74.26661724
11553,3077,5B,Denver,2021,0.05,0.9,0.271,29.106116,31.55102974,12.90232,40.86164744,72.41267718
11554,3078,5B,Denver,2021,0.15,0.01,0.271,58.458894,63.3694411,2.46662,7.81178554,71.18122664
11555,3079,5B,Denver,2021,0.15,0.15,0.271,50.148282,54.36073769,3.652495,11.56745167,65.92818935
11556,3080,5B,Denver,2021,0.15,0.1,0.271,52.871051,57.31221928,3.197119,10.12527587,67.43749516
11557,3081,5B,Denver,2021,0.15,0.25,0.271,45.945541,49.80496644,4.525299,14.33162193,64.13658838
11558,3082,5B,Denver,2021,0.15,0.2,0.271,47.937811,51.96458712,4.07941,12.91949147,64.88407859
11559,3083,5B,Denver,2021,0.15,0.3,0.271,44.161985,47.87159174,4.999649,15.83388838,63.70548012
11560,3084,5B,Denver,2021,0.15,0.35,0.271,42.577656,46.1541791,5.511947,17.45633615,63.61051525
11561,3085,5B,Denver,2021,0.15,0.45,0.271,39.75053,43.08957452,6.669361,21.12186629,64.21144081
11562,3086,5B,Denver,2021,0.15,0.4,0.271,41.088197,44.53960555,6.062193,19.19896523,63.73857078
11563,3087,5B,Denver,2021,0.15,0.55,0.271,37.720312,40.88881821,7.87421,24.93762307,65.82644128
11564,3088,5B,Denver,2021,0.15,0.5,0.271,38.669012,41.91720901,7.267042,23.01472201,64.93193102
11565,3089,5B,Denver,2021,0.15,0.6,0.271,36.894943,39.99411821,8.500352,26.92061478,66.914733
11566,3090,5B,Denver,2021,0.15,0.65,0.271,36.173931,39.2125412,9.145468,28.96369716,68.17623836
11567,3091,5B,Denver,2021,0.15,0.7,0.271,35.547789,38.53380328,9.790584,31.00677953,69.5405828
11568,3092,5B,Denver,2021,0.15,0.75,0.271,35.016517,37.95790443,10.454674,33.10995256,71.06785699
11569,3093,5B,Denver,2021,0.15,0.85,0.271,34.086791,36.95008144,11.782854,37.31629862,74.26638006
11570,3094,5B,Denver,2021,0.15,0.8,0.271,34.513706,37.4128573,11.118764,35.21312559,72.62598289
11571,3095,5B,Denver,2021,0.15,0.95,0.271,33.327831,36.1273688,13.139495,41.61278067,77.74014947
11572,3096,5B,Denver,2021,0.15,0.9,0.271,33.688337,36.51815731,12.456431,39.44951698,75.96767429
11573,3097,5B,Denver,2021,0.1,0.01,0.271,55.223827,59.86262847,2.523542,7.992057514,67.85468598
11574,3098,5B,Denver,2021,0.1,0.15,0.271,47.131416,51.09045494,3.718904,11.77776897,62.86822391
11575,3099,5B,Denver,2021,0.1,0.1,0.271,49.778289,53.95966528,3.263528,10.33559318,64.29525845
11576,3100,5B,Denver,2021,0.1,0.25,0.271,43.042519,46.6580906,4.620169,14.63207522,61.29016582
11577,3101,5B,Denver,2021,0.1,0.2,0.271,44.96838,48.74572392,4.155306,13.1598541,61.90557802
11578,3102,5B,Denver,2021,0.1,0.3,0.271,41.325372,44.79670325,5.104006,16.164387,60.96109025
11579,3103,5B,Denver,2021,0.1,0.35,0.271,39.788478,43.13071015,5.616304,17.78683477,60.91754492
11580,3104,5B,Denver,2021,0.1,0.45,0.271,37.122631,40.240932,6.811666,21.57254622,61.81347823
11581,3105,5B,Denver,2021,0.1,0.4,0.271,38.374915,41.59840786,6.185524,19.58955451,61.18796237
11582,3106,5B,Denver,2021,0.1,0.55,0.271,35.19677,38.15329868,8.035489,25.44839366,63.60169234
11583,3107,5B,Denver,2021,0.1,0.5,0.271,36.088548,39.11998603,7.409347,23.46540195,62.58538798
11584,3108,5B,Denver,2021,0.1,0.6,0.271,34.428323,37.32030213,8.671118,27.46143071,64.78173284
11585,3109,5B,Denver,2021,0.1,0.65,0.271,33.754746,36.59014466,9.316234,29.50451308,66.09465774
11586,3110,5B,Denver,2021,0.1,0.7,0.271,33.185526,35.97311018,9.980324,31.60768611,67.58079629
11587,3111,5B,Denver,2021,0.1,0.75,0.271,32.673228,35.41777915,10.644414,33.71085914,69.12863829
11588,3112,5B,Denver,2021,0.1,0.85,0.271,31.809911,34.48194352,11.991568,37.97729586,72.45923938
11589,3113,5B,Denver,2021,0.1,0.8,0.271,32.208365,34.91386766,11.317991,35.8440775,70.75794516
11590,3114,5B,Denver,2021,0.1,0.95,0.271,31.088899,33.70036652,13.348209,42.2737779,75.97414442
11591,3115,5B,Denver,2021,0.1,0.9,0.271,31.439918,34.08087111,12.674632,40.14055954,74.22143066
11592,3116,5B,Denver,2021,0.25,0.01,0.271,64.587496,70.01284566,2.381237,7.541377579,77.55422324
11593,3117,5B,Denver,2021,0.25,0.15,0.271,55.849969,60.5413664,3.529164,11.17686239,71.71822878
11594,3118,5B,Denver,2021,0.25,0.1,0.271,58.72453,63.65739052,3.092762,9.794777254,73.45216777
11595,3119,5B,Denver,2021,0.25,0.25,0.271,51.457488,55.77991699,4.373507,13.85089667,69.63081366
11596,3120,5B,Denver,2021,0.25,0.2,0.271,53.544628,58.04237675,3.937105,12.46881154,70.51118829
11597,3121,5B,Denver,2021,0.25,0.3,0.271,49.569575,53.7334193,4.828883,15.29307246,69.02649176
11598,3122,5B,Denver,2021,0.25,0.35,0.271,47.880889,51.90288368,5.31272,16.82538424,68.72826792
11599,3123,5B,Denver,2021,0.25,0.45,0.271,44.816588,48.58118139,6.441673,20.40077839,68.98195978
11600,3124,5B,Denver,2021,0.25,0.4,0.271,46.277586,50.16490322,5.853479,18.53796799,68.70287122
11601,3125,5B,Denver,2021,0.25,0.55,0.271,42.558682,46.13361129,7.599087,24.06630853,70.19991982
11602,3126,5B,Denver,2021,0.25,0.5,0.271,43.611739,47.27512508,7.001406,22.1734528,69.44857788
11603,3127,5B,Denver,2021,0.25,0.6,0.271,41.628956,45.1257883,8.206255,25.98920959,71.11499789
11604,3128,5B,Denver,2021,0.25,0.65,0.271,40.822561,44.25165612,8.832397,27.9722013,72.22385742
11605,3129,5B,Denver,2021,0.25,0.7,0.271,40.120523,43.49064693,9.468026,29.98523834,73.47588527
11606,3130,5B,Denver,2021,0.25,0.75,0.271,39.503868,42.82219291,10.113142,32.02832071,74.85051363
11607,3131,5B,Denver,2021,0.25,0.85,0.271,38.460298,41.69096303,11.412861,36.14453079,77.83549382
11608,3132,5B,Denver,2021,0.25,0.8,0.271,38.953622,42.22572625,10.767745,34.10144842,76.32717466
11609,3133,5B,Denver,2021,0.25,0.95,0.271,37.606468,40.76541131,12.731554,40.32083152,81.08624283
11610,3134,5B,Denver,2021,0.25,0.9,0.271,38.023896,41.21790326,12.076951,38.24770382,79.46560708
11611,3135,5B,Denver,2021,0.2,0.01,0.271,61.580117,66.75284683,2.419185,7.661558895,74.41440572
11612,3136,5B,Denver,2021,0.2,0.15,0.271,53.060791,57.51789744,3.586086,11.35713436,68.87503181
11613,3137,5B,Denver,2021,0.2,0.1,0.271,55.859456,60.5516503,3.140197,9.945003899,70.4966542
11614,3138,5B,Denver,2021,0.2,0.25,0.271,48.744206,52.8387193,4.449403,14.0912593,66.92997861
11615,3139,5B,Denver,2021,0.2,0.2,0.271,50.793398,55.06004343,4.003514,12.67912884,67.73917227
11616,3140,5B,Denver,2021,0.2,0.3,0.271,46.903728,50.84364115,4.904779,15.53343509,66.37707625
11617,3141,5B,Denver,2021,0.2,0.35,0.271,45.271964,49.07480898,5.398103,17.0957922,66.17060118
11618,3142,5B,Denver,2021,0.2,0.45,0.271,42.31202,45.86622968,6.54603,20.73127701,66.59750669
11619,3143,5B,Denver,2021,0.2,0.4,0.271,43.716096,47.38824806,5.948349,18.83842128,66.22666935
11620,3144,5B,Denver,2021,0.2,0.55,0.271,40.177445,43.55235038,7.731905,24.48694314,68.03929352
11621,3145,5B,Denver,2021,0.2,0.5,0.271,41.17358,44.63216072,7.124737,22.56404208,67.1962028
11622,3146,5B,Denver,2021,0.2,0.6,0.271,39.285667,42.58566303,8.34856,26.43988952,69.02555255
11623,3147,5B,Denver,2021,0.2,0.65,0.271,38.526707,41.76295039,8.984189,28.45292656,70.21587695
11624,3148,5B,Denver,2021,0.2,0.7,0.271,37.872104,41.05336074,9.619818,30.46596361,71.51932434
11625,3149,5B,Denver,2021,0.2,0.75,0.271,37.293397,40.42604235,10.274421,32.53909131,72.96513366
11626,3150,5B,Denver,2021,0.2,0.85,0.271,36.306749,39.35651592,11.593114,36.71539204,76.07190795
11627,3151,5B,Denver,2021,0.2,0.8,0.271,36.771612,39.86042741,10.929024,34.61221901,74.47264642
11628,3152,5B,Denver,2021,0.2,0.95,0.271,35.509841,38.49266764,12.930781,40.95178343,79.44445107
11629,3153,5B,Denver,2021,0.2,0.9,0.271,35.889321,38.90402396,12.257204,38.81856507,77.72258903
11630,3154,5B,Denver,2021,0.3,0.01,0.271,67.481031,73.1494376,2.343289,7.421196263,80.57063387
11631,3155,5B,Denver,2021,0.3,0.15,0.271,58.487355,63.40029282,3.491216,11.05668107,74.45697389
11632,3156,5B,Denver,2021,0.3,0.1,0.271,61.447299,66.60887212,3.064301,9.704641267,76.31351338
11633,3157,5B,Denver,2021,0.3,0.25,0.271,53.914621,58.44344916,4.354533,13.79080601,72.23425518
11634,3158,5B,Denver,2021,0.3,0.2,0.271,56.087144,60.7984641,3.908644,12.37867555,73.17713964
11635,3159,5B,Denver,2021,0.3,0.3,0.271,51.979273,56.34553193,4.809909,15.2329818,71.57851374
11636,3160,5B,Denver,2021,0.3,0.35,0.271,50.224178,54.44300895,5.303233,16.79533891,71.23834786
11637,3161,5B,Denver,2021,0.3,0.45,0.271,47.24526,51.21386184,6.346803,20.1003251,71.31418694
11638,3162,5B,Denver,2021,0.3,0.4,0.271,48.658823,52.74616413,5.815531,18.41778668,71.16395081
11639,3163,5B,Denver,2021,0.3,0.55,0.271,44.87351,48.64288484,7.485243,23.70576458,72.34864942
11640,3164,5B,Denver,2021,0.3,0.5,0.271,46.002463,49.86666989,6.906536,21.87299951,71.7396694
11641,3165,5B,Denver,2021,0.3,0.6,0.271,43.915323,47.60421013,8.082924,25.59862031,73.20283044
11642,3166,5B,Denver,2021,0.3,0.65,0.271,43.052006,46.6683745,8.690092,27.52152136,74.18989587
11643,3167,5B,Denver,2021,0.3,0.7,0.271,42.302533,45.85594577,9.316234,29.50451308,75.36045885
11644,3168,5B,Denver,2021,0.3,0.75,0.271,41.657417,45.15664003,9.951863,31.51755012,76.67419015
11645,3169,5B,Denver,2021,0.3,0.85,0.271,40.566412,43.97399061,11.251582,35.63376019,79.6077508
11646,3170,5B,Denver,2021,0.3,0.8,0.271,41.088197,44.53960555,10.606466,33.59067782,78.13028337
11647,3171,5B,Denver,2021,0.3,0.95,0.271,39.684121,43.01758716,12.560788,39.7800156,82.79760276
11648,3172,5B,Denver,2021,0.3,0.9,0.271,40.092062,43.45979521,11.906185,37.7068879,81.1666831
11649,3173,5B,Denver,2021,0.35,0.01,0.271,70.270209,76.17290656,2.314828,7.331060276,83.50396683
11650,3174,5B,Denver,2021,0.35,0.15,0.271,61.086793,66.21808361,3.453268,10.93649976,77.15458337
11651,3175,5B,Denver,2021,0.35,0.1,0.271,64.103659,69.48836636,3.026353,9.584459951,79.07282631
11652,3176,5B,Denver,2021,0.35,0.25,0.271,56.428676,61.16868478,4.297611,13.61053404,74.77921882
11653,3177,5B,Denver,2021,0.35,0.2,0.271,58.639147,63.56483535,3.861209,12.2284489,75.79328425
11654,3178,5B,Denver,2021,0.35,0.3,0.271,54.464867,59.03991583,4.752987,15.05270983,74.09262566
11655,3179,5B,Denver,2021,0.35,0.35,0.271,52.662337,57.08597331,5.227337,16.55497628,73.64094959
11656,3180,5B,Denver,2021,0.35,0.45,0.271,49.598036,53.76427102,6.26142,19.82991714,73.59418816
11657,3181,5B,Denver,2021,0.35,0.4,0.271,51.049547,55.33770895,5.730148,18.14737872,73.48508766
11658,3182,5B,Denver,2021,0.35,0.55,0.271,47.140903,51.10073885,7.380886,23.37526596,74.47600481
11659,3183,5B,Denver,2021,0.35,0.5,0.271,48.307804,52.36565954,6.802179,21.54250089,73.90816043
11660,3184,5B,Denver,2021,0.35,0.6,0.271,46.125794,50.0003607,7.959593,25.20803103,75.20839173
11661,3185,5B,Denver,2021,0.35,0.65,0.271,45.224529,49.02338944,8.566761,27.13093209,76.15432152
11662,3186,5B,Denver,2021,0.35,0.7,0.271,44.446595,48.18010898,9.192903,29.1139238,77.29403278
11663,3187,5B,Denver,2021,0.35,0.75,0.271,43.754044,47.4293837,9.819045,31.09691552,78.52629921
11664,3188,5B,Denver,2021,0.35,0.85,0.271,42.606117,46.18503083,11.09979,35.15303493,81.33806576
11665,3189,5B,Denver,2021,0.35,0.8,0.271,43.156363,46.78149749,10.454674,33.10995256,79.89145005
11666,3190,5B,Denver,2021,0.35,0.95,0.271,41.695365,45.19777566,12.390022,39.23919967,84.43697533
11667,3191,5B,Denver,2021,0.35,0.9,0.271,42.112793,45.65026761,11.744906,37.1961173,82.84638491
11668,3192,5B,Denver,2021,0.45,0.01,0.271,75.402676,81.73650078,2.257906,7.150788302,88.88728909
11669,3193,5B,Denver,2021,0.45,0.15,0.271,65.991572,71.53486405,3.386859,10.72618245,82.2610465
11670,3194,5B,Denver,2021,0.45,0.1,0.271,69.122282,74.92855369,2.959944,9.374142648,84.30269634
11671,3195,5B,Denver,2021,0.45,0.25,0.271,61.200637,66.34149051,4.202741,13.31008075,79.65157126
11672,3196,5B,Denver,2021,0.45,0.2,0.271,63.477517,68.80962843,3.785313,11.98808627,80.7977147
11673,3197,5B,Denver,2021,0.45,0.3,0.271,59.170419,64.1407342,4.639143,14.69216588,78.83290008
11674,3198,5B,Denver,2021,0.45,0.35,0.271,57.310967,62.12508823,5.113493,16.19443233,78.31952056
11675,3199,5B,Denver,2021,0.45,0.45,0.271,54.094874,58.63884342,6.100141,19.31914655,77.95798996
11676,3200,5B,Denver,2021,0.45,0.4,0.271,55.622281,60.2945526,5.59733,17.72674411,78.02129671
11677,3201,5B,Denver,2021,0.45,0.55,0.271,51.457488,55.77991699,7.191146,22.77435938,78.55427637
11678,3202,5B,Denver,2021,0.45,0.5,0.271,52.728746,57.15796066,6.631413,21.00168497,78.15964564
11679,3203,5B,Denver,2021,0.45,0.6,0.271,50.37597,54.60755148,7.769853,24.60712445,79.21467593
11680,3204,5B,Denver,2021,0.45,0.65,0.271,49.417783,53.56887677,8.34856,26.43988952,80.00876629
11681,3205,5B,Denver,2021,0.45,0.7,0.271,48.554466,52.63304114,8.955728,28.36279058,80.99583172
11682,3206,5B,Denver,2021,0.45,0.75,0.271,47.804993,51.82061241,9.572383,30.31573696,82.13634937
11683,3207,5B,Denver,2021,0.45,0.85,0.271,46.543222,50.45285265,10.834154,34.31176572,84.76461837
11684,3208,5B,Denver,2021,0.45,0.8,0.271,47.140903,51.10073885,10.198525,32.29872868,83.39946753
11685,3209,5B,Denver,2021,0.45,0.95,0.271,45.547087,49.37304231,12.076951,38.24770382,87.62074613
11686,3210,5B,Denver,2021,0.45,0.9,0.271,46.01195,49.8769538,11.469783,36.32480276,86.20175656
11687,3211,5B,Denver,2021,0.4,0.01,0.271,72.964517,79.09353643,2.286367,7.240924289,86.33446072
11688,3212,5B,Denver,2021,0.4,0.15,0.271,63.581874,68.92275142,3.41532,10.81631844,79.73906986
11689,3213,5B,Denver,2021,0.4,0.1,0.271,66.665149,72.26502152,2.988405,9.464278635,81.72930015
11690,3214,5B,Denver,2021,0.4,0.25,0.271,58.857348,63.80136523,4.250176,13.46030739,77.26167262
11691,3215,5B,Denver,2021,0.4,0.2,0.271,61.105767,66.23865143,3.823261,12.10826759,78.34691902
11692,3216,5B,Denver,2021,0.4,0.3,0.271,56.865078,61.64174455,4.696065,14.87243786,76.51418241
11693,3217,5B,Denver,2021,0.4,0.35,0.271,55.0246,59.6466664,5.170415,16.37470431,76.02137071
11694,3218,5B,Denver,2021,0.4,0.45,0.271,51.884403,56.24269285,6.176037,19.55950918,75.80220203
11695,3219,5B,Denver,2021,0.4,0.4,0.271,53.373862,57.85726641,5.663739,17.93706141,75.79432782
11696,3220,5B,Denver,2021,0.4,0.55,0.271,49.3324,53.4763216,7.276529,23.04476734,76.52108894
11697,3221,5B,Denver,2021,0.4,0.5,0.271,50.556223,54.80294573,6.716796,21.27209293,76.07503866
11698,3222,5B,Denver,2021,0.4,0.6,0.271,48.28883,52.34509172,7.855236,24.87753241,77.22262413
11699,3223,5B,Denver,2021,0.4,0.65,0.271,47.359104,51.33726874,8.452917,26.77038814,78.10765688
11700,3224,5B,Denver,2021,0.4,0.7,0.271,46.524248,50.43228483,9.069572,28.72333452,79.15561936
11701,3225,5B,Denver,2021,0.4,0.75,0.271,45.812723,49.66099173,9.695714,30.70632624,80.36731797
11702,3226,5B,Denver,2021,0.4,0.85,0.271,44.607874,48.35493542,10.957485,34.702355,83.05729041
11703,3227,5B,Denver,2021,0.4,0.8,0.271,45.177094,48.9719699,10.321856,32.68931795,81.66128785
11704,3228,5B,Denver,2021,0.4,0.95,0.271,43.649687,47.31626071,12.228743,38.72842908,86.04468979
11705,3229,5B,Denver,2021,0.4,0.9,0.271,44.095576,47.79960438,11.602601,36.74543737,84.54504175
11706,3230,5B,Denver,2021,0.55,0.01,0.271,79.852079,86.55965364,2.219958,7.030606986,93.59026062
11707,3231,5B,Denver,2021,0.55,0.15,0.271,70.545332,76.47113989,3.329937,10.54591048,87.01705037
11708,3232,5B,Denver,2021,0.55,0.1,0.271,73.780399,79.97795252,2.912509,9.223916003,89.20186852
11709,3233,5B,Denver,2021,0.55,0.25,0.271,65.65004,71.16464336,4.136332,13.09976344,84.2644068
11710,3234,5B,Denver,2021,0.55,0.2,0.271,67.974355,73.68420082,3.728391,11.8078143,85.49201512
11711,3235,5B,Denver,2021,0.55,0.3,0.271,63.5629,68.9021836,4.563247,14.45180325,83.35398685
11712,3236,5B,Denver,2021,0.55,0.35,0.271,61.646526,66.82483418,5.009136,15.86393371,82.6887679
11713,3237,5B,Denver,2021,0.55,0.45,0.271,58.316589,63.21518248,5.97681,18.92855727,82.14373975
11714,3238,5B,Denver,2021,0.55,0.4,0.271,59.910405,64.94287902,5.492973,17.39624549,82.33912451
11715,3239,5B,Denver,2021,0.55,0.55,0.271,55.536898,60.20199743,7.039354,22.29363412,82.49563155
11716,3240,5B,Denver,2021,0.55,0.5,0.271,56.884052,61.66231237,6.498595,20.58105037,82.24336273
11717,3241,5B,Denver,2021,0.55,0.6,0.271,54.388971,58.95764456,7.599087,24.06630853,83.02395309
11718,3242,5B,Denver,2021,0.55,0.65,0.271,53.364375,57.8469825,8.168307,25.86902827,83.71601077
11719,3243,5B,Denver,2021,0.55,0.7,0.271,52.453623,56.85972733,8.756501,27.73183867,84.591566
11720,3244,5B,Denver,2021,0.55,0.75,0.271,51.628254,55.96502734,9.363669,29.65473972,85.61976706
11721,3245,5B,Denver,2021,0.55,0.85,0.271,50.271613,54.49442849,10.596979,33.56063249,88.05506099
11722,3246,5B,Denver,2021,0.55,0.8,0.271,50.907242,55.18345033,9.970837,31.57764078,86.76109111
11723,3247,5B,Denver,2021,0.55,0.95,0.271,49.218556,53.3529147,11.801828,37.37638928,90.72930398
11724,3248,5B,Denver,2021,0.55,0.9,0.271,49.702393,53.87739401,11.223121,35.54362421,89.42101822
11725,3249,5B,Denver,2021,0.5,0.01,0.271,77.670069,84.1943548,2.238932,7.090697644,91.28505244
11726,3250,5B,Denver,2021,0.5,0.15,0.271,68.3064,74.0441376,3.358398,10.63604647,84.68018407
11727,3251,5B,Denver,2021,0.5,0.1,0.271,71.494032,77.49953069,2.931483,9.284006661,86.78353735
11728,3252,5B,Denver,2021,0.5,0.25,0.271,63.46803,68.79934452,4.164793,13.18989943,81.98924395
11729,3253,5B,Denver,2021,0.5,0.2,0.271,65.763884,71.28805026,3.747365,11.86790496,83.15595521
11730,3254,5B,Denver,2021,0.5,0.3,0.271,61.409351,66.56773648,4.601195,14.57198457,81.13972105
11731,3255,5B,Denver,2021,0.5,0.35,0.271,59.521438,64.52123879,5.066058,16.04420569,80.56544448
11732,3256,5B,Denver,2021,0.5,0.45,0.271,56.238936,60.96300662,6.043219,19.13887457,80.1018812
11733,3257,5B,Denver,2021,0.5,0.4,0.271,57.794804,62.64956754,5.540408,17.54647214,80.19603967
11734,3258,5B,Denver,2021,0.5,0.55,0.271,53.525654,58.02180894,7.11525,22.53399675,80.55580569
11735,3259,5B,Denver,2021,0.5,0.5,0.271,54.825373,59.43070433,6.555517,20.76132234,80.19202667
11736,3260,5B,Denver,2021,0.5,0.6,0.271,52.415675,56.8185917,7.674983,24.30667116,81.12526286
11737,3261,5B,Denver,2021,0.5,0.65,0.271,51.429027,55.74906527,8.263177,26.16948156,81.91854683
11738,3262,5B,Denver,2021,0.5,0.7,0.271,50.527762,54.77209401,8.851371,28.03229196,82.80438597
11739,3263,5B,Denver,2021,0.5,0.75,0.271,49.721367,53.89796183,9.458539,29.95519301,83.85315484
11740,3264,5B,Denver,2021,0.5,0.85,0.271,48.431135,52.49935034,10.710823,33.92117644,86.42052678
11741,3265,5B,Denver,2021,0.5,0.8,0.271,49.04779,53.16780436,10.084681,31.93818473,85.10598909
11742,3266,5B,Denver,2021,0.5,0.95,0.271,47.406539,51.38868828,11.934646,37.79702388,89.18571216
11743,3267,5B,Denver,2021,0.5,0.9,0.271,47.871402,51.89259977,11.336965,35.90416816,87.79676792
11744,3268,5B,Denver,2021,0.6,0.01,0.271,81.977167,88.86324903,2.200984,6.970516328,95.83376536
11745,3269,5B,Denver,2021,0.6,0.15,0.271,72.689394,78.7953031,3.310963,10.48581982,89.28112292
11746,3270,5B,Denver,2021,0.6,0.1,0.271,75.99087,82.37410308,2.893535,9.163825345,91.53792843
11747,3271,5B,Denver,2021,0.6,0.25,0.271,67.746667,73.43738703,4.107871,13.00962746,86.44701449
11748,3272,5B,Denver,2021,0.6,0.2,0.271,70.099443,75.98779621,3.69993,11.71767831,87.70547452
11749,3273,5B,Denver,2021,0.6,0.3,0.271,65.640553,71.15435945,4.525299,14.33162193,85.48598139
11750,3274,5B,Denver,2021,0.6,0.35,0.271,63.705205,69.05644222,4.971188,15.7437524,84.80019462
11751,3275,5B,Denver,2021,0.6,0.45,0.271,60.327833,65.39537097,5.929375,18.77833063,84.1737016
11752,3276,5B,Denver,2021,0.6,0.4,0.271,61.940623,67.14363533,5.445538,17.24601885,84.38965418
11753,3277,5B,Denver,2021,0.6,0.55,0.271,57.49122,62.32048248,6.982432,22.11336214,84.43384462
11754,3278,5B,Denver,2021,0.6,0.5,0.271,58.857348,63.80136523,6.432186,20.37073306,84.17209829
11755,3279,5B,Denver,2021,0.6,0.6,0.271,56.305345,61.03499398,7.523191,23.8259459,84.86093988
11756,3280,5B,Denver,2021,0.6,0.65,0.271,55.261775,59.9037641,8.101898,25.65871097,85.56247507
11757,3281,5B,Denver,2021,0.6,0.7,0.271,54.332049,58.89594112,8.680605,27.49147604,86.38741715
11758,3282,5B,Denver,2021,0.6,0.75,0.271,53.478219,57.9703894,9.278286,29.38433176,87.35472116
11759,3283,5B,Denver,2021,0.6,0.85,0.271,52.064656,56.4380871,10.492622,33.23013387,89.66822098
11760,3284,5B,Denver,2021,0.6,0.8,0.271,52.719259,57.14767676,9.875967,31.27718749,88.42486425
11761,3285,5B,Denver,2021,0.6,0.95,0.271,50.992625,55.2760055,11.687984,37.01584533,92.29185083
11762,3286,5B,Denver,2021,0.6,0.9,0.271,51.466975,55.7902009,11.118764,35.21312559,91.00332649
11763,3287,5B,Denver,2021,0.65,0.01,0.271,84.007385,91.06400534,2.191497,6.940470999,98.00447634
11764,3288,5B,Denver,2021,0.65,0.15,0.271,74.653203,80.92407205,3.310963,10.48581982,91.40989187
11765,3289,5B,Denver,2021,0.65,0.1,0.271,78.011601,84.56457548,2.893535,9.163825345,93.72840083
11766,3290,5B,Denver,2021,0.65,0.25,0.271,69.511249,75.35019392,4.136332,13.09976344,88.44995736
11767,3291,5B,Denver,2021,0.65,0.2,0.271,71.949408,77.99315827,3.709417,11.74772364,89.74088191
11768,3292,5B,Denver,2021,0.65,0.3,0.271,67.338726,72.99517898,4.572734,14.48184858,87.47702756
11769,3293,5B,Denver,2021,0.65,0.35,0.271,65.355943,70.84584221,5.02811,15.92402437,86.76986658
11770,3294,5B,Denver,2021,0.65,0.45,0.271,61.969084,67.17448706,5.995784,18.98864793,86.16313498
11771,3295,5B,Denver,2021,0.65,0.4,0.271,63.581874,68.92275142,5.50246,17.42629082,86.34904224
11772,3296,5B,Denver,2021,0.65,0.55,0.271,59.160932,64.13045029,7.02038,22.23354346,86.36399375
11773,3297,5B,Denver,2021,0.65,0.5,0.271,60.517573,65.60104913,6.498595,20.58105037,86.1820995
11774,3298,5B,Denver,2021,0.65,0.6,0.271,57.984544,62.8552457,7.570626,23.97617254,86.83141824
11775,3299,5B,Denver,2021,0.65,0.65,0.271,56.884052,61.66231237,8.149333,25.80893761,87.47124998
11776,3300,5B,Denver,2021,0.65,0.7,0.271,55.982787,60.68534111,8.737527,27.67174801,88.35708912
11777,3301,5B,Denver,2021,0.65,0.75,0.271,55.128957,59.75978939,9.316234,29.50451308,89.26430247
11778,3302,5B,Denver,2021,0.65,0.85,0.271,53.705907,58.21720319,10.53057,33.35031519,91.56751838
11779,3303,5B,Denver,2021,0.65,0.8,0.271,54.369997,58.93707675,9.913915,31.39736881,90.33444555
11780,3304,5B,Denver,2021,0.65,0.95,0.271,52.605415,57.02426986,11.725932,37.13602664,94.1602965
11781,3305,5B,Denver,2021,0.65,0.9,0.271,53.098739,57.55903308,11.147225,35.30326158,92.86229465
11782,3306,5B,Denver,2021,0.7,0.01,0.271,85.971194,93.1927743,2.18201,6.91042567,100.1032
11783,3307,5B,Denver,2021,0.7,0.15,0.271,76.541116,82.97056974,3.32045,10.51586515,93.48643489
11784,3308,5B,Denver,2021,0.7,0.1,0.271,79.946949,86.66249272,2.893535,9.163825345,95.82631806
11785,3309,5B,Denver,2021,0.7,0.25,0.271,71.180961,77.16016172,4.17428,13.21994476,90.38010648
11786,3310,5B,Denver,2021,0.7,0.2,0.271,73.704503,79.89568125,3.737878,11.83785963,91.73354088
11787,3311,5B,Denver,2021,0.7,0.3,0.271,68.932542,74.72287553,4.629656,14.66212055,89.38499608
11788,3312,5B,Denver,2021,0.7,0.35,0.271,66.921298,72.54268703,5.094519,16.13434167,88.67702871
11789,3313,5B,Denver,2021,0.7,0.45,0.271,63.515465,68.85076406,6.07168,19.22901056,88.07977462
11790,3314,5B,Denver,2021,0.7,0.4,0.271,65.128255,70.59902842,5.578356,17.66665345,88.26568187
11791,3315,5B,Denver,2021,0.7,0.55,0.271,60.754748,65.85814683,7.086789,22.44386076,88.3020076
11792,3316,5B,Denver,2021,0.7,0.5,0.271,62.063954,67.27732614,6.574491,20.821413,88.09873913
11793,3317,5B,Denver,2021,0.7,0.6,0.271,59.597334,64.60351006,7.627548,24.15644452,88.75995457
11794,3318,5B,Denver,2021,0.7,0.65,0.271,58.458894,63.3694411,8.234716,26.07934557,89.44878667
11795,3319,5B,Denver,2021,0.7,0.7,0.271,57.567116,62.40275374,8.794449,27.85201998,90.25477373
11796,3320,5B,Denver,2021,0.7,0.75,0.271,56.722773,61.48748593,9.363669,29.65473972,91.14222566
11797,3321,5B,Denver,2021,0.7,0.85,0.271,55.290236,59.93461582,10.568518,33.47049651,93.40511233
11798,3322,5B,Denver,2021,0.7,0.8,0.271,55.944839,60.64420548,9.96135,31.54759545,92.19180093
11799,3323,5B,Denver,2021,0.7,0.95,0.271,54.17077,58.72111468,11.773367,37.28625329,96.00736797
11800,3324,5B,Denver,2021,0.7,0.9,0.271,54.683068,59.27644571,11.175686,35.39339756,94.66984327
11801,3325,5B,Denver,2021,0.75,0.01,0.271,87.868594,95.2495559,2.163036,6.850335012,102.0998909
11802,3326,5B,Denver,2021,0.75,0.15,0.271,78.324672,84.90394445,3.329937,10.54591048,95.44985493
11803,3327,5B,Denver,2021,0.75,0.1,0.271,81.787427,88.65757087,2.893535,9.163825345,97.82139621
11804,3328,5B,Denver,2021,0.75,0.25,0.271,72.746316,78.85700654,4.221715,13.37017141,92.22717795
11805,3329,5B,Denver,2021,0.75,0.2,0.271,75.364728,81.69536515,3.766339,11.92799561,93.62336077
11806,3330,5B,Denver,2021,0.75,0.3,0.271,70.412514,76.32716518,4.696065,14.87243786,91.19960303
11807,3331,5B,Denver,2021,0.75,0.35,0.271,68.372809,74.11612496,5.170415,16.37470431,90.49082926
11808,3332,5B,Denver,2021,0.75,0.45,0.271,64.957489,70.41391808,6.157063,19.49941852,89.9133366
11809,3333,5B,Denver,2021,0.75,0.4,0.271,66.570279,72.16218244,5.673226,17.96710674,90.12928918
11810,3334,5B,Denver,2021,0.75,0.55,0.271,62.244207,67.47272039,7.172172,22.71426872,90.18698911
11811,3335,5B,Denver,2021,0.75,0.5,0.271,63.524952,68.86104797,6.669361,21.12186629,89.98291426
11812,3336,5B,Denver,2021,0.75,0.6,0.271,61.124741,66.25921924,7.703444,24.39680715,90.65602639
11813,3337,5B,Denver,2021,0.75,0.65,0.271,59.948353,64.98401465,8.310612,26.3197082,91.30372286
11814,3338,5B,Denver,2021,0.75,0.7,0.271,59.085036,64.04817902,8.860858,28.06233729,92.11051631
11815,3339,5B,Denver,2021,0.75,0.75,0.271,58.240693,63.13291121,9.420591,29.8350117,92.96792291
11816,3340,5B,Denver,2021,0.75,0.85,0.271,56.82713,61.60060892,10.615953,33.62072315,95.22133207
11817,3341,5B,Denver,2021,0.75,0.8,0.271,57.481733,62.31019857,10.008785,31.6978221,94.00802067
11818,3342,5B,Denver,2021,0.75,0.95,0.271,55.68869,60.36653996,11.811315,37.40643461,97.77297457
11819,3343,5B,Denver,2021,0.75,0.9,0.271,56.229449,60.95272272,11.213634,35.51357888,96.46630159
11820,3344,5B,Denver,2021,0.85,0.01,0.271,91.578011,99.27056392,2.144062,6.790244354,106.0608083
11821,3345,5B,Denver,2021,0.85,0.15,0.271,82.138446,89.03807546,3.291989,10.42572916,99.46380463
11822,3346,5B,Denver,2021,0.85,0.1,0.271,85.66761,92.86368924,2.865074,9.073689358,101.9373786
11823,3347,5B,Denver,2021,0.85,0.25,0.271,76.332402,82.74432377,4.202741,13.31008075,96.05440452
11824,3348,5B,Denver,2021,0.85,0.2,0.271,79.045684,85.68552146,3.737878,11.83785963,97.52338108
11825,3349,5B,Denver,2021,0.85,0.3,0.271,73.922704,80.13221114,4.677091,14.8123472,94.94455833
11826,3350,5B,Denver,2021,0.85,0.35,0.271,71.81659,77.84918356,5.160928,16.34465898,94.19384254
11827,3351,5B,Denver,2021,0.85,0.45,0.271,68.315887,74.05442151,6.147576,19.46937319,93.5237947
11828,3352,5B,Denver,2021,0.85,0.4,0.271,69.957138,75.83353759,5.654252,17.90701608,93.74055368
11829,3353,5B,Denver,2021,0.85,0.55,0.271,65.545683,71.05152037,7.153198,22.65417807,93.70569844
11830,3354,5B,Denver,2021,0.85,0.5,0.271,66.845402,72.46041577,6.650387,21.06177563,93.5221914
11831,3355,5B,Denver,2021,0.85,0.6,0.271,64.388269,69.7968836,7.665496,24.27662583,94.07350943
11832,3356,5B,Denver,2021,0.85,0.65,0.271,63.135985,68.43940774,8.301125,26.28966288,94.72907062
11833,3357,5B,Denver,2021,0.85,0.7,0.271,62.23472,67.46243648,8.82291,27.94215597,95.40459245
11834,3358,5B,Denver,2021,0.85,0.75,0.271,61.399864,66.55745258,9.373156,29.68478505,96.24223763
11835,3359,5B,Denver,2021,0.85,0.85,0.271,59.910405,64.94287902,10.540057,33.38036052,98.32323954
11836,3360,5B,Denver,2021,0.85,0.8,0.271,60.612443,65.70388821,9.951863,31.51755012,97.22143833
11837,3361,5B,Denver,2021,0.85,0.95,0.271,58.743504,63.67795834,11.735419,37.16607197,100.8440303
11838,3362,5B,Denver,2021,0.85,0.9,0.271,59.312724,64.29499282,11.137738,35.27321625,99.56820906
11839,3363,5B,Denver,2021,0.8,0.01,0.271,89.775481,97.3166214,2.153549,6.820289683,104.1369111
11840,3364,5B,Denver,2021,0.8,0.15,0.271,80.35489,87.10470076,3.301476,10.45577449,97.56047525
11841,3365,5B,Denver,2021,0.8,0.1,0.271,83.836619,90.878895,2.865074,9.073689358,99.95258435
11842,3366,5B,Denver,2021,0.8,0.25,0.271,74.605768,80.87265251,4.202741,13.31008075,94.18273326
11843,3367,5B,Denver,2021,0.8,0.2,0.271,77.290589,83.78299848,3.747365,11.86790496,95.65090343
11844,3368,5B,Denver,2021,0.8,0.3,0.271,72.215044,78.2811077,4.677091,14.8123472,93.09345489
11845,3369,5B,Denver,2021,0.8,0.35,0.271,70.127904,76.01864794,5.170415,16.37470431,92.39335224
11846,3370,5B,Denver,2021,0.8,0.45,0.271,66.665149,72.26502152,6.157063,19.49941852,91.76444004
11847,3371,5B,Denver,2021,0.8,0.4,0.271,68.287426,74.02356978,5.663739,17.93706141,91.9606312
11848,3372,5B,Denver,2021,0.8,0.55,0.271,63.904432,69.27240429,7.181659,22.74431405,92.01671834
11849,3373,5B,Denver,2021,0.8,0.5,0.271,65.204151,70.68129968,6.669361,21.12186629,91.80316597
11850,3374,5B,Denver,2021,0.8,0.6,0.271,62.756505,68.02805142,7.693957,24.36676182,92.39481324
11851,3375,5B,Denver,2021,0.8,0.65,0.271,61.532682,66.70142729,8.339073,26.40984419,93.11127148
11852,3376,5B,Denver,2021,0.8,0.7,0.271,60.640904,65.73473994,8.879832,28.12242794,93.85716788
11853,3377,5B,Denver,2021,0.8,0.75,0.271,59.815535,64.84003994,9.439565,29.89510236,94.7351423
11854,3378,5B,Denver,2021,0.8,0.85,0.271,58.364024,63.26660202,10.615953,33.62072315,96.88732517
11855,3379,5B,Denver,2021,0.8,0.8,0.271,59.028114,63.98647558,10.018272,31.72786742,95.714343
11856,3380,5B,Denver,2021,0.8,0.95,0.271,57.20661,62.01196524,11.820802,37.43647993,99.44844517
11857,3381,5B,Denver,2021,0.8,0.9,0.271,57.756856,62.6084319,11.223121,35.54362421,98.15205611
11858,3382,5B,Denver,2021,0.95,0.01,0.271,95.050253,103.0344743,2.134575,6.760199025,109.7946733
11859,3383,5B,Denver,2021,0.95,0.15,0.271,85.515818,92.69914671,3.291989,10.42572916,103.1248759
11860,3384,5B,Denver,2021,0.95,0.1,0.271,89.016521,96.49390876,2.855587,9.043644029,105.5375528
11861,3385,5B,Denver,2021,0.95,0.25,0.271,79.59593,86.28198812,4.212228,13.34012608,99.6221142
11862,3386,5B,Denver,2021,0.95,0.2,0.271,82.356647,89.27460535,3.737878,11.83785963,101.112465
11863,3387,5B,Denver,2021,0.95,0.3,0.271,77.148284,83.62873986,4.686578,14.84239253,98.47113238
11864,3388,5B,Denver,2021,0.95,0.35,0.271,75.023196,81.32514446,5.160928,16.34465898,97.66980344
11865,3389,5B,Denver,2021,0.95,0.45,0.271,71.484545,77.48924678,6.138089,19.43932786,96.92857464
11866,3390,5B,Denver,2021,0.95,0.4,0.271,73.135283,79.27864677,5.654252,17.90701608,97.18566286
11867,3391,5B,Denver,2021,0.95,0.55,0.271,68.666906,74.4349261,7.124737,22.56404208,96.99896818
11868,3392,5B,Denver,2021,0.95,0.5,0.271,69.985599,75.86438932,6.631413,21.00168497,96.86607429
11869,3393,5B,Denver,2021,0.95,0.6,0.271,67.500005,73.17000542,7.618061,24.12639919,97.29640461
11870,3394,5B,Denver,2021,0.95,0.65,0.271,66.200286,71.76111002,8.234716,26.07934557,97.8404556
11871,3395,5B,Denver,2021,0.95,0.7,0.271,65.299021,70.78413876,8.747014,27.70179334,98.4859321
11872,3396,5B,Denver,2021,0.95,0.75,0.271,64.464165,69.87915486,9.278286,29.38433176,99.26348662
11873,3397,5B,Denver,2021,0.95,0.85,0.271,62.917784,68.20287786,10.407239,32.95972591,101.1626038
11874,3398,5B,Denver,2021,0.95,0.8,0.271,63.65777,69.00502268,9.838019,31.15700617,100.1620289
11875,3399,5B,Denver,2021,0.95,0.95,0.271,61.712935,66.89682154,11.564653,36.62525605,103.5220776
11876,3400,5B,Denver,2021,0.95,0.9,0.271,62.282155,67.51385602,10.976459,34.76244565,102.2763017
11877,3401,5B,Denver,2021,0.9,0.01,0.271,93.342593,101.1833708,2.134575,6.760199025,107.9435698
11878,3402,5B,Denver,2021,0.9,0.15,0.271,83.86508,90.90974672,3.291989,10.42572916,101.3354759
11879,3403,5B,Denver,2021,0.9,0.1,0.271,87.403731,94.7456444,2.855587,9.043644029,103.7892884
11880,3404,5B,Denver,2021,0.9,0.25,0.271,77.992627,84.54400767,4.202741,13.31008075,97.85408842
11881,3405,5B,Denver,2021,0.9,0.2,0.271,80.73437,87.51605708,3.737878,11.83785963,99.35391671
11882,3406,5B,Denver,2021,0.9,0.3,0.271,75.573442,81.92161113,4.677091,14.8123472,96.73395833
11883,3407,5B,Denver,2021,0.9,0.35,0.271,73.448354,79.61801574,5.160928,16.34465898,95.96267471
11884,3408,5B,Denver,2021,0.9,0.45,0.271,69.928677,75.80268587,6.138089,19.43932786,95.24201373
11885,3409,5B,Denver,2021,0.9,0.4,0.271,71.579415,77.59208586,5.644765,17.87697076,95.46905662
11886,3410,5B,Denver,2021,0.9,0.55,0.271,67.130012,72.76893301,7.134224,22.59408741,95.36302042
11887,3411,5B,Denver,2021,0.9,0.5,0.271,68.448705,74.19839622,6.6409,21.0317303,95.23012652
11888,3412,5B,Denver,2021,0.9,0.6,0.271,65.963111,71.50401232,7.627548,24.15644452,95.66045684
11889,3413,5B,Denver,2021,0.9,0.65,0.271,64.691853,70.12596865,8.272664,26.19952689,96.32549554
11890,3414,5B,Denver,2021,0.9,0.7,0.271,63.790588,69.14899739,8.784962,27.82197465,96.97097205
11891,3415,5B,Denver,2021,0.9,0.75,0.271,62.955732,68.24401349,9.325721,29.53455841,97.7785719
11892,3416,5B,Denver,2021,0.9,0.85,0.271,61.456786,66.61915602,10.473648,33.17004322,99.78919924
11893,3417,5B,Denver,2021,0.9,0.8,0.271,62.149337,67.36988131,9.885454,31.30723282,98.67711413
11894,3418,5B,Denver,2021,0.9,0.95,0.271,60.24245,65.3028158,11.640549,36.86561868,102.1684345
11895,3419,5B,Denver,2021,0.9,0.9,0.271,60.81167,65.91985028,11.052355,35.00280829,100.9226586
13416,4940,5C,Port.Angeles,2021,0.01,0.01,0.271,39.418485,42.72963774,0.407941,1.291949147,44.02158689
13417,4941,5C,Port.Angeles,2021,0.01,0.15,0.271,31.553762,34.20427801,1.261771,3.996028757,38.20030677
13418,4942,5C,Port.Angeles,2021,0.01,0.1,0.271,33.96346,36.81639064,0.901265,2.854306255,39.6706969
13419,4943,5C,Port.Angeles,2021,0.01,0.25,0.271,28.223825,30.5946263,2.049192,6.489791064,37.08441736
13420,4944,5C,Port.Angeles,2021,0.01,0.2,0.271,29.751232,32.25033549,1.641251,5.197841917,37.44817741
13421,4945,5C,Port.Angeles,2021,0.01,0.3,0.271,26.886158,29.14459527,2.46662,7.81178554,36.95638081
13422,4946,5C,Port.Angeles,2021,0.01,0.35,0.271,25.747718,27.91052631,2.921996,9.253961332,37.16448764
13423,4947,5C,Port.Angeles,2021,0.01,0.45,0.271,23.802883,25.80232517,3.946592,12.49885686,38.30118204
13424,4948,5C,Port.Angeles,2021,0.01,0.4,0.271,24.723122,26.79986425,3.41532,10.81631844,37.61618269
13425,4949,5C,Port.Angeles,2021,0.01,0.55,0.271,22.360859,24.23917116,4.971188,15.7437524,39.98292355
13426,4950,5C,Port.Angeles,2021,0.01,0.5,0.271,23.034436,24.96932862,4.449403,14.0912593,39.06058793
13427,4951,5C,Port.Angeles,2021,0.01,0.6,0.271,21.772665,23.60156886,5.50246,17.42629082,41.02785968
13428,4952,5C,Port.Angeles,2021,0.01,0.65,0.271,21.231906,23.0153861,6.033732,19.10882924,42.12421535
13429,4953,5C,Port.Angeles,2021,0.01,0.7,0.271,20.757556,22.5011907,6.574491,20.821413,43.3226037
13430,4954,5C,Port.Angeles,2021,0.01,0.75,0.271,20.330641,22.03841484,7.124737,22.56404208,44.60245692
13431,4955,5C,Port.Angeles,2021,0.01,0.85,0.271,19.571681,21.2157022,8.215742,26.01925491,47.23495712
13432,4956,5C,Port.Angeles,2021,0.01,0.8,0.271,19.941674,21.61677462,7.665496,24.27662583,45.89340045
13433,4957,5C,Port.Angeles,2021,0.01,0.95,0.271,18.926565,20.51639646,9.316234,29.50451308,50.02090954
13434,4958,5C,Port.Angeles,2021,0.01,0.9,0.271,19.230149,20.84548152,8.765988,27.761884,48.60736551
13435,4959,5C,Port.Angeles,2021,0.05,0.01,0.271,43.052006,46.6683745,0.360506,1.141722502,47.81009701
13436,4960,5C,Port.Angeles,2021,0.05,0.15,0.271,34.62755,37.5362642,1.157414,3.665530138,41.20179434
13437,4961,5C,Port.Angeles,2021,0.05,0.1,0.271,37.198527,40.32320327,0.806395,2.553852965,42.87705623
13438,4962,5C,Port.Angeles,2021,0.05,0.25,0.271,31.050951,33.65923088,1.906887,6.039111129,39.69834201
13439,4963,5C,Port.Angeles,2021,0.05,0.2,0.271,32.692202,35.43834697,1.51792,4.80725264,40.24559961
13440,4964,5C,Port.Angeles,2021,0.05,0.3,0.271,29.627901,32.11664468,2.314828,7.331060276,39.44770496
13441,4965,5C,Port.Angeles,2021,0.05,0.35,0.271,28.385104,30.76945274,2.75123,8.71314541,39.48259815
13442,4966,5C,Port.Angeles,2021,0.05,0.45,0.271,26.269503,28.47614125,3.747365,11.86790496,40.34404621
13443,4967,5C,Port.Angeles,2021,0.05,0.4,0.271,27.256151,29.54566768,3.235067,10.24545719,39.79112487
13444,4968,5C,Port.Angeles,2021,0.05,0.55,0.271,24.704148,26.77929643,4.762474,15.08275516,41.86205159
13445,4969,5C,Port.Angeles,2021,0.05,0.5,0.271,25.434647,27.57115735,4.250176,13.46030739,41.03146474
13446,4970,5C,Port.Angeles,2021,0.05,0.6,0.271,24.059032,26.07999069,5.274772,16.70520292,42.78519361
13447,4971,5C,Port.Angeles,2021,0.05,0.65,0.271,23.470838,25.44238839,5.806044,18.38774135,43.83012974
13448,4972,5C,Port.Angeles,2021,0.05,0.7,0.271,22.939566,24.86648954,6.337316,20.07027977,44.93676932
13449,4973,5C,Port.Angeles,2021,0.05,0.75,0.271,22.48419,24.37286196,6.868588,21.7528182,46.12568016
13450,4974,5C,Port.Angeles,2021,0.05,0.85,0.271,21.649334,23.46787806,7.950106,25.1779857,48.64586376
13451,4975,5C,Port.Angeles,2021,0.05,0.8,0.271,22.038301,23.88951828,7.409347,23.46540195,47.35492023
13452,4976,5C,Port.Angeles,2021,0.05,0.95,0.271,20.937809,22.69658496,9.041111,28.63319854,51.32978349
13453,4977,5C,Port.Angeles,2021,0.05,0.9,0.271,21.279341,23.06680564,8.490865,26.89056946,49.9573751
13454,4978,5C,Port.Angeles,2021,0.15,0.01,0.271,51.742098,56.08843423,0.265636,0.841269212,56.92970344
13455,4979,5C,Port.Angeles,2021,0.15,0.15,0.271,41.942027,45.46515727,0.9487,3.0045329,48.46969017
13456,4980,5C,Port.Angeles,2021,0.15,0.1,0.271,44.911458,48.68402047,0.645116,2.043082372,50.72710284
13457,4981,5C,Port.Angeles,2021,0.15,0.25,0.271,37.815182,40.99165729,1.622277,5.137751259,46.12940855
13458,4982,5C,Port.Angeles,2021,0.15,0.2,0.271,39.712582,43.04843889,1.271258,4.026074086,47.07451297
13459,4983,5C,Port.Angeles,2021,0.15,0.3,0.271,36.183418,39.22282511,2.011244,6.369609748,45.59243486
13460,4984,5C,Port.Angeles,2021,0.15,0.35,0.271,34.741394,37.6596711,2.409698,7.631513566,45.29118466
13461,4985,5C,Port.Angeles,2021,0.15,0.45,0.271,32.236826,34.94471938,3.348911,10.60600114,45.55072052
13462,4986,5C,Port.Angeles,2021,0.15,0.4,0.271,33.413214,36.21992398,2.865074,9.073689358,45.29361333
13463,4987,5C,Port.Angeles,2021,0.15,0.55,0.271,30.367887,32.91878951,4.316585,13.6706247,46.5894142
13464,4988,5C,Port.Angeles,2021,0.15,0.5,0.271,31.240691,33.86490904,3.823261,12.10826759,45.97317663
13465,4989,5C,Port.Angeles,2021,0.15,0.6,0.271,29.589953,32.07550905,4.809909,15.2329818,47.30849086
13466,4990,5C,Port.Angeles,2021,0.15,0.65,0.271,28.887915,31.31449986,5.31272,16.82538424,48.1398841
13467,4991,5C,Port.Angeles,2021,0.15,0.7,0.271,28.27126,30.64604584,5.825018,18.44783201,49.09387785
13468,4992,5C,Port.Angeles,2021,0.15,0.75,0.271,27.692553,30.01872745,6.337316,20.07027977,50.08900722
13469,4993,5C,Port.Angeles,2021,0.15,0.85,0.271,26.696418,28.93891711,7.380886,23.37526596,52.31418307
13470,4994,5C,Port.Angeles,2021,0.15,0.8,0.271,27.170768,29.45311251,6.859101,21.72277287,51.17588538
13471,4995,5C,Port.Angeles,2021,0.15,0.95,0.271,25.842588,28.01336539,8.433943,26.71029748,54.72366287
13472,4996,5C,Port.Angeles,2021,0.15,0.9,0.271,26.260016,28.46585734,7.912158,25.05780439,53.52366173
13473,4997,5C,Port.Angeles,2021,0.1,0.01,0.271,47.472948,51.46067563,0.313071,0.991495857,52.45217149
13474,4998,5C,Port.Angeles,2021,0.1,0.15,0.271,38.346454,41.56755614,1.04357,3.30498619,44.87254233
13475,4999,5C,Port.Angeles,2021,0.1,0.1,0.271,41.126145,44.58074118,0.721012,2.283445004,46.86418618
13476,5000,5C,Port.Angeles,2021,0.1,0.25,0.271,34.485245,37.38200558,1.755095,5.558385865,42.94039145
13477,5001,5C,Port.Angeles,2021,0.1,0.2,0.271,36.268801,39.31538028,1.385102,4.386618034,43.70199832
13478,5002,5C,Port.Angeles,2021,0.1,0.3,0.271,32.967325,35.7365803,2.153549,6.820289683,42.55686998
13479,5003,5C,Port.Angeles,2021,0.1,0.35,0.271,31.620171,34.27626536,2.570977,8.142284159,42.41854952
13480,5004,5C,Port.Angeles,2021,0.1,0.45,0.271,29.276882,31.73614009,3.538651,11.20690772,42.94304781
13481,5005,5C,Port.Angeles,2021,0.1,0.4,0.271,30.386861,32.93935732,3.03584,9.61450528,42.5538626
13482,5006,5C,Port.Angeles,2021,0.1,0.55,0.271,27.569222,29.88503665,4.525299,14.33162193,44.21665858
13483,5007,5C,Port.Angeles,2021,0.1,0.5,0.271,28.375617,30.75916883,4.022488,12.7392195,43.49838832
13484,5008,5C,Port.Angeles,2021,0.1,0.6,0.271,26.857697,29.11374355,5.02811,15.92402437,45.03776792
13485,5009,5C,Port.Angeles,2021,0.1,0.65,0.271,26.222068,28.42472171,5.540408,17.54647214,45.97119385
13486,5010,5C,Port.Angeles,2021,0.1,0.7,0.271,25.633874,27.78711942,6.062193,19.19896523,46.98608465
13487,5011,5C,Port.Angeles,2021,0.1,0.75,0.271,25.121576,27.23178838,6.593465,20.88150366,48.11329204
13488,5012,5C,Port.Angeles,2021,0.1,0.85,0.271,24.201337,26.23424931,7.656009,24.2465805,50.48082981
13489,5013,5C,Port.Angeles,2021,0.1,0.8,0.271,24.637739,26.70730908,7.124737,22.56404208,49.27135116
13490,5014,5C,Port.Angeles,2021,0.1,0.95,0.271,23.413916,25.38068494,8.718553,27.61165735,52.9923423
13491,5015,5C,Port.Angeles,2021,0.1,0.9,0.271,23.793396,25.79204126,8.187281,25.92911893,51.72116019
13492,5016,5C,Port.Angeles,2021,0.25,0.01,0.271,59.843996,64.87089166,0.208714,0.660997238,65.5318889
13493,5017,5C,Port.Angeles,2021,0.25,0.15,0.271,48.725232,52.81815149,0.806395,2.553852965,55.37200445
13494,5018,5C,Port.Angeles,2021,0.25,0.1,0.271,52.08363,56.45865492,0.531272,1.682538424,58.14119334
13495,5019,5C,Port.Angeles,2021,0.25,0.25,0.271,44.124037,47.83045611,1.413563,4.476754021,52.30721013
13496,5020,5C,Port.Angeles,2021,0.25,0.2,0.271,46.258612,50.14433541,1.091005,3.455212835,53.59954824
13497,5021,5C,Port.Angeles,2021,0.25,0.35,0.271,40.680256,44.0973975,2.144062,6.790244354,50.88764186
13498,5022,5C,Port.Angeles,2021,0.25,0.45,0.271,37.843643,41.02250901,3.03584,9.61450528,50.63701429
13499,5023,5C,Port.Angeles,2021,0.25,0.4,0.271,39.190797,42.48282395,2.570977,8.142284159,50.62510811
13500,5024,5C,Port.Angeles,2021,0.25,0.55,0.271,35.718555,38.71891362,3.956079,12.52890219,51.24781581
13501,5025,5C,Port.Angeles,2021,0.25,0.5,0.271,36.705203,39.78844005,3.491216,11.05668107,50.84512112
13502,5026,5C,Port.Angeles,2021,0.25,0.6,0.271,34.81729,37.74194236,4.430429,14.03116864,51.773111
13503,5027,5C,Port.Angeles,2021,0.25,0.65,0.271,34.029869,36.888378,4.914266,15.56348042,52.45185842
13504,5028,5C,Port.Angeles,2021,0.25,0.7,0.271,33.308857,36.10680099,5.40759,17.12583753,53.23263852
13505,5029,5C,Port.Angeles,2021,0.25,0.75,0.271,32.654254,35.39721134,5.910401,18.71823997,54.1154513
13506,5030,5C,Port.Angeles,2021,0.25,0.85,0.271,31.506327,34.15285847,6.916023,21.90304484,56.05590331
13507,5031,5C,Port.Angeles,2021,0.25,0.8,0.271,32.056573,34.74932513,6.413212,20.3106424,55.05996754
13508,5032,5C,Port.Angeles,2021,0.25,0.95,0.271,30.529166,33.09361594,7.931132,25.11789504,58.21151099
13509,5033,5C,Port.Angeles,2021,0.25,0.9,0.271,30.994029,33.59752744,7.428321,23.52549261,57.12302004
13510,5034,5C,Port.Angeles,2021,0.2,0.01,0.271,55.868943,60.56193421,0.237175,0.751133225,61.31306744
13511,5035,5C,Port.Angeles,2021,0.2,0.15,0.271,45.395295,49.20849978,0.872804,2.764170268,51.97267005
13512,5036,5C,Port.Angeles,2021,0.2,0.1,0.271,48.563953,52.64332505,0.588194,1.862810398,54.50613545
13513,5037,5C,Port.Angeles,2021,0.2,0.25,0.271,41.031275,44.4779021,1.508433,4.777207311,49.25510941
13514,5038,5C,Port.Angeles,2021,0.2,0.2,0.271,43.052006,46.6683745,1.176388,3.725620796,50.3939953
13515,5039,5C,Port.Angeles,2021,0.2,0.3,0.271,39.285667,42.58566303,1.878426,5.948975142,48.53463817
13516,5040,5C,Port.Angeles,2021,0.2,0.35,0.271,37.767747,40.94023775,2.27688,7.21087896,48.15111671
13517,5041,5C,Port.Angeles,2021,0.2,0.45,0.271,35.082926,38.02989178,3.187632,10.09523054,48.12512233
13518,5042,5C,Port.Angeles,2021,0.2,0.4,0.271,36.344697,39.39765155,2.713282,8.592964094,47.99061564
13519,5043,5C,Port.Angeles,2021,0.2,0.55,0.271,33.081169,35.8599872,4.126845,13.06971812,48.92970531
13520,5044,5C,Port.Angeles,2021,0.2,0.5,0.271,34.010895,36.86781018,3.652495,11.56745167,48.43526185
13521,5045,5C,Port.Angeles,2021,0.2,0.6,0.271,32.246313,34.95500329,4.610682,14.60202989,49.55703319
13522,5046,5C,Port.Angeles,2021,0.2,0.65,0.271,31.49684,34.14257456,5.104006,16.164387,50.30696156
13523,5047,5C,Port.Angeles,2021,0.2,0.7,0.271,30.813776,33.40213318,5.606817,17.75678944,51.15892262
13524,5048,5C,Port.Angeles,2021,0.2,0.75,0.271,30.206608,32.74396307,6.109628,19.34919188,52.09315495
13525,5049,5C,Port.Angeles,2021,0.2,0.85,0.271,29.12509,31.57159756,7.134224,22.59408741,54.16568497
13526,5050,5C,Port.Angeles,2021,0.2,0.8,0.271,29.637388,32.12692859,6.621926,20.97163964,53.09856823
13527,5051,5C,Port.Angeles,2021,0.2,0.95,0.271,28.223825,30.5946263,8.177794,25.8990736,56.4936999
13528,5052,5C,Port.Angeles,2021,0.2,0.9,0.271,28.65074,31.05740216,7.656009,24.2465805,55.30398266
13529,5053,5C,Port.Angeles,2021,0.3,0.01,0.271,63.676744,69.0255905,0.180253,0.570861251,69.59645175
13530,5054,5C,Port.Angeles,2021,0.3,0.15,0.271,51.89389,56.25297676,0.75896,2.40362632,58.65660308
13531,5055,5C,Port.Angeles,2021,0.3,0.1,0.271,55.442028,60.09915835,0.493324,1.562357108,61.66151546
13532,5056,5C,Port.Angeles,2021,0.3,0.25,0.271,46.989111,50.93619632,1.356641,4.296482047,55.23267837
13533,5057,5C,Port.Angeles,2021,0.3,0.2,0.271,49.256504,53.39405034,1.034083,3.274940861,56.6689912
13534,5058,5C,Port.Angeles,2021,0.3,0.3,0.271,45.053763,48.83827909,1.70766,5.40815922,54.24643831
13535,5059,5C,Port.Angeles,2021,0.3,0.35,0.271,43.336616,46.97689174,2.096627,6.640017709,53.61690945
13536,5060,5C,Port.Angeles,2021,0.3,0.45,0.271,40.490516,43.89171934,2.912509,9.223916003,53.11563535
13537,5061,5C,Port.Angeles,2021,0.3,0.4,0.271,41.818696,45.33146646,2.495081,7.901921527,53.23338799
13538,5062,5C,Port.Angeles,2021,0.3,0.55,0.271,38.270558,41.48528487,3.804287,12.04817693,53.5334618
13539,5063,5C,Port.Angeles,2021,0.3,0.5,0.271,39.314128,42.61651475,3.358398,10.63604647,53.25256122
13540,5064,5C,Port.Angeles,2021,0.3,0.6,0.271,37.331345,40.46717798,4.26915,13.52039805,53.98757603
13541,5065,5C,Port.Angeles,2021,0.3,0.65,0.271,36.477515,39.54162626,4.7435,15.0226645,54.56429076
13542,5066,5C,Port.Angeles,2021,0.3,0.7,0.271,35.718555,38.71891362,5.227337,16.55497628,55.2738899
13543,5067,5C,Port.Angeles,2021,0.3,0.75,0.271,35.035491,37.97847224,5.720661,18.11733339,56.09580563
13544,5068,5C,Port.Angeles,2021,0.3,0.85,0.271,33.821155,36.66213202,6.707309,21.2420476,57.90417962
13545,5069,5C,Port.Angeles,2021,0.3,0.8,0.271,34.399862,37.28945041,6.213985,19.6796905,56.9691409
13546,5070,5C,Port.Angeles,2021,0.3,0.95,0.271,32.787072,35.54118605,7.712931,24.42685248,59.96803853
13547,5071,5C,Port.Angeles,2021,0.3,0.9,0.271,33.280396,36.07594926,7.21012,22.83445004,58.9103993
13548,5072,5C,Port.Angeles,2021,0.35,0.01,0.271,67.386161,73.04659852,0.161279,0.510770593,73.55736912
13549,5073,5C,Port.Angeles,2021,0.35,0.15,0.271,54.967678,59.58496295,0.702038,2.223354346,61.8083173
13550,5074,5C,Port.Angeles,2021,0.35,0.1,0.271,58.696069,63.6265388,0.455376,1.442175792,65.06871459
13551,5075,5C,Port.Angeles,2021,0.35,0.25,0.271,49.873159,54.06250436,1.280745,4.056119415,58.11862377
13552,5076,5C,Port.Angeles,2021,0.35,0.2,0.271,52.225935,56.61291354,0.977161,3.094668887,59.70758243
13553,5077,5C,Port.Angeles,2021,0.35,0.3,0.271,47.833454,51.85146414,1.622277,5.137751259,56.9892154
13554,5078,5C,Port.Angeles,2021,0.35,0.35,0.271,46.049898,49.91808943,1.99227,6.30951909,56.22760852
13555,5079,5C,Port.Angeles,2021,0.35,0.45,0.271,43.061493,46.67865841,2.798665,8.863372055,55.54203047
13556,5080,5C,Port.Angeles,2021,0.35,0.4,0.271,44.465569,48.2006768,2.390724,7.571422908,55.7720997
13557,5081,5C,Port.Angeles,2021,0.35,0.55,0.271,40.737178,44.15910095,3.661982,11.59749699,55.75659795
13558,5082,5C,Port.Angeles,2021,0.35,0.5,0.271,41.828183,45.34175037,3.22558,10.21541186,55.55716223
13559,5083,5C,Port.Angeles,2021,0.35,0.6,0.271,39.75053,43.08957452,4.117358,13.03967279,56.12924731
13560,5084,5C,Port.Angeles,2021,0.35,0.65,0.271,38.858752,42.12288717,4.591708,14.54193924,56.6648264
13561,5085,5C,Port.Angeles,2021,0.35,0.7,0.271,38.061844,41.2590389,5.066058,16.04420569,57.30324458
13562,5086,5C,Port.Angeles,2021,0.35,0.75,0.271,37.340832,40.47746189,5.549895,17.57651747,58.05397935
13563,5087,5C,Port.Angeles,2021,0.35,0.85,0.271,36.060087,39.08913431,6.527056,20.67118635,59.76032066
13564,5088,5C,Port.Angeles,2021,0.35,0.8,0.271,36.667255,39.74730442,6.033732,19.10882924,58.85613366
13565,5089,5C,Port.Angeles,2021,0.35,0.95,0.271,34.978569,37.9167688,7.504217,23.76585524,61.68262404
13566,5090,5C,Port.Angeles,2021,0.35,0.9,0.271,35.500354,38.48238374,7.02038,22.23354346,60.7159272
13567,5091,5C,Port.Angeles,2021,0.45,0.01,0.271,74.444489,80.69782608,0.132818,0.420634606,81.11846068
13568,5092,5C,Port.Angeles,2021,0.45,0.15,0.271,60.792696,65.89928246,0.626142,1.982991714,67.88227418
13569,5093,5C,Port.Angeles,2021,0.45,0.1,0.271,64.881593,70.33164681,0.398454,1.261903818,71.59355063
13570,5094,5C,Port.Angeles,2021,0.45,0.25,0.271,55.318697,59.96546755,1.157414,3.665530138,63.63099769
13571,5095,5C,Port.Angeles,2021,0.45,0.2,0.271,57.851726,62.71127098,0.872804,2.764170268,65.47544125
13572,5096,5C,Port.Angeles,2021,0.45,0.3,0.271,53.136687,57.60016871,1.479972,4.687071324,62.28724003
13573,5097,5C,Port.Angeles,2021,0.45,0.35,0.271,51.182365,55.48168366,1.830991,5.798748497,61.28043216
13574,5098,5C,Port.Angeles,2021,0.45,0.45,0.271,47.985246,52.01600666,2.589951,8.202374817,60.21838148
13575,5099,5C,Port.Angeles,2021,0.45,0.4,0.271,49.484192,53.64086413,2.200984,6.970516328,60.61138046
13576,5100,5C,Port.Angeles,2021,0.45,0.55,0.271,45.461704,49.28048714,3.424807,10.84636377,60.12685091
13577,5101,5C,Port.Angeles,2021,0.45,0.5,0.271,46.647579,50.56597564,2.997892,9.494323964,60.0602996
13578,5102,5C,Port.Angeles,2021,0.45,0.6,0.271,44.389673,48.11840553,3.861209,12.2284489,60.34685444
13579,5103,5C,Port.Angeles,2021,0.45,0.65,0.271,43.421999,47.06944692,4.316585,13.6706247,60.74007161
13580,5104,5C,Port.Angeles,2021,0.45,0.7,0.271,42.539708,46.11304347,4.771961,15.11280049,61.22584396
13581,5105,5C,Port.Angeles,2021,0.45,0.75,0.271,41.7428,45.2491952,5.246311,16.61506694,61.86426214
13582,5106,5C,Port.Angeles,2021,0.45,0.85,0.271,40.338724,43.72717682,6.195011,19.61959984,63.34677665
13583,5107,5C,Port.Angeles,2021,0.45,0.8,0.271,41.021788,44.46761819,5.711174,18.08728806,62.55490625
13584,5108,5C,Port.Angeles,2021,0.45,0.95,0.271,39.190797,42.48282395,7.134224,22.59408741,65.07691136
13585,5109,5C,Port.Angeles,2021,0.45,0.9,0.271,39.722069,43.0587228,6.678848,21.15191162,64.21063441
13586,5110,5C,Port.Angeles,2021,0.4,0.01,0.271,70.981734,76.94419966,0.151792,0.480725264,77.42492492
13587,5111,5C,Port.Angeles,2021,0.4,0.15,0.271,57.937109,62.80382616,0.66409,2.10317303,64.90699919
13588,5112,5C,Port.Angeles,2021,0.4,0.1,0.271,61.845753,67.04079625,0.426915,1.352039805,68.39283606
13589,5113,5C,Port.Angeles,2021,0.4,0.25,0.271,52.65285,57.0756894,1.214336,3.845802112,60.92149151
13590,5114,5C,Port.Angeles,2021,0.4,0.2,0.271,55.091009,59.71865376,0.920239,2.914396913,62.63305067
13591,5115,5C,Port.Angeles,2021,0.4,0.3,0.271,50.537249,54.78237792,1.546381,4.897388627,59.67976654
13592,5116,5C,Port.Angeles,2021,0.4,0.35,0.271,48.658823,52.74616413,1.906887,6.039111129,58.78527526
13593,5117,5C,Port.Angeles,2021,0.4,0.45,0.271,45.575548,49.40389403,2.684821,8.502828107,57.90672214
13594,5118,5C,Port.Angeles,2021,0.4,0.4,0.271,47.027059,50.97733196,2.286367,7.240924289,58.21825625
13595,5119,5C,Port.Angeles,2021,0.4,0.55,0.271,43.146876,46.77121358,3.538651,11.20690772,57.9781213
13596,5120,5C,Port.Angeles,2021,0.4,0.5,0.271,44.285316,48.00528254,3.111736,9.854867912,57.86015046
13597,5121,5C,Port.Angeles,2021,0.4,0.6,0.271,42.112793,45.65026761,3.98454,12.61903818,58.26930579
13598,5122,5C,Port.Angeles,2021,0.4,0.65,0.271,41.17358,44.63216072,4.449403,14.0912593,58.72342002
13599,5123,5C,Port.Angeles,2021,0.4,0.7,0.271,40.329237,43.71689291,4.914266,15.56348042,59.28037333
13600,5124,5C,Port.Angeles,2021,0.4,0.75,0.271,39.570277,42.89418027,5.388616,17.06574687,59.95992714
13601,5125,5C,Port.Angeles,2021,0.4,0.85,0.271,38.23261,41.44414924,6.35629,20.13037043,61.57451967
13602,5126,5C,Port.Angeles,2021,0.4,0.8,0.271,38.877726,42.14345498,5.872453,18.59805865,60.74151363
13603,5127,5C,Port.Angeles,2021,0.4,0.95,0.271,37.113144,40.2306481,7.314477,23.16494866,63.39559676
13604,5128,5C,Port.Angeles,2021,0.4,0.9,0.271,37.644416,40.80654694,6.840127,21.66268221,62.46922915
13605,5129,5C,Port.Angeles,2021,0.55,0.01,0.271,80.316942,87.06356513,0.113844,0.360543948,87.42410908
13606,5130,5C,Port.Angeles,2021,0.55,0.15,0.271,66.162338,71.71997439,0.56922,1.80271974,73.52269413
13607,5131,5C,Port.Angeles,2021,0.55,0.1,0.271,70.592767,76.52255943,0.351019,1.111677173,77.6342366
13608,5132,5C,Port.Angeles,2021,0.55,0.25,0.271,60.375268,65.44679051,1.062544,3.365076848,68.81186736
13609,5133,5C,Port.Angeles,2021,0.55,0.2,0.271,63.069576,68.36742038,0.796908,2.523807636,70.89122802
13610,5134,5C,Port.Angeles,2021,0.55,0.3,0.271,58.041466,62.91694914,1.366128,4.326527376,67.24347652
13611,5135,5C,Port.Angeles,2021,0.55,0.35,0.271,55.9733,60.6750572,1.688686,5.348068562,66.02312576
13612,5136,5C,Port.Angeles,2021,0.55,0.45,0.271,52.576954,56.99341814,2.419185,7.661558895,64.65497703
13613,5137,5C,Port.Angeles,2021,0.55,0.4,0.271,54.17077,58.72111468,2.049192,6.489791064,65.21090574
13614,5138,5C,Port.Angeles,2021,0.55,0.55,0.271,49.892133,54.08307217,3.22558,10.21541186,64.29848403
13615,5139,5C,Port.Angeles,2021,0.55,0.5,0.271,51.153904,55.45083194,2.817639,8.923462713,64.37429465
13616,5140,5C,Port.Angeles,2021,0.55,0.6,0.271,48.725232,52.81815149,3.652495,11.56745167,64.38560315
13617,5141,5C,Port.Angeles,2021,0.55,0.65,0.271,47.691149,51.69720552,4.088897,12.9495368,64.64674232
13618,5142,5C,Port.Angeles,2021,0.55,0.7,0.271,46.742449,50.66881472,4.534786,14.36166726,65.03048198
13619,5143,5C,Port.Angeles,2021,0.55,0.75,0.271,45.888619,49.743263,4.990162,15.80384305,65.54710605
13620,5144,5C,Port.Angeles,2021,0.55,0.85,0.271,44.380186,48.10812162,5.910401,18.71823997,66.82636159
13621,5145,5C,Port.Angeles,2021,0.55,0.8,0.271,45.101198,48.88969863,5.445538,17.24601885,66.13571748
13622,5146,5C,Port.Angeles,2021,0.55,0.95,0.271,43.16585,46.7917814,6.811666,21.57254622,68.36432762
13623,5147,5C,Port.Angeles,2021,0.55,0.9,0.271,43.716096,47.38824806,6.375264,20.19046109,67.57870915
13624,5148,5C,Port.Angeles,2021,0.5,0.01,0.271,77.764939,84.29719388,0.123331,0.390589277,84.68778315
13625,5149,5C,Port.Angeles,2021,0.5,0.15,0.271,63.534439,68.87133188,0.597681,1.892855727,70.7641876
13626,5150,5C,Port.Angeles,2021,0.5,0.1,0.271,67.794102,73.48880657,0.369993,1.171767831,74.6605744
13627,5151,5C,Port.Angeles,2021,0.5,0.25,0.271,57.899161,62.76269052,1.109979,3.515303493,66.27799402
13628,5152,5C,Port.Angeles,2021,0.5,0.2,0.271,60.508086,65.59076522,0.834856,2.643988952,68.23475418
13629,5153,5C,Port.Angeles,2021,0.5,0.3,0.271,55.631768,60.30483651,1.413563,4.476754021,64.78159053
13630,5154,5C,Port.Angeles,2021,0.5,0.35,0.271,53.620524,58.12464802,1.755095,5.558385865,63.68303388
13631,5155,5C,Port.Angeles,2021,0.5,0.45,0.271,50.319048,54.54584803,2.504568,7.931966856,62.47781489
13632,5156,5C,Port.Angeles,2021,0.5,0.4,0.271,51.874916,56.23240894,2.115601,6.700108367,62.93251731
13633,5157,5C,Port.Angeles,2021,0.5,0.55,0.271,47.71961,51.72805724,3.32045,10.51586515,62.24392239
13634,5158,5C,Port.Angeles,2021,0.5,0.5,0.271,48.933946,53.04439746,2.903022,9.193870674,62.23826814
13635,5159,5C,Port.Angeles,2021,0.5,0.6,0.271,46.600144,50.5145561,3.756852,11.89795028,62.41250638
13636,5160,5C,Port.Angeles,2021,0.5,0.65,0.271,45.585035,49.41417794,4.193254,13.28003542,62.69421336
13637,5161,5C,Port.Angeles,2021,0.5,0.7,0.271,44.674283,48.42692277,4.64863,14.72221121,63.14913398
13638,5162,5C,Port.Angeles,2021,0.5,0.75,0.271,43.848914,47.53222278,5.113493,16.19443233,63.72665511
13639,5163,5C,Port.Angeles,2021,0.5,0.85,0.271,42.397403,45.95878485,6.043219,19.13887457,65.09765943
13640,5164,5C,Port.Angeles,2021,0.5,0.8,0.271,43.089954,46.70951014,5.578356,17.66665345,64.37616359
13641,5165,5C,Port.Angeles,2021,0.5,0.95,0.271,41.202041,44.66301244,6.963458,22.05327149,66.71628393
13642,5166,5C,Port.Angeles,2021,0.5,0.9,0.271,41.752287,45.25947911,6.517569,20.64114102,65.90062013
13643,5167,5C,Port.Angeles,2021,0.6,0.01,0.271,82.774075,89.7270973,0.104357,0.330498619,90.05759592
13644,5168,5C,Port.Angeles,2021,0.6,0.15,0.271,68.68588,74.45549392,0.540759,1.712583753,76.16807767
13645,5169,5C,Port.Angeles,2021,0.6,0.1,0.271,73.287075,79.4431893,0.332045,1.051586515,80.49477582
13646,5170,5C,Port.Angeles,2021,0.6,0.25,0.271,62.747018,68.01776751,1.024596,3.244895532,71.26266304
13647,5171,5C,Port.Angeles,2021,0.6,0.2,0.271,65.517222,71.02066865,0.768447,2.433671649,73.4543403
13648,5172,5C,Port.Angeles,2021,0.6,0.3,0.271,60.356294,65.4262227,1.318693,4.176300731,69.60252343
13649,5173,5C,Port.Angeles,2021,0.6,0.35,0.271,58.231206,63.1226273,1.641251,5.197841917,68.32046922
13650,5174,5C,Port.Angeles,2021,0.6,0.45,0.271,54.749477,59.34843307,2.352776,7.451241592,66.79967466
13651,5175,5C,Port.Angeles,2021,0.6,0.4,0.271,56.381241,61.11726524,1.982783,6.279473761,67.39673901
13652,5176,5C,Port.Angeles,2021,0.6,0.55,0.271,51.998247,56.36609975,3.140197,9.945003899,66.31110365
13653,5177,5C,Port.Angeles,2021,0.6,0.5,0.271,53.288479,57.76471124,2.732256,8.653054752,66.41776599
13654,5178,5C,Port.Angeles,2021,0.6,0.6,0.271,50.802885,55.07032734,3.557625,11.26699838,66.33732571
13655,5179,5C,Port.Angeles,2021,0.6,0.65,0.271,49.721367,53.89796183,3.98454,12.61903818,66.51700001
13656,5180,5C,Port.Angeles,2021,0.6,0.7,0.271,48.744206,52.8387193,4.430429,14.03116864,66.86988795
13657,5181,5C,Port.Angeles,2021,0.6,0.75,0.271,47.852428,51.87203195,4.876318,15.44329911,67.31533106
13658,5182,5C,Port.Angeles,2021,0.6,0.85,0.271,46.306047,50.19575495,5.78707,18.32765069,68.52340564
13659,5183,5C,Port.Angeles,2021,0.6,0.8,0.271,47.05552,51.00818368,5.322207,16.85542957,67.86361325
13660,5184,5C,Port.Angeles,2021,0.6,0.95,0.271,45.06325,48.848563,6.659874,21.09182096,69.94038396
13661,5185,5C,Port.Angeles,2021,0.6,0.9,0.271,45.622983,49.45531357,6.242446,19.76982648,69.22514005
13662,5186,5C,Port.Angeles,2021,0.65,0.01,0.271,85.107877,92.25693867,0.09487,0.30045329,92.55739196
13663,5187,5C,Port.Angeles,2021,0.65,0.15,0.271,70.953273,76.91334793,0.531272,1.682538424,78.59588636
13664,5188,5C,Port.Angeles,2021,0.65,0.1,0.271,75.696773,82.05530193,0.322558,1.021541186,83.07684312
13665,5189,5C,Port.Angeles,2021,0.65,0.25,0.271,64.634931,70.0642652,1.024596,3.244895532,73.30916074
13666,5190,5C,Port.Angeles,2021,0.65,0.2,0.271,67.566414,73.24199278,0.75896,2.40362632,75.6456191
13667,5191,5C,Port.Angeles,2021,0.65,0.3,0.271,62.111389,67.32874568,1.32818,4.20634606,71.53509174
13668,5192,5C,Port.Angeles,2021,0.65,0.35,0.271,59.948353,64.98401465,1.660225,5.257932575,70.24194723
13669,5193,5C,Port.Angeles,2021,0.65,0.45,0.271,56.419189,61.15840088,2.381237,7.541377579,68.69977846
13670,5194,5C,Port.Angeles,2021,0.65,0.4,0.271,58.069927,62.94780087,2.011244,6.369609748,69.31741062
13671,5195,5C,Port.Angeles,2021,0.65,0.55,0.271,53.705907,58.21720319,3.149684,9.975049228,68.19225242
13672,5196,5C,Port.Angeles,2021,0.65,0.5,0.271,54.967678,59.58496295,2.760717,8.743190739,68.32815369
13673,5197,5C,Port.Angeles,2021,0.65,0.6,0.271,52.529519,56.9419986,3.557625,11.26699838,68.20899697
13674,5198,5C,Port.Angeles,2021,0.65,0.65,0.271,51.41954,55.73878136,4.003514,12.67912884,68.4179102
13675,5199,5C,Port.Angeles,2021,0.65,0.7,0.271,50.47084,54.71039056,4.430429,14.03116864,68.7415592
13676,5200,5C,Port.Angeles,2021,0.65,0.75,0.271,49.598036,53.76427102,4.866831,15.41325378,69.1775248
13677,5201,5C,Port.Angeles,2021,0.65,0.85,0.271,48.042168,52.07771011,5.758609,18.2375147,70.31522482
13678,5202,5C,Port.Angeles,2021,0.65,0.8,0.271,48.782154,52.87985494,5.31272,16.82538424,69.70523918
13679,5203,5C,Port.Angeles,2021,0.65,0.95,0.271,46.780397,50.70995035,6.6409,21.0317303,71.74168065
13680,5204,5C,Port.Angeles,2021,0.65,0.9,0.271,47.359104,51.33726874,6.213985,19.6796905,71.01695923
13681,5205,5C,Port.Angeles,2021,0.7,0.01,0.271,87.337322,94.67365705,0.09487,0.30045329,94.97411034
13682,5206,5C,Port.Angeles,2021,0.7,0.15,0.271,73.087848,79.22722723,0.521785,1.652493095,80.87972033
13683,5207,5C,Port.Angeles,2021,0.7,0.1,0.271,77.973653,84.52343985,0.313071,0.991495857,85.51493571
13684,5208,5C,Port.Angeles,2021,0.7,0.25,0.271,66.352078,71.92565255,1.04357,3.30498619,75.23063874
13685,5209,5C,Port.Angeles,2021,0.7,0.2,0.271,69.463814,75.29877438,0.75896,2.40362632,77.7024007
13686,5210,5C,Port.Angeles,2021,0.7,0.3,0.271,63.733666,69.08729394,1.356641,4.296482047,73.38377599
13687,5211,5C,Port.Angeles,2021,0.7,0.35,0.271,61.513708,66.68085947,1.688686,5.348068562,72.02892803
13688,5212,5C,Port.Angeles,2021,0.7,0.45,0.271,57.975057,62.84496179,2.419185,7.661558895,70.50652068
13689,5213,5C,Port.Angeles,2021,0.7,0.4,0.271,59.625795,64.63436178,2.049192,6.489791064,71.12415284
13690,5214,5C,Port.Angeles,2021,0.7,0.55,0.271,55.299723,59.94489973,3.178145,10.06518522,70.01008495
13691,5215,5C,Port.Angeles,2021,0.7,0.5,0.271,56.533033,61.28180777,2.798665,8.863372055,70.14517983
13692,5216,5C,Port.Angeles,2021,0.7,0.6,0.271,54.161283,58.71083077,3.576599,11.32708903,70.03791981
13693,5217,5C,Port.Angeles,2021,0.7,0.65,0.271,53.03233,57.48704572,4.031975,12.76926483,70.25631054
13694,5218,5C,Port.Angeles,2021,0.7,0.7,0.271,52.112091,56.48950664,4.439916,14.06121397,70.55072062
13695,5219,5C,Port.Angeles,2021,0.7,0.75,0.271,51.258261,55.56395492,4.866831,15.41325378,70.9772087
13696,5220,5C,Port.Angeles,2021,0.7,0.85,0.271,49.721367,53.89796183,5.749122,18.20746937,72.1054312
13697,5221,5C,Port.Angeles,2021,0.7,0.8,0.271,50.451866,54.68982274,5.303233,16.79533891,71.48516166
13698,5222,5C,Port.Angeles,2021,0.7,0.95,0.271,48.440622,52.50963425,6.621926,20.97163964,73.48127389
13699,5223,5C,Port.Angeles,2021,0.7,0.9,0.271,49.038303,53.15752045,6.195011,19.61959984,72.77712029
13700,5224,5C,Port.Angeles,2021,0.75,0.01,0.271,89.490871,97.00810416,0.085383,0.270407961,97.27851213
13701,5225,5C,Port.Angeles,2021,0.75,0.15,0.271,75.108579,81.41769964,0.521785,1.652493095,83.07019273
13702,5226,5C,Port.Angeles,2021,0.75,0.1,0.271,80.117715,86.84760306,0.313071,0.991495857,87.83909892
13703,5227,5C,Port.Angeles,2021,0.75,0.25,0.271,67.917433,73.62249737,1.062544,3.365076848,76.98757422
13704,5228,5C,Port.Angeles,2021,0.75,0.2,0.271,71.209422,77.19101345,0.768447,2.433671649,79.6246851
13705,5229,5C,Port.Angeles,2021,0.75,0.3,0.271,65.204151,70.68129968,1.385102,4.386618034,75.06791772
13706,5230,5C,Port.Angeles,2021,0.75,0.35,0.271,62.946245,68.23372958,1.736121,5.498295207,73.73202479
13707,5231,5C,Port.Angeles,2021,0.75,0.45,0.271,59.407594,64.3978319,2.46662,7.81178554,72.20961744
13708,5232,5C,Port.Angeles,2021,0.75,0.4,0.271,61.039358,66.16666407,2.096627,6.640017709,72.80668178
13709,5233,5C,Port.Angeles,2021,0.75,0.55,0.271,56.760721,61.52862156,3.235067,10.24545719,71.77407875
13710,5234,5C,Port.Angeles,2021,0.75,0.5,0.271,57.984544,62.8552457,2.855587,9.043644029,71.89888973
13711,5235,5C,Port.Angeles,2021,0.75,0.6,0.271,55.669716,60.34597214,3.614547,11.44727035,71.79324249
13712,5236,5C,Port.Angeles,2021,0.75,0.65,0.271,54.531276,59.11190318,4.069923,12.88944614,72.00134933
13713,5237,5C,Port.Angeles,2021,0.75,0.7,0.271,53.667959,58.17606756,4.468377,14.15134996,72.32741752
13714,5238,5C,Port.Angeles,2021,0.75,0.75,0.271,52.852077,57.29165147,4.876318,15.44329911,72.73495057
13715,5239,5C,Port.Angeles,2021,0.75,0.85,0.271,51.334157,55.64622619,5.739635,18.17742405,73.82365023
13716,5240,5C,Port.Angeles,2021,0.75,0.8,0.271,52.055169,56.4278032,5.303233,16.79533891,73.22314211
13717,5241,5C,Port.Angeles,2021,0.75,0.95,0.271,50.062899,54.26818252,6.602952,20.91154898,75.1797315
13718,5242,5C,Port.Angeles,2021,0.75,0.9,0.271,50.670067,54.92635263,6.176037,19.55950918,74.48586181
13719,5243,5C,Port.Angeles,2021,0.85,0.01,0.271,93.665151,101.5330237,0.085383,0.270407961,101.8034316
13720,5244,5C,Port.Angeles,2021,0.85,0.15,0.271,79.482086,86.15858122,0.483837,1.532311779,87.690893
13721,5245,5C,Port.Angeles,2021,0.85,0.1,0.271,84.747371,91.86615016,0.28461,0.90135987,92.76751003
13722,5246,5C,Port.Angeles,2021,0.85,0.25,0.271,71.72172,77.74634448,1.015109,3.214850203,80.96119468
13723,5247,5C,Port.Angeles,2021,0.85,0.2,0.271,75.23191,81.55139044,0.730499,2.313490333,83.86488077
13724,5248,5C,Port.Angeles,2021,0.85,0.3,0.271,68.847159,74.63032036,1.347154,4.266436718,78.89675707
13725,5249,5C,Port.Angeles,2021,0.85,0.35,0.271,66.494383,72.07991117,1.688686,5.348068562,77.42797973
13726,5250,5C,Port.Angeles,2021,0.85,0.45,0.271,62.822914,68.10003878,2.419185,7.661558895,75.76159767
13727,5251,5C,Port.Angeles,2021,0.85,0.4,0.271,64.5116,69.9305744,2.049192,6.489791064,76.42036546
13728,5252,5C,Port.Angeles,2021,0.85,0.55,0.271,60.100145,65.14855718,3.168658,10.03513989,75.18369707
13729,5253,5C,Port.Angeles,2021,0.85,0.5,0.271,61.371403,66.52660085,2.789178,8.833326726,75.35992758
13730,5254,5C,Port.Angeles,2021,0.85,0.6,0.271,58.999653,63.95562385,3.538651,11.20690772,75.16253157
13731,5255,5C,Port.Angeles,2021,0.85,0.65,0.271,57.823265,62.68041926,4.003514,12.67912884,75.3595481
13732,5256,5C,Port.Angeles,2021,0.85,0.7,0.271,56.959948,61.74458363,4.373507,13.85089667,75.5954803
13733,5257,5C,Port.Angeles,2021,0.85,0.75,0.271,56.144066,60.86016754,4.771961,15.11280049,75.97296803
13734,5258,5C,Port.Angeles,2021,0.85,0.85,0.271,54.607172,59.19417445,5.606817,17.75678944,76.95096389
13735,5259,5C,Port.Angeles,2021,0.85,0.8,0.271,55.337671,59.98603536,5.189389,16.43479496,76.42083033
13736,5260,5C,Port.Angeles,2021,0.85,0.95,0.271,53.307453,57.78527905,6.45116,20.43082372,78.21610277
13737,5261,5C,Port.Angeles,2021,0.85,0.9,0.271,53.933595,58.46401698,6.024245,19.07878392,77.5428009
13738,5262,5C,Port.Angeles,2021,0.8,0.01,0.271,91.634933,99.33226737,0.085383,0.270407961,99.60267533
13739,5263,5C,Port.Angeles,2021,0.8,0.15,0.271,77.451868,83.95782491,0.493324,1.562357108,85.52018202
13740,5264,5C,Port.Angeles,2021,0.8,0.1,0.271,82.584335,89.52141914,0.294097,0.931405199,90.45282434
13741,5265,5C,Port.Angeles,2021,0.8,0.25,0.271,69.862268,75.73069851,1.034083,3.274940861,79.00563937
13742,5266,5C,Port.Angeles,2021,0.8,0.2,0.271,73.325023,79.48432493,0.739986,2.343535662,81.82786059
13743,5267,5C,Port.Angeles,2021,0.8,0.3,0.271,67.044629,72.67637784,1.366128,4.326527376,77.00290521
13744,5268,5C,Port.Angeles,2021,0.8,0.35,0.271,64.720314,70.15682038,1.717147,5.438204549,75.59502493
13745,5269,5C,Port.Angeles,2021,0.8,0.45,0.271,61.105767,66.23865143,2.447646,7.751694882,73.99034631
13746,5270,5C,Port.Angeles,2021,0.8,0.4,0.271,62.775479,68.04861924,2.077653,6.579927051,74.62854629
13747,5271,5C,Port.Angeles,2021,0.8,0.55,0.271,58.411459,63.31802156,3.216093,10.18536653,73.50338809
13748,5272,5C,Port.Angeles,2021,0.8,0.5,0.271,59.663743,64.67549741,2.827126,8.953508042,73.62900545
13749,5273,5C,Port.Angeles,2021,0.8,0.6,0.271,57.310967,62.12508823,3.595573,11.38717969,73.51226792
13750,5274,5C,Port.Angeles,2021,0.8,0.65,0.271,56.144066,60.86016754,4.060436,12.85940081,73.71956836
13751,5275,5C,Port.Angeles,2021,0.8,0.7,0.271,55.290236,59.93461582,4.449403,14.0912593,74.02587513
13752,5276,5C,Port.Angeles,2021,0.8,0.75,0.271,54.474354,59.05019974,4.847857,15.35316312,74.40336286
13753,5277,5C,Port.Angeles,2021,0.8,0.85,0.271,52.956434,57.40477446,5.701687,18.05724273,75.46201719
13754,5278,5C,Port.Angeles,2021,0.8,0.8,0.271,53.677446,58.18635146,5.274772,16.70520292,74.89155439
13755,5279,5C,Port.Angeles,2021,0.8,0.95,0.271,51.675689,56.01644688,6.555517,20.76132234,76.77776922
13756,5280,5C,Port.Angeles,2021,0.8,0.9,0.271,52.292344,56.6849009,6.128602,19.40928253,76.09418343
13757,5281,5C,Port.Angeles,2021,0.95,0.01,0.271,97.516873,105.7082903,0.075896,0.240362632,105.948653
13758,5282,5C,Port.Angeles,2021,0.95,0.15,0.271,83.267399,90.26186052,0.464863,1.472221121,91.73408164
13759,5283,5C,Port.Angeles,2021,0.95,0.1,0.271,88.788833,96.24709497,0.275123,0.871314541,97.11840951
13760,5284,5C,Port.Angeles,2021,0.95,0.25,0.271,75.165501,81.47940308,0.996135,3.154759545,84.63416263
13761,5285,5C,Port.Angeles,2021,0.95,0.2,0.271,78.799022,85.41813985,0.711525,2.253399675,87.67153952
13762,5286,5C,Port.Angeles,2021,0.95,0.35,0.271,69.805346,75.66899506,1.650738,5.227887246,80.89688231
13763,5287,5C,Port.Angeles,2021,0.95,0.45,0.271,66.057981,71.6068514,2.362263,7.481286921,79.08813833
13764,5288,5C,Port.Angeles,2021,0.95,0.4,0.271,67.775128,73.46823875,2.001757,6.339564419,79.80780317
13765,5289,5C,Port.Angeles,2021,0.95,0.55,0.271,63.287777,68.60395027,3.092762,9.794777254,78.39872752
13766,5290,5C,Port.Angeles,2021,0.95,0.5,0.271,64.568522,69.99227785,2.722769,8.623009423,78.61528727
13767,5291,5C,Port.Angeles,2021,0.95,0.6,0.271,62.187285,67.41101694,3.453268,10.93649976,78.3475167
13768,5292,5C,Port.Angeles,2021,0.95,0.65,0.271,61.00141,66.12552844,3.899157,12.34863022,78.47415866
13769,5293,5C,Port.Angeles,2021,0.95,0.7,0.271,60.14758,65.19997672,4.259663,13.49035272,78.69032944
13770,5294,5C,Port.Angeles,2021,0.95,0.75,0.271,59.322211,64.30527672,4.629656,14.66212055,78.96739728
13771,5295,5C,Port.Angeles,2021,0.95,0.85,0.271,57.747369,62.598148,5.436051,17.21597352,79.81412151
13772,5296,5C,Port.Angeles,2021,0.95,0.8,0.271,58.506329,63.42086064,5.037597,15.9540697,79.37493034
13773,5297,5C,Port.Angeles,2021,0.95,0.95,0.271,56.438163,61.17896869,6.251933,19.79987181,80.9788405
13774,5298,5C,Port.Angeles,2021,0.95,0.9,0.271,57.064305,61.85770662,5.843992,18.50792266,80.36562928
13775,5299,5C,Port.Angeles,2021,0.9,0.01,0.271,95.62896,103.6617926,0.075896,0.240362632,103.9021553
13776,5300,5C,Port.Angeles,2021,0.9,0.15,0.271,81.426921,88.26678236,0.47435,1.50226645,89.76904881
13777,5301,5C,Port.Angeles,2021,0.9,0.1,0.271,86.815537,94.10804211,0.275123,0.871314541,94.97935665
13778,5302,5C,Port.Angeles,2021,0.9,0.25,0.271,73.486302,79.65915137,1.005622,3.184804874,82.84395624
13779,5303,5C,Port.Angeles,2021,0.9,0.2,0.271,77.053414,83.52590078,0.721012,2.283445004,85.80934578
13780,5304,5C,Port.Angeles,2021,0.9,0.3,0.271,70.573793,76.50199161,1.32818,4.20634606,80.70833767
13781,5305,5C,Port.Angeles,2021,0.9,0.35,0.271,68.183069,73.9104468,1.669712,5.287977904,79.1984247
13782,5306,5C,Port.Angeles,2021,0.9,0.45,0.271,64.473652,69.88943877,2.381237,7.541377579,77.43081635
13783,5307,5C,Port.Angeles,2021,0.9,0.4,0.271,66.181312,71.74054221,2.030218,6.429700406,78.17024261
13784,5308,5C,Port.Angeles,2021,0.9,0.55,0.271,61.731909,66.91738936,3.121223,9.884913241,76.8023026
13785,5309,5C,Port.Angeles,2021,0.9,0.5,0.271,62.99368,68.28514912,2.75123,8.71314541,76.99829453
13786,5310,5C,Port.Angeles,2021,0.9,0.6,0.271,60.612443,65.70388821,3.491216,11.05668107,76.76056928
13787,5311,5C,Port.Angeles,2021,0.9,0.65,0.271,59.436055,64.42868362,3.946592,12.49885686,76.92754048
13788,5312,5C,Port.Angeles,2021,0.9,0.7,0.271,58.582225,63.5031319,4.316585,13.6706247,77.1737566
13789,5313,5C,Port.Angeles,2021,0.9,0.75,0.271,57.756856,62.6084319,4.696065,14.87243786,77.48086976
13790,5314,5C,Port.Angeles,2021,0.9,0.85,0.271,56.200988,60.92187099,5.521434,17.48638148,78.40825247
13791,5315,5C,Port.Angeles,2021,0.9,0.8,0.271,56.940974,61.72401582,5.113493,16.19443233,77.91844815
13792,5316,5C,Port.Angeles,2021,0.9,0.95,0.271,54.891782,59.50269169,6.346803,20.1003251,79.60301679
13793,5317,5C,Port.Angeles,2021,0.9,0.9,0.271,55.517924,60.18142962,5.929375,18.77833063,78.95976024
15308,6832,6A,Rochester,2021,0.01,0.01,0.271,93.63669,101.502172,2.020731,6.399655077,107.901827
15309,6833,6A,Rochester,2021,0.01,0.15,0.271,87.868594,95.2495559,2.959944,9.374142648,104.6236985
15310,6834,6A,Rochester,2021,0.01,0.1,0.271,89.93676,97.49144784,2.618412,8.292510804,105.7839586
15311,6835,6A,Rochester,2021,0.01,0.25,0.271,83.10612,90.08703408,3.633521,11.50736101,101.5943951
15312,6836,6A,Rochester,2021,0.01,0.2,0.271,85.383,92.555172,3.291989,10.42572916,102.9809012
15313,6837,6A,Rochester,2021,0.01,0.3,0.271,81.01898,87.82457432,3.975053,12.58899285,100.4135672
15314,6838,6A,Rochester,2021,0.01,0.35,0.271,79.102606,85.7472249,4.335559,13.73071535,99.47794026
15315,6839,6A,Rochester,2021,0.01,0.45,0.271,75.469085,81.80848814,5.132467,16.25452299,98.06301113
15316,6840,6A,Rochester,2021,0.01,0.4,0.271,77.233667,83.72129503,4.715039,14.93252851,98.65382354
15317,6841,6A,Rochester,2021,0.01,0.55,0.271,72.366836,78.44565022,5.938862,18.80837595,97.25402618
15318,6842,6A,Rochester,2021,0.01,0.5,0.271,73.865782,80.07050769,5.521434,17.48638148,97.55688917
15319,6843,6A,Rochester,2021,0.01,0.6,0.271,70.972247,76.93391575,6.365777,20.16041576,97.09433151
15320,6844,6A,Rochester,2021,0.01,0.65,0.271,69.644067,75.49416863,6.792692,21.51245556,97.00662419
15321,6845,6A,Rochester,2021,0.01,0.7,0.271,68.40127,74.14697668,7.229094,22.8945407,97.04151738
15322,6846,6A,Rochester,2021,0.01,0.75,0.271,67.243856,72.8923399,7.674983,24.30667116,97.19901107
15323,6847,6A,Rochester,2021,0.01,0.85,0.271,65.118768,70.58874451,8.576248,27.16097742,97.74972193
15324,6848,6A,Rochester,2021,0.01,0.8,0.271,66.133877,71.68912267,8.130359,25.74884695,97.43796962
15325,6849,6A,Rochester,2021,0.01,0.95,0.271,63.230855,68.54224682,9.487,30.045329,98.58757582
15326,6850,6A,Rochester,2021,0.01,0.9,0.271,64.141607,69.52950199,9.022137,28.57310788,98.10260987
15327,6851,6A,Rochester,2021,0.05,0.01,0.271,96.824322,104.957565,1.973296,6.249428432,111.2069935
15328,6852,6A,Rochester,2021,0.05,0.15,0.271,91.141609,98.79750416,2.903022,9.193870674,107.9913748
15329,6853,6A,Rochester,2021,0.05,0.1,0.271,93.114905,100.936557,2.56149,8.11223883,109.0487959
15330,6854,6A,Rochester,2021,0.05,0.25,0.271,86.540414,93.80980878,3.557625,11.26699838,105.0768072
15331,6855,6A,Rochester,2021,0.05,0.2,0.271,88.864729,96.32936624,3.22558,10.21541186,106.5447781
15332,6856,6A,Rochester,2021,0.05,0.3,0.271,84.396352,91.48564557,3.899157,12.34863022,103.8342758
15333,6857,6A,Rochester,2021,0.05,0.35,0.271,82.451517,89.37744443,4.250176,13.46030739,102.8377518
15334,6858,6A,Rochester,2021,0.05,0.45,0.271,78.732613,85.34615249,5.037597,15.9540697,101.3002222
15335,6859,6A,Rochester,2021,0.05,0.4,0.271,80.535143,87.30009501,4.629656,14.66212055,101.9622156
15336,6860,6A,Rochester,2021,0.05,0.55,0.271,75.563955,81.91132722,5.834505,18.47787734,100.3892046
15337,6861,6A,Rochester,2021,0.05,0.5,0.271,77.091362,83.56703641,5.426564,17.18592819,100.7529646
15338,6862,6A,Rochester,2021,0.05,0.6,0.271,74.121931,80.3481732,6.26142,19.82991714,100.1780903
15339,6863,6A,Rochester,2021,0.05,0.65,0.271,72.774777,78.88785827,6.688335,21.18195695,100.0698152
15340,6864,6A,Rochester,2021,0.05,0.7,0.271,71.503519,77.5098146,7.105763,22.50395142,100.013766
15341,6865,6A,Rochester,2021,0.05,0.75,0.271,70.308157,76.21404219,7.542165,23.88603656,100.1000787
15342,6866,6A,Rochester,2021,0.05,0.85,0.271,68.135634,73.85902726,8.433943,26.71029748,100.5693247
15343,6867,6A,Rochester,2021,0.05,0.8,0.271,69.179204,74.99025714,7.988054,25.29816702,100.2884242
15344,6868,6A,Rochester,2021,0.05,0.95,0.271,66.200286,71.76111002,9.344695,29.59464907,101.3557591
15345,6869,6A,Rochester,2021,0.05,0.9,0.271,67.148986,72.78950082,8.889319,28.15247327,100.9419741
15346,6870,6A,Rochester,2021,0.15,0.01,0.271,104.518279,113.2978144,1.878426,5.948975142,119.2467896
15347,6871,6A,Rochester,2021,0.15,0.15,0.271,98.740696,107.0349145,2.789178,8.833326726,115.8682412
15348,6872,6A,Rochester,2021,0.15,0.1,0.271,100.732966,109.1945351,2.447646,7.751694882,116.94623
15349,6873,6A,Rochester,2021,0.15,0.25,0.271,94.784617,102.7465248,3.405833,10.78627311,113.5327979
15350,6874,6A,Rochester,2021,0.15,0.2,0.271,97.014062,105.1632432,3.092762,9.794777254,114.9580205
15351,6875,6A,Rochester,2021,0.15,0.3,0.271,92.555172,100.3298064,3.728391,11.8078143,112.1376207
15352,6876,6A,Rochester,2021,0.15,0.35,0.271,90.496493,98.09819841,4.060436,12.85940081,110.9575992
15353,6877,6A,Rochester,2021,0.15,0.45,0.271,86.568875,93.8406605,4.828883,15.29307246,109.133733
15354,6878,6A,Rochester,2021,0.15,0.4,0.271,88.485249,95.91800992,4.430429,14.03116864,109.9491786
15355,6879,6A,Rochester,2021,0.15,0.55,0.271,83.267399,90.26186052,5.606817,17.75678944,108.01865
15356,6880,6A,Rochester,2021,0.15,0.5,0.271,84.880189,92.01012488,5.21785,16.52493095,108.5350558
15357,6881,6A,Rochester,2021,0.15,0.6,0.271,81.758966,88.62671914,6.014758,19.04873859,107.6754577
15358,6882,6A,Rochester,2021,0.15,0.65,0.271,80.335916,87.08413294,6.422699,20.34068773,107.4248207
15359,6883,6A,Rochester,2021,0.15,0.7,0.271,78.998249,85.63410192,6.840127,21.66268221,107.2967841
15360,6884,6A,Rochester,2021,0.15,0.75,0.271,77.745965,84.27662606,7.267042,23.01472201,107.2913481
15361,6885,6A,Rochester,2021,0.15,0.85,0.271,75.440624,81.77763642,8.130359,25.74884695,107.5264834
15362,6886,6A,Rochester,2021,0.15,0.8,0.271,76.56009,82.99113756,7.693957,24.36676182,107.3578994
15363,6887,6A,Rochester,2021,0.15,0.95,0.271,73.391432,79.55631229,9.01265,28.54306255,108.0993748
15364,6888,6A,Rochester,2021,0.15,0.9,0.271,74.387567,80.63612263,8.576248,27.16097742,107.7971
15365,6889,6A,Rochester,2021,0.1,0.01,0.271,100.723479,109.1842512,1.925861,6.099201787,115.283453
15366,6890,6A,Rochester,2021,0.1,0.15,0.271,95.002818,102.9830547,2.8461,9.0135987,111.9966534
15367,6891,6A,Rochester,2021,0.1,0.1,0.271,96.976114,105.1221076,2.504568,7.931966856,113.0540744
15368,6892,6A,Rochester,2021,0.1,0.25,0.271,90.724181,98.3450122,3.472242,10.99659041,109.3416026
15369,6893,6A,Rochester,2021,0.1,0.2,0.271,93.105418,100.9262731,3.159171,10.00509456,110.9313677
15370,6894,6A,Rochester,2021,0.1,0.3,0.271,88.532684,95.96942946,3.804287,12.04817693,108.0176064
15371,6895,6A,Rochester,2021,0.1,0.35,0.271,86.52144,93.78924096,4.145819,13.12980877,106.9190497
15372,6896,6A,Rochester,2021,0.1,0.45,0.271,82.707666,89.65510994,4.93324,15.62357108,105.278681
15373,6897,6A,Rochester,2021,0.1,0.4,0.271,84.567118,91.67075591,4.525299,14.33162193,106.0023778
15374,6898,6A,Rochester,2021,0.1,0.55,0.271,79.482086,86.15858122,5.720661,18.11733339,104.2759146
15375,6899,6A,Rochester,2021,0.1,0.5,0.271,81.037954,87.84514214,5.322207,16.85542957,104.7005717
15376,6900,6A,Rochester,2021,0.1,0.6,0.271,77.992627,84.54400767,6.128602,19.40928253,103.9532902
15377,6901,6A,Rochester,2021,0.1,0.65,0.271,76.607525,83.0425571,6.54603,20.73127701,103.7738341
15378,6902,6A,Rochester,2021,0.1,0.7,0.271,75.307806,81.6336617,6.982432,22.11336214,103.7470238
15379,6903,6A,Rochester,2021,0.1,0.75,0.271,74.083983,80.30703757,7.39986,23.43535662,103.7423942
15380,6904,6A,Rochester,2021,0.1,0.85,0.271,71.826077,77.85946747,8.272664,26.19952689,104.0589944
15381,6905,6A,Rochester,2021,0.1,0.8,0.271,72.926569,79.0524008,7.836262,24.81744175,103.8698426
15382,6906,6A,Rochester,2021,0.1,0.95,0.271,69.852781,75.7204146,9.173929,29.05383314,104.7742477
15383,6907,6A,Rochester,2021,0.1,0.9,0.271,70.810968,76.75908931,8.718553,27.61165735,104.3707467
15384,6908,6A,Rochester,2021,0.25,0.01,0.271,111.804295,121.1958558,1.80253,5.70861251,126.9044683
15385,6909,6A,Rochester,2021,0.25,0.15,0.271,105.903381,114.799265,2.684821,8.502828107,123.3020931
15386,6910,6A,Rochester,2021,0.25,0.1,0.271,107.933599,117.0000213,2.352776,7.451241592,124.4512629
15387,6911,6A,Rochester,2021,0.25,0.25,0.271,102.478574,111.0867742,3.282502,10.39568383,121.4824581
15388,6912,6A,Rochester,2021,0.25,0.2,0.271,104.157773,112.9070259,2.988405,9.464278635,122.3713046
15389,6913,6A,Rochester,2021,0.25,0.3,0.271,100.258616,108.6803397,3.595573,11.38717969,120.0675194
15390,6914,6A,Rochester,2021,0.25,0.35,0.271,98.124041,106.3664604,3.918131,12.40872088,118.7751813
15391,6915,6A,Rochester,2021,0.25,0.45,0.271,93.997196,101.8929605,4.64863,14.72221121,116.6151717
15392,6916,6A,Rochester,2021,0.25,0.4,0.271,96.017927,104.0834329,4.278637,13.55044338,117.6338762
15393,6917,6A,Rochester,2021,0.25,0.55,0.271,90.581876,98.19075358,5.417077,17.15588286,115.3466364
15394,6918,6A,Rochester,2021,0.25,0.5,0.271,92.232614,99.98015358,5.02811,15.92402437,115.9041779
15395,6919,6A,Rochester,2021,0.25,0.6,0.271,89.007034,96.48362486,5.815531,18.41778668,114.9014115
15396,6920,6A,Rochester,2021,0.25,0.65,0.271,87.517575,94.8690513,6.204498,19.64964517,114.5186965
15397,6921,6A,Rochester,2021,0.25,0.7,0.271,86.122986,93.35731682,6.612439,20.94159431,114.2989111
15398,6922,6A,Rochester,2021,0.25,0.75,0.271,84.804293,91.92785361,7.039354,22.29363412,114.2214877
15399,6923,6A,Rochester,2021,0.25,0.85,0.271,82.404082,89.32602489,7.883697,24.9676684,114.2936933
15400,6924,6A,Rochester,2021,0.25,0.8,0.271,83.570983,90.59094557,7.447295,23.58558327,114.1765288
15401,6925,6A,Rochester,2021,0.25,0.95,0.271,80.241046,86.98129386,8.737527,27.67174801,114.6530419
15402,6926,6A,Rochester,2021,0.25,0.9,0.271,81.294103,88.12280765,8.301125,26.28966288,114.4124705
15403,6927,6A,Rochester,2021,0.2,0.01,0.271,108.208722,117.2982546,1.840478,5.828793826,123.1270485
15404,6928,6A,Rochester,2021,0.2,0.15,0.271,102.374217,110.9736512,2.732256,8.653054752,119.626706
15405,6929,6A,Rochester,2021,0.2,0.1,0.271,104.375974,113.1435558,2.400211,7.601468237,120.7450241
15406,6930,6A,Rochester,2021,0.2,0.25,0.271,98.740696,107.0349145,3.329937,10.54591048,117.5808249
15407,6931,6A,Rochester,2021,0.2,0.2,0.271,100.638096,109.0916961,3.03584,9.61450528,118.7062013
15408,6932,6A,Rochester,2021,0.2,0.3,0.271,96.463816,104.5667765,3.661982,11.59749699,116.1642735
15409,6933,6A,Rochester,2021,0.2,0.35,0.271,94.357702,102.283749,3.975053,12.58899285,114.8727418
15410,6934,6A,Rochester,2021,0.2,0.45,0.271,90.335214,97.92337198,4.7435,15.0226645,112.9460365
15411,6935,6A,Rochester,2021,0.2,0.4,0.271,92.30851,100.0624248,4.354533,13.79080601,113.8532309
15412,6936,6A,Rochester,2021,0.2,0.55,0.271,86.967329,94.27258464,5.511947,17.45633615,111.7289208
15413,6937,6A,Rochester,2021,0.2,0.5,0.271,88.60858,96.05170072,5.12298,16.22447766,112.2761784
15414,6938,6A,Rochester,2021,0.2,0.6,0.271,85.430435,92.60659154,5.910401,18.71823997,111.3248315
15415,6939,6A,Rochester,2021,0.2,0.65,0.271,83.969437,91.02286971,6.308855,19.98014379,111.0030135
15416,6940,6A,Rochester,2021,0.2,0.7,0.271,82.612796,89.55227086,6.726283,21.30213826,110.8544091
15417,6941,6A,Rochester,2021,0.2,0.75,0.271,81.313077,88.14337547,7.143711,22.62413274,110.7675082
15418,6942,6A,Rochester,2021,0.2,0.85,0.271,78.969788,85.60325019,7.997541,25.32821235,110.9314625
15419,6943,6A,Rochester,2021,0.2,0.8,0.271,80.108228,86.83731915,7.570626,23.97617254,110.8134917
15420,6944,6A,Rochester,2021,0.2,0.95,0.271,76.854187,83.30993871,8.870345,28.09238262,111.4023213
15421,6945,6A,Rochester,2021,0.2,0.9,0.271,77.869296,84.41031686,8.433943,26.71029748,111.1206143
15422,6946,6A,Rochester,2021,0.3,0.01,0.271,115.295511,124.9803339,1.774069,5.618476523,130.5988104
15423,6947,6A,Rochester,2021,0.3,0.15,0.271,109.29024,118.4706202,2.65636,8.41269212,126.8833123
15424,6948,6A,Rochester,2021,0.3,0.1,0.271,111.348919,120.7022282,2.324315,7.361105605,128.0633338
15425,6949,6A,Rochester,2021,0.3,0.25,0.271,105.751589,114.6347225,3.263528,10.33559318,124.9703157
15426,6950,6A,Rochester,2021,0.3,0.2,0.271,107.48771,116.5166776,2.959944,9.374142648,125.8908203
15427,6951,6A,Rochester,2021,0.3,0.3,0.271,103.749832,112.4648179,3.576599,11.32708903,123.7919069
15428,6952,6A,Rochester,2021,0.3,0.35,0.271,101.539361,110.0686673,3.899157,12.34863022,122.4172975
15429,6953,6A,Rochester,2021,0.3,0.45,0.271,97.592769,105.7905616,4.591708,14.54193924,120.3325008
15430,6954,6A,Rochester,2021,0.3,0.4,0.271,99.499656,107.8576271,4.240689,13.43026206,121.2878892
15431,6955,6A,Rochester,2021,0.3,0.55,0.271,94.082579,101.9855156,5.331694,16.8854749,118.8709905
15432,6956,6A,Rochester,2021,0.3,0.5,0.271,95.799726,103.846903,4.952214,15.68366174,119.5305647
15433,6957,6A,Rochester,2021,0.3,0.6,0.271,92.488763,100.2578191,5.720661,18.11733339,118.3751525
15434,6958,6A,Rochester,2021,0.3,0.65,0.271,90.98033,98.62267772,6.119115,19.37923721,118.0019149
15435,6959,6A,Rochester,2021,0.3,0.7,0.271,89.55728,97.08009152,6.517569,20.64114102,117.7212325
15436,6960,6A,Rochester,2021,0.3,0.75,0.271,88.210126,95.61977658,6.92551,21.93309017,117.5528668
15437,6961,6A,Rochester,2021,0.3,0.85,0.271,85.743506,92.9459605,7.760366,24.57707912,117.5230396
15438,6962,6A,Rochester,2021,0.3,0.8,0.271,86.938868,94.24173291,7.342938,23.25508465,117.4968176
15439,6963,6A,Rochester,2021,0.3,0.95,0.271,83.561496,90.58066166,8.614196,27.28115873,117.8618204
15440,6964,6A,Rochester,2021,0.3,0.9,0.271,84.62404,91.73245936,8.187281,25.92911893,117.6615783
15441,6965,6A,Rochester,2021,0.35,0.01,0.271,118.691857,128.661973,1.745608,5.528340536,134.1903135
15442,6966,6A,Rochester,2021,0.35,0.15,0.271,112.629664,122.0905558,2.618412,8.292510804,130.3830666
15443,6967,6A,Rochester,2021,0.35,0.1,0.271,114.69783,124.3324477,2.286367,7.240924289,131.573372
15444,6968,6A,Rochester,2021,0.35,0.25,0.271,109.072039,118.2340903,3.216093,10.18536653,128.4194568
15445,6969,6A,Rochester,2021,0.35,0.2,0.271,110.817647,120.1263293,2.912509,9.223916003,129.3502454
15446,6970,6A,Rochester,2021,0.35,0.3,0.271,107.335918,116.3521351,3.519677,11.14681706,127.4989522
15447,6971,6A,Rochester,2021,0.35,0.35,0.271,105.087499,113.9148489,3.842235,12.16835825,126.0832072
15448,6972,6A,Rochester,2021,0.35,0.45,0.271,101.083985,109.5750397,4.525299,14.33162193,123.9066617
15449,6973,6A,Rochester,2021,0.35,0.4,0.271,103.009846,111.6626731,4.164793,13.18989943,124.8525725
15450,6974,6A,Rochester,2021,0.35,0.55,0.271,97.507386,105.6980064,5.255798,16.64511227,122.3431187
15451,6975,6A,Rochester,2021,0.35,0.5,0.271,99.262481,107.6005294,4.876318,15.44329911,123.0438285
15452,6976,6A,Rochester,2021,0.35,0.6,0.271,95.875622,103.9291742,5.635278,17.84692543,121.7760997
15453,6977,6A,Rochester,2021,0.35,0.65,0.271,94.348215,102.2734651,6.033732,19.10882924,121.3822943
15454,6978,6A,Rochester,2021,0.35,0.7,0.271,92.896704,100.7000271,6.432186,20.37073306,121.0707602
15455,6979,6A,Rochester,2021,0.35,0.75,0.271,91.521089,99.20886048,6.83064,21.63263688,120.8414974
15456,6980,6A,Rochester,2021,0.35,0.85,0.271,89.026008,96.50419267,7.656009,24.2465805,120.7507732
15457,6981,6A,Rochester,2021,0.35,0.8,0.271,90.240344,97.8205329,7.248068,22.95463136,120.7751643
15458,6982,6A,Rochester,2021,0.35,0.95,0.271,86.80605,94.0977582,8.490865,26.89056946,120.9883277
15459,6983,6A,Rochester,2021,0.35,0.9,0.271,87.878081,95.2598398,8.073437,25.56857498,120.8284148
15460,6984,6A,Rochester,2021,0.45,0.01,0.271,125.2284,135.7475856,1.698173,5.378113891,141.1256995
15461,6985,6A,Rochester,2021,0.45,0.15,0.271,119.042876,129.0424776,2.56149,8.11223883,137.1547164
15462,6986,6A,Rochester,2021,0.45,0.1,0.271,121.139503,131.3152213,2.229445,7.060652315,138.3758736
15463,6987,6A,Rochester,2021,0.45,0.25,0.271,115.437816,125.1345925,3.149684,9.975049228,135.1096418
15464,6988,6A,Rochester,2021,0.45,0.2,0.271,117.211885,127.0576833,2.8461,9.0135987,136.071282
15465,6989,6A,Rochester,2021,0.45,0.3,0.271,113.768104,123.3246247,3.443781,10.90645443,134.2310792
15466,6990,6A,Rochester,2021,0.45,0.35,0.271,111.899165,121.2986949,3.737878,11.83785963,133.1365545
15467,6991,6A,Rochester,2021,0.45,0.45,0.271,107.77232,116.8251949,4.401968,13.94103266,130.7662275
15468,6992,6A,Rochester,2021,0.45,0.4,0.271,109.774077,118.9950995,4.069923,12.88944614,131.8845456
15469,6993,6A,Rochester,2021,0.45,0.55,0.271,104.07239,112.8144708,5.113493,16.19443233,129.0089031
15470,6994,6A,Rochester,2021,0.45,0.5,0.271,105.912868,114.8095489,4.752987,15.05270983,129.8622587
15471,6995,6A,Rochester,2021,0.45,0.6,0.271,102.421652,111.0250708,5.492973,17.39624549,128.4213163
15472,6996,6A,Rochester,2021,0.45,0.65,0.271,100.827836,109.2973742,5.872453,18.59805865,127.8954329
15473,6997,6A,Rochester,2021,0.45,0.7,0.271,99.347864,107.6930846,6.270907,19.85996247,127.553047
15474,6998,6A,Rochester,2021,0.45,0.75,0.271,97.924814,106.1504984,6.659874,21.09182096,127.2423193
15475,6999,6A,Rochester,2021,0.45,0.85,0.271,95.334863,103.3429915,7.466269,23.64567392,126.9886654
15476,7000,6A,Rochester,2021,0.45,0.8,0.271,96.596634,104.7107513,7.058328,22.35372478,127.064476
15477,7001,6A,Rochester,2021,0.45,0.95,0.271,93.076957,100.8954214,8.263177,26.16948156,127.0649029
15478,7002,6A,Rochester,2021,0.45,0.9,0.271,94.139501,102.0472191,7.864723,24.90757774,126.9547968
15479,7003,6A,Rochester,2021,0.4,0.01,0.271,122.00282,132.2510569,1.717147,5.438204549,137.6892614
15480,7004,6A,Rochester,2021,0.4,0.15,0.271,115.883705,125.6179362,2.589951,8.202374817,133.820311
15481,7005,6A,Rochester,2021,0.4,0.1,0.271,117.961358,127.8701121,2.257906,7.150788302,135.0209004
15482,7006,6A,Rochester,2021,0.4,0.25,0.271,112.297619,121.730619,3.178145,10.06518522,131.7958042
15483,7007,6A,Rochester,2021,0.4,0.2,0.271,114.062201,123.6434259,2.884048,9.133780016,132.7772059
15484,7008,6A,Rochester,2021,0.4,0.3,0.271,110.627907,119.9206512,3.472242,10.99659041,130.9172416
15485,7009,6A,Rochester,2021,0.4,0.35,0.271,108.540767,117.6581914,3.7948,12.0181316,129.676323
15486,7010,6A,Rochester,2021,0.4,0.45,0.271,104.480331,113.2566788,4.45889,14.12130463,127.3779834
15487,7011,6A,Rochester,2021,0.4,0.4,0.271,106.434653,115.3751639,4.117358,13.03967279,128.4148366
15488,7012,6A,Rochester,2021,0.4,0.55,0.271,100.827836,109.2973742,5.179902,16.40474963,125.7021239
15489,7013,6A,Rochester,2021,0.4,0.5,0.271,102.630366,111.2513167,4.809909,15.2329818,126.4842985
15490,7014,6A,Rochester,2021,0.4,0.6,0.271,99.196072,107.528542,5.559382,17.60656279,125.1351048
15491,7015,6A,Rochester,2021,0.4,0.65,0.271,97.630717,105.8316972,5.957836,18.86846661,124.7001638
15492,7016,6A,Rochester,2021,0.4,0.7,0.271,96.160232,104.2376915,6.346803,20.1003251,124.3380166
15493,7017,6A,Rochester,2021,0.4,0.75,0.271,94.765643,102.725957,6.73577,21.33218359,124.0581406
15494,7018,6A,Rochester,2021,0.4,0.85,0.271,92.204153,99.94930185,7.551652,23.91608188,123.8653837
15495,7019,6A,Rochester,2021,0.4,0.8,0.271,93.44695,101.2964938,7.143711,22.62413274,123.9206265
15496,7020,6A,Rochester,2021,0.4,0.95,0.271,89.974708,97.53258347,8.377021,26.53002551,124.062609
15497,7021,6A,Rochester,2021,0.4,0.9,0.271,91.037252,98.68438117,7.96908,25.23807636,123.9224575
15498,7022,6A,Rochester,2021,0.55,0.01,0.271,131.404437,142.4424097,1.650738,5.227887246,147.670297
15499,7023,6A,Rochester,2021,0.55,0.15,0.271,125.095582,135.6036109,2.504568,7.931966856,143.5355777
15500,7024,6A,Rochester,2021,0.55,0.1,0.271,127.230157,137.9174902,2.191497,6.940470999,144.8579612
15501,7025,6A,Rochester,2021,0.55,0.25,0.271,121.481035,131.6854419,3.083275,9.764731925,141.4501739
15502,7026,6A,Rochester,2021,0.55,0.2,0.271,123.264591,133.6188166,2.798665,8.863372055,142.4821887
15503,7027,6A,Rochester,2021,0.55,0.3,0.271,119.792349,129.8549063,3.377372,10.69613712,140.5510434
15504,7028,6A,Rochester,2021,0.55,0.35,0.271,118.141611,128.0655063,3.671469,11.62754232,139.6930486
15505,7029,6A,Rochester,2021,0.55,0.45,0.271,114.119123,123.7051293,4.297611,13.61053404,137.3156634
15506,7030,6A,Rochester,2021,0.55,0.4,0.271,116.158828,125.9161696,3.975053,12.58899285,138.5051624
15507,7031,6A,Rochester,2021,0.55,0.55,0.271,110.324323,119.5915661,4.999649,15.83388838,135.4254545
15508,7032,6A,Rochester,2021,0.55,0.5,0.271,112.202749,121.6277799,4.629656,14.66212055,136.2899005
15509,7033,6A,Rochester,2021,0.55,0.6,0.271,108.616663,117.7404627,5.369642,17.00565621,134.7461189
15510,7034,6A,Rochester,2021,0.55,0.65,0.271,107.01336,116.0024822,5.749122,18.20746937,134.2099516
15511,7035,6A,Rochester,2021,0.55,0.7,0.271,105.466979,114.3262052,6.128602,19.40928253,133.7354878
15512,7036,6A,Rochester,2021,0.55,0.75,0.271,104.015468,112.7527673,6.517569,20.64114102,133.3939083
15513,7037,6A,Rochester,2021,0.55,0.85,0.271,101.330647,109.8424213,7.295503,23.104858,132.9472793
15514,7038,6A,Rochester,2021,0.55,0.8,0.271,102.639853,111.2616007,6.906536,21.87299951,133.1346002
15515,7039,6A,Rochester,2021,0.55,0.95,0.271,99.063254,107.3845673,8.073437,25.56857498,132.9531423
15516,7040,6A,Rochester,2021,0.55,0.9,0.271,100.116311,108.5260811,7.703444,24.39680715,132.9228883
15517,7041,6A,Rochester,2021,0.5,0.01,0.271,128.35911,139.1412752,1.669712,5.287977904,144.4292531
15518,7042,6A,Rochester,2021,0.5,0.15,0.271,122.116664,132.3744638,2.533029,8.022102843,140.3965666
15519,7043,6A,Rochester,2021,0.5,0.1,0.271,124.222778,134.6574914,2.210471,7.000561657,141.658053
15520,7044,6A,Rochester,2021,0.5,0.25,0.271,118.502117,128.4562948,3.111736,9.854867912,138.3111627
15521,7045,6A,Rochester,2021,0.5,0.2,0.271,120.276186,130.3793856,2.817639,8.923462713,139.3028483
15522,7046,6A,Rochester,2021,0.5,0.3,0.271,116.822918,126.6360431,3.405833,10.78627311,137.4223162
15523,7047,6A,Rochester,2021,0.5,0.35,0.271,115.17218,124.8466431,3.69993,11.71767831,136.5643214
15524,7048,6A,Rochester,2021,0.5,0.45,0.271,110.988413,120.3114397,4.345046,13.76076068,134.0722004
15525,7049,6A,Rochester,2021,0.5,0.4,0.271,113.009144,122.5019121,4.013001,12.70917417,135.2110863
15526,7050,6A,Rochester,2021,0.5,0.55,0.271,107.231561,116.2390121,5.056571,16.01416036,132.2531725
15527,7051,6A,Rochester,2021,0.5,0.5,0.271,109.109987,118.2752259,4.696065,14.87243786,133.1476638
15528,7052,6A,Rochester,2021,0.5,0.6,0.271,105.561849,114.4290443,5.436051,17.21597352,131.6450178
15529,7053,6A,Rochester,2021,0.5,0.65,0.271,103.958546,112.6910639,5.815531,18.41778668,131.1088505
15530,7054,6A,Rochester,2021,0.5,0.7,0.271,102.440626,111.0456386,6.195011,19.61959984,130.6652384
15531,7055,6A,Rochester,2021,0.5,0.75,0.271,101.008089,109.4927685,6.583978,20.85145833,130.3442268
15532,7056,6A,Rochester,2021,0.5,0.85,0.271,98.38019,106.644126,7.380886,23.37526596,130.0193919
15533,7057,6A,Rochester,2021,0.5,0.8,0.271,99.651448,108.0221696,6.972945,22.08331682,130.1054864
15534,7058,6A,Rochester,2021,0.5,0.95,0.271,96.093823,104.1657041,8.168307,25.86902827,130.0347324
15535,7059,6A,Rochester,2021,0.5,0.9,0.271,97.156367,105.3175018,7.77934,24.63716978,129.9546716
15536,7060,6A,Rochester,2021,0.6,0.01,0.271,134.373868,145.6612729,1.631764,5.167796588,150.8290695
15537,7061,6A,Rochester,2021,0.6,0.15,0.271,127.998604,138.7504867,2.476107,7.841830869,146.5923176
15538,7062,6A,Rochester,2021,0.6,0.1,0.271,130.152153,141.0849339,2.172523,6.880380341,147.9653142
15539,7063,6A,Rochester,2021,0.6,0.25,0.271,124.37457,134.8220339,3.054814,9.674595938,144.4966298
15540,7064,6A,Rochester,2021,0.6,0.2,0.271,126.158126,136.7554086,2.770204,8.773236068,145.5286447
15541,7065,6A,Rochester,2021,0.6,0.3,0.271,122.685884,132.9914983,3.339424,10.57595581,143.5674541
15542,7066,6A,Rochester,2021,0.6,0.35,0.271,121.025659,131.1918144,3.633521,11.50736101,142.6991754
15543,7067,6A,Rochester,2021,0.6,0.45,0.271,117.173937,127.0165477,4.259663,13.49035272,140.5069004
15544,7068,6A,Rochester,2021,0.6,0.4,0.271,119.232616,129.2481557,3.937105,12.46881154,141.7169673
15545,7069,6A,Rochester,2021,0.6,0.55,0.271,113.322215,122.8412811,4.952214,15.68366174,138.5249428
15546,7070,6A,Rochester,2021,0.6,0.5,0.271,115.238589,124.9186305,4.591708,14.54193924,139.4605697
15547,7071,6A,Rochester,2021,0.6,0.6,0.271,111.595581,120.9696098,5.31272,16.82538424,137.794994
15548,7072,6A,Rochester,2021,0.6,0.65,0.271,109.973304,119.2110615,5.6922,18.0271974,137.2382589
15549,7073,6A,Rochester,2021,0.6,0.7,0.271,108.417436,117.5245006,6.07168,19.22901056,136.7535112
15550,7074,6A,Rochester,2021,0.6,0.75,0.271,106.946951,115.9304949,6.45116,20.43082372,136.3613186
15551,7075,6A,Rochester,2021,0.6,0.85,0.271,104.233669,112.9892972,7.219607,22.86449537,135.8537926
15552,7076,6A,Rochester,2021,0.6,0.8,0.271,105.552362,114.4187604,6.840127,21.66268221,136.0814426
15553,7077,6A,Rochester,2021,0.6,0.95,0.271,101.947302,110.5108754,7.988054,25.29816702,135.8090424
15554,7078,6A,Rochester,2021,0.6,0.9,0.271,103.000359,111.6523892,7.627548,24.15644452,135.8088337
15555,7079,6A,Rochester,2021,0.65,0.01,0.271,137.248429,148.777297,1.61279,5.10770593,153.885003
15556,7080,6A,Rochester,2021,0.65,0.15,0.271,130.749834,141.7328201,2.476107,7.841830869,149.5746509
15557,7081,6A,Rochester,2021,0.65,0.1,0.271,132.931844,144.0981189,2.163036,6.850335012,150.9484539
15558,7082,6A,Rochester,2021,0.65,0.25,0.271,127.011956,137.6809603,3.073788,9.734686596,147.4156469
15559,7083,6A,Rochester,2021,0.65,0.2,0.271,128.852434,139.6760385,2.770204,8.773236068,148.4492745
15560,7084,6A,Rochester,2021,0.65,0.3,0.271,125.256861,135.7784373,3.367885,10.6660918,146.4445291
15561,7085,6A,Rochester,2021,0.65,0.35,0.271,123.577662,133.9581856,3.661982,11.59749699,145.5556826
15562,7086,6A,Rochester,2021,0.65,0.45,0.271,119.792349,129.8549063,4.288124,13.58048871,143.435395
15563,7087,6A,Rochester,2021,0.65,0.4,0.271,121.870002,132.1070822,3.965566,12.55894752,144.6660297
15564,7088,6A,Rochester,2021,0.65,0.55,0.271,115.978575,125.7207753,4.961701,15.71370707,141.4344824
15565,7089,6A,Rochester,2021,0.65,0.5,0.271,117.857001,127.7569891,4.620169,14.63207522,142.3890643
15566,7090,6A,Rochester,2021,0.65,0.6,0.271,114.270915,123.8696719,5.331694,16.8854749,140.7551468
15567,7091,6A,Rochester,2021,0.65,0.65,0.271,112.553768,122.0082845,5.720661,18.11733339,140.1256179
15568,7092,6A,Rochester,2021,0.65,0.7,0.271,111.026361,120.3525753,6.100141,19.31914655,139.6717219
15569,7093,6A,Rochester,2021,0.65,0.75,0.271,109.555876,118.7585696,6.470134,20.49091438,139.249484
15570,7094,6A,Rochester,2021,0.65,0.85,0.271,106.861568,115.8379397,7.248068,22.95463136,138.7925711
15571,7095,6A,Rochester,2021,0.65,0.8,0.271,108.161287,117.2468351,6.859101,21.72277287,138.969608
15572,7096,6A,Rochester,2021,0.65,0.95,0.271,104.508792,113.2875305,8.007028,25.35825768,138.6457882
15573,7097,6A,Rochester,2021,0.65,0.9,0.271,105.599797,114.4701799,7.637035,24.18648985,138.6566698
15574,7098,6A,Rochester,2021,0.7,0.01,0.271,140.056581,151.8213338,1.603303,5.077660601,156.8989944
15575,7099,6A,Rochester,2021,0.7,0.15,0.271,133.425168,144.6328821,2.476107,7.841830869,152.474713
15576,7100,6A,Rochester,2021,0.7,0.1,0.271,135.626152,147.0187488,2.153549,6.820289683,153.8390385
15577,7101,6A,Rochester,2021,0.7,0.25,0.271,129.554472,140.4370476,3.092762,9.794777254,150.2318249
15578,7102,6A,Rochester,2021,0.7,0.2,0.271,131.451872,142.4938292,2.779691,8.803281397,151.2971106
15579,7103,6A,Rochester,2021,0.7,0.3,0.271,127.751942,138.4831051,3.386859,10.72618245,149.2092876
15580,7104,6A,Rochester,2021,0.7,0.35,0.271,126.044282,136.6320017,3.690443,11.68763298,148.3196347
15581,7105,6A,Rochester,2021,0.7,0.45,0.271,122.315891,132.5904258,4.316585,13.6706247,146.2610505
15582,7106,6A,Rochester,2021,0.7,0.4,0.271,124.403031,134.8528856,3.994027,12.64908351,147.5019691
15583,7107,6A,Rochester,2021,0.7,0.55,0.271,118.540065,128.4974305,4.990162,15.80384305,144.3012735
15584,7108,6A,Rochester,2021,0.7,0.5,0.271,120.371056,130.4822247,4.658117,14.75225654,145.2344812
15585,7109,6A,Rochester,2021,0.7,0.6,0.271,116.832405,126.646327,5.350668,16.94556556,143.5918926
15586,7110,6A,Rochester,2021,0.7,0.65,0.271,115.048849,124.7129523,5.749122,18.20746937,142.9204217
15587,7111,6A,Rochester,2021,0.7,0.7,0.271,113.540416,123.0778109,6.128602,19.40928253,142.4870935
15588,7112,6A,Rochester,2021,0.7,0.75,0.271,112.079418,121.4940891,6.498595,20.58105037,142.0751395
15589,7113,6A,Rochester,2021,0.7,0.85,0.271,109.38511,118.5734592,7.267042,23.01472201,141.5881813
15590,7114,6A,Rochester,2021,0.7,0.8,0.271,110.694316,119.9926385,6.878075,21.78286353,141.7755021
15591,7115,6A,Rochester,2021,0.7,0.95,0.271,107.003873,115.9921983,8.035489,25.44839366,141.440592
15592,7116,6A,Rochester,2021,0.7,0.9,0.271,108.123339,117.2056995,7.656009,24.2465805,141.45228
15593,7117,6A,Rochester,2021,0.75,0.01,0.271,142.77935,154.7728154,1.584329,5.017569943,159.7903853
15594,7118,6A,Rochester,2021,0.75,0.15,0.271,136.015119,147.440389,2.476107,7.841830869,155.2822199
15595,7119,6A,Rochester,2021,0.75,0.1,0.271,138.244564,149.8571074,2.153549,6.820289683,156.6773971
15596,7120,6A,Rochester,2021,0.75,0.25,0.271,132.011605,143.1005798,3.111736,9.854867912,152.9554477
15597,7121,6A,Rochester,2021,0.75,0.2,0.271,133.965927,145.2190649,2.789178,8.833326726,154.0523916
15598,7122,6A,Rochester,2021,0.75,0.3,0.271,130.152153,141.0849339,3.424807,10.84636377,151.9312976
15599,7123,6A,Rochester,2021,0.75,0.35,0.271,128.416032,139.2029787,3.737878,11.83785963,151.0408383
15600,7124,6A,Rochester,2021,0.75,0.45,0.271,124.725589,135.2025385,4.36402,13.82085134,149.0233898
15601,7125,6A,Rochester,2021,0.75,0.4,0.271,126.755807,137.4032948,4.041462,12.79931015,150.2026049
15602,7126,6A,Rochester,2021,0.75,0.55,0.271,120.978224,131.1403948,5.037597,15.9540697,147.0944645
15603,7127,6A,Rochester,2021,0.75,0.5,0.271,122.780754,133.0943373,4.705552,14.90248318,147.9968205
15604,7128,6A,Rochester,2021,0.75,0.6,0.271,119.299025,129.3201431,5.388616,17.06574687,146.38589
15605,7129,6A,Rochester,2021,0.75,0.65,0.271,117.44906,127.314781,5.806044,18.38774135,145.7025224
15606,7130,6A,Rochester,2021,0.75,0.7,0.271,115.969088,125.7104914,6.16655,19.52946385,145.2399552
15607,7131,6A,Rochester,2021,0.75,0.75,0.271,114.527064,124.1473374,6.527056,20.67118635,144.8185237
15608,7132,6A,Rochester,2021,0.75,0.85,0.271,111.832756,121.2267075,7.295503,23.104858,144.3315655
15609,7133,6A,Rochester,2021,0.75,0.8,0.271,113.151449,122.6561707,6.906536,21.87299951,144.5291702
15610,7134,6A,Rochester,2021,0.75,0.95,0.271,109.451519,118.6454466,8.06395,25.53852965,144.1839762
15611,7135,6A,Rochester,2021,0.75,0.9,0.271,110.580472,119.8692316,7.674983,24.30667116,144.1759028
15612,7136,6A,Rochester,2021,0.85,0.01,0.271,148.082583,160.52152,1.565355,4.957479285,165.4789993
15613,7137,6A,Rochester,2021,0.85,0.15,0.271,141.251943,153.1171062,2.438159,7.721649553,160.8387558
15614,7138,6A,Rochester,2021,0.85,0.1,0.271,143.500362,155.5543924,2.125088,6.730153696,162.2845461
15615,7139,6A,Rochester,2021,0.85,0.25,0.271,137.163046,148.6847419,3.083275,9.764731925,158.4494738
15616,7140,6A,Rochester,2021,0.85,0.2,0.271,139.145829,150.8340786,2.75123,8.71314541,159.547224
15617,7141,6A,Rochester,2021,0.85,0.3,0.271,135.275133,146.6382442,3.396346,10.75622778,157.394472
15618,7142,6A,Rochester,2021,0.85,0.35,0.271,133.501064,144.7151534,3.709417,11.74772364,156.462877
15619,7143,6A,Rochester,2021,0.85,0.45,0.271,130.057283,140.9820948,4.326072,13.70067002,154.6827648
15620,7144,6A,Rochester,2021,0.85,0.4,0.271,131.821865,142.8949017,4.013001,12.70917417,155.6040758
15621,7145,6A,Rochester,2021,0.85,0.55,0.271,126.224535,136.8273959,4.990162,15.80384305,152.631239
15622,7146,6A,Rochester,2021,0.85,0.5,0.271,128.055526,138.8121902,4.658117,14.75225654,153.5644467
15623,7147,6A,Rochester,2021,0.85,0.6,0.271,124.507388,134.9660086,5.331694,16.8854749,151.8514835
15624,7148,6A,Rochester,2021,0.85,0.65,0.271,122.553066,132.8475235,5.758609,18.2375147,151.0850382
15625,7149,6A,Rochester,2021,0.85,0.7,0.271,121.035146,131.2020983,6.119115,19.37923721,150.5813355
15626,7150,6A,Rochester,2021,0.85,0.75,0.271,119.602609,129.6492282,6.489108,20.55100504,150.2002332
15627,7151,6A,Rochester,2021,0.85,0.85,0.271,116.870353,126.6874627,7.238581,22.92458603,149.6120487
15628,7152,6A,Rochester,2021,0.85,0.8,0.271,118.198533,128.1272098,6.868588,21.7528182,149.880028
15629,7153,6A,Rochester,2021,0.85,0.95,0.271,114.441681,124.0547822,8.016515,25.38830301,149.4430852
15630,7154,6A,Rochester,2021,0.85,0.9,0.271,115.627556,125.3402707,7.627548,24.15644452,149.4967152
15631,7155,6A,Rochester,2021,0.8,0.01,0.271,145.473658,157.6934453,1.574842,4.987524614,162.6809699
15632,7156,6A,Rochester,2021,0.8,0.15,0.271,138.728401,150.3815867,2.447646,7.751694882,158.1332816
15633,7157,6A,Rochester,2021,0.8,0.1,0.271,140.948359,152.7880212,2.125088,6.730153696,159.5181749
15634,7158,6A,Rochester,2021,0.8,0.25,0.271,134.658478,145.9697902,3.092762,9.794777254,155.7645674
15635,7159,6A,Rochester,2021,0.8,0.2,0.271,136.631774,148.108843,2.770204,8.773236068,156.8820791
15636,7160,6A,Rochester,2021,0.8,0.3,0.271,132.770565,143.9232925,3.41532,10.81631844,154.7396109
15637,7161,6A,Rochester,2021,0.8,0.35,0.271,131.005983,142.0104856,3.728391,11.8078143,153.8182999
15638,7162,6A,Rochester,2021,0.8,0.45,0.271,127.438871,138.1437362,4.345046,13.76076068,151.9044968
15639,7163,6A,Rochester,2021,0.8,0.4,0.271,129.336271,140.2005178,4.031975,12.76926483,152.9697826
15640,7164,6A,Rochester,2021,0.8,0.55,0.271,123.625097,134.0096051,5.02811,15.92402437,149.9336295
15641,7165,6A,Rochester,2021,0.8,0.5,0.271,125.456088,135.9943994,4.677091,14.8123472,150.8067466
15642,7166,6A,Rochester,2021,0.8,0.6,0.271,121.917437,132.1585017,5.369642,17.00565621,149.1641579
15643,7167,6A,Rochester,2021,0.8,0.65,0.271,119.972602,130.0503006,5.796557,18.35769602,148.4079966
15644,7168,6A,Rochester,2021,0.8,0.7,0.271,118.473656,128.4254431,6.157063,19.49941852,147.9248616
15645,7169,6A,Rochester,2021,0.8,0.75,0.271,117.031632,126.8622891,6.536543,20.70123168,147.5635208
15646,7170,6A,Rochester,2021,0.8,0.85,0.271,114.31835,123.9210914,7.30499,23.13490333,147.0559947
15647,7171,6A,Rochester,2021,0.8,0.8,0.271,115.637043,125.3505546,6.916023,21.90304484,147.2535995
15648,7172,6A,Rochester,2021,0.8,0.95,0.271,111.899165,121.2986949,8.073437,25.56857498,146.8672698
15649,7173,6A,Rochester,2021,0.8,0.9,0.271,113.066066,122.5636155,7.68447,24.33671649,146.900332
15650,7174,6A,Rochester,2021,0.95,0.01,0.271,153.101206,165.9617073,1.546381,4.897388627,170.8590959
15651,7175,6A,Rochester,2021,0.95,0.15,0.271,146.118774,158.392751,2.419185,7.661558895,166.0543099
15652,7176,6A,Rochester,2021,0.95,0.1,0.271,148.395654,160.8608889,2.106114,6.670063038,167.530952
15653,7177,6A,Rochester,2021,0.95,0.25,0.271,141.972955,153.8986832,3.064301,9.704641267,163.6033245
15654,7178,6A,Rochester,2021,0.95,0.2,0.271,143.984199,156.0788717,2.75123,8.71314541,164.7920171
15655,7179,6A,Rochester,2021,0.95,0.3,0.271,140.066068,151.8316177,3.386859,10.72618245,162.5578002
15656,7180,6A,Rochester,2021,0.95,0.35,0.271,138.291999,149.9085269,3.69993,11.71767831,161.6262052
15657,7181,6A,Rochester,2021,0.95,0.45,0.271,134.990523,146.3297269,4.278637,13.55044338,159.8801703
15658,7182,6A,Rochester,2021,0.95,0.4,0.271,136.603313,148.0779913,4.003514,12.67912884,160.7571201
15659,7183,6A,Rochester,2021,0.95,0.55,0.271,131.195723,142.2161637,4.942727,15.65361641,157.8697801
15660,7184,6A,Rochester,2021,0.95,0.5,0.271,133.064662,144.2420936,4.620169,14.63207522,158.8741688
15661,7185,6A,Rochester,2021,0.95,0.6,0.271,129.478576,140.3547764,5.274772,16.70520292,157.0599793
15662,7186,6A,Rochester,2021,0.95,0.65,0.271,127.495793,138.2054396,5.701687,18.05724273,156.2626823
15663,7187,6A,Rochester,2021,0.95,0.7,0.271,125.98736,136.5702982,6.043219,19.13887457,155.7091728
15664,7188,6A,Rochester,2021,0.95,0.75,0.271,124.545336,135.0071442,6.403725,20.28059708,155.2877413
15665,7189,6A,Rochester,2021,0.95,0.85,0.271,121.803593,132.0350948,7.143711,22.62413274,154.6592275
15666,7190,6A,Rochester,2021,0.95,0.8,0.271,123.131773,133.4748419,6.773718,21.45236491,154.9272068
15667,7191,6A,Rochester,2021,0.95,0.95,0.271,119.34646,129.3715626,7.883697,24.9676684,154.339231
15668,7192,6A,Rochester,2021,0.95,0.9,0.271,120.541822,130.667335,7.523191,23.8259459,154.4932809
15669,7193,6A,Rochester,2021,0.9,0.01,0.271,150.625099,163.2776073,1.555868,4.927433956,168.2050413
15670,7194,6A,Rochester,2021,0.9,0.15,0.271,143.718563,155.7909223,2.428672,7.691604224,163.4825265
15671,7195,6A,Rochester,2021,0.9,0.1,0.271,145.985956,158.2487763,2.115601,6.700108367,164.9488847
15672,7196,6A,Rochester,2021,0.9,0.25,0.271,139.601205,151.3277062,3.073788,9.734686596,161.0623928
15673,7197,6A,Rochester,2021,0.9,0.2,0.271,141.602962,153.4976108,2.741743,8.683100081,162.1807109
15674,7198,6A,Rochester,2021,0.9,0.3,0.271,137.694318,149.2606407,3.386859,10.72618245,159.9868232
15675,7199,6A,Rochester,2021,0.9,0.35,0.271,135.920249,147.3375499,3.709417,11.74772364,159.0852736
15676,7200,6A,Rochester,2021,0.9,0.45,0.271,132.599799,143.7381821,4.307098,13.64057937,157.3787615
15677,7201,6A,Rochester,2021,0.9,0.4,0.271,134.24105,145.5172982,4.003514,12.67912884,158.196427
15678,7202,6A,Rochester,2021,0.9,0.55,0.271,128.73859,139.5526316,4.971188,15.7437524,155.296384
15679,7203,6A,Rochester,2021,0.9,0.5,0.271,130.598042,141.5682775,4.639143,14.69216588,156.2604434
15680,7204,6A,Rochester,2021,0.9,0.6,0.271,127.03093,137.7015281,5.303233,16.79533891,154.496867
15681,7205,6A,Rochester,2021,0.9,0.65,0.271,125.067121,135.5727592,5.739635,18.17742405,153.7501832
15682,7206,6A,Rochester,2021,0.9,0.7,0.271,123.549201,133.9273339,6.081167,19.25905589,153.1863898
15683,7207,6A,Rochester,2021,0.9,0.75,0.271,122.09769,132.353896,6.441673,20.40077839,152.7546744
15684,7208,6A,Rochester,2021,0.9,0.85,0.271,119.365434,129.3921305,7.191146,22.77435938,152.1664898
15685,7209,6A,Rochester,2021,0.9,0.8,0.271,120.693614,130.8318776,6.821153,21.60259155,152.4344691
15686,7210,6A,Rochester,2021,0.9,0.95,0.271,116.917788,126.7388822,7.950106,25.1779857,151.9168679
15687,7211,6A,Rochester,2021,0.9,0.9,0.271,118.103663,128.0243707,7.570626,23.97617254,152.0005432
17208,8732,6B,Great.Falls,2021,0.01,0.01,0.271,76.190097,82.59006515,1.498946,4.747161982,87.33722713
17209,8733,6B,Great.Falls,2021,0.01,0.15,0.271,67.727693,73.41681921,2.400211,7.601468237,81.01828745
17210,8734,6B,Great.Falls,2021,0.01,0.1,0.271,70.668663,76.60483069,2.049192,6.489791064,83.09462176
17211,8735,6B,Great.Falls,2021,0.01,0.25,0.271,63.126498,68.42912383,3.092762,9.794777254,78.22390109
17212,8736,6B,Great.Falls,2021,0.01,0.2,0.271,65.317995,70.80470658,2.741743,8.683100081,79.48780666
17213,8737,6B,Great.Falls,2021,0.01,0.3,0.271,61.124741,66.25921924,3.472242,10.99659041,77.25580966
17214,8738,6B,Great.Falls,2021,0.01,0.35,0.271,59.322211,64.30527672,3.870696,12.25849423,76.56377096
17215,8739,6B,Great.Falls,2021,0.01,0.45,0.271,55.982787,60.68534111,4.771961,15.11280049,75.79814159
17216,8740,6B,Great.Falls,2021,0.01,0.4,0.271,57.605064,62.44388938,4.307098,13.64057937,76.08446874
17217,8741,6B,Great.Falls,2021,0.01,0.55,0.271,53.326427,57.80584687,5.711174,18.08728806,75.89313493
17218,8742,6B,Great.Falls,2021,0.01,0.5,0.271,54.588198,59.17360663,5.227337,16.55497628,75.72858291
17219,8743,6B,Great.Falls,2021,0.01,0.6,0.271,52.150039,56.53064228,6.195011,19.61959984,76.15024211
17220,8744,6B,Great.Falls,2021,0.01,0.65,0.271,51.078008,55.36856067,6.688335,21.18195695,76.55051762
17221,8745,6B,Great.Falls,2021,0.01,0.7,0.271,50.119821,54.32988596,7.191146,22.77435938,77.10424535
17222,8746,6B,Great.Falls,2021,0.01,0.75,0.271,49.209069,53.3426308,7.703444,24.39680715,77.73943794
17223,8747,6B,Great.Falls,2021,0.01,0.85,0.271,47.577305,51.57379862,8.737527,27.67174801,79.24554663
17224,8748,6B,Great.Falls,2021,0.01,0.8,0.271,48.355239,52.41707908,8.215742,26.01925491,78.43633399
17225,8749,6B,Great.Falls,2021,0.01,0.95,0.271,46.268099,50.15461932,9.809558,31.06687019,81.2214895
17226,8750,6B,Great.Falls,2021,0.01,0.9,0.271,46.86578,50.80250552,9.268799,29.35428643,80.15679195
17227,8751,6B,Great.Falls,2021,0.05,0.01,0.271,79.263885,85.92205134,1.460998,4.626980666,90.54903201
17228,8752,6B,Great.Falls,2021,0.05,0.15,0.271,71.05763,77.02647092,2.343289,7.421196263,84.44766718
17229,8753,6B,Great.Falls,2021,0.05,0.1,0.271,74.065009,80.28646976,2.001757,6.339564419,86.62603417
17230,8754,6B,Great.Falls,2021,0.05,0.25,0.271,66.342591,71.91536864,3.026353,9.584459951,81.4998286
17231,8755,6B,Great.Falls,2021,0.05,0.2,0.271,68.581523,74.34237093,2.675334,8.472782778,82.81515371
17232,8756,6B,Great.Falls,2021,0.05,0.3,0.271,64.302886,69.70432842,3.396346,10.75622778,80.46055621
17233,8757,6B,Great.Falls,2021,0.05,0.35,0.271,62.42446,67.66811464,3.785313,11.98808627,79.65620091
17234,8758,6B,Great.Falls,2021,0.05,0.45,0.271,58.999653,63.95562385,4.667604,14.78230187,78.73792572
17235,8759,6B,Great.Falls,2021,0.05,0.4,0.271,60.659878,65.75530775,4.212228,13.34012608,79.09543383
17236,8760,6B,Great.Falls,2021,0.05,0.55,0.271,56.238936,60.96300662,5.587843,17.69669878,78.65970541
17237,8761,6B,Great.Falls,2021,0.05,0.5,0.271,57.538655,62.37190202,5.12298,16.22447766,78.59637968
17238,8762,6B,Great.Falls,2021,0.05,0.6,0.271,55.0246,59.6466664,6.07168,19.22901056,78.87567696
17239,8763,6B,Great.Falls,2021,0.05,0.65,0.271,53.914621,58.44344916,6.555517,20.76132234,79.2047715
17240,8764,6B,Great.Falls,2021,0.05,0.7,0.271,52.890025,57.3327871,7.048841,22.32367945,79.65646655
17241,8765,6B,Great.Falls,2021,0.05,0.75,0.271,51.960299,56.32496412,7.561139,23.94612721,80.27109133
17242,8766,6B,Great.Falls,2021,0.05,0.85,0.271,50.290587,54.51499631,8.585735,27.19102275,81.70601905
17243,8767,6B,Great.Falls,2021,0.05,0.8,0.271,51.087495,55.37884458,8.06395,25.53852965,80.91737423
17244,8768,6B,Great.Falls,2021,0.05,0.95,0.271,48.85805,52.9621262,9.638792,30.52605426,83.48818046
17245,8769,6B,Great.Falls,2021,0.05,0.9,0.271,49.531627,53.69228367,9.10752,28.84351584,82.53579951
17246,8770,6B,Great.Falls,2021,0.15,0.01,0.271,86.635284,93.91264786,1.394589,4.416663363,98.32931122
17247,8771,6B,Great.Falls,2021,0.15,0.15,0.271,78.969788,85.60325019,2.219958,7.030606986,92.63385718
17248,8772,6B,Great.Falls,2021,0.15,0.1,0.271,82.072037,88.96608811,1.8974,6.0090658,94.97515391
17249,8773,6B,Great.Falls,2021,0.15,0.25,0.271,74.017574,80.23505022,2.865074,9.073689358,89.30873957
17250,8774,6B,Great.Falls,2021,0.15,0.2,0.271,76.379837,82.79574331,2.533029,8.022102843,90.81784615
17251,8775,6B,Great.Falls,2021,0.15,0.3,0.271,71.854538,77.89031919,3.216093,10.18536653,88.07568572
17252,8776,6B,Great.Falls,2021,0.15,0.35,0.271,69.881242,75.75126633,3.586086,11.35713436,87.10840069
17253,8777,6B,Great.Falls,2021,0.15,0.45,0.271,66.181312,71.74054221,4.449403,14.0912593,85.83180151
17254,8778,6B,Great.Falls,2021,0.15,0.4,0.271,67.983842,73.69448473,4.003514,12.67912884,86.37361357
17255,8779,6B,Great.Falls,2021,0.15,0.55,0.271,63.211881,68.521679,5.322207,16.85542957,85.37710857
17256,8780,6B,Great.Falls,2021,0.15,0.5,0.271,64.634931,70.0642652,4.885805,15.47334444,85.53760964
17257,8781,6B,Great.Falls,2021,0.15,0.6,0.271,61.921649,67.12306752,5.78707,18.32765069,85.45071821
17258,8782,6B,Great.Falls,2021,0.15,0.65,0.271,60.726287,65.82729511,6.270907,19.85996247,85.68725758
17259,8783,6B,Great.Falls,2021,0.15,0.7,0.271,59.625795,64.63436178,6.745257,21.36222892,85.9965907
17260,8784,6B,Great.Falls,2021,0.15,0.75,0.271,58.591712,63.51341581,7.229094,22.8945407,86.40795651
17261,8785,6B,Great.Falls,2021,0.15,0.85,0.271,56.779695,61.54918938,8.234716,26.07934557,87.62853495
17262,8786,6B,Great.Falls,2021,0.15,0.8,0.271,57.671473,62.51587673,7.731905,24.48694314,87.00281987
17263,8787,6B,Great.Falls,2021,0.15,0.95,0.271,55.21434,59.85234456,9.259312,29.3242411,89.17658566
17264,8788,6B,Great.Falls,2021,0.15,0.9,0.271,55.992274,60.69562502,8.747014,27.70179334,88.39741835
17265,8789,6B,Great.Falls,2021,0.1,0.01,0.271,83.001763,89.97391109,1.432537,4.536844679,94.51075577
17266,8790,6B,Great.Falls,2021,0.1,0.15,0.271,75.070631,81.376564,2.27688,7.21087896,88.58744296
17267,8791,6B,Great.Falls,2021,0.1,0.1,0.271,78.163393,84.72911801,1.944835,6.159292445,90.88841046
17268,8792,6B,Great.Falls,2021,0.1,0.25,0.271,70.251235,76.15233874,2.94097,9.31405199,85.46639073
17269,8793,6B,Great.Falls,2021,0.1,0.2,0.271,72.556576,78.65132838,2.599438,8.232420146,86.88374853
17270,8794,6B,Great.Falls,2021,0.1,0.3,0.271,68.135634,73.85902726,3.301476,10.45577449,84.31480175
17271,8795,6B,Great.Falls,2021,0.1,0.35,0.271,66.209773,71.77139393,3.680956,11.65758765,83.42898158
17272,8796,6B,Great.Falls,2021,0.1,0.45,0.271,62.642661,67.90464452,4.55376,14.42175792,82.32640244
17273,8797,6B,Great.Falls,2021,0.1,0.4,0.271,64.369295,69.77631578,4.098384,12.97958213,82.75589791
17274,8798,6B,Great.Falls,2021,0.1,0.55,0.271,59.777587,64.79890431,5.455025,17.27606418,82.07496848
17275,8799,6B,Great.Falls,2021,0.1,0.5,0.271,61.134228,66.26950315,4.990162,15.80384305,82.07334621
17276,8800,6B,Great.Falls,2021,0.1,0.6,0.271,58.525303,63.44142845,5.919888,18.7482853,82.18971375
17277,8801,6B,Great.Falls,2021,0.1,0.65,0.271,57.367889,62.18679168,6.403725,20.28059708,82.46738875
17278,8802,6B,Great.Falls,2021,0.1,0.7,0.271,56.295858,61.02471007,6.887562,21.81290885,82.83761893
17279,8803,6B,Great.Falls,2021,0.1,0.75,0.271,55.337671,59.98603536,7.390373,23.40531129,83.39134666
17280,8804,6B,Great.Falls,2021,0.1,0.85,0.271,53.592063,58.09379629,8.405482,26.62016149,84.71395779
17281,8805,6B,Great.Falls,2021,0.1,0.8,0.271,54.407945,58.97821238,7.893184,24.99771373,83.97592611
17282,8806,6B,Great.Falls,2021,0.1,0.95,0.271,52.074143,56.44837101,9.439565,29.89510236,86.34347337
17283,8807,6B,Great.Falls,2021,0.1,0.9,0.271,52.795155,57.22994802,8.91778,28.24260926,85.47255728
17284,8808,6B,Great.Falls,2021,0.25,0.01,0.271,93.560794,101.4199007,1.347154,4.266436718,105.6863374
17285,8809,6B,Great.Falls,2021,0.25,0.15,0.271,86.379135,93.63498234,2.125088,6.730153696,100.365136
17286,8810,6B,Great.Falls,2021,0.25,0.1,0.271,88.89319,96.36021796,1.830991,5.798748497,102.1589665
17287,8811,6B,Great.Falls,2021,0.25,0.25,0.271,81.218207,88.04053639,2.741743,8.683100081,96.72363647
17288,8812,6B,Great.Falls,2021,0.25,0.2,0.271,83.67534,90.70406856,2.419185,7.661558895,98.36562746
17289,8813,6B,Great.Falls,2021,0.25,0.3,0.271,78.960301,85.59296628,3.083275,9.764731925,95.35769821
17290,8814,6B,Great.Falls,2021,0.25,0.35,0.271,76.882648,83.34079043,3.424807,10.84636377,94.1871542
17291,8815,6B,Great.Falls,2021,0.25,0.45,0.271,72.974004,79.10382034,4.259663,13.49035272,92.59417306
17292,8816,6B,Great.Falls,2021,0.25,0.4,0.271,74.871404,81.16060194,3.832748,12.13831292,93.29891485
17293,8817,6B,Great.Falls,2021,0.25,0.55,0.271,69.82432,75.68956288,5.113493,16.19443233,91.88399521
17294,8818,6B,Great.Falls,2021,0.25,0.5,0.271,71.323266,77.31442034,4.677091,14.8123472,92.12676754
17295,8819,6B,Great.Falls,2021,0.25,0.6,0.271,68.429731,74.1778284,5.559382,17.60656279,91.7843912
17296,8820,6B,Great.Falls,2021,0.25,0.65,0.271,67.16796,72.81006864,6.024245,19.07878392,91.88885256
17297,8821,6B,Great.Falls,2021,0.25,0.7,0.271,66.001059,71.54514796,6.489108,20.55100504,92.09615299
17298,8822,6B,Great.Falls,2021,0.25,0.75,0.271,64.900567,70.35221463,6.963458,22.05327149,92.40548611
17299,8823,6B,Great.Falls,2021,0.25,0.85,0.271,62.974706,68.2645813,7.940619,25.14794037,93.41252168
17300,8824,6B,Great.Falls,2021,0.25,0.8,0.271,63.904432,69.27240429,7.447295,23.58558327,92.85798755
17301,8825,6B,Great.Falls,2021,0.25,0.95,0.271,61.276533,66.42376177,8.936754,28.30269992,94.72646169
17302,8826,6B,Great.Falls,2021,0.25,0.9,0.271,62.063954,67.27732614,8.433943,26.71029748,93.98762362
17303,8827,6B,Great.Falls,2021,0.2,0.01,0.271,90.145474,97.71769382,1.366128,4.326527376,102.0442212
17304,8828,6B,Great.Falls,2021,0.2,0.15,0.271,82.736127,89.68596167,2.172523,6.880380341,96.56634201
17305,8829,6B,Great.Falls,2021,0.2,0.1,0.271,85.544279,92.72999844,1.859452,5.888884484,98.61888292
17306,8830,6B,Great.Falls,2021,0.2,0.25,0.271,77.679556,84.2046387,2.798665,8.863372055,93.06801076
17307,8831,6B,Great.Falls,2021,0.2,0.2,0.271,80.089254,86.81675134,2.476107,7.841830869,94.65858221
17308,8832,6B,Great.Falls,2021,0.2,0.3,0.271,75.469085,81.80848814,3.140197,9.945003899,91.75349204
17309,8833,6B,Great.Falls,2021,0.2,0.35,0.271,73.42938,79.59744792,3.500703,11.0867264,90.68417432
17310,8834,6B,Great.Falls,2021,0.2,0.45,0.271,69.63458,75.48388472,4.354533,13.79080601,89.27469073
17311,8835,6B,Great.Falls,2021,0.2,0.4,0.271,71.475058,77.47896287,3.918131,12.40872088,89.88768375
17312,8836,6B,Great.Falls,2021,0.2,0.55,0.271,66.560792,72.15189853,5.208363,16.49488562,88.64678415
17313,8837,6B,Great.Falls,2021,0.2,0.5,0.271,68.040764,73.75618818,4.771961,15.11280049,88.86898866
17314,8838,6B,Great.Falls,2021,0.2,0.6,0.271,65.223125,70.7018675,5.663739,17.93706141,88.63892891
17315,8839,6B,Great.Falls,2021,0.2,0.65,0.271,63.989815,69.36495946,6.138089,19.43932786,88.80428732
17316,8840,6B,Great.Falls,2021,0.2,0.7,0.271,62.851375,68.1308905,6.612439,20.94159431,89.07248481
17317,8841,6B,Great.Falls,2021,0.2,0.75,0.271,61.788831,66.9790928,7.086789,22.44386076,89.42295357
17318,8842,6B,Great.Falls,2021,0.2,0.85,0.271,59.910405,64.94287902,8.073437,25.56857498,90.511454
17319,8843,6B,Great.Falls,2021,0.2,0.8,0.271,60.821157,65.93013419,7.580113,24.00621787,89.93635206
17320,8844,6B,Great.Falls,2021,0.2,0.95,0.271,58.288128,63.18433075,9.098033,28.81347051,91.99780126
17321,8845,6B,Great.Falls,2021,0.2,0.9,0.271,59.066062,64.02761121,8.585735,27.19102275,91.21863395
17322,8846,6B,Great.Falls,2021,0.3,0.01,0.271,96.86227,104.9987007,1.32818,4.20634606,109.2050467
17323,8847,6B,Great.Falls,2021,0.3,0.15,0.271,89.690098,97.22406623,2.106114,6.670063038,103.8941293
17324,8848,6B,Great.Falls,2021,0.3,0.1,0.271,92.109283,99.84646277,1.80253,5.70861251,105.5550753
17325,8849,6B,Great.Falls,2021,0.3,0.25,0.271,84.462761,91.55763292,2.722769,8.623009423,100.1806423
17326,8850,6B,Great.Falls,2021,0.3,0.2,0.271,87.033738,94.34457199,2.409698,7.631513566,101.9760856
17327,8851,6B,Great.Falls,2021,0.3,0.3,0.271,82.15742,89.05864328,3.064301,9.704641267,98.76328455
17328,8852,6B,Great.Falls,2021,0.3,0.35,0.271,80.003871,86.72419616,3.424807,10.84636377,97.57055993
17329,8853,6B,Great.Falls,2021,0.3,0.45,0.271,76.228045,82.63120078,4.193254,13.28003542,95.9112362
17330,8854,6B,Great.Falls,2021,0.3,0.4,0.271,78.040062,84.59542721,3.7948,12.0181316,96.61355881
17331,8855,6B,Great.Falls,2021,0.3,0.55,0.271,73.002465,79.13467206,5.018623,15.89397904,95.0286511
17332,8856,6B,Great.Falls,2021,0.3,0.5,0.271,74.558333,80.82123297,4.601195,14.57198457,95.39321754
17333,8857,6B,Great.Falls,2021,0.3,0.6,0.271,71.569928,77.58180195,5.455025,17.27606418,94.85786613
17334,8858,6B,Great.Falls,2021,0.3,0.65,0.271,70.260722,76.16262265,5.910401,18.71823997,94.88086262
17335,8859,6B,Great.Falls,2021,0.3,0.7,0.271,69.046386,74.84628242,6.375264,20.19046109,95.03674351
17336,8860,6B,Great.Falls,2021,0.3,0.75,0.271,67.92692,73.63278128,6.840127,21.66268221,95.29546349
17337,8861,6B,Great.Falls,2021,0.3,0.85,0.271,65.925163,71.46287669,7.807801,24.72730577,96.19018246
17338,8862,6B,Great.Falls,2021,0.3,0.8,0.271,66.892837,72.51183531,7.323964,23.19499399,95.7068293
17339,8863,6B,Great.Falls,2021,0.3,0.95,0.271,64.179555,69.57063762,8.784962,27.82197465,97.39261227
17340,8864,6B,Great.Falls,2021,0.3,0.9,0.271,65.023898,70.48590543,8.301125,26.28966288,96.77556831
17341,8865,6B,Great.Falls,2021,0.35,0.01,0.271,100.068876,108.4746616,1.309206,4.146255402,112.620917
17342,8866,6B,Great.Falls,2021,0.35,0.15,0.271,92.811321,100.607472,2.077653,6.579927051,107.187399
17343,8867,6B,Great.Falls,2021,0.35,0.1,0.271,95.24948,103.2504363,1.783556,5.648521852,108.8989582
17344,8868,6B,Great.Falls,2021,0.35,0.25,0.271,87.792698,95.16728463,2.684821,8.502828107,103.6701127
17345,8869,6B,Great.Falls,2021,0.35,0.2,0.271,90.401623,97.99535933,2.37175,7.51133225,105.5066916
17346,8870,6B,Great.Falls,2021,0.35,0.3,0.271,85.439922,92.61687545,3.016866,9.554414622,102.1712901
17347,8871,6B,Great.Falls,2021,0.35,0.35,0.271,83.248425,90.2412927,3.358398,10.63604647,100.8773392
17348,8872,6B,Great.Falls,2021,0.35,0.45,0.271,79.387216,86.05574214,4.117358,13.03967279,99.09541493
17349,8873,6B,Great.Falls,2021,0.35,0.4,0.271,81.227694,88.0508203,3.728391,11.8078143,99.85863459
17350,8874,6B,Great.Falls,2021,0.35,0.55,0.271,76.076253,82.46665825,4.942727,15.65361641,98.12027466
17351,8875,6B,Great.Falls,2021,0.35,0.5,0.271,77.689043,84.21492261,4.515812,14.3015766,98.51649922
17352,8876,6B,Great.Falls,2021,0.35,0.6,0.271,74.605768,80.87265251,5.360155,16.97561089,97.8482634
17353,8877,6B,Great.Falls,2021,0.35,0.65,0.271,73.258614,79.41233758,5.815531,18.41778668,97.83012425
17354,8878,6B,Great.Falls,2021,0.35,0.7,0.271,72.034791,78.08571344,6.270907,19.85996247,97.94567591
17355,8879,6B,Great.Falls,2021,0.35,0.75,0.271,70.877377,76.83107667,6.73577,21.33218359,98.16326026
17356,8880,6B,Great.Falls,2021,0.35,0.85,0.271,68.809211,74.58918472,7.68447,24.33671649,98.92590121
17357,8881,6B,Great.Falls,2021,0.35,0.8,0.271,69.795859,75.65871116,7.200633,22.80440471,98.46311587
17358,8882,6B,Great.Falls,2021,0.35,0.95,0.271,67.025655,72.65581002,8.652144,27.40134005,100.0571501
17359,8883,6B,Great.Falls,2021,0.35,0.9,0.271,67.888972,73.59164565,8.177794,25.8990736,99.49071925
17360,8884,6B,Great.Falls,2021,0.45,0.01,0.271,106.197478,115.1180662,1.271258,4.026074086,119.1441402
17361,8885,6B,Great.Falls,2021,0.45,0.15,0.271,98.778644,107.0760501,2.039705,6.459745735,113.5357958
17362,8886,6B,Great.Falls,2021,0.45,0.1,0.271,101.273725,109.7807179,1.745608,5.528340536,115.3090584
17363,8887,6B,Great.Falls,2021,0.45,0.25,0.271,94.120527,102.0266513,2.608925,8.262465475,110.2891167
17364,8888,6B,Great.Falls,2021,0.45,0.2,0.271,96.663043,104.7827386,2.305341,7.301014947,112.0837536
17365,8889,6B,Great.Falls,2021,0.45,0.3,0.271,91.691855,99.39397082,2.931483,9.284006661,108.6779775
17366,8890,6B,Great.Falls,2021,0.45,0.35,0.271,89.433949,96.94640072,3.263528,10.33559318,107.2819939
17367,8891,6B,Great.Falls,2021,0.45,0.45,0.271,85.430435,92.60659154,3.994027,12.64908351,105.255675
17368,8892,6B,Great.Falls,2021,0.45,0.4,0.271,87.356296,94.69422486,3.624034,11.47731568,106.1715405
17369,8893,6B,Great.Falls,2021,0.45,0.55,0.271,81.977167,88.86324903,4.790935,15.17289115,104.0361402
17370,8894,6B,Great.Falls,2021,0.45,0.5,0.271,83.665853,90.69378465,4.382994,13.880942,104.5747267
17371,8895,6B,Great.Falls,2021,0.45,0.6,0.271,80.44976,87.20753984,5.208363,16.49488562,103.7024255
17372,8896,6B,Great.Falls,2021,0.45,0.65,0.271,79.02671,85.66495364,5.635278,17.84692543,103.5118791
17373,8897,6B,Great.Falls,2021,0.45,0.7,0.271,77.736478,84.26634215,6.081167,19.25905589,103.525398
17374,8898,6B,Great.Falls,2021,0.45,0.75,0.271,76.541116,82.97056974,6.536543,20.70123168,103.6718014
17375,8899,6B,Great.Falls,2021,0.45,0.85,0.271,74.368593,80.61555481,7.475756,23.67571925,104.2912741
17376,8900,6B,Great.Falls,2021,0.45,0.8,0.271,75.402676,81.73650078,7.001406,22.1734528,103.9099536
17377,8901,6B,Great.Falls,2021,0.45,0.95,0.271,72.537602,78.63076057,8.405482,26.62016149,105.2509221
17378,8902,6B,Great.Falls,2021,0.45,0.9,0.271,73.391432,79.55631229,7.950106,25.1779857,104.734298
17379,8903,6B,Great.Falls,2021,0.4,0.01,0.271,103.180612,111.8477834,1.290232,4.086164744,115.9339482
17380,8904,6B,Great.Falls,2021,0.4,0.15,0.271,95.837674,103.8880386,2.058679,6.519836393,110.407875
17381,8905,6B,Great.Falls,2021,0.4,0.1,0.271,98.313781,106.5721386,1.764582,5.588431194,112.1605698
17382,8906,6B,Great.Falls,2021,0.4,0.25,0.271,90.999304,98.64324554,2.637386,8.352601462,106.995847
17383,8907,6B,Great.Falls,2021,0.4,0.2,0.271,93.655664,101.5227398,2.333802,7.391150934,108.9138907
17384,8908,6B,Great.Falls,2021,0.4,0.3,0.271,88.60858,96.05170072,2.969431,9.404187977,105.4558887
17385,8909,6B,Great.Falls,2021,0.4,0.35,0.271,86.398109,93.65555016,3.310963,10.48581982,104.14137
17386,8910,6B,Great.Falls,2021,0.4,0.45,0.271,82.451517,89.37744443,4.050949,12.82935548,102.2067999
17387,8911,6B,Great.Falls,2021,0.4,0.4,0.271,84.329943,91.41365821,3.671469,11.62754232,103.0412005
17388,8912,6B,Great.Falls,2021,0.4,0.55,0.271,79.064658,85.70608927,4.857344,15.38320845,101.0892977
17389,8913,6B,Great.Falls,2021,0.4,0.5,0.271,80.724883,87.50577317,4.449403,14.0912593,101.5970325
17390,8914,6B,Great.Falls,2021,0.4,0.6,0.271,77.565712,84.08123181,5.284259,16.73524825,100.8164801
17391,8915,6B,Great.Falls,2021,0.4,0.65,0.271,76.18061,82.57978124,5.720661,18.11733339,100.6971146
17392,8916,6B,Great.Falls,2021,0.4,0.7,0.271,74.918839,81.21202148,6.16655,19.52946385,100.7414853
17393,8917,6B,Great.Falls,2021,0.4,0.75,0.271,73.742451,79.93681688,6.631413,21.00168497,100.9385019
17394,8918,6B,Great.Falls,2021,0.4,0.85,0.271,71.62685,77.6435054,7.570626,23.97617254,101.6196779
17395,8919,6B,Great.Falls,2021,0.4,0.8,0.271,72.641959,78.74388356,7.105763,22.50395142,101.247835
17396,8920,6B,Great.Falls,2021,0.4,0.95,0.271,69.805346,75.66899506,8.519326,26.98070544,102.6497005
17397,8921,6B,Great.Falls,2021,0.4,0.9,0.271,70.668663,76.60483069,8.054463,25.50848432,102.113315
17398,8922,6B,Great.Falls,2021,0.55,0.01,0.271,111.975061,121.3809661,1.252284,3.965983428,125.3469496
17399,8923,6B,Great.Falls,2021,0.55,0.15,0.271,104.385461,113.1538397,2.001757,6.339564419,119.4934041
17400,8924,6B,Great.Falls,2021,0.55,0.1,0.271,106.927977,115.9099271,1.717147,5.438204549,121.3481316
17401,8925,6B,Great.Falls,2021,0.55,0.25,0.271,100.059389,108.4643777,2.552003,8.082193501,116.5465712
17402,8926,6B,Great.Falls,2021,0.55,0.2,0.271,102.250886,110.8399604,2.267393,7.180833631,118.0207941
17403,8927,6B,Great.Falls,2021,0.55,0.3,0.271,97.583282,105.7802777,2.855587,9.043644029,114.8239217
17404,8928,6B,Great.Falls,2021,0.55,0.35,0.271,95.258967,103.2607202,3.187632,10.09523054,113.3559508
17405,8929,6B,Great.Falls,2021,0.55,0.45,0.271,91.141609,98.79750416,3.88967,12.31858489,111.116089
17406,8930,6B,Great.Falls,2021,0.55,0.4,0.271,93.124392,100.9468409,3.529164,11.17686239,112.1237033
17407,8931,6B,Great.Falls,2021,0.55,0.55,0.271,87.546036,94.89990302,4.667604,14.78230187,109.6822049
17408,8932,6B,Great.Falls,2021,0.55,0.5,0.271,89.310618,96.81270991,4.26915,13.52039805,110.333108
17409,8933,6B,Great.Falls,2021,0.55,0.6,0.271,85.980681,93.2030582,5.075545,16.07425102,109.2773092
17410,8934,6B,Great.Falls,2021,0.55,0.65,0.271,84.510196,91.60905246,5.492973,17.39624549,109.005298
17411,8935,6B,Great.Falls,2021,0.55,0.7,0.271,83.144068,90.12816971,5.929375,18.77833063,108.9065003
17412,8936,6B,Great.Falls,2021,0.55,0.75,0.271,81.882297,88.76040995,6.365777,20.16041576,108.9208257
17413,8937,6B,Great.Falls,2021,0.55,0.85,0.271,79.633878,86.32312375,7.286016,23.07481267,109.3979364
17414,8938,6B,Great.Falls,2021,0.55,0.8,0.271,80.73437,87.51605708,6.83064,21.63263688,109.148694
17415,8939,6B,Great.Falls,2021,0.55,0.95,0.271,77.755452,84.28690997,8.187281,25.92911893,110.2160289
17416,8940,6B,Great.Falls,2021,0.55,0.9,0.271,78.599795,85.20217778,7.741392,24.51698846,109.7191662
17417,8941,6B,Great.Falls,2021,0.5,0.01,0.271,109.138448,118.3060776,1.261771,3.996028757,122.3021064
17418,8942,6B,Great.Falls,2021,0.5,0.15,0.271,101.624744,110.1612225,2.020731,6.399655077,116.5608776
17419,8943,6B,Great.Falls,2021,0.5,0.1,0.271,104.138799,112.8864581,1.726634,5.468249878,118.354708
17420,8944,6B,Great.Falls,2021,0.5,0.25,0.271,97.127906,105.2866501,2.580464,8.172329488,113.4589796
17421,8945,6B,Great.Falls,2021,0.5,0.2,0.271,99.499656,107.8576271,2.286367,7.240924289,115.0985514
17422,8946,6B,Great.Falls,2021,0.5,0.3,0.271,94.68026,102.6334018,2.893535,9.163825345,111.7972272
17423,8947,6B,Great.Falls,2021,0.5,0.35,0.271,92.384406,100.1446961,3.22558,10.21541186,110.360108
17424,8948,6B,Great.Falls,2021,0.5,0.45,0.271,88.32397,95.74318348,3.937105,12.46881154,108.211995
17425,8949,6B,Great.Falls,2021,0.5,0.4,0.271,90.278292,97.86166853,3.567112,11.2970437,109.1587122
17426,8950,6B,Great.Falls,2021,0.5,0.55,0.271,84.794806,91.9175697,4.724526,14.96257384,106.8801435
17427,8951,6B,Great.Falls,2021,0.5,0.5,0.271,86.530927,93.79952487,4.326072,13.70067002,107.5001949
17428,8952,6B,Great.Falls,2021,0.5,0.6,0.271,83.257912,90.25157661,5.141954,16.28456832,106.5361449
17429,8953,6B,Great.Falls,2021,0.5,0.65,0.271,81.806401,88.67813868,5.559382,17.60656279,106.2847015
17430,8954,6B,Great.Falls,2021,0.5,0.7,0.271,80.478221,87.23839156,5.995784,18.98864793,106.2270395
17431,8955,6B,Great.Falls,2021,0.5,0.75,0.271,79.244911,85.90148352,6.45116,20.43082372,106.3323072
17432,8956,6B,Great.Falls,2021,0.5,0.85,0.271,77.024953,83.49504905,7.371399,23.34522063,106.8402697
17433,8957,6B,Great.Falls,2021,0.5,0.8,0.271,78.096984,84.65713066,6.906536,21.87299951,106.5301302
17434,8958,6B,Great.Falls,2021,0.5,0.95,0.271,75.174988,81.48968699,8.282151,26.22957222,107.7192592
17435,8959,6B,Great.Falls,2021,0.5,0.9,0.271,76.028818,82.41523871,7.836262,24.81744175,107.2326805
17436,8960,6B,Great.Falls,2021,0.6,0.01,0.271,114.735778,124.3735834,1.242797,3.935938099,128.3095215
17437,8961,6B,Great.Falls,2021,0.6,0.15,0.271,107.060795,116.0539018,1.99227,6.30951909,122.3634209
17438,8962,6B,Great.Falls,2021,0.6,0.1,0.271,109.622285,118.8305569,1.698173,5.378113891,124.2086708
17439,8963,6B,Great.Falls,2021,0.6,0.25,0.271,102.867541,111.5084144,2.533029,8.022102843,119.5305173
17440,8964,6B,Great.Falls,2021,0.6,0.2,0.271,104.916733,113.7297386,2.257906,7.150788302,120.8805269
17441,8965,6B,Great.Falls,2021,0.6,0.3,0.271,100.362973,108.7934627,2.827126,8.953508042,117.7469708
17442,8966,6B,Great.Falls,2021,0.6,0.35,0.271,98.038658,106.2739053,3.159171,10.00509456,116.2789998
17443,8967,6B,Great.Falls,2021,0.6,0.45,0.271,93.854891,101.7387018,3.842235,12.16835825,113.9070601
17444,8968,6B,Great.Falls,2021,0.6,0.4,0.271,95.875622,103.9291742,3.491216,11.05668107,114.9858553
17445,8969,6B,Great.Falls,2021,0.6,0.55,0.271,90.22137,97.79996508,4.620169,14.63207522,112.4320403
17446,8970,6B,Great.Falls,2021,0.6,0.5,0.271,92.004926,99.73333978,4.221715,13.37017141,113.1035112
17447,8971,6B,Great.Falls,2021,0.6,0.6,0.271,88.60858,96.05170072,5.018623,15.89397904,111.9456798
17448,8972,6B,Great.Falls,2021,0.6,0.65,0.271,87.119121,94.43712716,5.426564,17.18592819,111.6230554
17449,8973,6B,Great.Falls,2021,0.6,0.7,0.271,85.743506,92.9459605,5.862966,18.56801332,111.5139738
17450,8974,6B,Great.Falls,2021,0.6,0.75,0.271,84.453274,91.54734902,6.299368,19.95009846,111.4974475
17451,8975,6B,Great.Falls,2021,0.6,0.85,0.271,82.15742,89.05864328,7.200633,22.80440471,111.863048
17452,8976,6B,Great.Falls,2021,0.6,0.8,0.271,83.276886,90.27214442,6.745257,21.36222892,111.6343733
17453,8977,6B,Great.Falls,2021,0.6,0.95,0.271,80.26002,87.00186168,8.082924,25.59862031,112.600482
17454,8978,6B,Great.Falls,2021,0.6,0.9,0.271,81.11385,87.9274134,7.656009,24.2465805,112.1739939
17455,8979,6B,Great.Falls,2021,0.65,0.01,0.271,117.401625,127.2633615,1.23331,3.90589277,131.1692543
17456,8980,6B,Great.Falls,2021,0.65,0.15,0.271,109.57485,118.7791374,1.99227,6.30951909,125.0886565
17457,8981,6B,Great.Falls,2021,0.65,0.1,0.271,112.174288,121.5969282,1.70766,5.40815922,127.0050874
17458,8982,6B,Great.Falls,2021,0.65,0.25,0.271,105.239291,114.0793914,2.552003,8.082193501,122.1615849
17459,8983,6B,Great.Falls,2021,0.65,0.2,0.271,107.345405,116.362419,2.267393,7.180833631,123.5432527
17460,8984,6B,Great.Falls,2021,0.65,0.3,0.271,102.753697,111.3850075,2.855587,9.043644029,120.4286516
17461,8985,6B,Great.Falls,2021,0.65,0.35,0.271,100.381947,108.8140305,3.178145,10.06518522,118.8792158
17462,8986,6B,Great.Falls,2021,0.65,0.45,0.271,96.169719,104.2479754,3.870696,12.25849423,116.5064696
17463,8987,6B,Great.Falls,2021,0.65,0.4,0.271,98.19045,106.4384478,3.519677,11.14681706,117.5852649
17464,8988,6B,Great.Falls,2021,0.65,0.55,0.271,92.564659,100.3400904,4.64863,14.72221121,115.0623016
17465,8989,6B,Great.Falls,2021,0.65,0.5,0.271,94.319754,102.2426133,4.259663,13.49035272,115.7329661
17466,8990,6B,Great.Falls,2021,0.65,0.6,0.271,90.961356,98.6021099,5.02811,15.92402437,114.5261343
17467,8991,6B,Great.Falls,2021,0.65,0.65,0.271,89.405488,96.91554899,5.464512,17.3061095,114.2216585
17468,8992,6B,Great.Falls,2021,0.65,0.7,0.271,88.029873,95.42438233,5.88194,18.62810398,114.0524863
17469,8993,6B,Great.Falls,2021,0.65,0.75,0.271,86.749128,94.03605475,6.318342,20.01018911,114.0462439
17470,8994,6B,Great.Falls,2021,0.65,0.85,0.271,84.443787,91.53706511,7.219607,22.86449537,114.4015605
17471,8995,6B,Great.Falls,2021,0.65,0.8,0.271,85.553766,92.74028234,6.764231,21.42231958,114.1626019
17472,8996,6B,Great.Falls,2021,0.65,0.95,0.271,82.498952,89.42886397,8.111385,25.6887563,115.1176203
17473,8997,6B,Great.Falls,2021,0.65,0.9,0.271,83.400217,90.40583523,7.674983,24.30667116,114.7125064
17474,8998,6B,Great.Falls,2021,0.7,0.01,0.271,119.991576,130.0708684,1.23331,3.90589277,133.9767612
17475,8999,6B,Great.Falls,2021,0.7,0.15,0.271,112.003522,121.4118178,1.99227,6.30951909,127.7213369
17476,9000,6B,Great.Falls,2021,0.7,0.1,0.271,114.631421,124.2604604,1.70766,5.40815922,129.6686196
17477,9001,6B,Great.Falls,2021,0.7,0.25,0.271,107.516171,116.5475294,2.570977,8.142284159,124.6898135
17478,9002,6B,Great.Falls,2021,0.7,0.2,0.271,109.698181,118.9128282,2.27688,7.21087896,126.1237072
17479,9003,6B,Great.Falls,2021,0.7,0.3,0.271,105.030577,113.8531455,2.884048,9.133780016,122.9869255
17480,9004,6B,Great.Falls,2021,0.7,0.35,0.271,102.611392,111.2307489,3.216093,10.18536653,121.4161155
17481,9005,6B,Great.Falls,2021,0.7,0.45,0.271,98.38019,106.644126,3.918131,12.40872088,119.0528468
17482,9006,6B,Great.Falls,2021,0.7,0.4,0.271,100.391434,108.8243145,3.557625,11.26699838,120.0913128
17483,9007,6B,Great.Falls,2021,0.7,0.55,0.271,94.794104,102.7568087,4.677091,14.8123472,117.5691559
17484,9008,6B,Great.Falls,2021,0.7,0.5,0.271,96.530225,104.6387639,4.297611,13.61053404,118.2492979
17485,9009,6B,Great.Falls,2021,0.7,0.6,0.271,93.219262,101.04968,5.066058,16.04420569,117.0938857
17486,9010,6B,Great.Falls,2021,0.7,0.65,0.271,91.578011,99.27056392,5.50246,17.42629082,116.6968547
17487,9011,6B,Great.Falls,2021,0.7,0.7,0.271,90.240344,97.8205329,5.919888,18.7482853,116.5688182
17488,9012,6B,Great.Falls,2021,0.7,0.75,0.271,88.959599,96.43220532,6.346803,20.1003251,116.5325304
17489,9013,6B,Great.Falls,2021,0.7,0.85,0.271,86.654258,93.93321567,7.238581,22.92458603,116.8578017
17490,9014,6B,Great.Falls,2021,0.7,0.8,0.271,87.773724,95.14671682,6.792692,21.51245556,116.6591724
17491,9015,6B,Great.Falls,2021,0.7,0.95,0.271,84.680962,91.79416281,8.139846,25.77889228,117.5730551
17492,9016,6B,Great.Falls,2021,0.7,0.9,0.271,85.601201,92.79170188,7.693957,24.36676182,117.1584637
17493,9017,6B,Great.Falls,2021,0.75,0.01,0.271,122.496144,132.7858201,1.223823,3.875847441,136.6616675
17494,9018,6B,Great.Falls,2021,0.75,0.15,0.271,114.346811,123.9519431,2.001757,6.339564419,130.2915075
17495,9019,6B,Great.Falls,2021,0.75,0.1,0.271,117.003171,126.8314374,1.70766,5.40815922,132.2395966
17496,9020,6B,Great.Falls,2021,0.75,0.25,0.271,109.688694,118.9025443,2.599438,8.232420146,127.1349644
17497,9021,6B,Great.Falls,2021,0.75,0.2,0.271,111.9466,121.3501144,2.295854,7.270969618,128.621084
17498,9022,6B,Great.Falls,2021,0.75,0.3,0.271,107.184126,116.1875926,2.921996,9.253961332,125.4415539
17499,9023,6B,Great.Falls,2021,0.75,0.35,0.271,104.717506,113.5137765,3.263528,10.33559318,123.8493697
17500,9024,6B,Great.Falls,2021,0.75,0.45,0.271,100.476817,108.9168696,3.975053,12.58899285,121.5058625
17501,9025,6B,Great.Falls,2021,0.75,0.4,0.271,102.497548,111.107342,3.614547,11.44727035,122.5546124
17502,9026,6B,Great.Falls,2021,0.75,0.55,0.271,96.919192,105.0604041,4.724526,14.96257384,120.022978
17503,9027,6B,Great.Falls,2021,0.75,0.5,0.271,98.617365,106.9012237,4.345046,13.76076068,120.6619843
17504,9028,6B,Great.Falls,2021,0.75,0.6,0.271,95.363324,103.3738432,5.104006,16.164387,119.5382302
17505,9029,6B,Great.Falls,2021,0.75,0.65,0.271,93.684125,101.5535915,5.559382,17.60656279,119.1601543
17506,9030,6B,Great.Falls,2021,0.75,0.7,0.271,92.346458,100.1035605,5.957836,18.86846661,118.9720271
17507,9031,6B,Great.Falls,2021,0.75,0.75,0.271,91.084687,98.73580071,6.384751,20.22050642,118.9563071
17508,9032,6B,Great.Falls,2021,0.75,0.85,0.271,88.788833,96.24709497,7.267042,23.01472201,119.261817
17509,9033,6B,Great.Falls,2021,0.75,0.8,0.271,89.898812,97.45031221,6.821153,21.60259155,119.0529038
17510,9034,6B,Great.Falls,2021,0.75,0.95,0.271,86.80605,94.0977582,8.168307,25.86902827,119.9667865
17511,9035,6B,Great.Falls,2021,0.75,0.9,0.271,87.745263,95.11586509,7.722418,24.45689781,119.5727629
17512,9036,6B,Great.Falls,2021,0.85,0.01,0.271,127.372462,138.0717488,1.214336,3.845802112,141.9175509
17513,9037,6B,Great.Falls,2021,0.85,0.15,0.271,119.147233,129.1556006,1.982783,6.279473761,135.4350743
17514,9038,6B,Great.Falls,2021,0.85,0.1,0.271,121.81308,132.0453787,1.688686,5.348068562,137.3934473
17515,9039,6B,Great.Falls,2021,0.85,0.25,0.271,114.365785,123.9725109,2.589951,8.202374817,132.1748858
17516,9040,6B,Great.Falls,2021,0.85,0.2,0.271,116.671126,126.4715006,2.27688,7.21087896,133.6823795
17517,9041,6B,Great.Falls,2021,0.85,0.3,0.271,112.022496,121.4323857,2.903022,9.193870674,130.6262563
17518,9042,6B,Great.Falls,2021,0.85,0.35,0.271,109.508441,118.70715,3.244554,10.27550252,128.9826526
17519,9043,6B,Great.Falls,2021,0.85,0.45,0.271,105.163395,113.9971202,3.937105,12.46881154,126.4659317
17520,9044,6B,Great.Falls,2021,0.85,0.4,0.271,107.231561,116.2390121,3.586086,11.35713436,127.5961465
17521,9045,6B,Great.Falls,2021,0.85,0.55,0.271,101.520387,110.0480995,4.686578,14.84239253,124.890492
17522,9046,6B,Great.Falls,2021,0.85,0.5,0.271,103.256508,111.9300547,4.307098,13.64057937,125.570634
17523,9047,6B,Great.Falls,2021,0.85,0.6,0.271,99.926571,108.320403,5.056571,16.01416036,124.3345633
17524,9048,6B,Great.Falls,2021,0.85,0.65,0.271,98.124041,106.3664604,5.521434,17.48638148,123.8528419
17525,9049,6B,Great.Falls,2021,0.85,0.7,0.271,96.7674,104.8958616,5.919888,18.7482853,123.6441469
17526,9050,6B,Great.Falls,2021,0.85,0.75,0.271,95.486655,103.507534,6.337316,20.07027977,123.5778138
17527,9051,6B,Great.Falls,2021,0.85,0.85,0.271,93.16234,100.9879766,7.21012,22.83445004,123.8224266
17528,9052,6B,Great.Falls,2021,0.85,0.8,0.271,94.272319,102.1911938,6.764231,21.42231958,123.6135134
17529,9053,6B,Great.Falls,2021,0.85,0.95,0.271,91.103661,98.75636852,8.101898,25.65871097,124.4150795
17530,9054,6B,Great.Falls,2021,0.85,0.9,0.271,92.090309,99.82589496,7.656009,24.2465805,124.0724755
17531,9055,6B,Great.Falls,2021,0.8,0.01,0.271,124.991225,135.4904879,1.214336,3.845802112,139.33629
17532,9056,6B,Great.Falls,2021,0.8,0.15,0.271,116.841892,126.6566109,1.982783,6.279473761,132.9360847
17533,9057,6B,Great.Falls,2021,0.8,0.1,0.271,119.488765,129.5258213,1.688686,5.348068562,134.8738898
17534,9058,6B,Great.Falls,2021,0.8,0.25,0.271,112.107879,121.5249408,2.589951,8.202374817,129.7273157
17535,9059,6B,Great.Falls,2021,0.8,0.2,0.271,114.394246,124.0033627,2.27688,7.21087896,131.2142416
17536,9060,6B,Great.Falls,2021,0.8,0.3,0.271,109.679207,118.8922604,2.912509,9.223916003,128.1161764
17537,9061,6B,Great.Falls,2021,0.8,0.35,0.271,107.165152,116.1670248,3.254041,10.30554785,126.4725726
17538,9062,6B,Great.Falls,2021,0.8,0.45,0.271,102.858054,111.4981305,3.965566,12.55894752,124.0570781
17539,9063,6B,Great.Falls,2021,0.8,0.4,0.271,104.907246,113.7194547,3.595573,11.38717969,125.1066344
17540,9064,6B,Great.Falls,2021,0.8,0.55,0.271,99.243507,107.5799616,4.715039,14.93252851,122.5124901
17541,9065,6B,Great.Falls,2021,0.8,0.5,0.271,100.970141,109.4516328,4.335559,13.73071535,123.1823482
17542,9066,6B,Great.Falls,2021,0.8,0.6,0.271,97.659178,105.862549,5.085032,16.10429634,121.9668453
17543,9067,6B,Great.Falls,2021,0.8,0.65,0.271,95.885109,103.9394582,5.568869,17.63660812,121.5760663
17544,9068,6B,Great.Falls,2021,0.8,0.7,0.271,94.537955,102.4791432,5.967323,18.89851194,121.3776552
17545,9069,6B,Great.Falls,2021,0.8,0.75,0.271,93.25721,101.0908156,6.384751,20.22050642,121.3113221
17546,9070,6B,Great.Falls,2021,0.8,0.85,0.271,90.942382,98.58154209,7.276529,23.04476734,121.6263094
17547,9071,6B,Great.Falls,2021,0.8,0.8,0.271,92.052361,99.78475932,6.83064,21.63263688,121.4173962
17548,9072,6B,Great.Falls,2021,0.8,0.95,0.271,88.931138,96.40135359,8.187281,25.92911893,122.3304725
17549,9073,6B,Great.Falls,2021,0.8,0.9,0.271,89.889325,97.4400283,7.722418,24.45689781,121.8969261
17550,9074,6B,Great.Falls,2021,0.95,0.01,0.271,131.954683,143.0388764,1.204849,3.815756783,146.8546332
17551,9075,6B,Great.Falls,2021,0.95,0.15,0.271,123.530227,133.9067661,1.973296,6.249428432,140.1561945
17552,9076,6B,Great.Falls,2021,0.95,0.1,0.271,126.243509,136.8479638,1.688686,5.348068562,142.1960323
17553,9077,6B,Great.Falls,2021,0.95,0.25,0.271,118.691857,128.661973,2.589951,8.202374817,136.8643478
17554,9078,6B,Great.Falls,2021,0.95,0.2,0.271,121.016172,131.1815304,2.27688,7.21087896,138.3924094
17555,9079,6B,Great.Falls,2021,0.95,0.3,0.271,116.50036,126.2863902,2.893535,9.163825345,135.4502156
17556,9080,6B,Great.Falls,2021,0.95,0.35,0.271,113.948357,123.520019,3.22558,10.21541186,133.7354308
17557,9081,6B,Great.Falls,2021,0.95,0.45,0.271,109.546389,118.7482857,3.908644,12.37867555,131.1269612
17558,9082,6B,Great.Falls,2021,0.95,0.4,0.271,111.633529,121.0107454,3.567112,11.2970437,132.3077891
17559,9083,6B,Great.Falls,2021,0.95,0.55,0.271,105.87492,114.7684133,4.639143,14.69216588,129.4605792
17560,9084,6B,Great.Falls,2021,0.95,0.5,0.271,107.620528,116.6606524,4.26915,13.52039805,130.1810504
17561,9085,6B,Great.Falls,2021,0.95,0.6,0.271,104.271617,113.0304328,5.009136,15.86393371,128.8943665
17562,9086,6B,Great.Falls,2021,0.95,0.65,0.271,102.431139,111.0353547,5.464512,17.3061095,128.3414642
17563,9087,6B,Great.Falls,2021,0.95,0.7,0.271,101.055524,109.544188,5.843992,18.50792266,128.0521107
17564,9088,6B,Great.Falls,2021,0.95,0.75,0.271,99.774779,108.1558604,6.251933,19.79987181,127.9557322
17565,9089,6B,Great.Falls,2021,0.95,0.85,0.271,97.384055,105.5643156,7.096276,22.47390609,128.0382217
17566,9090,6B,Great.Falls,2021,0.95,0.8,0.271,98.531982,106.8086685,6.669361,21.12186629,127.9305348
17567,9091,6B,Great.Falls,2021,0.95,0.95,0.271,95.315889,103.3224237,7.96908,25.23807636,128.5605
17568,9092,6B,Great.Falls,2021,0.95,0.9,0.271,96.330998,104.4228018,7.532678,23.85599123,128.2787931
17569,9093,6B,Great.Falls,2021,0.9,0.01,0.271,129.696777,140.5913063,1.204849,3.815756783,144.4070631
17570,9094,6B,Great.Falls,2021,0.9,0.15,0.271,121.367191,131.562035,1.973296,6.249428432,137.8114635
17571,9095,6B,Great.Falls,2021,0.9,0.1,0.271,124.061499,134.4826649,1.688686,5.348068562,139.8307335
17572,9096,6B,Great.Falls,2021,0.9,0.25,0.271,116.557282,126.3480937,2.580464,8.172329488,134.5204232
17573,9097,6B,Great.Falls,2021,0.9,0.2,0.271,118.87211,128.8573672,2.27688,7.21087896,136.0682462
17574,9098,6B,Great.Falls,2021,0.9,0.3,0.271,114.308863,123.9108075,2.893535,9.163825345,133.0746328
17575,9099,6B,Great.Falls,2021,0.9,0.35,0.271,111.75686,121.1444362,3.22558,10.21541186,131.3598481
17576,9100,6B,Great.Falls,2021,0.9,0.45,0.271,107.39284,116.4138386,3.927618,12.43876621,128.8526048
17577,9101,6B,Great.Falls,2021,0.9,0.4,0.271,109.470493,118.6660144,3.567112,11.2970437,129.9630581
17578,9102,6B,Great.Falls,2021,0.9,0.55,0.271,103.730858,112.4442501,4.658117,14.75225654,127.1965066
17579,9103,6B,Great.Falls,2021,0.9,0.5,0.271,105.476466,114.3364891,4.288124,13.58048871,127.9169779
17580,9104,6B,Great.Falls,2021,0.9,0.6,0.271,102.137042,110.7165535,5.02811,15.92402437,126.6405779
17581,9105,6B,Great.Falls,2021,0.9,0.65,0.271,100.315538,108.7420432,5.50246,17.42629082,126.168334
17582,9106,6B,Great.Falls,2021,0.9,0.7,0.271,98.939923,107.2508765,5.88194,18.62810398,125.8789805
17583,9107,6B,Great.Falls,2021,0.9,0.75,0.271,97.659178,105.862549,6.289881,19.92005313,125.7826021
17584,9108,6B,Great.Falls,2021,0.9,0.85,0.271,95.306402,103.3121398,7.153198,22.65417807,125.9663178
17585,9109,6B,Great.Falls,2021,0.9,0.8,0.271,96.425868,104.5256409,6.716796,21.27209293,125.7977338
17586,9110,6B,Great.Falls,2021,0.9,0.95,0.271,93.238236,101.0702478,8.035489,25.44839366,126.5186415
17587,9111,6B,Great.Falls,2021,0.9,0.9,0.271,94.243858,102.1603421,7.599087,24.06630853,126.2266506
19107,10631,8,Fairbanks,2021,0.01,0.01,0.271,105.125447,113.9559845,0.673577,2.133218359,116.0892029
19108,10632,8,Fairbanks,2021,0.01,0.15,0.271,99.319403,107.6622329,1.51792,4.80725264,112.4694855
19109,10633,8,Fairbanks,2021,0.01,0.1,0.271,101.178855,109.6778788,1.176388,3.725620796,113.4034996
19110,10634,8,Fairbanks,2021,0.01,0.25,0.271,96.473303,104.5770605,2.210471,7.000561657,111.5776221
19111,10635,8,Fairbanks,2021,0.01,0.2,0.271,97.839431,106.0579432,1.859452,5.888884484,111.9468277
19112,10636,8,Fairbanks,2021,0.01,0.3,0.271,94.433598,102.3660202,2.589951,8.202374817,110.568395
19113,10637,8,Fairbanks,2021,0.01,0.35,0.271,92.564659,100.3400904,2.988405,9.464278635,109.804369
19114,10638,8,Fairbanks,2021,0.01,0.45,0.271,89.320105,96.82299382,3.861209,12.2284489,109.0514427
19115,10639,8,Fairbanks,2021,0.01,0.4,0.271,90.856999,98.48898692,3.41532,10.81631844,109.3053054
19116,10640,8,Fairbanks,2021,0.01,0.55,0.271,86.853485,94.14917774,4.7435,15.0226645,109.1718422
19117,10641,8,Fairbanks,2021,0.01,0.5,0.271,88.010899,95.40381452,4.297611,13.61053404,109.0143486
19118,10642,8,Fairbanks,2021,0.01,0.6,0.271,85.828889,93.03851568,5.189389,16.43479496,109.4733106
19119,10643,8,Fairbanks,2021,0.01,0.65,0.271,84.90865,92.0409766,5.644765,17.87697076,109.9179474
19120,10644,8,Fairbanks,2021,0.01,0.7,0.271,84.083281,91.1462766,6.109628,19.34919188,110.4954685
19121,10645,8,Fairbanks,2021,0.01,0.75,0.271,83.333808,90.33384787,6.574491,20.821413,111.1552609
19122,10646,8,Fairbanks,2021,0.01,0.85,0.271,82.034089,88.92495248,7.523191,23.8259459,112.7508984
19123,10647,8,Fairbanks,2021,0.01,0.8,0.271,82.650744,89.5934065,7.048841,22.32367945,111.9170859
19124,10648,8,Fairbanks,2021,0.01,0.95,0.271,80.943084,87.74230306,8.471891,26.8304788,114.5727819
19125,10649,8,Fairbanks,2021,0.01,0.9,0.271,81.464869,88.307918,7.997541,25.32821235,113.6361303
19126,10650,8,Fairbanks,2021,0.05,0.01,0.271,110.969439,120.2908719,0.607168,1.922901056,122.2137729
19127,10651,8,Fairbanks,2021,0.05,0.15,0.271,104.954681,113.7708742,1.42305,4.50679935,118.2776736
19128,10652,8,Fairbanks,2021,0.05,0.1,0.271,106.899516,115.8790753,1.091005,3.455212835,119.3342882
19129,10653,8,Fairbanks,2021,0.05,0.25,0.271,102.032685,110.6034305,2.08714,6.60997238,117.2134029
19130,10654,8,Fairbanks,2021,0.05,0.2,0.271,103.427274,112.115165,1.745608,5.528340536,117.6435056
19131,10655,8,Fairbanks,2021,0.05,0.3,0.271,100.410408,108.8448823,2.457133,7.781740211,116.6266225
19132,10656,8,Fairbanks,2021,0.05,0.35,0.271,98.456086,106.7263972,2.836613,8.983553371,115.7099506
19133,10657,8,Fairbanks,2021,0.05,0.45,0.271,95.031279,103.0139064,3.69993,11.71767831,114.7315847
19134,10658,8,Fairbanks,2021,0.05,0.4,0.271,96.653556,104.7724547,3.254041,10.30554785,115.0780026
19135,10659,8,Fairbanks,2021,0.05,0.55,0.271,92.393893,100.15498,4.55376,14.42175792,114.5767379
19136,10660,8,Fairbanks,2021,0.05,0.5,0.271,93.63669,101.502172,4.126845,13.06971812,114.5718901
19137,10661,8,Fairbanks,2021,0.05,0.6,0.271,91.302888,98.97233059,4.999649,15.83388838,114.806219
19138,10662,8,Fairbanks,2021,0.05,0.65,0.271,90.325727,97.91308807,5.445538,17.24601885,115.1591069
19139,10663,8,Fairbanks,2021,0.05,0.7,0.271,89.443436,96.95668462,5.900914,18.68819464,115.6448793
19140,10664,8,Fairbanks,2021,0.05,0.75,0.271,88.646528,96.09283635,6.365777,20.16041576,116.2532521
19141,10665,8,Fairbanks,2021,0.05,0.85,0.271,87.261426,94.59138578,7.286016,23.07481267,117.6661985
19142,10666,8,Fairbanks,2021,0.05,0.8,0.271,87.925516,95.31125934,6.821153,21.60259155,116.9138509
19143,10667,8,Fairbanks,2021,0.05,0.95,0.271,86.094525,93.3264651,8.225229,26.04930024,119.3757653
19144,10668,8,Fairbanks,2021,0.05,0.9,0.271,86.654258,93.93321567,7.760366,24.57707912,118.5102948
19145,10669,8,Fairbanks,2021,0.15,0.01,0.271,124.573797,135.0379959,0.502811,1.592402437,136.6303984
19146,10670,8,Fairbanks,2021,0.15,0.15,0.271,118.037254,127.9523833,1.223823,3.875847441,131.8282308
19147,10671,8,Fairbanks,2021,0.15,0.1,0.271,120.133881,130.225127,0.920239,2.914396913,133.1395239
19148,10672,8,Fairbanks,2021,0.15,0.25,0.271,114.897057,124.5484098,1.840478,5.828793826,130.3772036
19149,10673,8,Fairbanks,2021,0.15,0.2,0.271,116.386516,126.1629833,1.527407,4.837297969,131.0002813
19150,10674,8,Fairbanks,2021,0.15,0.3,0.271,113.502468,123.0366753,2.18201,6.91042567,129.947101
19151,10675,8,Fairbanks,2021,0.15,0.35,0.271,112.098392,121.5146569,2.523542,7.992057514,129.5067144
19152,10676,8,Fairbanks,2021,0.15,0.45,0.271,108.265644,117.3599581,3.348911,10.60600114,127.9659592
19153,10677,8,Fairbanks,2021,0.15,0.4,0.271,110.096635,119.3447523,2.921996,9.253961332,128.5987137
19154,10678,8,Fairbanks,2021,0.15,0.55,0.271,105.277239,114.1205271,4.164793,13.18989943,127.3104265
19155,10679,8,Fairbanks,2021,0.15,0.5,0.271,106.690802,115.6528294,3.747365,11.86790496,127.5207343
19156,10680,8,Fairbanks,2021,0.15,0.6,0.271,104.024955,112.7630512,4.591708,14.54193924,127.3049905
19157,10681,8,Fairbanks,2021,0.15,0.65,0.271,102.905489,111.5495501,5.018623,15.89397904,127.4435291
19158,10682,8,Fairbanks,2021,0.15,0.7,0.271,101.899867,110.4594558,5.455025,17.27606418,127.73552
19159,10683,8,Fairbanks,2021,0.15,0.75,0.271,100.998602,109.4824846,5.891427,18.65814931,128.1406339
19160,10684,8,Fairbanks,2021,0.15,0.85,0.271,99.414273,107.7650719,6.792692,21.51245556,129.2775275
19161,10685,8,Fairbanks,2021,0.15,0.8,0.271,100.173233,108.5877846,6.337316,20.07027977,128.6580643
19162,10686,8,Fairbanks,2021,0.15,0.95,0.271,98.086093,106.3253248,7.693957,24.36676182,130.6920866
19163,10687,8,Fairbanks,2021,0.15,0.9,0.271,98.721722,107.0143466,7.238581,22.92458603,129.9389327
19164,10688,8,Fairbanks,2021,0.1,0.01,0.271,117.942384,127.8495443,0.550246,1.742629082,129.5921733
19165,10689,8,Fairbanks,2021,0.1,0.15,0.271,111.652503,121.0313133,1.318693,4.176300731,125.207614
19166,10690,8,Fairbanks,2021,0.1,0.1,0.271,113.682721,123.2320696,1.005622,3.184804874,126.4168744
19167,10691,8,Fairbanks,2021,0.1,0.25,0.271,108.616663,117.7404627,1.954322,6.189337774,123.9298005
19168,10692,8,Fairbanks,2021,0.1,0.2,0.271,110.068174,119.3139006,1.622277,5.137751259,124.4516519
19169,10693,8,Fairbanks,2021,0.1,0.3,0.271,107.278996,116.2904317,2.305341,7.301014947,123.5914466
19170,10694,8,Fairbanks,2021,0.1,0.35,0.271,105.438518,114.2953535,2.675334,8.472782778,122.7681363
19171,10695,8,Fairbanks,2021,0.1,0.45,0.271,101.804997,110.3566167,3.51019,11.11677173,121.4733885
19172,10696,8,Fairbanks,2021,0.1,0.4,0.271,103.541118,112.2385719,3.083275,9.764731925,122.0033038
19173,10697,8,Fairbanks,2021,0.1,0.55,0.271,98.987358,107.3022961,4.354533,13.79080601,121.0931021
19174,10698,8,Fairbanks,2021,0.1,0.5,0.271,100.306051,108.7317593,3.927618,12.43876621,121.1705255
19175,10699,8,Fairbanks,2021,0.1,0.6,0.271,97.81097,106.0270915,4.781448,15.14284582,121.1699373
19176,10700,8,Fairbanks,2021,0.1,0.65,0.271,96.757913,104.8855777,5.21785,16.52493095,121.4105086
19177,10701,8,Fairbanks,2021,0.1,0.7,0.271,95.8187,103.8674708,5.663739,17.93706141,121.8045322
19178,10702,8,Fairbanks,2021,0.1,0.75,0.271,94.96487,102.9419191,6.119115,19.37923721,122.3211563
19179,10703,8,Fairbanks,2021,0.1,0.85,0.271,93.475411,101.3273455,7.029867,22.26358879,123.5909343
19180,10704,8,Fairbanks,2021,0.1,0.8,0.271,94.186936,102.0986386,6.574491,20.821413,122.9200516
19181,10705,8,Fairbanks,2021,0.1,0.95,0.271,92.223127,99.96986967,7.950106,25.1779857,125.1478554
19182,10706,8,Fairbanks,2021,0.1,0.9,0.271,92.830295,100.6280398,7.485243,23.70576458,124.3338044
19183,10707,8,Fairbanks,2021,0.25,0.01,0.271,136.925871,148.4276442,0.436402,1.382085134,149.8097293
19184,10708,8,Fairbanks,2021,0.25,0.15,0.271,129.924465,140.8381201,1.081518,3.425167506,144.2632876
19185,10709,8,Fairbanks,2021,0.25,0.1,0.271,132.172884,143.2754063,0.806395,2.553852965,145.8292592
19186,10710,8,Fairbanks,2021,0.25,0.25,0.271,126.604015,137.2387523,1.650738,5.227887246,142.4666395
19187,10711,8,Fairbanks,2021,0.25,0.2,0.271,128.188344,138.9561649,1.356641,4.296482047,143.2526469
19188,10712,8,Fairbanks,2021,0.25,0.3,0.271,125.152504,135.6653143,1.963809,6.219383103,141.8846974
19189,10713,8,Fairbanks,2021,0.25,0.35,0.271,123.786376,134.1844316,2.295854,7.270969618,141.4554012
19190,10714,8,Fairbanks,2021,0.25,0.45,0.271,120.352082,130.4616569,3.064301,9.704641267,140.1662982
19191,10715,8,Fairbanks,2021,0.25,0.4,0.271,122.363326,132.6418454,2.665847,8.442737449,141.0845828
19192,10716,8,Fairbanks,2021,0.25,0.55,0.271,117.079067,126.9137086,3.851722,12.19840357,139.1121122
19193,10717,8,Fairbanks,2021,0.25,0.5,0.271,118.634935,128.6002695,3.453268,10.93649976,139.5367693
19194,10718,8,Fairbanks,2021,0.25,0.6,0.271,115.684478,125.4019742,4.259663,13.49035272,138.8923269
19195,10719,8,Fairbanks,2021,0.25,0.65,0.271,114.441681,124.0547822,4.667604,14.78230187,138.8370841
19196,10720,8,Fairbanks,2021,0.25,0.7,0.271,113.322215,122.8412811,5.085032,16.10429634,138.9455774
19197,10721,8,Fairbanks,2021,0.25,0.75,0.271,112.307106,121.7409029,5.511947,17.45633615,139.1972391
19198,10722,8,Fairbanks,2021,0.25,0.85,0.271,110.552011,119.8383799,6.375264,20.19046109,140.028841
19199,10723,8,Fairbanks,2021,0.25,0.8,0.271,111.386867,120.7433638,5.938862,18.80837595,139.5517398
19200,10724,8,Fairbanks,2021,0.25,0.95,0.271,109.081526,118.2443742,7.248068,22.95463136,141.1990055
19201,10725,8,Fairbanks,2021,0.25,0.9,0.271,109.783564,119.0053834,6.811666,21.57254622,140.5779296
19202,10726,8,Fairbanks,2021,0.2,0.01,0.271,130.892139,141.8870787,0.464863,1.472221121,143.3592998
19203,10727,8,Fairbanks,2021,0.2,0.15,0.271,124.118421,134.5443684,1.147927,3.635484809,138.1798532
19204,10728,8,Fairbanks,2021,0.2,0.1,0.271,126.290944,136.8993833,0.863317,2.734124939,139.6335082
19205,10729,8,Fairbanks,2021,0.2,0.25,0.271,120.883354,131.0375557,1.736121,5.498295207,136.5358509
19206,10730,8,Fairbanks,2021,0.2,0.2,0.271,122.420248,132.7035488,1.432537,4.536844679,137.2403935
19207,10731,8,Fairbanks,2021,0.2,0.3,0.271,119.460304,129.4949695,2.068166,6.549881722,136.0448513
19208,10732,8,Fairbanks,2021,0.2,0.35,0.271,118.132124,128.0552224,2.400211,7.601468237,135.6566907
19209,10733,8,Fairbanks,2021,0.2,0.45,0.271,114.432194,124.0444983,3.197119,10.12527587,134.1697742
19210,10734,8,Fairbanks,2021,0.2,0.4,0.271,116.358055,126.1321316,2.789178,8.833326726,134.9654583
19211,10735,8,Fairbanks,2021,0.2,0.55,0.271,111.301484,120.6508087,4.003514,12.67912884,133.3299375
19212,10736,8,Fairbanks,2021,0.2,0.5,0.271,112.781456,122.2550983,3.595573,11.38717969,133.642278
19213,10737,8,Fairbanks,2021,0.2,0.6,0.271,109.973304,119.2110615,4.411455,13.97107799,133.1821395
19214,10738,8,Fairbanks,2021,0.2,0.65,0.271,108.787429,117.925573,4.828883,15.29307246,133.2186455
19215,10739,8,Fairbanks,2021,0.2,0.7,0.271,107.724885,116.7737753,5.255798,16.64511227,133.4188876
19216,10740,8,Fairbanks,2021,0.2,0.75,0.271,106.766698,115.7351006,5.6922,18.0271974,133.762298
19217,10741,8,Fairbanks,2021,0.2,0.85,0.271,105.096986,113.9251328,6.574491,20.821413,134.7465458
19218,10742,8,Fairbanks,2021,0.2,0.8,0.271,105.893894,114.7889811,6.128602,19.40928253,134.1982636
19219,10743,8,Fairbanks,2021,0.2,0.95,0.271,103.69291,112.4031144,7.466269,23.64567392,136.0487884
19220,10744,8,Fairbanks,2021,0.2,0.9,0.271,104.366487,113.1332719,7.02038,22.23354346,135.3668154
19221,10745,8,Fairbanks,2021,0.3,0.01,0.271,142.703454,154.6905441,0.407941,1.291949147,155.9824933
19222,10746,8,Fairbanks,2021,0.3,0.15,0.271,135.464873,146.8439223,1.024596,3.244895532,150.0888179
19223,10747,8,Fairbanks,2021,0.3,0.1,0.271,137.779701,149.3531959,0.75896,2.40362632,151.7568222
19224,10748,8,Fairbanks,2021,0.3,0.25,0.271,131.992631,143.080012,1.593816,5.047615272,148.1276273
19225,10749,8,Fairbanks,2021,0.3,0.2,0.271,133.643369,144.869412,1.299719,4.116210073,148.9856221
19226,10750,8,Fairbanks,2021,0.3,0.3,0.271,130.493685,141.4551545,1.906887,6.039111129,147.4942657
19227,10751,8,Fairbanks,2021,0.3,0.35,0.271,129.080122,139.9228522,2.238932,7.090697644,147.0135499
19228,10752,8,Fairbanks,2021,0.3,0.45,0.271,125.977873,136.5600143,2.950457,9.344097319,145.9041117
19229,10753,8,Fairbanks,2021,0.3,0.4,0.271,127.761429,138.493389,2.580464,8.172329488,146.6657185
19230,10754,8,Fairbanks,2021,0.3,0.55,0.271,122.628962,132.9297948,3.718904,11.77776897,144.7075638
19231,10755,8,Fairbanks,2021,0.3,0.5,0.271,124.213291,134.6472074,3.329937,10.54591048,145.1931179
19232,10756,8,Fairbanks,2021,0.3,0.6,0.271,121.167964,131.346073,4.117358,13.03967279,144.3857458
19233,10757,8,Fairbanks,2021,0.3,0.65,0.271,119.868245,129.9371776,4.515812,14.3015766,144.2387542
19234,10758,8,Fairbanks,2021,0.3,0.7,0.271,118.691857,128.661973,4.923753,15.59352575,144.2554987
19235,10759,8,Fairbanks,2021,0.3,0.75,0.271,117.629313,127.5101753,5.341181,16.91552023,144.4256955
19236,10760,8,Fairbanks,2021,0.3,0.85,0.271,115.788835,125.5150971,6.195011,19.61959984,145.134697
19237,10761,8,Fairbanks,2021,0.3,0.8,0.271,116.671126,126.4715006,5.768096,18.26756003,144.7390606
19238,10762,8,Fairbanks,2021,0.3,0.95,0.271,114.261428,123.859388,7.048841,22.32367945,146.1830674
19239,10763,8,Fairbanks,2021,0.3,0.9,0.271,114.991927,124.6512489,6.621926,20.97163964,145.6228885
19240,10764,8,Fairbanks,2021,0.35,0.01,0.271,148.234375,160.6860625,0.37948,1.20181316,161.8878757
19241,10765,8,Fairbanks,2021,0.35,0.15,0.271,140.78708,152.6131947,0.977161,3.094668887,155.7078636
19242,10766,8,Fairbanks,2021,0.35,0.1,0.271,143.168317,155.1944556,0.721012,2.283445004,157.4779006
19243,10767,8,Fairbanks,2021,0.35,0.25,0.271,137.238942,148.7670131,1.527407,4.837297969,153.6043111
19244,10768,8,Fairbanks,2021,0.35,0.2,0.271,138.927628,150.5975488,1.242797,3.935938099,154.5334869
19245,10769,8,Fairbanks,2021,0.35,0.3,0.271,135.711535,147.1113039,1.830991,5.798748497,152.9100524
19246,10770,8,Fairbanks,2021,0.35,0.35,0.271,134.269511,145.5481499,2.153549,6.820289683,152.3684396
19247,10771,8,Fairbanks,2021,0.35,0.45,0.271,131.423411,142.4629775,2.836613,8.983553371,151.4465309
19248,10772,8,Fairbanks,2021,0.35,0.4,0.271,132.922357,144.087835,2.495081,7.901921527,151.9897565
19249,10773,8,Fairbanks,2021,0.35,0.55,0.271,127.951169,138.6990672,3.595573,11.38717969,150.0862469
19250,10774,8,Fairbanks,2021,0.35,0.5,0.271,129.59242,140.4781833,3.206606,10.1553212,150.6335045
19251,10775,8,Fairbanks,2021,0.35,0.6,0.271,126.442736,137.0639258,3.98454,12.61903818,149.682964
19252,10776,8,Fairbanks,2021,0.35,0.65,0.271,125.086095,135.593327,4.382994,13.880942,149.474269
19253,10777,8,Fairbanks,2021,0.35,0.7,0.271,123.862272,134.2667028,4.781448,15.14284582,149.4095487
19254,10778,8,Fairbanks,2021,0.35,0.75,0.271,122.752293,133.0634856,5.189389,16.43479496,149.4982806
19255,10779,8,Fairbanks,2021,0.35,0.85,0.271,120.826432,130.9758523,6.024245,19.07878392,150.0546362
19256,10780,8,Fairbanks,2021,0.35,0.8,0.271,121.737184,131.9631075,5.606817,17.75678944,149.7198969
19257,10781,8,Fairbanks,2021,0.35,0.95,0.271,119.242103,129.2584397,6.868588,21.7528182,151.0112578
19258,10782,8,Fairbanks,2021,0.35,0.9,0.271,119.991576,130.0708684,6.45116,20.43082372,150.5016921
19259,10783,8,Fairbanks,2021,0.45,0.01,0.271,158.632127,171.9572257,0.341532,1.081631844,173.0388575
19260,10784,8,Fairbanks,2021,0.45,0.15,0.271,150.786378,163.4524338,0.901265,2.854306255,166.30674
19261,10785,8,Fairbanks,2021,0.45,0.1,0.271,153.290946,166.1673855,0.654603,2.073127701,168.2405132
19262,10786,8,Fairbanks,2021,0.45,0.25,0.271,147.114909,159.4725614,1.413563,4.476754021,163.9493154
19263,10787,8,Fairbanks,2021,0.45,0.2,0.271,148.870004,161.3750843,1.13844,3.60543948,164.9805238
19264,10788,8,Fairbanks,2021,0.45,0.3,0.271,145.521093,157.7448648,1.698173,5.378113891,163.1229787
19265,10789,8,Fairbanks,2021,0.45,0.35,0.271,144.031634,156.1302913,2.001757,6.339564419,162.4698557
19266,10790,8,Fairbanks,2021,0.45,0.45,0.271,141.318352,153.1890936,2.665847,8.442737449,161.631831
19267,10791,8,Fairbanks,2021,0.45,0.4,0.271,142.627558,154.6082729,2.324315,7.361105605,161.9693785
19268,10792,8,Fairbanks,2021,0.45,0.55,0.271,137.978928,149.569158,3.377372,10.69613712,160.2652951
19269,10793,8,Fairbanks,2021,0.45,0.5,0.271,139.724536,151.461397,3.007379,9.524369293,160.9857663
19270,10794,8,Fairbanks,2021,0.45,0.6,0.271,136.385112,147.8414614,3.756852,11.89795028,159.7394117
19271,10795,8,Fairbanks,2021,0.45,0.65,0.271,134.933601,146.2680235,4.136332,13.09976344,159.3677869
19272,10796,8,Fairbanks,2021,0.45,0.7,0.271,133.614908,144.8385603,4.525299,14.33162193,159.1701822
19273,10797,8,Fairbanks,2021,0.45,0.75,0.271,132.419546,143.5427879,4.923753,15.59352575,159.1363136
19274,10798,8,Fairbanks,2021,0.45,0.85,0.271,130.341893,141.290612,5.730148,18.14737872,159.4379907
19275,10799,8,Fairbanks,2021,0.45,0.8,0.271,131.338028,142.3704224,5.322207,16.85542957,159.2258519
19276,10800,8,Fairbanks,2021,0.45,0.95,0.271,128.662694,139.4703603,6.536543,20.70123168,160.171592
19277,10801,8,Fairbanks,2021,0.45,0.9,0.271,129.440628,140.3136408,6.147576,19.46937319,159.7830139
19278,10802,8,Fairbanks,2021,0.4,0.01,0.271,153.537608,166.4347671,0.360506,1.141722502,167.5764896
19279,10803,8,Fairbanks,2021,0.4,0.15,0.271,145.891086,158.1459372,0.939213,2.974487571,161.1204248
19280,10804,8,Fairbanks,2021,0.4,0.1,0.271,148.329245,160.7889016,0.692551,2.193309017,162.9822106
19281,10805,8,Fairbanks,2021,0.4,0.25,0.271,142.276539,154.2277683,1.460998,4.626980666,158.8547489
19282,10806,8,Fairbanks,2021,0.4,0.2,0.271,144.003173,156.0994395,1.185875,3.755666125,159.8551057
19283,10807,8,Fairbanks,2021,0.4,0.3,0.271,140.711184,152.5309235,1.755095,5.558385865,158.0893093
19284,10808,8,Fairbanks,2021,0.4,0.35,0.271,139.250186,150.9472016,2.077653,6.579927051,157.5271287
19285,10809,8,Fairbanks,2021,0.4,0.45,0.271,136.584339,148.0574235,2.741743,8.683100081,156.7405236
19286,10810,8,Fairbanks,2021,0.4,0.4,0.271,137.874571,149.456035,2.409698,7.631513566,157.0875485
19287,10811,8,Fairbanks,2021,0.4,0.55,0.271,133.064662,144.2420936,3.481729,11.02663574,155.2687294
19288,10812,8,Fairbanks,2021,0.4,0.5,0.271,134.753348,146.0726292,3.102249,9.824822583,155.8974518
19289,10813,8,Fairbanks,2021,0.4,0.6,0.271,131.508794,142.5555327,3.861209,12.2284489,154.7839816
19290,10814,8,Fairbanks,2021,0.4,0.65,0.271,130.104718,141.0335143,4.250176,13.46030739,154.4938217
19291,10815,8,Fairbanks,2021,0.4,0.7,0.271,128.823973,139.6451867,4.64863,14.72221121,154.3673979
19292,10816,8,Fairbanks,2021,0.4,0.75,0.271,127.676046,138.4008339,5.056571,16.01416036,154.4149942
19293,10817,8,Fairbanks,2021,0.4,0.85,0.271,125.674289,136.2309293,5.872453,18.59805865,154.8289879
19294,10818,8,Fairbanks,2021,0.4,0.8,0.271,126.622989,137.2593201,5.464512,17.3061095,154.5654296
19295,10819,8,Fairbanks,2021,0.4,0.95,0.271,124.042525,134.4620971,6.697822,21.21200227,155.6740994
19296,10820,8,Fairbanks,2021,0.4,0.9,0.271,124.801485,135.2848097,6.289881,19.92005313,155.2048629
19297,10821,8,Fairbanks,2021,0.55,0.01,0.271,168.223484,182.3542567,0.313071,0.991495857,183.3457525
19298,10822,8,Fairbanks,2021,0.55,0.15,0.271,160.007742,173.4483923,0.834856,2.643988952,176.0923813
19299,10823,8,Fairbanks,2021,0.55,0.1,0.271,162.635641,176.2970348,0.607168,1.922901056,178.2199359
19300,10824,8,Fairbanks,2021,0.55,0.25,0.271,156.241403,169.3656809,1.318693,4.176300731,173.5419816
19301,10825,8,Fairbanks,2021,0.55,0.2,0.271,158.043933,171.3196234,1.062544,3.365076848,174.6847002
19302,10826,8,Fairbanks,2021,0.55,0.3,0.271,154.590665,167.5762809,1.593816,5.047615272,172.6238961
19303,10827,8,Fairbanks,2021,0.55,0.35,0.271,153.044284,165.9000039,1.887913,5.979020471,171.8790243
19304,10828,8,Fairbanks,2021,0.55,0.45,0.271,150.255106,162.8765349,2.514055,7.962012185,170.8385471
19305,10829,8,Fairbanks,2021,0.55,0.4,0.271,151.611747,164.3471337,2.200984,6.970516328,171.3176501
19306,10830,8,Fairbanks,2021,0.55,0.55,0.271,147.257214,159.62682,3.206606,10.1553212,169.7821412
19307,10831,8,Fairbanks,2021,0.55,0.5,0.271,148.983848,161.4984912,2.8461,9.0135987,170.5120899
19308,10832,8,Fairbanks,2021,0.55,0.6,0.271,145.587502,157.8168522,3.567112,11.2970437,169.1138959
19309,10833,8,Fairbanks,2021,0.55,0.65,0.271,144.069582,156.1714269,3.937105,12.46881154,168.6402384
19310,10834,8,Fairbanks,2021,0.55,0.7,0.271,142.674993,154.6596924,4.316585,13.6706247,168.3303171
19311,10835,8,Fairbanks,2021,0.55,0.75,0.271,141.403735,153.2816487,4.696065,14.87243786,168.1540866
19312,10836,8,Fairbanks,2021,0.55,0.85,0.271,139.193264,150.8854982,5.483486,17.36620016,168.2516983
19313,10837,8,Fairbanks,2021,0.55,0.8,0.271,140.246321,152.027012,5.085032,16.10429634,168.1313083
19314,10838,8,Fairbanks,2021,0.55,0.95,0.271,137.438169,148.9829752,6.242446,19.76982648,168.7528017
19315,10839,8,Fairbanks,2021,0.55,0.9,0.271,138.22559,149.8365396,5.88194,18.62810398,168.4646435
19316,10840,8,Fairbanks,2021,0.5,0.01,0.271,163.517932,177.2534383,0.322558,1.021541186,178.2749795
19317,10841,8,Fairbanks,2021,0.5,0.15,0.271,155.49193,168.5532521,0.863317,2.734124939,171.2873771
19318,10842,8,Fairbanks,2021,0.5,0.1,0.271,158.05342,171.3299073,0.635629,2.013037043,173.3429443
19319,10843,8,Fairbanks,2021,0.5,0.25,0.271,151.763539,164.5116763,1.366128,4.326527376,168.8382037
19320,10844,8,Fairbanks,2021,0.5,0.2,0.271,153.547095,166.445051,1.100492,3.485258164,169.9303091
19321,10845,8,Fairbanks,2021,0.5,0.3,0.271,150.141262,162.753128,1.641251,5.197841917,167.9509699
19322,10846,8,Fairbanks,2021,0.5,0.35,0.271,148.623342,161.1077027,1.944835,6.159292445,167.2669952
19323,10847,8,Fairbanks,2021,0.5,0.45,0.271,145.872112,158.1253694,2.589951,8.202374817,166.3277442
19324,10848,8,Fairbanks,2021,0.5,0.4,0.271,147.209779,159.5754004,2.257906,7.150788302,166.7261887
19325,10849,8,Fairbanks,2021,0.5,0.55,0.271,142.703454,154.6905441,3.291989,10.42572916,165.1162733
19326,10850,8,Fairbanks,2021,0.5,0.5,0.271,144.496497,156.6342027,2.921996,9.253961332,165.8881641
19327,10851,8,Fairbanks,2021,0.5,0.6,0.271,141.07169,152.921712,3.661982,11.59749699,164.519209
19328,10852,8,Fairbanks,2021,0.5,0.65,0.271,139.582231,151.3071384,4.031975,12.76926483,164.0764032
19329,10853,8,Fairbanks,2021,0.5,0.7,0.271,138.22559,149.8365396,4.420942,14.00112331,163.8376629
19330,10854,8,Fairbanks,2021,0.5,0.75,0.271,136.99228,148.4996315,4.809909,15.2329818,163.7326133
19331,10855,8,Fairbanks,2021,0.5,0.85,0.271,134.848218,146.1754683,5.59733,17.72674411,163.9022124
19332,10856,8,Fairbanks,2021,0.5,0.8,0.271,135.872814,147.2861304,5.198876,16.46484029,163.7509707
19333,10857,8,Fairbanks,2021,0.5,0.95,0.271,133.131071,144.314081,6.384751,20.22050642,164.5345874
19334,10858,8,Fairbanks,2021,0.5,0.9,0.271,133.909005,145.1573614,6.005271,19.01869326,164.1760547
19335,10859,8,Fairbanks,2021,0.6,0.01,0.271,172.739296,187.2493969,0.303584,0.961450528,188.2108474
19336,10860,8,Fairbanks,2021,0.6,0.15,0.271,164.352788,178.1584222,0.815882,2.583898294,180.7423205
19337,10861,8,Fairbanks,2021,0.6,0.1,0.271,167.028122,181.0584842,0.588194,1.862810398,182.9212946
19338,10862,8,Fairbanks,2021,0.6,0.25,0.271,160.529527,174.0140073,1.280745,4.056119415,178.0701267
19339,10863,8,Fairbanks,2021,0.6,0.2,0.271,162.370005,176.0090854,1.034083,3.274940861,179.2840263
19340,10864,8,Fairbanks,2021,0.6,0.3,0.271,158.859815,172.2040395,1.546381,4.897388627,177.1014281
19341,10865,8,Fairbanks,2021,0.6,0.35,0.271,157.29446,170.5071946,1.840478,5.828793826,176.3359885
19342,10866,8,Fairbanks,2021,0.6,0.45,0.271,154.467334,167.4425901,2.457133,7.781740211,175.2243303
19343,10867,8,Fairbanks,2021,0.6,0.4,0.271,155.842949,168.9337567,2.144062,6.790244354,175.7240011
19344,10868,8,Fairbanks,2021,0.6,0.55,0.271,151.630721,164.3677016,3.13071,9.91495857,174.2826601
19345,10869,8,Fairbanks,2021,0.6,0.5,0.271,153.177102,166.0439786,2.779691,8.803281397,174.84726
19346,10870,8,Fairbanks,2021,0.6,0.6,0.271,149.932548,162.526882,3.491216,11.05668107,173.5835631
19347,10871,8,Fairbanks,2021,0.6,0.65,0.271,148.386167,160.850605,3.851722,12.19840357,173.0490086
19348,10872,8,Fairbanks,2021,0.6,0.7,0.271,146.963117,159.3080188,4.221715,13.37017141,172.6781902
19349,10873,8,Fairbanks,2021,0.6,0.75,0.271,145.663398,157.8991234,4.601195,14.57198457,172.471108
19350,10874,8,Fairbanks,2021,0.6,0.85,0.271,143.386518,155.4309855,5.369642,17.00565621,172.4366417
19351,10875,8,Fairbanks,2021,0.6,0.8,0.271,144.477523,156.6136349,4.980675,15.77379773,172.3874327
19352,10876,8,Fairbanks,2021,0.6,0.95,0.271,141.602962,153.4976108,6.119115,19.37923721,172.876848
19353,10877,8,Fairbanks,2021,0.6,0.9,0.271,142.390383,154.3511752,5.758609,18.2375147,172.5886899
19354,10878,8,Fairbanks,2021,0.65,0.01,0.271,177.074855,191.9491428,0.28461,0.90135987,192.8505027
19355,10879,8,Fairbanks,2021,0.65,0.15,0.271,168.432198,182.5805026,0.796908,2.523807636,185.1043103
19356,10880,8,Fairbanks,2021,0.65,0.1,0.271,171.164454,185.5422681,0.578707,1.832765069,187.3750332
19357,10881,8,Fairbanks,2021,0.65,0.25,0.271,164.400223,178.2098417,1.280745,4.056119415,182.2659611
19358,10882,8,Fairbanks,2021,0.65,0.2,0.271,166.326084,180.2974751,1.024596,3.244895532,183.5423706
19359,10883,8,Fairbanks,2021,0.65,0.3,0.271,162.654615,176.3176027,1.555868,4.927433956,181.2450366
19360,10884,8,Fairbanks,2021,0.65,0.35,0.271,161.051312,174.5796222,1.849965,5.858839155,180.4384614
19361,10885,8,Fairbanks,2021,0.65,0.45,0.271,158.195725,171.4841659,2.476107,7.841830869,179.3259968
19362,10886,8,Fairbanks,2021,0.65,0.4,0.271,159.57134,172.9753326,2.153549,6.820289683,179.7956222
19363,10887,8,Fairbanks,2021,0.65,0.55,0.271,155.425521,168.4812648,3.13071,9.91495857,178.3962233
19364,10888,8,Fairbanks,2021,0.65,0.5,0.271,156.905493,170.0855544,2.798665,8.863372055,178.9489265
19365,10889,8,Fairbanks,2021,0.65,0.6,0.271,153.755809,166.671297,3.481729,11.02663574,177.6979327
19366,10890,8,Fairbanks,2021,0.65,0.65,0.271,152.17148,164.9538843,3.851722,12.19840357,177.1522879
19367,10891,8,Fairbanks,2021,0.65,0.7,0.271,150.795865,163.4627177,4.212228,13.34012608,176.8028437
19368,10892,8,Fairbanks,2021,0.65,0.75,0.271,149.524607,162.084674,4.582221,14.51189391,176.5965679
19369,10893,8,Fairbanks,2021,0.65,0.85,0.271,147.266701,159.6371039,5.341181,16.91552023,176.5526241
19370,10894,8,Fairbanks,2021,0.65,0.8,0.271,148.348219,160.8094694,4.961701,15.71370707,176.5231765
19371,10895,8,Fairbanks,2021,0.65,0.95,0.271,145.454684,157.6728775,6.081167,19.25905589,176.9319333
19372,10896,8,Fairbanks,2021,0.65,0.9,0.271,146.280053,158.5675775,5.720661,18.11733339,176.6849108
19373,10897,8,Fairbanks,2021,0.7,0.01,0.271,181.239648,196.4637784,0.275123,0.871314541,197.335093
19374,10898,8,Fairbanks,2021,0.7,0.15,0.271,172.340842,186.8174727,0.787421,2.493762307,189.311235
19375,10899,8,Fairbanks,2021,0.7,0.1,0.271,175.120533,189.8306578,0.56922,1.80271974,191.6333775
19376,10900,8,Fairbanks,2021,0.7,0.25,0.271,168.090666,182.2102819,1.290232,4.086164744,186.2964467
19377,10901,8,Fairbanks,2021,0.7,0.2,0.271,170.111397,184.4007543,1.024596,3.244895532,187.6456499
19378,10902,8,Fairbanks,2021,0.7,0.3,0.271,166.269162,180.2357716,1.574842,4.987524614,185.2232962
19379,10903,8,Fairbanks,2021,0.7,0.35,0.271,164.618424,178.4463716,1.878426,5.948975142,184.3953468
19380,10904,8,Fairbanks,2021,0.7,0.45,0.271,161.734376,175.3200636,2.504568,7.931966856,183.2520304
19381,10905,8,Fairbanks,2021,0.7,0.4,0.271,163.119478,176.8215142,2.18201,6.91042567,183.7319398
19382,10906,8,Fairbanks,2021,0.7,0.55,0.271,159.00212,172.3582981,3.149684,9.975049228,182.3333473
19383,10907,8,Fairbanks,2021,0.7,0.5,0.271,160.444144,173.9214521,2.817639,8.923462713,182.8449148
19384,10908,8,Fairbanks,2021,0.7,0.6,0.271,157.379843,170.5997498,3.481729,11.02663574,181.6263856
19385,10909,8,Fairbanks,2021,0.7,0.65,0.271,155.77654,168.8617694,3.870696,12.25849423,181.1202636
19386,10910,8,Fairbanks,2021,0.7,0.7,0.271,154.467334,167.4425901,4.212228,13.34012608,180.7827161
19387,10911,8,Fairbanks,2021,0.7,0.75,0.271,153.234024,166.105682,4.572734,14.48184858,180.5875306
19388,10912,8,Fairbanks,2021,0.7,0.85,0.271,151.004579,163.6889636,5.31272,16.82538424,180.5143479
19389,10913,8,Fairbanks,2021,0.7,0.8,0.271,152.067123,164.8407613,4.942727,15.65361641,180.4943777
19390,10914,8,Fairbanks,2021,0.7,0.95,0.271,149.173588,161.7041694,6.052706,19.1689199,180.8730893
19391,10915,8,Fairbanks,2021,0.7,0.9,0.271,150.027418,162.6297211,5.682713,17.99715207,180.6268732
19392,10916,8,Fairbanks,2021,0.75,0.01,0.271,185.252649,200.8138715,0.275123,0.871314541,201.6851861
19393,10917,8,Fairbanks,2021,0.75,0.15,0.271,176.088207,190.8796164,0.787421,2.493762307,193.3733787
19394,10918,8,Fairbanks,2021,0.75,0.1,0.271,178.915333,193.944221,0.559733,1.772674411,195.7168954
19395,10919,8,Fairbanks,2021,0.75,0.25,0.271,171.591369,186.005044,1.309206,4.146255402,190.1512994
19396,10920,8,Fairbanks,2021,0.75,0.2,0.271,173.70697,188.2983555,1.034083,3.274940861,191.5732963
19397,10921,8,Fairbanks,2021,0.75,0.3,0.271,169.693969,183.9482624,1.603303,5.077660601,189.025923
19398,10922,8,Fairbanks,2021,0.75,0.35,0.271,168.005283,182.1177268,1.906887,6.039111129,188.1568379
19399,10923,8,Fairbanks,2021,0.75,0.45,0.271,165.092774,178.960567,2.542516,8.052148172,187.0127152
19400,10924,8,Fairbanks,2021,0.75,0.4,0.271,166.477876,180.4620176,2.219958,7.030606986,187.4926246
19401,10925,8,Fairbanks,2021,0.75,0.55,0.271,162.370005,176.0090854,3.178145,10.06518522,186.0742706
19402,10926,8,Fairbanks,2021,0.75,0.5,0.271,163.812029,177.5722394,2.855587,9.043644029,186.6158835
19403,10927,8,Fairbanks,2021,0.75,0.6,0.271,160.80465,174.3122406,3.51019,11.11677173,185.4290123
19404,10928,8,Fairbanks,2021,0.75,0.65,0.271,159.210834,172.5845441,3.88967,12.31858489,184.9031289
19405,10929,8,Fairbanks,2021,0.75,0.7,0.271,157.968037,171.2373521,4.221715,13.37017141,184.6075235
19406,10930,8,Fairbanks,2021,0.75,0.75,0.271,156.782162,169.9518636,4.572734,14.48184858,184.4337122
19407,10931,8,Fairbanks,2021,0.75,0.85,0.271,154.600152,167.5865648,5.293746,16.76529358,184.3518584
19408,10932,8,Fairbanks,2021,0.75,0.8,0.271,155.643722,168.7177946,4.93324,15.62357108,184.3413657
19409,10933,8,Fairbanks,2021,0.75,0.95,0.271,152.778648,165.6120544,6.014758,19.04873859,184.660793
19410,10934,8,Fairbanks,2021,0.75,0.9,0.271,153.641965,166.5478901,5.654252,17.90701608,184.4549061
19411,10935,8,Fairbanks,2021,0.85,0.01,0.271,192.96558,209.1746887,0.256149,0.811223883,209.9859126
19412,10936,8,Fairbanks,2021,0.85,0.15,0.271,183.535502,198.9524842,0.749473,2.373580991,201.3260652
19413,10937,8,Fairbanks,2021,0.85,0.1,0.271,186.429037,202.0890761,0.531272,1.682538424,203.7716145
19414,10938,8,Fairbanks,2021,0.85,0.25,0.271,178.782515,193.8002463,1.261771,3.996028757,197.796275
19415,10939,8,Fairbanks,2021,0.85,0.2,0.271,181.01196,196.2169646,0.996135,3.154759545,199.3717242
19416,10940,8,Fairbanks,2021,0.85,0.3,0.271,176.809219,191.6611934,1.555868,4.927433956,196.5886274
19417,10941,8,Fairbanks,2021,0.85,0.35,0.271,175.054124,189.7586704,1.868939,5.918929813,195.6776002
19418,10942,8,Fairbanks,2021,0.85,0.45,0.271,172.065719,186.5192394,2.485594,7.871876198,194.3911156
19419,10943,8,Fairbanks,2021,0.85,0.4,0.271,173.479282,188.0515417,2.172523,6.880380341,194.931922
19420,10944,8,Fairbanks,2021,0.85,0.55,0.271,169.494742,183.7323003,3.111736,9.854867912,193.5871682
19421,10945,8,Fairbanks,2021,0.85,0.5,0.271,170.766,185.110344,2.798665,8.863372055,193.9737161
19422,10946,8,Fairbanks,2021,0.85,0.6,0.271,167.929387,182.0354555,3.424807,10.84636377,192.8818193
19423,10947,8,Fairbanks,2021,0.85,0.65,0.271,166.269162,180.2357716,3.823261,12.10826759,192.3440392
19424,10948,8,Fairbanks,2021,0.85,0.7,0.271,165.045339,178.9091475,4.136332,13.09976344,192.0089109
19425,10949,8,Fairbanks,2021,0.85,0.75,0.271,163.878438,177.6442268,4.468377,14.15134996,191.7955768
19426,10950,8,Fairbanks,2021,0.85,0.85,0.271,161.686941,175.268644,5.170415,16.37470431,191.6433483
19427,10951,8,Fairbanks,2021,0.85,0.8,0.271,162.739998,176.4101578,4.819396,15.26302713,191.673185
19428,10952,8,Fairbanks,2021,0.85,0.95,0.271,159.836976,173.263282,5.872453,18.59805865,191.8613406
19429,10953,8,Fairbanks,2021,0.85,0.9,0.271,160.728754,174.2299693,5.521434,17.48638148,191.7163508
19430,10954,8,Fairbanks,2021,0.8,0.01,0.271,189.199241,205.0919772,0.265636,0.841269212,205.9332465
19431,10955,8,Fairbanks,2021,0.8,0.15,0.271,179.949416,195.0651669,0.75896,2.40362632,197.4687933
19432,10956,8,Fairbanks,2021,0.8,0.1,0.271,182.795516,198.1503393,0.540759,1.712583753,199.8629231
19433,10957,8,Fairbanks,2021,0.8,0.25,0.271,175.262838,189.9849164,1.280745,4.056119415,194.0410358
19434,10958,8,Fairbanks,2021,0.8,0.2,0.271,177.463822,192.370783,1.005622,3.184804874,195.5555879
19435,10959,8,Fairbanks,2021,0.8,0.3,0.271,173.308516,187.8664313,1.574842,4.987524614,192.853956
19436,10960,8,Fairbanks,2021,0.8,0.35,0.271,171.572395,185.9844762,1.887913,5.979020471,191.9634967
19437,10961,8,Fairbanks,2021,0.8,0.45,0.271,168.612451,182.7758969,2.514055,7.962012185,190.7379091
19438,10962,8,Fairbanks,2021,0.8,0.4,0.271,170.016527,184.2979153,2.200984,6.970516328,191.2684316
19439,10963,8,Fairbanks,2021,0.8,0.55,0.271,165.937117,179.8758348,3.149684,9.975049228,189.8508841
19440,10964,8,Fairbanks,2021,0.8,0.5,0.271,167.312732,181.3670015,2.836613,8.983553371,190.3505549
19441,10965,8,Fairbanks,2021,0.8,0.6,0.271,164.381249,178.1892739,3.472242,10.99659041,189.1858643
19442,10966,8,Fairbanks,2021,0.8,0.65,0.271,162.721024,176.38959,3.870696,12.25849423,188.6480842
19443,10967,8,Fairbanks,2021,0.8,0.7,0.271,161.497201,175.0629659,4.202741,13.31008075,188.3730466
19444,10968,8,Fairbanks,2021,0.8,0.75,0.271,160.3303,173.7980452,4.534786,14.36166726,188.1597125
19445,10969,8,Fairbanks,2021,0.8,0.85,0.271,158.157777,171.4430303,5.246311,16.61506694,188.0580972
19446,10970,8,Fairbanks,2021,0.8,0.8,0.271,159.201347,172.5742601,4.885805,15.47334444,188.0476046
19447,10971,8,Fairbanks,2021,0.8,0.95,0.271,156.326786,169.458236,5.967323,18.89851194,188.356748
19448,10972,8,Fairbanks,2021,0.8,0.9,0.271,157.19959,170.4043556,5.606817,17.75678944,188.161145
19449,10973,8,Fairbanks,2021,0.95,0.01,0.271,200.118778,216.9287554,0.246662,0.781178554,217.7099339
19450,10974,8,Fairbanks,2021,0.95,0.15,0.271,190.30922,206.2951945,0.730499,2.313490333,208.6086848
19451,10975,8,Fairbanks,2021,0.95,0.1,0.271,193.297625,209.5346255,0.521785,1.652493095,211.1871186
19452,10976,8,Fairbanks,2021,0.95,0.25,0.271,185.432902,201.0092658,1.242797,3.935938099,204.9452039
19453,10977,8,Fairbanks,2021,0.95,0.2,0.271,187.709782,203.4774037,0.967674,3.064623558,206.5420272
19454,10978,8,Fairbanks,2021,0.95,0.3,0.271,183.412171,198.8187934,1.527407,4.837297969,203.6560913
19455,10979,8,Fairbanks,2021,0.95,0.35,0.271,181.628615,196.8854187,1.830991,5.798748497,202.6841672
19456,10980,8,Fairbanks,2021,0.95,0.45,0.271,178.592775,193.5945681,2.438159,7.721649553,201.3162177
19457,10981,8,Fairbanks,2021,0.95,0.4,0.271,180.025312,195.1474382,2.134575,6.760199025,201.9076372
19458,10982,8,Fairbanks,2021,0.95,0.55,0.271,176.088207,190.8796164,3.045327,9.644550609,200.524167
19459,10983,8,Fairbanks,2021,0.95,0.5,0.271,177.283569,192.1753888,2.75123,8.71314541,200.8885342
19460,10984,8,Fairbanks,2021,0.95,0.6,0.271,174.65567,189.3267463,3.348911,10.60600114,199.9327474
19461,10985,8,Fairbanks,2021,0.95,0.65,0.271,172.985958,187.5167785,3.728391,11.8078143,199.3245928
19462,10986,8,Fairbanks,2021,0.95,0.7,0.271,171.781109,186.2107222,4.031975,12.76926483,198.979987
19463,10987,8,Fairbanks,2021,0.95,0.75,0.271,170.623695,184.9560854,4.345046,13.76076068,198.7168461
19464,10988,8,Fairbanks,2021,0.95,0.85,0.271,168.413224,182.5599348,5.018623,15.89397904,198.4539139
19465,10989,8,Fairbanks,2021,0.95,0.8,0.271,169.475768,183.7117325,4.686578,14.84239253,198.554125
19466,10990,8,Fairbanks,2021,0.95,0.95,0.271,166.534798,180.523721,5.701687,18.05724273,198.5809638
19467,10991,8,Fairbanks,2021,0.95,0.9,0.271,167.436063,181.5006923,5.360155,16.97561089,198.4763032
19468,10992,8,Fairbanks,2021,0.9,0.01,0.271,196.599101,213.1134255,0.246662,0.781178554,213.894604
19469,10993,8,Fairbanks,2021,0.9,0.15,0.271,186.979283,202.6855428,0.739986,2.343535662,205.0290784
19470,10994,8,Fairbanks,2021,0.9,0.1,0.271,189.92974,205.8838382,0.531272,1.682538424,207.5663766
19471,10995,8,Fairbanks,2021,0.9,0.25,0.271,182.169374,197.4716014,1.252284,3.965983428,201.4375848
19472,10996,8,Fairbanks,2021,0.9,0.2,0.271,184.42728,199.9191715,0.977161,3.094668887,203.0138404
19473,10997,8,Fairbanks,2021,0.9,0.3,0.271,180.167617,195.3016968,1.546381,4.897388627,200.1990855
19474,10998,8,Fairbanks,2021,0.9,0.35,0.271,178.403035,193.3888899,1.849965,5.858839155,199.2477291
19475,10999,8,Fairbanks,2021,0.9,0.45,0.271,175.395656,190.1288911,2.457133,7.781740211,197.9106313
19476,11000,8,Fairbanks,2021,0.9,0.4,0.271,176.818706,191.6714773,2.153549,6.820289683,198.491767
19477,11001,8,Fairbanks,2021,0.9,0.55,0.271,172.891088,187.4139394,3.073788,9.734686596,197.148626
19478,11002,8,Fairbanks,2021,0.9,0.5,0.271,174.076963,188.6994279,2.770204,8.773236068,197.472664
19479,11003,8,Fairbanks,2021,0.9,0.6,0.271,171.354194,185.7479463,3.386859,10.72618245,196.4741287
19480,11004,8,Fairbanks,2021,0.9,0.65,0.271,169.684482,183.9379785,3.766339,11.92799561,195.8659741
19481,11005,8,Fairbanks,2021,0.9,0.7,0.271,168.470146,182.6216383,4.07941,12.91949147,195.5411297
19482,11006,8,Fairbanks,2021,0.9,0.75,0.271,167.312732,181.3670015,4.401968,13.94103266,195.3080341
19483,11007,8,Fairbanks,2021,0.9,0.85,0.271,165.102261,178.9708509,5.094519,16.13434167,195.1051926
19484,11008,8,Fairbanks,2021,0.9,0.8,0.271,166.164805,180.1226486,4.7435,15.0226645,195.1453131
19485,11009,8,Fairbanks,2021,0.9,0.95,0.271,163.242809,176.955205,5.78707,18.32765069,195.2828556
19486,11010,8,Fairbanks,2021,0.9,0.9,0.271,164.134587,177.9218923,5.436051,17.21597352,195.1378658
21007,1140,3B,El.Paso,2021,0.01,0.01,0.34,15.302531,16.5879436,6.650387,21.06177563,37.64971923
21008,1141,3B,El.Paso,2021,0.01,0.15,0.34,11.242095,12.18643098,9.135981,28.93365183,41.12008281
21009,1142,3B,El.Paso,2021,0.01,0.1,0.34,12.399509,13.44106776,8.187281,25.92911893,39.37018668
21010,1143,3B,El.Paso,2021,0.01,0.25,0.34,9.970837,10.80838731,10.976459,34.76244565,45.57083296
21011,1144,3B,El.Paso,2021,0.01,0.2,0.34,10.511596,11.39457006,10.037246,31.78795808,43.18252815
21012,1145,3B,El.Paso,2021,0.01,0.3,0.34,9.562896,10.36617926,11.934646,37.79702388,48.16320315
21013,1146,3B,El.Paso,2021,0.01,0.35,0.34,9.249825,10.0268103,12.90232,40.86164744,50.88845774
21014,1147,3B,El.Paso,2021,0.01,0.45,0.34,8.794449,9.533182716,14.98946,47.47161982,57.00480254
21015,1148,3B,El.Paso,2021,0.01,0.4,0.34,9.003163,9.759428692,13.926916,44.10654297,53.86597166
21016,1149,3B,El.Paso,2021,0.01,0.55,0.34,8.471891,9.183529844,17.000704,53.84122957,63.02475941
21017,1150,3B,El.Paso,2021,0.01,0.5,0.34,8.623683,9.348072372,15.995082,50.65642469,60.00449707
21018,1151,3B,El.Paso,2021,0.01,0.6,0.34,8.34856,9.04983904,18.006326,57.02603444,66.07587348
21019,1152,3B,El.Paso,2021,0.01,0.65,0.34,8.234716,8.926432144,19.002461,60.18079399,69.10722613
21020,1153,3B,El.Paso,2021,0.01,0.7,0.34,8.130359,8.813309156,19.998596,63.33555353,72.14886269
21021,1154,3B,El.Paso,2021,0.01,0.75,0.34,8.044976,8.720753984,20.994731,66.49031308,75.21106706
21022,1155,3B,El.Paso,2021,0.01,0.85,0.34,7.883697,8.545927548,22.968027,72.73974151,81.28566906
21023,1156,3B,El.Paso,2021,0.01,0.8,0.34,7.959593,8.628198812,21.981379,69.61502729,78.2432261
21024,1157,3B,El.Paso,2021,0.01,0.95,0.34,7.750879,8.401952836,24.922349,78.92907928,87.33103212
21025,1158,3B,El.Paso,2021,0.01,0.9,0.34,7.817288,8.473940192,23.945188,75.8344104,84.30835059
21026,1159,3B,El.Paso,2021,0.05,0.01,0.34,16.773016,18.18194934,6.593465,20.88150366,39.063453
21027,1160,3B,El.Paso,2021,0.05,0.15,0.34,12.456431,13.5027712,9.041111,28.63319854,42.13596974
21028,1161,3B,El.Paso,2021,0.05,0.1,0.34,13.708715,14.86024706,8.111385,25.6887563,40.54900336
21029,1162,3B,El.Paso,2021,0.05,0.25,0.34,11.061842,11.99103673,10.853128,34.37185638,46.3628931
21030,1163,3B,El.Paso,2021,0.05,0.2,0.34,11.659523,12.63892293,9.932889,31.45745946,44.0963824
21031,1164,3B,El.Paso,2021,0.05,0.3,0.34,10.596979,11.48712524,11.801828,37.37638928,48.86351451
21032,1165,3B,El.Paso,2021,0.05,0.35,0.34,10.255447,11.11690455,12.760015,40.41096751,51.52787205
21033,1166,3B,El.Paso,2021,0.05,0.45,0.34,9.733662,10.55128961,14.828181,46.96084923,57.51213884
21034,1167,3B,El.Paso,2021,0.05,0.4,0.34,9.96135,10.7981034,13.775124,43.62581771,54.42392111
21035,1168,3B,El.Paso,2021,0.05,0.55,0.34,9.373156,10.1605011,16.829938,53.30041365,63.46091475
21036,1169,3B,El.Paso,2021,0.05,0.5,0.34,9.543922,10.34561145,15.824316,50.11560877,60.46122022
21037,1170,3B,El.Paso,2021,0.05,0.6,0.34,9.240338,10.01652639,17.826073,56.45517319,66.47169958
21038,1171,3B,El.Paso,2021,0.05,0.65,0.34,9.10752,9.87255168,18.822208,59.60993274,69.48248442
21039,1172,3B,El.Paso,2021,0.05,0.7,0.34,8.993676,9.749144784,19.808856,62.73464695,72.48379174
21040,1173,3B,El.Paso,2021,0.05,0.75,0.34,8.898806,9.646305704,20.795504,65.85936117,75.50566687
21041,1174,3B,El.Paso,2021,0.05,0.85,0.34,8.718553,9.450911452,22.759313,72.07874427,81.52965572
21042,1175,3B,El.Paso,2021,0.05,0.8,0.34,8.803936,9.543466624,21.782152,68.98407538,78.52754201
21043,1176,3B,El.Paso,2021,0.05,0.95,0.34,8.576248,9.296652832,24.704148,78.23803672,87.53468955
21044,1177,3B,El.Paso,2021,0.05,0.9,0.34,8.642657,9.368640188,23.736474,75.17341316,84.54205335
21045,1178,3B,El.Paso,2021,0.15,0.01,0.34,20.311667,22.01784703,6.508082,20.61109569,42.62894272
21046,1179,3B,El.Paso,2021,0.15,0.15,0.34,15.444836,16.74220222,8.879832,28.12242794,44.86463017
21047,1180,3B,El.Paso,2021,0.15,0.1,0.34,16.88686,18.30535624,7.978567,25.26812169,43.57347793
21048,1181,3B,El.Paso,2021,0.15,0.25,0.34,13.746663,14.90138269,10.606466,33.59067782,48.49206051
21049,1182,3B,El.Paso,2021,0.15,0.2,0.34,14.486649,15.70352752,9.724175,30.79646223,46.49998974
21050,1183,3B,El.Paso,2021,0.15,0.3,0.34,13.177443,14.28434821,11.517218,36.47502941,50.75937762
21051,1184,3B,El.Paso,2021,0.15,0.35,0.34,12.731554,13.80100454,12.446944,39.41947165,53.22047618
21052,1185,3B,El.Paso,2021,0.15,0.45,0.34,12.057977,13.07084707,14.486649,45.87921738,58.95006445
21053,1186,3B,El.Paso,2021,0.15,0.4,0.34,12.361561,13.39993212,13.452566,42.60427652,56.00420865
21054,1187,3B,El.Paso,2021,0.15,0.55,0.34,11.612088,12.58750339,16.459945,52.12864582,64.71614921
21055,1188,3B,El.Paso,2021,0.15,0.5,0.34,11.811315,12.80346546,15.473297,49.0039316,61.80739706
21056,1189,3B,El.Paso,2021,0.15,0.6,0.34,11.431835,12.39210914,17.437106,55.2233147,67.61542384
21057,1190,3B,El.Paso,2021,0.15,0.65,0.34,11.270556,12.2172827,18.423754,58.34802892,70.56531162
21058,1191,3B,El.Paso,2021,0.15,0.7,0.34,11.128251,12.06302408,19.400915,61.44269781,73.50572189
21059,1192,3B,El.Paso,2021,0.15,0.75,0.34,11.00492,11.92933328,20.368589,64.50732136,76.43665464
21060,1193,3B,El.Paso,2021,0.15,0.85,0.34,10.777232,11.68251949,22.313424,70.66661381,82.3491333
21061,1194,3B,El.Paso,2021,0.15,0.8,0.34,10.891076,11.80592638,21.34575,67.60199025,79.40791663
21062,1195,3B,El.Paso,2021,0.15,0.95,0.34,10.596979,11.48712524,24.229798,76.73577027,88.2228955
21063,1196,3B,El.Paso,2021,0.15,0.9,0.34,10.682362,11.57968041,23.271611,73.70119204,85.28087245
21064,1197,3B,El.Paso,2021,0.1,0.01,0.34,18.566059,20.12560796,6.54603,20.73127701,40.85688497
21065,1198,3B,El.Paso,2021,0.1,0.15,0.34,13.964864,15.13791258,8.955728,28.36279058,43.50070315
21066,1199,3B,El.Paso,2021,0.1,0.1,0.34,15.312018,16.59822751,8.035489,25.44839366,42.04662118
21067,1200,3B,El.Paso,2021,0.1,0.25,0.34,12.418483,13.46163557,10.72031,33.95122177,47.41285734
21068,1201,3B,El.Paso,2021,0.1,0.2,0.34,13.09206,14.19179304,9.819045,31.09691552,45.28870856
21069,1202,3B,El.Paso,2021,0.1,0.3,0.34,11.906185,12.90630454,11.650036,36.89566401,49.80196855
21070,1203,3B,El.Paso,2021,0.1,0.35,0.34,11.498244,12.4640965,12.598736,39.90019691,52.36429341
21071,1204,3B,El.Paso,2021,0.1,0.45,0.34,10.900563,11.81621029,14.647928,46.38998798,58.20619827
21072,1205,3B,El.Paso,2021,0.1,0.4,0.34,11.175686,12.11444362,13.604358,43.08500179,55.19944541
21073,1206,3B,El.Paso,2021,0.1,0.55,0.34,10.502109,11.38428616,16.630711,52.66946174,64.05374789
21074,1207,3B,El.Paso,2021,0.1,0.5,0.34,10.682362,11.57968041,15.644063,49.54474752,61.12442793
21075,1208,3B,El.Paso,2021,0.1,0.6,0.34,10.34083,11.20945972,17.617359,55.79417595,67.00363567
21076,1209,3B,El.Paso,2021,0.1,0.65,0.34,10.198525,11.0552011,18.613494,58.9489355,70.0041366
21077,1210,3B,El.Paso,2021,0.1,0.7,0.34,10.075194,10.9215103,19.590655,62.04360439,72.96511468
21078,1211,3B,El.Paso,2021,0.1,0.75,0.34,9.96135,10.7981034,20.577303,65.1683186,75.966422
21079,1212,3B,El.Paso,2021,0.1,0.85,0.34,9.762123,10.58214133,22.522138,71.32761105,81.90975238
21080,1213,3B,El.Paso,2021,0.1,0.8,0.34,9.856993,10.68498041,21.554464,68.26298749,78.9479679
21081,1214,3B,El.Paso,2021,0.1,0.95,0.34,9.591357,10.39703099,24.457486,77.45685816,87.85388915
21082,1215,3B,El.Paso,2021,0.1,0.9,0.34,9.667253,10.47930225,23.499299,74.42227993,84.90158219
21083,1216,3B,El.Paso,2021,0.25,0.01,0.34,23.613143,25.59664701,6.441673,20.40077839,45.9974254
21084,1217,3B,El.Paso,2021,0.25,0.15,0.34,18.281449,19.81709072,8.765988,27.761884,47.57897471
21085,1218,3B,El.Paso,2021,0.25,0.1,0.34,19.884752,21.55507117,7.893184,24.99771373,46.5527849
21086,1219,3B,El.Paso,2021,0.25,0.25,0.34,16.327127,17.69860567,10.426213,33.01981657,50.71842224
21087,1220,3B,El.Paso,2021,0.25,0.2,0.34,17.180957,18.62415739,9.58187,30.34578229,48.96993968
21088,1221,3B,El.Paso,2021,0.25,0.3,0.34,15.644063,16.95816429,11.308504,35.81403217,52.77219646
21089,1222,3B,El.Paso,2021,0.25,0.35,0.34,15.112791,16.38226544,12.209769,38.66833842,55.05060387
21090,1223,3B,El.Paso,2021,0.25,0.45,0.34,14.287422,15.48756545,14.211526,45.00790284,60.49546829
21091,1224,3B,El.Paso,2021,0.25,0.4,0.34,14.666902,15.89892177,13.18693,41.76300731,57.66192908
21092,1225,3B,El.Paso,2021,0.25,0.55,0.34,13.746663,14.90138269,16.156361,51.16719529,66.06857798
21093,1226,3B,El.Paso,2021,0.25,0.5,0.34,13.993325,15.1687643,15.1792,48.0725264,63.2412907
21094,1227,3B,El.Paso,2021,0.25,0.6,0.34,13.537949,14.67513672,17.124035,54.23181885,68.90695556
21095,1228,3B,El.Paso,2021,0.25,0.65,0.34,13.338722,14.45917465,18.091709,57.2964424,71.75561705
21096,1229,3B,El.Paso,2021,0.25,0.7,0.34,13.177443,14.28434821,19.049896,60.33102063,74.61536884
21097,1230,3B,El.Paso,2021,0.25,0.75,0.34,13.016164,14.10952178,20.01757,63.39564419,77.50516597
21098,1231,3B,El.Paso,2021,0.25,0.85,0.34,12.760015,13.83185626,21.933944,69.46480065,83.29665691
21099,1232,3B,El.Paso,2021,0.25,0.8,0.34,12.883346,13.96554706,20.975757,66.43022242,80.39576948
21100,1233,3B,El.Paso,2021,0.25,0.95,0.34,12.532327,13.58504247,23.821857,75.44382112,89.02886359
21101,1234,3B,El.Paso,2021,0.25,0.9,0.34,12.636684,13.69816546,22.882644,72.46933355,86.167499
21102,1235,3B,El.Paso,2021,0.2,0.01,0.34,21.990866,23.83809874,6.470134,20.49091438,44.32901312
21103,1236,3B,El.Paso,2021,0.2,0.15,0.34,16.88686,18.30535624,8.813423,27.91211064,46.21746688
21104,1237,3B,El.Paso,2021,0.2,0.1,0.34,18.40478,19.95078152,7.931132,25.11789504,45.06867656
21105,1238,3B,El.Paso,2021,0.2,0.25,0.34,15.046382,16.31027809,10.511596,33.29022453,49.60050262
21106,1239,3B,El.Paso,2021,0.2,0.2,0.34,15.852777,17.18441027,9.648279,30.55609959,47.74050986
21107,1240,3B,El.Paso,2021,0.2,0.3,0.34,14.429727,15.64182407,11.412861,36.14453079,51.78635485
21108,1241,3B,El.Paso,2021,0.2,0.35,0.34,13.936403,15.10706085,12.323613,39.02888237,54.13594322
21109,1242,3B,El.Paso,2021,0.2,0.45,0.34,13.18693,14.29463212,14.344344,45.42853745,59.72316957
21110,1243,3B,El.Paso,2021,0.2,0.4,0.34,13.528462,14.66485281,13.310261,42.15359659,56.8184494
21111,1244,3B,El.Paso,2021,0.2,0.55,0.34,12.693606,13.7598689,16.298666,51.61787522,65.37774413
21112,1245,3B,El.Paso,2021,0.2,0.5,0.34,12.921294,14.0066827,15.321505,48.52320634,62.52988903
21113,1246,3B,El.Paso,2021,0.2,0.6,0.34,12.484892,13.53362293,17.275827,54.71254411,68.24616704
21114,1247,3B,El.Paso,2021,0.2,0.65,0.34,12.314126,13.34851258,18.243501,57.77716767,71.12568025
21115,1248,3B,El.Paso,2021,0.2,0.7,0.34,12.162334,13.18397006,19.220662,60.87183655,74.05580661
21116,1249,3B,El.Paso,2021,0.2,0.75,0.34,12.020029,13.02971144,20.188336,63.93646011,76.96617155
21117,1250,3B,El.Paso,2021,0.2,0.85,0.34,11.782854,12.77261374,22.114197,70.0356619,82.80827563
21118,1251,3B,El.Paso,2021,0.2,0.8,0.34,11.896698,12.89602063,21.146523,66.97103834,79.86705897
21119,1252,3B,El.Paso,2021,0.2,0.95,0.34,11.583627,12.55665167,24.021084,76.07477303,88.6314247
21120,1253,3B,El.Paso,2021,0.2,0.9,0.34,11.66901,12.64920684,23.072384,73.07024013,85.71944697
21121,1254,3B,El.Paso,2021,0.3,0.01,0.34,25.178498,27.29349183,6.422699,20.34068773,47.63417957
21122,1255,3B,El.Paso,2021,0.3,0.15,0.34,19.609629,21.25683784,8.756501,27.73183867,48.9886765
21123,1256,3B,El.Paso,2021,0.3,0.1,0.34,21.279341,23.06680564,7.87421,24.93762307,48.00442871
21124,1257,3B,El.Paso,2021,0.3,0.25,0.34,17.513002,18.98409417,10.445187,33.07990723,52.0640014
21125,1258,3B,El.Paso,2021,0.3,0.2,0.34,18.442728,19.99191715,9.58187,30.34578229,50.33769944
21126,1259,3B,El.Paso,2021,0.3,0.3,0.34,16.782503,18.19223325,11.327478,35.87412283,54.06635608
21127,1260,3B,El.Paso,2021,0.3,0.35,0.34,16.213283,17.57519877,12.247717,38.78851974,56.36371851
21128,1261,3B,El.Paso,2021,0.3,0.45,0.34,15.36894,16.65993096,14.126143,44.73749488,61.39742584
21129,1262,3B,El.Paso,2021,0.3,0.4,0.34,15.74842,17.07128728,13.177443,41.73296198,58.80424926
21130,1263,3B,El.Paso,2021,0.3,0.55,0.34,14.780746,16.02232866,16.023543,50.74656068,66.76888935
21131,1264,3B,El.Paso,2021,0.3,0.5,0.34,15.046382,16.31027809,15.074843,47.74202778,64.05230587
21132,1265,3B,El.Paso,2021,0.3,0.6,0.34,14.543571,15.76523096,16.98173,53.78113891,69.54636987
21133,1266,3B,El.Paso,2021,0.3,0.65,0.34,14.344344,15.5492689,17.949404,56.84576247,72.39503136
21134,1267,3B,El.Paso,2021,0.3,0.7,0.34,14.164091,15.35387464,18.907591,59.8803407,75.23421534
21135,1268,3B,El.Paso,2021,0.3,0.75,0.34,14.002812,15.17904821,19.856291,62.8848736,78.0639218
21136,1269,3B,El.Paso,2021,0.3,0.85,0.34,13.718202,14.87053097,21.763178,68.92398473,83.79451569
21137,1270,3B,El.Paso,2021,0.3,0.8,0.34,13.85102,15.01450568,20.814478,65.91945183,80.93395751
21138,1271,3B,El.Paso,2021,0.3,0.95,0.34,13.481027,14.61343327,23.641604,74.87295987,89.48639314
21139,1272,3B,El.Paso,2021,0.3,0.9,0.34,13.594871,14.73684016,22.711878,71.92851763,86.66535779
21140,1273,3B,El.Paso,2021,0.35,0.01,0.34,26.677444,28.9183493,6.403725,20.28059708,49.19894637
21141,1274,3B,El.Paso,2021,0.35,0.15,0.34,20.918835,22.67601714,8.72804,27.64170268,50.31771982
21142,1275,3B,El.Paso,2021,0.35,0.1,0.34,22.664443,24.56825621,7.845749,24.84748708,49.4157433
21143,1276,3B,El.Paso,2021,0.35,0.25,0.34,18.708364,20.27986658,10.388265,32.89963526,53.17950183
21144,1277,3B,El.Paso,2021,0.35,0.2,0.34,19.704499,21.35967692,9.534435,30.19555565,51.55523256
21145,1278,3B,El.Paso,2021,0.35,0.3,0.34,17.939917,19.44687003,11.261069,35.66380552,55.11067555
21146,1279,3B,El.Paso,2021,0.35,0.35,0.34,17.323262,18.77841601,12.162334,38.51811178,57.29652779
21147,1280,3B,El.Paso,2021,0.35,0.45,0.34,16.421997,17.80144475,14.021786,44.40699626,62.20844101
21148,1281,3B,El.Paso,2021,0.35,0.4,0.34,16.839425,18.2539367,13.082573,41.43250869,59.68644539
21149,1282,3B,El.Paso,2021,0.35,0.55,0.34,15.786368,17.11242291,15.909699,50.38601673,67.49843964
21150,1283,3B,El.Paso,2021,0.35,0.5,0.34,16.080465,17.43122406,14.970486,47.41152916,64.84275322
21151,1284,3B,El.Paso,2021,0.35,0.6,0.34,15.539706,16.8450413,16.858399,53.39054963,70.23559094
21152,1285,3B,El.Paso,2021,0.35,0.65,0.34,15.321505,16.60851142,17.816586,56.42512786,73.03363928
21153,1286,3B,El.Paso,2021,0.35,0.7,0.34,15.122278,16.39254935,18.765286,59.42966076,75.82221011
21154,1287,3B,El.Paso,2021,0.35,0.75,0.34,14.951512,16.20743901,19.713986,62.43419366,78.64163267
21155,1288,3B,El.Paso,2021,0.35,0.85,0.34,14.647928,15.87835395,21.611386,68.44325946,84.32161341
21156,1289,3B,El.Paso,2021,0.35,0.8,0.34,14.790233,16.03261257,20.662686,65.43872656,81.47133913
21157,1290,3B,El.Paso,2021,0.35,0.95,0.34,14.391779,15.60068844,23.461351,74.30209862,89.90278705
21158,1291,3B,El.Paso,2021,0.35,0.9,0.34,14.51511,15.73437924,22.550599,71.41774703,87.15212627
21159,1292,3B,El.Paso,2021,0.45,0.01,0.34,29.523544,32.0035217,6.375264,20.19046109,52.19398278
21160,1293,3B,El.Paso,2021,0.45,0.15,0.34,23.413916,25.38068494,8.690092,27.52152136,52.90220631
21161,1294,3B,El.Paso,2021,0.45,0.1,0.34,25.263881,27.386047,7.817288,24.7573511,52.1433981
21162,1295,3B,El.Paso,2021,0.45,0.25,0.34,21.023192,22.78914013,10.302882,32.62922729,55.41836742
21163,1296,3B,El.Paso,2021,0.45,0.2,0.34,22.114197,23.97178955,9.477513,30.01528367,53.98707322
21164,1297,3B,El.Paso,2021,0.45,0.3,0.34,20.169362,21.86358841,11.147225,35.30326158,57.16684998
21165,1298,3B,El.Paso,2021,0.45,0.35,0.34,19.476811,21.11286312,12.029516,38.09747717,59.2103403
21166,1299,3B,El.Paso,2021,0.45,0.45,0.34,18.452215,20.00220106,13.85102,43.86618034,63.8683814
21167,1300,3B,El.Paso,2021,0.45,0.4,0.34,18.917078,20.50611255,12.930781,40.95178343,61.45789598
21168,1301,3B,El.Paso,2021,0.45,0.55,0.34,17.731203,19.22062405,15.700985,49.7250195,68.94564355
21169,1302,3B,El.Paso,2021,0.45,0.5,0.34,18.063248,19.58056083,14.771259,46.78057725,66.36113809
21170,1303,3B,El.Paso,2021,0.45,0.6,0.34,17.437106,18.9018229,16.649685,52.7295524,71.6313753
21171,1304,3B,El.Paso,2021,0.45,0.65,0.34,17.199931,18.6447252,17.588898,55.70403997,74.34876517
21172,1305,3B,El.Paso,2021,0.45,0.7,0.34,16.972243,18.39791141,18.528111,58.67852754,77.07643895
21173,1306,3B,El.Paso,2021,0.45,0.75,0.34,16.782503,18.19223325,19.467324,61.65301511,79.84524836
21174,1307,3B,El.Paso,2021,0.45,0.85,0.34,16.440971,17.82201256,21.336263,67.57194492,85.39395748
21175,1308,3B,El.Paso,2021,0.45,0.8,0.34,16.60225,17.996839,20.406537,64.62750268,82.62434168
21176,1309,3B,El.Paso,2021,0.45,0.95,0.34,16.165848,17.52377923,23.138793,73.28055743,90.80433666
21177,1310,3B,El.Paso,2021,0.45,0.9,0.34,16.289179,17.65747004,22.265989,70.51638716,88.1738572
21178,1311,3B,El.Paso,2021,0.4,0.01,0.34,28.128955,30.49178722,6.384751,20.22050642,50.71229364
21179,1312,3B,El.Paso,2021,0.4,0.15,0.34,22.190093,24.05406081,8.699579,27.55156669,51.60562751
21180,1313,3B,El.Paso,2021,0.4,0.1,0.34,23.992623,26.00800333,7.836262,24.81744175,50.82544509
21181,1314,3B,El.Paso,2021,0.4,0.25,0.34,19.894239,21.56535508,10.34083,32.74940861,54.31476369
21182,1315,3B,El.Paso,2021,0.4,0.2,0.34,20.928322,22.68630105,9.505974,30.10541966,52.79172071
21183,1316,3B,El.Paso,2021,0.4,0.3,0.34,19.06887,20.67065508,11.19466,35.45348822,56.1241433
21184,1317,3B,El.Paso,2021,0.4,0.35,0.34,18.414267,19.96106543,12.086438,38.27774915,58.23881457
21185,1318,3B,El.Paso,2021,0.4,0.45,0.34,17.446593,18.91210681,13.926916,44.10654297,63.01864978
21186,1319,3B,El.Paso,2021,0.4,0.4,0.34,17.882995,19.38516658,13.006677,41.19214606,60.57731264
21187,1320,3B,El.Paso,2021,0.4,0.55,0.34,16.773016,18.18194934,15.795855,50.02547279,68.20742213
21188,1321,3B,El.Paso,2021,0.4,0.5,0.34,17.086087,18.52131831,14.866129,47.08103054,65.60234885
21189,1322,3B,El.Paso,2021,0.4,0.6,0.34,16.50738,17.89399992,16.744555,53.03000569,70.9240056
21190,1323,3B,El.Paso,2021,0.4,0.65,0.34,16.270205,17.63690222,17.693255,56.03453859,73.6714408
21191,1324,3B,El.Paso,2021,0.4,0.7,0.34,16.061491,17.41065624,18.641955,59.03907149,76.44972773
21192,1325,3B,El.Paso,2021,0.4,0.75,0.34,15.871751,17.20497808,19.590655,62.04360439,79.24858247
21193,1326,3B,El.Paso,2021,0.4,0.85,0.34,15.55868,16.86560912,21.469081,67.99257953,84.85818865
21194,1327,3B,El.Paso,2021,0.4,0.8,0.34,15.710472,17.03015165,20.529868,65.01809196,82.0482436
21195,1328,3B,El.Paso,2021,0.4,0.95,0.34,15.293044,16.5776597,23.300072,73.79132802,90.36898772
21196,1329,3B,El.Paso,2021,0.4,0.9,0.34,15.416375,16.7113505,22.398807,70.93702177,87.64837227
21197,1330,3B,El.Paso,2021,0.55,0.01,0.34,32.16093,34.86244812,6.365777,20.16041576,55.02286388
21198,1331,3B,El.Paso,2021,0.55,0.15,0.34,25.719257,27.87967459,8.671118,27.46143071,55.34110529
21199,1332,3B,El.Paso,2021,0.55,0.1,0.34,27.692553,30.01872745,7.807801,24.72730577,54.74603322
21200,1333,3B,El.Paso,2021,0.55,0.25,0.34,23.205202,25.15443897,10.24596,32.44895532,57.60339429
21201,1334,3B,El.Paso,2021,0.55,0.2,0.34,24.362616,26.40907574,9.449052,29.92514768,56.33422343
21202,1335,3B,El.Paso,2021,0.55,0.3,0.34,22.275476,24.14661598,11.071329,35.06289894,59.20951493
21203,1336,3B,El.Paso,2021,0.55,0.35,0.34,21.507029,23.31361944,11.934646,37.79702388,61.11064332
21204,1337,3B,El.Paso,2021,0.55,0.45,0.34,20.368589,22.07955048,13.708715,43.41550041,65.49505088
21205,1338,3B,El.Paso,2021,0.55,0.4,0.34,20.880887,22.63488151,12.816937,40.59123948,63.22612099
21206,1339,3B,El.Paso,2021,0.55,0.55,0.34,19.562194,21.2054183,15.539706,49.2142489,70.4196672
21207,1340,3B,El.Paso,2021,0.55,0.5,0.34,19.932187,21.60649071,14.619467,46.29985199,67.9063427
21208,1341,3B,El.Paso,2021,0.55,0.6,0.34,19.249123,20.86604933,16.469432,52.15869114,73.02474048
21209,1342,3B,El.Paso,2021,0.55,0.65,0.34,18.974,20.567816,17.399158,55.10313339,75.67094939
21210,1343,3B,El.Paso,2021,0.55,0.7,0.34,18.727338,20.30043439,18.328884,58.04757563,78.34801002
21211,1344,3B,El.Paso,2021,0.55,0.75,0.34,18.509137,20.06390451,19.25861,60.99201787,81.05592238
21212,1345,3B,El.Paso,2021,0.55,0.85,0.34,18.139144,19.6628321,21.099088,66.8208117,86.48364379
21213,1346,3B,El.Paso,2021,0.55,0.8,0.34,18.30991,19.84794244,20.178849,63.90641478,83.75435722
21214,1347,3B,El.Paso,2021,0.55,0.95,0.34,17.845047,19.34403095,22.854183,72.37919756,91.72322851
21215,1348,3B,El.Paso,2021,0.55,0.9,0.34,17.977865,19.48800566,22.019327,69.73520861,89.22321427
21216,1349,3B,El.Paso,2021,0.5,0.01,0.34,30.861211,33.45355272,6.365777,20.16041576,53.61396848
21217,1350,3B,El.Paso,2021,0.5,0.15,0.34,24.590304,26.65588954,8.680605,27.49147604,54.14736557
21218,1351,3B,El.Paso,2021,0.5,0.1,0.34,26.497191,28.72295504,7.807801,24.72730577,53.45026081
21219,1352,3B,El.Paso,2021,0.5,0.25,0.34,22.133171,23.99235736,10.274421,32.53909131,56.53144867
21220,1353,3B,El.Paso,2021,0.5,0.2,0.34,23.252637,25.20585851,9.458539,29.95519301,55.16105152
21221,1354,3B,El.Paso,2021,0.5,0.3,0.34,21.241393,23.02567001,11.109277,35.18308026,58.20875027
21222,1355,3B,El.Paso,2021,0.5,0.35,0.34,20.501407,22.22352519,11.972594,37.9172052,60.14073039
21223,1356,3B,El.Paso,2021,0.5,0.45,0.34,19.429376,21.06144358,13.775124,43.62581771,64.68726129
21224,1357,3B,El.Paso,2021,0.5,0.4,0.34,19.913213,21.58592289,12.864372,40.74146612,62.32738902
21225,1358,3B,El.Paso,2021,0.5,0.55,0.34,18.660929,20.22844704,15.615602,49.45461153,69.68305857
21226,1359,3B,El.Paso,2021,0.5,0.5,0.34,19.011948,20.60895163,14.695363,46.54021462,67.14916625
21227,1360,3B,El.Paso,2021,0.5,0.6,0.34,18.357345,19.89936198,16.554815,52.42909911,72.32846109
21228,1361,3B,El.Paso,2021,0.5,0.65,0.34,18.101196,19.62169646,17.494028,55.40358668,75.02528314
21229,1362,3B,El.Paso,2021,0.5,0.7,0.34,17.864021,19.36459876,18.423754,58.34802892,77.71262768
21230,1363,3B,El.Paso,2021,0.5,0.75,0.34,17.655307,19.13835279,19.35348,61.29247116,80.43082395
21231,1364,3B,El.Paso,2021,0.5,0.85,0.34,17.304288,18.75784819,21.212932,67.18135564,85.93920384
21232,1365,3B,El.Paso,2021,0.5,0.8,0.34,17.465567,18.93267463,20.283206,64.2369134,83.16958803
21233,1366,3B,El.Paso,2021,0.5,0.95,0.34,17.019678,18.44933095,22.996488,72.8298775,91.27920845
21234,1367,3B,El.Paso,2021,0.5,0.9,0.34,17.143009,18.58302176,22.133171,70.09575256,88.67877431
21235,1368,3B,El.Paso,2021,0.6,0.01,0.34,33.403727,36.20964007,6.35629,20.13037043,56.3400105
21236,1369,3B,El.Paso,2021,0.6,0.15,0.34,26.810262,29.06232401,8.680605,27.49147604,56.55380004
21237,1370,3B,El.Paso,2021,0.6,0.1,0.34,28.830993,31.25279641,7.807801,24.72730577,55.98010218
21238,1371,3B,El.Paso,2021,0.6,0.25,0.34,24.239285,26.27538494,10.236473,32.41890999,58.69429493
21239,1372,3B,El.Paso,2021,0.6,0.2,0.34,25.42516,27.56087344,9.439565,29.89510236,57.4559758
21240,1373,3B,El.Paso,2021,0.6,0.3,0.34,23.271611,25.22642632,11.052355,35.00280829,60.22923461
21241,1374,3B,El.Paso,2021,0.6,0.35,0.34,22.474703,24.36257805,11.896698,37.67684257,62.03942062
21242,1375,3B,El.Paso,2021,0.6,0.45,0.34,21.288828,23.07708955,13.66128,43.26527376,66.34236331
21243,1376,3B,El.Paso,2021,0.6,0.4,0.34,21.8201,23.6529884,12.769502,40.44101283,64.09400123
21244,1377,3B,El.Paso,2021,0.6,0.55,0.34,20.444485,22.16182174,15.473297,49.0039316,71.16575334
21245,1378,3B,El.Paso,2021,0.6,0.5,0.34,20.833452,22.58346197,14.562545,46.11958002,68.70304198
21246,1379,3B,El.Paso,2021,0.6,0.6,0.34,20.11244,21.80188496,16.403023,51.94837384,73.7502588
21247,1380,3B,El.Paso,2021,0.6,0.65,0.34,19.818343,21.48308381,17.323262,54.86277075,76.34585457
21248,1381,3B,El.Paso,2021,0.6,0.7,0.34,19.571681,21.2157022,18.243501,57.77716767,78.99286987
21249,1382,3B,El.Paso,2021,0.6,0.75,0.34,19.343993,20.96888841,19.16374,60.69156458,81.66045299
21250,1383,3B,El.Paso,2021,0.6,0.85,0.34,18.955026,20.54724818,20.994731,66.49031308,87.03756126
21251,1384,3B,El.Paso,2021,0.6,0.8,0.34,19.135279,20.74264244,20.083979,63.60596149,84.34860393
21252,1385,3B,El.Paso,2021,0.6,0.95,0.34,18.651442,20.21816313,22.730852,71.98860828,92.20677141
21253,1386,3B,El.Paso,2021,0.6,0.9,0.34,18.78426,20.36213784,21.905483,69.37466466,89.7368025
21254,1387,3B,El.Paso,2021,0.65,0.01,0.34,34.589602,37.49512857,6.365777,20.16041576,57.65554433
21255,1388,3B,El.Paso,2021,0.65,0.15,0.34,27.79691,30.13185044,8.718553,27.61165735,57.74350779
21256,1389,3B,El.Paso,2021,0.65,0.1,0.34,29.855589,32.36345848,7.845749,24.84748708,57.21094556
21257,1390,3B,El.Paso,2021,0.65,0.25,0.34,25.064654,27.17008494,10.34083,32.74940861,59.91949355
21258,1391,3B,El.Paso,2021,0.65,0.2,0.34,26.316938,28.52756079,9.515461,30.13546499,58.66302578
21259,1392,3B,El.Paso,2021,0.65,0.3,0.34,24.059032,26.07999069,11.185173,35.42344289,61.50343358
21260,1393,3B,El.Paso,2021,0.65,0.35,0.34,23.24315,25.1955746,12.057977,38.18761316,63.38318776
21261,1394,3B,El.Paso,2021,0.65,0.45,0.34,22.047788,23.89980219,13.832046,43.80608968,67.70589187
21262,1395,3B,El.Paso,2021,0.65,0.4,0.34,22.588547,24.48598495,12.940268,40.98182876,65.4678137
21263,1396,3B,El.Paso,2021,0.65,0.55,0.34,21.212932,22.99481829,15.615602,49.45461153,72.44942982
21264,1397,3B,El.Paso,2021,0.65,0.5,0.34,21.601899,23.41645852,14.723824,46.63035061,70.04680912
21265,1398,3B,El.Paso,2021,0.65,0.6,0.34,20.880887,22.63488151,16.526354,52.33896312,74.97384463
21266,1399,3B,El.Paso,2021,0.65,0.65,0.34,20.58679,22.31608036,17.484541,55.37354135,77.68962171
21267,1400,3B,El.Paso,2021,0.65,0.7,0.34,20.330641,22.03841484,18.376319,58.19780227,80.23621712
21268,1401,3B,El.Paso,2021,0.65,0.75,0.34,20.11244,21.80188496,19.277584,61.05210853,82.85399349
21269,1402,3B,El.Paso,2021,0.65,0.85,0.34,19.713986,21.36996082,21.089601,66.79076637,88.16072719
21270,1403,3B,El.Paso,2021,0.65,0.8,0.34,19.903726,21.57563898,20.188336,63.93646011,85.5120991
21271,1404,3B,El.Paso,2021,0.65,0.95,0.34,19.400915,21.03059186,22.825722,72.28906157,93.31965343
21272,1405,3B,El.Paso,2021,0.65,0.9,0.34,19.54322,21.18485048,21.990866,69.64507262,90.8299231
21273,1406,3B,El.Paso,2021,0.7,0.01,0.34,35.728042,38.72919753,6.365777,20.16041576,58.88961329
21274,1407,3B,El.Paso,2021,0.7,0.15,0.34,28.726636,31.13967342,8.765988,27.761884,58.90155742
21275,1408,3B,El.Paso,2021,0.7,0.1,0.34,30.823263,33.41241709,7.883697,24.9676684,58.38008549
21276,1409,3B,El.Paso,2021,0.7,0.25,0.34,25.852075,28.0236493,10.464161,33.13999789,61.16364719
21277,1410,3B,El.Paso,2021,0.7,0.2,0.34,27.151794,29.4325447,9.600844,30.40587295,59.83841764
21278,1411,3B,El.Paso,2021,0.7,0.3,0.34,24.799018,26.88213551,11.336965,35.90416816,62.78630367
21279,1412,3B,El.Paso,2021,0.7,0.35,0.34,23.973649,25.98743552,12.228743,38.72842908,64.7158646
21280,1413,3B,El.Paso,2021,0.7,0.45,0.34,22.7688,24.6813792,14.021786,44.40699626,69.08837546
21281,1414,3B,El.Paso,2021,0.7,0.4,0.34,23.309559,25.26756196,13.130008,41.58273534,66.85029729
21282,1415,3B,El.Paso,2021,0.7,0.55,0.34,21.943431,23.7866792,15.795855,50.02547279,73.81215199
21283,1416,3B,El.Paso,2021,0.7,0.5,0.34,22.322911,24.19803552,14.923051,47.26130252,71.45933804
21284,1417,3B,El.Paso,2021,0.7,0.6,0.34,21.620873,23.43702633,16.678146,52.81968838,76.25671471
21285,1418,3B,El.Paso,2021,0.7,0.65,0.34,21.317289,23.10794128,17.655307,55.91435727,79.02229855
21286,1419,3B,El.Paso,2021,0.7,0.7,0.34,21.070627,22.84055967,18.528111,58.67852754,81.51908721
21287,1420,3B,El.Paso,2021,0.7,0.75,0.34,20.852426,22.60402978,19.410402,61.47274313,84.07677292
21288,1421,3B,El.Paso,2021,0.7,0.85,0.34,20.453972,22.17210565,21.193958,67.12126499,89.29337063
21289,1422,3B,El.Paso,2021,0.7,0.8,0.34,20.643712,22.37778381,20.30218,64.29700406,86.67478787
21290,1423,3B,El.Paso,2021,0.7,0.95,0.34,20.140901,21.83273668,22.939566,72.64960552,94.48234221
21291,1424,3B,El.Paso,2021,0.7,0.9,0.34,20.283206,21.9869953,22.085736,69.94552591,91.93252122
21292,1425,3B,El.Paso,2021,0.75,0.01,0.34,36.819047,39.91184695,6.375264,20.19046109,60.10230804
21293,1426,3B,El.Paso,2021,0.75,0.15,0.34,29.608927,32.09607687,8.82291,27.94215597,60.03823284
21294,1427,3B,El.Paso,2021,0.75,0.1,0.34,31.743502,34.40995617,7.931132,25.11789504,59.52785121
21295,1428,3B,El.Paso,2021,0.75,0.25,0.34,26.5636,28.7949424,10.606466,33.59067782,62.38562022
21296,1429,3B,El.Paso,2021,0.75,0.2,0.34,27.929728,30.27582515,9.705201,30.73637157,61.01219672
21297,1430,3B,El.Paso,2021,0.75,0.3,0.34,25.482082,27.62257689,11.517218,36.47502941,64.09760629
21298,1431,3B,El.Paso,2021,0.75,0.35,0.34,24.637739,26.70730908,12.42797,39.35938099,66.06669007
21299,1432,3B,El.Paso,2021,0.75,0.45,0.34,23.451864,25.42182058,14.249474,45.12808416,70.54990473
21300,1433,3B,El.Paso,2021,0.75,0.4,0.34,23.983136,25.99771942,13.348209,42.2737779,68.27149733
21301,1434,3B,El.Paso,2021,0.75,0.55,0.34,22.635982,24.53740449,16.014056,50.71651535,75.25391984
21302,1435,3B,El.Paso,2021,0.75,0.5,0.34,23.005975,24.9384769,15.141252,47.95234508,72.89082198
21303,1436,3B,El.Paso,2021,0.75,0.6,0.34,22.322911,24.19803552,16.867886,53.42059496,77.61863049
21304,1437,3B,El.Paso,2021,0.75,0.65,0.34,22.00984,23.85866656,17.864021,56.57535451,80.43402107
21305,1438,3B,El.Paso,2021,0.75,0.7,0.34,21.782152,23.61185277,18.698877,59.21934346,82.83119623
21306,1439,3B,El.Paso,2021,0.75,0.75,0.34,21.563951,23.37532288,19.552707,61.92342307,85.29874595
21307,1440,3B,El.Paso,2021,0.75,0.85,0.34,21.174984,22.95368266,21.307802,67.48180893,90.43549159
21308,1441,3B,El.Paso,2021,0.75,0.8,0.34,21.355237,23.14907691,20.434998,64.71763867,87.86671557
21309,1442,3B,El.Paso,2021,0.75,0.95,0.34,20.852426,22.60402978,23.034436,72.95005881,95.5540886
21310,1443,3B,El.Paso,2021,0.75,0.9,0.34,21.004218,22.76857231,22.180606,70.2459792,93.01455151
21311,1444,3B,El.Paso,2021,0.85,0.01,0.34,38.972596,42.24629406,6.375264,20.19046109,62.43675515
21312,1445,3B,El.Paso,2021,0.85,0.15,0.34,31.534788,34.18371019,8.82291,27.94215597,62.12586616
21313,1446,3B,El.Paso,2021,0.85,0.1,0.34,33.735772,36.56957685,7.931132,25.11789504,61.68747189
21314,1447,3B,El.Paso,2021,0.85,0.25,0.34,28.280747,30.65632975,10.644414,33.71085914,64.36718889
21315,1448,3B,El.Paso,2021,0.85,0.2,0.34,29.741745,32.24005158,9.724175,30.79646223,63.03651381
21316,1449,3B,El.Paso,2021,0.85,0.3,0.34,27.123333,29.40169297,11.564653,36.62525605,66.02694902
21317,1450,3B,El.Paso,2021,0.85,0.35,0.34,26.231555,28.43500562,12.484892,39.53965296,67.97465858
21318,1451,3B,El.Paso,2021,0.85,0.45,0.34,24.969784,27.06724586,14.296909,45.2783108,72.34555666
21319,1452,3B,El.Paso,2021,0.85,0.4,0.34,25.529517,27.67399643,13.395644,42.42400455,70.09800098
21320,1453,3B,El.Paso,2021,0.85,0.55,0.34,24.115954,26.14169414,16.061491,50.866742,77.00843613
21321,1454,3B,El.Paso,2021,0.85,0.5,0.34,24.504921,26.56333436,15.188687,48.10257173,74.66590609
21322,1455,3B,El.Paso,2021,0.85,0.6,0.34,23.783909,25.78175736,16.905834,53.54077628,79.32253363
21323,1456,3B,El.Paso,2021,0.85,0.65,0.34,23.451864,25.42182058,17.911456,56.72558115,82.14740173
21324,1457,3B,El.Paso,2021,0.85,0.7,0.34,23.214689,25.16472288,18.727338,59.30947945,84.47420232
21325,1458,3B,El.Paso,2021,0.85,0.75,0.34,22.987001,24.91790908,19.562194,61.9534684,86.87137748
21326,1459,3B,El.Paso,2021,0.85,0.85,0.34,22.588547,24.48598495,21.288828,67.42171828,91.90770322
21327,1460,3B,El.Paso,2021,0.85,0.8,0.34,22.778287,24.69166311,20.425511,64.68759334,89.37925645
21328,1461,3B,El.Paso,2021,0.85,0.95,0.34,22.256502,24.12604817,22.987001,72.79983217,96.92588034
21329,1462,3B,El.Paso,2021,0.85,0.9,0.34,22.417781,24.3008746,22.142658,70.12579789,94.42667249
21330,1463,3B,El.Paso,2021,0.8,0.01,0.34,37.929026,41.11506418,6.365777,20.16041576,61.27547994
21331,1464,3B,El.Paso,2021,0.8,0.15,0.34,30.64301,33.21702284,8.803936,27.88206531,61.09908815
21332,1465,3B,El.Paso,2021,0.8,0.1,0.34,32.796559,35.55146996,7.912158,25.05780439,60.60927434
21333,1466,3B,El.Paso,2021,0.8,0.25,0.34,27.445891,29.75134584,10.615953,33.62072315,63.37206899
21334,1467,3B,El.Paso,2021,0.8,0.2,0.34,28.878428,31.30421595,9.695714,30.70632624,62.01054219
21335,1468,3B,El.Paso,2021,0.8,0.3,0.34,26.316938,28.52756079,11.536192,36.53512006,65.06268086
21336,1469,3B,El.Paso,2021,0.8,0.35,0.34,25.434647,27.57115735,12.465918,39.47956231,67.05071965
21337,1470,3B,El.Paso,2021,0.8,0.45,0.34,24.210824,26.24453322,14.287422,45.24826547,71.49279869
21338,1471,3B,El.Paso,2021,0.8,0.4,0.34,24.751583,26.83071597,13.386157,42.39395922,69.22467519
21339,1472,3B,El.Paso,2021,0.8,0.55,0.34,23.375968,25.33954931,16.061491,50.866742,76.20629131
21340,1473,3B,El.Paso,2021,0.8,0.5,0.34,23.755448,25.75090563,15.188687,48.10257173,73.85347736
21341,1474,3B,El.Paso,2021,0.8,0.6,0.34,23.05341,24.98989644,16.915321,53.57082161,78.56071805
21342,1475,3B,El.Paso,2021,0.8,0.65,0.34,22.730852,24.64024357,17.939917,56.81571714,81.45596071
21343,1476,3B,El.Paso,2021,0.8,0.7,0.34,22.493677,24.38314587,18.765286,59.42966076,83.81280663
21344,1477,3B,El.Paso,2021,0.8,0.75,0.34,22.275476,24.14661598,19.609629,62.10369504,86.25031103
21345,1478,3B,El.Paso,2021,0.8,0.85,0.34,21.886509,23.72497576,21.355237,67.63203558,91.35701134
21346,1479,3B,El.Paso,2021,0.8,0.8,0.34,22.066762,23.92037001,20.49192,64.89791064,88.81828065
21347,1480,3B,El.Paso,2021,0.8,0.95,0.34,21.554464,23.36503898,23.081871,73.10028546,96.46532443
21348,1481,3B,El.Paso,2021,0.8,0.9,0.34,21.706256,23.5295815,22.228041,70.39620585,93.92578735
21349,1482,3B,El.Paso,2021,0.95,0.01,0.34,40.936405,44.37506302,6.384751,20.22050642,64.59556944
21350,1483,3B,El.Paso,2021,0.95,0.15,0.34,33.213987,36.00396191,8.879832,28.12242794,64.12638985
21351,1484,3B,El.Paso,2021,0.95,0.1,0.34,35.48138,38.46181592,7.978567,25.26812169,63.72993761
21352,1485,3B,El.Paso,2021,0.95,0.25,0.34,29.855589,32.36345848,10.710823,33.92117644,66.28463492
21353,1486,3B,El.Paso,2021,0.95,0.2,0.34,31.364022,33.99859985,9.790584,31.00677953,65.00537938
21354,1487,3B,El.Paso,2021,0.95,0.3,0.34,28.660227,31.06768607,11.631062,36.83557335,67.90325942
21355,1488,3B,El.Paso,2021,0.95,0.35,0.34,27.721014,30.04957918,12.551301,39.74997027,69.79954944
21356,1489,3B,El.Paso,2021,0.95,0.45,0.34,26.411808,28.63039987,14.344344,45.42853745,74.05893732
21357,1490,3B,El.Paso,2021,0.95,0.4,0.34,26.990515,29.25771826,13.452566,42.60427652,71.86199478
21358,1491,3B,El.Paso,2021,0.95,0.55,0.34,25.52003,27.66371252,16.070978,50.89678733,78.56049985
21359,1492,3B,El.Paso,2021,0.95,0.5,0.34,25.918484,28.09563666,15.217148,48.19270772,76.28834437
21360,1493,3B,El.Paso,2021,0.95,0.6,0.34,25.178498,27.29349183,16.88686,53.48068562,80.77417745
21361,1494,3B,El.Paso,2021,0.95,0.65,0.34,24.827479,26.91298724,17.882995,56.63544517,83.5484324
21362,1495,3B,El.Paso,2021,0.95,0.7,0.34,24.580817,26.64560563,18.660929,59.09916214,85.74476777
21363,1496,3B,El.Paso,2021,0.95,0.75,0.34,24.353129,26.39879184,19.476811,61.68306044,88.08185227
21364,1497,3B,El.Paso,2021,0.95,0.85,0.34,23.935701,25.94629988,21.15601,67.00108367,92.94738355
21365,1498,3B,El.Paso,2021,0.95,0.8,0.34,24.125441,26.15197804,20.321154,64.35709472,90.50907276
21366,1499,3B,El.Paso,2021,0.95,0.95,0.34,23.594169,25.5760792,22.816235,72.25901625,97.83509544
21367,1500,3B,El.Paso,2021,0.95,0.9,0.34,23.755448,25.75090563,21.990866,69.64507262,95.39597825
21368,1501,3B,El.Paso,2021,0.9,0.01,0.34,39.968731,43.3261044,6.375264,20.19046109,63.51656549
21369,1502,3B,El.Paso,2021,0.9,0.15,0.34,32.388618,35.10926191,8.851371,28.03229196,63.14155387
21370,1503,3B,El.Paso,2021,0.9,0.1,0.34,34.62755,37.5362642,7.950106,25.1779857,62.7142499
21371,1504,3B,El.Paso,2021,0.9,0.25,0.34,29.087142,31.53046193,10.672875,33.80099513,65.33145705
21372,1505,3B,El.Paso,2021,0.9,0.2,0.34,30.567114,33.13475158,9.762123,30.91664354,64.05139512
21373,1506,3B,El.Paso,2021,0.9,0.3,0.34,27.910754,30.25525734,11.593114,36.71539204,66.97064937
21374,1507,3B,El.Paso,2021,0.9,0.35,0.34,26.990515,29.25771826,12.513353,39.62978895,68.88750721
21375,1508,3B,El.Paso,2021,0.9,0.45,0.34,25.700283,27.85910677,14.315883,45.33840146,73.19750823
21376,1509,3B,El.Paso,2021,0.9,0.4,0.34,26.269503,28.47614125,13.424105,42.51414054,70.99028179
21377,1510,3B,El.Paso,2021,0.9,0.55,0.34,24.827479,26.91298724,16.061491,50.866742,77.77972923
21378,1511,3B,El.Paso,2021,0.9,0.5,0.34,25.225933,27.34491137,15.198174,48.13261706,75.47752843
21379,1512,3B,El.Paso,2021,0.9,0.6,0.34,24.495434,26.55305046,16.896347,53.51073095,80.0637814
21380,1513,3B,El.Paso,2021,0.9,0.65,0.34,24.153902,26.18282977,17.892482,56.66549049,82.84832026
21381,1514,3B,El.Paso,2021,0.9,0.7,0.34,23.90724,25.91544816,18.68939,59.18929813,85.10474629
21382,1515,3B,El.Paso,2021,0.9,0.75,0.34,23.679552,25.66863437,19.514759,61.80324175,87.47187612
21383,1516,3B,El.Paso,2021,0.9,0.85,0.34,23.271611,25.22642632,21.222419,67.21140097,92.4378273
21384,1517,3B,El.Paso,2021,0.9,0.8,0.34,23.461351,25.43210448,20.368589,64.50732136,89.93942585
21385,1518,3B,El.Paso,2021,0.9,0.95,0.34,22.939566,24.86648954,22.901618,72.52942421,97.39591375
21386,1519,3B,El.Paso,2021,0.9,0.9,0.34,23.100845,25.04131598,22.066762,69.88543525,94.92675123
22907,3040,3C,San.Diego,2021,0.01,0.01,0.34,7.788827,8.443088468,2.324315,7.361105605,15.80419407
22908,3041,3C,San.Diego,2021,0.01,0.15,0.34,5.492973,5.954382732,4.620169,14.63207522,20.58645796
22909,3042,3C,San.Diego,2021,0.01,0.1,0.34,6.043219,6.550849396,3.737878,11.83785963,18.38870902
22910,3043,3C,San.Diego,2021,0.01,0.25,0.34,4.952214,5.368199976,6.299368,19.95009846,25.31829843
22911,3044,3C,San.Diego,2021,0.01,0.2,0.34,5.179902,5.615013768,5.455025,17.27606418,22.89107794
22912,3045,3C,San.Diego,2021,0.01,0.3,0.34,4.762474,5.162521816,7.153198,22.65417807,27.81669988
22913,3046,3C,San.Diego,2021,0.01,0.35,0.34,4.620169,5.008263196,8.007028,25.35825768,30.36652087
22914,3047,3C,San.Diego,2021,0.01,0.45,0.34,4.382994,4.751165496,9.838019,31.15700617,35.90817167
22915,3048,3C,San.Diego,2021,0.01,0.4,0.34,4.487351,4.864288484,8.908293,28.21256393,33.07685242
22916,3049,3C,San.Diego,2021,0.01,0.55,0.34,4.212228,4.566055152,11.583627,36.68534671,41.25140186
22917,3050,3C,San.Diego,2021,0.01,0.5,0.34,4.297611,4.658610324,10.710823,33.92117644,38.57978677
22918,3051,3C,San.Diego,2021,0.01,0.6,0.34,4.145819,4.494067796,12.446944,39.41947165,43.91353944
22919,3052,3C,San.Diego,2021,0.01,0.65,0.34,4.07941,4.42208044,13.319748,42.18364192,46.60572236
22920,3053,3C,San.Diego,2021,0.01,0.7,0.34,4.022488,4.360376992,14.173578,44.88772153,49.24809852
22921,3054,3C,San.Diego,2021,0.01,0.75,0.34,3.975053,4.308957452,15.036895,47.62184647,51.93080392
22922,3055,3C,San.Diego,2021,0.01,0.85,0.34,3.880183,4.206118372,16.735068,52.99996036,57.20607873
22923,3056,3C,San.Diego,2021,0.01,0.8,0.34,3.927618,4.257537912,15.890725,50.32592608,54.58346399
22924,3057,3C,San.Diego,2021,0.01,0.95,0.34,3.804287,4.123847108,18.433241,58.37807425,62.50192135
22925,3058,3C,San.Diego,2021,0.01,0.9,0.34,3.842235,4.16498274,17.588898,55.70403997,59.86902271
22926,3059,3C,San.Diego,2021,0.05,0.01,0.34,8.870345,9.61545398,2.163036,6.850335012,16.46578899
22927,3060,3C,San.Diego,2021,0.05,0.15,0.34,6.346803,6.879934452,4.411455,13.97107799,20.85101244
22928,3061,3C,San.Diego,2021,0.05,0.1,0.34,6.972945,7.55867238,3.538651,11.20690772,18.7655801
22929,3062,3C,San.Diego,2021,0.05,0.25,0.34,5.711174,6.190912616,6.052706,19.1689199,25.35983252
22930,3063,3C,San.Diego,2021,0.05,0.2,0.34,5.995784,6.499429856,5.21785,16.52493095,23.02436081
22931,3064,3C,San.Diego,2021,0.05,0.3,0.34,5.50246,5.96466664,6.897049,21.84295418,27.80762082
22932,3065,3C,San.Diego,2021,0.05,0.35,0.34,5.331694,5.779556296,7.750879,24.54703379,30.32659009
22933,3066,3C,San.Diego,2021,0.05,0.45,0.34,5.056571,5.481322964,9.572383,30.31573696,35.79705993
22934,3067,3C,San.Diego,2021,0.05,0.4,0.34,5.179902,5.615013768,8.642657,27.37129472,32.98630849
22935,3068,3C,San.Diego,2021,0.05,0.55,0.34,4.857344,5.265360896,11.308504,35.81403217,41.07939306
22936,3069,3C,San.Diego,2021,0.05,0.5,0.34,4.952214,5.368199976,10.4357,33.0498619,38.41806188
22937,3070,3C,San.Diego,2021,0.05,0.6,0.34,4.781448,5.183089632,12.171821,38.54815711,43.73124674
22938,3071,3C,San.Diego,2021,0.05,0.65,0.34,4.715039,5.111102276,13.025651,41.25223672,46.36333899
22939,3072,3C,San.Diego,2021,0.05,0.7,0.34,4.64863,5.03911492,13.879481,43.95631633,48.99543125
22940,3073,3C,San.Diego,2021,0.05,0.75,0.34,4.591708,4.977411472,14.733311,46.66039594,51.63780741
22941,3074,3C,San.Diego,2021,0.05,0.85,0.34,4.477864,4.854004576,16.431484,52.03850983,56.8925144
22942,3075,3C,San.Diego,2021,0.05,0.8,0.34,4.534786,4.915708024,15.587141,49.36447555,54.28018357
22943,3076,3C,San.Diego,2021,0.05,0.95,0.34,4.382994,4.751165496,18.12017,57.38657839,62.13774389
22944,3077,3C,San.Diego,2021,0.05,0.9,0.34,4.430429,4.802585036,17.275827,54.71254411,59.51512915
22945,3078,3C,San.Diego,2021,0.15,0.01,0.34,11.602601,12.57721948,1.859452,5.888884484,18.46610397
22946,3079,3C,San.Diego,2021,0.15,0.15,0.34,8.500352,9.214381568,3.965566,12.55894752,21.77332909
22947,3080,3C,San.Diego,2021,0.15,0.1,0.34,9.29726,10.07822984,3.121223,9.884913241,19.96314308
22948,3081,3C,San.Diego,2021,0.15,0.25,0.34,7.674983,8.319681572,5.549895,17.57651747,25.89619904
22949,3082,3C,San.Diego,2021,0.15,0.2,0.34,8.035489,8.710470076,4.7435,15.0226645,23.73313458
22950,3083,3C,San.Diego,2021,0.15,0.3,0.34,7.39986,8.02144824,6.375264,20.19046109,28.21190933
22951,3084,3C,San.Diego,2021,0.15,0.35,0.34,7.162685,7.76435054,7.200633,22.80440471,30.56875525
22952,3085,3C,San.Diego,2021,0.15,0.45,0.34,6.783205,7.35299422,8.993676,28.48297189,35.83596611
22953,3086,3C,San.Diego,2021,0.15,0.4,0.34,6.963458,7.548388472,8.073437,25.56857498,33.11696345
22954,3087,3C,San.Diego,2021,0.15,0.55,0.34,6.517569,7.065044796,10.701336,33.89113111,40.95617591
22955,3088,3C,San.Diego,2021,0.15,0.5,0.34,6.650387,7.209019508,9.847506,31.1870515,38.39607101
22956,3089,3C,San.Diego,2021,0.15,0.6,0.34,6.413212,6.951921808,11.555166,36.59521072,43.54713253
22957,3090,3C,San.Diego,2021,0.15,0.65,0.34,6.308855,6.83879882,12.399509,39.269245,46.10804382
22958,3091,3C,San.Diego,2021,0.15,0.7,0.34,6.223472,6.746243648,13.243852,41.94327928,48.68952293
22959,3092,3C,San.Diego,2021,0.15,0.75,0.34,6.138089,6.653688476,14.088195,44.61731357,51.27100204
22960,3093,3C,San.Diego,2021,0.15,0.85,0.34,5.986297,6.489145948,15.757907,49.90529147,56.39443742
22961,3094,3C,San.Diego,2021,0.15,0.8,0.34,6.052706,6.561133304,14.923051,47.26130252,53.82243582
22962,3095,3C,San.Diego,2021,0.15,0.95,0.34,5.853479,6.345171236,17.418132,55.16322404,61.50839528
22963,3096,3C,San.Diego,2021,0.15,0.9,0.34,5.919888,6.417158592,16.592763,52.54928042,58.96643901
22964,3097,3C,San.Diego,2021,0.1,0.01,0.34,10.236473,11.09633673,2.001757,6.339564419,17.43590115
22965,3098,3C,San.Diego,2021,0.1,0.15,0.34,7.428321,8.052299964,4.17428,13.21994476,21.27224472
22966,3099,3C,San.Diego,2021,0.1,0.1,0.34,8.130359,8.813309156,3.32045,10.51586515,19.32917431
22967,3100,3C,San.Diego,2021,0.1,0.25,0.34,6.678848,7.239871232,5.78707,18.32765069,25.56752192
22968,3101,3C,San.Diego,2021,0.1,0.2,0.34,7.010893,7.599808012,4.971188,15.7437524,23.34356041
22969,3102,3C,San.Diego,2021,0.1,0.3,0.34,6.441673,6.982773532,6.621926,20.97163964,27.95441317
22970,3103,3C,San.Diego,2021,0.1,0.35,0.34,6.232959,6.756527556,7.466269,23.64567392,30.40220148
22971,3104,3C,San.Diego,2021,0.1,0.45,0.34,5.910401,6.406874684,9.268799,29.35428643,35.76116112
22972,3105,3C,San.Diego,2021,0.1,0.4,0.34,6.062193,6.571417212,8.34856,26.43988952,33.01130673
22973,3106,3C,San.Diego,2021,0.1,0.55,0.34,5.682713,6.160060892,10.985946,34.79249098,40.95255187
22974,3107,3C,San.Diego,2021,0.1,0.5,0.34,5.796557,6.283467788,10.132116,32.08841137,38.37187916
22975,3108,3C,San.Diego,2021,0.1,0.6,0.34,5.587843,6.057221812,11.849263,37.52661592,43.58383773
22976,3109,3C,San.Diego,2021,0.1,0.65,0.34,5.50246,5.96466664,12.703093,40.23069553,46.19536217
22977,3110,3C,San.Diego,2021,0.1,0.7,0.34,5.426564,5.882395376,13.547436,42.90472981,48.78712519
22978,3111,3C,San.Diego,2021,0.1,0.75,0.34,5.350668,5.800124112,14.401266,45.60880942,51.40893353
22979,3112,3C,San.Diego,2021,0.1,0.85,0.34,5.227337,5.666433308,16.080465,50.92683266,56.59326596
22980,3113,3C,San.Diego,2021,0.1,0.8,0.34,5.293746,5.738420664,15.245609,48.2828437,54.02126437
22981,3114,3C,San.Diego,2021,0.1,0.95,0.34,5.113493,5.543026412,17.750177,56.21481056,61.75783697
22982,3115,3C,San.Diego,2021,0.1,0.9,0.34,5.170415,5.60472986,16.924808,53.60086694,59.2055968
22983,3116,3C,San.Diego,2021,0.25,0.01,0.34,14.258961,15.45671372,1.622277,5.137751259,20.59446498
22984,3117,3C,San.Diego,2021,0.25,0.15,0.34,10.606466,11.49740914,3.60506,11.41722502,22.91463416
22985,3118,3C,San.Diego,2021,0.25,0.1,0.34,11.545679,12.51551604,2.798665,8.863372055,21.37888809
22986,3119,3C,San.Diego,2021,0.25,0.25,0.34,9.600844,10.4073149,5.141954,16.28456832,26.69188321
22987,3120,3C,San.Diego,2021,0.25,0.2,0.34,10.046733,10.89065857,4.354533,13.79080601,24.68146458
22988,3121,3C,San.Diego,2021,0.25,0.3,0.34,9.249825,10.0268103,5.938862,18.80837595,28.83518625
22989,3122,3C,San.Diego,2021,0.25,0.35,0.34,8.965215,9.71829306,6.745257,21.36222892,31.08052198
22990,3123,3C,San.Diego,2021,0.25,0.45,0.34,8.500352,9.214381568,8.509839,26.95066011,36.16504168
22991,3124,3C,San.Diego,2021,0.25,0.4,0.34,8.718553,9.450911452,7.608574,24.09635386,33.54726531
22992,3125,3C,San.Diego,2021,0.25,0.55,0.34,8.15882,8.84416088,10.198525,32.29872868,41.14288956
22993,3126,3C,San.Diego,2021,0.25,0.5,0.34,8.320099,9.018987316,9.354182,29.62469439,38.64368171
22994,3127,3C,San.Diego,2021,0.25,0.6,0.34,8.016515,8.68990226,11.033381,34.94271763,43.63261989
22995,3128,3C,San.Diego,2021,0.25,0.65,0.34,7.893184,8.556211456,11.868237,37.58670658,46.14291804
22996,3129,3C,San.Diego,2021,0.25,0.7,0.34,7.77934,8.43280456,12.703093,40.23069553,48.66350009
22997,3130,3C,San.Diego,2021,0.25,0.75,0.34,7.674983,8.319681572,13.537949,42.87468448,51.19436606
22998,3131,3C,San.Diego,2021,0.25,0.85,0.34,7.49473,8.12428732,15.188687,48.10257173,56.22685905
22999,3132,3C,San.Diego,2021,0.25,0.8,0.34,7.580113,8.216842492,14.363318,45.48862811,53.7054706
23000,3133,3C,San.Diego,2021,0.25,0.95,0.34,7.333451,7.949460884,16.820451,53.27036832,61.2198292
23001,3134,3C,San.Diego,2021,0.25,0.9,0.34,7.409347,8.031732148,16.014056,50.71651535,58.7482475
23002,3135,3C,San.Diego,2021,0.2,0.01,0.34,12.940268,14.02725051,1.736121,5.498295207,19.52554572
23003,3136,3C,San.Diego,2021,0.2,0.15,0.34,9.572383,10.37646317,3.775826,11.95804094,22.33450411
23004,3137,3C,San.Diego,2021,0.2,0.1,0.34,10.426213,11.30201489,2.950457,9.344097319,20.64611221
23005,3138,3C,San.Diego,2021,0.2,0.25,0.34,8.652144,9.378924096,5.331694,16.8854749,26.26439899
23006,3139,3C,San.Diego,2021,0.2,0.2,0.34,9.050598,9.810848232,4.534786,14.36166726,24.17251549
23007,3140,3C,San.Diego,2021,0.2,0.3,0.34,8.329586,9.029271224,6.147576,19.46937319,28.49864442
23008,3141,3C,San.Diego,2021,0.2,0.35,0.34,8.073437,8.751605708,6.963458,22.05327149,30.80487719
23009,3142,3C,San.Diego,2021,0.2,0.45,0.34,7.646522,8.288829848,8.737527,27.67174801,35.96057786
23010,3143,3C,San.Diego,2021,0.2,0.4,0.34,7.845749,8.504791916,7.836262,24.81744175,33.32223367
23011,3144,3C,San.Diego,2021,0.2,0.55,0.34,7.342938,7.959744792,10.4357,33.0498619,41.00960669
23012,3145,3C,San.Diego,2021,0.2,0.5,0.34,7.485243,8.114003412,9.591357,30.37582762,38.48983103
23013,3146,3C,San.Diego,2021,0.2,0.6,0.34,7.219607,7.826053988,11.28953,35.75394151,43.5799955
23014,3147,3C,San.Diego,2021,0.2,0.65,0.34,7.105763,7.702647092,12.124386,38.39793046,46.10057755
23015,3148,3C,San.Diego,2021,0.2,0.7,0.34,7.001406,7.589524104,12.968729,41.07196474,48.66148885
23016,3149,3C,San.Diego,2021,0.2,0.75,0.34,6.906536,7.486685024,13.803585,43.7159537,51.20263872
23017,3150,3C,San.Diego,2021,0.2,0.85,0.34,6.745257,7.311858588,15.46381,48.97388627,56.28574486
23018,3151,3C,San.Diego,2021,0.2,0.8,0.34,6.821153,7.394129852,14.638441,46.35994265,53.7540725
23019,3152,3C,San.Diego,2021,0.2,0.95,0.34,6.602952,7.157599968,17.114548,54.20177352,61.35937348
23020,3153,3C,San.Diego,2021,0.2,0.9,0.34,6.678848,7.239871232,16.289179,51.58782989,58.82770113
23021,3154,3C,San.Diego,2021,0.3,0.01,0.34,15.539706,16.8450413,1.527407,4.837297969,21.68233927
23022,3155,3C,San.Diego,2021,0.3,0.15,0.34,11.621575,12.5977873,3.481729,11.02663574,23.62442304
23023,3156,3C,San.Diego,2021,0.3,0.1,0.34,12.627197,13.68788155,2.684821,8.502828107,22.19070966
23024,3157,3C,San.Diego,2021,0.3,0.25,0.34,10.511596,11.39457006,5.037597,15.9540697,27.34863976
23025,3158,3C,San.Diego,2021,0.3,0.2,0.34,11.00492,11.92933328,4.240689,13.43026206,25.35959534
23026,3159,3C,San.Diego,2021,0.3,0.3,0.34,10.122629,10.97292984,5.843992,18.50792266,29.4808525
23027,3160,3C,San.Diego,2021,0.3,0.35,0.34,9.819045,10.64384478,6.659874,21.09182096,31.73566574
23028,3161,3C,San.Diego,2021,0.3,0.45,0.34,9.335208,10.11936547,8.320099,26.34975353,36.46911901
23029,3162,3C,San.Diego,2021,0.3,0.4,0.34,9.562896,10.36617926,7.49473,23.73580991,34.10198917
23030,3163,3C,San.Diego,2021,0.3,0.55,0.34,8.965215,9.71829306,9.970837,31.57764078,41.29593384
23031,3164,3C,San.Diego,2021,0.3,0.5,0.34,9.126494,9.893119496,9.154955,28.99374249,38.88686198
23032,3165,3C,San.Diego,2021,0.3,0.6,0.34,8.813423,9.553750532,10.805693,34.22162973,43.77538026
23033,3166,3C,San.Diego,2021,0.3,0.65,0.34,8.671118,9.399491912,11.640549,36.86561868,46.2651106
23034,3167,3C,San.Diego,2021,0.3,0.7,0.34,8.5383,9.2555172,12.465918,39.47956231,48.73507951
23035,3168,3C,San.Diego,2021,0.3,0.75,0.34,8.424456,9.132110304,13.291287,42.09350593,51.22561623
23036,3169,3C,San.Diego,2021,0.3,0.85,0.34,8.225229,8.916148236,14.932538,47.29134785,56.20749608
23037,3170,3C,San.Diego,2021,0.3,0.8,0.34,8.329586,9.029271224,14.116656,44.70744955,53.73672078
23038,3171,3C,San.Diego,2021,0.3,0.95,0.34,8.054463,8.731037892,16.554815,52.42909911,61.160137
23039,3172,3C,San.Diego,2021,0.3,0.9,0.34,8.139846,8.823593064,15.74842,49.87524614,58.6988392
23040,3173,3C,San.Diego,2021,0.35,0.01,0.34,16.79199,18.20251716,1.442024,4.566890008,22.76940717
23041,3174,3C,San.Diego,2021,0.35,0.15,0.34,12.61771,13.67759764,3.348911,10.60600114,24.28359878
23042,3175,3C,San.Diego,2021,0.35,0.1,0.34,13.699228,14.84996315,2.56149,8.11223883,22.96220198
23043,3176,3C,San.Diego,2021,0.35,0.25,0.34,11.431835,12.39210914,4.876318,15.44329911,27.83540825
23044,3177,3C,San.Diego,2021,0.35,0.2,0.34,11.95362,12.95772408,4.098384,12.97958213,25.93730621
23045,3178,3C,San.Diego,2021,0.35,0.3,0.34,11.014407,11.93961719,5.673226,17.96710674,29.90672393
23046,3179,3C,San.Diego,2021,0.35,0.35,0.34,10.672875,11.5693965,6.489108,20.55100504,32.12040154
23047,3180,3C,San.Diego,2021,0.35,0.45,0.34,10.15109,11.00378156,8.130359,25.74884695,36.75262851
23048,3181,3C,San.Diego,2021,0.35,0.4,0.34,10.388265,11.26087926,7.30499,23.13490333,34.39578259
23049,3182,3C,San.Diego,2021,0.35,0.55,0.34,9.752636,10.57185742,9.77161,30.94668887,41.51854629
23050,3183,3C,San.Diego,2021,0.35,0.5,0.34,9.942376,10.77753558,8.955728,28.36279058,39.14032616
23051,3184,3C,San.Diego,2021,0.35,0.6,0.34,9.58187,10.38674708,10.596979,33.56063249,43.94737957
23052,3185,3C,San.Diego,2021,0.35,0.65,0.34,9.430078,10.22220455,11.422348,36.17457612,46.39678067
23053,3186,3C,San.Diego,2021,0.35,0.7,0.34,9.29726,10.07822984,12.247717,38.78851974,48.86674958
23054,3187,3C,San.Diego,2021,0.35,0.75,0.34,9.173929,9.944539036,13.063599,41.37241803,51.31695707
23055,3188,3C,San.Diego,2021,0.35,0.85,0.34,8.955728,9.708009152,14.695363,46.54021462,56.24822377
23056,3189,3C,San.Diego,2021,0.35,0.8,0.34,9.060085,9.82113214,13.888968,43.98636166,53.8074938
23057,3190,3C,San.Diego,2021,0.35,0.95,0.34,8.765988,9.502330992,16.298666,51.61787522,61.12020621
23058,3191,3C,San.Diego,2021,0.35,0.9,0.34,8.860858,9.605170072,15.511245,49.12411292,58.72928299
23059,3192,3C,San.Diego,2021,0.45,0.01,0.34,19.239636,20.85576542,1.299719,4.116210073,24.9719755
23060,3193,3C,San.Diego,2021,0.45,0.15,0.34,14.553058,15.77551487,3.13071,9.91495857,25.69047344
23061,3194,3C,San.Diego,2021,0.45,0.1,0.34,15.786368,17.11242291,2.37175,7.51133225,24.62375516
23062,3195,3C,San.Diego,2021,0.45,0.25,0.34,13.205904,14.31519994,4.610682,14.60202989,28.91722983
23063,3196,3C,San.Diego,2021,0.45,0.2,0.34,13.803585,14.96308614,3.851722,12.19840357,27.16148971
23064,3197,3C,San.Diego,2021,0.45,0.3,0.34,12.741041,13.81128844,5.379129,17.03570154,30.84698999
23065,3198,3C,San.Diego,2021,0.45,0.35,0.34,12.352074,13.38964822,6.176037,19.55950918,32.9491574
23066,3199,3C,San.Diego,2021,0.45,0.45,0.34,11.735419,12.7211942,7.788827,24.66721511,37.38840931
23067,3200,3C,San.Diego,2021,0.45,0.4,0.34,12.020029,13.02971144,6.982432,22.11336214,35.14307358
23068,3201,3C,San.Diego,2021,0.45,0.55,0.34,11.280043,12.22756661,9.411104,29.80496637,42.03253298
23069,3202,3C,San.Diego,2021,0.45,0.5,0.34,11.498244,12.4640965,8.604709,27.2511134,39.7152099
23070,3203,3C,San.Diego,2021,0.45,0.6,0.34,11.09979,12.03217236,10.226986,32.38886466,44.42103702
23071,3204,3C,San.Diego,2021,0.45,0.65,0.34,10.919537,11.83677811,11.042868,34.97276296,46.80954106
23072,3205,3C,San.Diego,2021,0.45,0.7,0.34,10.767745,11.67223558,11.85875,37.55666125,49.22889683
23073,3206,3C,San.Diego,2021,0.45,0.75,0.34,10.615953,11.50769305,12.665145,40.11051422,51.61820727
23074,3207,3C,San.Diego,2021,0.45,0.85,0.34,10.369291,11.24031144,14.277935,45.21822015,56.45853159
23075,3208,3C,San.Diego,2021,0.45,0.8,0.34,10.492622,11.37400225,13.47154,42.66436718,54.03836943
23076,3209,3C,San.Diego,2021,0.45,0.95,0.34,10.160577,11.01406547,15.833803,50.1456541,61.15971957
23077,3210,3C,San.Diego,2021,0.45,0.9,0.34,10.255447,11.11690455,15.074843,47.74202778,58.85893233
23078,3211,3C,San.Diego,2021,0.4,0.01,0.34,18.0253,19.5394252,1.366128,4.326527376,23.86595258
23079,3212,3C,San.Diego,2021,0.4,0.15,0.34,13.594871,14.73684016,3.235067,10.24545719,24.98229735
23080,3213,3C,San.Diego,2021,0.4,0.1,0.34,14.761772,16.00176085,2.46662,7.81178554,23.81354639
23081,3214,3C,San.Diego,2021,0.4,0.25,0.34,12.3331,13.3690804,4.734013,14.99261917,28.36169957
23082,3215,3C,San.Diego,2021,0.4,0.2,0.34,12.883346,13.96554706,3.965566,12.55894752,26.52449459
23083,3216,3C,San.Diego,2021,0.4,0.3,0.34,11.887211,12.88573672,5.521434,17.48638148,30.3721182
23084,3217,3C,San.Diego,2021,0.4,0.35,0.34,11.517218,12.48466431,6.327829,20.04023444,32.52489875
23085,3218,3C,San.Diego,2021,0.4,0.45,0.34,10.947998,11.86762983,7.950106,25.1779857,37.04561553
23086,3219,3C,San.Diego,2021,0.4,0.4,0.34,11.213634,12.15557926,7.134224,22.59408741,34.74966666
23087,3220,3C,San.Diego,2021,0.4,0.55,0.34,10.53057,11.41513788,9.58187,30.34578229,41.76092017
23088,3221,3C,San.Diego,2021,0.4,0.5,0.34,10.72031,11.62081604,8.775475,27.79192933,39.41274537
23089,3222,3C,San.Diego,2021,0.4,0.6,0.34,10.350317,11.21974363,10.407239,32.95972591,44.17946954
23090,3223,3C,San.Diego,2021,0.4,0.65,0.34,10.179551,11.03463328,11.223121,35.54362421,46.57825749
23091,3224,3C,San.Diego,2021,0.4,0.7,0.34,10.037246,10.88037466,12.039003,38.1275225,49.00789717
23092,3225,3C,San.Diego,2021,0.4,0.75,0.34,9.904428,10.73639995,12.854885,40.7114208,51.44782075
23093,3226,3C,San.Diego,2021,0.4,0.85,0.34,9.667253,10.47930225,14.477162,45.84917205,56.32847431
23094,3227,3C,San.Diego,2021,0.4,0.8,0.34,9.781097,10.60270915,13.670767,43.29531909,53.89802824
23095,3228,3C,San.Diego,2021,0.4,0.95,0.34,9.477513,10.27362409,16.061491,50.866742,61.14036609
23096,3229,3C,San.Diego,2021,0.4,0.9,0.34,9.562896,10.36617926,15.283557,48.40302502,58.76920428
23097,3230,3C,San.Diego,2021,0.55,0.01,0.34,21.563951,23.37532288,1.185875,3.755666125,27.13098901
23098,3231,3C,San.Diego,2021,0.55,0.15,0.34,16.393536,17.77059302,2.950457,9.344097319,27.11469034
23099,3232,3C,San.Diego,2021,0.55,0.1,0.34,17.769151,19.26175968,2.219958,7.030606986,26.29236667
23100,3233,3C,San.Diego,2021,0.55,0.25,0.34,14.913564,16.16630338,4.392481,13.91098733,30.0772907
23101,3234,3C,San.Diego,2021,0.55,0.2,0.34,15.568167,16.87589303,3.652495,11.56745167,28.44334469
23102,3235,3C,San.Diego,2021,0.55,0.3,0.34,14.391779,15.60068844,5.141954,16.28456832,31.88525675
23103,3236,3C,San.Diego,2021,0.55,0.35,0.34,13.94589,15.11734476,5.919888,18.7482853,33.86563006
23104,3237,3C,San.Diego,2021,0.55,0.45,0.34,13.272313,14.38718729,7.504217,23.76585524,38.15304253
23105,3238,3C,San.Diego,2021,0.55,0.4,0.34,13.585384,14.72655626,6.707309,21.2420476,35.96860386
23106,3239,3C,San.Diego,2021,0.55,0.55,0.34,12.760015,13.83185626,9.10752,28.84351584,42.6753721
23107,3240,3C,San.Diego,2021,0.55,0.5,0.34,12.99719,14.08895396,8.301125,26.28966288,40.37861684
23108,3241,3C,San.Diego,2021,0.55,0.6,0.34,12.541814,13.59532638,9.913915,31.39736881,44.99269518
23109,3242,3C,San.Diego,2021,0.55,0.65,0.34,12.342587,13.37936431,10.72031,33.95122177,47.33058608
23110,3243,3C,San.Diego,2021,0.55,0.7,0.34,12.171821,13.19425396,11.517218,36.47502941,49.66928337
23111,3244,3C,San.Diego,2021,0.55,0.75,0.34,12.010542,13.01942753,12.314126,38.99883704,52.01826457
23112,3245,3C,San.Diego,2021,0.55,0.85,0.34,11.735419,12.7211942,13.907942,44.04645231,56.76764651
23113,3246,3C,San.Diego,2021,0.55,0.8,0.34,11.868237,12.86516891,13.111034,41.52264468,54.38781359
23114,3247,3C,San.Diego,2021,0.55,0.95,0.34,11.498244,12.4640965,15.416375,48.82365963,61.28775612
23115,3248,3C,San.Diego,2021,0.55,0.9,0.34,11.602601,12.57721948,14.695363,46.54021462,59.11743411
23116,3249,3C,San.Diego,2021,0.5,0.01,0.34,20.406537,22.12068611,1.23331,3.90589277,26.02657888
23117,3250,3C,San.Diego,2021,0.5,0.15,0.34,15.482784,16.78333786,3.03584,9.61450528,26.39784314
23118,3251,3C,San.Diego,2021,0.5,0.1,0.34,16.79199,18.20251716,2.295854,7.270969618,25.47348678
23119,3252,3C,San.Diego,2021,0.5,0.25,0.34,14.069221,15.25103556,4.496838,14.24148595,29.49252151
23120,3253,3C,San.Diego,2021,0.5,0.2,0.34,14.695363,15.92977349,3.747365,11.86790496,27.79767845
23121,3254,3C,San.Diego,2021,0.5,0.3,0.34,13.575897,14.71627235,5.255798,16.64511227,31.36138461
23122,3255,3C,San.Diego,2021,0.5,0.35,0.34,13.158469,14.2637804,6.043219,19.13887457,33.40265497
23123,3256,3C,San.Diego,2021,0.5,0.45,0.34,12.513353,13.56447465,7.637035,24.18648985,37.7509645
23124,3257,3C,San.Diego,2021,0.5,0.4,0.34,12.80745,13.8832758,6.840127,21.66268221,35.54595801
23125,3258,3C,San.Diego,2021,0.5,0.55,0.34,12.029516,13.03999534,9.249825,29.29419578,42.33419112
23126,3259,3C,San.Diego,2021,0.5,0.5,0.34,12.257204,13.28680914,8.44343,26.74034281,40.02715195
23127,3260,3C,San.Diego,2021,0.5,0.6,0.34,11.830289,12.82403328,10.065707,31.87809407,44.70212735
23128,3261,3C,San.Diego,2021,0.5,0.65,0.34,11.650036,12.62863902,10.872102,34.43194703,47.06058606
23129,3262,3C,San.Diego,2021,0.5,0.7,0.34,11.47927,12.44352868,11.678497,36.9858,49.42932868
23130,3263,3C,San.Diego,2021,0.5,0.75,0.34,11.327478,12.27898615,12.484892,39.53965296,51.81863912
23131,3264,3C,San.Diego,2021,0.5,0.85,0.34,11.061842,11.99103673,14.088195,44.61731357,56.60835029
23132,3265,3C,San.Diego,2021,0.5,0.8,0.34,11.185173,12.12472753,13.291287,42.09350593,54.21823346
23133,3266,3C,San.Diego,2021,0.5,0.95,0.34,10.843641,11.75450684,15.615602,49.45461153,61.20911838
23134,3267,3C,San.Diego,2021,0.5,0.9,0.34,10.947998,11.86762983,14.875616,47.11107587,58.9787057
23135,3268,3C,San.Diego,2021,0.6,0.01,0.34,22.67393,24.57854012,1.128953,3.575394151,28.15393427
23136,3269,3C,San.Diego,2021,0.6,0.15,0.34,17.275827,18.72699647,2.884048,9.133780016,27.86077648
23137,3270,3C,San.Diego,2021,0.6,0.1,0.34,18.708364,20.27986658,2.153549,6.820289683,27.10015626
23138,3271,3C,San.Diego,2021,0.6,0.25,0.34,15.719959,17.04043556,4.297611,13.61053404,30.65096959
23139,3272,3C,San.Diego,2021,0.6,0.2,0.34,16.41251,17.79116084,3.567112,11.2970437,29.08820454
23140,3273,3C,San.Diego,2021,0.6,0.3,0.34,15.1792,16.4542528,5.037597,15.9540697,32.4083225
23141,3274,3C,San.Diego,2021,0.6,0.35,0.34,14.723824,15.96062522,5.815531,18.41778668,34.37841189
23142,3275,3C,San.Diego,2021,0.6,0.45,0.34,14.012299,15.18933212,7.380886,23.37526596,38.56459808
23143,3276,3C,San.Diego,2021,0.6,0.4,0.34,14.334857,15.53898499,6.593465,20.88150366,36.42048864
23144,3277,3C,San.Diego,2021,0.6,0.55,0.34,13.47154,14.60314936,8.974702,28.42288123,43.02603059
23145,3278,3C,San.Diego,2021,0.6,0.5,0.34,13.727689,14.88081488,8.177794,25.8990736,40.77988847
23146,3279,3C,San.Diego,2021,0.6,0.6,0.34,13.243852,14.35633557,9.781097,30.9767342,45.33306977
23147,3280,3C,San.Diego,2021,0.6,0.65,0.34,13.044625,14.1403735,10.578005,33.50054184,47.64091534
23148,3281,3C,San.Diego,2021,0.6,0.7,0.34,12.854885,13.93469534,11.365426,35.99430414,49.92899948
23149,3282,3C,San.Diego,2021,0.6,0.75,0.34,12.684119,13.749585,12.162334,38.51811178,52.26769677
23150,3283,3C,San.Diego,2021,0.6,0.85,0.34,12.390022,13.43078385,13.737176,43.50563639,56.93642024
23151,3284,3C,San.Diego,2021,0.6,0.8,0.34,12.532327,13.58504247,12.949755,41.01187409,54.59691655
23152,3285,3C,San.Diego,2021,0.6,0.95,0.34,12.152847,13.17368615,15.226635,48.22275305,61.39643919
23153,3286,3C,San.Diego,2021,0.6,0.9,0.34,12.257204,13.28680914,14.524597,45.9993987,59.28620784
23154,3287,3C,San.Diego,2021,0.65,0.01,0.34,23.736474,25.73033782,1.091005,3.455212835,29.18555065
23155,3288,3C,San.Diego,2021,0.65,0.15,0.34,18.082222,19.60112865,2.8461,9.0135987,28.61472735
23156,3289,3C,San.Diego,2021,0.65,0.1,0.34,19.562194,21.2054183,2.115601,6.700108367,27.90552666
23157,3290,3C,San.Diego,2021,0.65,0.25,0.34,16.421997,17.80144475,4.316585,13.6706247,31.47206944
23158,3291,3C,San.Diego,2021,0.65,0.2,0.34,17.143009,18.58302176,3.567112,11.2970437,29.88006546
23159,3292,3C,San.Diego,2021,0.65,0.3,0.34,15.84329,17.17412636,5.094519,16.13434167,33.30846803
23160,3293,3C,San.Diego,2021,0.65,0.35,0.34,15.36894,16.65993096,5.88194,18.62810398,35.28803494
23161,3294,3C,San.Diego,2021,0.65,0.45,0.34,14.647928,15.87835395,7.466269,23.64567392,39.52402788
23162,3295,3C,San.Diego,2021,0.65,0.4,0.34,14.979973,16.23829073,6.678848,21.15191162,37.39020235
23163,3296,3C,San.Diego,2021,0.65,0.55,0.34,14.107169,15.2921712,9.031624,28.60315321,43.8953244
23164,3297,3C,San.Diego,2021,0.65,0.5,0.34,14.353831,15.5595528,8.25369,26.13943623,41.69898903
23165,3298,3C,San.Diego,2021,0.65,0.6,0.34,13.888968,15.05564131,9.819045,31.09691552,46.15255683
23166,3299,3C,San.Diego,2021,0.65,0.65,0.34,13.66128,14.80882752,10.634927,33.68081381,48.48964133
23167,3300,3C,San.Diego,2021,0.65,0.7,0.34,13.481027,14.61343327,11.412861,36.14453079,50.75796406
23168,3301,3C,San.Diego,2021,0.65,0.75,0.34,13.310261,14.42832292,12.190795,38.60824777,53.03657069
23169,3302,3C,San.Diego,2021,0.65,0.85,0.34,13.006677,14.09923787,13.75615,43.56572705,57.66496492
23170,3303,3C,San.Diego,2021,0.65,0.8,0.34,13.158469,14.2637804,12.978216,41.10201007,55.36579047
23171,3304,3C,San.Diego,2021,0.65,0.95,0.34,12.769502,13.84214017,15.245609,48.2828437,62.12498387
23172,3305,3C,San.Diego,2021,0.65,0.9,0.34,12.873859,13.95526316,14.524597,45.9993987,59.95466186
23173,3306,3C,San.Diego,2021,0.7,0.01,0.34,24.770557,26.85128379,1.04357,3.30498619,30.15626998
23174,3307,3C,San.Diego,2021,0.7,0.15,0.34,18.850669,20.4341252,2.827126,8.953508042,29.38763324
23175,3308,3C,San.Diego,2021,0.7,0.1,0.34,20.368589,22.07955048,2.096627,6.640017709,28.71956819
23176,3309,3C,San.Diego,2021,0.7,0.25,0.34,17.0766,18.5110344,4.36402,13.82085134,32.33188574
23177,3310,3C,San.Diego,2021,0.7,0.2,0.34,17.845047,19.34403095,3.576599,11.32708903,30.67111998
23178,3311,3C,San.Diego,2021,0.7,0.3,0.34,16.469432,17.85286429,5.160928,16.34465898,34.19752326
23179,3312,3C,San.Diego,2021,0.7,0.35,0.34,15.985595,17.32838498,5.967323,18.89851194,36.22689692
23180,3313,3C,San.Diego,2021,0.7,0.45,0.34,15.245609,16.52624016,7.570626,23.97617254,40.5024127
23181,3314,3C,San.Diego,2021,0.7,0.4,0.34,15.587141,16.89646084,6.773718,21.45236491,38.34882575
23182,3315,3C,San.Diego,2021,0.7,0.55,0.34,14.714337,15.95034131,9.117007,28.87356117,44.82390248
23183,3316,3C,San.Diego,2021,0.7,0.5,0.34,14.960999,16.21772292,8.358047,26.46993485,42.68765777
23184,3317,3C,San.Diego,2021,0.7,0.6,0.34,14.496136,15.71381142,9.885454,31.30723282,47.02104424
23185,3318,3C,San.Diego,2021,0.7,0.65,0.34,14.268448,15.46699763,10.729797,33.9812671,49.44826473
23186,3319,3C,San.Diego,2021,0.7,0.7,0.34,14.097682,15.28188729,11.47927,36.35484809,51.63673538
23187,3320,3C,San.Diego,2021,0.7,0.75,0.34,13.926916,15.09677694,12.23823,38.75847441,53.85525135
23188,3321,3C,San.Diego,2021,0.7,0.85,0.34,13.613845,14.75740798,13.775124,43.62581771,58.38322569
23189,3322,3C,San.Diego,2021,0.7,0.8,0.34,13.765637,14.92195051,13.006677,41.19214606,56.11409657
23190,3323,3C,San.Diego,2021,0.7,0.95,0.34,13.357696,14.47974246,15.264583,48.34293436,62.82267683
23191,3324,3C,San.Diego,2021,0.7,0.9,0.34,13.481027,14.61343327,14.534084,46.02944403,60.6428773
23192,3325,3C,San.Diego,2021,0.75,0.01,0.34,25.757205,27.92081022,1.015109,3.214850203,31.13566042
23193,3326,3C,San.Diego,2021,0.75,0.15,0.34,19.590655,21.23627002,2.808152,8.893417384,30.1296874
23194,3327,3C,San.Diego,2021,0.75,0.1,0.34,21.15601,22.93311484,2.068166,6.549881722,29.48299656
23195,3328,3C,San.Diego,2021,0.75,0.25,0.34,17.693255,19.17948842,4.420942,14.00112331,33.18061173
23196,3329,3C,San.Diego,2021,0.75,0.2,0.34,18.509137,20.06390451,3.595573,11.38717969,31.4510842
23197,3330,3C,San.Diego,2021,0.75,0.3,0.34,17.067113,18.50075049,5.265285,16.6751576,35.17590809
23198,3331,3C,San.Diego,2021,0.75,0.35,0.34,16.573789,17.96598728,6.090654,19.28910122,37.25508849
23199,3332,3C,San.Diego,2021,0.75,0.45,0.34,15.833803,17.16384245,7.712931,24.42685248,41.59069493
23200,3333,3C,San.Diego,2021,0.75,0.4,0.34,16.165848,17.52377923,6.906536,21.87299951,39.39677874
23201,3334,3C,San.Diego,2021,0.75,0.55,0.34,15.293044,16.5776597,9.249825,29.29419578,45.87185547
23202,3335,3C,San.Diego,2021,0.75,0.5,0.34,15.539706,16.8450413,8.490865,26.89056946,43.73561076
23203,3336,3C,San.Diego,2021,0.75,0.6,0.34,15.074843,16.34112981,9.989811,31.63773144,47.97886125
23204,3337,3C,San.Diego,2021,0.75,0.65,0.34,14.847155,16.09431602,10.843641,34.34181105,50.43612707
23205,3338,3C,San.Diego,2021,0.75,0.7,0.34,14.676389,15.90920568,11.555166,36.59521072,52.5044164
23206,3339,3C,San.Diego,2021,0.75,0.75,0.34,14.51511,15.73437924,12.295152,38.93874638,54.67312562
23207,3340,3C,San.Diego,2021,0.75,0.85,0.34,14.202039,15.39501028,13.803585,43.7159537,59.11096397
23208,3341,3C,San.Diego,2021,0.75,0.8,0.34,14.353831,15.5595528,13.054112,41.3423727,56.90192551
23209,3342,3C,San.Diego,2021,0.75,0.95,0.34,13.955377,15.12762867,15.293044,48.43307035,63.56069902
23210,3343,3C,San.Diego,2021,0.75,0.9,0.34,14.069221,15.25103556,14.553058,46.08953469,61.34057025
23211,3344,3C,San.Diego,2021,0.85,0.01,0.34,27.739988,30.07014699,0.939213,2.974487571,33.04463456
23212,3345,3C,San.Diego,2021,0.85,0.15,0.34,21.174984,22.95368266,2.694308,8.532873436,31.48655609
23213,3346,3C,San.Diego,2021,0.85,0.1,0.34,22.835209,24.75336656,1.973296,6.249428432,31.00279499
23214,3347,3C,San.Diego,2021,0.85,0.25,0.34,19.078357,20.68093899,4.326072,13.70067002,34.38160901
23215,3348,3C,San.Diego,2021,0.85,0.2,0.34,19.970135,21.64762634,3.491216,11.05668107,32.70430741
23216,3349,3C,San.Diego,2021,0.85,0.3,0.34,18.40478,19.95078152,5.179902,16.40474963,36.35553115
23217,3350,3C,San.Diego,2021,0.85,0.35,0.34,17.873508,19.37488267,6.014758,19.04873859,38.42362126
23218,3351,3C,San.Diego,2021,0.85,0.45,0.34,17.086087,18.52131831,7.637035,24.18648985,42.70780815
23219,3352,3C,San.Diego,2021,0.85,0.4,0.34,17.446593,18.91210681,6.840127,21.66268221,40.57478902
23220,3353,3C,San.Diego,2021,0.85,0.55,0.34,16.516867,17.90428383,9.173929,29.05383314,46.95811697
23221,3354,3C,San.Diego,2021,0.85,0.5,0.34,16.782503,18.19223325,8.414969,26.65020682,44.84244008
23222,3355,3C,San.Diego,2021,0.85,0.6,0.34,16.289179,17.65747004,9.894941,31.33727815,48.99474818
23223,3356,3C,San.Diego,2021,0.85,0.65,0.34,16.052004,17.40037234,10.767745,34.10144842,51.50182075
23224,3357,3C,San.Diego,2021,0.85,0.7,0.34,15.871751,17.20497808,11.460296,36.29475743,53.49973552
23225,3358,3C,San.Diego,2021,0.85,0.75,0.34,15.700985,17.01986774,12.181308,38.57820244,55.59807018
23226,3359,3C,San.Diego,2021,0.85,0.85,0.34,15.378427,16.67021487,13.66128,43.26527376,59.93548863
23227,3360,3C,San.Diego,2021,0.85,0.8,0.34,15.539706,16.8450413,12.921294,40.9217381,57.7667794
23228,3361,3C,San.Diego,2021,0.85,0.95,0.34,15.103304,16.37198154,15.131765,47.92229976,64.29428129
23229,3362,3C,San.Diego,2021,0.85,0.9,0.34,15.236122,16.51595625,14.401266,45.60880942,62.12476567
23230,3363,3C,San.Diego,2021,0.8,0.01,0.34,26.781801,29.03147228,0.967674,3.064623558,32.09609584
23231,3364,3C,San.Diego,2021,0.8,0.15,0.34,20.425511,22.14125392,2.732256,8.653054752,30.79430868
23232,3365,3C,San.Diego,2021,0.8,0.1,0.34,22.038301,23.88951828,2.011244,6.369609748,30.25912803
23233,3366,3C,San.Diego,2021,0.8,0.25,0.34,18.40478,19.95078152,4.373507,13.85089667,33.80167819
23234,3367,3C,San.Diego,2021,0.8,0.2,0.34,19.268097,20.88661715,3.529164,11.17686239,32.06347954
23235,3368,3C,San.Diego,2021,0.8,0.3,0.34,17.74069,19.23090796,5.21785,16.52493095,35.75583891
23236,3369,3C,San.Diego,2021,0.8,0.35,0.34,17.228392,18.67557693,6.062193,19.19896523,37.87454216
23237,3370,3C,San.Diego,2021,0.8,0.45,0.34,16.459945,17.84258038,7.68447,24.33671649,42.17929687
23238,3371,3C,San.Diego,2021,0.8,0.4,0.34,16.810964,18.22308498,6.887562,21.81290885,40.03599383
23239,3372,3C,San.Diego,2021,0.8,0.55,0.34,15.900212,17.23582981,9.240338,29.26415045,46.49998025
23240,3373,3C,San.Diego,2021,0.8,0.5,0.34,16.165848,17.52377923,8.471891,26.8304788,44.35425803
23241,3374,3C,San.Diego,2021,0.8,0.6,0.34,15.682011,16.99929992,9.970837,31.57764078,48.5769407
23242,3375,3C,San.Diego,2021,0.8,0.65,0.34,15.444836,16.74220222,10.853128,34.37185638,51.1140586
23243,3376,3C,San.Diego,2021,0.8,0.7,0.34,15.264583,16.54680797,11.555166,36.59521072,53.14201869
23244,3377,3C,San.Diego,2021,0.8,0.75,0.34,15.103304,16.37198154,12.285665,38.90870106,55.28068259
23245,3378,3C,San.Diego,2021,0.8,0.85,0.34,14.790233,16.03261257,13.784611,43.65586304,59.68847561
23246,3379,3C,San.Diego,2021,0.8,0.8,0.34,14.942025,16.1971551,13.035138,41.28228205,57.47943715
23247,3380,3C,San.Diego,2021,0.8,0.95,0.34,14.524597,15.74466315,15.27407,48.37297969,64.11764284
23248,3381,3C,San.Diego,2021,0.8,0.9,0.34,14.647928,15.87835395,14.534084,46.02944403,61.90779798
23249,3382,3C,San.Diego,2021,0.95,0.01,0.34,29.589953,32.07550905,0.882291,2.794215597,34.86972465
23250,3383,3C,San.Diego,2021,0.95,0.15,0.34,22.588547,24.48598495,2.637386,8.352601462,32.83858641
23251,3384,3C,San.Diego,2021,0.95,0.1,0.34,24.343642,26.38850793,1.916374,6.069156458,32.45766439
23252,3385,3C,San.Diego,2021,0.95,0.25,0.34,20.387563,22.10011829,4.278637,13.55044338,35.65056167
23253,3386,3C,San.Diego,2021,0.95,0.2,0.34,21.326776,23.11822518,3.434294,10.8764091,33.99463428
23254,3387,3C,San.Diego,2021,0.95,0.3,0.34,19.676038,21.32882519,5.132467,16.25452299,37.58334818
23255,3388,3C,San.Diego,2021,0.95,0.35,0.34,19.116305,20.72207462,5.967323,18.89851194,39.62058656
23256,3389,3C,San.Diego,2021,0.95,0.45,0.34,18.290936,19.82737462,7.561139,23.94612721,43.77350184
23257,3390,3C,San.Diego,2021,0.95,0.4,0.34,18.660929,20.22844704,6.773718,21.45236491,41.68081194
23258,3391,3C,San.Diego,2021,0.95,0.55,0.34,17.702742,19.18977233,9.069572,28.72333452,47.91310685
23259,3392,3C,San.Diego,2021,0.95,0.5,0.34,17.968378,19.47772175,8.329586,26.37979886,45.85752061
23260,3393,3C,San.Diego,2021,0.95,0.6,0.34,17.45608,18.92239072,9.781097,30.9767342,49.89912492
23261,3394,3C,San.Diego,2021,0.95,0.65,0.34,17.209418,18.65500911,10.62544,33.65076848,52.30577759
23262,3395,3C,San.Diego,2021,0.95,0.7,0.34,17.019678,18.44933095,11.299017,35.78398684,54.23331779
23263,3396,3C,San.Diego,2021,0.95,0.75,0.34,16.848912,18.26422061,12.001055,38.00734119,56.27156179
23264,3397,3C,San.Diego,2021,0.95,0.85,0.34,16.50738,17.89399992,13.443079,42.57423119,60.46823111
23265,3398,3C,San.Diego,2021,0.95,0.8,0.34,16.668659,18.06882636,12.722067,40.29078619,58.35961255
23266,3399,3C,San.Diego,2021,0.95,0.95,0.34,16.22277,17.58548268,14.875616,47.11107587,64.69655855
23267,3400,3C,San.Diego,2021,0.95,0.9,0.34,16.365075,17.7397413,14.164091,44.8576762,62.5974175
23268,3401,3C,San.Diego,2021,0.9,0.01,0.34,28.679201,31.08825388,0.910752,2.884351584,33.97260547
23269,3402,3C,San.Diego,2021,0.9,0.15,0.34,21.895996,23.73525966,2.665847,8.442737449,32.17799711
23270,3403,3C,San.Diego,2021,0.9,0.1,0.34,23.603656,25.5863631,1.944835,6.159292445,31.74565555
23271,3404,3C,San.Diego,2021,0.9,0.25,0.34,19.751934,21.41109646,4.297611,13.61053404,35.02163049
23272,3405,3C,San.Diego,2021,0.9,0.2,0.34,20.662686,22.39835162,3.462755,10.96654509,33.36489671
23273,3406,3C,San.Diego,2021,0.9,0.3,0.34,19.049896,20.65008726,5.151441,16.31461365,36.96470091
23274,3407,3C,San.Diego,2021,0.9,0.35,0.34,18.49965,20.0536206,5.986297,18.9586026,39.0122232
23275,3408,3C,San.Diego,2021,0.9,0.45,0.34,17.702742,19.18977233,7.599087,24.06630853,43.25608086
23276,3409,3C,San.Diego,2021,0.9,0.4,0.34,18.063248,19.58056083,6.802179,21.54250089,41.12306173
23277,3410,3C,San.Diego,2021,0.9,0.55,0.34,17.114548,18.55217003,9.117007,28.87356117,47.4257312
23278,3411,3C,San.Diego,2021,0.9,0.5,0.34,17.389671,18.85040336,8.367534,26.49998018,45.35038354
23279,3412,3C,San.Diego,2021,0.9,0.6,0.34,16.88686,18.30535624,9.838019,31.15700617,49.46236241
23280,3413,3C,San.Diego,2021,0.9,0.65,0.34,16.640198,18.03797463,10.691849,33.86108578,51.89906042
23281,3414,3C,San.Diego,2021,0.9,0.7,0.34,16.450458,17.83229647,11.374913,36.02434947,53.85664594
23282,3415,3C,San.Diego,2021,0.9,0.75,0.34,16.279692,17.64718613,12.086438,38.27774915,55.92493527
23283,3416,3C,San.Diego,2021,0.9,0.85,0.34,15.957134,17.29753326,13.556923,42.93477514,60.2323084
23284,3417,3C,San.Diego,2021,0.9,0.8,0.34,16.108926,17.46207578,12.816937,40.59123948,58.05331526
23285,3418,3C,San.Diego,2021,0.9,0.95,0.34,15.663037,16.97873211,14.998947,47.50166515,64.48039726
23286,3419,3C,San.Diego,2021,0.9,0.9,0.34,15.805342,17.13299073,14.277935,45.21822015,62.35121087
24807,4940,4A,New.York,2021,0.01,0.01,0.271,52.396701,56.79802388,3.624034,11.47731568,68.27533956
24808,4941,4A,New.York,2021,0.01,0.15,0.271,46.20169,50.08263196,4.724526,14.96257384,65.0452058
24809,4942,4A,New.York,2021,0.01,0.1,0.271,48.317291,52.37594344,4.316585,13.6706247,66.04656814
24810,4943,4A,New.York,2021,0.01,0.25,0.271,42.719961,46.30843772,5.483486,17.36620016,63.67463789
24811,4944,4A,New.York,2021,0.01,0.2,0.271,44.408647,48.13897335,5.104006,16.164387,64.30336035
24812,4945,4A,New.York,2021,0.01,0.3,0.271,41.17358,44.63216072,5.88194,18.62810398,63.2602647
24813,4946,4A,New.York,2021,0.01,0.35,0.271,39.741043,43.07929061,6.270907,19.85996247,62.93925308
24814,4947,4A,New.York,2021,0.01,0.45,0.271,37.027761,40.13809292,7.162685,22.6842234,62.82231632
24815,4948,4A,New.York,2021,0.01,0.4,0.271,38.346454,41.56755614,6.707309,21.2420476,62.80960374
24816,4949,4A,New.York,2021,0.01,0.55,0.271,34.836264,37.76251018,8.035489,25.44839366,63.21090384
24817,4950,4A,New.York,2021,0.01,0.5,0.271,35.870347,38.88345615,7.5896,24.0362632,62.91971935
24818,4951,4A,New.York,2021,0.01,0.6,0.271,33.897051,36.74440328,8.500352,26.92061478,63.66501807
24819,4952,4A,New.York,2021,0.01,0.65,0.271,33.052708,35.82913547,8.965215,28.39283591,64.22197138
24820,4953,4A,New.York,2021,0.01,0.7,0.271,32.331696,35.04755846,9.449052,29.92514768,64.97270615
24821,4954,4A,New.York,2021,0.01,0.75,0.271,31.677093,34.33796881,9.942376,31.48750479,65.8254736
24822,4955,4A,New.York,2021,0.01,0.85,0.271,30.567114,33.13475158,10.947998,34.67230967,67.80706124
24823,4956,4A,New.York,2021,0.01,0.8,0.271,31.088899,33.70036652,10.4357,33.0498619,66.75022842
24824,4957,4A,New.York,2021,0.01,0.95,0.271,29.69431,32.18863204,11.982081,37.94725053,70.13588257
24825,4958,4A,New.York,2021,0.01,0.9,0.271,30.111738,32.64112399,11.460296,36.29475743,68.93588142
24826,4959,4A,New.York,2021,0.05,0.01,0.271,54.683068,59.27644571,3.586086,11.35713436,70.63358007
24827,4960,4A,New.York,2021,0.05,0.15,0.271,48.3837,52.4479308,4.667604,14.78230187,67.23023267
24828,4961,4A,New.York,2021,0.05,0.1,0.271,50.527762,54.77209401,4.26915,13.52039805,68.29249206
24829,4962,4A,New.York,2021,0.05,0.25,0.271,44.845049,48.61203312,5.417077,17.15588286,65.76791598
24830,4963,4A,New.York,2021,0.05,0.2,0.271,46.543222,50.45285265,5.037597,15.9540697,66.40692235
24831,4964,4A,New.York,2021,0.05,0.3,0.271,43.251233,46.88433657,5.806044,18.38774135,65.27207792
24832,4965,4A,New.York,2021,0.05,0.35,0.271,41.799722,45.31089865,6.195011,19.61959984,64.93049849
24833,4966,4A,New.York,2021,0.05,0.45,0.271,39.029518,42.30799751,7.067815,22.38377011,64.69176762
24834,4967,4A,New.York,2021,0.05,0.4,0.271,40.395646,43.78888026,6.621926,20.97163964,64.76051991
24835,4968,4A,New.York,2021,0.05,0.55,0.271,36.771612,39.86042741,7.940619,25.14794037,65.00836778
24836,4969,4A,New.York,2021,0.05,0.5,0.271,37.834156,41.0122251,7.49473,23.73580991,64.74803501
24837,4970,4A,New.York,2021,0.05,0.6,0.271,35.794451,38.80118488,8.405482,26.62016149,65.42134638
24838,4971,4A,New.York,2021,0.05,0.65,0.271,34.921647,37.85506535,8.860858,28.06233729,65.91740263
24839,4972,4A,New.York,2021,0.05,0.7,0.271,34.134226,37.00150098,9.335208,29.56460374,66.56610472
24840,4973,4A,New.York,2021,0.05,0.75,0.271,33.451162,36.26105961,9.819045,31.09691552,67.35797512
24841,4974,4A,New.York,2021,0.05,0.85,0.271,32.293748,35.00642283,10.81518,34.25167506,69.25809789
24842,4975,4A,New.York,2021,0.05,0.8,0.271,32.843994,35.6028895,10.312369,32.65927262,68.26216212
24843,4976,4A,New.York,2021,0.05,0.95,0.271,31.364022,33.99859985,11.839776,37.49657059,71.49517044
24844,4977,4A,New.York,2021,0.05,0.9,0.271,31.790937,34.46137571,11.317991,35.8440775,70.3054532
24845,4978,4A,New.York,2021,0.15,0.01,0.271,60.185528,65.24111235,3.481729,11.02663574,76.2677481
24846,4979,4A,New.York,2021,0.15,0.15,0.271,53.611037,58.11436411,4.544273,14.39171259,72.5060767
24847,4980,4A,New.York,2021,0.15,0.1,0.271,55.849969,60.5413664,4.155306,13.1598541,73.7012205
24848,4981,4A,New.York,2021,0.15,0.25,0.271,49.949055,54.14477562,5.274772,16.70520292,70.84997854
24849,4982,4A,New.York,2021,0.15,0.2,0.271,51.70415,56.0472986,4.904779,15.53343509,71.58073369
24850,4983,4A,New.York,2021,0.15,0.3,0.271,48.298317,52.35537563,5.644765,17.87697076,70.23234638
24851,4984,4A,New.York,2021,0.15,0.35,0.271,46.780397,50.70995035,6.024245,19.07878392,69.78873426
24852,4985,4A,New.York,2021,0.15,0.45,0.271,43.867888,47.55279059,6.878075,21.78286353,69.33565412
24853,4986,4A,New.York,2021,0.15,0.4,0.271,45.290938,49.09537679,6.441673,20.40077839,69.49615518
24854,4987,4A,New.York,2021,0.15,0.55,0.271,41.448703,44.93039405,7.731905,24.48694314,69.41733719
24855,4988,4A,New.York,2021,0.15,0.5,0.271,42.615604,46.19531474,7.30499,23.13490333,69.33021807
24856,4989,4A,New.York,2021,0.15,0.6,0.271,40.395646,43.78888026,8.168307,25.86902827,69.65790853
24857,4990,4A,New.York,2021,0.15,0.65,0.271,39.437459,42.75020556,8.63317,27.34124939,70.09145495
24858,4991,4A,New.York,2021,0.15,0.7,0.271,38.555168,41.79380211,9.088546,28.78342518,70.57722729
24859,4992,4A,New.York,2021,0.15,0.75,0.271,37.786721,40.96080556,9.562896,30.28569163,71.2464972
24860,4993,4A,New.York,2021,0.15,0.85,0.271,36.477515,39.54162626,10.521083,33.32026986,72.86189612
24861,4994,4A,New.York,2021,0.15,0.8,0.271,37.09417,40.21008028,10.037246,31.78795808,71.99803836
24862,4995,4A,New.York,2021,0.15,0.95,0.271,35.414971,38.38982856,11.507731,36.44498408,74.83481264
24863,4996,4A,New.York,2021,0.15,0.9,0.271,35.917782,38.93487569,11.014407,34.88262697,73.81750266
24864,4997,4A,New.York,2021,0.1,0.01,0.271,57.472246,62.29991466,3.529164,11.17686239,73.47677705
24865,4998,4A,New.York,2021,0.1,0.15,0.271,51.030573,55.31714113,4.601195,14.57198457,69.8891257
24866,4999,4A,New.York,2021,0.1,0.1,0.271,53.22207,57.69272388,4.212228,13.34012608,71.03284996
24867,5000,4A,New.York,2021,0.1,0.25,0.271,47.425513,51.40925609,5.341181,16.91552023,68.32477632
24868,5001,4A,New.York,2021,0.1,0.2,0.271,49.161634,53.29121126,4.971188,15.7437524,69.03496365
24869,5002,4A,New.York,2021,0.1,0.3,0.271,45.812723,49.66099173,5.720661,18.11733339,67.77832512
24870,5003,4A,New.York,2021,0.1,0.35,0.271,44.323264,48.04641818,6.109628,19.34919188,67.39561005
24871,5004,4A,New.York,2021,0.1,0.45,0.271,41.486651,44.97152968,6.972945,22.08331682,67.0548465
24872,5005,4A,New.York,2021,0.1,0.4,0.271,42.871753,46.47298025,6.527056,20.67118635,67.1441666
24873,5006,4A,New.York,2021,0.1,0.55,0.271,39.133875,42.4211205,7.826775,24.78739643,67.20851693
24874,5007,4A,New.York,2021,0.1,0.5,0.271,40.262828,43.64490555,7.39986,23.43535662,67.08026217
24875,5008,4A,New.York,2021,0.1,0.6,0.271,38.128253,41.33102625,8.272664,26.19952689,67.53055314
24876,5009,4A,New.York,2021,0.1,0.65,0.271,37.198527,40.32320327,8.737527,27.67174801,67.99495128
24877,5010,4A,New.York,2021,0.1,0.7,0.271,36.373158,39.42850327,9.20239,29.14396913,68.5724724
24878,5011,4A,New.York,2021,0.1,0.75,0.271,35.633172,38.62635845,9.686227,30.67628091,69.30263936
24879,5012,4A,New.York,2021,0.1,0.85,0.271,34.399862,37.28945041,10.653901,33.74090447,71.03035488
24880,5013,4A,New.York,2021,0.1,0.8,0.271,34.988056,37.9270527,10.170064,32.20859269,70.13564539
24881,5014,4A,New.York,2021,0.1,0.95,0.271,33.403727,36.20964007,11.66901,36.95575467,73.16539474
24882,5015,4A,New.York,2021,0.1,0.9,0.271,33.86859,36.71355156,11.156712,35.3333069,72.04685846
24883,5016,4A,New.York,2021,0.25,0.01,0.271,65.374917,70.86641003,3.405833,10.78627311,81.65268314
24884,5017,4A,New.York,2021,0.25,0.15,0.271,58.525303,63.44142845,4.439916,14.06121397,77.50264242
24885,5018,4A,New.York,2021,0.25,0.1,0.271,60.859105,65.97126982,4.060436,12.85940081,78.83067063
24886,5019,4A,New.York,2021,0.25,0.25,0.271,54.758964,59.35871698,5.151441,16.31461365,75.67333062
24887,5020,4A,New.York,2021,0.25,0.2,0.271,56.570981,61.3229434,4.790935,15.17289115,76.49583455
24888,5021,4A,New.York,2021,0.25,0.3,0.271,53.070278,57.52818135,5.511947,17.45633615,74.9845175
24889,5022,4A,New.York,2021,0.25,0.35,0.271,51.495436,55.82105262,5.88194,18.62810398,74.4491566
24890,5023,4A,New.York,2021,0.25,0.45,0.271,48.450109,52.51991816,6.726283,21.30213826,73.82205642
24891,5024,4A,New.York,2021,0.25,0.4,0.271,49.930081,54.1242078,6.289881,19.92005313,74.04426093
24892,5025,4A,New.York,2021,0.25,0.55,0.271,45.926567,49.78439863,7.561139,23.94612721,73.73052584
24893,5026,4A,New.York,2021,0.25,0.5,0.271,47.140903,51.10073885,7.134224,22.59408741,73.69482626
24894,5027,4A,New.York,2021,0.25,0.6,0.271,44.797614,48.56061358,7.988054,25.29816702,73.85878059
24895,5028,4A,New.York,2021,0.25,0.65,0.271,43.773018,47.44995151,8.44343,26.74034281,74.19029432
24896,5029,4A,New.York,2021,0.25,0.7,0.271,42.833805,46.43184462,8.889319,28.15247327,74.58431789
24897,5030,4A,New.York,2021,0.25,0.75,0.271,41.970488,45.49600899,9.335208,29.56460374,75.06061273
24898,5031,4A,New.York,2021,0.25,0.85,0.271,40.518977,43.92257107,10.283908,32.56913664,76.4917077
24899,5032,4A,New.York,2021,0.25,0.8,0.271,41.211528,44.67329635,9.819045,31.09691552,75.77021187
24900,5033,4A,New.York,2021,0.25,0.95,0.271,39.342589,42.64736648,11.242095,35.60371487,78.25108134
24901,5034,4A,New.York,2021,0.25,0.9,0.271,39.892835,43.24383314,10.758258,34.07140309,77.31523623
24902,5035,4A,New.York,2021,0.2,0.01,0.271,62.822914,68.10003878,3.443781,10.90645443,79.0064932
24903,5036,4A,New.York,2021,0.2,0.15,0.271,56.106118,60.81903191,4.496838,14.24148595,75.06051786
24904,5037,4A,New.York,2021,0.2,0.1,0.271,58.392485,63.29745374,4.107871,13.00962746,76.3070812
24905,5038,4A,New.York,2021,0.2,0.25,0.271,52.387214,56.78773998,5.198876,16.46484029,73.25258027
24906,5039,4A,New.York,2021,0.2,0.2,0.271,54.17077,58.72111468,4.847857,15.35316312,74.0742778
24907,5040,4A,New.York,2021,0.2,0.3,0.271,50.717502,54.97777217,5.578356,17.66665345,72.64442562
24908,5041,4A,New.York,2021,0.2,0.35,0.271,49.171121,53.30149516,5.948349,18.83842128,72.13991645
24909,5042,4A,New.York,2021,0.2,0.45,0.271,46.192203,50.07234805,6.802179,21.54250089,71.61484895
24910,5043,4A,New.York,2021,0.2,0.4,0.271,47.634227,51.63550207,6.35629,20.13037043,71.7658725
24911,5044,4A,New.York,2021,0.2,0.55,0.271,43.706609,47.37796416,7.637035,24.18648985,71.564454
24912,5045,4A,New.York,2021,0.2,0.5,0.271,44.901971,48.67373656,7.21012,22.83445004,71.5081866
24913,5046,4A,New.York,2021,0.2,0.6,0.271,42.625091,46.20559864,8.073437,25.56857498,71.77417362
24914,5047,4A,New.York,2021,0.2,0.65,0.271,41.638443,45.13607221,8.528813,27.01075077,72.14682298
24915,5048,4A,New.York,2021,0.2,0.7,0.271,40.727691,44.14881704,8.984189,28.45292656,72.60174361
24916,5049,4A,New.York,2021,0.2,0.75,0.271,39.902322,43.25411705,9.449052,29.92514768,73.17926473
24917,5050,4A,New.York,2021,0.2,0.85,0.271,38.51722,41.75266648,10.388265,32.89963526,74.65230174
24918,5051,4A,New.York,2021,0.2,0.8,0.271,39.171823,42.46225613,9.923402,31.42741413,73.88967027
24919,5052,4A,New.York,2021,0.2,0.95,0.271,37.397754,40.53916534,11.374913,36.02434947,76.56351481
24920,5053,4A,New.York,2021,0.2,0.9,0.271,37.929026,41.11506418,10.881589,34.46199236,75.57705655
24921,5054,4A,New.York,2021,0.3,0.01,0.271,67.860511,73.56079392,3.377372,10.69613712,84.25693105
24922,5055,4A,New.York,2021,0.3,0.15,0.271,60.840131,65.950702,4.411455,13.97107799,79.92177999
24923,5056,4A,New.York,2021,0.3,0.1,0.271,63.211881,68.521679,4.022488,12.7392195,81.2608985
24924,5057,4A,New.York,2021,0.3,0.25,0.271,56.912513,61.69316409,5.132467,16.25452299,77.94768708
24925,5058,4A,New.York,2021,0.3,0.2,0.271,58.800426,63.73966178,4.771961,15.11280049,78.85246227
24926,5059,4A,New.York,2021,0.3,0.3,0.271,55.204853,59.84206065,5.492973,17.39624549,77.23830614
24927,5060,4A,New.York,2021,0.3,0.35,0.271,53.582576,58.08351238,5.872453,18.59805865,76.68157104
24928,5061,4A,New.York,2021,0.3,0.45,0.271,50.66058,54.91606872,6.659874,21.09182096,76.00788968
24929,5062,4A,New.York,2021,0.3,0.4,0.271,52.064656,56.4380871,6.26142,19.82991714,76.26800424
24930,5063,4A,New.York,2021,0.3,0.55,0.271,48.080116,52.11884574,7.475756,23.67571925,75.794565
24931,5064,4A,New.York,2021,0.3,0.5,0.271,49.360861,53.50717332,7.067815,22.38377011,75.89094343
24932,5065,4A,New.York,2021,0.3,0.6,0.271,46.922702,50.86420897,7.893184,24.99771373,75.8619227
24933,5066,4A,New.York,2021,0.3,0.65,0.271,45.869645,49.72269518,8.34856,26.43988952,76.1625847
24934,5067,4A,New.York,2021,0.3,0.7,0.271,44.911458,48.68402047,8.794449,27.85201998,76.53604046
24935,5068,4A,New.York,2021,0.3,0.75,0.271,44.01968,47.71733312,9.249825,29.29419578,77.0115289
24936,5069,4A,New.York,2021,0.3,0.85,0.271,42.482786,46.05134002,10.170064,32.20859269,78.25993271
24937,5070,4A,New.York,2021,0.3,0.8,0.271,43.213285,46.84320094,9.714688,30.7664169,77.60961784
24938,5071,4A,New.York,2021,0.3,0.95,0.271,41.26845,44.7349998,11.118764,35.21312559,79.94812539
24939,5072,4A,New.York,2021,0.3,0.9,0.271,41.818696,45.33146646,10.644414,33.71085914,79.0423256
24940,5073,4A,New.York,2021,0.35,0.01,0.271,70.184826,76.08035138,3.339424,10.57595581,86.65630719
24941,5074,4A,New.York,2021,0.35,0.15,0.271,63.126498,68.42912383,4.373507,13.85089667,82.2800205
24942,5075,4A,New.York,2021,0.35,0.1,0.271,65.536196,71.04123646,3.98454,12.61903818,83.66027464
24943,5076,4A,New.York,2021,0.35,0.25,0.271,59.151445,64.12016638,5.085032,16.10429634,80.22446272
24944,5077,4A,New.York,2021,0.35,0.2,0.271,61.067819,66.1975158,4.724526,14.96257384,81.16008964
24945,5078,4A,New.York,2021,0.35,0.3,0.271,57.415324,62.23821122,5.445538,17.24601885,79.48423006
24946,5079,4A,New.York,2021,0.35,0.35,0.271,55.774073,60.45909513,5.815531,18.41778668,78.87688181
24947,5080,4A,New.York,2021,0.35,0.45,0.271,52.814129,57.25051584,6.593465,20.88150366,78.13201949
24948,5081,4A,New.York,2021,0.35,0.4,0.271,54.237179,58.79310204,6.204498,19.64964517,78.4427472
24949,5082,4A,New.York,2021,0.35,0.55,0.271,50.195717,54.41215723,7.409347,23.46540195,77.87755918
24950,5083,4A,New.York,2021,0.35,0.5,0.271,51.485949,55.81076872,6.991919,22.14340747,77.95417619
24951,5084,4A,New.York,2021,0.35,0.6,0.271,49.000355,53.11638482,7.826775,24.78739643,77.90378125
24952,5085,4A,New.York,2021,0.35,0.65,0.271,47.918837,51.94401931,8.263177,26.16948156,78.11350087
24953,5086,4A,New.York,2021,0.35,0.7,0.271,46.932189,50.87449288,8.709066,27.58161202,78.4561049
24954,5087,4A,New.York,2021,0.35,0.75,0.271,46.01195,49.8769538,9.164442,29.02378781,78.90074161
24955,5088,4A,New.York,2021,0.35,0.85,0.271,44.418134,48.14925726,10.065707,31.87809407,80.02735133
24956,5089,4A,New.York,2021,0.35,0.8,0.271,45.15812,48.95140208,9.610331,30.43591828,79.38732036
24957,5090,4A,New.York,2021,0.35,0.95,0.271,43.127902,46.75064577,10.995433,34.82253631,81.57318208
24958,5091,4A,New.York,2021,0.35,0.9,0.271,43.73507,47.40881588,10.540057,33.38036052,80.7891764
24959,5092,4A,New.York,2021,0.45,0.01,0.271,74.330645,80.57441918,3.301476,10.45577449,91.03019367
24960,5093,4A,New.York,2021,0.45,0.15,0.271,67.500005,73.17000542,4.307098,13.64057937,86.81058479
24961,5094,4A,New.York,2021,0.45,0.1,0.271,69.985599,75.86438932,3.927618,12.43876621,88.30315552
24962,5095,4A,New.York,2021,0.45,0.25,0.271,63.449056,68.7787767,4.999649,15.83388838,84.61266509
24963,5096,4A,New.York,2021,0.45,0.2,0.271,65.403378,70.89726175,4.64863,14.72221121,85.61947296
24964,5097,4A,New.York,2021,0.45,0.3,0.271,61.6655,66.845402,5.350668,16.94556556,83.79096756
24965,5098,4A,New.York,2021,0.45,0.35,0.271,59.995788,65.03543419,5.720661,18.11733339,83.15276758
24966,5099,4A,New.York,2021,0.45,0.45,0.271,56.959948,61.74458363,6.479621,20.52095971,82.26554334
24967,5100,4A,New.York,2021,0.45,0.4,0.271,58.420946,63.32830546,6.090654,19.28910122,82.61740668
24968,5101,4A,New.York,2021,0.45,0.55,0.271,54.246666,58.80338594,7.276529,23.04476734,81.84815329
24969,5102,4A,New.York,2021,0.45,0.5,0.271,55.584333,60.25341697,6.868588,21.7528182,82.00623517
24970,5103,4A,New.York,2021,0.45,0.6,0.271,53.03233,57.48704572,7.693957,24.36676182,81.85380754
24971,5104,4A,New.York,2021,0.45,0.65,0.271,51.884403,56.24269285,8.120872,25.71880162,81.96149448
24972,5105,4A,New.York,2021,0.45,0.7,0.271,50.840833,55.11146297,8.547787,27.07084143,82.1823044
24973,5106,4A,New.York,2021,0.45,0.75,0.271,49.882646,54.07278826,8.993676,28.48297189,82.55576016
24974,5107,4A,New.York,2021,0.45,0.85,0.271,48.174986,52.22168482,9.885454,31.30723282,83.52891764
24975,5108,4A,New.York,2021,0.45,0.8,0.271,49.000355,53.11638482,9.439565,29.89510236,83.01148718
24976,5109,4A,New.York,2021,0.45,0.95,0.271,46.799371,50.73051816,10.786719,34.16153907,84.89205724
24977,5110,4A,New.York,2021,0.45,0.9,0.271,47.444487,51.42982391,10.350317,32.77945394,84.20927785
24978,5111,4A,New.York,2021,0.4,0.01,0.271,72.281453,78.35309505,3.32045,10.51586515,88.8689602
24979,5112,4A,New.York,2021,0.4,0.15,0.271,65.346456,70.8355583,4.335559,13.73071535,84.56627366
24980,5113,4A,New.York,2021,0.4,0.1,0.271,67.794102,73.48880657,3.956079,12.52890219,86.01770876
24981,5114,4A,New.York,2021,0.4,0.25,0.271,61.333455,66.48546522,5.047084,15.98411503,82.46958025
24982,5115,4A,New.York,2021,0.4,0.2,0.271,63.268803,68.58338245,4.686578,14.84239253,83.42577498
24983,5116,4A,New.York,2021,0.4,0.3,0.271,59.568873,64.57265833,5.398103,17.0957922,81.66845053
24984,5117,4A,New.York,2021,0.4,0.35,0.271,57.908648,62.77297443,5.768096,18.26756003,81.04053446
24985,5118,4A,New.York,2021,0.4,0.45,0.271,54.910756,59.5232595,6.527056,20.67118635,80.19444586
24986,5119,4A,New.York,2021,0.4,0.4,0.271,56.362267,61.09669743,6.147576,19.46937319,80.56607062
24987,5120,4A,New.York,2021,0.4,0.55,0.271,52.225935,56.61291354,7.342938,23.25508465,79.86799819
24988,5121,4A,New.York,2021,0.4,0.5,0.271,53.563602,58.06294457,6.934997,21.9631355,80.02608007
24989,5122,4A,New.York,2021,0.4,0.6,0.271,51.04006,55.32742504,7.760366,24.57707912,79.90450416
24990,5123,4A,New.York,2021,0.4,0.65,0.271,49.911107,54.10363999,8.187281,25.92911893,80.03275892
24991,5124,4A,New.York,2021,0.4,0.7,0.271,48.905485,53.01354574,8.623683,27.31120406,80.3247498
24992,5125,4A,New.York,2021,0.4,0.75,0.271,47.975759,52.00572276,9.079059,28.75337985,80.75910261
24993,5126,4A,New.York,2021,0.4,0.85,0.271,46.315534,50.20603886,9.980324,31.60768611,81.81372496
24994,5127,4A,New.York,2021,0.4,0.8,0.271,47.093468,51.04931931,9.524948,30.16551032,81.21482963
24995,5128,4A,New.York,2021,0.4,0.95,0.271,44.977867,48.75600783,10.891076,34.49203769,83.24804552
24996,5129,4A,New.York,2021,0.4,0.9,0.271,45.604009,49.43474576,10.445187,33.07990723,82.51465299
24997,5130,4A,New.York,2021,0.55,0.01,0.271,78.258263,84.83195709,3.254041,10.30554785,95.13750494
24998,5131,4A,New.York,2021,0.55,0.15,0.271,71.62685,77.6435054,4.259663,13.49035272,91.13385812
24999,5132,4A,New.York,2021,0.55,0.1,0.271,74.18834,80.42016056,3.880183,12.28853956,92.70870012
25000,5133,4A,New.York,2021,0.55,0.25,0.271,67.509492,73.18028933,4.942727,15.65361641,88.83390574
25001,5134,4A,New.York,2021,0.55,0.2,0.271,69.492275,75.3296261,4.591708,14.54193924,89.87156534
25002,5135,4A,New.York,2021,0.55,0.3,0.271,65.706962,71.22634681,5.284259,16.73524825,87.96159506
25003,5136,4A,New.York,2021,0.55,0.35,0.271,63.989815,69.36495946,5.644765,17.87697076,87.24193022
25004,5137,4A,New.York,2021,0.55,0.45,0.271,60.887566,66.00212154,6.375264,20.19046109,86.19258263
25005,5138,4A,New.York,2021,0.55,0.4,0.271,62.395999,67.63726292,6.005271,19.01869326,86.65595617
25006,5139,4A,New.York,2021,0.55,0.55,0.271,58.088901,62.96836868,7.172172,22.71426872,85.68263741
25007,5140,4A,New.York,2021,0.55,0.5,0.271,59.48349,64.48010316,6.764231,21.42231958,85.90242274
25008,5141,4A,New.York,2021,0.55,0.6,0.271,56.846104,61.62117674,7.580113,24.00621787,85.62739461
25009,5142,4A,New.York,2021,0.55,0.65,0.271,55.669716,60.34597214,8.007028,25.35825768,85.70422982
25010,5143,4A,New.York,2021,0.55,0.7,0.271,54.578711,59.16332272,8.424456,26.68025215,85.84357488
25011,5144,4A,New.York,2021,0.55,0.75,0.271,53.582576,58.08351238,8.860858,28.06233729,86.14584967
25012,5145,4A,New.York,2021,0.55,0.85,0.271,51.79902,56.15013768,9.743149,30.85655288,87.00669056
25013,5146,4A,New.York,2021,0.55,0.8,0.271,52.65285,57.0756894,9.306747,29.47446775,86.55015715
25014,5147,4A,New.York,2021,0.55,0.95,0.271,50.347509,54.57669976,10.596979,33.56063249,88.13733225
25015,5148,4A,New.York,2021,0.55,0.9,0.271,51.011599,55.29657332,10.189038,32.26868335,87.56525666
25016,5149,4A,New.York,2021,0.5,0.01,0.271,76.322915,82.73403986,3.282502,10.39568383,93.12972369
25017,5150,4A,New.York,2021,0.5,0.15,0.271,69.587145,75.43246518,4.278637,13.55044338,88.98290856
25018,5151,4A,New.York,2021,0.5,0.1,0.271,72.120174,78.17826862,3.908644,12.37867555,90.55694416
25019,5152,4A,New.York,2021,0.5,0.25,0.271,65.507735,71.01038474,4.971188,15.7437524,86.75413714
25020,5153,4A,New.York,2021,0.5,0.2,0.271,67.471544,73.1391537,4.620169,14.63207522,87.77122892
25021,5154,4A,New.York,2021,0.5,0.3,0.271,63.714692,69.06672613,5.31272,16.82538424,85.89211037
25022,5155,4A,New.York,2021,0.5,0.35,0.271,62.016519,67.2259066,5.673226,17.96710674,85.19301334
25023,5156,4A,New.York,2021,0.5,0.45,0.271,58.952218,63.90420431,6.432186,20.37073306,84.27493737
25024,5157,4A,New.York,2021,0.5,0.4,0.271,60.43219,65.50849396,6.043219,19.13887457,84.64736853
25025,5158,4A,New.York,2021,0.5,0.55,0.271,56.191501,60.91158708,7.219607,22.86449537,83.77608245
25026,5159,4A,New.York,2021,0.5,0.5,0.271,57.557629,62.39246984,6.811666,21.57254622,83.96501606
25027,5160,4A,New.York,2021,0.5,0.6,0.271,54.958191,59.57467904,7.637035,24.18648985,83.76116889
25028,5161,4A,New.York,2021,0.5,0.65,0.271,53.79129,58.30975836,8.06395,25.53852965,83.84828801
25029,5162,4A,New.York,2021,0.5,0.7,0.271,52.728746,57.15796066,8.490865,26.89056946,84.04853012
25030,5163,4A,New.York,2021,0.5,0.75,0.271,51.742098,56.08843423,8.927267,28.27265459,84.36108882
25031,5164,4A,New.York,2021,0.5,0.85,0.271,49.987003,54.18591125,9.800071,31.03682486,85.22273611
25032,5165,4A,New.York,2021,0.5,0.8,0.271,50.85032,55.12174688,9.373156,29.68478505,84.80653193
25033,5166,4A,New.York,2021,0.5,0.95,0.271,48.582927,52.66389287,10.701336,33.89113111,86.55502398
25034,5167,4A,New.York,2021,0.5,0.9,0.271,49.247017,53.38376643,10.264934,32.50904598,85.89281241
25035,5168,4A,New.York,2021,0.6,0.01,0.271,80.16515,86.8990226,3.235067,10.24545719,97.14447979
25036,5169,4A,New.York,2021,0.6,0.15,0.271,73.600146,79.78255826,4.240689,13.43026206,93.21282033
25037,5170,4A,New.York,2021,0.6,0.1,0.271,76.209071,82.61063296,3.861209,12.2284489,94.83908187
25038,5171,4A,New.York,2021,0.6,0.25,0.271,69.44484,75.27820656,4.914266,15.56348042,90.84168698
25039,5172,4A,New.York,2021,0.6,0.2,0.271,71.446597,77.44811115,4.572734,14.48184858,91.92995973
25040,5173,4A,New.York,2021,0.6,0.3,0.271,67.632823,73.31398013,5.255798,16.64511227,89.9590924
25041,5174,4A,New.York,2021,0.6,0.35,0.271,65.915676,71.45259278,5.606817,17.75678944,89.20938222
25042,5175,4A,New.York,2021,0.6,0.45,0.271,62.784966,68.05890314,6.346803,20.1003251,88.15922825
25043,5176,4A,New.York,2021,0.6,0.4,0.271,64.293399,69.69404452,5.97681,18.92855727,88.62260179
25044,5177,4A,New.York,2021,0.6,0.55,0.271,59.938866,64.97373074,7.124737,22.56404208,87.53777282
25045,5178,4A,New.York,2021,0.6,0.5,0.271,61.361916,66.51631694,6.726283,21.30213826,87.81845521
25046,5179,4A,New.York,2021,0.6,0.6,0.271,58.686582,63.61625489,7.532678,23.85599123,87.47224611
25047,5180,4A,New.York,2021,0.6,0.65,0.271,57.510194,62.3410503,7.950106,25.1779857,87.519036
25048,5181,4A,New.York,2021,0.6,0.7,0.271,56.390728,61.12754915,8.367534,26.49998018,87.62752933
25049,5182,4A,New.York,2021,0.6,0.75,0.271,55.375619,60.027171,8.803936,27.88206531,87.90923631
25050,5183,4A,New.York,2021,0.6,0.85,0.271,53.554115,58.05266066,9.667253,30.61619025,88.66885091
25051,5184,4A,New.York,2021,0.6,0.8,0.271,54.426919,58.9987802,9.240338,29.26415045,88.26293064
25052,5185,4A,New.York,2021,0.6,0.95,0.271,52.074143,56.44837101,10.521083,33.32026986,89.76864087
25053,5186,4A,New.York,2021,0.6,0.9,0.271,52.738233,57.16824457,10.113142,32.02832071,89.19656529
25054,5187,4A,New.York,2021,0.65,0.01,0.271,81.986654,88.87353294,3.22558,10.21541186,99.0889448
25055,5188,4A,New.York,2021,0.65,0.15,0.271,75.431137,81.76735251,4.240689,13.43026206,95.19761457
25056,5189,4A,New.York,2021,0.65,0.1,0.271,77.992627,84.54400767,3.861209,12.2284489,96.77245657
25057,5190,4A,New.York,2021,0.65,0.25,0.271,71.133526,77.10874218,4.923753,15.59352575,92.70226794
25058,5191,4A,New.York,2021,0.65,0.2,0.271,73.201692,79.35063413,4.582221,14.51189391,93.86252804
25059,5192,4A,New.York,2021,0.65,0.3,0.271,69.264587,75.08281231,5.284259,16.73524825,91.81806056
25060,5193,4A,New.York,2021,0.65,0.35,0.271,67.509492,73.18028933,5.644765,17.87697076,91.05726008
25061,5194,4A,New.York,2021,0.65,0.45,0.271,64.359808,69.76603187,6.384751,20.22050642,89.98653829
25062,5195,4A,New.York,2021,0.65,0.4,0.271,65.868241,71.40117324,6.005271,19.01869326,90.4198665
25063,5196,4A,New.York,2021,0.65,0.55,0.271,61.551656,66.7219951,7.153198,22.65417807,89.37617317
25064,5197,4A,New.York,2021,0.65,0.5,0.271,62.927271,68.21316176,6.773718,21.45236491,89.66552667
25065,5198,4A,New.York,2021,0.65,0.6,0.271,60.299372,65.36451925,7.551652,23.91608188,89.28060113
25066,5199,4A,New.York,2021,0.65,0.65,0.271,59.066062,64.02761121,7.997541,25.32821235,89.35582356
25067,5200,4A,New.York,2021,0.65,0.7,0.271,57.96557,62.83467788,8.414969,26.65020682,89.4848847
25068,5201,4A,New.York,2021,0.65,0.75,0.271,56.940974,61.72401582,8.832397,27.9722013,89.69621712
25069,5202,4A,New.York,2021,0.65,0.85,0.271,55.11947,59.74950548,9.705201,30.73637157,90.48587705
25070,5203,4A,New.York,2021,0.65,0.8,0.271,56.001761,60.70590892,9.268799,29.35428643,90.06019536
25071,5204,4A,New.York,2021,0.65,0.95,0.271,53.611037,58.11436411,10.559031,33.44045118,91.55481529
25072,5205,4A,New.York,2021,0.65,0.9,0.271,54.303588,58.86508939,10.132116,32.08841137,90.95350076
25073,5206,4A,New.York,2021,0.7,0.01,0.271,83.779697,90.81719155,3.216093,10.18536653,101.0025581
25074,5207,4A,New.York,2021,0.7,0.15,0.271,77.214693,83.70072721,4.231202,13.40021673,97.10094395
25075,5208,4A,New.York,2021,0.7,0.1,0.271,79.671826,86.36425938,3.870696,12.25849423,98.62275362
25076,5209,4A,New.York,2021,0.7,0.25,0.271,72.755803,78.86729045,4.952214,15.68366174,94.55095219
25077,5210,4A,New.York,2021,0.7,0.2,0.271,74.890378,81.18116975,4.591708,14.54193924,95.72310899
25078,5211,4A,New.York,2021,0.7,0.3,0.271,70.820455,76.76937322,5.322207,16.85542957,93.62480279
25079,5212,4A,New.York,2021,0.7,0.35,0.271,69.027412,74.82571461,5.6922,18.0271974,92.85291201
25080,5213,4A,New.York,2021,0.7,0.45,0.271,65.858754,71.39088934,6.441673,20.40077839,91.79166773
25081,5214,4A,New.York,2021,0.7,0.4,0.271,67.376674,73.03631462,6.052706,19.1689199,92.20523452
25082,5215,4A,New.York,2021,0.7,0.55,0.271,63.08855,68.3879882,7.200633,22.80440471,91.19239291
25083,5216,4A,New.York,2021,0.7,0.5,0.271,64.426217,69.83801923,6.821153,21.60259155,91.44061078
25084,5217,4A,New.York,2021,0.7,0.6,0.271,61.85524,67.05108016,7.599087,24.06630853,91.11738869
25085,5218,4A,New.York,2021,0.7,0.65,0.271,60.574495,65.66275258,8.054463,25.50848432,91.1712369
25086,5219,4A,New.York,2021,0.7,0.7,0.271,59.48349,64.48010316,8.462404,26.80043347,91.28053663
25087,5220,4A,New.York,2021,0.7,0.75,0.271,58.468381,63.379725,8.870345,28.09238262,91.47210762
25088,5221,4A,New.York,2021,0.7,0.85,0.271,56.63739,61.39493076,9.733662,30.82650755,92.22143831
25089,5222,4A,New.York,2021,0.7,0.8,0.271,57.529168,62.36161811,9.306747,29.47446775,91.83608586
25090,5223,4A,New.York,2021,0.7,0.95,0.271,55.109983,59.73922157,10.587492,33.53058716,93.26980874
25091,5224,4A,New.York,2021,0.7,0.9,0.271,55.830995,60.52079858,10.170064,32.20859269,92.72939127
25092,5225,4A,New.York,2021,0.75,0.01,0.271,85.506331,92.6888628,3.197119,10.12527587,102.8141387
25093,5226,4A,New.York,2021,0.75,0.15,0.271,78.93184,85.56211456,4.240689,13.43026206,98.99237662
25094,5227,4A,New.York,2021,0.75,0.1,0.271,81.313077,88.14337547,3.870696,12.25849423,100.4018697
25095,5228,4A,New.York,2021,0.75,0.25,0.271,74.302184,80.54356746,4.990162,15.80384305,96.34741051
25096,5229,4A,New.York,2021,0.75,0.2,0.271,76.503168,82.92943411,4.610682,14.60202989,97.53146401
25097,5230,4A,New.York,2021,0.75,0.3,0.271,72.309914,78.38394678,5.369642,17.00565621,95.38960299
25098,5231,4A,New.York,2021,0.75,0.35,0.271,70.478923,76.39915253,5.739635,18.17742405,94.57657658
25099,5232,4A,New.York,2021,0.75,0.45,0.271,67.281804,72.93347554,6.508082,20.61109569,93.54457123
25100,5233,4A,New.York,2021,0.75,0.4,0.271,68.809211,74.58918472,6.119115,19.37923721,93.96842193
25101,5234,4A,New.York,2021,0.75,0.55,0.271,64.540061,69.96142612,7.257555,22.98467669,92.94610281
25102,5235,4A,New.York,2021,0.75,0.5,0.271,65.849267,71.38060543,6.878075,21.78286353,93.16346895
25103,5236,4A,New.York,2021,0.75,0.6,0.271,63.335212,68.65536981,7.646522,24.21653517,92.87190498
25104,5237,4A,New.York,2021,0.75,0.65,0.271,62.007032,67.21562269,8.111385,25.6887563,92.90437898
25105,5238,4A,New.York,2021,0.75,0.7,0.271,60.944488,66.06382499,8.509839,26.95066011,93.01448511
25106,5239,4A,New.York,2021,0.75,0.75,0.271,59.95784,64.99429856,8.927267,28.27265459,93.26695315
25107,5240,4A,New.York,2021,0.75,0.85,0.271,58.136336,63.01978822,9.77161,30.94668887,93.96647709
25108,5241,4A,New.York,2021,0.75,0.8,0.271,58.999653,63.95562385,9.344695,29.59464907,93.55027292
25109,5242,4A,New.York,2021,0.75,0.95,0.271,56.589955,61.34351122,10.634927,33.68081381,95.02432503
25110,5243,4A,New.York,2021,0.75,0.9,0.271,57.320454,62.13537214,10.198525,32.29872868,94.43410081
25111,5244,4A,New.York,2021,0.85,0.01,0.271,88.912164,96.38078578,3.168658,10.03513989,106.4159257
25112,5245,4A,New.York,2021,0.85,0.15,0.271,82.546387,89.48028351,4.193254,13.28003542,102.7603189
25113,5246,4A,New.York,2021,0.85,0.1,0.271,84.661988,91.77359499,3.842235,12.16835825,103.9419532
25114,5247,4A,New.York,2021,0.85,0.25,0.271,77.774426,84.30747778,4.961701,15.71370707,100.0211849
25115,5248,4A,New.York,2021,0.85,0.2,0.271,80.032332,86.75504789,4.582221,14.51189391,101.2669418
25116,5249,4A,New.York,2021,0.85,0.3,0.271,75.696773,82.05530193,5.341181,16.91552023,98.97082216
25117,5250,4A,New.York,2021,0.85,0.35,0.271,73.837321,80.03965596,5.720661,18.11733339,98.15698935
25118,5251,4A,New.York,2021,0.85,0.45,0.271,70.564306,76.4917077,6.479621,20.52095971,97.01266741
25119,5252,4A,New.York,2021,0.85,0.4,0.271,72.129661,78.18855252,6.109628,19.34919188,97.5377444
25120,5253,4A,New.York,2021,0.85,0.55,0.271,67.775128,73.46823875,7.238581,22.92458603,96.39282478
25121,5254,4A,New.York,2021,0.85,0.5,0.271,69.112795,74.91826978,6.859101,21.72277287,96.64104265
25122,5255,4A,New.York,2021,0.85,0.6,0.271,66.560792,72.15189853,7.618061,24.12639919,96.27829771
25123,5256,4A,New.York,2021,0.85,0.65,0.271,65.166203,70.64016405,8.101898,25.65871097,96.29887502
25124,5257,4A,New.York,2021,0.85,0.7,0.271,64.084685,69.46779854,8.490865,26.89056946,96.358368
25125,5258,4A,New.York,2021,0.85,0.75,0.271,63.060089,68.35713648,8.889319,28.15247327,96.50960975
25126,5259,4A,New.York,2021,0.85,0.85,0.271,61.219611,66.36205832,9.733662,30.82650755,97.18856588
25127,5260,4A,New.York,2021,0.85,0.8,0.271,62.111389,67.32874568,9.316234,29.50451308,96.83325875
25128,5261,4A,New.York,2021,0.85,0.95,0.271,59.635282,64.64464569,10.587492,33.53058716,98.17523285
25129,5262,4A,New.York,2021,0.85,0.9,0.271,60.394242,65.46735833,10.160577,32.17854736,97.64590569
25130,5263,4A,New.York,2021,0.8,0.01,0.271,87.242452,94.57081797,3.187632,10.09523054,104.6660485
25131,5264,4A,New.York,2021,0.8,0.15,0.271,80.82924,87.61889616,4.202741,13.31008075,100.9289769
25132,5265,4A,New.York,2021,0.8,0.1,0.271,83.049198,90.02533063,3.851722,12.19840357,102.2237342
25133,5266,4A,New.York,2021,0.8,0.25,0.271,76.104714,82.49750998,4.971188,15.7437524,98.24126237
25134,5267,4A,New.York,2021,0.8,0.2,0.271,78.343646,84.92451226,4.591708,14.54193924,99.4664515
25135,5268,4A,New.York,2021,0.8,0.3,0.271,74.046035,80.26590194,5.350668,16.94556556,97.2114675
25136,5269,4A,New.York,2021,0.8,0.35,0.271,72.19607,78.26053988,5.730148,18.14737872,96.4079186
25137,5270,4A,New.York,2021,0.8,0.45,0.271,68.942029,74.73315944,6.498595,20.58105037,95.3142098
25138,5271,4A,New.York,2021,0.8,0.4,0.271,70.497897,76.41972035,6.109628,19.34919188,95.76891222
25139,5272,4A,New.York,2021,0.8,0.55,0.271,66.171825,71.7302583,7.257555,22.98467669,94.71493499
25140,5273,4A,New.York,2021,0.8,0.5,0.271,67.500005,73.17000542,6.878075,21.78286353,94.95286895
25141,5274,4A,New.York,2021,0.8,0.6,0.271,64.957489,70.41391808,7.656009,24.2465805,94.66049858
25142,5275,4A,New.York,2021,0.8,0.65,0.271,63.553413,68.89189969,8.130359,25.74884695,94.64074665
25143,5276,4A,New.York,2021,0.8,0.7,0.271,62.490869,67.740102,8.528813,27.01075077,94.75085277
25144,5277,4A,New.York,2021,0.8,0.75,0.271,61.485247,66.65000775,8.936754,28.30269992,94.95270767
25145,5278,4A,New.York,2021,0.8,0.85,0.271,59.644769,64.6549296,9.790584,31.00677953,95.66170912
25146,5279,4A,New.York,2021,0.8,0.8,0.271,60.52706,65.61133304,9.354182,29.62469439,95.23602743
25147,5280,4A,New.York,2021,0.8,0.95,0.271,58.079414,62.95808478,10.644414,33.71085914,96.66894391
25148,5281,4A,New.York,2021,0.8,0.9,0.271,58.8194,63.7602296,10.217499,32.35881933,96.11904893
25149,5282,4A,New.York,2021,0.95,0.01,0.271,92.137744,99.8773145,3.159171,10.00509456,109.8824091
25150,5283,4A,New.York,2021,0.95,0.15,0.271,85.705558,92.90482487,4.193254,13.28003542,106.1848603
25151,5284,4A,New.York,2021,0.95,0.1,0.271,87.773724,95.14671682,3.832748,12.13831292,107.2850297
25152,5285,4A,New.York,2021,0.95,0.25,0.271,80.971545,87.77315478,4.952214,15.68366174,103.4568165
25153,5286,4A,New.York,2021,0.95,0.2,0.271,83.267399,90.26186052,4.572734,14.48184858,104.7437091
25154,5287,4A,New.York,2021,0.95,0.3,0.271,78.874918,85.50041111,5.331694,16.8854749,102.385886
25155,5288,4A,New.York,2021,0.95,0.35,0.271,76.996492,83.46419733,5.720661,18.11733339,101.5815307
25156,5289,4A,New.York,2021,0.95,0.45,0.271,73.685529,79.87511344,6.45116,20.43082372,100.3059372
25157,5290,4A,New.York,2021,0.95,0.4,0.271,75.260371,81.58224216,6.090654,19.28910122,100.8713434
25158,5291,4A,New.York,2021,0.95,0.55,0.271,70.886864,76.84136058,7.21012,22.83445004,99.67581062
25159,5292,4A,New.York,2021,0.95,0.5,0.271,72.224531,78.2913916,6.840127,21.66268221,99.95407381
25160,5293,4A,New.York,2021,0.95,0.6,0.271,69.653554,75.50445254,7.580113,24.00621787,99.51067041
25161,5294,4A,New.York,2021,0.95,0.65,0.271,68.239991,73.97215024,8.044976,25.47843899,99.45058924
25162,5295,4A,New.York,2021,0.95,0.7,0.271,67.186934,72.83063646,8.433943,26.71029748,99.54093394
25163,5296,4A,New.York,2021,0.95,0.75,0.271,66.152851,71.70969048,8.82291,27.94215597,99.65184645
25164,5297,4A,New.York,2021,0.95,0.85,0.271,64.264938,69.66319279,9.638792,30.52605426,100.1892471
25165,5298,4A,New.York,2021,0.95,0.8,0.271,65.17569,70.65044796,9.230851,29.23410512,99.88455308
25166,5299,4A,New.York,2021,0.95,0.95,0.271,62.642661,67.90464452,10.473648,33.17004322,101.0746877
25167,5300,4A,New.York,2021,0.95,0.9,0.271,63.430082,68.75820889,10.05622,31.84804874,100.6062576
25168,5301,4A,New.York,2021,0.9,0.01,0.271,90.543928,98.14961795,3.159171,10.00509456,108.1547125
25169,5302,4A,New.York,2021,0.9,0.15,0.271,84.187638,91.25939959,4.193254,13.28003542,104.539435
25170,5303,4A,New.York,2021,0.9,0.1,0.271,86.23683,93.48072372,3.832748,12.13831292,105.6190366
25171,5304,4A,New.York,2021,0.9,0.25,0.271,79.396703,86.06602605,4.952214,15.68366174,101.7496878
25172,5305,4A,New.York,2021,0.9,0.2,0.271,81.673583,88.53416397,4.572734,14.48184858,103.0160126
25173,5306,4A,New.York,2021,0.9,0.3,0.271,77.309563,83.80356629,5.341181,16.91552023,100.7190865
25174,5307,4A,New.York,2021,0.9,0.35,0.271,75.440624,81.77763642,5.720661,18.11733339,99.8949698
25175,5308,4A,New.York,2021,0.9,0.45,0.271,72.148635,78.20912034,6.470134,20.49091438,98.70003472
25176,5309,4A,New.York,2021,0.9,0.4,0.271,73.723477,79.91624907,6.100141,19.31914655,99.23539562
25177,5310,4A,New.York,2021,0.9,0.55,0.271,69.359457,75.18565139,7.219607,22.86449537,98.05014676
25178,5311,4A,New.York,2021,0.9,0.5,0.271,70.697124,76.63568242,6.849614,21.69272754,98.32840995
25179,5312,4A,New.York,2021,0.9,0.6,0.271,68.135634,73.85902726,7.608574,24.09635386,97.95538111
25180,5313,4A,New.York,2021,0.9,0.65,0.271,66.722071,72.32672496,8.06395,25.53852965,97.86525461
25181,5314,4A,New.York,2021,0.9,0.7,0.271,65.65004,71.16464336,8.462404,26.80043347,97.96507683
25182,5315,4A,New.York,2021,0.9,0.75,0.271,64.615957,70.04369739,8.851371,28.03229196,98.07598935
25183,5316,4A,New.York,2021,0.9,0.85,0.271,62.756505,68.02805142,9.686227,30.67628091,98.70433233
25184,5317,4A,New.York,2021,0.9,0.8,0.271,63.65777,69.00502268,9.268799,29.35428643,98.35930911
25185,5318,4A,New.York,2021,0.9,0.95,0.271,61.143715,66.27978706,10.53057,33.35031519,99.63010225
25186,5319,4A,New.York,2021,0.9,0.9,0.271,61.921649,67.12306752,10.103655,31.99827539,99.1213429
,,4B,Albuquerque,2021,0.01,0.01,0.271,129.99,140.90916,26.82,84.93894,169.98204
,,4B,Albuquerque,2021,0.01,0.15,0.271,94.67,102.62228,38.94,123.32298,144.83324
,,4B,Albuquerque,2021,0.01,0.1,0.271,105.74,114.62216,34.27,108.53309,151.77084
,,4B,Albuquerque,2021,0.01,0.25,0.271,79.09,85.73356,49.18,155.75306,139.04468
,,4B,Albuquerque,2021,0.01,0.2,0.271,86.16,93.39744,43.86,138.90462,140.94168
,,4B,Albuquerque,2021,0.01,0.3,0.271,73.44,79.60896,54.73,173.32991,138.93628
,,4B,Albuquerque,2021,0.01,0.35,0.271,68.67,74.43828,60.47,191.50849,139.98776
,,4B,Albuquerque,2021,0.01,0.45,0.271,60.48,65.56032,73.36,232.33112,145.08256
,,4B,Albuquerque,2021,0.01,0.4,0.271,64.27,69.66868,66.76,211.42892,142.03652
,,4B,Albuquerque,2021,0.01,0.55,0.271,54.5,59.078,85.88,271.98196,152.17192
,,4B,Albuquerque,2021,0.01,0.5,0.271,57.34,62.15656,79.6,252.0932,148.44296
,,4B,Albuquerque,2021,0.01,0.6,0.271,52.09,56.46556,92.22,292.06074,156.43204
,,4B,Albuquerque,2021,0.01,0.65,0.271,49.95,54.1458,98.57,312.17119,160.99568
,,4B,Albuquerque,2021,0.01,0.7,0.271,47.93,51.95612,104.97,332.43999,165.7436
,,4B,Albuquerque,2021,0.01,0.75,0.271,46.08,49.95072,111.38,352.74046,170.68664
,,4B,Albuquerque,2021,0.01,0.85,0.271,42.92,46.52528,124.25,393.49975,181.21228
,,4B,Albuquerque,2021,0.01,0.8,0.271,44.47,48.20548,117.82,373.13594,175.92236
,,4B,Albuquerque,2021,0.01,0.95,0.271,40.12,43.49008,137.15,434.35405,192.16068
,,4B,Albuquerque,2021,0.01,0.9,0.271,41.46,44.94264,130.7,413.9269,186.62144
,,4B,Albuquerque,2021,0.05,0.01,0.271,141.85,153.7654,26.25,83.13375,182.2204
,,4B,Albuquerque,2021,0.05,0.15,0.271,105.2,114.0368,38.14,120.78938,155.38056
,,4B,Albuquerque,2021,0.05,0.1,0.271,116.88,126.69792,33.58,106.34786,163.09864
,,4B,Albuquerque,2021,0.05,0.25,0.271,88.44,95.86896,48.1,152.3327,148.00936
,,4B,Albuquerque,2021,0.05,0.2,0.271,96.06,104.12904,42.92,135.92764,150.65432
,,4B,Albuquerque,2021,0.05,0.3,0.271,82.3,89.2132,53.54,169.56118,147.25056
,,4B,Albuquerque,2021,0.05,0.35,0.271,77.1,83.5764,59.16,187.35972,147.70584
,,4B,Albuquerque,2021,0.05,0.45,0.271,68.13,73.85292,71.86,227.58062,151.74916
,,4B,Albuquerque,2021,0.05,0.4,0.271,72.29,78.36236,65.34,206.93178,149.19092
,,4B,Albuquerque,2021,0.05,0.55,0.271,61.64,66.81776,84.23,266.75641,158.12308
,,4B,Albuquerque,2021,0.05,0.5,0.271,64.71,70.14564,78.01,247.05767,154.70848
,,4B,Albuquerque,2021,0.05,0.6,0.271,58.98,63.93432,90.48,286.55016,162.01464
,,4B,Albuquerque,2021,0.05,0.65,0.271,56.58,61.33272,96.79,306.53393,166.25308
,,4B,Albuquerque,2021,0.05,0.7,0.271,54.43,59.00212,103.13,326.61271,170.79504
,,4B,Albuquerque,2021,0.05,0.75,0.271,52.36,56.75824,109.47,346.69149,175.42372
,,4B,Albuquerque,2021,0.05,0.85,0.271,48.83,52.93172,122.23,387.10241,185.42904
,,4B,Albuquerque,2021,0.05,0.8,0.271,50.59,54.83956,115.85,366.89695,180.42096
,,4B,Albuquerque,2021,0.05,0.95,0.271,45.74,49.58216,135.01,427.57667,195.933
,,4B,Albuquerque,2021,0.05,0.9,0.271,47.2,51.1648,128.63,407.37121,190.59972
,,4B,Albuquerque,2021,0.15,0.01,0.271,170.53,184.85452,25.11,79.52337,212.07376
,,4B,Albuquerque,2021,0.15,0.15,0.271,130.85,141.8414,36.56,115.78552,181.47244
,,4B,Albuquerque,2021,0.15,0.1,0.271,143.72,155.79248,32.2,101.9774,190.69728
,,4B,Albuquerque,2021,0.15,0.25,0.271,111.9,121.2996,45.88,145.30196,171.03352
,,4B,Albuquerque,2021,0.15,0.2,0.271,120.57,130.69788,41.02,129.91034,175.16356
,,4B,Albuquerque,2021,0.15,0.3,0.271,104.55,113.3322,51.03,161.61201,168.64872
,,4B,Albuquerque,2021,0.15,0.35,0.271,98.39,106.65476,56.4,178.6188,167.79236
,,4B,Albuquerque,2021,0.15,0.45,0.271,87.7,95.0668,68.68,217.50956,169.51592
,,4B,Albuquerque,2021,0.15,0.4,0.271,92.69,100.47596,62.37,197.52579,168.08504
,,4B,Albuquerque,2021,0.15,0.55,0.271,79.94,86.65496,80.69,255.54523,174.12292
,,4B,Albuquerque,2021,0.15,0.5,0.271,83.52,90.53568,74.65,236.41655,171.45628
,,4B,Albuquerque,2021,0.15,0.6,0.271,76.66,83.09944,86.78,274.83226,177.16896
,,4B,Albuquerque,2021,0.15,0.65,0.271,73.64,79.82576,92.92,294.27764,180.55104
,,4B,Albuquerque,2021,0.15,0.7,0.271,71.01,76.97484,99.11,313.88137,184.41008
,,4B,Albuquerque,2021,0.15,0.75,0.271,68.59,74.35156,105.32,333.54844,188.51844
,,4B,Albuquerque,2021,0.15,0.85,0.271,64.2,69.5928,117.82,373.13594,197.30968
,,4B,Albuquerque,2021,0.15,0.8,0.271,66.3,71.8692,111.57,353.34219,192.81108
,,4B,Albuquerque,2021,0.15,0.95,0.271,60.46,65.53864,130.34,412.78678,206.8272
,,4B,Albuquerque,2021,0.15,0.9,0.271,62.21,67.43564,124.08,392.96136,201.93836
,,4B,Albuquerque,2021,0.1,0.01,0.271,156.26,169.38584,25.66,81.26522,197.20128
,,4B,Albuquerque,2021,0.1,0.15,0.271,118.19,128.11796,37.3,118.1291,168.55116
,,4B,Albuquerque,2021,0.1,0.1,0.271,130.5,141.462,32.85,104.03595,177.0714
,,4B,Albuquerque,2021,0.1,0.25,0.271,100.25,108.671,46.91,148.56397,159.52144
,,4B,Albuquerque,2021,0.1,0.2,0.271,108.44,117.54896,41.9,132.6973,162.96856
,,4B,Albuquerque,2021,0.1,0.3,0.271,93.53,101.38652,52.21,165.34907,157.98216
,,4B,Albuquerque,2021,0.1,0.35,0.271,87.76,95.13184,57.7,182.7359,157.67864
,,4B,Albuquerque,2021,0.1,0.45,0.271,77.87,84.41108,70.18,222.26006,160.4862
,,4B,Albuquerque,2021,0.1,0.4,0.271,82.51,89.44084,63.77,201.95959,158.56752
,,4B,Albuquerque,2021,0.1,0.55,0.271,70.71,76.64964,82.35,260.80245,165.91704
,,4B,Albuquerque,2021,0.1,0.5,0.271,74.09,80.31356,76.25,241.48375,162.96856
,,4B,Albuquerque,2021,0.1,0.6,0.271,67.85,73.5494,88.54,280.40618,169.52676
,,4B,Albuquerque,2021,0.1,0.65,0.271,65.05,70.5142,94.76,300.10492,173.23404
,,4B,Albuquerque,2021,0.1,0.7,0.271,62.64,67.90176,101.02,319.93034,177.40744
,,4B,Albuquerque,2021,0.1,0.75,0.271,60.44,65.51696,107.3,339.8191,181.83016
,,4B,Albuquerque,2021,0.1,0.85,0.271,56.44,61.18096,119.93,379.81831,191.18508
,,4B,Albuquerque,2021,0.1,0.8,0.271,58.31,63.20804,113.61,359.80287,186.36128
,,4B,Albuquerque,2021,0.1,0.95,0.271,53.03,57.48452,132.58,419.88086,201.20124
,,4B,Albuquerque,2021,0.1,0.9,0.271,54.64,59.22976,126.25,399.83375,196.08476
,,4B,Albuquerque,2021,0.25,0.01,0.271,197.1,213.6564,24.25,76.79975,239.9434
,,4B,Albuquerque,2021,0.25,0.15,0.271,155.12,168.15008,35.36,111.98512,206.48032
,,4B,Albuquerque,2021,0.25,0.1,0.271,168.83,183.01172,31.15,98.65205,216.77832
,,4B,Albuquerque,2021,0.25,0.25,0.271,134.33,145.61372,44.18,139.91806,193.50484
,,4B,Albuquerque,2021,0.25,0.2,0.271,144.01,156.10684,39.57,125.31819,199.00072
,,4B,Albuquerque,2021,0.25,0.3,0.271,126.16,136.75744,49.08,155.43636,189.96016
,,4B,Albuquerque,2021,0.25,0.35,0.271,119.2,129.2128,54.21,171.68307,187.97644
,,4B,Albuquerque,2021,0.25,0.45,0.271,106.89,115.86876,66.13,209.43371,187.55368
,,4B,Albuquerque,2021,0.25,0.4,0.271,112.67,122.13428,59.98,189.95666,187.1526
,,4B,Albuquerque,2021,0.25,0.55,0.271,97.98,106.21032,77.8,246.3926,190.54552
,,4B,Albuquerque,2021,0.25,0.5,0.271,102.11,110.68724,71.92,227.77064,188.64852
,,4B,Albuquerque,2021,0.25,0.6,0.271,94.15,102.0586,83.75,265.23625,192.8436
,,4B,Albuquerque,2021,0.25,0.65,0.271,90.7,98.3188,89.76,284.26992,195.61864
,,4B,Albuquerque,2021,0.25,0.7,0.271,87.57,94.92588,95.8,303.3986,198.77308
,,4B,Albuquerque,2021,0.25,0.75,0.271,84.73,91.84732,101.88,322.65396,202.28524
,,4B,Albuquerque,2021,0.25,0.85,0.271,79.64,86.32976,114.12,361.41804,210.03584
,,4B,Albuquerque,2021,0.25,0.8,0.271,82.11,89.00724,108,342.036,206.07924
,,4B,Albuquerque,2021,0.25,0.95,0.271,75.28,81.60352,126.39,400.27713,218.61028
,,4B,Albuquerque,2021,0.25,0.9,0.271,77.3,83.7932,120.26,380.86342,214.15504
,,4B,Albuquerque,2021,0.2,0.01,0.271,184.01,199.46684,24.65,78.06655,226.18744
,,4B,Albuquerque,2021,0.2,0.15,0.271,143.2,155.2288,35.92,113.75864,194.16608
,,4B,Albuquerque,2021,0.2,0.1,0.271,156.53,169.67852,31.64,100.20388,203.97628
,,4B,Albuquerque,2021,0.2,0.25,0.271,123.24,133.59216,44.97,142.41999,182.33964
,,4B,Albuquerque,2021,0.2,0.2,0.271,132.45,143.5758,40.25,127.47175,187.2068
,,4B,Albuquerque,2021,0.2,0.3,0.271,115.5,125.202,50,158.35,179.402
,,4B,Albuquerque,2021,0.2,0.35,0.271,108.9,118.0476,55.24,174.94508,177.92776
,,4B,Albuquerque,2021,0.2,0.45,0.271,97.39,105.57076,67.34,213.26578,178.56732
,,4B,Albuquerque,2021,0.2,0.4,0.271,102.82,111.45688,61.1,193.5037,177.68928
,,4B,Albuquerque,2021,0.2,0.55,0.271,88.96,96.43264,79.16,250.69972,182.24208
,,4B,Albuquerque,2021,0.2,0.5,0.271,92.92,100.72528,73.22,231.88774,180.09576
,,4B,Albuquerque,2021,0.2,0.6,0.271,85.48,92.66032,85.19,269.79673,185.00628
,,4B,Albuquerque,2021,0.2,0.65,0.271,82.19,89.09396,91.26,289.02042,188.0198
,,4B,Albuquerque,2021,0.2,0.7,0.271,79.32,85.98288,97.38,308.40246,191.5428
,,4B,Albuquerque,2021,0.2,0.75,0.271,76.67,83.11028,103.53,327.87951,195.3368
,,4B,Albuquerque,2021,0.2,0.85,0.271,71.93,77.97212,115.9,367.0553,203.60772
,,4B,Albuquerque,2021,0.2,0.8,0.271,74.22,80.45448,109.7,347.4199,199.36928
,,4B,Albuquerque,2021,0.2,0.95,0.271,67.85,73.5494,128.31,406.35777,212.63744
,,4B,Albuquerque,2021,0.2,0.9,0.271,69.89,75.76076,122.1,386.6907,208.11716
,,4B,Albuquerque,2021,0.3,0.01,0.271,209.69,227.30396,23.88,75.62796,253.18988
,,4B,Albuquerque,2021,0.3,0.15,0.271,166.29,180.25836,35.01,110.87667,218.2092
,,4B,Albuquerque,2021,0.3,0.1,0.271,180.51,195.67284,30.79,97.51193,229.0492
,,4B,Albuquerque,2021,0.3,0.25,0.271,144.37,156.49708,43.97,139.25299,204.16056
,,4B,Albuquerque,2021,0.3,0.2,0.271,154.62,167.60808,39.29,124.43143,210.19844
,,4B,Albuquerque,2021,0.3,0.3,0.271,135.77,147.17468,48.88,154.80296,200.1606
,,4B,Albuquerque,2021,0.3,0.35,0.271,128.34,139.12056,54.09,171.30303,197.75412
,,4B,Albuquerque,2021,0.3,0.45,0.271,116.27,126.03668,65.06,206.04502,196.56172
,,4B,Albuquerque,2021,0.3,0.4,0.271,121.93,132.17212,59.5,188.4365,196.67012
,,4B,Albuquerque,2021,0.3,0.55,0.271,106.73,115.69532,76.56,242.46552,198.68636
,,4B,Albuquerque,2021,0.3,0.5,0.271,111.35,120.7034,70.72,223.97024,197.36388
,,4B,Albuquerque,2021,0.3,0.6,0.271,102.71,111.33764,82.42,261.02414,200.68092
,,4B,Albuquerque,2021,0.3,0.65,0.271,99.05,107.3702,88.37,279.86779,203.16328
,,4B,Albuquerque,2021,0.3,0.7,0.271,95.78,103.82552,94.36,298.83812,206.11176
,,4B,Albuquerque,2021,0.3,0.75,0.271,92.67,100.45428,100.37,317.87179,209.25536
,,4B,Albuquerque,2021,0.3,0.85,0.271,87.3,94.6332,112.5,356.2875,216.5832
,,4B,Albuquerque,2021,0.3,0.8,0.271,89.88,97.42992,106.43,337.06381,212.80004
,,4B,Albuquerque,2021,0.3,0.95,0.271,82.63,89.57092,124.6,394.6082,224.63732
,,4B,Albuquerque,2021,0.3,0.9,0.271,84.84,91.96656,118.58,375.54286,220.50728
,,4B,Albuquerque,2021,0.35,0.01,0.271,221.82,240.45288,23.56,74.61452,265.99192
,,4B,Albuquerque,2021,0.35,0.15,0.271,177.4,192.3016,34.58,109.51486,229.78632
,,4B,Albuquerque,2021,0.35,0.1,0.271,191.9,208.0196,30.39,96.24513,240.96236
,,4B,Albuquerque,2021,0.35,0.25,0.271,154.9,167.9116,43.35,137.28945,214.903
,,4B,Albuquerque,2021,0.35,0.2,0.271,165.41,179.30444,38.77,122.78459,221.33112
,,4B,Albuquerque,2021,0.35,0.3,0.271,145.85,158.1014,48.15,152.49105,210.296
,,4B,Albuquerque,2021,0.35,0.35,0.271,138.11,149.71124,53.28,168.73776,207.46676
,,4B,Albuquerque,2021,0.35,0.45,0.271,125.53,136.07452,64.06,202.87802,205.51556
,,4B,Albuquerque,2021,0.35,0.4,0.271,131.41,142.44844,58.59,185.55453,205.96
,,4B,Albuquerque,2021,0.35,0.55,0.271,115.5,125.202,75.44,238.91848,206.97896
,,4B,Albuquerque,2021,0.35,0.5,0.271,120.25,130.351,69.63,220.51821,205.82992
,,4B,Albuquerque,2021,0.35,0.6,0.271,111.2,120.5408,81.23,257.25541,208.59412
,,4B,Albuquerque,2021,0.35,0.65,0.271,107.35,116.3674,87.1,275.8457,210.7838
,,4B,Albuquerque,2021,0.35,0.7,0.271,103.8,112.5192,93.02,294.59434,213.35288
,,4B,Albuquerque,2021,0.35,0.75,0.271,100.59,109.03956,98.99,313.50133,216.34472
,,4B,Albuquerque,2021,0.35,0.85,0.271,94.78,102.74152,111,351.537,223.06552
,,4B,Albuquerque,2021,0.35,0.8,0.271,97.64,105.84176,104.98,332.47166,219.64008
,,4B,Albuquerque,2021,0.35,0.95,0.271,89.93,97.48412,122.94,389.35098,230.75108
,,4B,Albuquerque,2021,0.35,0.9,0.271,92.31,100.06404,117.03,370.63401,226.92456
,,4B,Albuquerque,2021,0.45,0.01,0.271,244.74,265.29816,23.01,72.87267,290.241
,,4B,Albuquerque,2021,0.45,0.15,0.271,198.51,215.18484,33.87,107.26629,251.89992
,,4B,Albuquerque,2021,0.45,0.1,0.271,213.7,231.6508,29.75,94.21825,263.8998
,,4B,Albuquerque,2021,0.45,0.25,0.271,174.94,189.63496,42.32,134.02744,235.50984
,,4B,Albuquerque,2021,0.45,0.2,0.271,186.13,201.76492,37.92,120.09264,242.8702
,,4B,Albuquerque,2021,0.45,0.3,0.271,165.38,179.27192,46.94,148.65898,230.15488
,,4B,Albuquerque,2021,0.45,0.35,0.271,156.98,170.16632,51.88,164.30396,226.40424
,,4B,Albuquerque,2021,0.45,0.45,0.271,143.35,155.3914,62.35,197.46245,222.9788
,,4B,Albuquerque,2021,0.45,0.4,0.271,149.71,162.28564,57.03,180.61401,224.10616
,,4B,Albuquerque,2021,0.45,0.55,0.271,132.38,143.49992,73.46,232.64782,223.13056
,,4B,Albuquerque,2021,0.45,0.5,0.271,137.7,149.2668,67.78,214.65926,222.74032
,,4B,Albuquerque,2021,0.45,0.6,0.271,127.78,138.51352,79.15,250.66805,224.31212
,,4B,Albuquerque,2021,0.45,0.65,0.271,123.51,133.88484,84.9,268.8783,225.91644
,,4B,Albuquerque,2021,0.45,0.7,0.271,119.62,129.66808,90.69,287.21523,227.97604
,,4B,Albuquerque,2021,0.45,0.75,0.271,116.02,125.76568,96.54,305.74218,230.41504
,,4B,Albuquerque,2021,0.45,0.85,0.271,109.74,118.95816,108.33,343.08111,236.38788
,,4B,Albuquerque,2021,0.45,0.8,0.271,112.82,122.29688,102.43,324.39581,233.331
,,4B,Albuquerque,2021,0.45,0.95,0.271,104.39,113.15876,119.92,379.78664,243.15204
,,4B,Albuquerque,2021,0.45,0.9,0.271,106.9,115.8796,114.25,361.82975,239.7266
,,4B,Albuquerque,2021,0.4,0.01,0.271,233.46,253.07064,23.27,73.69609,278.29532
,,4B,Albuquerque,2021,0.4,0.15,0.271,188.13,203.93292,34.21,108.34307,241.01656
,,4B,Albuquerque,2021,0.4,0.1,0.271,202.98,220.03032,30.05,95.16835,252.60452
,,4B,Albuquerque,2021,0.4,0.25,0.271,165.06,178.92504,42.81,135.57927,225.33108
,,4B,Albuquerque,2021,0.4,0.2,0.271,175.92,190.69728,38.31,121.32777,232.22532
,,4B,Albuquerque,2021,0.4,0.3,0.271,155.78,168.86552,47.52,150.49584,220.3772
,,4B,Albuquerque,2021,0.4,0.35,0.271,147.69,160.09596,52.54,166.39418,217.04932
,,4B,Albuquerque,2021,0.4,0.45,0.271,134.53,145.83052,63.16,200.02772,214.29596
,,4B,Albuquerque,2021,0.4,0.4,0.271,140.67,152.48628,57.77,182.95759,215.10896
,,4B,Albuquerque,2021,0.4,0.55,0.271,123.99,134.40516,74.4,235.6248,215.05476
,,4B,Albuquerque,2021,0.4,0.5,0.271,129.05,139.8902,68.67,217.47789,214.32848
,,4B,Albuquerque,2021,0.4,0.6,0.271,119.55,129.5922,80.15,253.83505,216.4748
,,4B,Albuquerque,2021,0.4,0.65,0.271,115.52,125.22368,85.96,272.23532,218.40432
,,4B,Albuquerque,2021,0.4,0.7,0.271,111.76,121.14784,91.81,290.76227,220.66988
,,4B,Albuquerque,2021,0.4,0.75,0.271,108.4,117.5056,97.71,309.44757,223.42324
,,4B,Albuquerque,2021,0.4,0.85,0.271,102.31,110.90404,109.61,347.13487,229.72128
,,4B,Albuquerque,2021,0.4,0.8,0.271,105.21,114.04764,103.64,328.22788,226.3934
,,4B,Albuquerque,2021,0.4,0.95,0.271,97.2,105.3648,121.4,384.4738,236.9624
,,4B,Albuquerque,2021,0.4,0.9,0.271,99.65,108.0206,115.59,366.07353,233.32016
,,4B,Albuquerque,2021,0.55,0.01,0.271,266.2,288.5608,22.57,71.47919,313.02668
,,4B,Albuquerque,2021,0.55,0.15,0.271,218.23,236.56132,33.35,105.61945,272.71272
,,4B,Albuquerque,2021,0.55,0.1,0.271,233.88,253.52592,29.26,92.66642,285.24376
,,4B,Albuquerque,2021,0.55,0.25,0.271,193.85,210.1334,41.52,131.49384,255.14108
,,4B,Albuquerque,2021,0.55,0.2,0.271,205.45,222.7078,37.27,118.03409,263.10848
,,4B,Albuquerque,2021,0.55,0.3,0.271,183.83,199.27172,46,145.682,249.13572
,,4B,Albuquerque,2021,0.55,0.35,0.271,174.86,189.54824,50.77,160.78859,244.58292
,,4B,Albuquerque,2021,0.55,0.45,0.271,160.3,173.7652,60.94,192.99698,239.82416
,,4B,Albuquerque,2021,0.55,0.4,0.271,167.17,181.21228,55.77,176.62359,241.66696
,,4B,Albuquerque,2021,0.55,0.55,0.271,148.52,160.99568,71.83,227.48561,238.8594
,,4B,Albuquerque,2021,0.55,0.5,0.271,154.24,167.19616,66.23,209.75041,238.98948
,,4B,Albuquerque,2021,0.55,0.6,0.271,143.53,155.58652,77.4,245.1258,239.48812
,,4B,Albuquerque,2021,0.55,0.65,0.271,139.03,150.70852,83.05,263.01935,240.73472
,,4B,Albuquerque,2021,0.55,0.7,0.271,134.87,146.19908,88.74,281.03958,242.39324
,,4B,Albuquerque,2021,0.55,0.75,0.271,130.93,141.92812,94.47,299.18649,244.3336
,,4B,Albuquerque,2021,0.55,0.85,0.271,124.13,134.55692,106.05,335.86035,249.51512
,,4B,Albuquerque,2021,0.55,0.8,0.271,127.42,138.12328,100.23,317.42841,246.7726
,,4B,Albuquerque,2021,0.55,0.95,0.271,118.43,128.37812,117.26,371.36242,255.48796
,,4B,Albuquerque,2021,0.55,0.9,0.271,121.08,131.25072,111.87,354.29229,252.5178
,,4B,Albuquerque,2021,0.5,0.01,0.271,255.7,277.1788,22.78,72.14426,301.87232
,,4B,Albuquerque,2021,0.5,0.15,0.271,208.5,226.014,33.6,106.4112,262.4364
,,4B,Albuquerque,2021,0.5,0.1,0.271,223.98,242.79432,29.49,93.39483,274.76148
,,4B,Albuquerque,2021,0.5,0.25,0.271,184.54,200.04136,41.9,132.6973,245.46096
,,4B,Albuquerque,2021,0.5,0.2,0.271,195.95,212.4098,37.57,118.98419,253.13568
,,4B,Albuquerque,2021,0.5,0.3,0.271,174.72,189.39648,46.44,147.07548,239.73744
,,4B,Albuquerque,2021,0.5,0.35,0.271,166.08,180.03072,51.29,162.43543,235.62908
,,4B,Albuquerque,2021,0.5,0.45,0.271,151.98,164.74632,61.6,195.0872,231.52072
,,4B,Albuquerque,2021,0.5,0.4,0.271,158.52,171.83568,56.36,178.49212,232.92992
,,4B,Albuquerque,2021,0.5,0.55,0.271,140.56,152.36704,72.62,229.98754,231.08712
,,4B,Albuquerque,2021,0.5,0.5,0.271,146.08,158.35072,66.98,212.12566,230.95704
,,4B,Albuquerque,2021,0.5,0.6,0.271,135.72,147.12048,78.24,247.78608,231.93264
,,4B,Albuquerque,2021,0.5,0.65,0.271,131.34,142.37256,83.92,265.77464,233.34184
,,4B,Albuquerque,2021,0.5,0.7,0.271,127.28,137.97152,89.67,283.98489,235.1738
,,4B,Albuquerque,2021,0.5,0.75,0.271,123.6,133.9824,95.46,302.32182,237.46104
,,4B,Albuquerque,2021,0.5,0.85,0.271,116.93,126.75212,107.13,339.28071,242.88104
,,4B,Albuquerque,2021,0.5,0.8,0.271,120.16,130.25344,101.29,320.78543,240.0518
,,4B,Albuquerque,2021,0.5,0.95,0.271,111.43,120.79012,118.54,375.41618,249.28748
,,4B,Albuquerque,2021,0.5,0.9,0.271,114.01,123.58684,113.01,357.90267,246.08968
,,4B,Albuquerque,2021,0.6,0.01,0.271,276.4,299.6176,22.38,70.87746,323.87752
,,4B,Albuquerque,2021,0.6,0.15,0.271,227.54,246.65336,33.14,104.95438,282.57712
,,4B,Albuquerque,2021,0.6,0.1,0.271,243.47,263.92148,29.06,92.03302,295.42252
,,4B,Albuquerque,2021,0.6,0.25,0.271,202.86,219.90024,41.21,130.51207,264.57188
,,4B,Albuquerque,2021,0.6,0.2,0.271,214.61,232.63724,37.01,117.21067,272.75608
,,4B,Albuquerque,2021,0.6,0.3,0.271,192.61,208.78924,45.62,144.47854,258.24132
,,4B,Albuquerque,2021,0.6,0.35,0.271,183.5,198.914,50.33,159.39511,253.47172
,,4B,Albuquerque,2021,0.6,0.45,0.271,168.42,182.56728,60.34,191.09678,247.97584
,,4B,Albuquerque,2021,0.6,0.4,0.271,175.56,190.30704,55.26,175.00842,250.20888
,,4B,Albuquerque,2021,0.6,0.55,0.271,156.35,169.4834,71.13,225.26871,246.58832
,,4B,Albuquerque,2021,0.6,0.5,0.271,162.23,175.85732,65.59,207.72353,246.95688
,,4B,Albuquerque,2021,0.6,0.6,0.271,151.18,163.87912,76.65,242.75055,246.96772
,,4B,Albuquerque,2021,0.6,0.65,0.271,146.47,158.77348,82.23,260.42241,247.9108
,,4B,Albuquerque,2021,0.6,0.7,0.271,142.18,154.12312,87.86,278.25262,249.36336
,,4B,Albuquerque,2021,0.6,0.75,0.271,138.16,149.76544,93.54,296.24118,251.1628
,,4B,Albuquerque,2021,0.6,0.85,0.271,131.13,142.14492,105.02,332.59834,255.9866
,,4B,Albuquerque,2021,0.6,0.8,0.271,134.54,145.84136,99.27,314.38809,253.45004
,,4B,Albuquerque,2021,0.6,0.95,0.271,125.2,135.7168,116.05,367.53035,261.515
,,4B,Albuquerque,2021,0.6,0.9,0.271,127.94,138.68696,110.78,350.84026,258.77248
,,4B,Albuquerque,2021,0.65,0.01,0.271,286.16,310.19744,22.23,70.40241,334.29476
,,4B,Albuquerque,2021,0.65,0.15,0.271,236.01,255.83484,33.12,104.89104,291.73692
,,4B,Albuquerque,2021,0.65,0.1,0.271,252.26,273.44984,29.01,91.87467,304.89668
,,4B,Albuquerque,2021,0.65,0.25,0.271,210.32,227.98688,41.46,131.30382,272.92952
,,4B,Albuquerque,2021,0.65,0.2,0.271,222.53,241.22252,37.13,117.59071,281.47144
,,4B,Albuquerque,2021,0.65,0.3,0.271,199.7,216.4748,45.99,145.65033,266.32796
,,4B,Albuquerque,2021,0.65,0.35,0.271,190.41,206.40444,50.79,160.85193,261.4608
,,4B,Albuquerque,2021,0.65,0.45,0.271,175.12,189.83008,60.86,192.74362,255.80232
,,4B,Albuquerque,2021,0.65,0.4,0.271,182.32,197.63488,55.76,176.59192,258.07872
,,4B,Albuquerque,2021,0.65,0.55,0.271,162.96,176.64864,71.48,226.37716,254.13296
,,4B,Albuquerque,2021,0.65,0.5,0.271,168.78,182.95752,66.09,209.30703,254.59908
,,4B,Albuquerque,2021,0.65,0.6,0.271,157.77,171.02268,76.92,243.60564,254.40396
,,4B,Albuquerque,2021,0.65,0.65,0.271,152.81,165.64604,82.75,262.06925,255.34704
,,4B,Albuquerque,2021,0.65,0.7,0.271,148.49,160.96316,88.3,279.6461,256.68036
,,4B,Albuquerque,2021,0.65,0.75,0.271,144.49,156.62716,93.92,297.44464,258.43644
,,4B,Albuquerque,2021,0.65,0.85,0.271,137.28,148.81152,105.32,333.54844,262.9784
,,4B,Albuquerque,2021,0.65,0.8,0.271,140.74,152.56216,99.6,315.4332,260.52856
,,4B,Albuquerque,2021,0.65,0.95,0.271,131.26,142.28584,116.43,368.73381,268.49596
,,4B,Albuquerque,2021,0.65,0.9,0.271,134.03,145.28852,111.04,351.66368,265.65588
,,4B,Albuquerque,2021,0.7,0.01,0.271,295.51,320.33284,22.1,69.9907,344.28924
,,4B,Albuquerque,2021,0.7,0.15,0.271,244.08,264.58272,33.16,105.01772,300.52816
,,4B,Albuquerque,2021,0.7,0.1,0.271,260.63,282.52292,29,91.843,313.95892
,,4B,Albuquerque,2021,0.7,0.25,0.271,217.33,235.58572,41.79,132.34893,280.88608
,,4B,Albuquerque,2021,0.7,0.2,0.271,230.01,249.33084,37.31,118.16077,289.77488
,,4B,Albuquerque,2021,0.7,0.3,0.271,206.35,223.6834,46.47,147.17049,274.05688
,,4B,Albuquerque,2021,0.7,0.35,0.271,196.86,213.39624,51.37,162.68879,269.08132
,,4B,Albuquerque,2021,0.7,0.45,0.271,181.45,196.6918,61.52,194.83384,263.37948
,,4B,Albuquerque,2021,0.7,0.4,0.271,188.61,204.45324,56.38,178.55546,265.56916
,,4B,Albuquerque,2021,0.7,0.55,0.271,169.31,183.53204,72.02,228.08734,261.60172
,,4B,Albuquerque,2021,0.7,0.5,0.271,175.03,189.73252,66.75,211.39725,262.08952
,,4B,Albuquerque,2021,0.7,0.6,0.271,164.15,177.9386,77.37,245.03079,261.80768
,,4B,Albuquerque,2021,0.7,0.65,0.271,158.84,172.18256,83.4,264.1278,262.58816
,,4B,Albuquerque,2021,0.7,0.7,0.271,154.57,167.55388,88.84,281.35628,263.85644
,,4B,Albuquerque,2021,0.7,0.75,0.271,150.58,163.22872,94.37,298.86979,265.5258
,,4B,Albuquerque,2021,0.7,0.85,0.271,143.22,155.25048,105.66,334.62522,269.78592
,,4B,Albuquerque,2021,0.7,0.8,0.271,146.76,159.08784,100,316.7,267.48784
,,4B,Albuquerque,2021,0.7,0.95,0.271,137.08,148.59472,116.84,370.03228,275.24928
,,4B,Albuquerque,2021,0.7,0.9,0.271,140.01,151.77084,111.34,352.61378,272.4634
,,4B,Albuquerque,2021,0.75,0.01,0.271,304.59,330.17556,21.97,69.57899,353.99104
,,4B,Albuquerque,2021,0.75,0.15,0.271,251.81,272.96204,33.23,105.23941,308.98336
,,4B,Albuquerque,2021,0.75,0.1,0.271,268.61,291.17324,29.03,91.93801,322.64176
,,4B,Albuquerque,2021,0.75,0.25,0.271,223.92,242.72928,42.21,133.67907,288.48492
,,4B,Albuquerque,2021,0.75,0.2,0.271,237.08,256.99472,37.57,118.98419,297.7206
,,4B,Albuquerque,2021,0.75,0.3,0.271,212.56,230.41504,47.07,149.07069,281.43892
,,4B,Albuquerque,2021,0.75,0.35,0.271,202.87,219.91108,52.07,164.90569,276.35496
,,4B,Albuquerque,2021,0.75,0.45,0.271,187.26,202.98984,62.32,197.36744,270.54472
,,4B,Albuquerque,2021,0.75,0.4,0.271,194.55,210.8922,57.18,181.08906,272.87532
,,4B,Albuquerque,2021,0.75,0.55,0.271,175.21,189.92764,72.77,230.46259,268.81032
,,4B,Albuquerque,2021,0.75,0.5,0.271,180.87,196.06308,67.57,213.99419,269.30896
,,4B,Albuquerque,2021,0.75,0.6,0.271,170.1,184.3884,78,247.026,268.9404
,,4B,Albuquerque,2021,0.75,0.65,0.271,164.64,178.46976,84.18,266.59806,269.72088
,,4B,Albuquerque,2021,0.75,0.7,0.271,160.41,173.88444,89.48,283.38316,270.88076
,,4B,Albuquerque,2021,0.75,0.75,0.271,156.42,169.55928,94.91,300.57997,272.44172
,,4B,Albuquerque,2021,0.75,0.85,0.271,149.13,161.65692,106.1,336.0187,276.66932
,,4B,Albuquerque,2021,0.75,0.8,0.271,152.68,165.50512,100.5,318.2835,274.44712
,,4B,Albuquerque,2021,0.75,0.95,0.271,142.84,154.83856,117.24,371.29908,281.92672
,,4B,Albuquerque,2021,0.75,0.9,0.271,145.82,158.06888,111.69,353.72223,279.14084
,,4B,Albuquerque,2021,0.85,0.01,0.271,322.36,349.43824,21.71,68.75557,372.97188
,,4B,Albuquerque,2021,0.85,0.15,0.271,268.4,290.9456,32.89,104.16263,326.59836
,,4B,Albuquerque,2021,0.85,0.1,0.271,285.6,309.5904,28.72,90.95624,340.72288
,,4B,Albuquerque,2021,0.85,0.25,0.271,239.35,259.4554,41.95,132.85565,304.9292
,,4B,Albuquerque,2021,0.85,0.2,0.271,253.01,274.26284,37.28,118.06576,314.67436
,,4B,Albuquerque,2021,0.85,0.3,0.271,227.47,246.57748,46.83,148.31061,297.3412
,,4B,Albuquerque,2021,0.85,0.35,0.271,217.3,235.5532,51.81,164.08227,291.71524
,,4B,Albuquerque,2021,0.85,0.45,0.271,201.17,218.06828,62.02,196.41734,285.29796
,,4B,Albuquerque,2021,0.85,0.4,0.271,208.67,226.19828,56.9,180.2023,287.87788
,,4B,Albuquerque,2021,0.85,0.55,0.271,188.44,204.26896,72.39,229.25913,282.73972
,,4B,Albuquerque,2021,0.85,0.5,0.271,194.43,210.76212,67.21,212.85407,283.61776
,,4B,Albuquerque,2021,0.85,0.6,0.271,183.18,198.56712,77.52,245.50584,282.5988
,,4B,Albuquerque,2021,0.85,0.65,0.271,177.27,192.16068,83.88,265.64796,283.0866
,,4B,Albuquerque,2021,0.85,0.7,0.271,172.89,187.41276,89.07,282.08469,283.96464
,,4B,Albuquerque,2021,0.85,0.75,0.271,168.74,182.91416,94.38,298.90146,285.22208
,,4B,Albuquerque,2021,0.85,0.85,0.271,161.23,174.77332,105.42,333.86514,289.0486
,,4B,Albuquerque,2021,0.85,0.8,0.271,164.94,178.79496,99.9,316.3833,287.08656
,,4B,Albuquerque,2021,0.85,0.95,0.271,154.73,167.72732,116.47,368.86049,293.9808
,,4B,Albuquerque,2021,0.85,0.9,0.271,157.89,171.15276,110.94,351.34698,291.41172
,,4B,Albuquerque,2021,0.8,0.01,0.271,313.76,340.11584,21.82,69.10394,363.76872
,,4B,Albuquerque,2021,0.8,0.15,0.271,260.7,282.5988,32.94,104.32098,318.30576
,,4B,Albuquerque,2021,0.8,0.1,0.271,277.58,300.89672,28.79,91.17793,332.10508
,,4B,Albuquerque,2021,0.8,0.25,0.271,231.98,251.46632,42.01,133.04567,297.00516
,,4B,Albuquerque,2021,0.8,0.2,0.271,245.45,266.0678,37.34,118.25578,306.54436
,,4B,Albuquerque,2021,0.8,0.3,0.271,220.23,238.72932,46.92,148.59564,289.5906
,,4B,Albuquerque,2021,0.8,0.35,0.271,210.24,227.90016,51.92,164.43064,284.18144
,,4B,Albuquerque,2021,0.8,0.45,0.271,194.36,210.68624,62.22,197.05074,278.13272
,,4B,Albuquerque,2021,0.8,0.4,0.271,201.71,218.65364,57.05,180.67735,280.49584
,,4B,Albuquerque,2021,0.8,0.55,0.271,181.83,197.10372,72.7,230.2409,275.91052
,,4B,Albuquerque,2021,0.8,0.5,0.271,187.72,203.48848,67.46,213.64582,276.61512
,,4B,Albuquerque,2021,0.8,0.6,0.271,176.61,191.44524,77.9,246.7093,275.88884
,,4B,Albuquerque,2021,0.8,0.65,0.271,170.79,185.13636,84.31,267.00977,276.5284
,,4B,Albuquerque,2021,0.8,0.7,0.271,166.53,180.51852,89.6,283.7632,277.64492
,,4B,Albuquerque,2021,0.8,0.75,0.271,162.48,176.12832,95.01,300.89667,279.11916
,,4B,Albuquerque,2021,0.8,0.85,0.271,155.01,168.03084,106.16,336.20872,283.10828
,,4B,Albuquerque,2021,0.8,0.8,0.271,158.6,171.9224,100.56,318.47352,280.92944
,,4B,Albuquerque,2021,0.8,0.95,0.271,148.63,161.11492,117.36,371.67912,288.33316
,,4B,Albuquerque,2021,0.8,0.9,0.271,151.76,164.50784,111.76,353.94392,285.65568
,,4B,Albuquerque,2021,0.95,0.01,0.271,338.91,367.37844,21.51,68.12217,390.69528
,,4B,Albuquerque,2021,0.95,0.15,0.271,283.05,306.8262,32.85,104.03595,342.4356
,,4B,Albuquerque,2021,0.95,0.1,0.271,300.72,325.98048,28.65,90.73455,357.03708
,,4B,Albuquerque,2021,0.95,0.25,0.271,253.25,274.523,41.94,132.82398,319.98596
,,4B,Albuquerque,2021,0.95,0.2,0.271,267.24,289.68816,37.27,118.03409,330.08884
,,4B,Albuquerque,2021,0.95,0.3,0.271,241.15,261.4066,46.79,148.18393,312.12696
,,4B,Albuquerque,2021,0.95,0.35,0.271,230.75,250.133,51.74,163.86058,306.21916
,,4B,Albuquerque,2021,0.95,0.45,0.271,214.07,232.05188,61.78,195.65726,299.0214
,,4B,Albuquerque,2021,0.95,0.4,0.271,221.8,240.4312,56.75,179.72725,301.9482
,,4B,Albuquerque,2021,0.95,0.55,0.271,201.14,218.03576,71.96,227.89732,296.0404
,,4B,Albuquerque,2021,0.95,0.5,0.271,207.2,224.6048,66.89,211.84063,297.11356
,,4B,Albuquerque,2021,0.95,0.6,0.271,195.75,212.193,76.96,243.73232,295.61764
,,4B,Albuquerque,2021,0.95,0.65,0.271,189.56,205.48304,83.14,263.30438,295.6068
,,4B,Albuquerque,2021,0.95,0.7,0.271,185.18,200.73512,88.17,279.23439,296.3114
,,4B,Albuquerque,2021,0.95,0.75,0.271,180.97,196.17148,93.34,295.60778,297.35204
,,4B,Albuquerque,2021,0.95,0.85,0.271,173.29,187.84636,104.1,329.6847,300.69076
,,4B,Albuquerque,2021,0.95,0.8,0.271,176.98,191.84632,98.7,312.5829,298.83712
,,4B,Albuquerque,2021,0.95,0.95,0.271,166.54,180.52936,114.82,363.63494,304.99424
,,4B,Albuquerque,2021,0.95,0.9,0.271,169.78,184.04152,109.47,346.69149,302.707
,,4B,Albuquerque,2021,0.9,0.01,0.271,330.81,358.59804,21.61,68.43887,382.02328
,,4B,Albuquerque,2021,0.9,0.15,0.271,275.92,299.09728,32.86,104.06762,334.71752
,,4B,Albuquerque,2021,0.9,0.1,0.271,293.31,317.94804,28.67,90.79789,349.02632
,,4B,Albuquerque,2021,0.9,0.25,0.271,246.45,267.1518,41.93,132.79231,312.60392
,,4B,Albuquerque,2021,0.9,0.2,0.271,260.29,282.15436,37.26,118.00242,322.5442
,,4B,Albuquerque,2021,0.9,0.3,0.271,234.43,254.12212,46.79,148.18393,304.84248
,,4B,Albuquerque,2021,0.9,0.35,0.271,224.16,242.98944,51.75,163.89225,299.08644
,,4B,Albuquerque,2021,0.9,0.45,0.271,207.76,225.21184,61.88,195.97396,292.28976
,,4B,Albuquerque,2021,0.9,0.4,0.271,215.29,233.37436,56.8,179.8856,294.94556
,,4B,Albuquerque,2021,0.9,0.55,0.271,194.92,211.29328,72.16,228.53072,289.51472
,,4B,Albuquerque,2021,0.9,0.5,0.271,200.93,217.80812,67.02,212.25234,290.4578
,,4B,Albuquerque,2021,0.9,0.6,0.271,189.57,205.49388,77.21,244.52407,289.18952
,,4B,Albuquerque,2021,0.9,0.65,0.271,183.55,198.9682,83.49,264.41283,289.47136
,,4B,Albuquerque,2021,0.9,0.7,0.271,179.11,194.15524,88.59,280.56453,290.1868
,,4B,Albuquerque,2021,0.9,0.75,0.271,174.98,189.67832,93.84,297.19128,291.40088
,,4B,Albuquerque,2021,0.9,0.85,0.271,167.34,181.39656,104.73,331.67991,294.92388
,,4B,Albuquerque,2021,0.9,0.8,0.271,170.96,185.32064,99.27,314.38809,292.92932
,,4B,Albuquerque,2021,0.9,0.95,0.271,160.69,174.18796,115.61,366.13687,299.5092
,,4B,Albuquerque,2021,0.9,0.9,0.271,163.89,177.65676,110.17,348.90839,297.08104
,,4C,Seattle,2021,0.01,0.01,0.271,180.96,196.16064,5.21,16.50007,201.80828
,,4C,Seattle,2021,0.01,0.15,0.271,153.83,166.75172,10.75,34.04525,178.40472
,,4C,Seattle,2021,0.01,0.1,0.271,162.8,176.4752,8.51,26.95117,185.70004
,,4C,Seattle,2021,0.01,0.25,0.271,139.5,151.218,15.55,49.24685,168.0742
,,4C,Seattle,2021,0.01,0.2,0.271,146.39,158.68676,13.06,41.36102,172.8438
,,4C,Seattle,2021,0.01,0.3,0.271,133.23,144.42132,18.2,57.6394,164.15012
,,4C,Seattle,2021,0.01,0.35,0.271,127.55,138.2642,20.98,66.44366,161.00652
,,4C,Seattle,2021,0.01,0.45,0.271,117.05,126.8822,27.42,86.83914,156.60548
,,4C,Seattle,2021,0.01,0.4,0.271,122.07,132.32388,24.09,76.29303,158.43744
,,4C,Seattle,2021,0.01,0.55,0.271,108.7,117.8308,33.95,107.51965,154.6326
,,4C,Seattle,2021,0.01,0.5,0.271,112.73,122.19932,30.65,97.06855,155.42392
,,4C,Seattle,2021,0.01,0.6,0.271,104.88,113.68992,37.32,118.19244,154.1448
,,4C,Seattle,2021,0.01,0.65,0.271,101.45,109.9718,40.74,129.02358,154.13396
,,4C,Seattle,2021,0.01,0.7,0.271,98.25,106.503,44.22,140.04474,154.43748
,,4C,Seattle,2021,0.01,0.75,0.271,95.24,103.24016,47.73,151.16091,154.97948
,,4C,Seattle,2021,0.01,0.85,0.271,89.74,97.27816,54.86,173.74162,156.7464
,,4C,Seattle,2021,0.01,0.8,0.271,92.51,100.28084,51.28,162.40376,155.86836
,,4C,Seattle,2021,0.01,0.95,0.271,84.9,92.0316,62.09,196.63903,159.33716
,,4C,Seattle,2021,0.01,0.9,0.271,87.27,94.60068,58.46,185.14282,157.97132
,,4C,Seattle,2021,0.05,0.01,0.271,193.53,209.78652,4.83,15.29661,215.02224
,,4C,Seattle,2021,0.05,0.15,0.271,165.48,179.38032,10.12,32.05004,190.3504
,,4C,Seattle,2021,0.05,0.1,0.271,174.69,189.36396,7.97,25.24099,198.00344
,,4C,Seattle,2021,0.05,0.25,0.271,150.39,163.02276,14.75,46.71325,179.01176
,,4C,Seattle,2021,0.05,0.2,0.271,157.49,170.71916,12.34,39.08078,184.09572
,,4C,Seattle,2021,0.05,0.3,0.271,143.68,155.74912,17.31,54.82077,174.51316
,,4C,Seattle,2021,0.05,0.35,0.271,137.78,149.35352,20.03,63.43501,171.06604
,,4C,Seattle,2021,0.05,0.45,0.271,126.62,137.25608,26.31,83.32377,165.77612
,,4C,Seattle,2021,0.05,0.4,0.271,132.02,143.10968,23.06,73.03102,168.10672
,,4C,Seattle,2021,0.05,0.55,0.271,117.69,127.57596,32.71,103.59257,163.0336
,,4C,Seattle,2021,0.05,0.5,0.271,122.13,132.38892,29.48,93.36316,164.34524
,,4C,Seattle,2021,0.05,0.6,0.271,113.81,123.37004,36.01,114.04367,162.40488
,,4C,Seattle,2021,0.05,0.65,0.271,110.12,119.37008,39.38,124.71646,162.058
,,4C,Seattle,2021,0.05,0.7,0.271,106.67,115.63028,42.8,135.5476,162.02548
,,4C,Seattle,2021,0.05,0.75,0.271,103.45,112.1398,46.26,146.50542,162.28564
,,4C,Seattle,2021,0.05,0.85,0.271,97.71,105.91764,53.29,168.76943,163.684
,,4C,Seattle,2021,0.05,0.8,0.271,100.53,108.97452,49.76,157.58992,162.91436
,,4C,Seattle,2021,0.05,0.95,0.271,92.44,100.20496,60.42,191.35014,165.70024
,,4C,Seattle,2021,0.05,0.9,0.271,95.07,103.05588,56.84,180.01228,164.67044
,,4C,Seattle,2021,0.15,0.01,0.271,224.14,242.96776,4.11,13.01637,247.423
,,4C,Seattle,2021,0.15,0.15,0.271,193.54,209.79736,8.85,28.02795,219.39076
,,4C,Seattle,2021,0.15,0.1,0.271,203.73,220.84332,6.87,21.75729,228.2904
,,4C,Seattle,2021,0.15,0.25,0.271,177.06,191.93304,13.11,41.51937,206.14428
,,4C,Seattle,2021,0.15,0.2,0.271,184.97,200.50748,10.89,34.48863,212.31224
,,4C,Seattle,2021,0.15,0.3,0.271,169.86,184.12824,15.5,49.0885,200.93024
,,4C,Seattle,2021,0.15,0.35,0.271,163.11,176.81124,18.02,57.06934,196.34492
,,4C,Seattle,2021,0.15,0.45,0.271,150.64,163.29376,23.98,75.94466,189.28808
,,4C,Seattle,2021,0.15,0.4,0.271,156.78,169.94952,20.88,66.12696,192.58344
,,4C,Seattle,2021,0.15,0.55,0.271,140.51,152.31284,30.06,95.20002,184.89788
,,4C,Seattle,2021,0.15,0.5,0.271,145.46,157.67864,26.98,85.44566,186.92496
,,4C,Seattle,2021,0.15,0.6,0.271,136.05,147.4782,33.23,105.23941,183.49952
,,4C,Seattle,2021,0.15,0.65,0.271,131.86,142.93624,36.45,115.43715,182.44804
,,4C,Seattle,2021,0.15,0.7,0.271,128.01,138.76284,39.73,125.82491,181.83016
,,4C,Seattle,2021,0.15,0.75,0.271,124.32,134.76288,43.08,136.43436,181.4616
,,4C,Seattle,2021,0.15,0.85,0.271,117.73,127.61932,49.86,157.90662,181.66756
,,4C,Seattle,2021,0.15,0.8,0.271,120.97,131.13148,46.45,147.10715,181.48328
,,4C,Seattle,2021,0.15,0.95,0.271,111.82,121.21288,56.76,179.75892,182.74072
,,4C,Seattle,2021,0.15,0.9,0.271,114.64,124.26976,53.29,168.76943,182.03612
,,4C,Seattle,2021,0.1,0.01,0.271,208.93,226.48012,4.43,14.02981,231.28224
,,4C,Seattle,2021,0.1,0.15,0.271,179.57,194.65388,9.44,29.89648,204.88684
,,4C,Seattle,2021,0.1,0.1,0.271,189.39,205.29876,7.37,23.34079,213.28784
,,4C,Seattle,2021,0.1,0.25,0.271,163.86,177.62424,13.87,43.92629,192.65932
,,4C,Seattle,2021,0.1,0.2,0.271,171.42,185.81928,11.55,36.57885,198.33948
,,4C,Seattle,2021,0.1,0.3,0.271,156.92,170.10128,16.35,51.78045,187.82468
,,4C,Seattle,2021,0.1,0.35,0.271,150.54,163.18536,18.96,60.04632,183.738
,,4C,Seattle,2021,0.1,0.45,0.271,138.76,150.41584,25.07,79.39669,177.59172
,,4C,Seattle,2021,0.1,0.4,0.271,144.51,156.64884,21.91,69.38897,180.39928
,,4C,Seattle,2021,0.1,0.55,0.271,129.24,140.09616,31.31,99.15877,174.0362
,,4C,Seattle,2021,0.1,0.5,0.271,133.86,145.10424,28.15,89.15105,175.61884
,,4C,Seattle,2021,0.1,0.6,0.271,125.03,135.53252,34.55,109.41985,172.98472
,,4C,Seattle,2021,0.1,0.65,0.271,121.09,131.26156,37.83,119.80761,172.26928
,,4C,Seattle,2021,0.1,0.7,0.271,117.42,127.28328,41.19,130.44873,171.93324
,,4C,Seattle,2021,0.1,0.75,0.271,113.92,123.48928,44.58,141.18486,171.814
,,4C,Seattle,2021,0.1,0.85,0.271,107.74,116.79016,51.49,163.06883,172.60532
,,4C,Seattle,2021,0.1,0.8,0.271,110.77,120.07468,48.02,152.07934,172.12836
,,4C,Seattle,2021,0.1,0.95,0.271,102.19,110.77396,58.51,185.30117,174.1988
,,4C,Seattle,2021,0.1,0.9,0.271,104.9,113.7116,54.99,174.15333,173.32076
,,4C,Seattle,2021,0.25,0.01,0.271,253.36,274.64224,3.57,11.30619,278.51212
,,4C,Seattle,2021,0.25,0.15,0.271,220.51,239.03284,7.9,25.0193,247.59644
,,4C,Seattle,2021,0.25,0.1,0.271,231.32,250.75088,6.08,19.25536,257.3416
,,4C,Seattle,2021,0.25,0.25,0.271,202.85,219.8894,11.84,37.49728,232.72396
,,4C,Seattle,2021,0.25,0.2,0.271,211.35,229.1034,9.77,30.94159,239.69408
,,4C,Seattle,2021,0.25,0.3,0.271,195.04,211.42336,14.06,44.52802,226.6644
,,4C,Seattle,2021,0.25,0.35,0.271,187.78,203.55352,16.44,52.06548,221.37448
,,4C,Seattle,2021,0.25,0.45,0.271,174.1,188.7244,22.12,70.05404,212.70248
,,4C,Seattle,2021,0.25,0.4,0.271,180.8,195.9872,19.17,60.71139,216.76748
,,4C,Seattle,2021,0.25,0.55,0.271,163.03,176.72452,27.92,88.42264,206.9898
,,4C,Seattle,2021,0.25,0.5,0.271,168.32,182.45888,24.97,79.07999,209.52636
,,4C,Seattle,2021,0.25,0.6,0.271,158.03,171.30452,30.95,98.01865,204.85432
,,4C,Seattle,2021,0.25,0.65,0.271,153.44,166.32896,34.07,107.89969,203.26084
,,4C,Seattle,2021,0.25,0.7,0.271,149.11,161.63524,37.23,117.90741,201.99256
,,4C,Seattle,2021,0.25,0.75,0.271,144.96,157.13664,40.45,128.10515,200.98444
,,4C,Seattle,2021,0.25,0.85,0.271,137.66,149.22344,47.03,148.94401,200.20396
,,4C,Seattle,2021,0.25,0.8,0.271,141.24,153.10416,43.71,138.42957,200.4858
,,4C,Seattle,2021,0.25,0.95,0.271,131.02,142.02568,53.7,170.0679,200.23648
,,4C,Seattle,2021,0.25,0.9,0.271,134.21,145.48364,50.35,159.45845,200.06304
,,4C,Seattle,2021,0.2,0.01,0.271,238.85,258.9134,3.82,12.09794,263.05428
,,4C,Seattle,2021,0.2,0.15,0.271,207.01,224.39884,8.33,26.38111,233.42856
,,4C,Seattle,2021,0.2,0.1,0.271,217.55,235.8242,6.44,20.39548,242.80516
,,4C,Seattle,2021,0.2,0.25,0.271,190.06,206.02504,12.44,39.39748,219.51
,,4C,Seattle,2021,0.2,0.2,0.271,198.26,214.91384,10.3,32.6201,226.07904
,,4C,Seattle,2021,0.2,0.3,0.271,182.43,197.75412,14.74,46.68158,213.73228
,,4C,Seattle,2021,0.2,0.35,0.271,175.5,190.242,17.19,54.44073,208.87596
,,4C,Seattle,2021,0.2,0.45,0.271,162.45,176.0958,22.99,72.80933,201.01696
,,4C,Seattle,2021,0.2,0.4,0.271,168.82,183.00088,19.98,63.27666,204.6592
,,4C,Seattle,2021,0.2,0.55,0.271,151.79,164.54036,28.93,91.62131,195.90048
,,4C,Seattle,2021,0.2,0.5,0.271,156.85,170.0254,25.92,82.08864,198.12268
,,4C,Seattle,2021,0.2,0.6,0.271,147.03,159.38052,32.03,101.43901,194.10104
,,4C,Seattle,2021,0.2,0.65,0.271,142.6,154.5784,35.21,111.51007,192.74604
,,4C,Seattle,2021,0.2,0.7,0.271,138.51,150.14484,38.42,121.67614,191.79212
,,4C,Seattle,2021,0.2,0.75,0.271,134.68,145.99312,41.7,132.0639,191.19592
,,4C,Seattle,2021,0.2,0.85,0.271,127.65,138.3726,48.38,153.21946,190.81652
,,4C,Seattle,2021,0.2,0.8,0.271,131.02,142.02568,45.01,142.54667,190.81652
,,4C,Seattle,2021,0.2,0.95,0.271,121.35,131.5434,55.17,174.72339,191.34768
,,4C,Seattle,2021,0.2,0.9,0.271,124.49,134.94716,51.77,163.95559,191.06584
,,4C,Seattle,2021,0.3,0.01,0.271,267.37,289.82908,3.37,10.67279,293.48216
,,4C,Seattle,2021,0.3,0.15,0.271,233.32,252.91888,7.57,23.97419,261.12476
,,4C,Seattle,2021,0.3,0.1,0.271,244.57,265.11388,5.79,18.33693,271.39024
,,4C,Seattle,2021,0.3,0.25,0.271,214.68,232.71312,11.53,36.51551,245.21164
,,4C,Seattle,2021,0.3,0.2,0.271,223.64,242.42576,9.45,29.92815,252.66956
,,4C,Seattle,2021,0.3,0.3,0.271,206.55,223.9002,13.75,43.54625,238.8052
,,4C,Seattle,2021,0.3,0.35,0.271,198.97,215.68348,16.15,51.14705,233.19008
,,4C,Seattle,2021,0.3,0.45,0.271,185.6,201.1904,21.35,67.61545,224.3338
,,4C,Seattle,2021,0.3,0.4,0.271,192.01,208.13884,18.69,59.19123,228.3988
,,4C,Seattle,2021,0.3,0.55,0.271,174.03,188.64852,27.01,85.54067,217.92736
,,4C,Seattle,2021,0.3,0.5,0.271,179.6,194.6864,24.12,76.38804,220.83248
,,4C,Seattle,2021,0.3,0.6,0.271,168.87,183.05508,29.98,94.94666,215.5534
,,4C,Seattle,2021,0.3,0.65,0.271,164.02,177.79768,33.03,104.60601,213.6022
,,4C,Seattle,2021,0.3,0.7,0.271,159.57,172.97388,36.14,114.45538,212.14964
,,4C,Seattle,2021,0.3,0.75,0.271,155.27,168.31268,39.31,124.49477,210.92472
,,4C,Seattle,2021,0.3,0.85,0.271,147.55,159.9442,45.78,144.98526,209.56972
,,4C,Seattle,2021,0.3,0.8,0.271,151.3,164.0092,42.53,134.69251,210.11172
,,4C,Seattle,2021,0.3,0.95,0.271,140.68,152.49712,52.35,165.79245,209.24452
,,4C,Seattle,2021,0.3,0.9,0.271,143.95,156.0418,49.07,155.40469,209.23368
,,4C,Seattle,2021,0.35,0.01,0.271,280.96,304.56064,3.19,10.10273,308.0186
,,4C,Seattle,2021,0.35,0.15,0.271,245.82,266.46888,7.23,22.89741,274.3062
,,4C,Seattle,2021,0.35,0.1,0.271,257.53,279.16252,5.53,17.51351,285.15704
,,4C,Seattle,2021,0.35,0.25,0.271,226.88,245.93792,11.06,35.02702,257.92696
,,4C,Seattle,2021,0.35,0.2,0.271,236.01,255.83484,9.05,28.66135,265.64504
,,4C,Seattle,2021,0.35,0.3,0.271,218.55,236.9082,13.22,41.86774,251.23868
,,4C,Seattle,2021,0.35,0.35,0.271,210.68,228.37712,15.56,49.27852,245.24416
,,4C,Seattle,2021,0.35,0.45,0.271,196.81,213.34204,20.64,65.36688,235.7158
,,4C,Seattle,2021,0.35,0.4,0.271,203.55,220.6482,18.03,57.10101,240.19272
,,4C,Seattle,2021,0.35,0.55,0.271,184.85,200.3774,26.18,82.91206,228.75652
,,4C,Seattle,2021,0.35,0.5,0.271,190.71,206.72964,23.34,73.91778,232.0302
,,4C,Seattle,2021,0.35,0.6,0.271,179.48,194.55632,29.1,92.1597,226.10072
,,4C,Seattle,2021,0.35,0.65,0.271,174.45,189.1038,32.1,101.6607,223.9002
,,4C,Seattle,2021,0.35,0.7,0.271,169.75,184.009,35.15,111.32005,222.1116
,,4C,Seattle,2021,0.35,0.75,0.271,165.43,179.32612,38.27,121.20109,220.8108
,,4C,Seattle,2021,0.35,0.85,0.271,157.34,170.55656,44.64,141.37488,218.94632
,,4C,Seattle,2021,0.35,0.8,0.271,161.26,174.80584,41.44,131.24048,219.7268
,,4C,Seattle,2021,0.35,0.95,0.271,150.2,162.8168,51.08,161.77036,218.18752
,,4C,Seattle,2021,0.35,0.9,0.271,153.66,166.56744,47.89,151.66763,218.4802
,,4C,Seattle,2021,0.45,0.01,0.271,307.02,332.80968,2.89,9.15263,335.94244
,,4C,Seattle,2021,0.45,0.15,0.271,269.95,292.6258,6.69,21.18723,299.87776
,,4C,Seattle,2021,0.45,0.1,0.271,282.21,305.91564,5.07,16.05669,311.41152
,,4C,Seattle,2021,0.45,0.25,0.271,250.24,271.26016,10.29,32.58843,282.41452
,,4C,Seattle,2021,0.45,0.2,0.271,259.74,281.55816,8.38,26.53946,290.64208
,,4C,Seattle,2021,0.45,0.3,0.271,241.41,261.68844,12.32,39.01744,275.04332
,,4C,Seattle,2021,0.45,0.35,0.271,233.15,252.7346,14.53,46.01651,268.48512
,,4C,Seattle,2021,0.45,0.45,0.271,218.61,236.97324,19.39,61.40813,257.992
,,4C,Seattle,2021,0.45,0.4,0.271,225.62,244.57208,16.9,53.5223,262.89168
,,4C,Seattle,2021,0.45,0.55,0.271,205.84,223.13056,24.74,78.35158,249.94872
,,4C,Seattle,2021,0.45,0.5,0.271,211.97,229.77548,21.98,69.61066,253.6018
,,4C,Seattle,2021,0.45,0.6,0.271,200.15,216.9626,27.56,87.28252,246.83764
,,4C,Seattle,2021,0.45,0.65,0.271,194.76,211.11984,30.45,96.43515,244.12764
,,4C,Seattle,2021,0.45,0.7,0.271,189.68,205.61312,33.4,105.7778,241.81872
,,4C,Seattle,2021,0.45,0.75,0.271,185,200.54,36.42,115.34214,240.01928
,,4C,Seattle,2021,0.45,0.85,0.271,176.45,191.2718,42.62,134.97754,237.47188
,,4C,Seattle,2021,0.45,0.8,0.271,180.59,195.75956,39.5,125.0965,238.57756
,,4C,Seattle,2021,0.45,0.95,0.271,168.88,183.06592,48.8,154.5496,235.96512
,,4C,Seattle,2021,0.45,0.9,0.271,172.4,186.8816,45.76,144.92192,236.48544
,,4C,Seattle,2021,0.4,0.01,0.271,294.2,318.9128,3.03,9.59601,322.19732
,,4C,Seattle,2021,0.4,0.15,0.271,258.08,279.75872,6.94,21.97898,287.28168
,,4C,Seattle,2021,0.4,0.1,0.271,270.03,292.71252,5.28,16.72176,298.43604
,,4C,Seattle,2021,0.4,0.25,0.271,238.68,258.72912,10.65,33.72855,270.27372
,,4C,Seattle,2021,0.4,0.2,0.271,248.1,268.9404,8.69,27.52123,278.36036
,,4C,Seattle,2021,0.4,0.3,0.271,230.11,249.43924,12.75,40.37925,263.26024
,,4C,Seattle,2021,0.4,0.35,0.271,222.04,240.69136,15.02,47.56834,256.97304
,,4C,Seattle,2021,0.4,0.45,0.271,207.8,225.2552,19.97,63.24499,246.90268
,,4C,Seattle,2021,0.4,0.4,0.271,214.69,232.72396,17.44,55.23248,251.62892
,,4C,Seattle,2021,0.4,0.55,0.271,195.48,211.90032,25.42,80.50514,239.4556
,,4C,Seattle,2021,0.4,0.5,0.271,201.5,218.426,22.63,71.66921,242.95692
,,4C,Seattle,2021,0.4,0.6,0.271,189.96,205.91664,28.29,89.59443,236.583
,,4C,Seattle,2021,0.4,0.65,0.271,184.63,200.13892,31.23,98.90541,233.99224
,,4C,Seattle,2021,0.4,0.7,0.271,179.78,194.88152,34.23,108.40641,231.98684
,,4C,Seattle,2021,0.4,0.75,0.271,175.33,190.05772,37.3,118.1291,230.49092
,,4C,Seattle,2021,0.4,0.85,0.271,167.04,181.07136,43.58,138.01786,228.31208
,,4C,Seattle,2021,0.4,0.8,0.271,171.01,185.37484,40.42,128.01014,229.19012
,,4C,Seattle,2021,0.4,0.95,0.271,159.64,173.04976,49.91,158.06497,227.1522
,,4C,Seattle,2021,0.4,0.9,0.271,163.16,176.86544,46.78,148.15226,227.57496
,,4C,Seattle,2021,0.55,0.01,0.271,331.51,359.35684,2.67,8.45589,362.25112
,,4C,Seattle,2021,0.55,0.15,0.271,292.68,317.26512,6.28,19.88876,324.07264
,,4C,Seattle,2021,0.55,0.1,0.271,305.49,331.15116,4.74,15.01158,336.28932
,,4C,Seattle,2021,0.55,0.25,0.271,272.14,294.99976,9.67,30.62489,305.48204
,,4C,Seattle,2021,0.55,0.2,0.271,282.11,305.80724,7.87,24.92429,314.33832
,,4C,Seattle,2021,0.55,0.3,0.271,263.09,285.18956,11.61,36.76887,297.7748
,,4C,Seattle,2021,0.55,0.35,0.271,254.63,276.01892,13.73,43.48291,290.90224
,,4C,Seattle,2021,0.55,0.45,0.271,239.28,259.37952,18.38,58.20946,279.30344
,,4C,Seattle,2021,0.55,0.4,0.271,246.64,267.35776,15.99,50.64033,284.69092
,,4C,Seattle,2021,0.55,0.55,0.271,225.89,244.86476,23.55,74.58285,270.39296
,,4C,Seattle,2021,0.55,0.5,0.271,232.39,251.91076,20.87,66.09529,274.53384
,,4C,Seattle,2021,0.55,0.6,0.271,219.86,238.32824,26.28,83.22876,266.81576
,,4C,Seattle,2021,0.55,0.65,0.271,214.26,232.25784,29.08,92.09636,263.78056
,,4C,Seattle,2021,0.55,0.7,0.271,208.87,226.41508,31.93,101.12231,261.0272
,,4C,Seattle,2021,0.55,0.75,0.271,203.94,221.07096,34.88,110.46496,258.88088
,,4C,Seattle,2021,0.55,0.85,0.271,194.81,211.17404,40.89,129.49863,255.4988
,,4C,Seattle,2021,0.55,0.8,0.271,199.17,215.90028,37.85,119.87095,256.92968
,,4C,Seattle,2021,0.55,0.95,0.271,187,202.708,46.82,148.27894,253.46088
,,4C,Seattle,2021,0.55,0.9,0.271,190.62,206.63208,43.96,139.22132,254.28472
,,4C,Seattle,2021,0.5,0.01,0.271,319.52,346.35968,2.77,8.77259,349.36236
,,4C,Seattle,2021,0.5,0.15,0.271,281.48,305.12432,6.48,20.52216,312.14864
,,4C,Seattle,2021,0.5,0.1,0.271,294.09,318.79356,4.9,15.5183,324.10516
,,4C,Seattle,2021,0.5,0.25,0.271,261.33,283.28172,9.96,31.54332,294.07836
,,4C,Seattle,2021,0.5,0.2,0.271,271.15,293.9266,8.11,25.68437,302.71784
,,4C,Seattle,2021,0.5,0.3,0.271,252.38,273.57992,11.94,37.81398,286.52288
,,4C,Seattle,2021,0.5,0.35,0.271,244.01,264.50684,14.11,44.68637,279.80208
,,4C,Seattle,2021,0.5,0.45,0.271,229.06,248.30104,18.86,59.72962,268.74528
,,4C,Seattle,2021,0.5,0.4,0.271,236.2,256.0408,16.41,51.97047,273.82924
,,4C,Seattle,2021,0.5,0.55,0.271,215.97,234.11148,24.12,76.38804,260.25756
,,4C,Seattle,2021,0.5,0.5,0.271,222.39,241.07076,21.4,67.7738,264.26836
,,4C,Seattle,2021,0.5,0.6,0.271,210.17,227.82428,26.88,85.12896,256.9622
,,4C,Seattle,2021,0.5,0.65,0.271,204.62,221.80808,29.74,94.18658,254.04624
,,4C,Seattle,2021,0.5,0.7,0.271,199.48,216.23632,32.65,103.40255,251.62892
,,4C,Seattle,2021,0.5,0.75,0.271,194.56,210.90304,35.61,112.77687,249.50428
,,4C,Seattle,2021,0.5,0.85,0.271,185.68,201.27712,41.71,132.09557,246.49076
,,4C,Seattle,2021,0.5,0.8,0.271,190.06,206.02504,38.64,122.37288,247.9108
,,4C,Seattle,2021,0.5,0.95,0.271,178,192.952,47.77,151.28759,244.73468
,,4C,Seattle,2021,0.5,0.9,0.271,181.54,196.78936,44.83,141.97661,245.38508
,,4C,Seattle,2021,0.6,0.01,0.271,343.23,372.06132,2.57,8.13919,374.8472
,,4C,Seattle,2021,0.6,0.15,0.271,303.48,328.97232,6.11,19.35037,335.59556
,,4C,Seattle,2021,0.6,0.1,0.271,316.63,343.22692,4.59,14.53653,348.20248
,,4C,Seattle,2021,0.6,0.25,0.271,282.75,306.501,9.42,29.83314,316.71228
,,4C,Seattle,2021,0.6,0.2,0.271,292.78,317.37352,7.66,24.25922,325.67696
,,4C,Seattle,2021,0.6,0.3,0.271,273.53,296.50652,11.32,35.85044,308.7774
,,4C,Seattle,2021,0.6,0.35,0.271,264.83,287.07572,13.39,42.40613,301.59048
,,4C,Seattle,2021,0.6,0.45,0.271,249.23,270.16532,17.94,56.81598,289.61228
,,4C,Seattle,2021,0.6,0.4,0.271,256.74,278.30616,15.61,49.43687,295.2274
,,4C,Seattle,2021,0.6,0.55,0.271,235.56,255.34704,23.04,72.96768,280.3224
,,4C,Seattle,2021,0.6,0.5,0.271,242.27,262.62068,20.4,64.6068,284.73428
,,4C,Seattle,2021,0.6,0.6,0.271,229.4,248.6696,25.72,81.45524,276.55008
,,4C,Seattle,2021,0.6,0.65,0.271,223.63,242.41492,28.47,90.16449,273.2764
,,4C,Seattle,2021,0.6,0.7,0.271,218.25,236.583,31.3,99.1271,270.5122
,,4C,Seattle,2021,0.6,0.75,0.271,213.05,230.9462,34.17,108.21639,267.98648
,,4C,Seattle,2021,0.6,0.85,0.271,203.73,220.84332,40.11,127.02837,264.32256
,,4C,Seattle,2021,0.6,0.8,0.271,208.26,225.75384,37.12,117.55904,265.99192
,,4C,Seattle,2021,0.6,0.95,0.271,195.81,212.25804,45.91,145.39697,262.02448
,,4C,Seattle,2021,0.6,0.9,0.271,199.38,216.12792,43.15,136.65605,262.90252
,,4C,Seattle,2021,0.65,0.01,0.271,354.46,384.23464,2.48,7.85416,386.92296
,,4C,Seattle,2021,0.65,0.15,0.271,313.61,339.95324,6.03,19.09701,346.48976
,,4C,Seattle,2021,0.65,0.1,0.271,327.05,354.5222,4.52,14.31484,359.42188
,,4C,Seattle,2021,0.65,0.25,0.271,291.79,316.30036,9.42,29.83314,326.51164
,,4C,Seattle,2021,0.65,0.2,0.271,302.31,327.70404,7.62,24.13254,335.96412
,,4C,Seattle,2021,0.65,0.3,0.271,282.12,305.81808,11.38,36.04046,318.154
,,4C,Seattle,2021,0.65,0.35,0.271,273.2,296.1488,13.48,42.69116,310.76112
,,4C,Seattle,2021,0.65,0.45,0.271,257.44,279.06496,18.06,57.19602,298.642
,,4C,Seattle,2021,0.65,0.4,0.271,264.92,287.17328,15.71,49.75357,304.20292
,,4C,Seattle,2021,0.65,0.55,0.271,243.74,264.21416,23.05,72.99935,289.20036
,,4C,Seattle,2021,0.65,0.5,0.271,250.42,271.45528,20.5,64.9235,293.67728
,,4C,Seattle,2021,0.65,0.6,0.271,237.6,257.5584,25.68,81.32856,285.39552
,,4C,Seattle,2021,0.65,0.65,0.271,231.6,251.0544,28.55,90.41785,282.0026
,,4C,Seattle,2021,0.65,0.7,0.271,226.19,245.18996,31.32,99.19044,279.14084
,,4C,Seattle,2021,0.65,0.75,0.271,221.12,239.69408,34.16,108.18472,276.72352
,,4C,Seattle,2021,0.65,0.85,0.271,211.69,229.47196,40.03,126.77501,272.86448
,,4C,Seattle,2021,0.65,0.8,0.271,216.3,234.4692,37.08,117.43236,274.66392
,,4C,Seattle,2021,0.65,0.95,0.271,203.58,220.68072,45.86,145.23862,270.39296
,,4C,Seattle,2021,0.65,0.9,0.271,207.39,224.81076,43.03,136.27601,271.45528
,,4C,Seattle,2021,0.7,0.01,0.271,365.4,396.0936,2.41,7.63247,398.70604
,,4C,Seattle,2021,0.7,0.15,0.271,323.26,350.41384,5.96,18.87532,356.87448
,,4C,Seattle,2021,0.7,0.1,0.271,336.98,365.28632,4.46,14.12482,370.12096
,,4C,Seattle,2021,0.7,0.25,0.271,300.34,325.56856,9.48,30.02316,335.84488
,,4C,Seattle,2021,0.7,0.2,0.271,311.41,337.56844,7.62,24.13254,345.82852
,,4C,Seattle,2021,0.7,0.3,0.271,290.42,314.81528,11.49,36.38883,327.27044
,,4C,Seattle,2021,0.7,0.35,0.271,281.17,304.78828,13.64,43.19788,319.57404
,,4C,Seattle,2021,0.7,0.45,0.271,265.23,287.50932,18.24,57.76608,307.28148
,,4C,Seattle,2021,0.7,0.4,0.271,272.82,295.73688,15.89,50.32363,312.96164
,,4C,Seattle,2021,0.7,0.55,0.271,251.54,272.66936,23.18,73.41106,297.79648
,,4C,Seattle,2021,0.7,0.5,0.271,258.11,279.79124,20.69,65.52523,302.2192
,,4C,Seattle,2021,0.7,0.6,0.271,245.54,266.16536,25.76,81.58192,294.0892
,,4C,Seattle,2021,0.7,0.65,0.271,239.27,259.36868,28.71,90.92457,290.49032
,,4C,Seattle,2021,0.7,0.7,0.271,233.94,253.59096,31.4,99.4438,287.62856
,,4C,Seattle,2021,0.7,0.75,0.271,228.9,248.1276,34.2,108.3114,285.2004
,,4C,Seattle,2021,0.7,0.85,0.271,219.48,237.91632,39.99,126.64833,281.26548
,,4C,Seattle,2021,0.7,0.8,0.271,224.06,242.88104,37.08,117.43236,283.07576
,,4C,Seattle,2021,0.7,0.95,0.271,211.16,228.89744,45.83,145.14361,278.57716
,,4C,Seattle,2021,0.7,0.9,0.271,215.13,233.20092,42.95,136.02265,279.75872
,,4C,Seattle,2021,0.75,0.01,0.271,375.96,407.54064,2.36,7.47412,410.09888
,,4C,Seattle,2021,0.75,0.15,0.271,332.64,360.58176,5.93,18.78031,367.00988
,,4C,Seattle,2021,0.75,0.1,0.271,346.66,375.77944,4.42,13.99814,380.57072
,,4C,Seattle,2021,0.75,0.25,0.271,308.57,334.48988,9.57,30.30819,344.86376
,,4C,Seattle,2021,0.75,0.2,0.271,320.1,346.9884,7.64,24.19588,355.27016
,,4C,Seattle,2021,0.75,0.3,0.271,298.17,323.21628,11.66,36.92722,335.85572
,,4C,Seattle,2021,0.75,0.35,0.271,288.75,313.005,13.86,43.89462,328.02924
,,4C,Seattle,2021,0.75,0.45,0.271,272.61,295.50924,18.52,58.65284,315.58492
,,4C,Seattle,2021,0.75,0.4,0.271,280.19,303.72596,16.15,51.14705,321.23256
,,4C,Seattle,2021,0.75,0.55,0.271,258.97,280.72348,23.43,74.20281,306.1216
,,4C,Seattle,2021,0.75,0.5,0.271,265.45,287.7478,20.96,66.38032,310.46844
,,4C,Seattle,2021,0.75,0.6,0.271,252.99,274.24116,25.94,82.15198,302.36012
,,4C,Seattle,2021,0.75,0.65,0.271,246.54,267.24936,28.94,91.65298,298.62032
,,4C,Seattle,2021,0.75,0.7,0.271,241.41,261.68844,31.56,99.95052,295.89948
,,4C,Seattle,2021,0.75,0.75,0.271,236.44,256.30096,34.29,108.59643,293.47132
,,4C,Seattle,2021,0.75,0.85,0.271,227.06,246.13304,39.99,126.64833,289.4822
,,4C,Seattle,2021,0.75,0.8,0.271,231.63,251.08692,37.12,117.55904,291.325
,,4C,Seattle,2021,0.75,0.95,0.271,218.69,237.05996,45.8,145.0486,286.70716
,,4C,Seattle,2021,0.75,0.9,0.271,222.71,241.41764,42.9,135.8643,287.92124
,,4C,Seattle,2021,0.85,0.01,0.271,396.77,430.09868,2.24,7.09408,432.52684
,,4C,Seattle,2021,0.85,0.15,0.271,352.26,381.84984,5.66,17.92522,387.98528
,,4C,Seattle,2021,0.85,0.1,0.271,366.54,397.32936,4.2,13.3014,401.88216
,,4C,Seattle,2021,0.85,0.25,0.271,327.01,354.47884,9.3,29.4531,364.56004
,,4C,Seattle,2021,0.85,0.2,0.271,339.03,367.50852,7.38,23.37246,375.50844
,,4C,Seattle,2021,0.85,0.3,0.271,316.11,342.66324,11.37,36.00879,354.98832
,,4C,Seattle,2021,0.85,0.35,0.271,306.35,332.0834,13.55,42.91285,346.7716
,,4C,Seattle,2021,0.85,0.45,0.271,289.61,313.93724,18.14,57.44938,333.601
,,4C,Seattle,2021,0.85,0.4,0.271,297.55,322.5442,15.82,50.10194,339.69308
,,4C,Seattle,2021,0.85,0.55,0.271,275.54,298.68536,22.97,72.74599,323.58484
,,4C,Seattle,2021,0.85,0.5,0.271,282.34,306.05656,20.55,65.08185,328.33276
,,4C,Seattle,2021,0.85,0.6,0.271,269.44,292.07296,25.42,80.50514,319.62824
,,4C,Seattle,2021,0.85,0.65,0.271,262.7,284.7668,28.48,90.19616,315.63912
,,4C,Seattle,2021,0.85,0.7,0.271,257.48,279.10832,31.03,98.27201,312.74484
,,4C,Seattle,2021,0.85,0.75,0.271,252.48,273.68832,33.68,106.66456,310.19744
,,4C,Seattle,2021,0.85,0.85,0.271,242.86,263.26024,39.28,124.39976,305.83976
,,4C,Seattle,2021,0.85,0.8,0.271,247.49,268.27916,36.44,115.40548,307.78012
,,4C,Seattle,2021,0.85,0.95,0.271,234.29,253.97036,44.98,142.45166,302.72868
,,4C,Seattle,2021,0.85,0.9,0.271,238.41,258.43644,42.12,133.39404,304.09452
,,4C,Seattle,2021,0.8,0.01,0.271,386.58,419.05272,2.29,7.25243,421.53508
,,4C,Seattle,2021,0.8,0.15,0.271,342.94,371.74696,5.75,18.21025,377.97996
,,4C,Seattle,2021,0.8,0.1,0.271,357.01,386.99884,4.28,13.55476,391.63836
,,4C,Seattle,2021,0.8,0.25,0.271,318.06,344.77704,9.41,29.80147,354.97748
,,4C,Seattle,2021,0.8,0.2,0.271,329.93,357.64412,7.47,23.65749,365.7416
,,4C,Seattle,2021,0.8,0.3,0.271,307.28,333.09152,11.51,36.45217,345.56836
,,4C,Seattle,2021,0.8,0.35,0.271,297.66,322.66344,13.71,43.41957,337.52508
,,4C,Seattle,2021,0.8,0.45,0.271,281.07,304.67988,18.34,58.08278,324.56044
,,4C,Seattle,2021,0.8,0.4,0.271,288.99,313.26516,16,50.672,330.60916
,,4C,Seattle,2021,0.8,0.55,0.271,267.21,289.65564,23.25,73.63275,314.85864
,,4C,Seattle,2021,0.8,0.5,0.271,273.9,296.9076,20.78,65.81026,319.43312
,,4C,Seattle,2021,0.8,0.6,0.271,261.19,283.12996,25.73,81.48691,311.02128
,,4C,Seattle,2021,0.8,0.65,0.271,254.38,275.74792,28.85,91.36795,307.02132
,,4C,Seattle,2021,0.8,0.7,0.271,249.24,270.17616,31.43,99.53881,304.24628
,,4C,Seattle,2021,0.8,0.75,0.271,244.23,264.74532,34.15,108.15305,301.76392
,,4C,Seattle,2021,0.8,0.85,0.271,234.73,254.44732,39.83,126.14161,297.62304
,,4C,Seattle,2021,0.8,0.8,0.271,239.38,259.48792,36.96,117.05232,299.55256
,,4C,Seattle,2021,0.8,0.95,0.271,226.33,245.34172,45.64,144.54188,294.81548
,,4C,Seattle,2021,0.8,0.9,0.271,230.47,249.82948,42.72,135.29424,296.13796
,,4C,Seattle,2021,0.95,0.01,0.271,416.31,451.28004,2.14,6.77738,453.5998
,,4C,Seattle,2021,0.95,0.15,0.271,369.96,401.03664,5.55,17.57685,407.05284
,,4C,Seattle,2021,0.95,0.1,0.271,384.8,417.1232,4.1,12.9847,421.5676
,,4C,Seattle,2021,0.95,0.25,0.271,343.98,372.87432,9.14,28.94638,382.78208
,,4C,Seattle,2021,0.95,0.2,0.271,356.39,386.32676,7.24,22.92908,394.17492
,,4C,Seattle,2021,0.95,0.3,0.271,332.81,360.76604,11.18,35.40706,372.88516
,,4C,Seattle,2021,0.95,0.35,0.271,322.84,349.95856,13.33,42.21611,364.40828
,,4C,Seattle,2021,0.95,0.45,0.271,305.75,331.433,17.81,56.40427,350.73904
,,4C,Seattle,2021,0.95,0.4,0.271,313.88,340.24592,15.55,49.24685,357.10212
,,4C,Seattle,2021,0.95,0.55,0.271,291.59,316.08356,22.52,71.32084,340.49524
,,4C,Seattle,2021,0.95,0.5,0.271,298.39,323.45476,20.16,63.84672,345.3082
,,4C,Seattle,2021,0.95,0.6,0.271,285.43,309.40612,24.88,78.79496,336.37604
,,4C,Seattle,2021,0.95,0.65,0.271,278.47,301.86148,27.85,88.20095,332.05088
,,4C,Seattle,2021,0.95,0.7,0.271,273.26,296.21384,30.3,95.9601,329.05904
,,4C,Seattle,2021,0.95,0.75,0.271,268.22,290.75048,32.85,104.03595,326.35988
,,4C,Seattle,2021,0.95,0.85,0.271,258.5,280.214,38.27,121.20109,321.69868
,,4C,Seattle,2021,0.95,0.8,0.271,263.21,285.31964,35.53,112.52351,323.83416
,,4C,Seattle,2021,0.95,0.95,0.271,249.75,270.729,43.78,138.65126,318.18652
,,4C,Seattle,2021,0.95,0.9,0.271,254.02,275.35768,41.01,129.87867,319.81252
,,4C,Seattle,2021,0.9,0.01,0.271,406.64,440.79776,2.19,6.93573,443.17172
,,4C,Seattle,2021,0.9,0.15,0.271,361.29,391.63836,5.6,17.7352,397.70876
,,4C,Seattle,2021,0.9,0.1,0.271,375.83,407.39972,4.15,13.14305,411.89832
,,4C,Seattle,2021,0.9,0.25,0.271,335.67,363.86628,9.21,29.16807,373.84992
,,4C,Seattle,2021,0.9,0.2,0.271,347.82,377.03688,7.3,23.1191,384.95008
,,4C,Seattle,2021,0.9,0.3,0.271,324.6,351.8664,11.27,35.69209,364.08308
,,4C,Seattle,2021,0.9,0.35,0.271,314.73,341.16732,13.43,42.53281,355.72544
,,4C,Seattle,2021,0.9,0.45,0.271,297.86,322.88024,17.96,56.87932,342.34888
,,4C,Seattle,2021,0.9,0.4,0.271,305.82,331.50888,15.67,49.62689,348.49516
,,4C,Seattle,2021,0.9,0.55,0.271,283.75,307.585,22.72,71.95424,332.21348
,,4C,Seattle,2021,0.9,0.5,0.271,290.48,314.88032,20.33,64.38511,336.91804
,,4C,Seattle,2021,0.9,0.6,0.271,277.59,300.90756,25.13,79.58671,328.14848
,,4C,Seattle,2021,0.9,0.65,0.271,270.63,293.36292,28.15,89.15105,323.87752
,,4C,Seattle,2021,0.9,0.7,0.271,265.47,287.76948,30.65,97.06855,320.99408
,,4C,Seattle,2021,0.9,0.75,0.271,260.38,282.25192,33.24,105.27108,318.28408
,,4C,Seattle,2021,0.9,0.85,0.271,250.68,271.73712,38.75,122.72125,313.74212
,,4C,Seattle,2021,0.9,0.8,0.271,255.38,276.83192,35.97,113.91699,315.8234
,,4C,Seattle,2021,0.9,0.95,0.271,242.08,262.41472,44.36,140.48812,310.50096
,,4C,Seattle,2021,0.9,0.9,0.271,246.3,266.9892,41.55,131.58885,312.0294