,Climate Zone,City,U,SHGC,HeatingSource,CoolingSource,FanSource,TotalSource
0,1A,Miami,0.01,0.01,1.38752,16382.637639999999,7333.093489999999,23717.118649999997
1,1A,Miami,0.01,0.15000000000000002,0.62872,17278.55027,7657.394289999999,24936.57328
2,1A,Miami,0.01,0.1,1.26828,17007.518409999997,7576.79414,24585.58083
3,1A,Miami,0.01,0.25,0.10840000000000001,17818.270409999997,7882.0296,25700.408409999996
4,1A,Miami,0.01,0.2,0.19512000000000002,17538.434289999997,7766.1490699999995,25304.778479999997
5,1A,Miami,0.01,0.30000000000000004,0.06504,18131.423369999997,8005.225899999999,26136.714309999996
6,1A,Miami,0.01,0.35000000000000003,0.054200000000000005,18433.46016,8135.737969999999,26569.252329999996
7,1A,Miami,0.01,0.45,0.054200000000000005,19072.78245,8439.67496,27512.511609999998
8,1A,Miami,0.01,0.4,0.04336,18752.91545,8283.700209999999,27036.65902
9,1A,Miami,0.01,0.55,0.054200000000000005,19680.751439999996,8734.300969999998,28415.106609999995
10,1A,Miami,0.01,0.5,0.054200000000000005,19371.050509999997,8590.04412,27961.14883
11,1A,Miami,0.01,0.6000000000000001,0.02168,19978.22775,8883.84671,28862.09614
12,1A,Miami,0.01,0.65,0.02168,20278.142649999998,9034.56424,29312.72857
13,1A,Miami,0.01,0.7000000000000001,0.02168,20565.389549999996,9181.798069999999,29747.209299999995
14,1A,Miami,0.01,0.75,0.01084,20863.530929999997,9329.41194,30192.953709999994
15,1A,Miami,0.01,0.8500000000000001,0.0,21460.70045,9586.509,31047.209450000002
16,1A,Miami,0.01,0.8,0.0,21164.490939999996,9464.61117,30629.102109999996
17,1A,Miami,0.01,0.9500000000000001,0.0,22083.77603,9833.408319999999,31917.18435
18,1A,Miami,0.01,0.9,0.0,21769.419609999997,9710.212019999999,31479.631629999996
19,1A,Miami,0.05,0.01,1.27912,16339.439759999997,7320.108789999999,23660.827669999995
20,1A,Miami,0.05,0.15000000000000002,0.62872,17230.85525,7659.61119,24891.09516
21,1A,Miami,0.05,0.1,1.3008,16960.33011,7567.134789999999,24528.7657
22,1A,Miami,0.05,0.25,0.10840000000000001,17781.62822,7882.631329999999,25664.36795
23,1A,Miami,0.05,0.2,0.20596,17513.54167,7765.64235,25279.38998
24,1A,Miami,0.05,0.30000000000000004,0.07588000000000002,18081.891489999998,8005.637609999999,26087.604979999996
25,1A,Miami,0.05,0.35000000000000003,0.06504,18383.35822,8135.072899999999,26518.49616
26,1A,Miami,0.05,0.45,0.054200000000000005,19025.72083,8438.09146,27463.866489999997
27,1A,Miami,0.05,0.4,0.06504,18701.23001,8280.91325,26982.2083
28,1A,Miami,0.05,0.55,0.054200000000000005,19626.12069,8730.08886,28356.26375
29,1A,Miami,0.05,0.5,0.054200000000000005,19321.13859,8586.845449999999,27908.038239999994
30,1A,Miami,0.05,0.6000000000000001,0.03252,19936.106649999998,8880.07798,28816.217149999997
31,1A,Miami,0.05,0.65,0.02168,20216.92454,9026.48839,29243.434610000004
32,1A,Miami,0.05,0.7000000000000001,0.01084,20513.22906,9175.559079999999,29688.79898
33,1A,Miami,0.05,0.75,0.01084,20807.95008,9319.87927,30127.840189999995
34,1A,Miami,0.05,0.8500000000000001,0.0,21414.208889999998,9566.493559999999,30980.702449999997
35,1A,Miami,0.05,0.8,0.0,21107.57995,9444.72241,30552.30236
36,1A,Miami,0.05,0.9500000000000001,0.0,22018.37748,9810.76427,31829.14175
37,1A,Miami,0.05,0.9,0.0,21709.84834,9687.31461,31397.162949999998
38,1A,Miami,0.15000000000000002,0.01,1.6260000000000001,16242.307869999999,7293.82269,23537.756559999998
39,1A,Miami,0.15000000000000002,0.15000000000000002,0.69376,17144.8712,7660.276260000001,24805.841220000002
40,1A,Miami,0.15000000000000002,0.1,1.34416,16864.81339,7542.68555,24408.8431
41,1A,Miami,0.15000000000000002,0.25,0.22764,17667.96459,7880.41443,25548.60666
42,1A,Miami,0.15000000000000002,0.2,0.31436,17420.051829999997,7768.0492699999995,25188.415459999997
43,1A,Miami,0.15000000000000002,0.30000000000000004,0.17344,17979.6924,8006.080989999999,25985.946829999997
44,1A,Miami,0.15000000000000002,0.35000000000000003,0.1626,18279.63897,8135.737969999999,26415.539539999998
45,1A,Miami,0.15000000000000002,0.45,0.1626,18907.52839,8435.81122,27343.50221
46,1A,Miami,0.15000000000000002,0.4,0.15176000000000003,18601.15281,8280.56488,26881.86945
47,1A,Miami,0.15000000000000002,0.55,0.15176000000000003,19510.84189,8722.8681,28233.86175
48,1A,Miami,0.15000000000000002,0.5,0.1626,19194.743619999997,8579.30799,27774.21421
49,1A,Miami,0.15000000000000002,0.6000000000000001,0.13008,19801.19245,8869.05682,28670.379349999996
50,1A,Miami,0.15000000000000002,0.65,0.10840000000000001,20099.58719,9017.84248,29117.53807
51,1A,Miami,0.15000000000000002,0.7000000000000001,0.08672,20381.73522,9162.827739999999,29544.649679999995
52,1A,Miami,0.15000000000000002,0.75,0.07588000000000002,20683.011929999997,9285.04227,29968.130079999995
53,1A,Miami,0.15000000000000002,0.8500000000000001,0.04336,21272.99236,9518.03846,30791.07418
54,1A,Miami,0.15000000000000002,0.8,0.04336,20970.923899999998,9400.986139999999,30371.9534
55,1A,Miami,0.15000000000000002,0.9500000000000001,0.04336,21882.101469999998,9759.33219,31641.47702
56,1A,Miami,0.15000000000000002,0.9,0.04336,21577.65776,9640.75971,31218.460829999996
57,1A,Miami,0.1,0.01,1.4092000000000002,16290.44627,7307.72582,23599.581290000002
58,1A,Miami,0.1,0.15000000000000002,0.62872,17188.5758,7658.81944,24848.02396
59,1A,Miami,0.1,0.1,1.28996,16907.789579999997,7554.2451,24463.324639999995
60,1A,Miami,0.1,0.25,0.14092000000000002,17711.700859999997,7878.89427,25590.73605
61,1A,Miami,0.1,0.2,0.24932000000000004,17458.62589,7767.257519999999,25226.132729999998
62,1A,Miami,0.1,0.30000000000000004,0.10840000000000001,18028.21084,8006.39769,26034.716930000002
63,1A,Miami,0.1,0.35000000000000003,0.08672,18331.41942,8134.6295199999995,26466.135659999996
64,1A,Miami,0.1,0.45,0.11924000000000001,18964.12268,8436.31794,27400.55986
65,1A,Miami,0.1,0.4,0.10840000000000001,18652.10984,8281.99003,26934.208270000003
66,1A,Miami,0.1,0.55,0.07588000000000002,19570.413159999996,8727.111879999999,28297.600919999997
67,1A,Miami,0.1,0.5,0.10840000000000001,19253.7765,8582.18996,27836.07486
68,1A,Miami,0.1,0.6000000000000001,0.06504,19865.03917,8874.37738,28739.481590000003
69,1A,Miami,0.1,0.65,0.04336,20152.79279,9019.42598,29172.26213
70,1A,Miami,0.1,0.7000000000000001,0.02168,20440.831439999998,9167.926609999999,29608.77973
71,1A,Miami,0.1,0.75,0.02168,20747.27036,9305.72278,30053.01482
72,1A,Miami,0.1,0.8500000000000001,0.0,21345.548329999998,9542.361019999998,30887.909349999994
73,1A,Miami,0.1,0.8,0.0,21033.123779999998,9419.291399999998,30452.415179999996
74,1A,Miami,0.1,0.9500000000000001,0.01084,21950.952049999996,9784.509839999999,31735.472729999994
75,1A,Miami,0.1,0.9,0.01084,21647.015059999998,9664.19551,31311.22141
76,1A,Miami,0.25,0.01,2.3197600000000005,16168.421759999997,7274.69401,23445.43553
77,1A,Miami,0.25,0.15000000000000002,1.01896,17008.436840000002,7659.45284,24668.90864
78,1A,Miami,0.25,0.1,1.7560800000000003,16781.80632,7539.64523,24323.207629999997
79,1A,Miami,0.25,0.25,0.5853600000000001,17588.2512,7885.101589999999,25473.938149999998
80,1A,Miami,0.25,0.2,0.7154400000000001,17291.37662,7766.49744,25058.5895
81,1A,Miami,0.25,0.30000000000000004,0.542,17886.20256,8008.329559999999,25895.07412
82,1A,Miami,0.25,0.35000000000000003,0.5311600000000001,18175.98306,8138.04988,26314.564099999996
83,1A,Miami,0.25,0.45,0.4986400000000001,18813.690179999998,8437.394719999998,27251.58354
84,1A,Miami,0.25,0.4,0.52032,18500.72724,8282.52842,26783.77598
85,1A,Miami,0.25,0.55,0.48780000000000007,19412.53821,8720.20782,28133.233829999997
86,1A,Miami,0.25,0.5,0.48780000000000007,19098.023439999997,8576.39435,27674.905589999995
87,1A,Miami,0.25,0.6000000000000001,0.47696000000000005,19692.279319999998,8865.63646,28558.392739999996
88,1A,Miami,0.25,0.65,0.45528,19998.274859999998,9009.069889999999,29007.800029999995
89,1A,Miami,0.25,0.7000000000000001,0.45528,20273.42382,9134.07138,29407.95048
90,1A,Miami,0.25,0.75,0.43360000000000004,20566.84637,9247.0066,29814.28657
91,1A,Miami,0.25,0.8500000000000001,0.39024000000000003,21157.808569999997,9477.81756,30636.016369999998
92,1A,Miami,0.25,0.8,0.41192,20856.50019,9362.285399999999,30219.197509999998
93,1A,Miami,0.25,0.9500000000000001,0.34688,21759.475229999996,9714.04409,31473.866199999997
94,1A,Miami,0.25,0.9,0.34688,21455.22154,9596.54839,31052.11681
95,1A,Miami,0.2,0.01,1.8970000000000002,16204.715579999998,7284.0049899999985,23490.61757
96,1A,Miami,0.2,0.15000000000000002,0.8021600000000001,17113.10619,7660.37127,24774.279619999998
97,1A,Miami,0.2,0.1,1.52844,16820.950439999997,7543.4773,24365.956179999994
98,1A,Miami,0.2,0.25,0.35772000000000004,17623.30989,7881.269519999999,25504.93713
99,1A,Miami,0.2,0.2,0.48780000000000007,17335.93631,7765.4839999999995,25101.90811
100,1A,Miami,0.2,0.30000000000000004,0.3252,17932.12406,8006.809399999999,25939.258659999996
101,1A,Miami,0.2,0.35000000000000003,0.3252,18228.808619999996,8137.41648,26366.550299999995
102,1A,Miami,0.2,0.45,0.29268000000000005,18859.421659999996,8436.507959999999,27296.222299999994
103,1A,Miami,0.2,0.4,0.30352000000000007,18543.54508,8280.91325,26824.761850000003
104,1A,Miami,0.2,0.55,0.271,19454.21593,8720.93623,28175.42316
105,1A,Miami,0.2,0.5,0.28184000000000003,19143.78659,8580.73314,27724.80157
106,1A,Miami,0.2,0.6000000000000001,0.24932000000000004,19748.01852,8866.649899999999,28614.917739999997
107,1A,Miami,0.2,0.65,0.23848000000000003,20045.96988,9010.52671,29056.735070000002
108,1A,Miami,0.2,0.7000000000000001,0.21680000000000002,20316.71671,9149.93805,29466.87156
109,1A,Miami,0.2,0.75,0.18428000000000003,20624.1374,9266.73701,29891.05869
110,1A,Miami,0.2,0.8500000000000001,0.14092000000000002,21218.931669999998,9497.73799,30716.810579999998
111,1A,Miami,0.2,0.8,0.14092000000000002,20918.41504,9380.74901,30299.30497
112,1A,Miami,0.2,0.9500000000000001,0.15176000000000003,21822.78356,9737.638239999998,31560.573559999997
113,1A,Miami,0.2,0.9,0.15176000000000003,21517.92814,9619.47747,31137.557370000002
114,1A,Miami,0.30000000000000004,0.01,3.0352,16138.27192,7265.858079999999,23407.1652
115,1A,Miami,0.30000000000000004,0.15000000000000002,1.3766800000000001,16993.67862,7662.90487,24657.96017
116,1A,Miami,0.30000000000000004,0.1,2.1463200000000002,16759.41563,7540.91203,24302.47398
117,1A,Miami,0.30000000000000004,0.25,0.91056,17574.98147,7899.7648,25475.65683
118,1A,Miami,0.30000000000000004,0.2,1.084,17284.97928,7776.69518,25062.758459999997
119,1A,Miami,0.30000000000000004,0.30000000000000004,0.84552,17891.61813,8027.64826,25920.11191
120,1A,Miami,0.30000000000000004,0.35000000000000003,0.8346800000000001,18190.17122,8161.10564,26352.111539999998
121,1A,Miami,0.30000000000000004,0.45,0.7804800000000001,18782.40022,8436.60297,27219.78367
122,1A,Miami,0.30000000000000004,0.4,0.8130000000000001,18488.78765,8297.25497,26786.855619999995
123,1A,Miami,0.30000000000000004,0.55,0.7371200000000001,19367.97852,8720.55619,28089.27183
124,1A,Miami,0.30000000000000004,0.5,0.76964,19063.50314,8575.53926,27639.812039999997
125,1A,Miami,0.30000000000000004,0.6000000000000001,0.7154400000000001,19661.527749999997,8867.21996,28529.463149999996
126,1A,Miami,0.30000000000000004,0.65,0.69376,19940.6988,9002.957579999998,28944.350139999995
127,1A,Miami,0.30000000000000004,0.7000000000000001,0.66124,20229.71922,9119.28149,29349.66195
128,1A,Miami,0.30000000000000004,0.75,0.62872,20518.993,9230.98158,29750.6033
129,1A,Miami,0.30000000000000004,0.8500000000000001,0.6070400000000001,21116.03584,9461.53918,30578.18206
130,1A,Miami,0.30000000000000004,0.8,0.5962000000000001,20805.89153,9343.75845,30150.246180000002
131,1A,Miami,0.30000000000000004,0.9500000000000001,0.62872,21699.46058,9695.960519999999,31396.04982
132,1A,Miami,0.30000000000000004,0.9,0.61788,21403.536099999998,9578.52816,30982.682139999997
133,1A,Miami,0.35000000000000003,0.01,3.9024000000000005,16106.60192,7259.96746,23370.47178
134,1A,Miami,0.35000000000000003,0.15000000000000002,1.9295200000000001,16970.27449,7665.913519999999,24638.11753
135,1A,Miami,0.35000000000000003,0.1,2.7316800000000003,16649.8691,7540.1519499999995,24192.75273
136,1A,Miami,0.35000000000000003,0.25,1.4308800000000002,17548.50535,7903.53353,25453.46976
137,1A,Miami,0.35000000000000003,0.2,1.6260000000000001,17255.96956,7777.45526,25035.05082
138,1A,Miami,0.35000000000000003,0.30000000000000004,1.33332,17858.30129,8031.25864,25890.89325
139,1A,Miami,0.35000000000000003,0.35000000000000003,1.25744,18158.089509999998,8164.68435,26324.0313
140,1A,Miami,0.35000000000000003,0.45,1.1815600000000002,18744.491229999996,8441.70184,27187.37463
141,1A,Miami,0.35000000000000003,0.4,1.22492,18450.05524,8300.10527,26751.385430000002
142,1A,Miami,0.35000000000000003,0.55,1.10568,19331.653029999998,8723.84987,28056.60858
143,1A,Miami,0.35000000000000003,0.5,1.14904,19031.35809,8577.88284,27610.389970000004
144,1A,Miami,0.35000000000000003,0.6000000000000001,1.084,19614.117759999997,8864.17964,28479.3814
145,1A,Miami,0.35000000000000003,0.65,1.0731600000000001,19900.41456,8992.348129999998,28893.83585
146,1A,Miami,0.35000000000000003,0.7000000000000001,1.04064,20185.66625,9105.06166,29291.768549999997
147,1A,Miami,0.35000000000000003,0.75,1.01896,20477.505299999997,9217.14179,29695.66605
148,1A,Miami,0.35000000000000003,0.8500000000000001,1.0081200000000001,21059.853259999996,9444.43738,30505.298759999994
149,1A,Miami,0.35000000000000003,0.8,0.9972800000000002,20760.476749999998,9329.22192,30090.695949999998
150,1A,Miami,0.35000000000000003,0.9500000000000001,1.0623200000000002,21652.30395,9679.58713,31332.953400000002
151,1A,Miami,0.35000000000000003,0.9,1.01896,21355.429369999998,9561.141329999999,30917.589659999998
152,1A,Miami,0.45,0.01,6.15712,16031.79738,7251.416559999999,23289.371059999998
153,1A,Miami,0.45,0.15000000000000002,3.5121600000000006,16931.54208,7672.2158500000005,24607.270089999998
154,1A,Miami,0.45,0.1,4.40104,16618.64248,7537.840039999999,24160.88356
155,1A,Miami,0.45,0.25,2.9051200000000006,17515.695229999998,7911.45103,25430.051379999997
156,1A,Miami,0.45,0.2,3.1219200000000003,17226.358109999997,7787.684670000001,25017.1647
157,1A,Miami,0.45,0.30000000000000004,2.7316800000000003,17814.15331,8041.9631,25858.848090000003
158,1A,Miami,0.45,0.35000000000000003,2.66664,18102.47699,8175.76885,26280.91248
159,1A,Miami,0.45,0.45,2.4281600000000005,18671.27019,8445.375559999999,27119.07391
160,1A,Miami,0.45,0.4,2.53656,18385.7018,8310.23967,26698.47803
161,1A,Miami,0.45,0.55,2.3197600000000005,19253.713159999996,8725.33836,27981.371279999992
162,1A,Miami,0.45,0.5,2.3848000000000003,18964.78775,8580.44811,27547.62066
163,1A,Miami,0.45,0.6000000000000001,2.29808,19540.96006,8859.93586,28403.194000000003
164,1A,Miami,0.45,0.65,2.2764,19830.74056,8969.8941,28802.91106
165,1A,Miami,0.45,0.7000000000000001,2.2330400000000004,20109.08819,9078.49053,29189.811759999997
166,1A,Miami,0.45,0.75,2.2222,20406.247799999997,9192.66088,29601.130879999997
167,1A,Miami,0.45,0.8500000000000001,2.2330400000000004,20968.23195,9418.30963,30388.77462
168,1A,Miami,0.45,0.8,2.21136,20679.11652,9305.46942,29986.7973
169,1A,Miami,0.45,0.9500000000000001,2.26556,21545.29102,9640.56969,31188.12627
170,1A,Miami,0.45,0.9,2.2547200000000003,21271.567209999997,9533.71511,30807.537039999996
171,1A,Miami,0.4,0.01,4.94304,16080.85421,7254.393539999999,23340.19079
172,1A,Miami,0.4,0.15000000000000002,2.6124400000000003,16945.54022,7666.9902999999995,24615.142959999997
173,1A,Miami,0.4,0.1,3.4796400000000003,16626.940020000002,7539.835249999999,24170.254910000003
174,1A,Miami,0.4,0.25,2.07044,17533.71546,7908.03067,25443.81657
175,1A,Miami,0.4,0.2,2.2764,17243.776609999997,7783.8526,25029.905609999994
176,1A,Miami,0.4,0.30000000000000004,1.9620400000000002,17833.472009999998,8035.122379999999,25870.556429999997
177,1A,Miami,0.4,0.35000000000000003,1.88616,18138.51745,8171.493399999999,26311.897009999997
178,1A,Miami,0.4,0.45,1.7452400000000001,18702.528479999997,8442.39858,27146.6723
179,1A,Miami,0.4,0.4,1.79944,18414.61651,8304.41239,26720.82834
180,1A,Miami,0.4,0.55,1.64768,19281.89946,8721.37961,28004.92675
181,1A,Miami,0.4,0.5,1.7127200000000002,18992.34065,8578.452899999998,27572.506269999998
182,1A,Miami,0.4,0.6000000000000001,1.6260000000000001,19574.18189,8863.831269999999,28439.63916
183,1A,Miami,0.4,0.65,1.58264,19871.53152,8982.37208,28855.48624
184,1A,Miami,0.4,0.7000000000000001,1.5718,20146.047079999997,9091.69692,29239.315799999997
185,1A,Miami,0.4,0.75,1.52844,20445.01188,9206.72236,29653.262679999996
186,1A,Miami,0.4,0.8500000000000001,1.53928,21017.510469999997,9432.71948,30451.769229999998
187,1A,Miami,0.4,0.8,1.52844,20718.989049999996,9318.105749999999,30038.623239999994
188,1A,Miami,0.4,0.9500000000000001,1.58264,21593.872799999997,9657.22811,31252.683549999998
189,1A,Miami,0.4,0.9,1.5609600000000001,21308.779459999998,9545.6547,30855.995119999996
190,1A,Miami,0.55,0.01,9.24652,15996.865369999998,7243.84743,23249.959319999998
191,1A,Miami,0.55,0.15000000000000002,5.65848,16900.88552,7680.228359999999,24586.772359999995
192,1A,Miami,0.55,0.1,6.775,16596.6635,7544.01569,24147.45419
193,1A,Miami,0.55,0.25,4.89968,17481.33328,7923.2322699999995,25409.465229999998
194,1A,Miami,0.55,0.2,5.17068,17197.85511,7797.597379999999,25000.62317
195,1A,Miami,0.55,0.30000000000000004,4.70456,17768.168469999997,8054.852789999999,25827.725819999992
196,1A,Miami,0.55,0.35000000000000003,4.56364,18071.34538,8186.378299999999,26262.28732
197,1A,Miami,0.55,0.45,4.34684,18615.87936,8456.11169,27076.337889999995
198,1A,Miami,0.55,0.4,4.455240000000001,18335.441509999997,8321.95757,26661.85432
199,1A,Miami,0.55,0.55,4.13004,19192.87509,8727.80862,27924.81375
200,1A,Miami,0.55,0.5,4.249280000000001,18916.712689999997,8589.03068,27509.992649999997
201,1A,Miami,0.55,0.6000000000000001,4.14088,19482.65559,8839.12867,28325.92514
202,1A,Miami,0.55,0.65,4.05416,19771.169289999998,8950.60707,28725.830519999996
203,1A,Miami,0.55,0.7000000000000001,4.0216400000000005,20052.082189999997,9058.69678,29114.80061
204,1A,Miami,0.55,0.75,4.065,20330.841529999998,9171.473649999998,29506.380179999993
205,1A,Miami,0.55,0.8500000000000001,3.9891200000000007,20902.8334,9393.41701,30300.23953
206,1A,Miami,0.55,0.8,4.010800000000001,20609.22083,9281.653579999998,29894.885209999997
207,1A,Miami,0.55,0.9500000000000001,4.0433200000000005,21455.474899999997,9611.813329999999,31071.331549999995
208,1A,Miami,0.55,0.9,3.99996,21190.04863,9507.08064,30701.129230000002
209,1A,Miami,0.5,0.01,7.60968,16013.96717,7247.267789999999,23268.84464
210,1A,Miami,0.5,0.15000000000000002,4.5202800000000005,16918.68406,7674.812789999999,24598.01713
211,1A,Miami,0.5,0.1,5.5067200000000005,16610.218259999998,7541.7671199999995,24157.4921
212,1A,Miami,0.5,0.25,3.82652,17499.5752,7917.404989999999,25420.806709999997
213,1A,Miami,0.5,0.2,4.065,17221.25924,7793.163579999999,25018.487819999995
214,1A,Miami,0.5,0.30000000000000004,3.6856,17780.424759999998,8045.700159999999,25829.81052
215,1A,Miami,0.5,0.35000000000000003,3.523,18083.60167,8180.70937,26267.83404
216,1A,Miami,0.5,0.45,3.34956,18641.34204,8449.84103,27094.532629999998
217,1A,Miami,0.5,0.4,3.4254400000000005,18358.908979999997,8316.73202,26679.066439999995
218,1A,Miami,0.5,0.55,3.1761200000000005,19217.894389999998,8725.591719999999,27946.662229999994
219,1A,Miami,0.5,0.5,3.26284,18935.334649999997,8582.69668,27521.294169999994
220,1A,Miami,0.5,0.6000000000000001,3.13276,19511.791989999998,8850.33985,28365.2646
221,1A,Miami,0.5,0.65,3.05688,19796.75865,8958.99962,28758.815150000002
222,1A,Miami,0.5,0.7000000000000001,3.05688,20084.38559,9070.57303,29158.0155
223,1A,Miami,0.5,0.75,3.0352,20366.438609999997,9179.454489999998,29548.928299999992
224,1A,Miami,0.5,0.8500000000000001,3.01352,20938.14545,9406.68674,30347.84571
225,1A,Miami,0.5,0.8,3.0026800000000002,20633.860090000002,9289.79277,29926.655540000003
226,1A,Miami,0.5,0.9500000000000001,3.0894000000000004,21505.67185,9628.503420000001,31137.26467
227,1A,Miami,0.5,0.9,3.05688,21222.13034,9515.853229999999,30741.04045
228,1A,Miami,0.6000000000000001,0.01,11.15436,15980.01693,7241.94723,23233.11852
229,1A,Miami,0.6000000000000001,0.15000000000000002,7.01348,16897.465159999996,7685.32723,24589.805869999997
230,1A,Miami,0.6000000000000001,0.1,8.19504,16580.670149999998,7547.05601,24135.921199999997
231,1A,Miami,0.6000000000000001,0.25,6.09208,17476.234409999997,7931.529809999999,25413.856299999996
232,1A,Miami,0.6000000000000001,0.2,6.438960000000001,17193.51632,7803.202969999999,25003.158249999997
233,1A,Miami,0.6000000000000001,0.30000000000000004,5.92948,17755.50047,8061.535159999999,25822.965109999997
234,1A,Miami,0.6000000000000001,0.35000000000000003,5.7452000000000005,18048.25795,8193.219019999999,26247.22217
235,1A,Miami,0.6000000000000001,0.45,5.4958800000000005,18591.36678,8461.62227,27058.48493
236,1A,Miami,0.6000000000000001,0.4,5.625960000000001,18321.19001,8328.48159,26655.29756
237,1A,Miami,0.6000000000000001,0.55,5.246560000000001,19161.96517,8724.57828,27891.790009999997
238,1A,Miami,0.6000000000000001,0.5,5.398320000000001,18893.18188,8594.12955,27492.70975
239,1A,Miami,0.6000000000000001,0.6000000000000001,5.17068,19455.38772,8833.17471,28293.733109999997
240,1A,Miami,0.6000000000000001,0.65,5.181520000000001,19739.15092,8941.23275,28685.565189999998
241,1A,Miami,0.6000000000000001,0.7000000000000001,5.17068,20025.2577,9049.829179999999,29080.25756
242,1A,Miami,0.6000000000000001,0.75,5.127320000000001,20296.38457,9160.325809999998,29461.837699999996
243,1A,Miami,0.6000000000000001,0.8500000000000001,5.181520000000001,20872.05016,9384.454399999999,30261.686079999996
244,1A,Miami,0.6000000000000001,0.8,5.2032,20582.04797,9272.88099,29860.13216
245,1A,Miami,0.6000000000000001,0.9500000000000001,5.181520000000001,21417.217539999998,9600.28545,31022.684509999995
246,1A,Miami,0.6000000000000001,0.9,5.17068,21151.50624,9495.299399999998,30651.976319999994
247,1A,Miami,0.65,0.01,13.344040000000001,15970.45259,7240.90212,23224.69875
248,1A,Miami,0.65,0.15000000000000002,8.552760000000001,16903.19743,7694.923239999999,24606.67343
249,1A,Miami,0.65,0.1,9.756,16580.35345,7555.10019,24145.20964
250,1A,Miami,0.65,0.25,7.522960000000001,17503.09057,7954.8706,25465.484129999997
251,1A,Miami,0.65,0.2,7.902360000000001,17206.532689999996,7821.15986,25035.594909999996
252,1A,Miami,0.65,0.30000000000000004,7.2628,17796.41811,8086.459449999999,25890.140359999998
253,1A,Miami,0.65,0.35000000000000003,7.078520000000001,18082.49322,8225.93413,26315.50587
254,1A,Miami,0.65,0.45,6.81836,18643.717289999997,8494.8441,27145.37975
255,1A,Miami,0.65,0.4,6.937600000000001,18364.92628,8362.68519,26734.54907
256,1A,Miami,0.65,0.55,6.54736,19205.47975,8743.16857,27955.195679999997
257,1A,Miami,0.65,0.5,6.7208000000000006,18938.05827,8627.79476,27572.57383
258,1A,Miami,0.65,0.6000000000000001,6.471480000000001,19492.94834,8848.34464,28347.76446
259,1A,Miami,0.65,0.65,6.38476,19785.389119999996,8962.10328,28753.877159999996
260,1A,Miami,0.65,0.7000000000000001,6.438960000000001,20056.67434,9068.45114,29131.564440000002
261,1A,Miami,0.65,0.75,6.37392,20331.189899999998,9178.88443,29516.44825
262,1A,Miami,0.65,0.8500000000000001,6.460640000000001,20900.711509999997,9401.492859999998,30308.665009999997
263,1A,Miami,0.65,0.8,6.42812,20610.89934,9290.3945,29907.721960000003
264,1A,Miami,0.65,0.9500000000000001,6.51484,21445.24549,9616.94387,31068.7042
265,1A,Miami,0.65,0.9,6.471480000000001,21186.84996,9512.30619,30705.62763
266,1A,Miami,0.7000000000000001,0.01,15.804720000000001,15963.231829999999,7242.6756399999995,23221.71219
267,1A,Miami,0.7000000000000001,0.15000000000000002,10.254640000000002,16924.384659999996,7708.1613,24642.800599999995
268,1A,Miami,0.7000000000000001,0.1,11.533760000000001,16589.31606,7564.47451,24165.32433
269,1A,Miami,0.7000000000000001,0.25,9.14896,17536.565759999998,7979.9215699999995,25525.636289999995
270,1A,Miami,0.7000000000000001,0.2,9.51752,17236.872549999996,7841.61868,25088.008749999997
271,1A,Miami,0.7000000000000001,0.30000000000000004,8.812920000000002,17841.041139999998,8120.5997099999995,25970.453769999996
272,1A,Miami,0.7000000000000001,0.35000000000000003,8.563600000000001,18126.03947,8264.06481,26398.66788
273,1A,Miami,0.7000000000000001,0.45,8.24924,18706.13886,8533.70319,27248.09129
274,1A,Miami,0.7000000000000001,0.4,8.390160000000002,18412.24126,8402.01933,26822.650749999997
275,1A,Miami,0.7000000000000001,0.55,7.945720000000001,19254.59992,8763.50071,28026.04635
276,1A,Miami,0.7000000000000001,0.5,8.15168,18979.98935,8665.355379999999,27653.49641
277,1A,Miami,0.7000000000000001,0.6000000000000001,7.837320000000001,19529.147149999997,8871.0837,28408.068169999995
278,1A,Miami,0.7000000000000001,0.65,7.7180800000000005,19836.66285,8986.45751,28830.83844
279,1A,Miami,0.7000000000000001,0.7000000000000001,7.804800000000001,20111.590119999997,9089.76505,29209.15997
280,1A,Miami,0.7000000000000001,0.75,7.78312,20375.30621,9200.325019999998,29583.41435
281,1A,Miami,0.7000000000000001,0.8500000000000001,7.86984,20928.96115,9419.291399999998,30356.122389999997
282,1A,Miami,0.7000000000000001,0.8,7.750600000000001,20651.563619999997,9308.73143,29968.045649999996
283,1A,Miami,0.7000000000000001,0.9500000000000001,7.891520000000001,21484.928,9640.189649999998,31133.009169999998
284,1A,Miami,0.7000000000000001,0.9,7.848160000000001,21215.19461,9530.67479,30753.717559999997
285,1A,Miami,0.75,0.01,18.47136,15954.775939999998,7244.5758399999995,23217.823139999997
286,1A,Miami,0.75,0.15000000000000002,12.20584,16932.112139999997,7721.7793999999985,24666.097379999996
287,1A,Miami,0.75,0.1,13.58252,16603.44088,7575.27398,24192.297379999996
288,1A,Miami,0.75,0.25,10.95924,17573.271289999997,8007.474469999999,25591.704999999994
289,1A,Miami,0.75,0.2,11.42536,17265.375549999997,7861.729129999999,25138.530039999998
290,1A,Miami,0.75,0.30000000000000004,10.55816,17891.143079999998,8157.43192,26059.133159999998
291,1A,Miami,0.75,0.35000000000000003,10.2438,18194.129969999998,8305.425829999998,26509.7996
292,1A,Miami,0.75,0.45,9.78852,18766.311859999998,8575.72928,27351.829659999996
293,1A,Miami,0.75,0.4,10.027000000000001,18481.18685,8445.15387,26936.367719999995
294,1A,Miami,0.75,0.55,9.51752,19317.97159,8794.34729,28121.8364
295,1A,Miami,0.75,0.5,9.69096,19047.44645,8691.64148,27748.77889
296,1A,Miami,0.75,0.6000000000000001,9.376600000000002,19591.061999999998,8898.351569999999,28498.790169999997
297,1A,Miami,0.75,0.65,9.20316,19898.514359999997,9012.93363,28920.651149999998
298,1A,Miami,0.75,0.7000000000000001,9.1056,20158.620069999997,9114.879359999999,29282.605029999995
299,1A,Miami,0.75,0.75,9.214,20423.919659999996,9221.44891,29654.582569999995
300,1A,Miami,0.75,0.8500000000000001,9.18148,20968.83368,9437.723339999999,30415.7385
301,1A,Miami,0.75,0.8,9.170640000000002,20691.53116,9330.99544,30031.69724
302,1A,Miami,0.75,0.9500000000000001,9.34408,21512.89261,9657.481469999999,31179.718159999997
303,1A,Miami,0.75,0.9,9.33324,21246.041189999996,9548.821699999999,30804.196129999997
304,1A,Miami,0.8500000000000001,0.01,24.1732,15921.110729999999,7241.345499999999,23186.629429999997
305,1A,Miami,0.8500000000000001,0.15000000000000002,16.39008,16915.422049999997,7732.198829999998,24664.010959999996
306,1A,Miami,0.8500000000000001,0.1,18.037760000000002,16592.76809,7582.368059999999,24193.173909999998
307,1A,Miami,0.8500000000000001,0.25,15.03508,17587.17442,8032.33542,25634.54492
308,1A,Miami,0.8500000000000001,0.2,15.54456,17263.28533,7879.65435,25158.484239999998
309,1A,Miami,0.8500000000000001,0.30000000000000004,14.590640000000002,17897.57209,8183.496329999999,26095.659059999998
310,1A,Miami,0.8500000000000001,0.35000000000000003,14.243760000000002,18194.16164,8334.94227,26543.34767
311,1A,Miami,0.8500000000000001,0.45,13.495800000000001,18786.739009999998,8591.56428,27391.79909
312,1A,Miami,0.8500000000000001,0.4,13.821000000000002,18485.779,8469.41309,26969.01309
313,1A,Miami,0.8500000000000001,0.55,13.008000000000001,19325.19235,8805.811829999999,28144.01218
314,1A,Miami,0.8500000000000001,0.5,13.2248,19060.68451,8699.4323,27773.34161
315,1A,Miami,0.8500000000000001,0.6000000000000001,12.78036,19605.12348,8909.81611,28527.71995
316,1A,Miami,0.8500000000000001,0.65,12.487680000000001,19925.877239999998,9028.67362,28967.038539999994
317,1A,Miami,0.8500000000000001,0.7000000000000001,12.31424,20172.11149,9126.818949999999,29311.244679999996
318,1A,Miami,0.8500000000000001,0.75,12.1408,20422.30449,9229.30307,29663.748359999998
319,1A,Miami,0.8500000000000001,0.8500000000000001,12.270880000000002,20960.85284,9443.23392,30416.357640000002
320,1A,Miami,0.8500000000000001,0.8,12.0866,20689.75764,9336.72771,30038.571949999998
321,1A,Miami,0.8500000000000001,0.9500000000000001,12.433480000000001,21493.89061,9658.209879999999,31164.533969999997
322,1A,Miami,0.8500000000000001,0.9,12.270880000000002,21231.91637,9553.44552,30797.632769999997
323,1A,Miami,0.8,0.01,21.192200000000003,15938.149189999998,7242.48562,23201.827009999997
324,1A,Miami,0.8,0.15000000000000002,14.28712,16922.48446,7725.04141,24661.81299
325,1A,Miami,0.8,0.1,15.804720000000001,16586.592439999997,7575.55901,24177.956169999998
326,1A,Miami,0.8,0.25,13.02968,17582.58227,8019.4457299999995,25615.057679999998
327,1A,Miami,0.8,0.2,13.474120000000001,17261.92352,7868.82321,25144.220849999998
328,1A,Miami,0.8,0.30000000000000004,12.59608,17902.892649999998,8171.93678,26087.425509999997
329,1A,Miami,0.8,0.35000000000000003,12.20584,18189.69617,8319.01226,26520.914269999997
330,1A,Miami,0.8,0.45,11.56628,18782.08352,8590.23414,27383.88394
331,1A,Miami,0.8,0.4,11.793920000000002,18486.50741,8458.70863,26957.009959999996
332,1A,Miami,0.8,0.55,11.251920000000002,19330.95629,8804.640039999998,28146.848249999995
333,1A,Miami,0.8,0.5,11.40368,19062.077989999998,8697.46876,27770.950429999997
334,1A,Miami,0.8,0.6000000000000001,11.024280000000001,19607.18203,8909.62609,28527.8324
335,1A,Miami,0.8,0.65,10.7858,19923.24863,9027.40682,28961.44125
336,1A,Miami,0.8,0.7000000000000001,10.61236,20177.30537,9130.365989999998,29318.283719999996
337,1A,Miami,0.8,0.75,10.55816,20437.22106,9232.09003,29679.86925
338,1A,Miami,0.8,0.8500000000000001,10.66656,20985.4921,9451.183089999999,30447.34175
339,1A,Miami,0.8,0.8,10.69908,20708.56962,9341.73157,30061.000269999997
340,1A,Miami,0.8,0.9500000000000001,10.807480000000002,21524.23047,9669.959449999998,31204.997399999997
341,1A,Miami,0.8,0.9,10.807480000000002,21255.89056,9560.44459,30827.14263
342,1A,Miami,0.9500000000000001,0.01,30.43872,15904.008929999998,7243.65741,23178.105059999998
343,1A,Miami,0.9500000000000001,0.15000000000000002,20.877840000000003,16930.05359,7753.386059999999,24704.31749
344,1A,Miami,0.9500000000000001,0.1,22.85072,16587.28918,7595.3210899999995,24205.46099
345,1A,Miami,0.9500000000000001,0.25,19.1868,17615.487399999998,8062.99198,25697.666179999997
346,1A,Miami,0.9500000000000001,0.2,19.86972,17279.34202,7905.24371,25204.455449999998
347,1A,Miami,0.9500000000000001,0.30000000000000004,18.6448,17913.66045,8218.46001,26150.76526
348,1A,Miami,0.9500000000000001,0.35000000000000003,18.2112,18215.633899999997,8363.128569999999,26596.97367
349,1A,Miami,0.9500000000000001,0.45,17.60416,18792.24959,8599.0384,27408.89215
350,1A,Miami,0.9500000000000001,0.4,17.92936,18513.58526,8492.437179999999,27023.951799999995
351,1A,Miami,0.9500000000000001,0.55,17.083840000000002,19337.258619999997,8811.03738,28165.379839999994
352,1A,Miami,0.9500000000000001,0.5,17.2898,19070.058829999998,8706.93809,27794.286719999996
353,1A,Miami,0.9500000000000001,0.6000000000000001,16.9104,19605.788549999997,8911.27293,28533.971879999997
354,1A,Miami,0.9500000000000001,0.65,16.43344,19917.263,9027.69185,28961.38829
355,1A,Miami,0.9500000000000001,0.7000000000000001,16.24916,20153.23617,9123.46193,29292.94726
356,1A,Miami,0.9500000000000001,0.75,15.99984,20400.67388,9223.63414,29640.30786
357,1A,Miami,0.9500000000000001,0.8500000000000001,15.63128,20924.0523,9429.55248,30369.236060000003
358,1A,Miami,0.9500000000000001,0.8,15.76136,20668.66542,9326.84667,30011.27345
359,1A,Miami,0.9500000000000001,0.9500000000000001,15.793880000000001,21444.137039999998,9639.809609999998,31099.740529999995
360,1A,Miami,0.9500000000000001,0.9,15.793880000000001,21179.6292,9535.33028,30730.753360000002
361,1A,Miami,0.9,0.01,27.27344,15914.523369999997,7242.07391,23183.87072
362,1A,Miami,0.9,0.15000000000000002,18.558080000000004,16923.43456,7742.20655,24684.19919
363,1A,Miami,0.9,0.1,20.39004,16585.578999999998,7589.01876,24194.987799999995
364,1A,Miami,0.9,0.25,17.040480000000002,17593.60343,8046.080199999999,25656.72411
365,1A,Miami,0.9,0.2,17.636680000000002,17271.2345,7891.942309999999,25180.813489999997
366,1A,Miami,0.9,0.30000000000000004,16.56352,17903.46271,8200.91483,26120.941059999997
367,1A,Miami,0.9,0.35000000000000003,16.2058,18210.66171,8349.00375,26575.87126
368,1A,Miami,0.9,0.45,15.598760000000002,18798.868619999997,8595.07965,27409.547029999998
369,1A,Miami,0.9,0.4,15.956480000000003,18501.70901,8485.81815,27003.48364
370,1A,Miami,0.9,0.55,15.056760000000002,19336.15017,8809.0105,28160.21743
371,1A,Miami,0.9,0.5,15.230200000000002,19063.28145,8703.834429999999,27782.34608
372,1A,Miami,0.9,0.6000000000000001,14.785760000000002,19602.93825,8909.531079999999,28527.25509
373,1A,Miami,0.9,0.65,14.319640000000001,19923.72368,9027.75519,28965.79851
374,1A,Miami,0.9,0.7000000000000001,14.146200000000002,20157.35327,9124.25368,29295.753149999997
375,1A,Miami,0.9,0.75,13.99444,20409.0981,9224.93261,29648.025149999998
376,1A,Miami,0.9,0.8500000000000001,13.983600000000001,20944.891159999996,9437.85002,30396.724779999997
377,1A,Miami,0.9,0.8,13.86436,20673.76429,9330.20369,30017.83234
378,1A,Miami,0.9,0.9500000000000001,13.929400000000001,21470.58149,9649.627309999998,31134.1382
379,1A,Miami,0.9,0.9,13.961920000000001,21199.866329999997,9541.094219999999,30754.922469999998
380,2A,Tampa,0.01,0.01,11.989040000000001,12139.96609,5964.03106,18115.98619
381,2A,Tampa,0.01,0.15000000000000002,9.66928,13337.377119999997,6290.580429999999,19637.626829999997
382,2A,Tampa,0.01,0.1,10.926720000000001,12633.51137,6166.529039999999,18810.967129999997
383,2A,Tampa,0.01,0.25,4.42272,13849.70271,6544.54216,20398.66759
384,2A,Tampa,0.01,0.2,6.363080000000001,13614.109579999998,6413.11166,20033.584319999998
385,2A,Tampa,0.01,0.30000000000000004,5.07312,14082.413869999998,6684.49189,20771.97888
386,2A,Tampa,0.01,0.35000000000000003,4.466080000000001,14323.86595,6828.748739999999,21157.08077
387,2A,Tampa,0.01,0.45,2.5907600000000004,14816.84117,7148.83743,21968.26936
388,2A,Tampa,0.01,0.4,3.3712400000000002,14569.910179999999,6986.81371,21560.09513
389,2A,Tampa,0.01,0.55,3.3062,15290.877729999998,7445.04694,22739.23087
390,2A,Tampa,0.01,0.5,2.8400800000000004,15044.896840000001,7302.5952800000005,22350.3322
391,2A,Tampa,0.01,0.6000000000000001,2.4823600000000003,15502.90838,7584.014899999999,23089.40564
392,2A,Tampa,0.01,0.65,2.2547200000000003,15737.298049999998,7721.842739999999,23461.39551
393,2A,Tampa,0.01,0.7000000000000001,2.2330400000000004,15970.895969999998,7862.045829999999,23835.174839999996
394,2A,Tampa,0.01,0.75,2.09212,16214.4066,8003.89576,24220.39448
395,2A,Tampa,0.01,0.8500000000000001,1.9945600000000003,16703.16971,8274.4209,24979.58517
396,2A,Tampa,0.01,0.8,1.9945600000000003,16455.63699,8141.7236,24599.35515
397,2A,Tampa,0.01,0.9500000000000001,1.9078400000000002,17200.10368,8535.666729999999,25737.678249999997
398,2A,Tampa,0.01,0.9,1.9728800000000002,16951.715869999996,8406.4848,25360.17355
399,2A,Tampa,0.05,0.01,13.75596,12111.93814,5947.18262,18072.87672
400,2A,Tampa,0.05,0.15000000000000002,10.77496,13301.93839,6269.076499999999,19581.78985
401,2A,Tampa,0.05,0.1,12.10828,12607.763659999999,6146.35525,18766.227189999998
402,2A,Tampa,0.05,0.25,5.810240000000001,13812.52213,6521.4547299999995,20339.7871
403,2A,Tampa,0.05,0.2,7.60968,13573.033590000001,6390.404269999999,19971.04754
404,2A,Tampa,0.05,0.30000000000000004,5.15984,14044.18818,6659.09255,20708.44057
405,2A,Tampa,0.05,0.35000000000000003,5.21404,14277.342719999999,6801.829239999999,21084.386
406,2A,Tampa,0.05,0.45,3.80484,14779.027189999999,7120.80948,21903.64151
407,2A,Tampa,0.05,0.4,4.336,14524.907109999998,6959.007449999999,21488.250559999997
408,2A,Tampa,0.05,0.55,3.1978000000000004,15235.106859999998,7409.639879999999,22647.944539999997
409,2A,Tampa,0.05,0.5,3.3604000000000003,15010.598229999998,7270.92528,22284.883909999997
410,2A,Tampa,0.05,0.6000000000000001,3.1219200000000003,15463.225869999998,7548.16446,23014.51225
411,2A,Tampa,0.05,0.65,3.04604,15688.082869999998,7685.32723,23376.45614
412,2A,Tampa,0.05,0.7000000000000001,2.8400800000000004,15932.44859,7826.702109999999,23761.99078
413,2A,Tampa,0.05,0.75,2.9810000000000003,16170.76534,7965.670069999999,24139.416409999998
414,2A,Tampa,0.05,0.8500000000000001,2.53656,16659.24342,8230.87465,24892.654629999997
415,2A,Tampa,0.05,0.8,2.47152,16399.16938,8097.923989999999,24499.564889999998
416,2A,Tampa,0.05,0.9500000000000001,2.4281600000000005,17154.02383,8492.152149999998,25648.604139999996
417,2A,Tampa,0.05,0.9,2.4932,16908.581329999997,8362.368489999999,25273.44302
418,2A,Tampa,0.15000000000000002,0.01,22.980800000000002,12043.21424,5916.7477499999995,17982.942789999997
419,2A,Tampa,0.15000000000000002,0.15000000000000002,15.07844,13211.488869999997,6228.76059,19455.327899999997
420,2A,Tampa,0.15000000000000002,0.1,17.344,12891.431849999999,6104.64586,19013.42171
421,2A,Tampa,0.15000000000000002,0.25,10.12456,13716.81539,6473.85472,20200.79467
422,2A,Tampa,0.15000000000000002,0.2,11.68552,13480.493849999999,6347.016369999999,19839.19574
423,2A,Tampa,0.15000000000000002,0.30000000000000004,8.726200000000002,13959.154229999998,6608.61057,20576.490999999998
424,2A,Tampa,0.15000000000000002,0.35000000000000003,8.80208,14196.61589,6748.053579999999,20953.47155
425,2A,Tampa,0.15000000000000002,0.45,7.750600000000001,14701.40402,7060.5731399999995,21769.727759999998
426,2A,Tampa,0.15000000000000002,0.4,8.16252,14437.81461,6901.399719999999,21347.37685
427,2A,Tampa,0.15000000000000002,0.55,6.894240000000001,15143.770579999999,7336.10214,22486.766959999997
428,2A,Tampa,0.15000000000000002,0.5,7.06768,14924.645849999999,7201.5363099999995,22133.249839999997
429,2A,Tampa,0.15000000000000002,0.6000000000000001,6.709960000000001,15367.962509999998,7472.82153,22847.494
430,2A,Tampa,0.15000000000000002,0.65,6.471480000000001,15602.637209999999,7607.989089999999,23217.097779999996
431,2A,Tampa,0.15000000000000002,0.7000000000000001,6.38476,15834.303259999999,7747.87548,23588.5635
432,2A,Tampa,0.15000000000000002,0.75,6.51484,16066.85607,7876.012299999999,23949.38321
433,2A,Tampa,0.15000000000000002,0.8500000000000001,6.51484,16549.950249999998,8132.00091,24688.465999999997
434,2A,Tampa,0.15000000000000002,0.8,6.2330000000000005,16310.46171,8004.5608299999985,24321.25554
435,2A,Tampa,0.15000000000000002,0.9500000000000001,6.81836,17046.75754,8391.25153,25444.827429999998
436,2A,Tampa,0.15000000000000002,0.9,6.56904,16801.536729999996,8262.92469,25071.030459999994
437,2A,Tampa,0.1,0.01,17.376520000000003,12076.81611,5930.365849999999,18024.55848
438,2A,Tampa,0.1,0.15000000000000002,12.346760000000002,13259.088880000001,6246.97084,19518.40648
439,2A,Tampa,0.1,0.1,13.983600000000001,12951.414829999998,6120.48086,19085.879289999997
440,2A,Tampa,0.1,0.25,7.4796000000000005,13766.093909999998,6495.5803399999995,20269.15385
441,2A,Tampa,0.1,0.2,9.029720000000001,13524.16678,6366.7467799999995,19899.94328
442,2A,Tampa,0.1,0.30000000000000004,6.9809600000000005,13999.533479999998,6632.363069999999,20638.87751
443,2A,Tampa,0.1,0.35000000000000003,6.15712,14232.244639999999,6774.1813299999985,21012.583089999996
444,2A,Tampa,0.1,0.45,5.33328,14739.40802,7088.0626999999995,21832.804
445,2A,Tampa,0.1,0.4,6.51484,14488.043229999997,6929.87105,21424.429119999997
446,2A,Tampa,0.1,0.55,4.75876,15187.41184,7371.06582,22563.23642
447,2A,Tampa,0.1,0.5,5.083960000000001,14964.043329999999,7234.473109999999,22203.600399999996
448,2A,Tampa,0.1,0.6000000000000001,4.32516,15416.005899999998,7509.08368,22929.41474
449,2A,Tampa,0.1,0.65,4.15172,15639.532759999998,7644.09289,23287.777369999996
450,2A,Tampa,0.1,0.7000000000000001,4.05416,15878.672929999999,7785.942819999999,23668.669909999997
451,2A,Tampa,0.1,0.75,4.1192,16117.528069999998,7921.110379999999,24042.757649999996
452,2A,Tampa,0.1,0.8500000000000001,3.8590400000000002,16605.43609,8179.69593,24788.99106
453,2A,Tampa,0.1,0.8,4.08668,16359.740229999998,8050.60901,24414.435919999996
454,2A,Tampa,0.1,0.9500000000000001,4.14088,17101.10326,8442.49359,25547.73773
455,2A,Tampa,0.1,0.9,3.77232,16858.574399999998,8309.51126,25171.857979999997
456,2A,Tampa,0.25,0.01,46.75292,11989.53359,5900.4376999999995,17936.72421
457,2A,Tampa,0.25,0.15000000000000002,27.230080000000005,13101.91067,6203.96298,19333.10373
458,2A,Tampa,0.25,0.1,31.69616,12792.558109999998,6081.71678,18905.971049999996
459,2A,Tampa,0.25,0.25,20.56348,13628.519429999998,6441.83635,20090.91926
460,2A,Tampa,0.25,0.2,23.10004,13377.154639999999,6317.75329,19718.00797
461,2A,Tampa,0.25,0.30000000000000004,19.078400000000002,13866.36113,6573.58355,20459.02308
462,2A,Tampa,0.25,0.35000000000000003,18.5906,14115.60403,6710.1129200000005,20844.30755
463,2A,Tampa,0.25,0.45,16.82368,14623.020770000001,7013.13148,21652.97593
464,2A,Tampa,0.25,0.4,17.7776,14357.21446,6858.961920000001,21233.95398
465,2A,Tampa,0.25,0.55,16.108240000000002,15077.390259999998,7280.711309999999,22374.209809999997
466,2A,Tampa,0.25,0.5,15.989,14848.827869999997,7147.34894,22012.16581
467,2A,Tampa,0.25,0.6000000000000001,16.16244,15295.628229999998,7413.535289999999,22725.32596
468,2A,Tampa,0.25,0.65,15.241040000000002,15520.516899999999,7544.64909,23080.40703
469,2A,Tampa,0.25,0.7000000000000001,15.21936,15753.89313,7674.274399999999,23443.386889999998
470,2A,Tampa,0.25,0.75,14.99172,15990.911409999997,7799.655929999999,23805.559059999996
471,2A,Tampa,0.25,0.8500000000000001,15.512040000000002,16467.608249999997,8052.50921,24535.6295
472,2A,Tampa,0.25,0.8,15.230200000000002,16221.56402,7925.76587,24162.56009
473,2A,Tampa,0.25,0.9500000000000001,17.02964,16962.135299999998,8308.71951,25287.884449999998
474,2A,Tampa,0.25,0.9,15.96732,16702.85301,8178.175769999999,24896.996099999997
475,2A,Tampa,0.2,0.01,32.69344,12015.18629,5908.196849999999,17956.076579999997
476,2A,Tampa,0.2,0.15000000000000002,19.77216,13153.627779999999,6214.730779999999,19388.130719999997
477,2A,Tampa,0.2,0.1,22.872400000000003,12843.89518,6091.85118,18958.618759999998
478,2A,Tampa,0.2,0.25,14.12452,13670.608859999998,6456.182859999999,20140.91624
479,2A,Tampa,0.2,0.2,15.891440000000001,13425.388049999998,6330.57964,19771.859129999997
480,2A,Tampa,0.2,0.30000000000000004,12.921280000000001,13919.53506,6589.8936,20522.34994
481,2A,Tampa,0.2,0.35000000000000003,12.53104,14160.22706,6727.37307,20900.13117
482,2A,Tampa,0.2,0.45,10.97008,14658.142799999998,7034.1286900000005,21703.24157
483,2A,Tampa,0.2,0.4,11.08932,14398.448799999998,6878.28062,21287.81874
484,2A,Tampa,0.2,0.55,10.276320000000002,15107.191729999999,7306.5857,22424.05375
485,2A,Tampa,0.2,0.5,10.63404,14888.76374,7172.65327,22072.051050000002
486,2A,Tampa,0.2,0.6000000000000001,9.58256,15329.32511,7439.37801,22778.28568
487,2A,Tampa,0.2,0.65,9.78852,15557.507459999999,7575.93905,23143.23503
488,2A,Tampa,0.2,0.7000000000000001,9.550040000000001,15794.68409,7708.1613,23512.39543
489,2A,Tampa,0.2,0.75,9.79936,16021.567969999998,7835.94975,23867.31708
490,2A,Tampa,0.2,0.8500000000000001,10.20044,16501.43181,8088.54967,24600.18192
491,2A,Tampa,0.2,0.8,9.87524,16251.74553,7961.901339999999,24223.522109999998
492,2A,Tampa,0.2,0.9500000000000001,11.10016,17004.889799999997,8348.27534,25364.2653
493,2A,Tampa,0.2,0.9,10.76412,16755.29853,8219.34677,24985.40942
494,2A,Tampa,0.30000000000000004,0.01,64.18364000000001,11965.02101,5895.402169999999,17924.60682
495,2A,Tampa,0.30000000000000004,0.15000000000000002,37.36548,13069.512259999998,6200.09924,19306.97698
496,2A,Tampa,0.30000000000000004,0.1,43.98872,12746.63661,6078.32809,18868.953419999998
497,2A,Tampa,0.30000000000000004,0.25,29.58236,13598.939649999998,6445.06669,20073.5887
498,2A,Tampa,0.30000000000000004,0.2,32.574200000000005,13344.756229999997,6316.32814,19693.658569999996
499,2A,Tampa,0.30000000000000004,0.30000000000000004,28.086440000000003,13859.33039,6578.619079999999,20466.03591
500,2A,Tampa,0.30000000000000004,0.35000000000000003,26.62304,14109.6184,6719.5822499999995,20855.823689999997
501,2A,Tampa,0.30000000000000004,0.45,24.80192,14591.794149999998,6998.943319999999,21615.539389999998
502,2A,Tampa,0.30000000000000004,0.4,25.19216,14354.87088,6859.94369,21240.00673
503,2A,Tampa,0.30000000000000004,0.55,22.969960000000004,15045.40356,7257.6555499999995,22326.02907
504,2A,Tampa,0.30000000000000004,0.5,24.10816,14816.112759999998,7127.36517,21967.586089999997
505,2A,Tampa,0.30000000000000004,0.6000000000000001,22.3846,15257.84592,7389.05438,22669.2849
506,2A,Tampa,0.30000000000000004,0.65,22.525520000000004,15487.928469999999,7516.1777600000005,23026.63175
507,2A,Tampa,0.30000000000000004,0.7000000000000001,22.406280000000002,15722.951539999998,7643.522829999999,23388.880649999996
508,2A,Tampa,0.30000000000000004,0.75,22.39544,15955.092639999999,7766.08573,23743.573809999998
509,2A,Tampa,0.30000000000000004,0.8500000000000001,22.82904,16425.99387,8017.292170000001,24466.11508
510,2A,Tampa,0.30000000000000004,0.8,22.59056,16182.514909999998,7892.63905,24097.74452
511,2A,Tampa,0.30000000000000004,0.9500000000000001,24.2816,16913.77521,8271.00054,25209.057349999995
512,2A,Tampa,0.30000000000000004,0.9,23.39272,16675.17343,8144.79559,24843.36174
513,2A,Tampa,0.35000000000000003,0.01,85.01812000000001,12057.05403,5890.33497,18032.40712
514,2A,Tampa,0.35000000000000003,0.15000000000000002,50.64448,13018.998609999999,6193.7019,19263.344989999998
515,2A,Tampa,0.35000000000000003,0.1,58.39508,12702.42529,6073.41924,18834.23961
516,2A,Tampa,0.35000000000000003,0.25,41.17032,13559.70052,6437.149189999999,20038.02003
517,2A,Tampa,0.35000000000000003,0.2,45.09440000000001,13302.3501,6308.537319999999,19655.98182
518,2A,Tampa,0.35000000000000003,0.30000000000000004,39.78280000000001,13818.634439999998,6568.48468,20426.901919999997
519,2A,Tampa,0.35000000000000003,0.35000000000000003,37.36548,14076.396569999999,6707.13594,20820.897989999998
520,2A,Tampa,0.35000000000000003,0.45,35.00236,14562.05602,6980.00466,21577.06304
521,2A,Tampa,0.35000000000000003,0.4,35.96712,14319.273799999997,6844.393719999999,21199.634639999997
522,2A,Tampa,0.35000000000000003,0.55,32.48748,15011.32664,7236.183289999999,22279.997409999996
523,2A,Tampa,0.35000000000000003,0.5,33.53896,14786.31129,7106.748,21926.59825
524,2A,Tampa,0.35000000000000003,0.6000000000000001,31.95632,15226.936,7366.093629999999,22624.98595
525,2A,Tampa,0.35000000000000003,0.65,31.826240000000002,15460.40724,7489.796649999999,22982.03013
526,2A,Tampa,0.35000000000000003,0.7000000000000001,31.370960000000004,15690.55313,7614.449769999999,23336.37386
527,2A,Tampa,0.35000000000000003,0.75,31.587760000000003,15916.961959999999,7737.9311,23686.480819999997
528,2A,Tampa,0.35000000000000003,0.8500000000000001,31.739520000000002,16392.55035,7988.91585,24413.20572
529,2A,Tampa,0.35000000000000003,0.8,31.273400000000002,16157.65396,7863.28096,24052.208319999998
530,2A,Tampa,0.35000000000000003,0.9500000000000001,32.801840000000006,16873.52264,8236.416899999998,25142.74138
531,2A,Tampa,0.35000000000000003,0.9,32.10808,16634.889189999998,8114.1707,24781.16797
532,2A,Tampa,0.45,0.01,134.94716,11986.4616,5886.28121,18007.68997
533,2A,Tampa,0.45,0.15000000000000002,83.55472,12943.719019999999,6189.20476,19216.478499999997
534,2A,Tampa,0.45,0.1,95.11016000000001,12629.520949999998,6068.3203699999995,18792.951479999996
535,2A,Tampa,0.45,0.25,70.44916,13502.5045,6426.25471,19999.20837
536,2A,Tampa,0.45,0.2,75.99924,13232.96113,6300.49314,19609.45351
537,2A,Tampa,0.45,0.30000000000000004,66.87196,13759.569889999999,6554.1065,20380.548349999997
538,2A,Tampa,0.45,0.35000000000000003,64.51968000000001,14021.860829999998,6689.464079999999,20775.844589999997
539,2A,Tampa,0.45,0.45,60.162000000000006,14519.93492,6951.72335,21531.82027
540,2A,Tampa,0.45,0.4,61.86388,14264.643049999999,6823.618199999999,21150.12513
541,2A,Tampa,0.45,0.55,56.48724,14953.84559,7200.5862099999995,22210.91904
542,2A,Tampa,0.45,0.5,58.807,14739.78806,7076.28146,21874.87652
543,2A,Tampa,0.45,0.6000000000000001,56.48724,15168.53652,7322.32569,22547.34945
544,2A,Tampa,0.45,0.65,55.14308,15406.061520000001,7445.07861,22906.28321
545,2A,Tampa,0.45,0.7000000000000001,54.3626,15633.990509999998,7567.3564799999995,23255.70959
546,2A,Tampa,0.45,0.75,53.777240000000006,15864.29475,7690.14107,23608.21306
547,2A,Tampa,0.45,0.8500000000000001,53.950680000000006,16334.277549999997,7935.045179999999,24323.273409999994
548,2A,Tampa,0.45,0.8,53.87480000000001,16097.25927,7811.120469999999,23962.254539999998
549,2A,Tampa,0.45,0.9500000000000001,55.08888,16799.319829999997,8176.845629999999,25031.254339999996
550,2A,Tampa,0.45,0.9,54.308400000000006,16570.09237,8058.811539999999,24683.21231
551,2A,Tampa,0.4,0.01,109.03956000000001,12019.398399999998,5887.706359999999,18016.144319999996
552,2A,Tampa,0.4,0.15000000000000002,66.05896,12975.262340000001,6190.946609999999,19232.267910000002
553,2A,Tampa,0.4,0.1,75.56564,12659.164069999999,6070.7906299999995,18805.52034
554,2A,Tampa,0.4,0.25,55.02384,13528.34722,6431.195229999999,20014.56629
555,2A,Tampa,0.4,0.2,59.55496,13273.59374,6303.311769999999,19636.460469999998
556,2A,Tampa,0.4,0.30000000000000004,52.574000000000005,13789.181340000001,6559.648749999999,20401.40409
557,2A,Tampa,0.4,0.35000000000000003,50.61196,14050.332159999998,6698.3633500000005,20799.30747
558,2A,Tampa,0.4,0.45,46.68788000000001,14541.15382,6964.58137,21552.423069999997
559,2A,Tampa,0.4,0.4,48.6174,14290.549109999998,6832.517469999999,21171.683979999994
560,2A,Tampa,0.4,0.55,44.010400000000004,14980.131689999998,7218.574769999999,22242.716859999997
561,2A,Tampa,0.4,0.5,45.84236,14763.54056,7090.754649999999,21900.13757
562,2A,Tampa,0.4,0.6000000000000001,43.44672,15198.62302,7342.3728,22584.44254
563,2A,Tampa,0.4,0.65,42.24348,15431.74589,7466.32918,22940.31855
564,2A,Tampa,0.4,0.7000000000000001,42.44944,15662.240149999998,7589.968859999999,23294.658449999995
565,2A,Tampa,0.4,0.75,41.96164,15888.300609999998,7712.46842,23642.730669999997
566,2A,Tampa,0.4,0.8500000000000001,42.34104000000001,16362.74888,7959.526089999999,24364.616009999998
567,2A,Tampa,0.4,0.8,42.005,16121.835189999998,7836.2031099999995,24000.043299999998
568,2A,Tampa,0.4,0.9500000000000001,43.034800000000004,16844.51292,8206.330399999999,25093.87812
569,2A,Tampa,0.4,0.9,42.373560000000005,16601.7307,8085.857719999999,24729.96198
570,2A,Tampa,0.55,0.01,189.971,11913.81062,5883.90596,17987.687579999998
571,2A,Tampa,0.55,0.15000000000000002,123.6302,12911.858999999999,6188.6347,19224.1239
572,2A,Tampa,0.55,0.1,138.3726,12570.329719999998,6069.17546,18777.87778
573,2A,Tampa,0.55,0.25,107.35936000000001,13448.44381,6422.32763,19978.1308
574,2A,Tampa,0.55,0.2,113.88504,13177.538630000001,6299.321349999999,19590.74502
575,2A,Tampa,0.55,0.30000000000000004,102.75236000000001,13717.76549,6548.05753,20368.575380000002
576,2A,Tampa,0.55,0.35000000000000003,98.43804000000002,13979.613049999998,6679.171329999999,20757.22242
577,2A,Tampa,0.55,0.45,91.53296,14482.500979999997,6930.72614,21504.760079999996
578,2A,Tampa,0.55,0.4,94.58984000000001,14234.461539999998,6807.783199999999,21136.83458
579,2A,Tampa,0.55,0.55,85.93952,14911.692819999998,7169.739629999999,22167.371969999997
580,2A,Tampa,0.55,0.5,88.82296000000001,14701.055649999998,7053.004010000001,21842.882619999997
581,2A,Tampa,0.55,0.6000000000000001,84.48696,15127.58721,7286.76028,22498.834450000002
582,2A,Tampa,0.55,0.65,83.2512,15359.538289999999,7408.658109999999,22851.4476
583,2A,Tampa,0.55,0.7000000000000001,82.69836000000001,15590.285909999997,7530.524269999999,23203.508539999995
584,2A,Tampa,0.55,0.75,82.04796,15815.11124,7648.811719999999,23545.97092
585,2A,Tampa,0.55,0.8500000000000001,80.93144,16281.32531,7890.897199999999,24253.15395
586,2A,Tampa,0.55,0.8,81.48428000000001,16055.54988,7770.551199999999,23907.58536
587,2A,Tampa,0.55,0.9500000000000001,81.83116,16740.28695,8123.798379999999,24945.916490000003
588,2A,Tampa,0.55,0.9,81.43008,16518.818639999998,8013.270079999998,24613.518799999994
589,2A,Tampa,0.5,0.01,161.58104,11954.823269999999,5885.2677699999995,18001.672079999997
590,2A,Tampa,0.5,0.15000000000000002,103.05588,12919.33312,6188.0013,19210.3903
591,2A,Tampa,0.5,0.1,116.75764,12594.96898,6068.25703,18779.98365
592,2A,Tampa,0.5,0.25,88.27012000000002,13474.856590000001,6422.29596,19985.42267
593,2A,Tampa,0.5,0.2,94.17792,13207.62513,6299.416359999999,19601.219409999998
594,2A,Tampa,0.5,0.30000000000000004,83.71732000000002,13737.93928,6550.2744299999995,20371.93103
595,2A,Tampa,0.5,0.35000000000000003,80.57372000000001,14001.97207,6683.57346,20766.11925
596,2A,Tampa,0.5,0.45,74.51416,14502.13638,6939.277039999999,21515.92758
597,2A,Tampa,0.5,0.4,78.00464,14246.432799999999,6815.66903,21140.10647
598,2A,Tampa,0.5,0.55,70.67680000000001,14930.91651,7183.262719999999,22184.856029999995
599,2A,Tampa,0.5,0.5,72.81228,14723.16131,7064.0885100000005,21860.0621
600,2A,Tampa,0.5,0.6000000000000001,69.76624000000001,15152.859869999998,7303.64039,22526.266499999998
601,2A,Tampa,0.5,0.65,69.24592000000001,15376.19671,7425.791579999999,22871.23421
602,2A,Tampa,0.5,0.7000000000000001,68.35704000000001,15614.038409999997,7547.68941,23230.08486
603,2A,Tampa,0.5,0.75,67.6958,15838.895409999997,7669.04885,23575.640059999998
604,2A,Tampa,0.5,0.8500000000000001,67.30556000000001,16310.525049999998,7912.211109999999,24290.041719999997
605,2A,Tampa,0.5,0.8,67.50068,16076.48375,7790.281609999999,23934.26604
606,2A,Tampa,0.5,0.9500000000000001,68.17276000000001,16767.3648,8148.78601,24984.32357
607,2A,Tampa,0.5,0.9,67.86924,16546.97327,8035.8507899999995,24650.6933
608,2A,Tampa,0.6000000000000001,0.01,219.27152,11896.233769999999,5882.892519999999,17998.39781
609,2A,Tampa,0.6000000000000001,0.15000000000000002,144.05276,12882.53258,6190.218199999999,19216.80354
610,2A,Tampa,0.6000000000000001,0.1,160.72468000000003,12540.243219999998,6071.20234,18772.17024
611,2A,Tampa,0.6000000000000001,0.25,126.74128000000002,13435.300759999998,6422.32763,19984.36967
612,2A,Tampa,0.6000000000000001,0.2,133.46208000000001,13151.82259,6301.47491,19586.759579999998
613,2A,Tampa,0.6000000000000001,0.30000000000000004,121.50556000000002,13700.061959999999,6547.32912,20368.89664
614,2A,Tampa,0.6000000000000001,0.35000000000000003,117.11536000000001,13971.442189999998,6676.416039999999,20764.973589999998
615,2A,Tampa,0.6000000000000001,0.45,109.2672,14469.3896,6922.523609999999,21501.18041
616,2A,Tampa,0.6000000000000001,0.4,112.76852000000001,14212.672579999999,6801.385859999999,21126.82696
617,2A,Tampa,0.6000000000000001,0.55,103.44612000000001,14898.35975,7156.37489,22158.18076
618,2A,Tampa,0.6000000000000001,0.5,106.68728000000002,14679.61506,7041.8245,21828.12684
619,2A,Tampa,0.6000000000000001,0.6000000000000001,101.18056000000001,15114.855869999998,7273.712239999999,22489.748669999997
620,2A,Tampa,0.6000000000000001,0.65,99.80387999999999,15333.06217,7391.33462,22824.20067
621,2A,Tampa,0.6000000000000001,0.7000000000000001,98.13452000000001,15580.119840000001,7514.9743,23193.22866
622,2A,Tampa,0.6000000000000001,0.75,97.47328,15794.01902,7632.723359999999,23524.215659999998
623,2A,Tampa,0.6000000000000001,0.8500000000000001,96.43264,16262.133289999998,7871.76852,24230.33445
624,2A,Tampa,0.6000000000000001,0.8,97.33236000000001,16026.540159999997,7751.45419,23875.326709999998
625,2A,Tampa,0.6000000000000001,0.9500000000000001,96.4218,16712.03731,8102.32612,24910.78523
626,2A,Tampa,0.6000000000000001,0.9,96.10744,16496.61797,7993.69802,24586.42343
627,2A,Tampa,0.65,0.01,251.29288,11879.06863,5884.63437,18014.995880000002
628,2A,Tampa,0.65,0.15000000000000002,165.16908,12883.70437,6198.5790799999995,19247.45253
629,2A,Tampa,0.65,0.1,183.92228,12530.013809999999,6076.744589999999,18790.680679999998
630,2A,Tampa,0.65,0.25,146.05816000000002,13454.334429999999,6440.06283,20040.45542
631,2A,Tampa,0.65,0.2,153.42936,13163.065439999998,6313.66786,19630.162659999998
632,2A,Tampa,0.65,0.30000000000000004,140.93084,13735.18399,6570.511559999999,20446.626389999998
633,2A,Tampa,0.65,0.35000000000000003,136.07452,13997.949979999998,6701.213649999999,20835.238149999997
634,2A,Tampa,0.65,0.45,127.56512000000002,14506.31682,6942.063999999999,21575.945939999998
635,2A,Tampa,0.65,0.4,131.69516000000002,14267.271659999999,6823.33317,21222.29999
636,2A,Tampa,0.65,0.55,121.64648000000001,14929.80806,7172.0515399999995,22223.50608
637,2A,Tampa,0.65,0.5,125.59224,14715.338819999999,7059.65471,21900.585769999998
638,2A,Tampa,0.65,0.6000000000000001,119.15328000000001,15153.239909999998,7286.791949999999,22559.185139999998
639,2A,Tampa,0.65,0.65,116.81184000000002,15387.69292,7411.19171,22915.69647
640,2A,Tampa,0.65,0.7000000000000001,115.19668,15610.58638,7529.73252,23255.51558
641,2A,Tampa,0.65,0.75,114.04764,15830.186159999997,7644.37792,23588.611719999997
642,2A,Tampa,0.65,0.8500000000000001,112.47584000000002,16290.12957,7880.857809999999,24283.463219999998
643,2A,Tampa,0.65,0.8,113.21296000000001,16061.59885,7761.905289999999,23936.7171
644,2A,Tampa,0.65,0.9500000000000001,111.71704000000001,16743.42228,8110.401969999999,24965.541289999997
645,2A,Tampa,0.65,0.9,111.40268,16528.63634,8001.900549999999,24641.93957
646,2A,Tampa,0.7000000000000001,0.01,283.50936,11863.64534,5885.2677699999995,18032.422469999998
647,2A,Tampa,0.7000000000000001,0.15000000000000002,187.4778,12879.01721,6208.333439999999,19274.82845
648,2A,Tampa,0.7000000000000001,0.1,208.50740000000002,12508.92159,6083.90201,18801.331
649,2A,Tampa,0.7000000000000001,0.25,166.28560000000002,13487.74628,6461.060039999999,20115.09192
650,2A,Tampa,0.7000000000000001,0.2,174.76248,13176.87356,6327.9827,19679.618739999998
651,2A,Tampa,0.7000000000000001,0.30000000000000004,159.96588,13778.160179999999,6594.77078,20532.896839999998
652,2A,Tampa,0.7000000000000001,0.35000000000000003,155.12040000000002,14058.50302,6725.37786,20939.00128
653,2A,Tampa,0.7000000000000001,0.45,146.91452,14547.77285,6963.757949999999,21658.44532
654,2A,Tampa,0.7000000000000001,0.4,151.10960000000003,14316.423499999999,6848.0357699999995,21315.56887
655,2A,Tampa,0.7000000000000001,0.55,140.80076,14978.801549999998,7191.14855,22310.75086
656,2A,Tampa,0.7000000000000001,0.5,143.901,14763.50889,7079.733489999999,21987.143379999998
657,2A,Tampa,0.7000000000000001,0.6000000000000001,137.37532000000002,15193.365799999998,7306.3006700000005,22637.041789999996
658,2A,Tampa,0.7000000000000001,0.65,134.99052,15434.81788,7430.25705,23000.065450000002
659,2A,Tampa,0.7000000000000001,0.7000000000000001,132.88756,15650.110539999998,7544.585749999999,23327.583849999995
660,2A,Tampa,0.7000000000000001,0.75,130.893,15869.33028,7660.434609999999,23660.65789
661,2A,Tampa,0.7000000000000001,0.8500000000000001,129.16944,16327.7852,7890.92887,24347.88351
662,2A,Tampa,0.7000000000000001,0.8,129.47296,16097.829329999999,7775.555059999999,24002.85735
663,2A,Tampa,0.7000000000000001,0.9500000000000001,128.06376,16785.4167,8122.088199999999,25035.56866
664,2A,Tampa,0.7000000000000001,0.9,128.42148,16558.15278,8009.184649999999,24695.75891
665,2A,Tampa,0.75,0.01,314.77192,11854.872749999999,5886.34455,18055.989219999996
666,2A,Tampa,0.75,0.15000000000000002,209.9708,12883.76771,6218.4045,19312.14301
667,2A,Tampa,0.75,0.1,232.7348,12518.264239999999,6092.45291,18843.45195
668,2A,Tampa,0.75,0.25,187.39108000000002,13530.564119999997,6484.369159999999,20202.324359999995
669,2A,Tampa,0.75,0.2,196.49668000000003,13205.946619999999,6347.9348,19750.378099999998
670,2A,Tampa,0.75,0.30000000000000004,180.45348,13830.32067,6625.427339999999,20636.20149
671,2A,Tampa,0.75,0.35000000000000003,175.19608000000002,14118.834369999999,6752.614059999999,21046.64451
672,2A,Tampa,0.75,0.45,166.63248000000002,14593.69435,6988.46055,21748.78738
673,2A,Tampa,0.75,0.4,170.57824000000002,14373.682859999999,6872.80171,21417.06281
674,2A,Tampa,0.75,0.55,159.38052000000002,15031.310409999998,7216.262859999999,22406.95379
675,2A,Tampa,0.75,0.5,162.94688,14815.257669999999,7105.38619,22083.59074
676,2A,Tampa,0.75,0.6000000000000001,156.34532,15239.445649999998,7327.20287,22722.99384
677,2A,Tampa,0.75,0.65,153.48356,15487.928469999999,7455.40303,23096.81506
678,2A,Tampa,0.75,0.7000000000000001,150.73020000000002,15695.55699,7563.87278,23410.15997
679,2A,Tampa,0.75,0.75,149.44024000000002,15913.82663,7675.794559999999,23739.061429999998
680,2A,Tampa,0.75,0.8500000000000001,145.75464000000002,16362.780549999998,7904.57864,24413.11383
681,2A,Tampa,0.75,0.8,147.68416000000002,16132.254619999998,7789.141489999999,24069.08027
682,2A,Tampa,0.75,0.9500000000000001,144.63812000000001,16822.66062,8133.172699999999,25100.471439999998
683,2A,Tampa,0.75,0.9,144.99584,16590.836219999997,8020.04746,24755.879519999995
684,2A,Tampa,0.8500000000000001,0.01,380.0504,11839.95618,5890.11328,18110.11986
685,2A,Tampa,0.8500000000000001,0.15000000000000002,258.11124,12849.880809999999,6222.86997,19330.86202
686,2A,Tampa,0.8500000000000001,0.1,284.14892000000003,12480.22857,6098.12184,18862.49933
687,2A,Tampa,0.8500000000000001,0.25,230.96788,13527.55547,6497.70223,20256.22558
688,2A,Tampa,0.8500000000000001,0.2,241.39596,13190.68168,6358.22755,19790.30519
689,2A,Tampa,0.8500000000000001,0.30000000000000004,222.29588,13853.94649,6633.7882199999995,20710.03059
690,2A,Tampa,0.8500000000000001,0.35000000000000003,216.01952000000003,14141.985139999999,6756.1611,21114.16576
691,2A,Tampa,0.8500000000000001,0.45,206.39360000000002,14605.095549999998,6994.06614,21805.555289999997
692,2A,Tampa,0.8500000000000001,0.4,210.90304,14384.41899,6877.42553,21472.74756
693,2A,Tampa,0.8500000000000001,0.55,197.98176,15056.45639,7220.7916700000005,22475.22982
694,2A,Tampa,0.8500000000000001,0.5,201.65652000000003,14834.861399999998,7107.856449999999,22144.374369999998
695,2A,Tampa,0.8500000000000001,0.6000000000000001,194.49128,15260.252840000001,7329.16641,22783.91053
696,2A,Tampa,0.8500000000000001,0.65,189.77588,15512.2827,7458.285,23160.34358
697,2A,Tampa,0.8500000000000001,0.7000000000000001,186.36128,15709.048409999998,7561.68755,23457.097239999996
698,2A,Tampa,0.8500000000000001,0.75,184.60520000000002,15922.472539999999,7669.872269999999,23776.950009999997
699,2A,Tampa,0.8500000000000001,0.8500000000000001,180.78952,16368.51282,7895.36267,24444.665009999997
700,2A,Tampa,0.8500000000000001,0.8,182.39384,16143.592479999998,7782.680809999999,24108.667129999998
701,2A,Tampa,0.8500000000000001,0.9500000000000001,178.51312000000001,16817.656759999998,8119.7446199999995,25115.9145
702,2A,Tampa,0.8500000000000001,0.9,179.53208,16590.67787,8006.872739999999,24777.08269
703,2A,Tampa,0.8,0.01,347.64964,11844.548329999998,5887.801369999999,18079.999339999995
704,2A,Tampa,0.8,0.15000000000000002,234.50172000000003,12849.02572,6216.821,19300.34844
705,2A,Tampa,0.8,0.1,259.01096,12487.63935,6093.593029999999,18840.243339999997
706,2A,Tampa,0.8,0.25,209.26620000000003,13526.193659999997,6490.4498,20225.909659999998
707,2A,Tampa,0.8,0.2,219.33656000000002,13196.28727,6350.690089999999,19766.31392
708,2A,Tampa,0.8,0.30000000000000004,201.85164000000003,13843.432049999998,6630.1145,20675.39819
709,2A,Tampa,0.8,0.35000000000000003,196.33408000000003,14132.484139999999,6754.45092,21083.26914
710,2A,Tampa,0.8,0.45,187.2068,14610.257759999999,6993.40107,21790.86563
711,2A,Tampa,0.8,0.4,190.94660000000002,14381.283659999997,6875.398649999999,21447.628909999996
712,2A,Tampa,0.8,0.55,179.32612000000003,15048.348869999998,7221.90012,22449.575109999998
713,2A,Tampa,0.8,0.5,182.50224000000003,14828.33738,7106.96969,22117.80931
714,2A,Tampa,0.8,0.6000000000000001,175.70556000000002,15262.62809,7332.84013,22771.17378
715,2A,Tampa,0.8,0.65,171.7056,15514.056219999999,7462.18041,23147.942229999997
716,2A,Tampa,0.8,0.7000000000000001,168.33436,15712.373759999999,7568.33825,23449.04637
717,2A,Tampa,0.8,0.75,167.18532,15929.186579999998,7679.119909999999,23775.49181
718,2A,Tampa,0.8,0.8500000000000001,163.30460000000002,16381.37084,7907.650629999999,24452.32607
719,2A,Tampa,0.8,0.8,165.1474,16159.079109999999,7793.131909999999,24117.358419999997
720,2A,Tampa,0.8,0.9500000000000001,161.49432,16844.60793,8136.94143,25143.04368
721,2A,Tampa,0.8,0.9,162.24228,16605.657779999998,8021.124239999999,24789.024299999997
722,2A,Tampa,0.9500000000000001,0.01,445.3072,11824.691239999998,5893.4703,18163.468739999997
723,2A,Tampa,0.9500000000000001,0.15000000000000002,304.53896000000003,12840.601499999999,6237.596519999999,19382.736979999998
724,2A,Tampa,0.9500000000000001,0.1,334.07796,12472.65944,6108.44626,18915.18366
725,2A,Tampa,0.9500000000000001,0.25,273.78588,13544.815619999998,6515.817469999999,20334.418969999995
726,2A,Tampa,0.9500000000000001,0.2,285.83996,13196.097249999999,6373.904199999999,19855.841409999997
727,2A,Tampa,0.9500000000000001,0.30000000000000004,264.6044,13892.457209999999,6643.25755,20800.31916
728,2A,Tampa,0.9500000000000001,0.35000000000000003,257.16816,14161.620539999998,6764.2369499999995,21183.025649999996
729,2A,Tampa,0.9500000000000001,0.45,246.1764,14616.845119999998,6998.68996,21861.711479999998
730,2A,Tampa,0.9500000000000001,0.4,251.3796,14402.407549999998,6883.56951,21537.356659999998
731,2A,Tampa,0.9500000000000001,0.55,235.85672000000002,15070.549539999998,7222.3435,22528.74976
732,2A,Tampa,0.9500000000000001,0.5,240.919,14848.701189999998,7111.4985,22201.118689999996
733,2A,Tampa,0.9500000000000001,0.6000000000000001,231.24972000000002,15272.319109999999,7326.94951,22830.51834
734,2A,Tampa,0.9500000000000001,0.65,225.64544,15515.608049999997,7451.82432,23193.077809999995
735,2A,Tampa,0.9500000000000001,0.7000000000000001,222.24168000000003,15716.01581,7553.294999999999,23491.55249
736,2A,Tampa,0.9500000000000001,0.75,219.90024000000003,15926.68465,7656.82423,23803.40912
737,2A,Tampa,0.9500000000000001,0.8500000000000001,216.82168000000001,16351.25267,7874.650489999999,24442.72484
738,2A,Tampa,0.9500000000000001,0.8,217.86232,16128.99261,7765.57901,24112.43394
739,2A,Tampa,0.9500000000000001,0.9500000000000001,213.41792,16784.05489,8091.71667,25089.18948
740,2A,Tampa,0.9500000000000001,0.9,214.54528,16568.06549,7983.468609999999,24766.07938
741,2A,Tampa,0.9,0.01,412.41864,11826.243069999999,5889.82825,18128.48996
742,2A,Tampa,0.9,0.15000000000000002,281.298,12842.945079999998,6229.33065,19353.573729999996
743,2A,Tampa,0.9,0.1,309.18932000000007,12474.40129,6102.74566,18886.33627
744,2A,Tampa,0.9,0.25,252.36604000000003,13533.351079999999,6506.41148,20292.1286
745,2A,Tampa,0.9,0.2,263.87812,13192.99359,6365.4166399999995,19822.28835
746,2A,Tampa,0.9,0.30000000000000004,243.31464000000003,13878.585749999998,6638.12701,20760.0274
747,2A,Tampa,0.9,0.35000000000000003,237.08164000000002,14154.55813,6760.05651,21151.69628
748,2A,Tampa,0.9,0.45,225.80804,14608.61092,6995.2696000000005,21829.68856
749,2A,Tampa,0.9,0.4,231.11964000000003,14397.37202,6880.40251,21508.89417
750,2A,Tampa,0.9,0.55,216.88672000000003,15057.089789999998,7219.746559999999,22493.723069999996
751,2A,Tampa,0.9,0.5,220.5398,14837.363329999998,7108.109809999999,22166.012939999997
752,2A,Tampa,0.9,0.6000000000000001,212.46400000000003,15264.116579999998,7326.822829999999,22803.40341
753,2A,Tampa,0.9,0.65,208.22556000000003,15513.517829999999,7453.7878599999995,23175.53125
754,2A,Tampa,0.9,0.7000000000000001,204.58332000000001,15713.830579999998,7557.60212,23476.016019999995
755,2A,Tampa,0.9,0.75,202.50204000000002,15924.752779999999,7663.063219999999,23790.31804
756,2A,Tampa,0.9,0.8500000000000001,198.54544,16363.572299999998,7885.354949999999,24447.472689999995
757,2A,Tampa,0.9,0.8,200.45328,16135.04158,7773.306489999999,24108.801349999998
758,2A,Tampa,0.9,0.9500000000000001,196.09560000000002,16797.79967,8103.75127,25097.64654
759,2A,Tampa,0.9,0.9,196.91944,16572.30927,7994.33142,24763.560130000005
760,2B,Tucson,0.01,0.01,161.50516000000002,10216.14027,7569.890079999999,17947.53551
761,2B,Tucson,0.01,0.15000000000000002,97.92856,10953.48121,8160.7256,19212.13537
762,2B,Tucson,0.01,0.1,121.85244,10679.63072,8002.533949999999,18804.01711
763,2B,Tucson,0.01,0.25,54.828720000000004,11438.00054,8481.35268,19974.18194
764,2B,Tucson,0.01,0.2,69.85296,11206.872879999999,8316.89037,19593.61621
765,2B,Tucson,0.01,0.30000000000000004,44.95348,11673.2453,8661.39663,20379.59541
766,2B,Tucson,0.01,0.35000000000000003,36.95356,11917.7377,8849.73812,20804.42938
767,2B,Tucson,0.01,0.45,23.37104,12434.46542,9286.18239,21744.01885
768,2B,Tucson,0.01,0.4,30.319480000000002,12173.3146,9058.918469999999,21262.55255
769,2B,Tucson,0.01,0.55,14.75324,12919.491469999999,9730.259129999999,22664.503839999998
770,2B,Tucson,0.01,0.5,18.3196,12672.78217,9504.00865,22195.11042
771,2B,Tucson,0.01,0.6000000000000001,11.77224,13169.304429999998,9951.25239,23132.329059999996
772,2B,Tucson,0.01,0.65,9.58256,13417.343869999999,10170.472129999998,23597.398559999998
773,2B,Tucson,0.01,0.7000000000000001,7.76144,13670.6722,10374.901979999999,24053.335619999998
774,2B,Tucson,0.01,0.75,6.395600000000001,13925.013969999998,10582.87887,24514.288439999997
775,2B,Tucson,0.01,0.8500000000000001,4.61784,14426.571759999999,10990.21841,25421.40801
776,2B,Tucson,0.01,0.8,5.37664,14178.69067,10788.67053,24972.73784
777,2B,Tucson,0.01,0.9500000000000001,3.59888,14930.789829999998,11390.748899999999,26325.137609999998
778,2B,Tucson,0.01,0.9,4.05416,14679.520049999997,11185.432289999999,25869.006499999996
779,2B,Tucson,0.05,0.01,179.17436,10233.93881,7513.99253,17927.1057
780,2B,Tucson,0.05,0.15000000000000002,117.29964,10960.701969999998,8133.01435,19211.015959999997
781,2B,Tucson,0.05,0.1,144.29124000000002,10699.677829999999,7967.095219999999,18811.06429
782,2B,Tucson,0.05,0.25,57.96148,11436.607059999998,8454.78155,19949.35009
783,2B,Tucson,0.05,0.2,77.4518,11214.917059999998,8289.749179999999,19582.118039999998
784,2B,Tucson,0.05,0.30000000000000004,48.11876,11665.77118,8636.02896,20349.918899999997
785,2B,Tucson,0.05,0.35000000000000003,40.021280000000004,11904.341289999998,8824.11709,20768.479659999997
786,2B,Tucson,0.05,0.45,24.400840000000002,12412.233079999998,9257.457699999999,21694.09162
787,2B,Tucson,0.05,0.4,31.30592,12155.326039999998,9031.840619999999,21218.472579999998
788,2B,Tucson,0.05,0.55,16.27084,12896.24569,9696.530579999999,22609.04711
789,2B,Tucson,0.05,0.5,19.77216,12657.89727,9475.632329999999,22153.30176
790,2B,Tucson,0.05,0.6000000000000001,13.28984,13150.46078,9919.42404,23083.174659999997
791,2B,Tucson,0.05,0.65,10.926720000000001,13399.735349999999,10130.12455,23540.78662
792,2B,Tucson,0.05,0.7000000000000001,9.170640000000002,13644.449439999999,10328.220399999998,23981.84048
793,2B,Tucson,0.05,0.75,7.50128,13900.311369999998,10534.20208,24442.014729999995
794,2B,Tucson,0.05,0.8500000000000001,5.398320000000001,14402.027509999998,10921.87455,25329.30038
795,2B,Tucson,0.05,0.8,6.406440000000001,14155.951609999998,10732.963,24895.32105
796,2B,Tucson,0.05,0.9500000000000001,4.08668,14906.84731,11323.00677,26233.940759999998
797,2B,Tucson,0.05,0.9,4.61784,14657.509399999999,11116.043319999999,25778.17056
798,2B,Tucson,0.15000000000000002,0.01,206.26352000000003,10215.12683,7415.657179999999,17837.04753
799,2B,Tucson,0.15000000000000002,0.15000000000000002,135.05556,10993.892129999998,8073.6331,19202.58079
800,2B,Tucson,0.15000000000000002,0.1,178.63236,10729.95435,7881.871249999999,18790.45796
801,2B,Tucson,0.15000000000000002,0.25,60.58476,11420.550369999999,8404.77462,19885.90975
802,2B,Tucson,0.15000000000000002,0.2,83.67396000000001,11208.709739999998,8237.810379999999,19530.194079999997
803,2B,Tucson,0.15000000000000002,0.30000000000000004,49.430400000000006,11640.276829999999,8583.995149999999,20273.702379999995
804,2B,Tucson,0.15000000000000002,0.35000000000000003,40.281439999999996,11869.662639999999,8771.703239999999,20681.647319999996
805,2B,Tucson,0.15000000000000002,0.45,27.598640000000003,12364.82309,9200.48337,21592.9051
806,2B,Tucson,0.15000000000000002,0.4,32.36824,12117.22703,8979.52178,21129.11705
807,2B,Tucson,0.15000000000000002,0.55,21.3006,12844.211879999999,9630.34028,22495.85276
808,2B,Tucson,0.15000000000000002,0.5,24.10816,12605.95847,9415.1743,22045.24093
809,2B,Tucson,0.15000000000000002,0.6000000000000001,18.81824,13096.780130000001,9836.702,22952.30037
810,2B,Tucson,0.15000000000000002,0.65,16.509320000000002,13344.629549999998,10032.105899999999,23393.244769999998
811,2B,Tucson,0.15000000000000002,0.7000000000000001,14.53644,13597.482829999999,10219.243929999999,23831.263199999998
812,2B,Tucson,0.15000000000000002,0.75,12.6286,13842.893659999998,10403.43665,24258.958909999998
813,2B,Tucson,0.15000000000000002,0.8500000000000001,9.560880000000001,14343.311329999999,10772.64551,25125.51772
814,2B,Tucson,0.15000000000000002,0.8,10.937560000000001,14097.203759999999,10589.27621,24697.41753
815,2B,Tucson,0.15000000000000002,0.9500000000000001,7.4254,14847.782759999998,11172.66928,26027.877439999997
816,2B,Tucson,0.15000000000000002,0.9,8.35764,14598.666539999998,10968.714479999999,25575.738659999995
817,2B,Tucson,0.1,0.01,194.38288,10232.38698,7460.02685,17886.79671
818,2B,Tucson,0.1,0.15000000000000002,131.2724,10980.87576,8101.21767,19213.365830000002
819,2B,Tucson,0.1,0.1,165.10404000000003,10718.10977,7923.39062,18806.60443
820,2B,Tucson,0.1,0.25,61.00752000000001,11437.525489999998,8428.40044,19926.933449999997
821,2B,Tucson,0.1,0.2,81.64688,11213.20688,8262.32296,19557.17672
822,2B,Tucson,0.1,0.30000000000000004,49.777280000000005,11656.903579999998,8606.79755,20313.478409999996
823,2B,Tucson,0.1,0.35000000000000003,39.977920000000005,11889.678079999998,8796.722539999999,20726.378539999998
824,2B,Tucson,0.1,0.45,25.755840000000003,12390.03241,9226.706129999999,21642.494379999996
825,2B,Tucson,0.1,0.4,31.77204,12134.138809999999,9001.94414,21167.85499
826,2B,Tucson,0.1,0.55,18.56892,12868.59778,9659.128309999998,22546.295009999998
827,2B,Tucson,0.1,0.5,21.961840000000002,12629.83765,9442.37883,22094.17832
828,2B,Tucson,0.1,0.6000000000000001,15.891440000000001,13121.229369999997,9879.36149,23016.482299999996
829,2B,Tucson,0.1,0.65,13.64756,13370.34559,10079.357539999999,23463.35069
830,2B,Tucson,0.1,0.7000000000000001,11.42536,13624.30732,10278.46683,23914.19951
831,2B,Tucson,0.1,0.75,9.95112,13874.975369999998,10472.57226,24357.49875
832,2B,Tucson,0.1,0.8500000000000001,7.49044,14373.429499999998,10844.346389999999,25225.26633
833,2B,Tucson,0.1,0.8,8.585280000000001,14124.31328,10656.98667,24789.88523
834,2B,Tucson,0.1,0.9500000000000001,5.7668800000000005,14875.84238,11243.230039999999,26124.8393
835,2B,Tucson,0.1,0.9,6.6124,14626.219439999999,11038.420149999998,25671.251989999997
836,2B,Tucson,0.25,0.01,231.15216000000004,10169.71205,7355.800879999999,17756.66509
837,2B,Tucson,0.25,0.15000000000000002,135.89024,10975.61854,8031.4803299999985,19142.98911
838,2B,Tucson,0.25,0.1,199.95464,10705.156739999999,7815.39592,18720.507299999997
839,2B,Tucson,0.25,0.25,61.18096,11389.32375,8369.46257,19819.967279999997
840,2B,Tucson,0.25,0.2,86.79588,11182.233619999999,8196.766059999998,19465.79556
841,2B,Tucson,0.25,0.30000000000000004,50.7854,11604.5214,8550.076579999999,20205.38338
842,2B,Tucson,0.25,0.35000000000000003,42.427760000000006,11820.1941,8737.87968,20600.50154
843,2B,Tucson,0.25,0.45,33.61484,12322.638649999999,9163.20778,21519.46127
844,2B,Tucson,0.25,0.4,37.70152,12065.76328,8941.45444,21044.91924
845,2B,Tucson,0.25,0.55,27.63116,12794.268289999998,9573.46096,22395.36041
846,2B,Tucson,0.25,0.5,30.384520000000002,12549.364179999999,9372.07143,21951.82013
847,2B,Tucson,0.25,0.6000000000000001,25.235520000000005,13042.846119999998,9752.20644,22820.28808
848,2B,Tucson,0.25,0.65,22.915760000000002,13295.952759999998,9926.99317,23245.861689999998
849,2B,Tucson,0.25,0.7000000000000001,20.71524,13546.2091,10106.37205,23673.29639
850,2B,Tucson,0.25,0.75,18.66648,13797.637229999998,10286.22598,24102.529689999996
851,2B,Tucson,0.25,0.8500000000000001,15.251880000000002,14298.688299999998,10653.66132,24967.601499999997
852,2B,Tucson,0.25,0.8,16.9104,14045.740009999998,10470.45037,24533.10078
853,2B,Tucson,0.25,0.9500000000000001,12.487680000000001,14787.514749999998,11050.80312,25850.805549999997
854,2B,Tucson,0.25,0.9,13.907720000000001,14543.65575,10847.165019999999,25404.728489999998
855,2B,Tucson,0.2,0.01,218.46936,10193.33787,7382.94207,17794.7493
856,2B,Tucson,0.2,0.15000000000000002,135.78184000000002,10979.165579999999,8050.86237,19165.80979
857,2B,Tucson,0.2,0.1,190.09024000000002,10719.88329,7846.717549999999,18756.691079999997
858,2B,Tucson,0.2,0.25,60.47636000000001,11408.895809999998,8386.88107,19856.25324
859,2B,Tucson,0.2,0.2,85.00728000000001,11197.43522,8214.5646,19497.0071
860,2B,Tucson,0.2,0.30000000000000004,49.66888,11625.771969999998,8566.35496,20241.795809999996
861,2B,Tucson,0.2,0.35000000000000003,40.996880000000004,11844.80169,8752.44788,20638.24645
862,2B,Tucson,0.2,0.45,30.2436,12336.478439999999,9177.87099,21544.593029999996
863,2B,Tucson,0.2,0.4,34.53624,12088.66069,8958.74626,21081.943189999998
864,2B,Tucson,0.2,0.55,24.043120000000002,12822.26457,9604.370879999999,22450.678569999996
865,2B,Tucson,0.2,0.5,26.87236,12573.655069999999,9393.67037,21994.197799999998
866,2B,Tucson,0.2,0.6000000000000001,21.54992,13072.425899999998,9799.14138,22893.117199999997
867,2B,Tucson,0.2,0.65,19.241,13318.375119999999,9977.538489999999,23315.154609999998
868,2B,Tucson,0.2,0.7000000000000001,17.19224,13571.41842,10159.29262,23747.90328
869,2B,Tucson,0.2,0.75,15.338600000000001,13818.79279,10344.023729999999,24178.155119999996
870,2B,Tucson,0.2,0.8500000000000001,12.010720000000001,14318.19702,10709.30551,25039.51325
871,2B,Tucson,0.2,0.8,13.59336,14073.292909999998,10525.461159999999,24612.347429999998
872,2B,Tucson,0.2,0.9500000000000001,9.051400000000001,14818.202979999998,11109.93101,25937.18539
873,2B,Tucson,0.2,0.9,10.42808,14572.03207,10906.41959,25488.879739999997
874,2B,Tucson,0.30000000000000004,0.01,248.37692,10152.92695,7337.907329999999,17739.211199999998
875,2B,Tucson,0.30000000000000004,0.15000000000000002,136.50812000000002,10960.163579999999,8022.04267,19118.714369999998
876,2B,Tucson,0.30000000000000004,0.1,210.70792,10687.168179999999,7795.475489999999,18693.35159
877,2B,Tucson,0.30000000000000004,0.25,62.16740000000001,11388.08862,8376.778339999999,19827.034359999998
878,2B,Tucson,0.30000000000000004,0.2,88.35684,11181.600219999998,8198.00119,19467.95825
879,2B,Tucson,0.30000000000000004,0.30000000000000004,51.945280000000004,11613.19898,8567.21005,20232.35431
880,2B,Tucson,0.30000000000000004,0.35000000000000003,45.49548,11837.20089,8762.17057,20644.86694
881,2B,Tucson,0.30000000000000004,0.45,37.90748,12297.587679999999,9167.76826,21503.26342
882,2B,Tucson,0.30000000000000004,0.4,41.463,12070.007059999998,8962.03994,21073.51
883,2B,Tucson,0.30000000000000004,0.55,31.620280000000005,12781.75864,9531.213179999999,22344.592099999998
884,2B,Tucson,0.30000000000000004,0.5,34.89396,12547.875689999999,9374.89006,21957.65971
885,2B,Tucson,0.30000000000000004,0.6000000000000001,28.856080000000002,13030.589829999999,9706.25327,22765.699179999996
886,2B,Tucson,0.30000000000000004,0.65,26.709760000000003,13280.371119999998,9881.45171,23188.532589999995
887,2B,Tucson,0.30000000000000004,0.7000000000000001,24.5526,13526.003639999999,10058.99373,23609.54997
888,2B,Tucson,0.30000000000000004,0.75,22.57972,13778.540219999999,10238.2776,24039.397539999998
889,2B,Tucson,0.30000000000000004,0.8500000000000001,18.774880000000003,14271.73713,10601.40582,24891.91783
890,2B,Tucson,0.30000000000000004,0.8,20.62852,14019.83395,10418.03652,24458.49899
891,2B,Tucson,0.30000000000000004,0.9500000000000001,15.989,14764.490659999998,11000.352809999998,25780.832469999994
892,2B,Tucson,0.30000000000000004,0.9,17.398200000000003,14518.794799999998,10797.2531,25333.446099999997
893,2B,Tucson,0.35000000000000003,0.01,271.05420000000004,10133.196539999999,7321.72396,17725.9747
894,2B,Tucson,0.35000000000000003,0.15000000000000002,139.60836,10941.3516,8008.614589999999,19089.574549999998
895,2B,Tucson,0.35000000000000003,0.1,222.04656000000003,10666.07596,7775.99844,18664.12096
896,2B,Tucson,0.35000000000000003,0.25,65.85300000000001,11367.15475,8370.095969999998,19803.10372
897,2B,Tucson,0.35000000000000003,0.2,92.69284000000002,11165.638539999998,8188.056809999999,19446.388189999998
898,2B,Tucson,0.35000000000000003,0.30000000000000004,56.216240000000006,11581.05393,8558.69082,20195.96099
899,2B,Tucson,0.35000000000000003,0.35000000000000003,51.110600000000005,11821.460899999998,8754.60144,20627.172939999997
900,2B,Tucson,0.35000000000000003,0.45,42.99144,12292.80551,9157.79221,21493.58916
901,2B,Tucson,0.35000000000000003,0.4,46.763760000000005,12049.4849,8955.35757,21051.606229999998
902,2B,Tucson,0.35000000000000003,0.55,36.530800000000006,12761.23648,9493.30419,22291.071470000003
903,2B,Tucson,0.35000000000000003,0.5,39.837,12532.54741,9350.75752,21923.141929999998
904,2B,Tucson,0.35000000000000003,0.6000000000000001,33.56064000000001,13017.763479999998,9666.729109999998,22718.053229999998
905,2B,Tucson,0.35000000000000003,0.65,30.742240000000002,13259.31057,9840.629079999999,23130.68189
906,2B,Tucson,0.35000000000000003,0.7000000000000001,28.71516,13508.42679,10016.52426,23553.66621
907,2B,Tucson,0.35000000000000003,0.75,26.40624,13752.950859999999,10193.876260000001,23973.23336
908,2B,Tucson,0.35000000000000003,0.8500000000000001,22.547200000000004,14252.228409999998,10557.321179999999,24832.096789999996
909,2B,Tucson,0.35000000000000003,0.8,24.59596,14001.08531,10370.05647,24395.73774
910,2B,Tucson,0.35000000000000003,0.9500000000000001,19.27352,14737.634499999998,10949.83916,25706.74718
911,2B,Tucson,0.35000000000000003,0.9,20.867,14495.739039999999,10750.60319,25267.20923
912,2B,Tucson,0.45,0.01,327.84496,10099.436319999999,7308.26421,17735.54549
913,2B,Tucson,0.45,0.15000000000000002,153.26676,10898.755449999999,7992.14619,19044.1684
914,2B,Tucson,0.45,0.1,249.38504000000003,10624.398239999999,7752.91101,18626.69429
915,2B,Tucson,0.45,0.25,79.57644,11315.56432,8361.95678,19757.097540000002
916,2B,Tucson,0.45,0.2,106.78484000000002,11118.29189,8176.7189499999995,19401.79568
917,2B,Tucson,0.45,0.30000000000000004,72.69304000000001,11537.85605,8551.18503,20161.73412
918,2B,Tucson,0.45,0.35000000000000003,67.14296,11785.103739999999,8748.679149999998,20600.925849999996
919,2B,Tucson,0.45,0.45,57.51704000000001,12263.92247,9120.45328,21441.892789999998
920,2B,Tucson,0.45,0.4,61.82052000000001,12013.919489999998,8943.03794,21018.777949999996
921,2B,Tucson,0.45,0.55,49.67972,12742.867879999998,9431.76938,22224.316979999996
922,2B,Tucson,0.45,0.5,53.70136,12506.166299999999,9288.652649999998,21848.520309999996
923,2B,Tucson,0.45,0.6000000000000001,46.449400000000004,12984.763340000001,9602.18565,22633.398390000002
924,2B,Tucson,0.45,0.65,43.32748,13229.25574,9771.050089999999,23043.633309999997
925,2B,Tucson,0.45,0.7000000000000001,40.650000000000006,13474.3182,9943.778269999999,23458.74647
926,2B,Tucson,0.45,0.75,38.0484,13722.547659999998,10120.18017,23880.776229999996
927,2B,Tucson,0.45,0.8500000000000001,33.79912,14212.48256,10476.05596,24722.337639999998
928,2B,Tucson,0.45,0.8,35.804520000000004,13969.66867,10295.72698,24301.200169999996
929,2B,Tucson,0.45,0.9500000000000001,30.43872,14687.975939999998,10863.82344,25582.2381
930,2B,Tucson,0.45,0.9,31.912960000000005,14448.23404,10668.26119,25148.40819
931,2B,Tucson,0.4,0.01,299.97532000000007,10116.91816,7313.8697999999995,17730.76328
932,2B,Tucson,0.4,0.15000000000000002,144.69232,10916.649,7998.13182,19059.47314
933,2B,Tucson,0.4,0.1,234.78356000000002,10645.71215,7762.285329999999,18642.781039999998
934,2B,Tucson,0.4,0.25,71.47896,11326.33212,8363.318589999999,19761.12967
935,2B,Tucson,0.4,0.2,98.55728,11130.48484,8180.42434,19409.46646
936,2B,Tucson,0.4,0.30000000000000004,63.348960000000005,11565.18726,8553.686959999999,20182.22318
937,2B,Tucson,0.4,0.35000000000000003,58.416760000000004,11795.269809999998,8750.32599,20604.012559999996
938,2B,Tucson,0.4,0.45,49.57132,12278.80737,9148.70292,21477.08161
939,2B,Tucson,0.4,0.4,53.69052000000001,12035.296739999998,8947.91512,21036.90238
940,2B,Tucson,0.4,0.55,42.503640000000004,12751.482119999999,9460.81077,22254.79653
941,2B,Tucson,0.4,0.5,45.92908,12518.8343,9317.44068,21882.20406
942,2B,Tucson,0.4,0.6000000000000001,39.51180000000001,12998.286429999998,9631.38539,22669.183619999996
943,2B,Tucson,0.4,0.65,36.70424,13238.946759999999,9802.97345,23078.624449999996
944,2B,Tucson,0.4,0.7000000000000001,34.02676,13492.591789999999,9978.93197,23505.550519999997
945,2B,Tucson,0.4,0.75,31.663640000000004,13741.613,10155.58723,23928.86387
946,2B,Tucson,0.4,0.8500000000000001,27.52276,14236.140049999998,10514.15497,24777.817779999998
947,2B,Tucson,0.4,0.8,29.49564,13986.485439999999,10332.464179999999,24348.445259999997
948,2B,Tucson,0.4,0.9500000000000001,24.0648,14709.1315,10905.754519999999,25638.95082
949,2B,Tucson,0.4,0.9,25.72332,14473.126659999998,10709.62221,25208.472189999997
950,2B,Tucson,0.55,0.01,386.25088,10076.63392,7304.653829999999,17767.53863
951,2B,Tucson,0.55,0.15000000000000002,177.11476,10865.28026,7987.554039999999,19029.94906
952,2B,Tucson,0.55,0.1,280.59340000000003,10596.686989999998,7743.47335,18620.75374
953,2B,Tucson,0.55,0.25,104.80112000000001,11302.009559999999,8364.33203,19771.14271
954,2B,Tucson,0.55,0.2,129.49464,11081.332999999999,8177.73239,19388.56003
955,2B,Tucson,0.55,0.30000000000000004,96.8554,11526.803219999998,8554.763739999999,20178.422359999997
956,2B,Tucson,0.55,0.35000000000000003,89.54924000000001,11759.071,8747.72905,20596.34929
957,2B,Tucson,0.55,0.45,78.50328,12242.48188,9077.44542,21398.43058
958,2B,Tucson,0.55,0.4,83.70648,11999.31962,8915.009989999999,20998.03609
959,2B,Tucson,0.55,0.55,69.23508,12717.62689,9383.97935,22170.84132
960,2B,Tucson,0.55,0.5,73.72284,12478.77175,9238.96242,21791.45701
961,2B,Tucson,0.55,0.6000000000000001,65.26764,12968.10492,9552.59043,22585.96299
962,2B,Tucson,0.55,0.65,61.53868000000001,13207.3401,9718.60457,22987.48335
963,2B,Tucson,0.55,0.7000000000000001,58.113240000000005,13452.11753,9887.46901,23397.699780000003
964,2B,Tucson,0.55,0.75,55.34904000000001,13701.487109999998,10059.563789999998,23816.399939999996
965,2B,Tucson,0.55,0.8500000000000001,50.12416,14181.921009999998,10416.67471,24648.719879999997
966,2B,Tucson,0.55,0.8,52.790800000000004,13942.21078,10234.69889,24229.70047
967,2B,Tucson,0.55,0.9500000000000001,45.89656000000001,14636.100479999997,10798.2032,25480.20024
968,2B,Tucson,0.55,0.9,47.80440000000001,14420.776149999998,10607.01141,25075.591959999998
969,2B,Tucson,0.5,0.01,356.65768,10087.18003,7306.078979999999,17749.91669
970,2B,Tucson,0.5,0.15000000000000002,163.97668000000002,10877.44154,7987.554039999999,19028.97226
971,2B,Tucson,0.5,0.1,263.60712,10612.300299999999,7747.337089999999,18623.244509999997
972,2B,Tucson,0.5,0.25,90.95844,11308.78694,8362.81187,19762.557249999998
973,2B,Tucson,0.5,0.2,117.14788,11101.41178,8177.067319999999,19395.62698
974,2B,Tucson,0.5,0.30000000000000004,84.1184,11531.39537,8551.69175,20167.20552
975,2B,Tucson,0.5,0.35000000000000003,77.70112000000002,11777.78797,8747.444019999999,20602.933109999998
976,2B,Tucson,0.5,0.45,67.32724,12251.127789999999,9096.22573,21414.68076
977,2B,Tucson,0.5,0.4,72.31363999999999,12013.57112,8935.21545,21021.10021
978,2B,Tucson,0.5,0.55,58.644400000000005,12732.353439999999,9406.49672,22197.49456
979,2B,Tucson,0.5,0.5,62.904520000000005,12494.733429999998,9262.96828,21820.606229999998
980,2B,Tucson,0.5,0.6000000000000001,54.969640000000005,12971.208579999999,9573.08092,22599.25914
981,2B,Tucson,0.5,0.65,51.73932,13215.51096,9742.9588,23010.20908
982,2B,Tucson,0.5,0.7000000000000001,48.73664,13459.52831,9913.75511,23422.02006
983,2B,Tucson,0.5,0.75,46.1242,13711.11479,10087.05335,23844.29234
984,2B,Tucson,0.5,0.8500000000000001,41.213680000000004,14199.371179999998,10444.54431,24685.12917
985,2B,Tucson,0.5,0.8,43.44672,13957.38071,10264.62704,24265.454469999997
986,2B,Tucson,0.5,0.9500000000000001,37.46304000000001,14658.586179999998,10826.927889999999,25522.97711
987,2B,Tucson,0.5,0.9,39.262480000000004,14437.117869999998,10636.337829999999,25112.718179999996
988,2B,Tucson,0.6000000000000001,0.01,415.41048000000006,10071.756739999999,7305.50892,17792.67614
989,2B,Tucson,0.6000000000000001,0.15000000000000002,192.20404000000002,10848.083449999998,7988.884179999999,19029.171669999996
990,2B,Tucson,0.6000000000000001,0.1,303.74764,10588.231099999999,7744.486789999999,18636.465529999998
991,2B,Tucson,0.6000000000000001,0.25,120.29148,11294.250409999999,8371.39444,19785.936329999997
992,2B,Tucson,0.6000000000000001,0.2,144.1178,11069.615099999999,8181.152749999999,19394.885649999997
993,2B,Tucson,0.6000000000000001,0.30000000000000004,111.26176000000001,11515.116989999999,8556.06221,20182.44096
994,2B,Tucson,0.6000000000000001,0.35000000000000003,103.86888,11752.451969999998,8737.341289999998,20593.662139999997
995,2B,Tucson,0.6000000000000001,0.45,91.07768,12231.04901,9058.98181,21381.108500000002
996,2B,Tucson,0.6000000000000001,0.4,97.03968,11989.91363,8899.33334,20986.28665
997,2B,Tucson,0.6000000000000001,0.55,80.8664,12709.20267,9363.39385,22153.46292
998,2B,Tucson,0.6000000000000001,0.5,86.03708000000002,12470.41087,9221.037199999999,21777.48515
999,2B,Tucson,0.6000000000000001,0.6000000000000001,76.82308,12958.920619999999,9530.86481,22566.60851
1000,2B,Tucson,0.6000000000000001,0.65,72.93152,13198.63085,9695.738829999998,22967.301199999998
1001,2B,Tucson,0.6000000000000001,0.7000000000000001,69.376,13443.059909999998,9863.336469999998,23375.772379999995
1002,2B,Tucson,0.6000000000000001,0.75,65.79880000000001,13691.004340000001,10035.684609999998,23792.48775
1003,2B,Tucson,0.6000000000000001,0.8500000000000001,60.2162,14169.56971,10391.053679999999,24620.83959
1004,2B,Tucson,0.6000000000000001,0.8,62.87200000000001,13932.74145,10208.1911,24203.80455
1005,2B,Tucson,0.6000000000000001,0.9500000000000001,55.47912,14615.958359999999,10768.78177,25440.21925
1006,2B,Tucson,0.6000000000000001,0.9,57.679640000000006,14404.30775,10581.64374,25043.63113
1007,2B,Tucson,0.65,0.01,444.86276000000004,10063.047489999999,7309.214309999999,17817.124559999997
1008,2B,Tucson,0.65,0.15000000000000002,206.45864000000003,10851.25045,8003.832420000001,19061.541510000003
1009,2B,Tucson,0.65,0.1,315.21636000000007,10590.036289999998,7756.80642,18662.05907
1010,2B,Tucson,0.65,0.25,135.91192,11313.28408,8402.58939,19851.785389999997
1011,2B,Tucson,0.65,0.2,156.1502,11079.55948,8205.91869,19441.62837
1012,2B,Tucson,0.65,0.30000000000000004,126.34020000000001,11555.78127,8595.016309999999,20277.137779999997
1013,2B,Tucson,0.65,0.35000000000000003,118.36196000000001,11802.933949999999,8760.523729999999,20681.819639999998
1014,2B,Tucson,0.65,0.45,104.42172000000001,12288.593399999998,9089.068309999999,21482.08343
1015,2B,Tucson,0.65,0.4,111.35932000000001,12042.64418,8924.510989999999,21078.514489999998
1016,2B,Tucson,0.65,0.55,93.3324,12765.98698,9395.31721,22254.63659
1017,2B,Tucson,0.65,0.5,98.62232000000002,12525.73836,9250.52197,21874.88265
1018,2B,Tucson,0.65,0.6000000000000001,88.87716,13005.665539999998,9560.82463,22655.367329999997
1019,2B,Tucson,0.65,0.65,84.50864,13254.5284,9726.39539,23065.43243
1020,2B,Tucson,0.65,0.7000000000000001,80.66044000000001,13500.12925,9891.8078,23472.59749
1021,2B,Tucson,0.65,0.75,77.12660000000001,13739.68113,10062.192399999998,23879.00013
1022,2B,Tucson,0.65,0.8500000000000001,71.19712000000001,14208.23878,10416.42135,24695.85725
1023,2B,Tucson,0.65,0.8,73.93964,13976.88943,10233.5271,24284.35617
1024,2B,Tucson,0.65,0.9500000000000001,66.15652,14658.64952,10810.14279,25534.94883
1025,2B,Tucson,0.65,0.9,68.62804000000001,14442.311749999999,10611.95193,25122.89172
1026,2B,Tucson,0.7000000000000001,0.01,475.59416000000004,10059.627129999999,7314.978249999999,17850.199539999998
1027,2B,Tucson,0.7000000000000001,0.15000000000000002,221.91648,10857.14107,8024.13289,19103.19044
1028,2B,Tucson,0.7000000000000001,0.1,325.83956,10595.23017,7771.627979999999,18692.69771
1029,2B,Tucson,0.7000000000000001,0.25,152.90904,11335.86479,8441.353469999998,19930.1273
1030,2B,Tucson,0.7000000000000001,0.2,169.98204,11095.014439999999,8233.91497,19498.91145
1031,2B,Tucson,0.7000000000000001,0.30000000000000004,142.37256000000002,11600.372629999998,8617.47034,20360.215529999998
1032,2B,Tucson,0.7000000000000001,0.35000000000000003,133.77644,11852.97255,8789.18508,20775.93407
1033,2B,Tucson,0.7000000000000001,0.45,119.0774,12348.06966,9124.38036,21591.52742
1034,2B,Tucson,0.7000000000000001,0.4,126.17760000000001,12102.468809999998,8957.89117,21186.53758
1035,2B,Tucson,0.7000000000000001,0.55,106.92576000000001,12828.59857,9435.791469999998,22371.315799999997
1036,2B,Tucson,0.7000000000000001,0.5,112.96364,12593.44882,9287.354179999998,21993.766639999998
1037,2B,Tucson,0.7000000000000001,0.6000000000000001,101.88516,13060.549649999999,9597.68851,22760.12332
1038,2B,Tucson,0.7000000000000001,0.65,96.93128000000002,13322.998939999998,9763.19593,23183.126149999996
1039,2B,Tucson,0.7000000000000001,0.7000000000000001,92.80124,13556.438509999998,9922.939409999999,23572.17916
1040,2B,Tucson,0.7000000000000001,0.75,89.29992,13791.49325,10089.713629999998,23970.506799999996
1041,2B,Tucson,0.7000000000000001,0.8500000000000001,82.69836000000001,14259.227479999998,10449.1998,24791.12564
1042,2B,Tucson,0.7000000000000001,0.8,85.63600000000001,14023.475999999999,10264.215329999999,24373.32733
1043,2B,Tucson,0.7000000000000001,0.9500000000000001,78.02632000000001,14702.005749999998,10856.064289999998,25636.096359999996
1044,2B,Tucson,0.7000000000000001,0.9,80.20516,14483.10271,10646.978949999999,25210.286819999998
1045,2B,Tucson,0.75,0.01,505.55592,10060.00717,7321.59728,17887.16037
1046,2B,Tucson,0.75,0.15000000000000002,238.32824000000002,10860.49809,8045.066760000001,19143.89309
1047,2B,Tucson,0.75,0.1,337.51424000000003,10596.84534,7790.37662,18724.7362
1048,2B,Tucson,0.75,0.25,170.63244,11377.00412,8467.89293,20015.52949
1049,2B,Tucson,0.75,0.2,186.83824000000004,11119.11531,8268.118569999999,19574.072119999997
1050,2B,Tucson,0.75,0.30000000000000004,159.30464,11656.42853,8649.33036,20465.06353
1051,2B,Tucson,0.75,0.35000000000000003,149.93888,11911.087,8824.560469999999,20885.586349999998
1052,2B,Tucson,0.75,0.45,134.05828000000002,12419.26382,9167.8316,21721.1537
1053,2B,Tucson,0.75,0.4,141.39696,12171.097699999998,9001.59577,21314.090429999997
1054,2B,Tucson,0.75,0.55,121.71152000000001,12904.41655,9487.12854,22513.25661
1055,2B,Tucson,0.75,0.5,127.61932000000002,12667.93666,9334.415799999999,22129.97178
1056,2B,Tucson,0.75,0.6000000000000001,116.0964,13130.25532,9644.750129999999,22891.10185
1057,2B,Tucson,0.75,0.65,110.10188,13394.35145,9807.5656,23312.01893
1058,2B,Tucson,0.75,0.7000000000000001,105.60328000000001,13619.778509999998,9959.64494,23685.026729999998
1059,2B,Tucson,0.75,0.75,101.50576000000001,13847.0741,10122.65043,24071.23029
1060,2B,Tucson,0.75,0.8500000000000001,94.76328000000001,14302.583709999999,10486.982109999999,24884.329099999995
1061,2B,Tucson,0.75,0.8,98.01528,14076.17488,10301.26923,24475.45939
1062,2B,Tucson,0.75,0.9500000000000001,89.47336000000001,14735.734299999998,10902.87255,25728.08021
1063,2B,Tucson,0.75,0.9,91.85816,14521.455079999998,10687.92826,25301.241499999996
1064,2B,Tucson,0.8500000000000001,0.01,568.0702,10051.044559999998,7331.73168,17950.846439999998
1065,2B,Tucson,0.8500000000000001,0.15000000000000002,280.24652,10850.4587,8055.264499999999,19185.96972
1066,2B,Tucson,0.8500000000000001,0.1,377.3946,10581.200359999999,7800.225989999999,18758.820949999998
1067,2B,Tucson,0.8500000000000001,0.25,212.87592,11387.23353,8464.78927,20064.898719999997
1068,2B,Tucson,0.8500000000000001,0.2,231.99768000000003,11110.184369999999,8272.36235,19614.5444
1069,2B,Tucson,0.8500000000000001,0.30000000000000004,199.25004,11677.29906,8655.474339999999,20532.023439999997
1070,2B,Tucson,0.8500000000000001,0.35000000000000003,186.74068000000003,11949.53438,8834.473179999999,20970.74824
1071,2B,Tucson,0.8500000000000001,0.45,167.91160000000002,12459.42138,9180.087889999999,21807.420869999998
1072,2B,Tucson,0.8500000000000001,0.4,176.62696,12207.67655,9010.81174,21395.11525
1073,2B,Tucson,0.8500000000000001,0.55,152.60552,12950.021349999999,9506.98563,22609.612499999996
1074,2B,Tucson,0.8500000000000001,0.5,159.5648,12711.32456,9348.38227,22219.27163
1075,2B,Tucson,0.8500000000000001,0.6000000000000001,146.60016000000002,13178.267039999999,9662.10529,22986.97249
1076,2B,Tucson,0.8500000000000001,0.65,139.54332,13446.41693,9822.418829999999,23408.37908
1077,2B,Tucson,0.8500000000000001,0.7000000000000001,134.13416,13652.873659999997,9970.697769999999,23757.705589999998
1078,2B,Tucson,0.8500000000000001,0.75,129.25616,13873.391869999998,10132.08809,24134.736119999998
1079,2B,Tucson,0.8500000000000001,0.8500000000000001,121.21288,14321.680719999998,10498.446649999998,24941.340249999994
1080,2B,Tucson,0.8500000000000001,0.8,125.18032000000001,14098.628909999998,10312.448739999998,24536.257969999995
1081,2B,Tucson,0.8500000000000001,0.9500000000000001,114.10184000000001,14740.42146,10923.48972,25778.01302
1082,2B,Tucson,0.8500000000000001,0.9,117.51644,14531.55781,10703.38322,25352.45747
1083,2B,Tucson,0.8,0.01,537.1653600000001,10056.4918,7325.144319999999,17918.801480000002
1084,2B,Tucson,0.8,0.15000000000000002,260.8104,10846.68997,8042.976539999999,19150.476909999998
1085,2B,Tucson,0.8,0.1,360.35412,10587.72438,7790.82,18738.8985
1086,2B,Tucson,0.8,0.25,192.10648,11375.578969999999,8463.775829999999,20031.461279999996
1087,2B,Tucson,0.8,0.2,209.87324000000004,11107.714109999999,8273.53414,19591.121489999998
1088,2B,Tucson,0.8,0.30000000000000004,178.57816000000003,11667.924739999999,8652.30734,20498.81024
1089,2B,Tucson,0.8,0.35000000000000003,167.82488,11930.12067,8830.92614,20928.87169
1090,2B,Tucson,0.8,0.45,150.80608,12447.22843,9179.264469999998,21777.29898
1091,2B,Tucson,0.8,0.4,158.97944,12195.54694,9008.658179999999,21363.184559999998
1092,2B,Tucson,0.8,0.55,137.2344,12928.929129999999,9506.09887,22572.2624
1093,2B,Tucson,0.8,0.5,143.60832,12698.783239999999,9345.05692,22187.44848
1094,2B,Tucson,0.8,0.6000000000000001,131.2182,13167.24588,9663.97382,22962.437899999997
1095,2B,Tucson,0.8,0.65,124.32396,13434.002289999999,9828.65782,23386.98407
1096,2B,Tucson,0.8,0.7000000000000001,119.45680000000002,13653.12702,9978.266899999999,23750.85072
1097,2B,Tucson,0.8,0.75,114.99072000000001,13876.020479999997,10139.910579999998,24130.921779999997
1098,2B,Tucson,0.8,0.8500000000000001,107.19676000000001,14328.933149999999,10510.861289999999,24946.991199999997
1099,2B,Tucson,0.8,0.8,111.0558,14100.46577,10322.99485,24534.51642
1100,2B,Tucson,0.8,0.9500000000000001,100.90956000000001,14754.071229999998,10938.342949999998,25793.323739999996
1101,2B,Tucson,0.8,0.9,103.89056000000001,14543.339049999999,10717.508039999999,25364.737649999995
1102,2B,Tucson,0.9500000000000001,0.01,626.3785600000001,10057.916949999999,7346.6799200000005,18030.97543
1103,2B,Tucson,0.9500000000000001,0.15000000000000002,318.70684,10858.31286,8068.21753,19245.23723
1104,2B,Tucson,0.9500000000000001,0.1,412.32108000000005,10588.13609,7822.04662,18822.50379
1105,2B,Tucson,0.9500000000000001,0.25,255.3904,11416.27492,8471.94669,20143.61201
1106,2B,Tucson,0.9500000000000001,0.2,274.94576,11126.58943,8274.51591,19676.0511
1107,2B,Tucson,0.9500000000000001,0.30000000000000004,239.01116000000002,11705.26367,8665.64041,20609.915240000002
1108,2B,Tucson,0.9500000000000001,0.35000000000000003,225.40696000000003,11980.729329999998,8846.032729999999,21052.169019999998
1109,2B,Tucson,0.9500000000000001,0.45,202.89228,12495.49351,9193.26261,21891.6484
1110,2B,Tucson,0.9500000000000001,0.4,213.34204000000003,12245.93391,9022.84634,21482.12229
1111,2B,Tucson,0.9500000000000001,0.55,186.16616000000002,12979.949499999999,9513.509649999998,22679.625309999996
1112,2B,Tucson,0.9500000000000001,0.5,194.18776,12747.143329999999,9356.964839999999,22298.29593
1113,2B,Tucson,0.9500000000000001,0.6000000000000001,179.33696,13203.096319999999,9663.372089999999,23045.80537
1114,2B,Tucson,0.9500000000000001,0.65,170.84924000000004,13463.61374,9820.99368,23455.45666
1115,2B,Tucson,0.9500000000000001,0.7000000000000001,164.83304,13667.125159999998,9962.368559999999,23794.326759999996
1116,2B,Tucson,0.9500000000000001,0.75,159.32632,13877.69899,10119.5151,24156.54041
1117,2B,Tucson,0.9500000000000001,0.8500000000000001,150.55676,14307.36588,10482.769999999999,24940.692639999997
1118,2B,Tucson,0.9500000000000001,0.8,154.64344,14090.806419999999,10294.61853,24540.06839
1119,2B,Tucson,0.9500000000000001,0.9500000000000001,142.93624000000003,14705.141079999998,10898.43875,25746.516069999998
1120,2B,Tucson,0.9500000000000001,0.9,146.67604,14508.47038,10685.74303,25340.889450000002
1121,2B,Tucson,0.9,0.01,598.0428,10053.83152,7338.825760000001,17990.70008
1122,2B,Tucson,0.9,0.15000000000000002,299.44416,10859.76968,8068.249199999999,19227.46304
1123,2B,Tucson,0.9,0.1,395.12884,10584.018989999999,7810.36039,18789.508219999996
1124,2B,Tucson,0.9,0.25,233.61284,11398.31803,8467.544559999998,20099.47543
1125,2B,Tucson,0.9,0.2,253.88364,11119.93873,8272.90074,19646.72311
1126,2B,Tucson,0.9,0.30000000000000004,218.92464,11691.9306,8658.76802,20569.62326
1127,2B,Tucson,0.9,0.35000000000000003,205.30960000000002,11959.25707,8839.66706,21004.23373
1128,2B,Tucson,0.9,0.45,185.34232,12476.713199999998,9186.865269999998,21848.920789999996
1129,2B,Tucson,0.9,0.4,194.65388000000002,12226.23517,9016.98739,21437.87644
1130,2B,Tucson,0.9,0.55,169.47256000000002,12965.539649999999,9510.40599,22645.4182
1131,2B,Tucson,0.9,0.5,176.81124000000003,12724.214249999999,9349.14235,22250.167840000002
1132,2B,Tucson,0.9,0.6000000000000001,162.56748000000002,13188.908159999997,9661.94694,23013.42258
1133,2B,Tucson,0.9,0.65,154.56756000000001,13450.344009999999,9819.790219999999,23424.70179
1134,2B,Tucson,0.9,0.7000000000000001,149.12588,13663.00806,9965.63057,23777.76451
1135,2B,Tucson,0.9,0.75,144.35628,13873.83525,10124.45562,24142.64715
1136,2B,Tucson,0.9,0.8500000000000001,135.67344,14314.61831,10489.072329999999,24939.36408
1137,2B,Tucson,0.9,0.8,139.565,14089.72964,10301.45925,24530.75389
1138,2B,Tucson,0.9,0.9500000000000001,128.00956000000002,14723.604689999998,10909.776609999999,25761.39086
1139,2B,Tucson,0.9,0.9,131.67348,14518.50977,10695.43405,25345.617299999998
1140,3B,ElPaso,0.01,0.01,518.965,8503.10997,7616.603329999999,16638.6783
1141,3B,ElPaso,0.01,0.15000000000000002,332.87472,9144.49081,8408.89172,17886.25725
1142,3B,ElPaso,0.01,0.1,406.94444000000004,8899.840059999999,8254.627149999998,17561.411649999995
1143,3B,ElPaso,0.01,0.25,187.84636,9548.60001,8690.184659999999,18426.631029999997
1144,3B,ElPaso,0.01,0.2,243.81328,9359.84681,8544.12262,18147.78271
1145,3B,ElPaso,0.01,0.30000000000000004,157.99300000000002,9762.43585,8861.709379999998,18782.138229999997
1146,3B,ElPaso,0.01,0.35000000000000003,134.18836000000002,9966.327309999999,9044.41361,19144.929279999997
1147,3B,ElPaso,0.01,0.45,93.77684,10414.39447,9513.984699999999,20022.15601
1148,3B,ElPaso,0.01,0.4,113.61404000000002,10190.70926,9268.76389,19573.08719
1149,3B,ElPaso,0.01,0.55,68.15108000000001,10825.88278,10003.507889999999,20897.541749999997
1150,3B,ElPaso,0.01,0.5,79.60896,10615.688989999999,9750.62294,20445.920889999998
1151,3B,ElPaso,0.01,0.6000000000000001,59.273120000000006,11033.09959,10259.24314,21351.615850000002
1152,3B,ElPaso,0.01,0.65,51.901920000000004,11247.22046,10524.09935,21823.22173
1153,3B,ElPaso,0.01,0.7000000000000001,45.59304000000001,11475.97287,10777.142649999998,22298.70856
1154,3B,ElPaso,0.01,0.75,40.682520000000004,11694.24251,11023.28189,22758.20692
1155,3B,ElPaso,0.01,0.8500000000000001,33.53896,12137.46416,11511.85498,23682.858099999998
1156,3B,ElPaso,0.01,0.8,36.72592,11913.52559,11260.236829999998,23210.488339999996
1157,3B,ElPaso,0.01,0.9500000000000001,28.086440000000003,12576.18867,12022.15369,24626.428799999998
1158,3B,ElPaso,0.01,0.9,30.61216,12358.932469999998,11769.775459999999,24159.320089999997
1159,3B,ElPaso,0.05,0.01,573.23004,8491.01203,7531.759399999999,16596.00147
1160,3B,ElPaso,0.05,0.15000000000000002,380.74416,9157.158809999999,8351.12564,17889.02861
1161,3B,ElPaso,0.05,0.1,463.76772,8927.361289999999,8185.8082399999985,17576.937249999995
1162,3B,ElPaso,0.05,0.25,205.24456,9568.99549,8637.51745,18411.7575
1163,3B,ElPaso,0.05,0.2,272.0298,9385.34116,8485.53312,18142.90408
1164,3B,ElPaso,0.05,0.30000000000000004,174.27468000000002,9770.76506,8804.830059999998,18749.8698
1165,3B,ElPaso,0.05,0.35000000000000003,148.08524000000003,9959.45492,8986.93256,19094.472719999998
1166,3B,ElPaso,0.05,0.45,104.43256000000001,10406.09693,9455.45854,19965.98803
1167,3B,ElPaso,0.05,0.4,123.09904000000002,10175.8877,9210.71278,19509.69952
1168,3B,ElPaso,0.05,0.55,78.87184,10798.77326,9937.63429,20815.27939
1169,3B,ElPaso,0.05,0.5,89.97200000000001,10591.11307,9686.39618,20367.481249999997
1170,3B,ElPaso,0.05,0.6000000000000001,69.71204,11011.15228,10189.37912,21270.24344
1171,3B,ElPaso,0.05,0.65,61.64708,11214.88539,10451.00499,21727.53746
1172,3B,ElPaso,0.05,0.7000000000000001,54.66612000000001,11439.964079999998,10691.82367,22186.453869999998
1173,3B,ElPaso,0.05,0.75,48.6174,11658.74044,10930.99551,22638.353349999998
1174,3B,ElPaso,0.05,0.8500000000000001,39.132400000000004,12100.60028,11410.85935,23550.59203
1175,3B,ElPaso,0.05,0.8,43.392520000000005,11883.47076,11168.45717,23095.32045
1176,3B,ElPaso,0.05,0.9500000000000001,32.227320000000006,12536.5695,11900.44588,24469.2427
1177,3B,ElPaso,0.05,0.9,35.2842,12318.48988,11652.754809999999,24006.528889999998
1178,3B,ElPaso,0.15000000000000002,0.01,687.0934000000001,8407.054859999998,7376.8931,16471.04136
1179,3B,ElPaso,0.15000000000000002,0.15000000000000002,456.72172,9144.74417,8230.24125,17831.70714
1180,3B,ElPaso,0.15000000000000002,0.1,574.56336,8888.502199999999,8031.73369,17494.79925
1181,3B,ElPaso,0.15000000000000002,0.25,245.05988000000002,9561.679719999998,8519.071649999998,18325.81125
1182,3B,ElPaso,0.15000000000000002,0.2,324.63632000000007,9373.02153,8373.10462,18070.76247
1183,3B,ElPaso,0.15000000000000002,0.30000000000000004,204.94104000000002,9768.421479999999,8690.46969,18663.83221
1184,3B,ElPaso,0.15000000000000002,0.35000000000000003,172.34516000000002,9957.808079999999,8866.55489,18996.70813
1185,3B,ElPaso,0.15000000000000002,0.45,133.061,10353.71475,9324.43975,19811.2155
1186,3B,ElPaso,0.15000000000000002,0.4,151.8684,10154.193749999999,9082.89266,19388.954809999996
1187,3B,ElPaso,0.15000000000000002,0.55,108.09648,10738.25189,9798.44464,20644.79301
1188,3B,ElPaso,0.15000000000000002,0.5,120.04216000000001,10551.71559,9553.41385,20225.1716
1189,3B,ElPaso,0.15000000000000002,0.6000000000000001,96.23752,10929.15865,10039.104969999999,21064.50114
1190,3B,ElPaso,0.15000000000000002,0.65,86.6658,11140.840929999998,10271.5311,21499.03783
1191,3B,ElPaso,0.15000000000000002,0.7000000000000001,78.50328,11354.29673,10501.93035,21934.73036
1192,3B,ElPaso,0.15000000000000002,0.75,71.40308,11574.7516,10716.08289,22362.237569999998
1193,3B,ElPaso,0.15000000000000002,0.8500000000000001,59.56580000000001,12009.264,11154.83907,23223.66887
1194,3B,ElPaso,0.15000000000000002,0.8,65.04,11790.67766,10922.761309999998,22778.478969999996
1195,3B,ElPaso,0.15000000000000002,0.9500000000000001,49.343680000000006,12449.54034,11637.046489999999,24135.93051
1196,3B,ElPaso,0.15000000000000002,0.9,54.221680000000006,12229.94056,11391.603989999998,23675.766229999997
1197,3B,ElPaso,0.1,0.01,631.61428,8451.74123,7445.26863,16528.62414
1198,3B,ElPaso,0.1,0.15000000000000002,424.78708000000006,9161.1809,8286.550510000001,17872.518490000002
1199,3B,ElPaso,0.1,0.1,523.23596,8921.53401,8107.45666,17552.226629999997
1200,3B,ElPaso,0.1,0.25,227.55328,9577.3247,8573.41737,18378.29535
1201,3B,ElPaso,0.1,0.2,299.75852,9389.80663,8431.85247,18121.41762
1202,3B,ElPaso,0.1,0.30000000000000004,195.26092,9785.04823,8741.93344,18722.24259
1203,3B,ElPaso,0.1,0.35000000000000003,159.5648,9967.34075,8925.90447,19052.810019999997
1204,3B,ElPaso,0.1,0.45,118.64380000000001,10377.182219999999,9386.63963,19882.46565
1205,3B,ElPaso,0.1,0.4,136.44308,10178.16794,9145.409239999999,19460.020259999998
1206,3B,ElPaso,0.1,0.55,92.36764,10761.37099,9862.51305,20716.25168
1207,3B,ElPaso,0.1,0.5,103.65208000000001,10573.15618,9614.600289999998,20291.40855
1208,3B,ElPaso,0.1,0.6000000000000001,82.15636,10960.6703,10109.760739999998,21152.587399999997
1209,3B,ElPaso,0.1,0.65,73.97216,11176.62803,10360.87217,21611.47236
1210,3B,ElPaso,0.1,0.7000000000000001,67.21884,11396.38616,10592.22152,22055.82652
1211,3B,ElPaso,0.1,0.75,60.7582,11616.46099,10825.47107,22502.69026
1212,3B,ElPaso,0.1,0.8500000000000001,48.855880000000006,12056.452299999999,11279.20716,23384.515339999998
1213,3B,ElPaso,0.1,0.8,54.66612000000001,11837.01087,11047.7628,22939.43979
1214,3B,ElPaso,0.1,0.9500000000000001,40.49824,12494.29005,11762.776389999999,24297.56468
1215,3B,ElPaso,0.1,0.9,44.444,12277.635579999998,11515.08532,23837.164899999996
1216,3B,ElPaso,0.25,0.01,808.3388000000001,8335.2273,7284.25835,16427.82445
1217,3B,ElPaso,0.25,0.15000000000000002,513.6642400000001,9078.11049,8127.06039,17718.83512
1218,3B,ElPaso,0.25,0.1,677.54336,8807.331989999999,7916.106519999999,17400.981869999996
1219,3B,ElPaso,0.25,0.25,279.0216,9477.2475,8433.27762,18189.54672
1220,3B,ElPaso,0.25,0.2,371.58436000000006,9292.674739999999,8289.21079,17953.46989
1221,3B,ElPaso,0.25,0.30000000000000004,236.09520000000003,9680.85393,8603.94725,18520.89638
1222,3B,ElPaso,0.25,0.35000000000000003,210.17676,9875.59276,8787.538239999998,18873.307759999996
1223,3B,ElPaso,0.25,0.45,168.80048000000002,10297.40549,9224.77426,19690.98023
1224,3B,ElPaso,0.25,0.4,188.85448000000002,10086.13492,8996.08519,19271.07459
1225,3B,ElPaso,0.25,0.55,141.00672000000003,10677.09712,9679.17542,20497.27926
1226,3B,ElPaso,0.25,0.5,154.03640000000001,10496.76814,9451.08808,20101.89262
1227,3B,ElPaso,0.25,0.6000000000000001,129.46212000000003,10878.9617,9897.00168,20905.425499999998
1228,3B,ElPaso,0.25,0.65,118.64380000000001,11076.20246,10097.37777,21292.224029999998
1229,3B,ElPaso,0.25,0.7000000000000001,109.15880000000001,11285.88953,10303.422789999999,21698.47112
1230,3B,ElPaso,0.25,0.75,99.82556000000001,11505.36263,10515.3901,22120.578289999998
1231,3B,ElPaso,0.25,0.8500000000000001,84.34604,11934.07942,10942.365039999999,22960.7905
1232,3B,ElPaso,0.25,0.8,91.82563999999999,11720.71863,10722.638579999999,22535.182849999997
1233,3B,ElPaso,0.25,0.9500000000000001,73.67948,12358.5841,11411.9678,23844.23138
1234,3B,ElPaso,0.25,0.9,78.65504000000001,12150.79723,11176.94473,23406.396999999997
1235,3B,ElPaso,0.2,0.01,744.3828000000001,8367.91074,7324.130879999999,16436.424419999996
1236,3B,ElPaso,0.2,0.15000000000000002,484.53716000000003,9118.299719999999,8176.1488899999995,17778.98577
1237,3B,ElPaso,0.2,0.1,625.33792,8848.18629,7968.742059999999,17442.26627
1238,3B,ElPaso,0.2,0.25,260.85376,9525.924289999999,8478.50238,18265.28043
1239,3B,ElPaso,0.2,0.2,347.3136,9336.696039999999,8325.377929999999,18009.38757
1240,3B,ElPaso,0.2,0.30000000000000004,218.92464,9728.61229,8643.88312,18591.42005
1241,3B,ElPaso,0.2,0.35000000000000003,190.00352,9922.337679999999,8824.560469999999,18936.90167
1242,3B,ElPaso,0.2,0.45,150.32912000000002,10329.012149999999,9269.523969999998,19748.86524
1243,3B,ElPaso,0.2,0.4,168.70292,10125.72242,9037.667899999999,19332.09324
1244,3B,ElPaso,0.2,0.55,124.12884000000001,10711.33239,9736.40311,20571.86434
1245,3B,ElPaso,0.2,0.5,136.07452,10527.076329999998,9497.13626,20160.287109999997
1246,3B,ElPaso,0.2,0.6000000000000001,112.58424000000001,10902.904219999999,9972.534629999998,20988.023089999995
1247,3B,ElPaso,0.2,0.65,102.45968,11109.32928,10190.55091,21402.33987
1248,3B,ElPaso,0.2,0.7000000000000001,91.94488,11318.509629999999,10396.120879999999,21806.575389999998
1249,3B,ElPaso,0.2,0.75,83.83656,11533.675609999998,10608.499899999999,22226.012069999997
1250,3B,ElPaso,0.2,0.8500000000000001,71.58736000000002,11968.219679999998,11044.78582,23084.592859999997
1251,3B,ElPaso,0.2,0.8,77.27836,11756.284039999999,10818.82037,22652.382769999997
1252,3B,ElPaso,0.2,0.9500000000000001,60.44384,12405.139,11517.71393,23983.29677
1253,3B,ElPaso,0.2,0.9,65.25680000000001,12187.75612,11280.34728,23533.3602
1254,3B,ElPaso,0.30000000000000004,0.01,877.0535600000001,8297.63501,7251.25821,16425.94678
1255,3B,ElPaso,0.30000000000000004,0.15000000000000002,542.49864,9042.92512,8101.40769,17686.831449999998
1256,3B,ElPaso,0.30000000000000004,0.1,733.5861600000001,8771.48155,7878.229199999999,17383.29691
1257,3B,ElPaso,0.30000000000000004,0.25,297.11356,9437.05827,8427.92539,18162.09722
1258,3B,ElPaso,0.30000000000000004,0.2,394.42424000000005,9261.733149999998,8270.810519999999,17926.96791
1259,3B,ElPaso,0.30000000000000004,0.30000000000000004,257.09228,9657.92485,8601.31864,18516.335769999998
1260,3B,ElPaso,0.30000000000000004,0.35000000000000003,232.47464000000002,9866.4718,8786.93651,18885.88295
1261,3B,ElPaso,0.30000000000000004,0.45,192.45336,10282.14055,9200.705059999998,19675.298969999996
1262,3B,ElPaso,0.30000000000000004,0.4,212.38812000000001,10072.99187,8989.62451,19275.0045
1263,3B,ElPaso,0.30000000000000004,0.55,160.39948,10632.125719999998,9625.273079999999,20417.798279999995
1264,3B,ElPaso,0.30000000000000004,0.5,176.12832,10451.32169,9421.57164,20049.021650000002
1265,3B,ElPaso,0.30000000000000004,0.6000000000000001,148.3454,10835.827159999999,9818.270059999999,20802.442619999998
1266,3B,ElPaso,0.30000000000000004,0.65,137.27776,11049.40964,10017.50603,21204.19343
1267,3B,ElPaso,0.30000000000000004,0.7000000000000001,127.35916,11257.92492,10220.605739999999,21605.889819999997
1268,3B,ElPaso,0.30000000000000004,0.75,117.75492,11471.127359999999,10427.85422,22016.7365
1269,3B,ElPaso,0.30000000000000004,0.8500000000000001,100.90956000000001,11902.97948,10855.2092,22859.09824
1270,3B,ElPaso,0.30000000000000004,0.8,108.20488,11686.071649999998,10632.85413,22427.130659999995
1271,3B,ElPaso,0.30000000000000004,0.9500000000000001,87.97744,12321.973579999998,11321.138239999998,23731.089259999997
1272,3B,ElPaso,0.30000000000000004,0.9,93.86356,12106.1742,11084.11996,23284.15772
1273,3B,ElPaso,0.35000000000000003,0.01,953.09616,8270.588829999999,7225.510499999999,16449.19549
1274,3B,ElPaso,0.35000000000000003,0.15000000000000002,576.2760800000001,9000.42398,8069.92771,17646.62777
1275,3B,ElPaso,0.35000000000000003,0.1,792.53408,8740.381609999999,7842.82214,17375.73783
1276,3B,ElPaso,0.35000000000000003,0.25,325.01572,9395.76059,8401.955989999999,18122.732299999996
1277,3B,ElPaso,0.35000000000000003,0.2,426.20712000000003,9218.09189,8248.32482,17892.623829999997
1278,3B,ElPaso,0.35000000000000003,0.30000000000000004,289.08112000000006,9594.39483,8569.83866,18453.31461
1279,3B,ElPaso,0.35000000000000003,0.35000000000000003,262.60984,9807.34391,8755.32985,18825.2836
1280,3B,ElPaso,0.35000000000000003,0.45,220.55064000000002,10228.143199999999,9164.63293,19613.32677
1281,3B,ElPaso,0.35000000000000003,0.4,240.50708000000003,10019.184539999998,8956.941069999999,19216.63269
1282,3B,ElPaso,0.35000000000000003,0.55,185.16888,10596.40196,9559.01944,20340.590279999997
1283,3B,ElPaso,0.35000000000000003,0.5,202.44784,10419.71503,9380.52732,20002.69019
1284,3B,ElPaso,0.35000000000000003,0.6000000000000001,171.07688000000002,10807.60919,9748.279359999999,20726.965429999997
1285,3B,ElPaso,0.35000000000000003,0.65,158.66508000000002,11021.223339999999,9945.615129999998,21125.503549999998
1286,3B,ElPaso,0.35000000000000003,0.7000000000000001,148.13944,11237.62445,10146.14957,21531.91346
1287,3B,ElPaso,0.35000000000000003,0.75,138.02572,11443.54279,10348.362519999999,21929.93103
1288,3B,ElPaso,0.35000000000000003,0.8500000000000001,119.70612000000001,11873.24135,10772.42382,22765.371290000003
1289,3B,ElPaso,0.35000000000000003,0.8,128.36728000000002,11656.36519,10553.900819999999,22338.633289999998
1290,3B,ElPaso,0.35000000000000003,0.9500000000000001,105.10464,12286.18648,11231.95552,23623.246639999998
1291,3B,ElPaso,0.35000000000000003,0.9,111.55444,12083.24512,11000.891199999998,23195.690759999998
1292,3B,ElPaso,0.45,0.01,1102.40632,8219.50512,7189.533379999999,16511.444819999997
1293,3B,ElPaso,0.45,0.15000000000000002,653.7604000000001,8925.11272,8027.014859999999,17605.88798
1294,3B,ElPaso,0.45,0.1,907.9692400000001,8687.17601,7793.955329999999,17389.10058
1295,3B,ElPaso,0.45,0.25,393.45948000000004,9303.632559999998,8359.32817,18056.420209999997
1296,3B,ElPaso,0.45,0.2,497.00316000000004,9130.175969999998,8203.13173,17830.310859999998
1297,3B,ElPaso,0.45,0.30000000000000004,360.16984,9511.261079999998,8528.28762,18399.718539999998
1298,3B,ElPaso,0.45,0.35000000000000003,331.63896,9718.22453,8708.584929999999,18758.44842
1299,3B,ElPaso,0.45,0.45,286.04592,10135.445109999999,9103.509829999999,19525.00086
1300,3B,ElPaso,0.45,0.4,307.09720000000004,9931.52198,8907.282510000001,19145.90169
1301,3B,ElPaso,0.45,0.55,245.74280000000002,10552.285649999998,9441.872109999998,20239.900559999995
1302,3B,ElPaso,0.45,0.5,266.0136,10335.25114,9278.3599,19879.62464
1303,3B,ElPaso,0.45,0.6000000000000001,229.50448,10752.566729999999,9630.59364,20612.664849999997
1304,3B,ElPaso,0.45,0.65,213.46128,10963.140559999998,9822.1338,20998.73564
1305,3B,ElPaso,0.45,0.7000000000000001,200.56168000000002,11182.391969999999,10018.266109999999,21401.21976
1306,3B,ElPaso,0.45,0.75,188.99540000000002,11401.54837,10219.560629999998,21810.104399999997
1307,3B,ElPaso,0.45,0.8500000000000001,167.93328,11820.79583,10629.750469999999,22618.47958
1308,3B,ElPaso,0.45,0.8,177.36408000000003,11612.565579999999,10418.98662,22208.916279999998
1309,3B,ElPaso,0.45,0.9500000000000001,149.61368000000002,12227.72366,11078.35602,23455.693359999997
1310,3B,ElPaso,0.45,0.9,158.4266,12030.98962,10858.566219999999,23047.98244
1311,3B,ElPaso,0.4,0.01,1026.51548,8245.06281,7205.368379999999,16476.946669999998
1312,3B,ElPaso,0.4,0.15000000000000002,613.56568,8964.76356,8044.40169,17622.730929999998
1313,3B,ElPaso,0.4,0.1,850.5606,8713.462109999999,7818.56292,17382.58563
1314,3B,ElPaso,0.4,0.25,356.07232000000005,9350.21913,8382.4156,18088.707049999997
1315,3B,ElPaso,0.4,0.2,459.45340000000004,9175.24238,8220.930269999999,17855.62605
1316,3B,ElPaso,0.4,0.30000000000000004,323.48728000000006,9556.04246,8542.00073,18421.530469999998
1317,3B,ElPaso,0.4,0.35000000000000003,296.15964,9755.658469999998,8725.211679999999,18777.029789999997
1318,3B,ElPaso,0.4,0.45,252.58284,10182.31671,9131.25275,19566.152299999998
1319,3B,ElPaso,0.4,0.4,273.51488,9967.91081,8930.6233,19172.04899
1320,3B,ElPaso,0.4,0.55,214.54528,10575.02471,9498.244709999999,20287.8147
1321,3B,ElPaso,0.4,0.5,233.17924000000002,10373.761859999999,9330.33037,19937.27147
1322,3B,ElPaso,0.4,0.6000000000000001,198.32864000000004,10779.23287,9686.71288,20664.27439
1323,3B,ElPaso,0.4,0.65,184.822,10993.385409999999,9880.56495,21058.77236
1324,3B,ElPaso,0.4,0.7000000000000001,172.64868,11209.343139999999,10079.484219999998,21461.476039999998
1325,3B,ElPaso,0.4,0.75,161.38592,11421.848839999999,10280.30369,21863.53845
1326,3B,ElPaso,0.4,0.8500000000000001,142.31836,11839.92451,10698.82274,22681.065609999998
1327,3B,ElPaso,0.4,0.8,151.8684,11631.85261,10482.1366,22265.85761
1328,3B,ElPaso,0.4,0.9500000000000001,125.32124,12253.249679999999,11150.563619999999,23529.13454
1329,3B,ElPaso,0.4,0.9,132.8442,12059.01757,10925.104889999999,23116.96666
1330,3B,ElPaso,0.55,0.01,1252.9414,8158.85707,7424.3981,16836.19657
1331,3B,ElPaso,0.55,0.15000000000000002,734.9736800000001,8868.13839,7987.33235,17590.44442
1332,3B,ElPaso,0.55,0.1,1015.5562400000001,8644.0098,7765.89571,17425.46175
1333,3B,ElPaso,0.55,0.25,480.63476,9238.772399999998,8318.82224,18038.229399999997
1334,3B,ElPaso,0.55,0.2,576.6771600000001,9057.14495,8181.02607,17814.84818
1335,3B,ElPaso,0.55,0.30000000000000004,443.81128000000007,9442.663859999999,8483.506239999999,18369.981379999997
1336,3B,ElPaso,0.55,0.35000000000000003,412.11512000000005,9647.53709,8669.504149999999,18729.15636
1337,3B,ElPaso,0.55,0.45,358.92324,10071.566719999999,9013.47202,19443.96198
1338,3B,ElPaso,0.55,0.4,383.25904,9864.63494,8859.650829999999,19107.54481
1339,3B,ElPaso,0.55,0.55,313.75296000000003,10494.32955,9348.635629999999,20156.718139999997
1340,3B,ElPaso,0.55,0.5,337.67684,10285.212539999999,9192.43919,19815.328569999998
1341,3B,ElPaso,0.55,0.6000000000000001,295.20572,10710.41396,9534.50686,20540.126539999997
1342,3B,ElPaso,0.55,0.65,277.91592,10925.16823,9723.22839,20926.31254
1343,3B,ElPaso,0.55,0.7000000000000001,263.07596,11135.90041,9913.78678,21312.76315
1344,3B,ElPaso,0.55,0.75,248.57204000000002,11349.8946,10112.231,21710.69764
1345,3B,ElPaso,0.55,0.8500000000000001,224.83244000000002,11771.4223,10519.507199999998,22515.761939999997
1346,3B,ElPaso,0.55,0.8,235.73748,11564.87056,10309.15506,22109.763099999996
1347,3B,ElPaso,0.55,0.9500000000000001,204.20392,12164.16197,10950.8526,23319.21849
1348,3B,ElPaso,0.55,0.9,213.79732,11976.10551,10737.52348,22927.42631
1349,3B,ElPaso,0.5,0.01,1176.97468,8196.35435,7176.5170100000005,16549.84604
1350,3B,ElPaso,0.5,0.15000000000000002,693.47816,8894.67785,8008.5512499999995,17596.70726
1351,3B,ElPaso,0.5,0.1,963.17736,8656.01273,7776.03011,17395.2202
1352,3B,ElPaso,0.5,0.25,436.03900000000004,9265.43854,8335.70235,18037.17989
1353,3B,ElPaso,0.5,0.2,535.50684,9092.61535,8192.110569999999,17820.23276
1354,3B,ElPaso,0.5,0.30000000000000004,400.68976000000004,9469.48835,8505.675239999999,18375.853349999998
1355,3B,ElPaso,0.5,0.35000000000000003,371.11824,9679.682139999999,8688.632829999999,18739.433209999996
1356,3B,ElPaso,0.5,0.45,320.89652,10103.07837,9053.66125,19477.63614
1357,3B,ElPaso,0.5,0.4,343.59548000000007,9881.166679999998,8882.611579999999,19107.373739999995
1358,3B,ElPaso,0.5,0.55,278.79396,10514.53501,9392.34023,20185.6692
1359,3B,ElPaso,0.5,0.5,300.50648000000007,10315.964109999999,9234.0219,19850.492489999997
1360,3B,ElPaso,0.5,0.6000000000000001,261.244,10731.94956,9581.093429999999,20574.28699
1361,3B,ElPaso,0.5,0.65,245.73196000000002,10940.93989,9771.30345,20957.9753
1362,3B,ElPaso,0.5,0.7000000000000001,230.25244,11157.59436,9963.44534,21351.292139999998
1363,3B,ElPaso,0.5,0.75,217.22276,11372.79201,10163.473059999998,21753.48783
1364,3B,ElPaso,0.5,0.8500000000000001,195.00075999999999,11798.215119999999,10573.56789,22566.783770000002
1365,3B,ElPaso,0.5,0.8,206.58872000000002,11580.19884,10362.962389999999,22149.749949999998
1366,3B,ElPaso,0.5,0.9500000000000001,176.61612000000002,12192.6333,11012.95747,23382.20689
1367,3B,ElPaso,0.5,0.9,185.13636,12007.3638,10794.21278,22986.712939999998
1368,3B,ElPaso,0.6000000000000001,0.01,1329.08156,8142.83205,7422.65625,16894.56986
1369,3B,ElPaso,0.6000000000000001,0.15000000000000002,775.9705600000001,8849.42142,7979.4465199999995,17604.838499999998
1370,3B,ElPaso,0.6000000000000001,0.1,1064.3904400000001,8624.374399999999,7763.298769999999,17452.063609999997
1371,3B,ElPaso,0.6000000000000001,0.25,526.7156,9214.7032,8307.9911,18049.4099
1372,3B,ElPaso,0.6000000000000001,0.2,617.97756,9033.07575,8170.321609999999,17821.37492
1373,3B,ElPaso,0.6000000000000001,0.30000000000000004,488.21192,9418.594659999999,8472.16838,18378.97496
1374,3B,ElPaso,0.6000000000000001,0.35000000000000003,455.32336000000004,9625.49477,8656.55112,18737.36925
1375,3B,ElPaso,0.6000000000000001,0.45,398.54344000000003,10046.42074,8974.011199999999,19418.975379999996
1376,3B,ElPaso,0.6000000000000001,0.4,425.9578,9843.669399999999,8824.43379,19094.060989999998
1377,3B,ElPaso,0.6000000000000001,0.55,351.94228000000004,10476.84771,9311.20169,20139.99168
1378,3B,ElPaso,0.6000000000000001,0.5,375.68188000000004,10264.12032,9151.58489,19791.38709
1379,3B,ElPaso,0.6000000000000001,0.6000000000000001,331.38964,10694.04057,9494.064269999999,20519.494479999998
1380,3B,ElPaso,0.6000000000000001,0.65,313.34104,10910.34667,9684.08427,20907.771979999998
1381,3B,ElPaso,0.6000000000000001,0.7000000000000001,296.50651999999997,11121.20553,9871.00061,21288.712659999997
1382,3B,ElPaso,0.6000000000000001,0.75,280.50668,11327.12387,10065.517749999999,21673.1483
1383,3B,ElPaso,0.6000000000000001,0.8500000000000001,254.27388000000002,11745.864609999999,10469.53194,22469.67043
1384,3B,ElPaso,0.6000000000000001,0.8,266.78324000000003,11539.344539999998,10262.37847,22068.50625
1385,3B,ElPaso,0.6000000000000001,0.9500000000000001,233.77544,12140.18778,10897.076939999999,23271.040159999997
1386,3B,ElPaso,0.6000000000000001,0.9,243.41220000000004,11953.39812,10686.28142,22883.09174
1387,3B,ElPaso,0.65,0.01,1390.57688,8126.6803500000005,7418.15911,16935.41634
1388,3B,ElPaso,0.65,0.15000000000000002,809.8347200000001,8841.978969999998,7985.71718,17637.53087
1389,3B,ElPaso,0.65,0.1,1103.81552,8611.19968,7762.443679999999,17477.45888
1390,3B,ElPaso,0.65,0.25,569.27344,9223.475789999999,8323.95278,18116.70201
1391,3B,ElPaso,0.65,0.2,648.2862,9029.02199,8174.533719999999,17851.84191
1392,3B,ElPaso,0.65,0.30000000000000004,528.67764,9432.52946,8503.0783,18464.2854
1393,3B,ElPaso,0.65,0.35000000000000003,494.77012,9648.74055,8666.622179999998,18810.132849999998
1394,3B,ElPaso,0.65,0.45,436.66772000000003,10077.52068,8985.31739,19499.50579
1395,3B,ElPaso,0.65,0.4,464.69996000000003,9870.68391,8826.90405,19162.28792
1396,3B,ElPaso,0.65,0.55,388.85248000000007,10511.589699999999,9327.70176,20228.143939999998
1397,3B,ElPaso,0.65,0.5,412.72216000000003,10309.56677,9167.95828,19890.24721
1398,3B,ElPaso,0.65,0.6000000000000001,367.4434800000001,10721.055079999998,9508.6008,20597.09936
1399,3B,ElPaso,0.65,0.65,346.5548,10950.06085,9704.19472,21000.81037
1400,3B,ElPaso,0.65,0.7000000000000001,329.39508,11153.033879999999,9886.61392,21369.04288
1401,3B,ElPaso,0.65,0.75,313.13508,11358.63552,10077.80571,21749.57631
1402,3B,ElPaso,0.65,0.8500000000000001,284.13808,11773.13248,10481.72489,22538.995450000002
1403,3B,ElPaso,0.65,0.8,297.68808,11572.122989999998,10273.39963,22143.210699999996
1404,3B,ElPaso,0.65,0.9500000000000001,261.08140000000003,12161.786719999998,10914.36876,23337.236879999997
1405,3B,ElPaso,0.65,0.9,271.89972000000006,11982.94623,10700.406239999998,22955.25219
1406,3B,ElPaso,0.7000000000000001,0.01,1455.5084800000002,8115.089129999999,7417.52571,16988.12332
1407,3B,ElPaso,0.7000000000000001,0.15000000000000002,842.58236,8827.44244,7994.553109999999,17664.57791
1408,3B,ElPaso,0.7000000000000001,0.1,1137.50624,8603.915579999999,7768.651,17510.07282
1409,3B,ElPaso,0.7000000000000001,0.25,612.1564800000001,9238.455699999999,8342.099690000001,18192.71187
1410,3B,ElPaso,0.7000000000000001,0.2,680.3509200000001,9028.07189,8176.8773,17885.30011
1411,3B,ElPaso,0.7000000000000001,0.30000000000000004,571.18128,9457.20039,8520.90851,18549.29018
1412,3B,ElPaso,0.7000000000000001,0.35000000000000003,534.98652,9686.49119,8679.765229999999,18901.24294
1413,3B,ElPaso,0.7000000000000001,0.45,473.95732000000004,10129.99787,9009.038219999999,19612.993409999995
1414,3B,ElPaso,0.7000000000000001,0.4,502.99768,9908.11785,8833.459739999998,19244.57527
1415,3B,ElPaso,0.7000000000000001,0.55,426.01200000000006,10557.66955,9356.10975,20339.7913
1416,3B,ElPaso,0.7000000000000001,0.5,449.12288,10357.16678,9188.48044,19994.7701
1417,3B,ElPaso,0.7000000000000001,0.6000000000000001,404.97156,10762.637789999999,9534.50686,20702.11621
1418,3B,ElPaso,0.7000000000000001,0.65,381.61136000000005,10990.31342,9728.928989999999,21100.85377
1419,3B,ElPaso,0.7000000000000001,0.7000000000000001,363.24840000000006,11198.25864,9908.9096,21470.416640000003
1420,3B,ElPaso,0.7000000000000001,0.75,345.86104,11403.38523,10095.00252,21844.248789999998
1421,3B,ElPaso,0.7000000000000001,0.8500000000000001,316.23532000000006,11804.23242,10499.966809999998,22620.434549999998
1422,3B,ElPaso,0.7000000000000001,0.8,330.48992000000004,11599.99259,10290.43809,22220.920599999998
1423,3B,ElPaso,0.7000000000000001,0.9500000000000001,291.06484,12196.24368,10943.37848,23430.686999999998
1424,3B,ElPaso,0.7000000000000001,0.9,302.83708,12005.08356,10717.38136,23025.301999999996
1425,3B,ElPaso,0.75,0.01,1518.4238400000002,8104.6696999999995,7414.01034,17037.10388
1426,3B,ElPaso,0.75,0.15000000000000002,874.4844800000001,8826.23898,8003.26236,17703.98582
1427,3B,ElPaso,0.75,0.1,1163.0127600000003,8599.29176,7783.8526,17546.15712
1428,3B,ElPaso,0.75,0.25,655.20212,9252.327159999999,8361.576739999999,18269.10602
1429,3B,ElPaso,0.75,0.2,715.3858000000001,9035.38766,8188.721879999999,17939.49534
1430,3B,ElPaso,0.75,0.30000000000000004,612.36244,9484.24657,8531.422949999998,18628.03196
1431,3B,ElPaso,0.75,0.35000000000000003,575.48476,9719.61801,8694.49178,18989.59455
1432,3B,ElPaso,0.75,0.45,511.46372,10186.30713,9039.28307,19737.05392
1433,3B,ElPaso,0.75,0.4,542.08672,9959.04321,8859.0491,19360.17903
1434,3B,ElPaso,0.75,0.55,461.06856,10616.480739999999,9393.575359999999,20471.124659999998
1435,3B,ElPaso,0.75,0.5,484.66724000000005,10412.49427,9219.4537,20116.61521
1436,3B,ElPaso,0.75,0.6000000000000001,439.12840000000006,10816.666809999999,9569.75557,20825.550779999998
1437,3B,ElPaso,0.75,0.65,415.57308000000006,11047.129399999998,9763.32261,21226.025089999996
1438,3B,ElPaso,0.75,0.7000000000000001,396.5163600000001,11243.92678,9937.38093,21577.82407
1439,3B,ElPaso,0.75,0.75,380.26720000000006,11438.253899999998,10116.91816,21935.43926
1440,3B,ElPaso,0.75,0.8500000000000001,347.29192,11841.983059999999,10521.43907,22710.71405
1441,3B,ElPaso,0.75,0.8,362.95572,11644.077229999999,10311.49864,22318.53159
1442,3B,ElPaso,0.75,0.9500000000000001,321.98052,12225.69678,10969.664579999999,23517.34188
1443,3B,ElPaso,0.75,0.9,334.0346,12032.668129999998,10739.993739999998,23106.696469999995
1444,3B,ElPaso,0.8500000000000001,0.01,1638.78036,8081.07555,7416.892309999999,17136.74822
1445,3B,ElPaso,0.8500000000000001,0.15000000000000002,968.3046800000001,8789.723469999999,7996.16828,17754.196429999996
1446,3B,ElPaso,0.8500000000000001,0.1,1251.4021200000002,8568.033469999998,7781.097309999999,17600.5329
1447,3B,ElPaso,0.8500000000000001,0.25,751.60224,9242.287769999999,8328.924969999998,18322.814979999996
1448,3B,ElPaso,0.8500000000000001,0.2,811.4715600000001,9015.59391,8176.43392,18003.49939
1449,3B,ElPaso,0.8500000000000001,0.30000000000000004,704.03632,9481.174579999999,8499.68961,18684.90051
1450,3B,ElPaso,0.8500000000000001,0.35000000000000003,663.41884,9725.79366,8668.23735,19057.449849999997
1451,3B,ElPaso,0.8500000000000001,0.45,594.9534000000001,10196.94825,9024.08147,19815.983119999997
1452,3B,ElPaso,0.8500000000000001,0.4,627.54928,9963.79371,8842.01064,19433.353629999998
1453,3B,ElPaso,0.8500000000000001,0.55,539.78864,10633.899239999999,9383.345949999999,20557.03383
1454,3B,ElPaso,0.8500000000000001,0.5,566.02144,10418.76493,9202.76361,20187.54998
1455,3B,ElPaso,0.8500000000000001,0.6000000000000001,516.3092,10829.968209999999,9557.56262,20903.84003
1456,3B,ElPaso,0.8500000000000001,0.65,488.41788,11068.22162,9754.961729999999,21311.60123
1457,3B,ElPaso,0.8500000000000001,0.7000000000000001,467.46416000000005,11261.12359,9921.735949999998,21650.323699999997
1458,3B,ElPaso,0.8500000000000001,0.75,448.57004,11450.510189999999,10098.23286,21997.31309
1459,3B,ElPaso,0.8500000000000001,0.8500000000000001,414.86848000000003,11844.960039999998,10493.63281,22753.46133
1460,3B,ElPaso,0.8500000000000001,0.8,431.56208000000004,11655.16173,10291.03982,22377.76363
1461,3B,ElPaso,0.8500000000000001,0.9500000000000001,386.73868,12216.955859999998,10944.17023,23547.86477
1462,3B,ElPaso,0.8500000000000001,0.9,399.98516000000006,12030.609579999998,10716.8113,23147.406039999998
1463,3B,ElPaso,0.8,0.01,1580.75384,8089.72146,7410.58998,17081.06528
1464,3B,ElPaso,0.8,0.15000000000000002,926.9284000000001,8797.51429,7996.0416000000005,17720.48429
1465,3B,ElPaso,0.8,0.1,1213.09356,8578.99129,7781.0023,17573.08715
1466,3B,ElPaso,0.8,0.25,704.8059600000001,9243.45956,8344.31659,18292.58211
1467,3B,ElPaso,0.8,0.2,764.95712,9022.24461,8178.7141599999995,17965.91589
1468,3B,ElPaso,0.8,0.30000000000000004,658.86604,9485.26001,8513.276039999999,18657.40209
1469,3B,ElPaso,0.8,0.35000000000000003,620.01548,9722.81668,8679.25851,19022.090669999998
1470,3B,ElPaso,0.8,0.45,553.4253600000001,10194.44632,9033.519129999999,19781.390809999997
1471,3B,ElPaso,0.8,0.4,585.089,9962.305219999998,8852.208379999998,19399.6026
1472,3B,ElPaso,0.8,0.55,500.78632000000005,10633.55087,9400.00437,20534.34156
1473,3B,ElPaso,0.8,0.5,525.23052,10421.42521,9216.95177,20163.6075
1474,3B,ElPaso,0.8,0.6000000000000001,477.70796,10833.515249999999,9575.26615,20886.48936
1475,3B,ElPaso,0.8,0.65,451.09576000000004,11072.05369,9775.67391,21298.823360000002
1476,3B,ElPaso,0.8,0.7000000000000001,431.18268,11266.66584,9946.12185,21643.97037
1477,3B,ElPaso,0.8,0.75,413.31836000000004,11456.02077,10122.017029999999,21991.356159999996
1478,3B,ElPaso,0.8,0.8500000000000001,381.64388,11862.3152,10527.99476,22771.95384
1479,3B,ElPaso,0.8,0.8,396.53804,11660.83066,10317.23091,22374.599609999997
1480,3B,ElPaso,0.8,0.9500000000000001,353.77424,12238.839829999999,10981.00244,23573.61651
1481,3B,ElPaso,0.8,0.9,367.19416,12041.377379999998,10751.90166,23160.473199999997
1482,3B,ElPaso,0.9500000000000001,0.01,1766.76824,8061.63017,7430.06703,17258.46544
1483,3B,ElPaso,0.9500000000000001,0.15000000000000002,1047.10064,8782.59772,7996.9917,17826.69006
1484,3B,ElPaso,0.9500000000000001,0.1,1324.6480000000001,8555.08044,7791.200039999999,17670.92848
1485,3B,ElPaso,0.9500000000000001,0.25,842.7016,9250.4903,8311.12643,18404.318330000002
1486,3B,ElPaso,0.9500000000000001,0.2,906.1914800000001,9019.01427,8152.26971,18077.475459999998
1487,3B,ElPaso,0.9500000000000001,0.30000000000000004,792.25224,9488.26866,8480.624269999998,18761.145169999996
1488,3B,ElPaso,0.9500000000000001,0.35000000000000003,749.33668,9735.801379999999,8652.30734,19137.445399999997
1489,3B,ElPaso,0.9500000000000001,0.45,676.61112,10203.78897,9008.94321,19889.3433
1490,3B,ElPaso,0.9500000000000001,0.4,711.34248,9974.1498,8830.451089999999,19515.943369999997
1491,3B,ElPaso,0.9500000000000001,0.55,617.47892,10642.450139999999,9363.995579999999,20623.924639999997
1492,3B,ElPaso,0.9500000000000001,0.5,644.98,10425.22561,9185.91517,20256.120779999997
1493,3B,ElPaso,0.9500000000000001,0.6000000000000001,592.7528800000001,10846.3416,9534.981909999999,20974.07639
1494,3B,ElPaso,0.9500000000000001,0.65,563.12716,11066.923149999999,9727.59885,21357.64916
1495,3B,ElPaso,0.9500000000000001,0.7000000000000001,541.9132800000001,11248.07555,9888.38744,21678.37627
1496,3B,ElPaso,0.9500000000000001,0.75,521.6750000000001,11437.36714,10055.5417,22014.58384
1497,3B,ElPaso,0.9500000000000001,0.8500000000000001,485.27428000000003,11822.91772,10442.73912,22750.93112
1498,3B,ElPaso,0.9500000000000001,0.8,503.1386,11624.60018,10240.1778,22367.916579999997
1499,3B,ElPaso,0.9500000000000001,0.9500000000000001,454.48868,12181.45379,10879.056709999999,23514.99918
1500,3B,ElPaso,0.9500000000000001,0.9,468.94924000000003,12005.90698,10655.46651,23130.32273
1501,3B,ElPaso,0.9,0.01,1697.57652,8070.497769999999,7422.94128,17191.01557
1502,3B,ElPaso,0.9,0.15000000000000002,1006.6566,8786.87317,7995.28152,17788.81129
1503,3B,ElPaso,0.9,0.1,1287.61856,8559.514239999999,7797.53404,17644.666839999998
1504,3B,ElPaso,0.9,0.25,798.59364,9245.866479999999,8322.21093,18366.671049999997
1505,3B,ElPaso,0.9,0.2,859.2000800000001,9016.54401,8165.5394400000005,18041.28353
1506,3B,ElPaso,0.9,0.30000000000000004,748.4586400000001,9479.464399999999,8488.47843,18716.401469999997
1507,3B,ElPaso,0.9,0.35000000000000003,706.7246400000001,9728.45394,8660.98492,19096.163500000002
1508,3B,ElPaso,0.9,0.45,636.37304,10199.03847,9012.458579999999,19847.870089999997
1509,3B,ElPaso,0.9,0.4,669.8794800000001,9970.887789999999,8836.94344,19477.71071
1510,3B,ElPaso,0.9,0.55,579.4955600000001,10641.816739999998,9372.89485,20594.20715
1511,3B,ElPaso,0.9,0.5,605.7825600000001,10417.08642,9191.077379999999,20213.946359999998
1512,3B,ElPaso,0.9,0.6000000000000001,554.8454,10838.01239,9544.76794,20937.62573
1513,3B,ElPaso,0.9,0.65,525.9351200000001,11063.21776,9739.190069999999,21328.34295
1514,3B,ElPaso,0.9,0.7000000000000001,505.68600000000004,11255.07462,9903.525699999998,21664.28632
1515,3B,ElPaso,0.9,0.75,485.06832,11443.099409999999,10075.39879,22003.56652
1516,3B,ElPaso,0.9,0.8500000000000001,449.79496,11836.21912,10469.310249999999,22755.324329999996
1517,3B,ElPaso,0.9,0.8,467.08476,11639.516749999999,10264.62704,22371.22855
1518,3B,ElPaso,0.9,0.9500000000000001,419.5622,12198.808949999999,10909.713269999998,23528.08442
1519,3B,ElPaso,0.9,0.9,434.58644000000004,12021.04524,10682.16432,23137.796
1520,3C,SanDiego,0.01,0.01,198.65384,4978.8407,6602.27657,11779.77111
1521,3C,SanDiego,0.01,0.15000000000000002,73.52772,5417.66022,7145.860449999999,12637.04839
1522,3C,SanDiego,0.01,0.1,118.90396000000001,5231.75732,6977.597739999999,12328.259019999998
1523,3C,SanDiego,0.01,0.25,19.47948,5764.193359999999,7501.38787,13285.060709999998
1524,3C,SanDiego,0.01,0.2,37.6148,5586.081279999999,7313.426420000001,12937.122500000001
1525,3C,SanDiego,0.01,0.30000000000000004,14.157040000000002,5942.4321199999995,7697.298489999999,13653.887649999999
1526,3C,SanDiego,0.01,0.35000000000000003,11.924000000000001,6122.729429999999,7901.15828,14035.811709999998
1527,3C,SanDiego,0.01,0.45,7.696400000000001,6528.29545,8364.807079999999,14900.798929999997
1528,3C,SanDiego,0.01,0.4,9.712640000000002,6318.60838,8123.16498,14451.485999999999
1529,3C,SanDiego,0.01,0.55,5.30076,6903.7433,8834.50485,15743.54891
1530,3C,SanDiego,0.01,0.5,6.363080000000001,6717.14366,8595.07965,15318.58639
1531,3C,SanDiego,0.01,0.6000000000000001,4.32516,7093.129899999999,9080.1057,16177.56076
1532,3C,SanDiego,0.01,0.65,3.7831600000000005,7280.14125,9334.415799999999,16618.34021
1533,3C,SanDiego,0.01,0.7000000000000001,3.0026800000000002,7460.09019,9590.97447,17054.067339999998
1534,3C,SanDiego,0.01,0.75,2.46068,7631.393219999999,9852.537,17486.3909
1535,3C,SanDiego,0.01,0.8500000000000001,1.7235600000000002,7965.16335,10387.09493,18353.98184
1536,3C,SanDiego,0.01,0.8,2.03792,7805.35653,10118.85003,17926.24448
1537,3C,SanDiego,0.01,0.9500000000000001,1.04064,8276.16275,10899.737219999999,19176.940609999998
1538,3C,SanDiego,0.01,0.9,1.3658400000000002,8122.84828,10646.94728,18771.1614
1539,3C,SanDiego,0.05,0.01,245.87288,4970.76485,6486.90276,11703.54049
1540,3C,SanDiego,0.05,0.15000000000000002,104.50844000000001,5383.80499,7052.909,12541.222429999998
1541,3C,SanDiego,0.05,0.1,170.5674,5198.02877,6880.275829999999,12248.872
1542,3C,SanDiego,0.05,0.25,23.316840000000003,5709.4676,7408.59477,13141.37921
1543,3C,SanDiego,0.05,0.2,47.89112,5547.0321699999995,7221.868449999999,12816.791739999999
1544,3C,SanDiego,0.05,0.30000000000000004,16.65024,5888.43477,7604.79042,13509.87543
1545,3C,SanDiego,0.05,0.35000000000000003,13.940240000000001,6069.4604899999995,7806.338299999999,13889.739029999999
1546,3C,SanDiego,0.05,0.45,9.723480000000002,6473.75971,8267.580179999999,14751.06337
1547,3C,SanDiego,0.05,0.4,11.84812,6265.782819999999,8027.521579999999,14305.152519999998
1548,3C,SanDiego,0.05,0.55,6.52568,6853.45134,8738.63976,15598.61678
1549,3C,SanDiego,0.05,0.5,7.978240000000001,6664.6981399999995,8499.68961,15172.365989999998
1550,3C,SanDiego,0.05,0.6000000000000001,5.44168,7039.44925,8986.20415,16031.09508
1551,3C,SanDiego,0.05,0.65,4.336,7226.143899999999,9241.084309999998,16471.564209999997
1552,3C,SanDiego,0.05,0.7000000000000001,3.6097200000000003,7407.07461,9498.97312,16909.65745
1553,3C,SanDiego,0.05,0.75,3.16528,7579.64444,9761.58076,17344.390480000002
1554,3C,SanDiego,0.05,0.8500000000000001,2.03792,7913.319559999999,10297.563839999999,18212.921319999998
1555,3C,SanDiego,0.05,0.8,2.46068,7751.1691599999995,10030.807429999999,17784.43727
1556,3C,SanDiego,0.05,0.9500000000000001,1.34416,8218.87172,10787.91045,19008.12633
1557,3C,SanDiego,0.05,0.9,1.6693600000000002,8066.63403,10543.988109999998,18612.2915
1558,3C,SanDiego,0.15000000000000002,0.01,290.56620000000004,4935.262779999999,6259.797189999999,11485.62617
1559,3C,SanDiego,0.15000000000000002,0.15000000000000002,144.05276,5343.679099999999,6839.864909999999,12327.596769999998
1560,3C,SanDiego,0.15000000000000002,0.1,240.94068000000001,5191.7264399999995,6654.7537600000005,12087.42088
1561,3C,SanDiego,0.15000000000000002,0.25,29.7558,5602.23298,7201.694659999999,12833.683439999999
1562,3C,SanDiego,0.15000000000000002,0.2,61.80968000000001,5463.17001,7013.068139999999,12538.04783
1563,3C,SanDiego,0.15000000000000002,0.30000000000000004,21.365640000000003,5767.70873,7395.705079999999,13184.779449999998
1564,3C,SanDiego,0.15000000000000002,0.35000000000000003,18.79656,5942.52713,7595.226079999999,13556.549769999998
1565,3C,SanDiego,0.15000000000000002,0.45,13.810160000000002,6340.84072,8047.3153299999985,14401.966209999999
1566,3C,SanDiego,0.15000000000000002,0.4,16.37924,6133.59224,7812.60896,13962.58044
1567,3C,SanDiego,0.15000000000000002,0.55,10.28716,6713.05823,8511.66087,15235.006259999998
1568,3C,SanDiego,0.15000000000000002,0.5,11.66384,6528.1371,8273.81917,14813.62011
1569,3C,SanDiego,0.15000000000000002,0.6000000000000001,8.70452,6909.47557,8757.261719999999,15675.441809999998
1570,3C,SanDiego,0.15000000000000002,0.65,7.32784,7091.419719999999,9012.680269999999,16111.427829999997
1571,3C,SanDiego,0.15000000000000002,0.7000000000000001,6.26552,7272.223749999999,9268.28884,16546.77811
1572,3C,SanDiego,0.15000000000000002,0.75,5.235720000000001,7444.730239999999,9532.321629999999,16982.287589999996
1573,3C,SanDiego,0.15000000000000002,0.8500000000000001,3.6856,7778.31035,10034.25946,17816.255409999998
1574,3C,SanDiego,0.15000000000000002,0.8,4.43356,7613.49967,9794.80259,17412.73582
1575,3C,SanDiego,0.15000000000000002,0.9500000000000001,2.5690800000000005,8081.360579999999,10517.95537,18601.885029999998
1576,3C,SanDiego,0.15000000000000002,0.9,3.1219200000000003,7935.26687,10273.96969,18212.35848
1577,3C,SanDiego,0.1,0.01,275.28180000000003,4962.91069,6363.326419999999,11601.518909999999
1578,3C,SanDiego,0.1,0.15000000000000002,129.83068,5367.33659,6942.85575,12440.02302
1579,3C,SanDiego,0.1,0.1,214.71872000000002,5200.78406,6763.06516,12178.56794
1580,3C,SanDiego,0.1,0.25,26.785640000000004,5652.999989999999,7302.151899999999,12981.93753
1581,3C,SanDiego,0.1,0.2,56.04280000000001,5497.500289999999,7113.81041,12667.3535
1582,3C,SanDiego,0.1,0.30000000000000004,19.25184,5824.778069999999,7495.972299999999,13340.002209999999
1583,3C,SanDiego,0.1,0.35000000000000003,16.531000000000002,6002.16174,7695.271609999999,13713.964349999998
1584,3C,SanDiego,0.1,0.45,11.7614,6399.620239999999,8151.50963,14562.89127
1585,3C,SanDiego,0.1,0.4,13.918560000000001,6197.8189999999995,7915.093079999999,14126.830639999998
1586,3C,SanDiego,0.1,0.55,8.433520000000001,6784.949129999999,8620.764019999999,15414.146669999998
1587,3C,SanDiego,0.1,0.5,10.037840000000001,6594.200719999999,8383.71407,14987.95263
1588,3C,SanDiego,0.1,0.6000000000000001,6.915920000000001,6973.22728,8869.53187,15849.675070000001
1589,3C,SanDiego,0.1,0.65,5.7452000000000005,7156.723260000001,9127.008969999999,16289.477429999999
1590,3C,SanDiego,0.1,0.7000000000000001,4.8238,7335.69043,9381.635769999999,16722.149999999998
1591,3C,SanDiego,0.1,0.75,3.99996,7508.3236,9645.95359,17158.277149999998
1592,3C,SanDiego,0.1,0.8500000000000001,2.72084,7844.81735,10170.21877,18017.75696
1593,3C,SanDiego,0.1,0.8,3.2303200000000003,7684.630489999999,9916.54207,17604.402879999998
1594,3C,SanDiego,0.1,0.9500000000000001,1.7886,8149.862789999999,10652.48953,18804.140919999998
1595,3C,SanDiego,0.1,0.9,2.20052,8000.72876,10407.458739999998,18410.38802
1596,3C,SanDiego,0.25,0.01,312.26788,4845.605009999999,6098.02683,11255.89972
1597,3C,SanDiego,0.25,0.15000000000000002,157.20168,5274.3218,6668.91025,12100.43373
1598,3C,SanDiego,0.25,0.1,273.30892,5146.12164,6477.845139999999,11897.2757
1599,3C,SanDiego,0.25,0.25,34.24356,5511.30841,7024.976059999999,12570.528029999998
1600,3C,SanDiego,0.25,0.2,68.21612,5384.40672,6839.29485,12291.91769
1601,3C,SanDiego,0.25,0.30000000000000004,26.2328,5669.05668,7218.574769999999,12913.864249999999
1602,3C,SanDiego,0.25,0.35000000000000003,23.186760000000003,5842.671619999999,7415.02378,13280.88216
1603,3C,SanDiego,0.25,0.45,17.85348,6216.282609999999,7861.7608,14095.89689
1604,3C,SanDiego,0.25,0.4,20.3792,6026.73766,7631.868269999999,13678.98513
1605,3C,SanDiego,0.25,0.55,13.712600000000002,6597.652749999999,8313.75504,14925.12039
1606,3C,SanDiego,0.25,0.5,15.512040000000002,6409.5012799999995,8083.9258500000005,14508.93917
1607,3C,SanDiego,0.25,0.6000000000000001,12.07576,6784.315729999999,8552.42016,15348.81165
1608,3C,SanDiego,0.25,0.65,10.74244,6967.906719999999,8803.15155,15781.80071
1609,3C,SanDiego,0.25,0.7000000000000001,9.463320000000001,7145.195379999999,9054.42133,16209.080029999997
1610,3C,SanDiego,0.25,0.75,8.17336,7319.443719999999,9306.76789,16634.38497
1611,3C,SanDiego,0.25,0.8500000000000001,6.395600000000001,7650.23687,9780.07604,17436.70851
1612,3C,SanDiego,0.25,0.8,7.11104,7484.856129999999,9540.23913,17032.206299999998
1613,3C,SanDiego,0.25,0.9500000000000001,4.94304,7957.625889999999,10260.63662,18223.20555
1614,3C,SanDiego,0.25,0.9,5.55008,7808.0484799999995,10017.917739999999,17831.5163
1615,3C,SanDiego,0.2,0.01,301.47124,4892.57162,6172.22964,11366.2725
1616,3C,SanDiego,0.2,0.15000000000000002,152.47544000000002,5312.769179999999,6748.81366,12214.05828
1617,3C,SanDiego,0.2,0.1,258.55568000000005,5175.47973,6560.66219,11994.6976
1618,3C,SanDiego,0.2,0.25,32.23816,5553.39784,7109.028239999999,12694.664239999998
1619,3C,SanDiego,0.2,0.2,65.28932,5425.13434,6921.5101700000005,12411.93383
1620,3C,SanDiego,0.2,0.30000000000000004,23.869680000000002,5720.04538,7303.13367,13047.048729999999
1621,3C,SanDiego,0.2,0.35000000000000003,20.8128,5889.63823,7501.229519999999,13411.680549999997
1622,3C,SanDiego,0.2,0.45,15.956480000000003,6275.50551,7950.05676,14241.51875
1623,3C,SanDiego,0.2,0.4,17.864320000000003,6082.318509999999,7719.43582,13819.618649999999
1624,3C,SanDiego,0.2,0.55,11.902320000000001,6657.63573,8407.434899999998,15076.97295
1625,3C,SanDiego,0.2,0.5,13.690920000000002,6466.348929999999,8176.46559,14656.505439999999
1626,3C,SanDiego,0.2,0.6000000000000001,10.438920000000001,6845.34382,8652.243999999999,15508.026739999998
1627,3C,SanDiego,0.2,0.65,9.040560000000001,7023.64592,8903.76714,15936.45362
1628,3C,SanDiego,0.2,0.7000000000000001,7.73976,7208.94709,9159.439049999999,16376.1259
1629,3C,SanDiego,0.2,0.75,6.52568,7382.9737399999985,9420.684879999999,16810.184299999997
1630,3C,SanDiego,0.2,0.8500000000000001,4.92136,7713.228499999999,9903.14566,17621.29552
1631,3C,SanDiego,0.2,0.8,5.75604,7550.28635,9665.71567,17221.75806
1632,3C,SanDiego,0.2,0.9500000000000001,3.6530800000000005,8020.079129999999,10387.18994,18410.92215
1633,3C,SanDiego,0.2,0.9,4.2709600000000005,7869.20325,10143.362609999998,18016.836819999997
1634,3C,SanDiego,0.30000000000000004,0.01,323.845,4798.06834,6035.32023,11157.23357
1635,3C,SanDiego,0.30000000000000004,0.15000000000000002,160.38864,5238.249669999999,6605.76027,12004.39858
1636,3C,SanDiego,0.30000000000000004,0.1,286.27356,5109.5427899999995,6408.772869999999,11804.589219999998
1637,3C,SanDiego,0.30000000000000004,0.25,34.91564,5492.08472,6976.7743199999995,12503.774679999999
1638,3C,SanDiego,0.30000000000000004,0.2,70.05892,5358.02561,6786.057579999999,12214.142109999999
1639,3C,SanDiego,0.30000000000000004,0.30000000000000004,28.910280000000004,5653.03166,7174.743489999999,12856.685429999998
1640,3C,SanDiego,0.30000000000000004,0.35000000000000003,25.203000000000003,5823.73296,7380.91519,13229.85115
1641,3C,SanDiego,0.30000000000000004,0.45,20.303320000000003,6177.29684,7805.926589999999,14003.526749999999
1642,3C,SanDiego,0.30000000000000004,0.4,22.57972,6002.25675,7591.267329999999,13616.103799999997
1643,3C,SanDiego,0.30000000000000004,0.55,16.064880000000002,6541.438499999999,8227.327609999998,14784.830989999999
1644,3C,SanDiego,0.30000000000000004,0.5,17.98356,6358.765939999999,8024.259569999999,14401.009069999998
1645,3C,SanDiego,0.30000000000000004,0.6000000000000001,14.146200000000002,6729.0515799999985,8463.45913,15206.656909999998
1646,3C,SanDiego,0.30000000000000004,0.65,12.54188,6913.402649999999,8707.983199999999,15633.927729999998
1647,3C,SanDiego,0.30000000000000004,0.7000000000000001,11.447040000000001,7087.99936,8958.1762,16057.622599999999
1648,3C,SanDiego,0.30000000000000004,0.75,10.016160000000001,7262.374379999999,9191.74245,16464.13299
1649,3C,SanDiego,0.30000000000000004,0.8500000000000001,7.891520000000001,7592.21743,9661.50356,17261.61251
1650,3C,SanDiego,0.30000000000000004,0.8,9.040560000000001,7427.9134699999995,9425.87876,16862.83279
1651,3C,SanDiego,0.30000000000000004,0.9500000000000001,6.4823200000000005,7895.80605,10139.18217,18041.470540000002
1652,3C,SanDiego,0.30000000000000004,0.9,7.08936,7746.418659999999,9900.70707,17654.215089999998
1653,3C,SanDiego,0.35000000000000003,0.01,340.17004000000003,4751.70346,5981.164529999999,11073.03803
1654,3C,SanDiego,0.35000000000000003,0.15000000000000002,164.47532,5192.32817,6541.24848,11898.05197
1655,3C,SanDiego,0.35000000000000003,0.1,299.33576,5075.212509999999,6343.405989999999,11717.954259999999
1656,3C,SanDiego,0.35000000000000003,0.25,38.49284,5451.92716,6909.47557,12399.89557
1657,3C,SanDiego,0.35000000000000003,0.2,74.14560000000002,5311.66073,6720.278989999999,12106.085319999998
1658,3C,SanDiego,0.35000000000000003,0.30000000000000004,33.18124,5609.010359999999,7105.671219999999,12747.862819999998
1659,3C,SanDiego,0.35000000000000003,0.35000000000000003,28.931960000000004,5780.4084,7310.006059999999,13119.346419999998
1660,3C,SanDiego,0.35000000000000003,0.45,23.035,6128.6200499999995,7731.78712,13883.442169999998
1661,3C,SanDiego,0.35000000000000003,0.4,25.49568,5949.241169999999,7517.571239999999,13492.308089999999
1662,3C,SanDiego,0.35000000000000003,0.55,18.9158,6487.979539999999,8148.532649999999,14655.427989999998
1663,3C,SanDiego,0.35000000000000003,0.5,21.31144,6306.510439999999,7948.441589999999,14276.263469999998
1664,3C,SanDiego,0.35000000000000003,0.6000000000000001,16.73696,6675.307589999999,8382.637289999999,15074.681839999997
1665,3C,SanDiego,0.35000000000000003,0.65,15.30608,6860.513749999999,8622.695889999999,15498.51572
1666,3C,SanDiego,0.35000000000000003,0.7000000000000001,13.615040000000002,7040.77939,8855.66041,15910.05484
1667,3C,SanDiego,0.35000000000000003,0.75,12.6286,7207.39526,9079.788999999999,16299.812859999998
1668,3C,SanDiego,0.35000000000000003,0.8500000000000001,10.42808,7534.76805,9548.72669,17093.92282
1669,3C,SanDiego,0.35000000000000003,0.8,11.457880000000001,7370.40075,9314.653719999998,16696.512349999997
1670,3C,SanDiego,0.35000000000000003,0.9500000000000001,8.71536,7838.54669,10027.54542,17874.80747
1671,3C,SanDiego,0.35000000000000003,0.9,9.31156,7691.18618,9789.41869,17489.91643
1672,3C,SanDiego,0.45,0.01,379.942,4666.28947,5896.6373,10942.868770000001
1673,3C,SanDiego,0.45,0.15000000000000002,175.04432,5104.72895,6432.74706,11712.52033
1674,3C,SanDiego,0.45,0.1,328.62544,4994.86572,6235.56964,11559.0608
1675,3C,SanDiego,0.45,0.25,51.544200000000004,5370.31357,6794.450129999999,12216.3079
1676,3C,SanDiego,0.45,0.2,87.54384000000002,5230.490519999999,6610.57411,11928.60847
1677,3C,SanDiego,0.45,0.30000000000000004,45.88572,5528.821919999999,6985.7686,12560.47624
1678,3C,SanDiego,0.45,0.35000000000000003,40.53076,5704.33706,7184.81455,12929.682369999999
1679,3C,SanDiego,0.45,0.45,32.98612,6031.709849999999,7598.5514299999995,13663.247399999998
1680,3C,SanDiego,0.45,0.4,36.70424,5869.052729999999,7389.94114,13295.69811
1681,3C,SanDiego,0.45,0.55,27.51192,6394.2363399999995,8011.52823,14433.27649
1682,3C,SanDiego,0.45,0.5,30.330320000000004,6215.01581,7814.63584,14059.98197
1683,3C,SanDiego,0.45,0.6000000000000001,25.53904,6585.83984,8237.14531,14848.52419
1684,3C,SanDiego,0.45,0.65,23.652880000000003,6765.472079999999,8453.483079999998,15242.608039999996
1685,3C,SanDiego,0.45,0.7000000000000001,21.853440000000003,6932.3096399999995,8665.703749999999,15619.866829999999
1686,3C,SanDiego,0.45,0.75,20.22744,7104.46776,8886.982039999999,16011.677239999999
1687,3C,SanDiego,0.45,0.8500000000000001,18.330440000000003,7435.13423,9348.79398,16802.25865
1688,3C,SanDiego,0.45,0.8,19.30604,7274.567329999999,9116.87457,16410.74794
1689,3C,SanDiego,0.45,0.9500000000000001,16.975440000000003,7729.19018,9813.55123,17559.716849999997
1690,3C,SanDiego,0.45,0.9,17.615000000000002,7590.00053,9582.55025,17190.16578
1691,3C,SanDiego,0.4,0.01,359.40020000000004,4709.677369999999,5935.9081,11004.985669999998
1692,3C,SanDiego,0.4,0.15000000000000002,169.01728,5148.021839999999,6483.799099999999,11800.838219999998
1693,3C,SanDiego,0.4,0.1,313.41692,5032.362999999999,6285.5449,11631.324819999998
1694,3C,SanDiego,0.4,0.25,43.7394,5416.10839,6849.5559299999995,12309.40372
1695,3C,SanDiego,0.4,0.2,79.55476,5274.73351,6662.44957,12016.73784
1696,3C,SanDiego,0.4,0.30000000000000004,38.3736,5575.78853,7042.90128,12657.063409999999
1697,3C,SanDiego,0.4,0.35000000000000003,34.18936,5728.469599999999,7244.1007899999995,13006.75975
1698,3C,SanDiego,0.4,0.45,27.49024,6076.96628,7660.6563,13765.112819999998
1699,3C,SanDiego,0.4,0.4,30.276120000000002,5911.11049,7450.90589,13392.2925
1700,3C,SanDiego,0.4,0.55,22.62308,6439.7461299999995,8076.73676,14539.10597
1701,3C,SanDiego,0.4,0.5,24.74772,6258.81542,7878.8626,14162.42574
1702,3C,SanDiego,0.4,0.6000000000000001,20.71524,6631.57132,8305.52084,14957.8074
1703,3C,SanDiego,0.4,0.65,18.8074,6806.928109999999,8541.05063,15366.786139999998
1704,3C,SanDiego,0.4,0.7000000000000001,17.00796,6986.528679999999,8757.261719999999,15760.798359999997
1705,3C,SanDiego,0.4,0.75,15.880600000000001,7154.06298,8978.63502,16148.5786
1706,3C,SanDiego,0.4,0.8500000000000001,14.18956,7482.25919,9446.33758,16942.78633
1707,3C,SanDiego,0.4,0.8,14.99172,7319.918769999999,9212.517969999999,16547.42846
1708,3C,SanDiego,0.4,0.9500000000000001,12.010720000000001,7782.902499999999,9918.4106,17713.323819999998
1709,3C,SanDiego,0.4,0.9,12.964640000000001,7635.541989999999,9681.202299999999,17329.708929999997
1710,3C,SanDiego,0.55,0.01,429.3724,4591.76996,5834.785789999999,10855.92815
1711,3C,SanDiego,0.55,0.15000000000000002,196.81104000000002,5021.81689,6348.97991,11567.60784
1712,3C,SanDiego,0.55,0.1,364.42996000000005,4932.25413,6154.4311,11451.11519
1713,3C,SanDiego,0.55,0.25,72.49792,5302.57144,6702.57546,12077.64482
1714,3C,SanDiego,0.55,0.2,109.15880000000001,5155.78099,6522.816539999999,11787.75633
1715,3C,SanDiego,0.55,0.30000000000000004,65.15924,5454.71412,6888.6050399999995,12408.4784
1716,3C,SanDiego,0.55,0.35000000000000003,58.78532,5624.40198,7082.48878,12765.67608
1717,3C,SanDiego,0.55,0.45,48.8342,5955.82853,7490.01834,13494.681069999999
1718,3C,SanDiego,0.55,0.4,53.51708,5787.6925,7283.276579999999,13124.486159999999
1719,3C,SanDiego,0.55,0.55,42.03752,6312.971119999999,7894.507579999999,14249.516219999998
1720,3C,SanDiego,0.55,0.5,45.6906,6131.47035,7700.148789999999,13877.309739999999
1721,3C,SanDiego,0.55,0.6000000000000001,39.28416000000001,6497.44887,8097.987329999999,14634.72036
1722,3C,SanDiego,0.55,0.65,36.94272,6677.8728599999995,8299.53521,15014.35079
1723,3C,SanDiego,0.55,0.7000000000000001,34.77472,6851.329449999999,8506.30864,15392.412809999998
1724,3C,SanDiego,0.55,0.75,33.14872,7021.935739999999,8721.918,15777.00246
1725,3C,SanDiego,0.55,0.8500000000000001,30.362840000000002,7338.192359999999,9173.69055,16542.24575
1726,3C,SanDiego,0.55,0.8,31.782880000000002,7185.162920000001,8946.64832,16163.594120000002
1727,3C,SanDiego,0.55,0.9500000000000001,28.736840000000004,7635.478649999999,9623.182859999999,17287.398349999996
1728,3C,SanDiego,0.55,0.9,29.322200000000002,7495.877289999999,9403.1397,16928.33919
1729,3C,SanDiego,0.5,0.01,402.2182,4628.28547,5863.28879,10893.79246
1730,3C,SanDiego,0.5,0.15000000000000002,185.34232,5066.81996,6388.4724,11640.63468
1731,3C,SanDiego,0.5,0.1,345.34072000000003,4960.37709,6192.18174,11497.89955
1732,3C,SanDiego,0.5,0.25,61.20264,5340.32208,6747.0718099999995,12148.596529999999
1733,3C,SanDiego,0.5,0.2,97.05052,5191.9798,6564.2092299999995,11853.239549999998
1734,3C,SanDiego,0.5,0.30000000000000004,54.59024,5493.69989,6934.938249999999,12483.22838
1735,3C,SanDiego,0.5,0.35000000000000003,49.246120000000005,5666.23805,7131.89398,12847.37815
1736,3C,SanDiego,0.5,0.45,40.79092000000001,5994.4976,7541.070379999999,13576.3589
1737,3C,SanDiego,0.5,0.4,44.16216000000001,5824.208009999999,7334.17027,13202.540439999999
1738,3C,SanDiego,0.5,0.55,34.0376,6351.03846,7950.658489999999,14335.734549999997
1739,3C,SanDiego,0.5,0.5,37.25708,6170.01274,7754.367829999999,13961.63765
1740,3C,SanDiego,0.5,0.6000000000000001,31.53356,6539.316609999999,8170.00491,14740.855079999998
1741,3C,SanDiego,0.5,0.65,29.60404,6720.1523099999995,8374.118059999999,15123.874409999999
1742,3C,SanDiego,0.5,0.7000000000000001,27.869640000000004,6885.15301,8582.95004,15495.972689999999
1743,3C,SanDiego,0.5,0.75,26.42792,7063.32843,8801.21968,15890.97603
1744,3C,SanDiego,0.5,0.8500000000000001,23.69624,7382.403679999999,9257.806069999999,16663.90599
1745,3C,SanDiego,0.5,0.8,24.83444,7224.022010000001,9026.07668,16274.933130000001
1746,3C,SanDiego,0.5,0.9500000000000001,22.297880000000003,7679.816649999999,9714.1391,17416.25363
1747,3C,SanDiego,0.5,0.9,22.90492,7544.71243,9490.20053,17057.81788
1748,3C,SanDiego,0.6000000000000001,0.01,458.54284,4557.09131,5809.67148,10825.305629999999
1749,3C,SanDiego,0.6000000000000001,0.15000000000000002,210.57784,4990.14689,6314.52295,11515.24768
1750,3C,SanDiego,0.6000000000000001,0.1,384.7874800000001,4908.9450099999995,6121.4943,11415.22679
1751,3C,SanDiego,0.6000000000000001,0.25,84.82300000000001,5264.02905,6664.4131099999995,12013.265159999999
1752,3C,SanDiego,0.6000000000000001,0.2,122.14512000000002,5123.12922,6486.68107,11731.955409999999
1753,3C,SanDiego,0.6000000000000001,0.30000000000000004,77.21332000000001,5421.68231,6847.94076,12346.83639
1754,3C,SanDiego,0.6000000000000001,0.35000000000000003,70.2432,5589.9766899999995,7039.987639999999,12700.20753
1755,3C,SanDiego,0.6000000000000001,0.45,58.75280000000001,5920.48481,7441.94328,13421.18089
1756,3C,SanDiego,0.6000000000000001,0.4,64.10776,5760.64632,7237.893469999999,13062.647549999998
1757,3C,SanDiego,0.6000000000000001,0.55,51.49,6279.432589999999,7843.582219999999,14174.504809999999
1758,3C,SanDiego,0.6000000000000001,0.5,54.785360000000004,6098.12184,7649.03341,13801.94061
1759,3C,SanDiego,0.6000000000000001,0.6000000000000001,48.19464000000001,6458.589779999999,8036.2625,14543.046919999999
1760,3C,SanDiego,0.6000000000000001,0.65,45.560520000000004,6635.435059999999,8232.17312,14913.168699999998
1761,3C,SanDiego,0.6000000000000001,0.7000000000000001,43.15404,6809.049999999999,8438.12313,15290.32717
1762,3C,SanDiego,0.6000000000000001,0.75,41.192,6977.1543599999995,8651.16722,15669.513579999999
1763,3C,SanDiego,0.6000000000000001,0.8500000000000001,38.18932,7305.382239999999,9095.528989999999,16439.10055
1764,3C,SanDiego,0.6000000000000001,0.8,39.79364,7142.376749999999,8870.291949999999,16052.462339999998
1765,3C,SanDiego,0.6000000000000001,0.9500000000000001,36.0972,7590.50725,9534.85523,17161.45968
1766,3C,SanDiego,0.6000000000000001,0.9,37.148680000000006,7459.90017,9323.426309999999,16820.475159999998
1767,3C,SanDiego,0.65,0.01,489.25256,4529.5700799999995,5788.9592999999995,10807.781939999999
1768,3C,SanDiego,0.65,0.15000000000000002,219.04388,4956.513349999999,6292.607309999999,11468.164539999998
1769,3C,SanDiego,0.65,0.1,402.8686,4887.3144,6099.1352799999995,11389.31828
1770,3C,SanDiego,0.65,0.25,99.43532,5252.08946,6655.957219999999,12007.482
1771,3C,SanDiego,0.65,0.2,131.30492,5094.4678699999995,6472.23955,11698.01234
1772,3C,SanDiego,0.65,0.30000000000000004,90.01536000000002,5421.87233,6846.19891,12358.0866
1773,3C,SanDiego,0.65,0.35000000000000003,82.44904000000001,5595.613949999999,7044.00973,12722.07272
1774,3C,SanDiego,0.65,0.45,69.61448,5924.886939999999,7449.892449999999,13444.39387
1775,3C,SanDiego,0.65,0.4,75.7716,5755.13574,7246.47604,13077.38338
1776,3C,SanDiego,0.65,0.55,61.22432,6288.68023,7833.257799999999,14183.162349999999
1777,3C,SanDiego,0.65,0.5,64.97496,6106.45105,7658.566079999999,13829.992089999998
1778,3C,SanDiego,0.65,0.6000000000000001,57.85308,6460.45831,8020.9658899999995,14539.277279999998
1779,3C,SanDiego,0.65,0.65,54.62276000000001,6647.976379999999,8224.63566,14927.234799999998
1780,3C,SanDiego,0.65,0.7000000000000001,52.24880000000001,6811.805289999999,8428.81215,15292.86624
1781,3C,SanDiego,0.65,0.75,50.06996,6982.56993,8640.17773,15672.817619999998
1782,3C,SanDiego,0.65,0.8500000000000001,47.00224,7300.75842,9081.97423,16429.73489
1783,3C,SanDiego,0.65,0.8,48.227160000000005,7148.045679999999,8860.34757,16056.62041
1784,3C,SanDiego,0.65,0.9500000000000001,44.72584,7585.820089999999,9525.354229999999,17155.900159999997
1785,3C,SanDiego,0.65,0.9,45.517160000000004,7454.54794,9308.22471,16808.289810000002
1786,3C,SanDiego,0.7000000000000001,0.01,518.4121600000001,4503.1256300000005,5770.49569,10792.03348
1787,3C,SanDiego,0.7000000000000001,0.15000000000000002,227.52076,4925.28673,6274.587079999999,11427.39457
1788,3C,SanDiego,0.7000000000000001,0.1,422.29388,4867.964029999999,6081.11505,11371.37296
1789,3C,SanDiego,0.7000000000000001,0.25,114.82812000000001,5241.95506,6655.228809999999,12012.011989999999
1790,3C,SanDiego,0.7000000000000001,0.2,141.35360000000003,5074.86414,6463.118589999999,11679.336329999998
1791,3C,SanDiego,0.7000000000000001,0.30000000000000004,104.83364,5425.67273,6852.1212,12382.62757
1792,3C,SanDiego,0.7000000000000001,0.35000000000000003,96.33508,5600.33278,7054.58751,12751.255369999999
1793,3C,SanDiego,0.7000000000000001,0.45,81.88536,5944.55401,7465.44242,13491.88179
1794,3C,SanDiego,0.7000000000000001,0.4,88.51944,5768.62716,7258.954019999999,13116.10062
1795,3C,SanDiego,0.7000000000000001,0.55,72.40036,6298.5296,7829.48907,14200.41903
1796,3C,SanDiego,0.7000000000000001,0.5,76.8014,6123.774539999999,7655.17739,13855.75333
1797,3C,SanDiego,0.7000000000000001,0.6000000000000001,68.58468,6471.70116,8015.740339999999,14556.026179999999
1798,3C,SanDiego,0.7000000000000001,0.65,65.02916,6664.539789999999,8224.85735,14954.4263
1799,3C,SanDiego,0.7000000000000001,0.7000000000000001,62.13488,6826.1518,8426.84861,15315.135289999998
1800,3C,SanDiego,0.7000000000000001,0.75,59.891000000000005,6983.551699999999,8635.585579999999,15679.028279999999
1801,3C,SanDiego,0.7000000000000001,0.8500000000000001,55.97776,7298.76321,9071.74482,16426.48579
1802,3C,SanDiego,0.7000000000000001,0.8,57.82056000000001,7147.00057,8851.73333,16056.55446
1803,3C,SanDiego,0.7000000000000001,0.9500000000000001,53.8206,7586.10512,9521.07878,17161.0045
1804,3C,SanDiego,0.7000000000000001,0.9,54.81788,7453.376149999999,9297.52025,16805.71428
1805,3C,SanDiego,0.75,0.01,553.0026,4478.07466,5754.819039999999,10785.8963
1806,3C,SanDiego,0.75,0.15000000000000002,236.46376,4904.479539999999,6261.19067,11402.133969999999
1807,3C,SanDiego,0.75,0.1,441.73,4840.63282,6066.515179999999,11348.878
1808,3C,SanDiego,0.75,0.25,130.06916,5248.16238,6659.662609999999,12037.89415
1809,3C,SanDiego,0.75,0.2,152.22612,5058.9658,6459.349859999999,11670.54178
1810,3C,SanDiego,0.75,0.30000000000000004,119.92292,5430.993289999999,6865.61262,12416.52883
1811,3C,SanDiego,0.75,0.35000000000000003,110.96908000000002,5610.21382,7072.16436,12793.347259999999
1812,3C,SanDiego,0.75,0.45,95.60880000000002,5968.24317,7471.6180699999995,13535.47004
1813,3C,SanDiego,0.75,0.4,102.8174,5785.412259999999,7279.63453,13167.86419
1814,3C,SanDiego,0.75,0.55,84.95308000000001,6319.241779999999,7835.75973,14239.95459
1815,3C,SanDiego,0.75,0.5,90.16712000000001,6146.45026,7659.199479999999,13895.816859999999
1816,3C,SanDiego,0.75,0.6000000000000001,80.68212000000001,6492.983399999999,8019.19237,14592.85789
1817,3C,SanDiego,0.75,0.65,76.44368,6679.7730599999995,8234.99175,14991.208489999999
1818,3C,SanDiego,0.75,0.7000000000000001,73.01824,6833.2458799999995,8431.25074,15337.51486
1819,3C,SanDiego,0.75,0.75,70.39496,6999.450039999999,8637.264089999999,15707.109089999998
1820,3C,SanDiego,0.75,0.8500000000000001,66.3408,7297.401399999999,9069.78128,16433.523479999996
1821,3C,SanDiego,0.75,0.8,68.1294,7149.945879999999,8850.751559999999,16068.826839999998
1822,3C,SanDiego,0.75,0.9500000000000001,63.78256000000001,7587.308579999999,9514.6181,17165.709239999996
1823,3C,SanDiego,0.75,0.9,64.64976,7449.25905,9291.6613,16805.57011
1824,3C,SanDiego,0.8500000000000001,0.01,619.38676,4429.6829,5724.22582,10773.29548
1825,3C,SanDiego,0.8500000000000001,0.15000000000000002,277.3956,4857.51293,6214.382409999999,11349.290939999999
1826,3C,SanDiego,0.8500000000000001,0.1,492.6238,4786.12875,6024.17239,11302.92494
1827,3C,SanDiego,0.8500000000000001,0.25,168.51864000000003,5199.42225,6621.310239999999,11989.251129999999
1828,3C,SanDiego,0.8500000000000001,0.2,189.17968000000002,5009.84563,6417.925499999999,11616.950809999998
1829,3C,SanDiego,0.8500000000000001,0.30000000000000004,155.13124000000002,5390.96241,6826.373489999999,12372.467139999999
1830,3C,SanDiego,0.8500000000000001,0.35000000000000003,144.58392,5574.0466799999995,7034.00201,12752.63261
1831,3C,SanDiego,0.8500000000000001,0.45,126.9364,5939.930189999999,7410.431629999999,13477.298219999997
1832,3C,SanDiego,0.8500000000000001,0.4,135.32656,5756.37087,7222.59686,13114.29429
1833,3C,SanDiego,0.8500000000000001,0.55,113.99344,6292.25894,7778.722059999999,14184.974439999998
1834,3C,SanDiego,0.8500000000000001,0.5,119.99880000000002,6115.57201,7595.7961399999995,13831.36695
1835,3C,SanDiego,0.8500000000000001,0.6000000000000001,108.9962,6461.028369999999,7956.865809999999,14526.890379999997
1836,3C,SanDiego,0.8500000000000001,0.65,102.91496000000001,6657.22402,8180.202649999999,14940.341629999999
1837,3C,SanDiego,0.8500000000000001,0.7000000000000001,99.08844,6807.244809999999,8371.39444,15277.72769
1838,3C,SanDiego,0.8500000000000001,0.75,95.5004,6959.7991999999995,8572.46727,15627.76687
1839,3C,SanDiego,0.8500000000000001,0.8500000000000001,90.00452000000001,7263.98955,8996.08519,16350.07926
1840,3C,SanDiego,0.8500000000000001,0.8,92.70368,7111.815199999999,8780.159129999998,15984.678009999996
1841,3C,SanDiego,0.8500000000000001,0.9500000000000001,86.24304000000001,7546.51762,9434.74636,17067.507019999997
1842,3C,SanDiego,0.8500000000000001,0.9,88.1834,7406.31453,9216.096679999999,16710.59461
1843,3C,SanDiego,0.8,0.01,586.0646,4452.83367,5737.59056,10776.488829999998
1844,3C,SanDiego,0.8,0.15000000000000002,260.46352,4877.30668,6231.737569999999,11369.50777
1845,3C,SanDiego,0.8,0.1,468.75412000000006,4805.225759999999,6040.6407899999995,11314.620669999998
1846,3C,SanDiego,0.8,0.25,149.19092,5220.989519999999,6638.000329999999,12008.180769999999
1847,3C,SanDiego,0.8,0.2,170.78420000000003,5031.76127,6434.773939999999,11637.31941
1848,3C,SanDiego,0.8,0.30000000000000004,137.1802,5413.95483,6845.40716,12396.54219
1849,3C,SanDiego,0.8,0.35000000000000003,127.47840000000001,5595.645619999999,7054.080789999999,12777.20481
1850,3C,SanDiego,0.8,0.45,111.00160000000001,5956.87364,7442.418329999999,13510.293569999998
1851,3C,SanDiego,0.8,0.4,118.58960000000002,5772.11086,7253.000059999999,13143.700519999999
1852,3C,SanDiego,0.8,0.55,99.33776,6310.405849999999,7813.81242,14223.55603
1853,3C,SanDiego,0.8,0.5,104.85532,6130.20355,7629.936399999999,13864.99527
1854,3C,SanDiego,0.8,0.6000000000000001,94.65488,6478.76357,7997.055039999999,14570.47349
1855,3C,SanDiego,0.8,0.65,89.14816,6681.19821,8220.23353,14990.579899999999
1856,3C,SanDiego,0.8,0.7000000000000001,85.73356000000001,6831.02898,8414.307289999999,15331.069829999999
1857,3C,SanDiego,0.8,0.75,82.28644,6992.640989999999,8620.573999999999,15695.501429999997
1858,3C,SanDiego,0.8,0.8500000000000001,77.89624,7297.4647399999985,9050.77928,16426.14026
1859,3C,SanDiego,0.8,0.8,79.674,7142.376749999999,8834.31483,16056.365579999998
1860,3C,SanDiego,0.8,0.9500000000000001,74.0914,7583.66653,9500.20825,17157.96618
1861,3C,SanDiego,0.8,0.9,75.97756000000001,7444.540219999999,9273.83109,16794.348869999998
1862,3C,SanDiego,0.9500000000000001,0.01,688.4158800000001,4391.26719,5702.1835,10781.86657
1863,3C,SanDiego,0.9500000000000001,0.15000000000000002,309.99148,4818.46382,6186.25945,11314.71475
1864,3C,SanDiego,0.9500000000000001,0.1,534.4228400000001,4751.32342,5996.746169999999,11282.492429999998
1865,3C,SanDiego,0.9500000000000001,0.25,209.12528,5163.12843,6594.5490899999995,11966.8028
1866,3C,SanDiego,0.9500000000000001,0.2,229.25516000000002,4980.61422,6391.22769,11601.09707
1867,3C,SanDiego,0.9500000000000001,0.30000000000000004,194.33952000000002,5359.672449999999,6798.472219999999,12352.48419
1868,3C,SanDiego,0.9500000000000001,0.35000000000000003,181.72176,5549.15406,6991.18417,12722.059990000002
1869,3C,SanDiego,0.9500000000000001,0.45,161.6244,5915.5126199999995,7358.01778,13435.1548
1870,3C,SanDiego,0.9500000000000001,0.4,170.8384,5733.75849,7176.13697,13080.73386
1871,3C,SanDiego,0.9500000000000001,0.55,145.89556000000002,6258.49872,7718.26403,14122.658309999999
1872,3C,SanDiego,0.9500000000000001,0.5,152.91988,6084.5354099999995,7539.740239999999,13777.195529999999
1873,3C,SanDiego,0.9500000000000001,0.6000000000000001,139.35904000000002,6428.81998,7891.878969999999,14460.05799
1874,3C,SanDiego,0.9500000000000001,0.65,131.977,6616.116359999999,8108.628449999999,14856.72181
1875,3C,SanDiego,0.9500000000000001,0.7000000000000001,127.33748000000001,6763.8569099999995,8293.83461,15185.028999999999
1876,3C,SanDiego,0.9500000000000001,0.75,123.71692,6910.172309999999,8483.94962,15517.838849999998
1877,3C,SanDiego,0.9500000000000001,0.8500000000000001,117.1804,7211.92407,8894.93121,16224.03568
1878,3C,SanDiego,0.9500000000000001,0.8,120.1614,7064.59523,8687.081,15871.83763
1879,3C,SanDiego,0.9500000000000001,0.9500000000000001,112.59508000000001,7492.33025,9320.132629999998,16925.05796
1880,3C,SanDiego,0.9500000000000001,0.9,114.67636000000002,7354.470739999999,9108.35534,16577.50244
1881,3C,SanDiego,0.9,0.01,653.7495600000001,4409.31909,5712.57126,10775.63991
1882,3C,SanDiego,0.9,0.15000000000000002,292.8426,4834.58385,6199.18081,11326.60726
1883,3C,SanDiego,0.9,0.1,515.94064,4770.1354,6009.604189999999,11295.680229999998
1884,3C,SanDiego,0.9,0.25,188.13904000000002,5183.080529999999,6606.805379999999,11978.024949999999
1885,3C,SanDiego,0.9,0.2,209.73232000000002,4993.693929999999,6402.850579999999,11606.276829999999
1886,3C,SanDiego,0.9,0.30000000000000004,174.61072000000001,5373.51224,6810.823519999999,12358.946479999999
1887,3C,SanDiego,0.9,0.35000000000000003,162.86016,5559.035099999999,7011.86468,12733.75994
1888,3C,SanDiego,0.9,0.45,143.76008000000002,5925.17197,7382.30867,13451.240720000002
1889,3C,SanDiego,0.9,0.4,152.69224000000003,5744.24126,7197.03917,13093.97267
1890,3C,SanDiego,0.9,0.55,129.21280000000002,6274.112029999999,7747.14707,14150.4719
1891,3C,SanDiego,0.9,0.5,135.74932,6097.0450599999995,7566.31137,13799.105749999999
1892,3C,SanDiego,0.9,0.6000000000000001,124.26976,6440.25285,7922.883899999999,14487.406509999999
1893,3C,SanDiego,0.9,0.65,116.73596,6634.42162,8142.800379999999,14893.95796
1894,3C,SanDiego,0.9,0.7000000000000001,112.75768000000001,6785.77255,8330.73016,15229.26039
1895,3C,SanDiego,0.9,0.75,109.54904,6933.48143,8526.00738,15569.037849999999
1896,3C,SanDiego,0.9,0.8500000000000001,103.85804,7239.69866,8945.159829999999,16288.716529999998
1897,3C,SanDiego,0.9,0.8,106.40544,7089.51952,8731.7357,15927.66066
1898,3C,SanDiego,0.9,0.9500000000000001,99.2944,7516.399449999999,9375.5868,16991.280649999997
1899,3C,SanDiego,0.9,0.9,100.94208000000002,7382.593699999999,9158.71064,16642.24642
1900,4A,NewYork,0.01,0.01,262.30632,5587.15806,6178.373619999999,12027.838
1901,4A,NewYork,0.01,0.15000000000000002,223.69424000000004,5961.97251,6627.580899999999,12813.247649999998
1902,4A,NewYork,0.01,0.1,239.04368000000002,5837.88945,6469.80096,12546.734089999998
1903,4A,NewYork,0.01,0.25,181.47244,6195.032039999999,6902.983219999999,13279.487699999998
1904,4A,NewYork,0.01,0.2,208.7784,6068.47872,6764.58532,13041.84244
1905,4A,NewYork,0.01,0.30000000000000004,161.99296,6320.381899999999,7052.18059,13534.55545
1906,4A,NewYork,0.01,0.35000000000000003,148.6706,6443.29317,7202.42307,13794.38684
1907,4A,NewYork,0.01,0.45,131.53256000000002,6733.7070699999995,7543.762329999999,14409.001959999998
1908,4A,NewYork,0.01,0.4,139.16392000000002,6587.74004,7368.785579999999,14095.68954
1909,4A,NewYork,0.01,0.55,122.74132000000002,7000.716839999999,7880.6677899999995,15004.125949999998
1910,4A,NewYork,0.01,0.5,127.48924000000001,6860.8304499999995,7711.043269999999,14699.362959999999
1911,4A,NewYork,0.01,0.6000000000000001,119.41344000000001,7148.80576,8060.23669,15328.455890000001
1912,4A,NewYork,0.01,0.65,114.80644000000001,7290.814039999999,8238.728809999999,15644.349289999998
1913,4A,NewYork,0.01,0.7000000000000001,108.71436000000001,7425.411539999999,8419.596179999999,15953.722079999998
1914,4A,NewYork,0.01,0.75,100.7578,7571.9803,8600.81192,16273.55002
1915,4A,NewYork,0.01,0.8500000000000001,90.24300000000001,7859.63891,8928.75477,16878.63668
1916,4A,NewYork,0.01,0.8,92.28092,7716.965559999999,8768.1562,16577.40268
1917,4A,NewYork,0.01,0.9500000000000001,82.37316,8151.47796,9247.60833,17481.45945
1918,4A,NewYork,0.01,0.9,85.48424,7999.5253,9090.65181,17175.66135
1919,4A,NewYork,0.05,0.01,325.64444000000003,5556.786529999999,6116.99716,11999.42813
1920,4A,NewYork,0.05,0.15000000000000002,261.36324,5941.6087,6541.691859999999,12744.663799999998
1921,4A,NewYork,0.05,0.1,281.47144000000003,5810.58991,6388.56741,12480.62876
1922,4A,NewYork,0.05,0.25,215.29324000000003,6167.9541899999995,6821.718,13204.96543
1923,4A,NewYork,0.05,0.2,241.84040000000002,6052.42203,6680.2481099999995,12974.51054
1924,4A,NewYork,0.05,0.30000000000000004,191.64036000000002,6285.2282,6968.47678,13445.34534
1925,4A,NewYork,0.05,0.35000000000000003,172.98472000000004,6417.10208,7117.70582,13707.79262
1926,4A,NewYork,0.05,0.45,159.27212000000003,6692.78943,7454.54794,14306.609489999999
1927,4A,NewYork,0.05,0.4,166.45904000000002,6549.76771,7279.47618,13995.70293
1928,4A,NewYork,0.05,0.55,146.57848,6963.18789,7791.89678,14901.66315
1929,4A,NewYork,0.05,0.5,151.06624000000002,6829.38214,7620.340389999999,14600.78877
1930,4A,NewYork,0.05,0.6000000000000001,140.92000000000002,7107.28639,7965.195019999999,15213.401409999999
1931,4A,NewYork,0.05,0.65,137.65716,7248.40791,8140.741829999999,15526.8069
1932,4A,NewYork,0.05,0.7000000000000001,134.77372,7385.095629999999,8322.46429,15842.333639999999
1933,4A,NewYork,0.05,0.75,130.0258,7533.72294,8502.15987,16165.908609999999
1934,4A,NewYork,0.05,0.8500000000000001,117.50560000000002,7814.762519999999,8823.19866,16755.46678
1935,4A,NewYork,0.05,0.8,124.97436000000002,7677.21971,8665.07035,16467.26442
1936,4A,NewYork,0.05,0.9500000000000001,109.89592,8101.281010000001,9134.86313,17346.04006
1937,4A,NewYork,0.05,0.9,114.1452,7965.10001,8985.190709999999,17064.43592
1938,4A,NewYork,0.15000000000000002,0.01,587.7664800000001,5473.621109999999,6019.010179999999,12080.39777
1939,4A,NewYork,0.15000000000000002,0.15000000000000002,436.96040000000005,5882.512479999999,6403.42064,12722.89352
1940,4A,NewYork,0.15000000000000002,0.1,479.53992000000005,5744.462949999999,6263.56592,12487.56879
1941,4A,NewYork,0.15000000000000002,0.25,355.79048000000006,6121.58931,6670.588760000001,13147.968550000001
1942,4A,NewYork,0.15000000000000002,0.2,400.08272,6004.82202,6534.281079999999,12939.185819999999
1943,4A,NewYork,0.15000000000000002,0.30000000000000004,320.90736000000004,6225.2135499999995,6811.74195,13357.86286
1944,4A,NewYork,0.15000000000000002,0.35000000000000003,303.22732,6330.896339999999,6955.80878,13589.93244
1945,4A,NewYork,0.15000000000000002,0.45,274.54468,6600.9781,7285.1451099999995,14160.66789
1946,4A,NewYork,0.15000000000000002,0.4,287.802,6455.99284,7116.185659999999,13859.980499999998
1947,4A,NewYork,0.15000000000000002,0.55,257.5042,6867.639499999999,7612.16953,14737.31323
1948,4A,NewYork,0.15000000000000002,0.5,264.51768000000004,6732.97866,7446.78879,14444.28513
1949,4A,NewYork,0.15000000000000002,0.6000000000000001,245.78616000000002,7014.176589999999,7781.92073,15041.883479999999
1950,4A,NewYork,0.15000000000000002,0.65,239.48812000000004,7152.95453,7951.35523,15343.79788
1951,4A,NewYork,0.15000000000000002,0.7000000000000001,231.55324000000002,7291.03573,8124.55846,15647.14743
1952,4A,NewYork,0.15000000000000002,0.75,226.24164000000002,7433.77242,8293.23288,15953.24694
1953,4A,NewYork,0.15000000000000002,0.8500000000000001,213.9274,7734.194039999999,8601.952039999998,16550.07348
1954,4A,NewYork,0.15000000000000002,0.8,218.59944000000002,7586.99188,8450.316079999999,16255.907399999998
1955,4A,NewYork,0.15000000000000002,0.9500000000000001,204.95188000000002,8025.494699999999,8895.91298,17126.359559999997
1956,4A,NewYork,0.15000000000000002,0.9,210.88136,7880.256079999999,8748.99585,16840.133289999998
1957,4A,NewYork,0.1,0.01,440.70020000000005,5516.312269999999,6058.97772,12015.99019
1958,4A,NewYork,0.1,0.15000000000000002,335.10776,5915.5126199999995,6461.9468,12712.567179999998
1959,4A,NewYork,0.1,0.1,364.0072,5776.57633,6315.821419999999,12456.40495
1960,4A,NewYork,0.1,0.25,271.61788,6136.98093,6736.81073,13145.40954
1961,4A,NewYork,0.1,0.2,307.29232,6023.60233,6596.44929,12927.343939999999
1962,4A,NewYork,0.1,0.30000000000000004,244.06260000000003,6254.8883399999995,6881.19426,13380.145199999999
1963,4A,NewYork,0.1,0.35000000000000003,229.45028,6371.02223,7029.346519999999,13629.819029999999
1964,4A,NewYork,0.1,0.45,205.82992000000002,6643.76427,7359.85464,14209.44883
1965,4A,NewYork,0.1,0.4,215.09812000000002,6506.2848,7188.868309999999,13910.251229999998
1966,4A,NewYork,0.1,0.55,192.56176,6916.79134,7693.71978,14803.07288
1967,4A,NewYork,0.1,0.5,200.61588,6781.528769999999,7527.04057,14509.18522
1968,4A,NewYork,0.1,0.6000000000000001,187.61872000000002,7057.247789999999,7862.96426,15107.83077
1969,4A,NewYork,0.1,0.65,180.5944,7202.6764299999995,8036.642539999999,15419.913369999998
1970,4A,NewYork,0.1,0.7000000000000001,173.169,7336.925559999999,8215.039649999999,15725.134209999997
1971,4A,NewYork,0.1,0.75,169.19072000000003,7482.9876,8390.90316,16043.08148
1972,4A,NewYork,0.1,0.8500000000000001,161.4618,7774.06657,8707.444809999999,16642.97318
1973,4A,NewYork,0.1,0.8,165.81948,7635.225289999999,8551.153359999998,16352.198129999997
1974,4A,NewYork,0.1,0.9500000000000001,150.8928,8060.80675,9010.368359999999,17222.067909999998
1975,4A,NewYork,0.1,0.9,157.49436,7909.01244,8859.77751,16926.28431
1976,4A,NewYork,0.25,0.01,949.9742400000001,5396.853029999999,5972.8669899999995,12319.69426
1977,4A,NewYork,0.25,0.15000000000000002,699.4726800000001,5820.217589999999,6325.385759999999,12845.076029999998
1978,4A,NewYork,0.25,0.1,767.5045200000001,5679.00106,6193.29019,12639.79577
1979,4A,NewYork,0.25,0.25,581.33836,6050.04678,6575.70544,13207.09058
1980,4A,NewYork,0.25,0.2,646.1615600000001,5943.255539999999,6446.90355,13036.32065
1981,4A,NewYork,0.25,0.30000000000000004,537.95668,6156.14128,6712.01312,13406.111079999999
1982,4A,NewYork,0.25,0.35000000000000003,506.7158,6265.307769999999,6852.7546,13624.77817
1983,4A,NewYork,0.25,0.45,458.78132000000005,6526.901969999999,7170.468039999999,14156.151329999997
1984,4A,NewYork,0.25,0.4,480.61308,6385.27373,7005.75237,13871.63918
1985,4A,NewYork,0.25,0.55,430.38052,6792.9616399999995,7487.104699999999,14710.446859999998
1986,4A,NewYork,0.25,0.5,444.16900000000004,6659.40925,7326.632809999999,14430.211059999998
1987,4A,NewYork,0.25,0.6000000000000001,415.59476,6936.236719999999,7651.40866,15003.240139999998
1988,4A,NewYork,0.25,0.65,404.52712,7069.78911,7817.16944,15291.485669999998
1989,4A,NewYork,0.25,0.7000000000000001,391.12888000000004,7215.43944,7986.41392,15592.982240000001
1990,4A,NewYork,0.25,0.75,380.71164,7354.217379999999,8139.34835,15874.27737
1991,4A,NewYork,0.25,0.8500000000000001,361.6766,7647.418239999999,8424.28334,16433.37818
1992,4A,NewYork,0.25,0.8,371.99628000000007,7505.948350000001,8280.53321,16158.47784
1993,4A,NewYork,0.25,0.9500000000000001,348.5602,7939.54232,8711.213539999999,16999.316059999997
1994,4A,NewYork,0.25,0.9,353.65500000000003,7797.18567,8569.870329999998,16720.710999999996
1995,4A,NewYork,0.2,0.01,758.94092,5431.88005,5991.20392,12182.02489
1996,4A,NewYork,0.2,0.15000000000000002,562.3792,5856.76477,6359.684369999999,12778.82834
1997,4A,NewYork,0.2,0.1,615.69032,5709.91098,6222.10989,12547.711189999998
1998,4A,NewYork,0.2,0.25,460.99268,6090.07766,6618.206579999999,13169.27692
1999,4A,NewYork,0.2,0.2,515.4636800000001,5972.1069099999995,6485.66763,12973.23822
2000,4A,NewYork,0.2,0.30000000000000004,420.08252,6194.113609999999,6756.41446,13370.61059
2001,4A,NewYork,0.2,0.35000000000000003,396.40796,6300.30312,6900.0695799999985,13596.780659999997
2002,4A,NewYork,0.2,0.45,361.29720000000003,6558.381949999999,7222.470179999999,14142.149329999998
2003,4A,NewYork,0.2,0.4,378.18592,6423.11938,7055.410929999999,13856.716229999998
2004,4A,NewYork,0.2,0.55,335.7148,6829.38214,7546.074239999999,14711.171179999998
2005,4A,NewYork,0.2,0.5,346.73908,6696.3048,7382.245329999999,14425.289209999999
2006,4A,NewYork,0.2,0.6000000000000001,327.30296000000004,6968.60346,7710.853249999999,15006.75967
2007,4A,NewYork,0.2,0.65,313.7638,7113.113670000001,7878.355879999999,15305.233349999999
2008,4A,NewYork,0.2,0.7000000000000001,306.51184,7246.856079999999,8050.482329999999,15603.850249999998
2009,4A,NewYork,0.2,0.75,296.46316,7400.2338899999995,8210.7642,15907.46125
2010,4A,NewYork,0.2,0.8500000000000001,282.50124000000005,7684.85218,8507.29041,16474.64383
2011,4A,NewYork,0.2,0.8,289.00524,7539.07517,8360.40495,16188.48536
2012,4A,NewYork,0.2,0.9500000000000001,268.87536,7984.323699999999,8798.71775,17051.91681
2013,4A,NewYork,0.2,0.9,276.05144,7839.085079999999,8651.80062,16766.937139999998
2014,4A,NewYork,0.30000000000000004,0.01,1145.15928,5363.28283,5960.19899,12468.6411
2015,4A,NewYork,0.30000000000000004,0.15000000000000002,851.5578800000001,5798.52364,6305.37032,12955.451840000002
2016,4A,NewYork,0.30000000000000004,0.1,935.6220800000001,5650.33971,6175.998369999999,12761.960159999999
2017,4A,NewYork,0.30000000000000004,0.25,717.67304,6032.69162,6560.4405,13310.80516
2018,4A,NewYork,0.30000000000000004,0.2,783.2767200000001,5918.01455,6428.534949999999,13129.826219999999
2019,4A,NewYork,0.30000000000000004,0.30000000000000004,668.73044,6134.13063,6698.585039999999,13501.446109999999
2020,4A,NewYork,0.30000000000000004,0.35000000000000003,626.40024,6247.952609999999,6843.31694,13717.66979
2021,4A,NewYork,0.30000000000000004,0.45,572.64468,6498.0506000000005,7141.711679999999,14212.40696
2022,4A,NewYork,0.30000000000000004,0.4,595.62548,6364.941589999999,6989.7590199999995,13950.326089999999
2023,4A,NewYork,0.30000000000000004,0.55,532.04888,6745.86835,7437.44614,14715.36337
2024,4A,NewYork,0.30000000000000004,0.5,553.8156,6622.67205,7295.691219999999,14472.17887
2025,4A,NewYork,0.30000000000000004,0.6000000000000001,515.6371200000001,6898.32773,7599.469859999999,15013.43471
2026,4A,NewYork,0.30000000000000004,0.65,501.2416,7032.54519,7762.507019999999,15296.29381
2027,4A,NewYork,0.30000000000000004,0.7000000000000001,488.75392000000005,7175.69359,7925.57585,15590.02336
2028,4A,NewYork,0.30000000000000004,0.75,474.60772000000003,7322.769069999999,8072.207949999999,15869.584739999998
2029,4A,NewYork,0.30000000000000004,0.8500000000000001,451.94128000000006,7612.10619,8351.378999999999,16415.42647
2030,4A,NewYork,0.30000000000000004,0.8,463.61596000000003,7459.045079999999,8209.68742,16132.34846
2031,4A,NewYork,0.30000000000000004,0.9500000000000001,432.27752,7900.968260000001,8635.87061,16969.116390000003
2032,4A,NewYork,0.30000000000000004,0.9,439.62704,7763.04541,8493.51396,16696.186410000002
2033,4A,NewYork,0.35000000000000003,0.01,1344.92964,5345.61097,5953.57996,12644.12057
2034,4A,NewYork,0.35000000000000003,0.15000000000000002,1015.4912,5774.7394699999995,6289.250289999999,13079.480959999999
2035,4A,NewYork,0.35000000000000003,0.1,1110.10272,5626.01715,6160.986789999999,12897.106659999998
2036,4A,NewYork,0.35000000000000003,0.25,863.47104,5993.67418,6535.23118,13392.376400000001
2037,4A,NewYork,0.35000000000000003,0.2,941.1721600000001,5887.67469,6407.28438,13236.131229999999
2038,4A,NewYork,0.35000000000000003,0.30000000000000004,807.9377200000001,6109.523039999999,6670.462079999999,13587.92284
2039,4A,NewYork,0.35000000000000003,0.35000000000000003,757.02224,6222.80663,6810.98187,13790.81074
2040,4A,NewYork,0.35000000000000003,0.45,694.42124,6463.435289999999,7104.91114,14262.76767
2041,4A,NewYork,0.35000000000000003,0.4,723.21228,6330.896339999999,6956.632199999999,14010.740819999999
2042,4A,NewYork,0.35000000000000003,0.55,645.4894800000001,6718.28378,7398.555379999999,14762.32864
2043,4A,NewYork,0.35000000000000003,0.5,672.63284,6592.96559,7255.40698,14521.00541
2044,4A,NewYork,0.35000000000000003,0.6000000000000001,626.15092,6866.752739999999,7555.860269999999,15048.763929999997
2045,4A,NewYork,0.35000000000000003,0.65,610.3678800000001,7005.182309999999,7720.57594,15336.126129999999
2046,4A,NewYork,0.35000000000000003,0.7000000000000001,594.9534000000001,7143.45353,7869.646629999999,15608.05356
2047,4A,NewYork,0.35000000000000003,0.75,577.67444,7293.15762,8009.78638,15880.618439999998
2048,4A,NewYork,0.35000000000000003,0.8500000000000001,548.9918,7583.7615399999995,8289.71751,16422.470849999998
2049,4A,NewYork,0.35000000000000003,0.8,563.70168,7437.92119,8153.378159999999,16155.00103
2050,4A,NewYork,0.35000000000000003,0.9500000000000001,524.6560000000001,7873.668719999999,8568.12848,16966.453199999996
2051,4A,NewYork,0.35000000000000003,0.9,535.7778400000001,7722.982859999999,8429.38221,16688.14291
2052,4A,NewYork,0.45,0.01,1758.1721200000002,5294.1155499999995,5951.426399999999,13003.714069999998
2053,4A,NewYork,0.45,0.15000000000000002,1355.4010799999999,5727.17113,6264.89606,13347.46827
2054,4A,NewYork,0.45,0.1,1467.6926400000002,5576.20024,6144.51839,13188.41127
2055,4A,NewYork,0.45,0.25,1174.82836,5934.3246,6502.104359999999,13611.257319999999
2056,4A,NewYork,0.45,0.2,1270.7732,5828.80016,6378.0213,13477.59466
2057,4A,NewYork,0.45,0.30000000000000004,1108.7368800000002,6045.359619999999,6629.164399999999,13783.260899999997
2058,4A,NewYork,0.45,0.35000000000000003,1046.8296400000002,6166.814069999999,6767.720649999999,13981.36436
2059,4A,NewYork,0.45,0.45,965.4212400000001,6398.100079999999,7048.38019,14411.90151
2060,4A,NewYork,0.45,0.4,1001.1173600000001,6281.4277999999995,6907.76539,14190.310549999998
2061,4A,NewYork,0.45,0.55,898.92868,6657.31903,7337.305600000001,14893.55331
2062,4A,NewYork,0.45,0.5,931.2535600000001,6522.05646,7197.29253,14650.60255
2063,4A,NewYork,0.45,0.6000000000000001,871.8828800000001,6792.42325,7491.06345,15155.369579999999
2064,4A,NewYork,0.45,0.65,845.8343600000001,6933.22807,7639.94412,15419.00655
2065,4A,NewYork,0.45,0.7000000000000001,826.53916,7067.69889,7775.491719999999,15669.729769999998
2066,4A,NewYork,0.45,0.75,804.7399200000001,7223.35694,7912.14777,15940.24463
2067,4A,NewYork,0.45,0.8500000000000001,764.7620000000001,7509.210359999999,8186.093269999999,16460.065629999997
2068,4A,NewYork,0.45,0.8,784.7943200000001,7365.776929999999,8049.690579999999,16200.261829999998
2069,4A,NewYork,0.45,0.9500000000000001,734.38832,7806.433309999999,8453.86312,16994.68475
2070,4A,NewYork,0.45,0.9,748.37192,7657.647649999999,8322.17926,16728.19883
2071,4A,NewYork,0.4,0.01,1550.6403200000002,5314.60604,5951.23638,12816.48274
2072,4A,NewYork,0.4,0.15000000000000002,1183.0884400000002,5750.16355,6273.89034,13207.14233
2073,4A,NewYork,0.4,0.1,1287.59688,5597.51415,6151.644139999999,13036.75517
2074,4A,NewYork,0.4,0.25,1014.9492,5961.11742,6517.49598,13493.5626
2075,4A,NewYork,0.4,0.2,1106.21116,5860.2484699999995,6391.3227,13357.782329999998
2076,4A,NewYork,0.4,0.30000000000000004,955.34004,6077.314649999999,6649.021489999999,13681.676179999999
2077,4A,NewYork,0.4,0.35000000000000003,901.0099600000001,6191.13663,6788.907879999999,13881.05447
2078,4A,NewYork,0.4,0.45,825.37928,6426.50807,7074.2229099999995,14326.11026
2079,4A,NewYork,0.4,0.4,863.1024800000001,6305.97205,6929.55435,14098.62888
2080,4A,NewYork,0.4,0.55,768.35004,6684.55523,7364.13009,14817.03536
2081,4A,NewYork,0.4,0.5,798.00828,6560.947219999999,7224.433719999999,14583.389219999997
2082,4A,NewYork,0.4,0.6000000000000001,747.94916,6829.477149999999,7521.086609999999,15098.512919999997
2083,4A,NewYork,0.4,0.65,725.5320399999999,6968.793479999999,7678.454839999999,15372.780359999999
2084,4A,NewYork,0.4,0.7000000000000001,705.60812,7107.88812,7819.513019999999,15633.009259999999
2085,4A,NewYork,0.4,0.75,686.4430000000001,7250.5298,7957.46754,15894.440340000001
2086,4A,NewYork,0.4,0.8500000000000001,653.7604000000001,7538.8218099999995,8234.231670000001,16426.81388
2087,4A,NewYork,0.4,0.8,670.84424,7395.29337,8097.417269999999,16163.55488
2088,4A,NewYork,0.4,0.9500000000000001,626.8121600000001,7839.496789999999,8507.987149999999,16974.2961
2089,4A,NewYork,0.4,0.9,642.18328,7689.76103,8374.308079999999,16706.252389999998
2090,4A,NewYork,0.55,0.01,2168.6178800000002,5251.804429999999,5959.660599999999,13380.08291
2091,4A,NewYork,0.55,0.15000000000000002,1698.20524,5685.93679,6255.6484199999995,13639.79045
2092,4A,NewYork,0.55,0.1,1831.0494400000002,5526.446669999999,6140.7496599999995,13498.24577
2093,4A,NewYork,0.55,0.25,1495.18288,5882.76584,6483.197369999999,13861.146089999998
2094,4A,NewYork,0.55,0.2,1597.4257600000003,5778.508199999999,6363.896479999999,13739.830439999998
2095,4A,NewYork,0.55,0.30000000000000004,1415.8774400000002,5989.525409999999,6606.0453,14011.44815
2096,4A,NewYork,0.55,0.35000000000000003,1342.7941600000001,6111.13821,6735.2272299999995,14189.159599999999
2097,4A,NewYork,0.55,0.45,1242.4374400000002,6348.02981,7010.249510000001,14600.71676
2098,4A,NewYork,0.55,0.4,1289.5264,6224.231779999999,6871.15487,14384.91305
2099,4A,NewYork,0.55,0.55,1161.91792,6605.76027,7292.23919,15059.917379999999
2100,4A,NewYork,0.55,0.5,1201.73324,6472.017859999999,7154.2213299999985,14827.972429999998
2101,4A,NewYork,0.55,0.6000000000000001,1129.35456,6743.524769999999,7441.563239999999,15314.442569999997
2102,4A,NewYork,0.55,0.65,1100.0648800000001,6875.36698,7571.220219999999,15546.65208
2103,4A,NewYork,0.55,0.7000000000000001,1073.2142000000001,7014.04991,7703.917519999999,15791.18163
2104,4A,NewYork,0.55,0.75,1046.80796,7157.1666399999995,7836.04476,16040.019359999998
2105,4A,NewYork,0.55,0.8500000000000001,998.61332,7453.81953,8105.714809999999,16558.14766
2106,4A,NewYork,0.55,0.8,1022.4938400000001,7299.586629999999,7972.06741,16294.147879999999
2107,4A,NewYork,0.55,0.9500000000000001,961.37792,7735.049129999999,8360.468289999999,17056.89534
2108,4A,NewYork,0.55,0.9,981.62704,7589.557149999999,8237.018629999999,16808.20282
2109,4A,NewYork,0.5,0.01,1960.5224,5271.40816,5953.991669999999,13185.92223
2110,4A,NewYork,0.5,0.15000000000000002,1527.3018000000002,5705.92056,6260.33558,13493.557939999999
2111,4A,NewYork,0.5,0.1,1648.2545200000002,5550.38919,6140.6546499999995,13339.29836
2112,4A,NewYork,0.5,0.25,1335.4446400000002,5905.061519999999,6490.354789999999,13730.860949999998
2113,4A,NewYork,0.5,0.2,1432.506,5804.31925,6370.29382,13607.11907
2114,4A,NewYork,0.5,0.30000000000000004,1260.6161200000001,6015.684829999999,6614.849559999999,13891.150509999998
2115,4A,NewYork,0.5,0.35000000000000003,1194.8715200000001,6130.20355,6749.5420699999995,14074.61714
2116,4A,NewYork,0.5,0.45,1104.18408,6377.831279999999,7028.903139999999,14510.9185
2117,4A,NewYork,0.5,0.4,1145.4628,6252.2280599999995,6887.749949999999,14285.44081
2118,4A,NewYork,0.5,0.55,1029.3880800000002,6634.80166,7314.53487,14978.724610000001
2119,4A,NewYork,0.5,0.5,1064.5422,6493.3001,7175.345219999999,14733.18752
2120,4A,NewYork,0.5,0.6000000000000001,1001.4208800000001,6777.47501,7464.42898,15243.32487
2121,4A,NewYork,0.5,0.65,972.2396,6905.5801599999995,7603.77698,15481.596739999999
2122,4A,NewYork,0.5,0.7000000000000001,950.4078400000001,7037.390699999999,7736.5692899999995,15724.36783
2123,4A,NewYork,0.5,0.75,925.4758400000001,7194.410559999999,7874.30212,15994.18852
2124,4A,NewYork,0.5,0.8500000000000001,880.7500000000001,7474.246679999999,8142.293659999999,16497.29034
2125,4A,NewYork,0.5,0.8,903.57904,7332.301739999999,8007.664489999999,16243.545269999999
2126,4A,NewYork,0.5,0.9500000000000001,845.3574000000001,7760.00509,8405.249670000001,17010.61216
2127,4A,NewYork,0.5,0.9,861.84504,7621.7022,8279.74146,16763.288699999997
2128,4A,NewYork,0.6000000000000001,0.01,2375.06568,5234.32259,5967.356409999999,13576.74468
2129,4A,NewYork,0.6000000000000001,0.15000000000000002,1867.7428400000001,5665.763,6254.8883399999995,13788.39418
2130,4A,NewYork,0.6000000000000001,0.1,2010.2021200000001,5508.236419999999,6145.21513,13663.65367
2131,4A,NewYork,0.6000000000000001,0.25,1655.5173200000002,5862.62372,6477.49677,13995.63781
2132,4A,NewYork,0.6000000000000001,0.2,1760.3509600000002,5756.307529999999,6359.621029999999,13876.27952
2133,4A,NewYork,0.6000000000000001,0.30000000000000004,1570.1089600000003,5969.9216799999995,6599.141239999999,14139.171879999998
2134,4A,NewYork,0.6000000000000001,0.35000000000000003,1492.14768,6082.8252299999995,6726.3913,14301.36421
2135,4A,NewYork,0.6000000000000001,0.45,1384.1921200000002,6322.63047,6995.36461,14702.1872
2136,4A,NewYork,0.6000000000000001,0.4,1432.6577600000003,6195.41208,6858.740229999999,14486.81007
2137,4A,NewYork,0.6000000000000001,0.55,1293.4288000000001,6578.112359999999,7273.648899999999,15145.190059999997
2138,4A,NewYork,0.6000000000000001,0.5,1341.0706000000002,6453.3958999999995,7138.16464,14932.63114
2139,4A,NewYork,0.6000000000000001,0.6000000000000001,1261.74348,6725.314519999999,7416.100559999999,15403.158559999998
2140,4A,NewYork,0.6000000000000001,0.65,1224.8224400000001,6855.35154,7542.49553,15622.66951
2141,4A,NewYork,0.6000000000000001,0.7000000000000001,1195.61948,6991.057489999999,7674.05271,15860.72968
2142,4A,NewYork,0.6000000000000001,0.75,1164.7688400000002,7134.87096,7804.153069999999,16103.792870000001
2143,4A,NewYork,0.6000000000000001,0.8500000000000001,1117.5281200000002,7421.579469999999,8070.18107,16609.28866
2144,4A,NewYork,0.6000000000000001,0.8,1140.35716,7275.707449999999,7937.8321399999995,16353.89675
2145,4A,NewYork,0.6000000000000001,0.9500000000000001,1076.1626800000001,7694.89157,8320.15238,17091.20663
2146,4A,NewYork,0.6000000000000001,0.9,1095.77224,7561.940909999999,8200.91483,16858.627979999997
2147,4A,NewYork,0.65,0.01,2572.48376,5219.08932,5976.79407,13768.36715
2148,4A,NewYork,0.65,0.15000000000000002,2034.3861600000002,5656.29367,6262.742499999999,13953.42233
2149,4A,NewYork,0.65,0.1,2186.9049600000003,5500.88898,6152.91094,13840.70488
2150,4A,NewYork,0.65,0.25,1807.7434400000002,5850.90582,6488.99298,14147.642240000001
2151,4A,NewYork,0.65,0.2,1915.78572,5750.16355,6370.008789999999,14035.958059999999
2152,4A,NewYork,0.65,0.30000000000000004,1711.92868,5969.7316599999995,6614.69121,14296.35155
2153,4A,NewYork,0.65,0.35000000000000003,1634.47688,6086.84732,6746.501749999999,14467.825949999999
2154,4A,NewYork,0.65,0.45,1518.07696,6334.34837,7017.596949999999,14870.02228
2155,4A,NewYork,0.65,0.4,1569.0574800000002,6204.248009999999,6879.70577,14653.01126
2156,4A,NewYork,0.65,0.55,1421.59012,6591.41376,7292.04917,15305.05305
2157,4A,NewYork,0.65,0.5,1468.95008,6462.13682,7158.718469999999,15089.805369999998
2158,4A,NewYork,0.65,0.6000000000000001,1383.6934800000001,6718.6321499999995,7418.44414,15520.769769999999
2159,4A,NewYork,0.65,0.65,1349.39572,6865.2959200000005,7553.0416399999995,15767.73328
2160,4A,NewYork,0.65,0.7000000000000001,1317.46108,6996.37805,7679.3416,15993.18073
2161,4A,NewYork,0.65,0.75,1287.25,7136.45446,7807.8584599999995,16231.56292
2162,4A,NewYork,0.65,0.8500000000000001,1227.7709200000002,7422.65625,8069.92771,16720.35488
2163,4A,NewYork,0.65,0.8,1257.83024,7283.4666,7939.795679999999,16481.09252
2164,4A,NewYork,0.65,0.9500000000000001,1184.1616000000001,7703.75917,8321.925899999998,17209.84667
2165,4A,NewYork,0.65,0.9,1203.52184,7562.574309999999,8200.9465,16967.04265
2166,4A,NewYork,0.7000000000000001,0.01,2773.7392000000004,5209.5566499999995,5987.81523,13971.11108
2167,4A,NewYork,0.7000000000000001,0.15000000000000002,2198.98072,5652.429929999999,6272.90857,14124.31922
2168,4A,NewYork,0.7000000000000001,0.1,2360.1715200000003,5494.07993,6165.23057,14019.48202
2169,4A,NewYork,0.7000000000000001,0.25,1953.0102800000002,5852.58433,6507.74162,14313.33623
2170,4A,NewYork,0.7000000000000001,0.2,2073.3451200000004,5738.097279999999,6385.14705,14196.58945
2171,4A,NewYork,0.7000000000000001,0.30000000000000004,1856.20908,5972.83532,6638.031999999999,14467.0764
2172,4A,NewYork,0.7000000000000001,0.35000000000000003,1774.33456,6086.2455899999995,6770.887649999999,14631.467799999999
2173,4A,NewYork,0.7000000000000001,0.45,1648.61224,6338.4971399999995,7043.56635,15030.675729999999
2174,4A,NewYork,0.7000000000000001,0.4,1704.4165600000001,6211.627119999999,6906.213559999999,14822.257239999999
2175,4A,NewYork,0.7000000000000001,0.55,1552.1796000000002,6597.0193500000005,7304.02043,15453.21938
2176,4A,NewYork,0.7000000000000001,0.5,1596.1032800000003,6466.6973,7183.35773,15246.158309999999
2177,4A,NewYork,0.7000000000000001,0.6000000000000001,1511.98488,6735.29057,7427.5651,15674.84055
2178,4A,NewYork,0.7000000000000001,0.65,1470.80372,6874.163519999999,7564.759539999999,15909.726779999999
2179,4A,NewYork,0.7000000000000001,0.7000000000000001,1435.7038000000002,7004.5489099999995,7688.937609999999,16129.19032
2180,4A,NewYork,0.7000000000000001,0.75,1399.4223200000001,7141.965039999999,7814.8892,16356.276559999998
2181,4A,NewYork,0.7000000000000001,0.8500000000000001,1343.42288,7431.270489999999,8074.67821,16849.37158
2182,4A,NewYork,0.7000000000000001,0.8,1370.83724,7288.88217,7944.071129999999,16603.790539999998
2183,4A,NewYork,0.7000000000000001,0.9500000000000001,1298.59948,7709.903149999999,8328.228229999999,17336.730859999996
2184,4A,NewYork,0.7000000000000001,0.9,1318.7944,7568.62328,8203.98682,17091.4045
2185,4A,NewYork,0.75,0.01,2966.5286,5195.3368199999995,6000.1665299999995,14162.03195
2186,4A,NewYork,0.75,0.15000000000000002,2360.61596,5633.52294,6285.82993,14279.96883
2187,4A,NewYork,0.75,0.1,2527.7254000000003,5488.91772,6177.74022,14194.38334
2188,4A,NewYork,0.75,0.25,2100.4451200000003,5851.44421,6529.752269999999,14481.641599999999
2189,4A,NewYork,0.75,0.2,2225.3977999999997,5739.11072,6403.92736,14368.435879999999
2190,4A,NewYork,0.75,0.30000000000000004,1994.3215200000002,5978.37757,6664.001399999999,14636.70049
2191,4A,NewYork,0.75,0.35000000000000003,1910.3765600000002,6098.72357,6801.1008299999985,14810.200959999998
2192,4A,NewYork,0.75,0.45,1780.8494,6354.680509999999,7074.0328899999995,15209.5628
2193,4A,NewYork,0.75,0.4,1838.55072,6224.991859999999,6937.313499999999,15000.856079999998
2194,4A,NewYork,0.75,0.55,1680.9804800000002,6614.247829999999,7321.628949999999,15616.857259999997
2195,4A,NewYork,0.75,0.5,1726.6494,6480.88546,7202.35973,15409.89459
2196,4A,NewYork,0.75,0.6000000000000001,1636.027,6736.969079999999,7443.3684299999995,15816.36451
2197,4A,NewYork,0.75,0.65,1593.67512,6891.86705,7581.13293,16066.6751
2198,4A,NewYork,0.75,0.7000000000000001,1555.9519200000002,7025.73614,7702.397359999999,16284.08542
2199,4A,NewYork,0.75,0.75,1522.2937200000001,7156.91328,7826.38541,16505.59241
2200,4A,NewYork,0.75,0.8500000000000001,1457.74152,7437.382799999999,8080.188789999999,16975.31311
2201,4A,NewYork,0.75,0.8,1488.39704,7302.373589999999,7953.6038,16744.37443
2202,4A,NewYork,0.75,0.9500000000000001,1407.2596400000002,7725.801489999999,8333.928829999999,17466.98996
2203,4A,NewYork,0.75,0.9,1429.7743200000002,7581.4812999999995,8206.9638,17218.21942
2204,4A,NewYork,0.8500000000000001,0.01,3340.81212,5175.41639,6025.755889999999,14541.984400000001
2205,4A,NewYork,0.8500000000000001,0.15000000000000002,2696.5042000000003,5605.938369999999,6298.62461,14601.067179999998
2206,4A,NewYork,0.8500000000000001,0.1,2878.63788,5464.721839999999,6194.778679999999,14538.1384
2207,4A,NewYork,0.8500000000000001,0.25,2411.7916000000005,5830.827039999999,6544.858859999999,14787.4775
2208,4A,NewYork,0.8500000000000001,0.2,2542.7062800000003,5717.5751199999995,6416.94373,14677.225129999999
2209,4A,NewYork,0.8500000000000001,0.30000000000000004,2296.35644,5954.78342,6678.22123,14929.361089999999
2210,4A,NewYork,0.8500000000000001,0.35000000000000003,2202.2544000000003,6088.33581,6815.035629999999,15105.62584
2211,4A,NewYork,0.8500000000000001,0.45,2054.8304,6345.369529999999,7068.870679999999,15469.070609999999
2212,4A,NewYork,0.8500000000000001,0.4,2123.8053200000004,6204.343019999999,6948.0496299999995,15276.19797
2213,4A,NewYork,0.8500000000000001,0.55,1937.4874,6603.86007,7312.507989999999,15853.855459999999
2214,4A,NewYork,0.8500000000000001,0.5,1990.4950000000001,6464.54374,7189.723399999999,15644.762139999999
2215,4A,NewYork,0.8500000000000001,0.6000000000000001,1893.21684,6724.87114,7431.39717,16049.48515
2216,4A,NewYork,0.8500000000000001,0.65,1840.6428400000002,6877.900579999999,7570.20678,16288.750199999999
2217,4A,NewYork,0.8500000000000001,0.7000000000000001,1800.3072,7010.1545,7688.55757,16499.01927
2218,4A,NewYork,0.8500000000000001,0.75,1764.8929200000002,7147.50729,7809.9486799999995,16722.34889
2219,4A,NewYork,0.8500000000000001,0.8500000000000001,1699.73368,7409.92491,8057.92478,17167.58337
2220,4A,NewYork,0.8500000000000001,0.8,1732.1344400000003,7268.20166,7932.63826,16932.97436
2221,4A,NewYork,0.8500000000000001,0.9500000000000001,1635.4091200000003,7686.689039999999,8305.837539999999,17627.935699999998
2222,4A,NewYork,0.8500000000000001,0.9,1661.26252,7551.99653,8181.057739999999,17394.31679
2223,4A,NewYork,0.8,0.01,3160.46704,5185.6458,6012.16946,14358.282299999999
2224,4A,NewYork,0.8,0.15000000000000002,2533.56816,5620.53824,6290.10538,14444.21178
2225,4A,NewYork,0.8,0.1,2707.37672,5473.2094,6183.18746,14363.773580000001
2226,4A,NewYork,0.8,0.25,2260.8012400000002,5839.59963,6535.801239999999,14636.202109999998
2227,4A,NewYork,0.8,0.2,2386.2525600000004,5727.07612,6408.3611599999995,14521.68984
2228,4A,NewYork,0.8,0.30000000000000004,2147.3064400000003,5966.216289999999,6670.30373,14783.82646
2229,4A,NewYork,0.8,0.35000000000000003,2055.19896,6091.312789999999,6808.28992,14954.80167
2230,4A,NewYork,0.8,0.45,1919.6014,6348.18816,7073.58951,15341.379069999999
2231,4A,NewYork,0.8,0.4,1983.25388,6222.458259999999,6943.299129999999,15149.011269999999
2232,4A,NewYork,0.8,0.55,1812.3396000000002,6610.162399999999,7321.628949999999,15744.130949999999
2233,4A,NewYork,0.8,0.5,1861.02204,6476.514999999999,7196.53245,15534.069489999998
2234,4A,NewYork,0.8,0.6000000000000001,1768.0582000000002,6735.8922999999995,7441.6582499999995,15945.60875
2235,4A,NewYork,0.8,0.65,1714.7687600000002,6890.7586,7584.58496,16190.11232
2236,4A,NewYork,0.8,0.7000000000000001,1678.6282,7027.8897,7703.75917,16410.27707
2237,4A,NewYork,0.8,0.75,1643.60416,7155.96318,7825.4036399999995,16624.97098
2238,4A,NewYork,0.8,0.8500000000000001,1575.7782800000002,7433.265699999999,8080.188789999999,17089.23277
2239,4A,NewYork,0.8,0.8,1608.75356,7295.97625,7952.400339999999,16857.13015
2240,4A,NewYork,0.8,0.9500000000000001,1518.07696,7716.838879999999,8331.99696,17566.9128
2241,4A,NewYork,0.8,0.9,1547.6376400000001,7579.04271,8204.39853,17331.07888
2242,4A,NewYork,0.9500000000000001,0.01,3701.92504,5157.90288,6053.213779999999,14913.041699999998
2243,4A,NewYork,0.9500000000000001,0.15000000000000002,3011.79644,5583.92772,6321.17365,14916.897809999999
2244,4A,NewYork,0.9500000000000001,0.1,3196.5859200000004,5454.11239,6218.97456,14869.672869999999
2245,4A,NewYork,0.9500000000000001,0.25,2707.4526,5821.167689999999,6566.20444,15094.82473
2246,4A,NewYork,0.9500000000000001,0.2,2841.2398800000005,5699.649899999999,6437.11752,14978.0073
2247,4A,NewYork,0.9500000000000001,0.30000000000000004,2589.2749200000003,5940.31023,6696.8431900000005,15226.428340000002
2248,4A,NewYork,0.9500000000000001,0.35000000000000003,2488.90736,6069.01711,6830.42725,15388.351719999999
2249,4A,NewYork,0.9500000000000001,0.45,2332.16096,6325.290749999999,7071.847659999999,15729.299369999999
2250,4A,NewYork,0.9500000000000001,0.4,2404.5288,6194.30363,6954.510309999999,15553.34274
2251,4A,NewYork,0.9500000000000001,0.55,2198.79644,6584.00298,7304.463809999999,16087.263229999999
2252,4A,NewYork,0.9500000000000001,0.5,2260.2375600000005,6454.504349999999,7186.8414299999995,15901.583340000001
2253,4A,NewYork,0.9500000000000001,0.6000000000000001,2147.41484,6703.145519999999,7419.52092,16270.081279999999
2254,4A,NewYork,0.9500000000000001,0.65,2087.8924,6853.41967,7551.964859999999,16493.27693
2255,4A,NewYork,0.9500000000000001,0.7000000000000001,2046.2884800000002,6977.9144400000005,7665.185109999999,16689.38803
2256,4A,NewYork,0.9500000000000001,0.75,2005.1832000000002,7110.105019999999,7779.640489999999,16894.928709999996
2257,4A,NewYork,0.9500000000000001,0.8500000000000001,1928.9888400000002,7371.35085,8021.02923,17321.36892
2258,4A,NewYork,0.9500000000000001,0.8,1968.74996,7241.56719,7900.714899999999,17111.032049999998
2259,4A,NewYork,0.9500000000000001,0.9500000000000001,1870.1276400000002,7642.82609,8261.34119,17774.29492
2260,4A,NewYork,0.9500000000000001,0.9,1899.1138,7501.9896,8143.87716,17544.98056
2261,4A,NewYork,0.9,0.01,3523.9214,5165.82038,6038.930609999999,14728.67239
2262,4A,NewYork,0.9,0.15000000000000002,2853.3698400000003,5592.510289999999,6309.740779999999,14755.620909999998
2263,4A,NewYork,0.9,0.1,3036.85852,5460.7630899999995,6207.16165,14704.78326
2264,4A,NewYork,0.9,0.25,2560.85244,5824.08133,6553.50477,14938.43854
2265,4A,NewYork,0.9,0.2,2698.04348,5708.92921,6425.874669999999,14832.84736
2266,4A,NewYork,0.9,0.30000000000000004,2443.69372,5946.359199999999,6687.18384,15077.236759999998
2267,4A,NewYork,0.9,0.35000000000000003,2349.55916,6078.86648,6822.509749999999,15250.935389999999
2268,4A,NewYork,0.9,0.45,2191.3927200000003,6328.64777,7067.920579999999,15587.961069999998
2269,4A,NewYork,0.9,0.4,2266.6765200000004,6200.82765,6953.62355,15421.12772
2270,4A,NewYork,0.9,0.55,2066.8519600000004,6594.010699999999,7306.173989999999,15967.036649999998
2271,4A,NewYork,0.9,0.5,2125.8649200000004,6460.71167,7187.6965199999995,15774.27311
2272,4A,NewYork,0.9,0.6000000000000001,2018.21288,6711.06302,7423.036289999999,16152.31219
2273,4A,NewYork,0.9,0.65,1961.2053200000003,6866.53105,7560.927469999999,16388.66384
2274,4A,NewYork,0.9,0.7000000000000001,1924.5227600000003,6990.994149999999,7673.7360100000005,16589.25292
2275,4A,NewYork,0.9,0.75,1887.9702800000002,7124.609879999999,7792.68853,16805.26869
2276,4A,NewYork,0.9,0.8500000000000001,1816.4696400000003,7391.33462,8038.542739999999,17246.347
2277,4A,NewYork,0.9,0.8,1848.20916,7258.763999999999,7916.803260000001,17023.776420000002
2278,4A,NewYork,0.9,0.9500000000000001,1753.3374800000001,7661.06801,8282.148379999999,17696.55387
2279,4A,NewYork,0.9,0.9,1783.7870400000002,7529.384149999999,8162.4991199999995,17475.670309999998
2280,4B,Albuquerque,0.01,0.01,1086.3848,6439.7461299999995,7857.61203,15383.74296
2281,4B,Albuquerque,0.01,0.15000000000000002,790.0408800000001,6910.393999999999,8477.077229999999,16177.51211
2282,4B,Albuquerque,0.01,0.1,891.34068,6732.028559999999,8304.8241,15928.193339999998
2283,4B,Albuquerque,0.01,0.25,579.0944800000001,7230.48269,8818.25814,16627.83531
2284,4B,Albuquerque,0.01,0.2,697.5431600000001,7076.59816,8634.25544,16408.39676
2285,4B,Albuquerque,0.01,0.30000000000000004,468.30968,7380.946859999999,9018.50755,16867.76409
2286,4B,Albuquerque,0.01,0.35000000000000003,386.18584000000004,7541.798789999999,9237.03055,17165.01518
2287,4B,Albuquerque,0.01,0.45,285.7966,7899.194739999999,9738.58834,17923.57968
2288,4B,Albuquerque,0.01,0.4,328.85308000000003,7716.300489999999,9478.16593,17523.319499999998
2289,4B,Albuquerque,0.01,0.55,225.3094,8240.94571,10236.6941,18702.94921
2290,4B,Albuquerque,0.01,0.5,253.73188000000002,8077.78187,9985.392649999998,18316.9064
2291,4B,Albuquerque,0.01,0.6000000000000001,196.99532,8420.26125,10500.34685,19117.60342
2292,4B,Albuquerque,0.01,0.65,174.58904,8575.444249999999,10761.81437,19511.84766
2293,4B,Albuquerque,0.01,0.7000000000000001,155.28300000000002,8756.81834,11034.20804,19946.30938
2294,4B,Albuquerque,0.01,0.75,138.73032,8942.657899999998,11311.00384,20392.39206
2295,4B,Albuquerque,0.01,0.8500000000000001,114.28612000000001,9321.336089999999,11867.66743,21303.28964
2296,4B,Albuquerque,0.01,0.8,125.73316,9124.06366,11586.02612,20835.82294
2297,4B,Albuquerque,0.01,0.9500000000000001,96.64944,9716.73604,12454.38585,22267.77133
2298,4B,Albuquerque,0.01,0.9,104.99624,9520.572059999999,12156.05445,21781.62275
2299,4B,Albuquerque,0.05,0.01,1192.6168000000002,6419.509,7732.51553,15344.641329999999
2300,4B,Albuquerque,0.05,0.15000000000000002,905.2700800000001,6916.918019999999,8375.00482,16197.19292
2301,4B,Albuquerque,0.05,0.1,1004.7270800000001,6735.6072699999995,8187.265059999999,15927.599409999999
2302,4B,Albuquerque,0.05,0.25,664.7738400000001,7262.912769999999,8720.334499999999,16648.021109999998
2303,4B,Albuquerque,0.05,0.2,805.16268,7089.51952,8533.67152,16428.35372
2304,4B,Albuquerque,0.05,0.30000000000000004,527.9622,7413.788649999999,8914.53494,16856.285789999998
2305,4B,Albuquerque,0.05,0.35000000000000003,432.00652,7568.14823,9130.30265,17130.4574
2306,4B,Albuquerque,0.05,0.45,328.44116,7909.9625399999995,9625.30475,17863.70845
2307,4B,Albuquerque,0.05,0.4,372.44072,7735.365829999999,9368.27103,17476.077579999997
2308,4B,Albuquerque,0.05,0.55,253.80776,8235.62515,10124.51896,18613.951869999997
2309,4B,Albuquerque,0.05,0.5,286.46868,8068.439219999999,9873.37586,18228.28376
2310,4B,Albuquerque,0.05,0.6000000000000001,225.99232,8405.914739999998,10383.801249999999,19015.708309999995
2311,4B,Albuquerque,0.05,0.65,201.87332,8557.614039999999,10643.970299999999,19403.45766
2312,4B,Albuquerque,0.05,0.7000000000000001,181.52664000000001,8723.40649,10912.72192,19817.65505
2313,4B,Albuquerque,0.05,0.75,163.72736,8905.98404,11187.20581,20256.91721
2314,4B,Albuquerque,0.05,0.8500000000000001,134.75204000000002,9296.06343,11742.79262,21173.60809
2315,4B,Albuquerque,0.05,0.8,147.51072000000002,9095.97237,11461.40467,20704.887759999998
2316,4B,Albuquerque,0.05,0.9500000000000001,114.01512000000001,9677.148539999998,12315.576239999999,22106.739899999997
2317,4B,Albuquerque,0.05,0.9,123.64104000000002,9484.68995,12026.42914,21634.760130000002
2318,4B,Albuquerque,0.15000000000000002,0.01,1425.9152800000002,6326.4625399999995,7548.03778,15300.4156
2319,4B,Albuquerque,0.15000000000000002,0.15000000000000002,1143.5224400000002,6886.736510000001,8161.0739699999995,16191.33292
2320,4B,Albuquerque,0.15000000000000002,0.1,1256.42104,6681.546579999999,7952.653699999999,15890.621319999998
2321,4B,Albuquerque,0.15000000000000002,0.25,833.7802800000001,7238.748559999999,8516.28469,16588.81353
2322,4B,Albuquerque,0.15000000000000002,0.2,1031.67532,7058.32457,8334.40388,16424.40377
2323,4B,Albuquerque,0.15000000000000002,0.30000000000000004,655.5056400000001,7416.86064,8703.26437,16775.63065
2324,4B,Albuquerque,0.15000000000000002,0.35000000000000003,528.68848,7582.87478,8909.84778,17021.41104
2325,4B,Albuquerque,0.15000000000000002,0.45,403.75748000000004,7933.68337,9392.245219999999,17729.686069999996
2326,4B,Albuquerque,0.15000000000000002,0.4,452.12556,7749.237289999999,9143.06566,17344.428509999998
2327,4B,Albuquerque,0.15000000000000002,0.55,332.66876,8239.36221,9884.55537,18456.58634
2328,4B,Albuquerque,0.15000000000000002,0.5,366.65216000000004,8084.749269999999,9634.23569,18085.63712
2329,4B,Albuquerque,0.15000000000000002,0.6000000000000001,303.7368,8379.18526,10134.051629999998,18816.97369
2330,4B,Albuquerque,0.15000000000000002,0.65,275.70456,8500.132989999998,10391.21203,19167.04958
2331,4B,Albuquerque,0.15000000000000002,0.7000000000000001,250.21972000000002,8655.88605,10653.34462,19559.450389999998
2332,4B,Albuquerque,0.15000000000000002,0.75,229.81884,8836.43672,10917.504089999999,19983.75965
2333,4B,Albuquerque,0.15000000000000002,0.8500000000000001,195.38016000000002,9208.527549999999,11448.26162,20852.169329999997
2334,4B,Albuquerque,0.15000000000000002,0.8,211.8136,9014.35878,11186.22404,20412.396419999997
2335,4B,Albuquerque,0.15000000000000002,0.9500000000000001,167.70564000000002,9595.59829,11951.6246,21714.928529999997
2336,4B,Albuquerque,0.15000000000000002,0.9,180.61608,9400.764449999999,11692.247299999999,21273.627829999998
2337,4B,Albuquerque,0.1,0.01,1312.31208,6375.8044,7632.279979999999,15320.39646
2338,4B,Albuquerque,0.1,0.15000000000000002,1028.20652,6909.918949999999,8259.09262,16197.218089999998
2339,4B,Albuquerque,0.1,0.1,1131.8586000000003,6715.211789999999,8059.793309999999,15906.863699999998
2340,4B,Albuquerque,0.1,0.25,753.3474800000001,7261.01257,8608.602739999998,16622.962789999998
2341,4B,Albuquerque,0.1,0.2,922.8417200000001,7081.380329999999,8427.13364,16431.35569
2342,4B,Albuquerque,0.1,0.30000000000000004,594.21628,7425.37987,8804.5767,16824.17285
2343,4B,Albuquerque,0.1,0.35000000000000003,483.17132000000004,7593.420889999999,9013.09198,17089.68419
2344,4B,Albuquerque,0.1,0.45,364.6576,7931.561479999999,9498.7831,17795.00218
2345,4B,Albuquerque,0.1,0.4,414.3048,7756.07801,9245.708129999999,17416.09094
2346,4B,Albuquerque,0.1,0.55,291.32500000000005,8231.44471,9996.03377,18518.803480000002
2347,4B,Albuquerque,0.1,0.5,326.12140000000005,8101.37602,9746.030789999999,18173.528209999997
2348,4B,Albuquerque,0.1,0.6000000000000001,261.75348,8386.15266,10247.17687,18895.08301
2349,4B,Albuquerque,0.1,0.65,236.4746,8525.405649999999,10508.64439,19270.524639999996
2350,4B,Albuquerque,0.1,0.7000000000000001,214.26344,8680.271949999998,10776.88929,19671.424679999996
2351,4B,Albuquerque,0.1,0.75,195.20672000000002,8863.89461,11046.1793,20105.28063
2352,4B,Albuquerque,0.1,0.8500000000000001,163.80324000000002,9254.227359999999,11593.785269999998,21011.81587
2353,4B,Albuquerque,0.1,0.8,178.75160000000002,9054.73803,11314.867579999998,20548.35721
2354,4B,Albuquerque,0.1,0.9500000000000001,138.66528000000002,9632.1138,12125.39789,21896.17697
2355,4B,Albuquerque,0.1,0.9,150.8386,9440.92201,11865.45053,21457.21114
2356,4B,Albuquerque,0.25,0.01,1673.9128,6238.3882699999995,7445.870359999999,15358.171429999999
2357,4B,Albuquerque,0.25,0.15000000000000002,1376.1380000000001,6820.19784,8011.11652,16207.45236
2358,4B,Albuquerque,0.25,0.1,1500.02836,6606.266989999999,7802.37955,15908.674899999998
2359,4B,Albuquerque,0.25,0.25,994.76512,7168.947879999999,8366.42225,16530.13525
2360,4B,Albuquerque,0.25,0.2,1246.0688400000001,6996.124690000001,8189.3236099999995,16431.51714
2361,4B,Albuquerque,0.25,0.30000000000000004,791.0815200000001,7345.3497800000005,8544.40765,16680.838949999998
2362,4B,Albuquerque,0.25,0.35000000000000003,644.48136,7487.0730300000005,8748.93251,16880.4869
2363,4B,Albuquerque,0.25,0.45,506.26052,7856.40857,9218.40859,17581.07768
2364,4B,Albuquerque,0.25,0.4,557.89144,7675.129489999999,8974.07454,17207.09547
2365,4B,Albuquerque,0.25,0.55,426.80332000000004,8158.635379999999,9698.050739999999,18283.489439999998
2366,4B,Albuquerque,0.25,0.5,462.46692,8005.25757,9455.64856,17923.373050000002
2367,4B,Albuquerque,0.25,0.6000000000000001,393.1668,8304.79243,9943.93662,18641.89585
2368,4B,Albuquerque,0.25,0.65,365.86084,8463.45913,10191.912719999998,19021.232689999997
2369,4B,Albuquerque,0.25,0.7000000000000001,339.07520000000005,8616.07686,10446.3495,19401.501559999997
2370,4B,Albuquerque,0.25,0.75,313.50364,8789.02673,10694.19892,19796.729290000003
2371,4B,Albuquerque,0.25,0.8500000000000001,270.37128,9145.345899999998,11153.382249999999,20569.099429999995
2372,4B,Albuquerque,0.25,0.8,290.55536000000006,8958.36622,10919.594309999999,20168.51589
2373,4B,Albuquerque,0.25,0.9500000000000001,234.24156000000002,9519.11524,11649.90451,21403.26131
2374,4B,Albuquerque,0.25,0.9,250.45820000000003,9327.226709999999,11394.61264,20972.29755
2375,4B,Albuquerque,0.2,0.01,1545.2203200000001,6282.40957,7489.6383,15317.268189999999
2376,4B,Albuquerque,0.2,0.15000000000000002,1258.33972,6853.989729999999,8083.16577,16195.495219999999
2377,4B,Albuquerque,0.2,0.1,1376.8317600000003,6645.3161,7869.044899999999,15891.192759999998
2378,4B,Albuquerque,0.2,0.25,912.1318000000001,7202.391399999999,8434.00603,16548.52923
2379,4B,Albuquerque,0.2,0.2,1137.97236,7029.599879999999,8255.92562,16423.49786
2380,4B,Albuquerque,0.2,0.30000000000000004,720.3071600000001,7384.08219,8617.97706,16722.36641
2381,4B,Albuquerque,0.2,0.35000000000000003,582.46572,7538.53678,8822.81862,16943.82112
2382,4B,Albuquerque,0.2,0.45,450.23940000000005,7906.7321999999995,9296.60182,17653.57342
2383,4B,Albuquerque,0.2,0.4,498.01128000000006,7731.5971,9052.901170000001,17282.509550000002
2384,4B,Albuquerque,0.2,0.55,377.40544000000006,8201.80159,9784.60485,18363.81188
2385,4B,Albuquerque,0.2,0.5,411.67068,8055.961239999999,9539.60573,18007.237649999995
2386,4B,Albuquerque,0.2,0.6000000000000001,347.10764,8341.11792,10032.54928,18720.77484
2387,4B,Albuquerque,0.2,0.65,318.02392000000003,8485.62813,10286.764369999999,19090.416419999998
2388,4B,Albuquerque,0.2,0.7000000000000001,291.21659999999997,8628.30148,10543.70308,19463.22116
2389,4B,Albuquerque,0.2,0.75,268.20328,8809.6439,10804.473859999998,19882.321039999995
2390,4B,Albuquerque,0.2,0.8500000000000001,229.49364000000003,9174.29228,11293.36365,20697.14957
2391,4B,Albuquerque,0.2,0.8,247.35796000000002,8995.16676,11057.35881,20299.88353
2392,4B,Albuquerque,0.2,0.9500000000000001,197.43976,9561.29968,11790.48764,21549.227079999997
2393,4B,Albuquerque,0.2,0.9,212.10628,9370.234569999999,11536.08253,21118.42338
2394,4B,Albuquerque,0.30000000000000004,0.01,1823.68908,6198.26238,7410.304949999999,15432.256409999998
2395,4B,Albuquerque,0.30000000000000004,0.15000000000000002,1491.4539200000002,6787.324379999999,7965.35337,16244.131669999999
2396,4B,Albuquerque,0.30000000000000004,0.1,1622.78052,6571.113289999999,7762.316999999999,15956.210809999999
2397,4B,Albuquerque,0.30000000000000004,0.25,1067.9893200000001,7146.49385,8331.01519,16545.498359999998
2398,4B,Albuquerque,0.30000000000000004,0.2,1343.63968,6972.08716,8148.3742999999995,16464.10114
2399,4B,Albuquerque,0.30000000000000004,0.30000000000000004,858.2028000000001,7322.16734,8518.46992,16698.84006
2400,4B,Albuquerque,0.30000000000000004,0.35000000000000003,696.5242,7456.416469999999,8725.90842,16878.84909
2401,4B,Albuquerque,0.30000000000000004,0.45,571.4306,7815.427589999999,9169.57345,17556.43164
2402,4B,Albuquerque,0.30000000000000004,0.4,621.6306400000001,7636.555429999999,8944.399749999999,17202.58582
2403,4B,Albuquerque,0.30000000000000004,0.55,483.47484000000003,8110.75034,9623.309539999998,18217.534719999996
2404,4B,Albuquerque,0.30000000000000004,0.5,527.13836,7967.72862,9407.161789999998,17902.028769999997
2405,4B,Albuquerque,0.30000000000000004,0.6000000000000001,449.82748000000004,8259.2193,9866.12343,18575.17021
2406,4B,Albuquerque,0.30000000000000004,0.65,418.07712000000004,8426.69026,10110.964199999999,18955.73158
2407,4B,Albuquerque,0.30000000000000004,0.7000000000000001,391.00964,8585.451969999998,10352.16292,19328.62453
2408,4B,Albuquerque,0.30000000000000004,0.75,364.18064,8764.3558,10573.28286,19701.8193
2409,4B,Albuquerque,0.30000000000000004,0.8500000000000001,315.75836000000004,9116.716219999998,11028.254079999999,20460.728659999997
2410,4B,Albuquerque,0.30000000000000004,0.8,339.54132000000004,8932.27014,10798.55157,20070.36303
2411,4B,Albuquerque,0.30000000000000004,0.9500000000000001,277.73163999999997,9497.231269999998,11513.56516,21288.52807
2412,4B,Albuquerque,0.30000000000000004,0.9,296.07292,9307.464629999999,11268.15433,20871.69188
2413,4B,Albuquerque,0.35000000000000003,0.01,1960.6850000000002,6161.05013,7386.615789999999,15508.350919999999
2414,4B,Albuquerque,0.35000000000000003,0.15000000000000002,1610.2061200000003,6753.532489999999,7908.88576,16272.624369999998
2415,4B,Albuquerque,0.35000000000000003,0.1,1744.82808,6531.33577,7718.485719999999,15994.649569999998
2416,4B,Albuquerque,0.35000000000000003,0.25,1154.189,7119.384329999999,8285.09369,16558.66702
2417,4B,Albuquerque,0.35000000000000003,0.2,1443.5086000000001,6937.40851,8099.919199999999,16480.83631
2418,4B,Albuquerque,0.35000000000000003,0.30000000000000004,936.45676,7279.856219999999,8463.617479999999,16679.930459999996
2419,4B,Albuquerque,0.35000000000000003,0.35000000000000003,766.9083200000001,7395.705079999999,8670.10588,16832.719279999998
2420,4B,Albuquerque,0.35000000000000003,0.45,639.5058000000001,7754.241149999999,9108.35534,17502.10229
2421,4B,Albuquerque,0.35000000000000003,0.4,690.1177600000001,7577.20585,8886.66534,17153.98895
2422,4B,Albuquerque,0.35000000000000003,0.55,547.3766400000001,8072.30296,9557.24592,18176.925519999997
2423,4B,Albuquerque,0.35000000000000003,0.5,592.54692,7924.6574200000005,9342.206619999999,17859.41096
2424,4B,Albuquerque,0.35000000000000003,0.6000000000000001,509.89192,8242.33919,9796.73446,18548.96557
2425,4B,Albuquerque,0.35000000000000003,0.65,476.92748000000006,8390.58646,10034.29113,18901.805070000002
2426,4B,Albuquerque,0.35000000000000003,0.7000000000000001,446.18524,8552.325149999999,10249.013729999999,19247.52412
2427,4B,Albuquerque,0.35000000000000003,0.75,419.6706,8718.814339999999,10469.05689,19607.54183
2428,4B,Albuquerque,0.35000000000000003,0.8500000000000001,369.5464400000001,9079.72566,10918.39085,20367.662949999998
2429,4B,Albuquerque,0.35000000000000003,0.8,394.9012,8899.9034,10688.498319999999,19983.30292
2430,4B,Albuquerque,0.35000000000000003,0.9500000000000001,327.10784,9461.88755,11395.78443,21184.77982
2431,4B,Albuquerque,0.35000000000000003,0.9,346.95588000000004,9271.42417,11152.62217,20771.002220000002
2432,4B,Albuquerque,0.45,0.01,2242.00468,6099.1352799999995,7345.8565,15686.99646
2433,4B,Albuquerque,0.45,0.15000000000000002,1842.75664,6687.21551,7842.09373,16372.065879999998
2434,4B,Albuquerque,0.45,0.1,1995.73072,6466.31726,7664.393359999999,16126.441339999998
2435,4B,Albuquerque,0.45,0.25,1335.4771600000001,7031.8484499999995,8210.47917,16577.80478
2436,4B,Albuquerque,0.45,0.2,1638.2492,6877.7105599999995,8026.349789999999,16542.309549999998
2437,4B,Albuquerque,0.45,0.30000000000000004,1106.222,7193.5238,8387.89451,16687.640310000003
2438,4B,Albuquerque,0.45,0.35000000000000003,927.7305600000001,7313.173059999999,8584.4702,16825.37382
2439,4B,Albuquerque,0.45,0.45,787.91624,7649.03341,9014.29544,17451.24509
2440,4B,Albuquerque,0.45,0.4,847.2652400000001,7468.7361,8793.080489999998,17109.08183
2441,4B,Albuquerque,0.45,0.55,685.69504,8000.50707,9448.36446,18134.566570000003
2442,4B,Albuquerque,0.45,0.5,736.6105200000001,7831.262589999999,9237.315579999999,17805.188689999995
2443,4B,Albuquerque,0.45,0.6000000000000001,642.8662,8169.49819,9661.69358,18474.05797
2444,4B,Albuquerque,0.45,0.65,604.2216,8334.24553,9867.390229999999,18805.85736
2445,4B,Albuquerque,0.45,0.7000000000000001,568.5038000000001,8510.93246,10078.53412,19157.97038
2446,4B,Albuquerque,0.45,0.75,537.9024800000001,8675.9965,10290.78646,19504.68544
2447,4B,Albuquerque,0.45,0.8500000000000001,485.62116000000003,9025.82332,10726.85069,20238.295169999998
2448,4B,Albuquerque,0.45,0.8,510.43392000000006,8845.65269,10505.28737,19861.37398
2449,4B,Albuquerque,0.45,0.9500000000000001,438.60808000000003,9382.52253,11188.092569999999,21009.22318
2450,4B,Albuquerque,0.45,0.9,460.65664,9202.16188,10956.933239999998,20619.75176
2451,4B,Albuquerque,0.4,0.01,2099.6212800000003,6126.023109999999,7362.6416,15588.28599
2452,4B,Albuquerque,0.4,0.15000000000000002,1728.0586000000003,6720.754039999999,7874.333789999999,16323.146429999999
2453,4B,Albuquerque,0.4,0.1,1863.0924800000003,6498.018929999999,7679.6583,16040.76971
2454,4B,Albuquerque,0.4,0.25,1242.06888,7079.005079999999,8244.36607,16565.440029999998
2455,4B,Albuquerque,0.4,0.2,1541.22036,6907.70205,8056.05625,16504.97866
2456,4B,Albuquerque,0.4,0.30000000000000004,1018.6998400000001,7237.355079999998,8423.17489,16679.229809999997
2457,4B,Albuquerque,0.4,0.35000000000000003,844.83708,7352.950579999999,8622.18917,16819.97683
2458,4B,Albuquerque,0.4,0.45,712.03624,7707.97128,9055.909819999999,17475.91734
2459,4B,Albuquerque,0.4,0.4,765.4340800000001,7518.458,8838.051889999999,17121.94397
2460,4B,Albuquerque,0.4,0.55,614.80144,8033.6655599999995,9500.968329999998,18149.435329999997
2461,4B,Albuquerque,0.4,0.5,663.58144,7870.88176,9286.87913,17821.34233
2462,4B,Albuquerque,0.4,0.6000000000000001,573.96716,8210.85921,9732.63438,18517.46075
2463,4B,Albuquerque,0.4,0.65,538.1518,8371.36277,9946.533559999998,18856.048129999996
2464,4B,Albuquerque,0.4,0.7000000000000001,505.77272,8534.46327,10159.98936,19200.22535
2465,4B,Albuquerque,0.4,0.75,478.53180000000003,8687.27102,10374.173569999999,19539.97639
2466,4B,Albuquerque,0.4,0.8500000000000001,427.48624000000007,9052.046079999998,10816.476789999999,20296.00911
2467,4B,Albuquerque,0.4,0.8,452.12556,8863.86294,10592.60156,19908.590060000002
2468,4B,Albuquerque,0.4,0.9500000000000001,381.37288,9421.793329999999,11285.57283,21088.73904
2469,4B,Albuquerque,0.4,0.9,402.80356,9233.86355,11050.73978,20687.40689
2470,4B,Albuquerque,0.55,0.01,2502.53324,6049.50839,7324.16255,15876.20418
2471,4B,Albuquerque,0.55,0.15000000000000002,2078.06052,6637.52528,7809.06192,16524.64772
2472,4B,Albuquerque,0.55,0.1,2238.9478,6419.889039999999,7636.11205,16294.94889
2473,4B,Albuquerque,0.55,0.25,1523.2910000000002,6958.8491,8158.85707,16640.997170000002
2474,4B,Albuquerque,0.55,0.2,1833.28248,6807.33982,7975.23441,16615.85671
2475,4B,Albuquerque,0.55,0.30000000000000004,1287.01152,7112.480269999999,8334.467219999999,16733.95901
2476,4B,Albuquerque,0.55,0.35000000000000003,1107.00248,7230.13432,8523.63213,16860.76893
2477,4B,Albuquerque,0.55,0.45,954.9389600000002,7572.48702,8938.98418,17466.41016
2478,4B,Albuquerque,0.55,0.4,1023.63204,7396.243469999999,8724.60995,17144.48546
2479,4B,Albuquerque,0.55,0.55,840.913,7915.21976,9334.44747,18090.58023
2480,4B,Albuquerque,0.55,0.5,897.42192,7754.241149999999,9158.425609999998,17810.088679999997
2481,4B,Albuquerque,0.55,0.6000000000000001,792.43652,8090.608219999999,9534.79189,18417.836629999998
2482,4B,Albuquerque,0.55,0.65,749.27164,8262.51298,9735.57969,18747.36431
2483,4B,Albuquerque,0.55,0.7000000000000001,707.7219200000001,8438.4715,9940.167889999999,19086.36131
2484,4B,Albuquerque,0.55,0.75,672.49192,8619.49722,10146.49794,19438.48708
2485,4B,Albuquerque,0.55,0.8500000000000001,609.81504,8995.16676,10572.681129999999,20177.66293
2486,4B,Albuquerque,0.55,0.8,639.0722,8799.8262,10355.83664,19794.73504
2487,4B,Albuquerque,0.55,0.9500000000000001,559.0404800000001,9336.60103,11010.48721,20906.12872
2488,4B,Albuquerque,0.55,0.9,582.17304,9167.54657,10797.063079999998,20546.78269
2489,4B,Albuquerque,0.5,0.01,2376.60496,6072.944189999999,7330.87659,15780.425739999999
2490,4B,Albuquerque,0.5,0.15000000000000002,1962.4736000000003,6657.350699999999,7823.34509,16443.16939
2491,4B,Albuquerque,0.5,0.1,2119.3826000000004,6445.858439999999,7646.183109999999,16211.424149999999
2492,4B,Albuquerque,0.5,0.25,1429.7418000000002,6993.21105,8179.85428,16602.80713
2493,4B,Albuquerque,0.5,0.2,1734.37832,6842.240159999999,7999.746989999999,16576.365469999997
2494,4B,Albuquerque,0.5,0.30000000000000004,1196.92028,7153.68294,8353.9126,16704.51582
2495,4B,Albuquerque,0.5,0.35000000000000003,1015.8164,7271.938719999999,8549.56986,16837.324979999998
2496,4B,Albuquerque,0.5,0.45,871.2108000000001,7609.952629999999,8975.721379999999,17456.884809999996
2497,4B,Albuquerque,0.5,0.4,934.2996,7425.31653,8757.89512,17117.51125
2498,4B,Albuquerque,0.5,0.55,761.39076,7939.605659999999,9392.87862,18093.87504
2499,4B,Albuquerque,0.5,0.5,817.34684,7781.382339999999,9194.21271,17792.94189
2500,4B,Albuquerque,0.5,0.6000000000000001,717.08768,8122.341559999999,9595.53495,18434.96419
2501,4B,Albuquerque,0.5,0.65,673.87944,8296.43155,9797.90625,18768.217239999998
2502,4B,Albuquerque,0.5,0.7000000000000001,637.5220800000001,8470.1415,10002.937829999999,19110.60141
2503,4B,Albuquerque,0.5,0.75,603.27852,8645.561629999998,10215.38019,19464.22034
2504,4B,Albuquerque,0.5,0.8500000000000001,546.1734,9014.89717,10647.42233,20208.492899999997
2505,4B,Albuquerque,0.5,0.8,573.33844,8825.478899999998,10425.764,19824.581339999997
2506,4B,Albuquerque,0.5,0.9500000000000001,497.51264000000003,9363.425519999999,11095.61617,20956.55433
2507,4B,Albuquerque,0.5,0.9,520.9378800000001,9177.427609999999,10872.59603,20570.961519999997
2508,4B,Albuquerque,0.6000000000000001,0.01,2624.7434000000003,6026.9910199999995,7322.294019999999,15974.02844
2509,4B,Albuquerque,0.6000000000000001,0.15000000000000002,2183.9456400000004,6614.62787,7798.04076,16596.61427
2510,4B,Albuquerque,0.6000000000000001,0.1,2352.1174,6397.81505,7624.267469999999,16374.19992
2511,4B,Albuquerque,0.6000000000000001,0.25,1617.5014400000002,6930.884489999999,8141.24855,16689.63448
2512,4B,Albuquerque,0.6000000000000001,0.2,1928.3709600000002,6780.35698,7960.032809999999,16668.76075
2513,4B,Albuquerque,0.6000000000000001,0.30000000000000004,1377.35208,7081.82371,8312.17154,16771.347329999997
2514,4B,Albuquerque,0.6000000000000001,0.35000000000000003,1198.96904,7194.7906,8503.52168,16897.281320000002
2515,4B,Albuquerque,0.6000000000000001,0.45,1041.82156,7552.12321,8909.62609,17503.57086
2516,4B,Albuquerque,0.6000000000000001,0.4,1112.6609600000002,7358.112789999999,8698.862239999999,17169.63599
2517,4B,Albuquerque,0.6000000000000001,0.55,919.53552,7892.19567,9285.16895,18096.900139999998
2518,4B,Albuquerque,0.6000000000000001,0.5,979.24224,7728.68346,9115.797789999999,17823.723489999997
2519,4B,Albuquerque,0.6000000000000001,0.6000000000000001,868.45744,8069.67435,9482.37804,18420.50983
2520,4B,Albuquerque,0.6000000000000001,0.65,822.0514000000001,8239.04551,9679.90383,18741.00074
2521,4B,Albuquerque,0.6000000000000001,0.7000000000000001,779.4827200000001,8402.93776,9880.944989999998,19063.365469999997
2522,4B,Albuquerque,0.6000000000000001,0.75,742.01968,8590.77253,10086.673309999998,19419.465519999998
2523,4B,Albuquerque,0.6000000000000001,0.8500000000000001,674.3889200000001,8967.0438,10506.17413,20147.606849999996
2524,4B,Albuquerque,0.6000000000000001,0.8,706.768,8781.80597,10292.211609999998,19780.785579999996
2525,4B,Albuquerque,0.6000000000000001,0.9500000000000001,622.08592,9316.047199999999,10935.112609999998,20873.245729999995
2526,4B,Albuquerque,0.6000000000000001,0.9,646.1507200000001,9161.845969999998,10729.00425,20537.000939999998
2527,4B,Albuquerque,0.65,0.01,2748.67712,6009.160809999999,7320.647179999999,16078.485109999998
2528,4B,Albuquerque,0.65,0.15000000000000002,2276.6710000000003,6602.14989,7793.321929999999,16672.142819999997
2529,4B,Albuquerque,0.65,0.1,2453.31964,6385.590429999999,7623.412379999999,16462.32245
2530,4B,Albuquerque,0.65,0.25,1673.1540000000002,6920.18003,8152.26971,16745.60374
2531,4B,Albuquerque,0.65,0.2,1987.90424,6767.340609999999,7972.827489999999,16728.07234
2532,4B,Albuquerque,0.65,0.30000000000000004,1433.54664,7080.17687,8332.25032,16845.97383
2533,4B,Albuquerque,0.65,0.35000000000000003,1279.0549600000002,7180.760789999999,8523.727139999999,16983.542889999997
2534,4B,Albuquerque,0.65,0.45,1119.85872,7562.859339999999,8925.461089999999,17608.179149999996
2535,4B,Albuquerque,0.65,0.4,1192.2916000000002,7356.56096,8723.62818,17272.48074
2536,4B,Albuquerque,0.65,0.55,994.7759600000002,7905.307049999999,9290.774539999999,18190.85755
2537,4B,Albuquerque,0.65,0.5,1053.5396,7729.60189,9117.22294,17900.36443
2538,4B,Albuquerque,0.65,0.6000000000000001,942.25616,8082.65905,9486.21011,18511.12532
2539,4B,Albuquerque,0.65,0.65,891.1564000000001,8260.77113,9690.798309999998,18842.72584
2540,4B,Albuquerque,0.65,0.7000000000000001,849.87768,8435.43118,9887.088969999999,19172.397829999998
2541,4B,Albuquerque,0.65,0.75,809.1626400000001,8619.750579999998,10087.5284,19516.441619999998
2542,4B,Albuquerque,0.65,0.8500000000000001,738.54004,8987.21759,10507.97932,20233.73695
2543,4B,Albuquerque,0.65,0.8,772.7294,8808.91549,10294.87189,19876.516779999998
2544,4B,Albuquerque,0.65,0.9500000000000001,682.8874800000001,9359.84681,10944.17023,20986.904519999996
2545,4B,Albuquerque,0.65,0.9,708.8601199999999,9182.43147,10732.45628,20623.74787
2546,4B,Albuquerque,0.7000000000000001,0.01,2875.7219200000004,5993.67418,7334.233609999999,16203.62971
2547,4B,Albuquerque,0.7000000000000001,0.15000000000000002,2361.25552,6597.6844200000005,7794.05034,16752.990279999998
2548,4B,Albuquerque,0.7000000000000001,0.1,2551.70348,6374.220899999999,7628.6062600000005,16554.53064
2549,4B,Albuquerque,0.7000000000000001,0.25,1724.6223200000002,6914.922809999999,8165.127729999999,16804.67286
2550,4B,Albuquerque,0.7000000000000001,0.2,2042.1584400000002,6753.12078,7974.759359999999,16770.03858
2551,4B,Albuquerque,0.7000000000000001,0.30000000000000004,1487.4322800000002,7064.563559999999,8354.419319999999,16906.415159999997
2552,4B,Albuquerque,0.7000000000000001,0.35000000000000003,1359.2167600000002,7193.650479999999,8548.366399999999,17101.23364
2553,4B,Albuquerque,0.7000000000000001,0.45,1194.7848000000001,7583.50818,8937.907399999998,17716.20038
2554,4B,Albuquerque,0.7000000000000001,0.4,1271.02252,7387.9142600000005,8746.36724,17405.30402
2555,4B,Albuquerque,0.7000000000000001,0.55,1069.16004,7933.87339,9307.90801,18310.94144
2556,4B,Albuquerque,0.7000000000000001,0.5,1127.5768,7755.53962,9127.89573,18011.012150000002
2557,4B,Albuquerque,0.7000000000000001,0.6000000000000001,1016.16328,8111.70044,9499.384829999999,18627.248549999997
2558,4B,Albuquerque,0.7000000000000001,0.65,960.4782,8303.90567,9706.95001,18971.33388
2559,4B,Albuquerque,0.7000000000000001,0.7000000000000001,916.9447600000001,8474.67031,9899.31359,19290.928659999998
2560,4B,Albuquerque,0.7000000000000001,0.75,876.6958400000001,8650.75551,10096.80771,19624.25906
2561,4B,Albuquerque,0.7000000000000001,0.8500000000000001,802.8537600000001,9013.31367,10515.010059999999,20331.17749
2562,4B,Albuquerque,0.7000000000000001,0.8,837.5959600000001,8839.03366,10303.99285,19980.622470000002
2563,4B,Albuquerque,0.7000000000000001,0.9500000000000001,744.36112,9387.336369999999,10962.5705,21094.26799
2564,4B,Albuquerque,0.7000000000000001,0.9,771.5044800000001,9200.54671,10738.09354,20710.14473
2565,4B,Albuquerque,0.75,0.01,3003.6014,5979.644369999999,7331.41498,16314.66075
2566,4B,Albuquerque,0.75,0.15000000000000002,2441.8292400000005,6588.721809999999,7807.193389999999,16837.74444
2567,4B,Albuquerque,0.75,0.1,2649.1334,6364.68823,7638.42396,16652.24559
2568,4B,Albuquerque,0.75,0.25,1771.2018000000003,6911.439109999999,8180.329329999999,16862.97024
2569,4B,Albuquerque,0.75,0.2,2092.41268,6747.48352,7990.62603,16830.52223
2570,4B,Albuquerque,0.75,0.30000000000000004,1547.2799200000002,7054.492499999999,8383.809079999999,16985.5815
2571,4B,Albuquerque,0.75,0.35000000000000003,1436.63604,7213.31755,8572.21391,17222.1675
2572,4B,Albuquerque,0.75,0.45,1268.4859600000002,7594.08596,8955.70594,17818.277860000002
2573,4B,Albuquerque,0.75,0.4,1346.8700000000001,7414.2636999999995,8765.81262,17526.946320000003
2574,4B,Albuquerque,0.75,0.55,1139.38156,7961.109589999999,9332.95898,18433.450129999997
2575,4B,Albuquerque,0.75,0.5,1199.6411200000002,7767.41587,9149.58968,18116.646670000002
2576,4B,Albuquerque,0.75,0.6000000000000001,1087.5555200000001,8146.189069999999,9521.45882,18755.203410000002
2577,4B,Albuquerque,0.75,0.65,1029.17128,8346.596829999999,9732.190999999999,19107.959109999996
2578,4B,Albuquerque,0.75,0.7000000000000001,984.5972,8515.714629999999,9916.637079999999,19416.94891
2579,4B,Albuquerque,0.75,0.75,943.32932,8693.003289999999,10110.80585,19747.138460000002
2580,4B,Albuquerque,0.75,0.8500000000000001,869.7474000000001,9058.5701,10528.0581,20456.3756
2581,4B,Albuquerque,0.75,0.8,904.8798400000001,8874.440719999999,10318.24435,20097.56491
2582,4B,Albuquerque,0.75,0.9500000000000001,806.42012,9405.894989999999,10980.27403,21192.58914
2583,4B,Albuquerque,0.75,0.9,835.1136,9230.69655,10748.13293,20813.94308
2584,4B,Albuquerque,0.8500000000000001,0.01,3259.30616,5949.2095,7358.2078,16566.72346
2585,4B,Albuquerque,0.8500000000000001,0.15000000000000002,2630.07668,6554.54988,7800.162649999999,16984.78921
2586,4B,Albuquerque,0.8500000000000001,0.1,2855.94976,6336.05855,7635.732010000001,16827.74032
2587,4B,Albuquerque,0.8500000000000001,0.25,1944.6526400000002,6871.978289999999,8181.88116,16998.51209
2588,4B,Albuquerque,0.8500000000000001,0.2,2270.8932800000002,6704.9823799999995,7986.445589999999,16962.32125
2589,4B,Albuquerque,0.8500000000000001,0.30000000000000004,1731.3322800000003,7012.0547,8358.78978,17102.17676
2590,4B,Albuquerque,0.8500000000000001,0.35000000000000003,1619.40928,7192.00364,8546.846239999999,17358.25916
2591,4B,Albuquerque,0.8500000000000001,0.45,1442.54384,7583.91989,8927.551309999999,17954.01504
2592,4B,Albuquerque,0.8500000000000001,0.4,1526.61888,7393.994899999999,8737.46797,17658.081749999998
2593,4B,Albuquerque,0.8500000000000001,0.55,1301.38536,7956.074059999999,9304.614329999999,18562.073749999996
2594,4B,Albuquerque,0.8500000000000001,0.5,1367.59608,7773.46484,9118.299719999999,18259.36064
2595,4B,Albuquerque,0.8500000000000001,0.6000000000000001,1242.09056,8137.986539999999,9492.00572,18872.082819999996
2596,4B,Albuquerque,0.8500000000000001,0.65,1177.4408,8354.799359999999,9702.70623,19234.946389999997
2597,4B,Albuquerque,0.8500000000000001,0.7000000000000001,1130.0049600000002,8529.966129999999,9883.19356,19543.16465
2598,4B,Albuquerque,0.8500000000000001,0.75,1084.44444,8713.81048,10073.34024,19871.595159999997
2599,4B,Albuquerque,0.8500000000000001,0.8500000000000001,1004.8029600000001,9072.12486,10482.4533,20559.38112
2600,4B,Albuquerque,0.8500000000000001,0.8,1042.87304,8881.249769999999,10276.37661,20200.49942
2601,4B,Albuquerque,0.8500000000000001,0.9500000000000001,937.0529600000001,9402.1896,10939.48307,21278.72563
2602,4B,Albuquerque,0.8500000000000001,0.9,969.82228,9247.354969999999,10702.369779999999,20919.547029999998
2603,4B,Albuquerque,0.8,0.01,3131.93616,5960.80072,7344.653039999999,16437.38992
2604,4B,Albuquerque,0.8,0.15000000000000002,2543.56264,6565.824399999999,7802.18953,16911.576569999997
2605,4B,Albuquerque,0.8,0.1,2758.3464,6346.47798,7641.084239999999,16745.90862
2606,4B,Albuquerque,0.8,0.25,1859.7862800000003,6892.9755,8178.365789999999,16931.12757
2607,4B,Albuquerque,0.8,0.2,2189.72336,6722.3375399999995,7984.133679999999,16896.19458
2608,4B,Albuquerque,0.8,0.30000000000000004,1639.79932,7034.097019999999,8373.547999999999,17047.44434
2609,4B,Albuquerque,0.8,0.35000000000000003,1529.64324,7206.79353,8561.12941,17297.56618
2610,4B,Albuquerque,0.8,0.45,1357.29808,7589.050429999999,8943.70301,17890.05152
2611,4B,Albuquerque,0.8,0.4,1438.3596000000002,7402.48246,8752.38454,17593.2266
2612,4B,Albuquerque,0.8,0.55,1219.25068,7965.48005,9327.89178,18512.62251
2613,4B,Albuquerque,0.8,0.5,1283.1850000000002,7776.50516,9137.7451,18197.43526
2614,4B,Albuquerque,0.8,0.6000000000000001,1164.7471600000001,8154.77164,9516.86667,18836.38547
2615,4B,Albuquerque,0.8,0.65,1101.89684,8360.30994,9731.367579999998,19193.57436
2616,4B,Albuquerque,0.8,0.7000000000000001,1055.8268400000002,8536.52182,9916.13036,19508.47902
2617,4B,Albuquerque,0.8,0.75,1012.6836400000001,8717.83257,10109.6974,19840.21361
2618,4B,Albuquerque,0.8,0.8500000000000001,935.95812,9081.43584,10525.49283,20542.886789999997
2619,4B,Albuquerque,0.8,0.8,973.28024,8902.278649999998,10315.80576,20191.364649999996
2620,4B,Albuquerque,0.8,0.9500000000000001,871.02652,9421.729989999998,10990.250079999998,21283.006589999997
2621,4B,Albuquerque,0.8,0.9,902.6793200000001,9253.815649999999,10747.2145,20903.709469999998
2622,4B,Albuquerque,0.9500000000000001,0.01,3500.25768,5927.76891,7371.00248,16799.02907
2623,4B,Albuquerque,0.9500000000000001,0.15000000000000002,2796.85008,6529.59392,7810.55041,17136.99441
2624,4B,Albuquerque,0.9500000000000001,0.1,3049.98576,6316.99321,7650.30021,17017.27918
2625,4B,Albuquerque,0.9500000000000001,0.25,2110.0602,6838.724789999999,8172.31682,17121.10181
2626,4B,Albuquerque,0.9500000000000001,0.2,2429.72096,6680.0580899999995,7997.02337,17106.80242
2627,4B,Albuquerque,0.9500000000000001,0.30000000000000004,1915.8616000000002,6993.17938,8350.175539999998,17259.216519999998
2628,4B,Albuquerque,0.9500000000000001,0.35000000000000003,1799.9278000000002,7185.22626,8533.67152,17518.82558
2629,4B,Albuquerque,0.9500000000000001,0.45,1613.4364400000002,7568.179899999999,8907.56754,18089.183879999997
2630,4B,Albuquerque,0.9500000000000001,0.4,1702.0209200000002,7377.39982,8721.822989999999,17801.24373
2631,4B,Albuquerque,0.9500000000000001,0.55,1463.3349600000001,7939.573989999999,9276.42803,18679.33698
2632,4B,Albuquerque,0.9500000000000001,0.5,1533.7949600000002,7753.9244499999995,9093.88215,18381.60156
2633,4B,Albuquerque,0.9500000000000001,0.6000000000000001,1401.85048,8124.748479999999,9454.85681,18981.45577
2634,4B,Albuquerque,0.9500000000000001,0.65,1331.50972,8344.918319999999,9658.77994,19335.20798
2635,4B,Albuquerque,0.9500000000000001,0.7000000000000001,1280.6376000000002,8519.134989999999,9833.12329,19632.895879999996
2636,4B,Albuquerque,0.9500000000000001,0.75,1230.58932,8689.74128,10016.46092,19936.79152
2637,4B,Albuquerque,0.9500000000000001,0.8500000000000001,1142.70944,9051.729379999999,10410.499059999998,20604.937879999998
2638,4B,Albuquerque,0.9500000000000001,0.8,1185.61416,8866.14318,10210.75637,20262.51371
2639,4B,Albuquerque,0.9500000000000001,0.9500000000000001,1070.36328,9388.19146,10848.97021,21307.52495
2640,4B,Albuquerque,0.9500000000000001,0.9,1104.6393600000001,9218.78863,10617.49418,20940.922169999998
2641,4B,Albuquerque,0.9,0.01,3379.7277200000003,5936.16146,7369.925699999999,16685.814879999998
2642,4B,Albuquerque,0.9,0.15000000000000002,2714.7154,6537.70144,7801.777819999999,17054.19466
2643,4B,Albuquerque,0.9,0.1,2952.19812,6324.7523599999995,7638.01225,16914.96273
2644,4B,Albuquerque,0.9,0.25,2028.4350000000002,6855.034839999999,8175.42048,17058.89032
2645,4B,Albuquerque,0.9,0.2,2351.4778400000005,6690.63587,7992.969609999999,17035.08332
2646,4B,Albuquerque,0.9,0.30000000000000004,1825.82456,6998.40493,8354.48266,17178.71215
2647,4B,Albuquerque,0.9,0.35000000000000003,1712.03708,7189.4067,8539.593809999998,17441.03759
2648,4B,Albuquerque,0.9,0.45,1527.71372,7575.115629999999,8914.66162,18017.49097
2649,4B,Albuquerque,0.9,0.4,1613.59904,7382.15032,8728.41035,17724.15971
2650,4B,Albuquerque,0.9,0.55,1383.70432,7954.838929999999,9289.15937,18627.702619999996
2651,4B,Albuquerque,0.9,0.5,1451.86624,7761.240219999999,9103.79486,18316.901319999997
2652,4B,Albuquerque,0.9,0.6000000000000001,1324.13852,8130.89246,9471.103519999999,18926.1345
2653,4B,Albuquerque,0.9,0.65,1255.26116,8352.6458,9678.858719999998,19286.765679999997
2654,4B,Albuquerque,0.9,0.7000000000000001,1204.0421600000002,8526.95748,9855.67233,19586.67197
2655,4B,Albuquerque,0.9,0.75,1157.79872,8703.35938,10041.606899999999,19902.765
2656,4B,Albuquerque,0.9,0.8500000000000001,1074.37408,9061.958789999999,10445.14604,20581.478909999998
2657,4B,Albuquerque,0.9,0.8,1115.2192,8873.047239999998,10241.72963,20229.996069999997
2658,4B,Albuquerque,0.9,0.9500000000000001,1004.6512,9397.21741,10890.26789,21292.1365
2659,4B,Albuquerque,0.9,0.9,1038.0384000000001,9231.10826,10656.796649999998,20925.94331
2660,4C,Seattle,0.01,0.01,1549.13356,2700.72259,6125.4847199999995,10375.34087
2661,4C,Seattle,0.01,0.15000000000000002,1363.0866400000002,2830.5695899999996,6586.06153,10779.71776
2662,4C,Seattle,0.01,0.1,1439.05336,2765.89945,6417.64047,10622.593280000001
2663,4C,Seattle,0.01,0.25,979.40484,2964.59703,6925.31057,10869.31244
2664,4C,Seattle,0.01,0.2,1262.1554,2894.7646799999998,6750.8722099999995,10907.79229
2665,4C,Seattle,0.01,0.30000000000000004,757.81356,3029.67888,7104.40442,10891.89686
2666,4C,Seattle,0.01,0.35000000000000003,596.6986400000001,3103.94503,7288.2171,10988.86077
2667,4C,Seattle,0.01,0.45,470.99800000000005,3263.0867799999996,7703.0941,11437.17888
2668,4C,Seattle,0.01,0.4,508.51524000000006,3181.3781799999997,7488.43484,11178.32826
2669,4C,Seattle,0.01,0.55,407.24796000000003,3414.78608,8047.188649999999,11869.222689999999
2670,4C,Seattle,0.01,0.5,437.05796000000004,3337.4479399999996,7886.55841,11661.06431
2671,4C,Seattle,0.01,0.6000000000000001,383.98532000000006,3497.06474,8195.847629999998,12076.897689999998
2672,4C,Seattle,0.01,0.65,361.19964,3578.5833199999997,8343.4615,12283.244459999998
2673,4C,Seattle,0.01,0.7000000000000001,340.02912000000003,3659.69019,8488.44676,12488.166070000001
2674,4C,Seattle,0.01,0.75,321.64448000000004,3737.2500199999995,8634.76216,12693.65666
2675,4C,Seattle,0.01,0.8500000000000001,288.13804000000005,3891.6412699999996,8933.69529,13113.4746
2676,4C,Seattle,0.01,0.8,305.39532,3814.49315,8782.59772,12902.48619
2677,4C,Seattle,0.01,0.9500000000000001,258.83752000000004,4034.6946599999997,9248.24173,13541.77391
2678,4C,Seattle,0.01,0.9,272.71272000000005,3963.0887899999993,9087.389799999999,13323.191309999998
2679,4C,Seattle,0.05,0.01,1668.37356,2691.2215899999997,6018.53513,10378.13028
2680,4C,Seattle,0.05,0.15000000000000002,1524.1473600000002,2823.4755099999998,6465.683859999999,10813.30673
2681,4C,Seattle,0.05,0.1,1585.8486400000002,2758.4886699999997,6300.334789999999,10644.6721
2682,4C,Seattle,0.05,0.25,1094.52564,2945.6267,6799.13729,10839.28963
2683,4C,Seattle,0.05,0.2,1415.99668,2877.91624,6627.10585,10921.018769999999
2684,4C,Seattle,0.05,0.30000000000000004,843.5579600000001,3012.95712,6976.71098,10833.22606
2685,4C,Seattle,0.05,0.35000000000000003,656.78476,3083.1061699999996,7158.243420000001,10898.13435
2686,4C,Seattle,0.05,0.45,521.47988,3243.2613599999995,7570.9668599999995,11335.7081
2687,4C,Seattle,0.05,0.4,560.3196,3157.9107099999997,7357.22603,11075.45634
2688,4C,Seattle,0.05,0.55,456.37484,3390.4951899999996,7903.691879999999,11750.561909999999
2689,4C,Seattle,0.05,0.5,486.9653200000001,3317.7175299999994,7748.160510000001,11552.84336
2690,4C,Seattle,0.05,0.6000000000000001,429.28568,3473.5972699999998,8055.5812,11958.46415
2691,4C,Seattle,0.05,0.65,402.64096,3550.17533,8204.39853,12157.214820000001
2692,4C,Seattle,0.05,0.7000000000000001,383.28072000000003,3636.3494,8353.37421,12373.00433
2693,4C,Seattle,0.05,0.75,362.15355999999997,3708.74702,8503.363329999998,12574.263909999998
2694,4C,Seattle,0.05,0.8500000000000001,327.1512,3856.9942899999996,8806.413559999999,12990.55905
2695,4C,Seattle,0.05,0.8,344.41932,3791.7857599999998,8652.84573,12789.050809999999
2696,4C,Seattle,0.05,0.9500000000000001,297.46044000000006,4003.0879999999997,9123.05022,13423.59866
2697,4C,Seattle,0.05,0.9,310.71776,3935.0608399999996,8962.54666,13208.32526
2698,4C,Seattle,0.15000000000000002,0.01,1901.56364,2645.55345,5831.587119999999,10378.70421
2699,4C,Seattle,0.15000000000000002,0.15000000000000002,1824.8923200000002,2816.7297999999996,6238.16658,10879.788700000001
2700,4C,Seattle,0.15000000000000002,0.1,1860.76188,2752.9780899999996,6084.978789999999,10698.71876
2701,4C,Seattle,0.15000000000000002,0.25,1307.0872,2922.4442599999998,6555.0566,10784.58806
2702,4C,Seattle,0.15000000000000002,0.2,1707.70108,2871.23387,6392.906199999999,10971.84115
2703,4C,Seattle,0.15000000000000002,0.30000000000000004,1010.2554800000001,2969.18918,6723.82603,10703.270690000001
2704,4C,Seattle,0.15000000000000002,0.35000000000000003,796.8484000000001,3018.6577199999997,6897.979359999999,10713.48548
2705,4C,Seattle,0.15000000000000002,0.45,646.92036,3168.2351299999996,7288.5338,11103.68929
2706,4C,Seattle,0.15000000000000002,0.4,688.10152,3088.96512,7091.95811,10869.02475
2707,4C,Seattle,0.15000000000000002,0.55,583.11612,3324.24155,7602.985229999999,11510.3429
2708,4C,Seattle,0.15000000000000002,0.5,611.4627200000001,3246.90341,7445.870359999999,11304.23649
2709,4C,Seattle,0.15000000000000002,0.6000000000000001,560.55808,3404.6516799999995,7758.168229999999,11723.377989999999
2710,4C,Seattle,0.15000000000000002,0.65,535.45264,3485.3468399999997,7913.95296,11934.75244
2711,4C,Seattle,0.15000000000000002,0.7000000000000001,509.56672000000003,3568.95564,8066.82405,12145.34641
2712,4C,Seattle,0.15000000000000002,0.75,492.3528,3652.21607,8220.04351,12364.612379999999
2713,4C,Seattle,0.15000000000000002,0.8500000000000001,449.65404,3802.64857,8530.694539999999,12782.99715
2714,4C,Seattle,0.15000000000000002,0.8,470.28256,3725.15208,8374.466429999999,12569.901069999998
2715,4C,Seattle,0.15000000000000002,0.9500000000000001,414.5758,3941.5531899999996,8849.70645,13205.835439999999
2716,4C,Seattle,0.15000000000000002,0.9,432.92792000000003,3868.4271599999997,8688.60116,12989.95624
2717,4C,Seattle,0.1,0.01,1794.42108,2671.90289,5912.50397,10378.82794
2718,4C,Seattle,0.1,0.15000000000000002,1686.5739200000003,2818.8200199999997,6339.4472399999995,10844.84118
2719,4C,Seattle,0.1,0.1,1733.0666800000001,2760.1988499999998,6180.11547,10673.381
2720,4C,Seattle,0.1,0.25,1205.9066400000002,2930.4250999999995,6665.2681999999995,10801.59994
2721,4C,Seattle,0.1,0.2,1574.7268000000001,2873.0073899999998,6498.24062,10945.97481
2722,4C,Seattle,0.1,0.30000000000000004,927.51376,2989.80635,6838.09139,10755.411499999998
2723,4C,Seattle,0.1,0.35000000000000003,720.65404,3045.54555,7017.185239999999,10783.384829999999
2724,4C,Seattle,0.1,0.45,578.49828,3209.2477799999997,7425.56989,11213.31595
2725,4C,Seattle,0.1,0.4,618.21604,3124.11882,7213.7609299999995,10956.09579
2726,4C,Seattle,0.1,0.55,517.16556,3360.94708,7746.03862,11624.15126
2727,4C,Seattle,0.1,0.5,546.336,3286.0791999999997,7589.14544,11421.56064
2728,4C,Seattle,0.1,0.6000000000000001,490.34740000000005,3439.7420399999996,7897.421219999999,11827.51066
2729,4C,Seattle,0.1,0.65,466.67284,3522.4957499999996,8050.894039999999,12040.062629999999
2730,4C,Seattle,0.1,0.7000000000000001,443.55112,3609.2082100000002,8202.97338,12255.73271
2731,4C,Seattle,0.1,0.75,424.2234,3687.4964499999996,8352.9625,12464.68235
2732,4C,Seattle,0.1,0.8500000000000001,386.03408,3837.0421899999997,8661.80834,12884.88461
2733,4C,Seattle,0.1,0.8,403.60572,3767.11483,8506.84703,12677.56758
2734,4C,Seattle,0.1,0.9500000000000001,353.47072000000003,3975.28174,8980.630229999999,13309.382689999999
2735,4C,Seattle,0.1,0.9,368.26732000000004,3902.8841199999993,8818.38482,13089.536259999999
2736,4C,Seattle,0.25,0.01,2137.3986800000002,2572.61744,5723.68743,10433.70355
2737,4C,Seattle,0.25,0.15000000000000002,2093.7134800000003,2791.67883,6091.94619,10977.3385
2738,4C,Seattle,0.25,0.1,2111.81628,2712.8838699999997,5950.286279999999,10774.986429999999
2739,4C,Seattle,0.25,0.25,1510.2721600000002,2887.0371999999998,6390.340929999999,10787.65029
2740,4C,Seattle,0.25,0.2,1954.6254400000003,2849.47658,6235.75966,11039.86168
2741,4C,Seattle,0.25,0.30000000000000004,1195.381,2933.84546,6549.356,10678.58246
2742,4C,Seattle,0.25,0.35000000000000003,965.0418400000001,2972.73622,6713.089899999999,10650.86796
2743,4C,Seattle,0.25,0.45,825.0540800000001,3107.58708,7065.07028,10997.71144
2744,4C,Seattle,0.25,0.4,865.1729200000001,3035.03111,6898.707769999999,10798.911799999998
2745,4C,Seattle,0.25,0.55,751.8407200000001,3252.22397,7375.21459,11379.279279999999
2746,4C,Seattle,0.25,0.5,788.9894,3182.0432499999997,7219.4615300000005,11190.49418
2747,4C,Seattle,0.25,0.6000000000000001,734.139,3335.00935,7529.28914,11598.43749
2748,4C,Seattle,0.25,0.65,701.74908,3417.3830199999998,7685.32723,11804.45933
2749,4C,Seattle,0.25,0.7000000000000001,673.6626400000001,3498.9015999999997,7840.13019,12012.69443
2750,4C,Seattle,0.25,0.75,652.9148800000002,3584.6006199999993,7993.3813199999995,12230.896819999998
2751,4C,Seattle,0.25,0.8500000000000001,606.8882400000001,3735.2864799999998,8306.97766,12649.15238
2752,4C,Seattle,0.25,0.8,630.11836,3663.23723,8150.179489999999,12443.535079999998
2753,4C,Seattle,0.25,0.9500000000000001,575.94004,3879.41665,8627.69975,13083.05644
2754,4C,Seattle,0.25,0.9,589.97784,3810.62941,8465.92939,12866.536639999998
2755,4C,Seattle,0.2,0.01,2011.10184,2609.67134,5769.35557,10390.12875
2756,4C,Seattle,0.2,0.15000000000000002,1957.22704,2807.13379,6156.80635,10921.16718
2757,4C,Seattle,0.2,0.1,1984.6956000000002,2737.1114199999997,6009.09747,10730.90449
2758,4C,Seattle,0.2,0.25,1399.75836,2909.45956,6464.03702,10773.254939999999
2759,4C,Seattle,0.2,0.2,1835.3095600000001,2865.15323,6306.415429999999,11006.878219999999
2760,4C,Seattle,0.2,0.30000000000000004,1098.70988,2953.51253,6627.517559999999,10679.739969999999
2761,4C,Seattle,0.2,0.35000000000000003,873.08612,2996.58373,6797.363769999999,10667.033619999998
2762,4C,Seattle,0.2,0.45,727.4724000000001,3136.47012,7168.156129999999,11032.09865
2763,4C,Seattle,0.2,0.4,768.1657600000001,3056.7250599999998,6988.20719,10813.09801
2764,4C,Seattle,0.2,0.55,665.1857600000001,3288.54946,7480.834039999999,11434.56926
2765,4C,Seattle,0.2,0.5,692.2966,3212.0030699999998,7324.194219999999,11228.49389
2766,4C,Seattle,0.2,0.6000000000000001,642.1616,3367.24941,7637.6955499999995,11647.10656
2767,4C,Seattle,0.2,0.65,607.88552,3452.60006,7791.96012,11852.4457
2768,4C,Seattle,0.2,0.7000000000000001,582.17304,3537.28564,7946.319699999999,12065.77838
2769,4C,Seattle,0.2,0.75,562.3792,3619.78599,8101.40769,12283.57288
2770,4C,Seattle,0.2,0.8500000000000001,524.5367600000001,3763.1560799999997,8412.8188,12700.511639999999
2771,4C,Seattle,0.2,0.8,541.59892,3697.21914,8256.0523,12494.87036
2772,4C,Seattle,0.2,0.9500000000000001,487.87588000000005,3908.96476,8735.5361,13132.37674
2773,4C,Seattle,0.2,0.9,505.29576000000003,3839.3224299999997,8571.96055,12916.57874
2774,4C,Seattle,0.30000000000000004,0.01,2274.0152000000003,2537.24205,5687.58363,10498.84088
2775,4C,Seattle,0.30000000000000004,0.15000000000000002,2220.28132,2778.94749,6043.807789999999,11043.0366
2776,4C,Seattle,0.30000000000000004,0.1,2237.0616400000004,2693.75519,5905.061519999999,10835.878349999999
2777,4C,Seattle,0.30000000000000004,0.25,1595.9081600000002,2871.7722599999997,6344.67279,10812.35321
2778,4C,Seattle,0.30000000000000004,0.2,2071.13376,2841.30572,6190.47156,11102.911039999999
2779,4C,Seattle,0.30000000000000004,0.30000000000000004,1269.5049200000003,2913.89336,6504.796309999999,10688.19459
2780,4C,Seattle,0.30000000000000004,0.35000000000000003,1038.1576400000001,2953.44919,6672.61564,10664.22247
2781,4C,Seattle,0.30000000000000004,0.45,931.30776,3088.6167499999997,6979.68796,10999.61247
2782,4C,Seattle,0.30000000000000004,0.4,969.7138800000001,3017.48593,6831.09232,10818.29213
2783,4C,Seattle,0.30000000000000004,0.55,852.9887600000001,3229.80161,7283.434929999999,11366.2253
2784,4C,Seattle,0.30000000000000004,0.5,882.4952400000001,3157.9107099999997,7130.2471399999995,11170.65309
2785,4C,Seattle,0.30000000000000004,0.6000000000000001,831.4280000000001,3308.40655,7437.762839999999,11577.597389999999
2786,4C,Seattle,0.30000000000000004,0.65,789.59644,3393.18714,7589.715499999999,11772.49908
2787,4C,Seattle,0.30000000000000004,0.7000000000000001,765.97608,3466.5665299999996,7744.740149999999,11977.282759999998
2788,4C,Seattle,0.30000000000000004,0.75,739.5156400000001,3550.93541,7897.80126,12188.25231
2789,4C,Seattle,0.30000000000000004,0.8500000000000001,694.76812,3702.4763599999997,8211.650959999999,12608.895439999998
2790,4C,Seattle,0.30000000000000004,0.8,717.1744000000001,3630.20542,8053.42764,12400.80746
2791,4C,Seattle,0.30000000000000004,0.9500000000000001,659.4297200000001,3849.6785199999995,8531.73965,13040.84789
2792,4C,Seattle,0.30000000000000004,0.9,676.58944,3781.14464,8370.25432,12827.9884
2793,4C,Seattle,0.35000000000000003,0.01,2423.2928400000005,2502.7217499999997,5660.2207499999995,10586.23534
2794,4C,Seattle,0.35000000000000003,0.15000000000000002,2345.40744,2758.29865,5998.39301,11102.0991
2795,4C,Seattle,0.35000000000000003,0.1,2359.85716,2667.31074,5865.03064,10892.198540000001
2796,4C,Seattle,0.35000000000000003,0.25,1695.69036,2844.0293399999996,6291.02381,10830.74351
2797,4C,Seattle,0.35000000000000003,0.2,2178.25464,2828.85941,6140.52797,11147.64202
2798,4C,Seattle,0.35000000000000003,0.30000000000000004,1366.42536,2886.1821099999997,6446.99856,10699.606029999999
2799,4C,Seattle,0.35000000000000003,0.35000000000000003,1137.10516,2918.89722,6608.83226,10664.834640000001
2800,4C,Seattle,0.35000000000000003,0.45,1034.09264,3067.11282,6902.22314,11003.4286
2801,4C,Seattle,0.35000000000000003,0.4,1072.3253200000001,2989.90136,6756.38279,10818.60947
2802,4C,Seattle,0.35000000000000003,0.55,964.7491600000001,3205.4157099999998,7203.3414999999995,11373.50637
2803,4C,Seattle,0.35000000000000003,0.5,999.0035600000001,3130.00944,7052.813989999999,11181.826989999998
2804,4C,Seattle,0.35000000000000003,0.6000000000000001,933.0096400000001,3278.6367499999997,7355.4841799999995,11567.13057
2805,4C,Seattle,0.35000000000000003,0.65,905.47604,3359.8703,7508.291929999999,11773.63827
2806,4C,Seattle,0.35000000000000003,0.7000000000000001,876.143,3436.67005,7661.19469,11974.007740000001
2807,4C,Seattle,0.35000000000000003,0.75,851.3302400000001,3514.6415899999997,7814.85753,12180.82936
2808,4C,Seattle,0.35000000000000003,0.8500000000000001,802.14916,3679.67396,8125.2552,12607.07832
2809,4C,Seattle,0.35000000000000003,0.8,826.7126000000001,3595.1784,7968.805399999999,12390.696399999999
2810,4C,Seattle,0.35000000000000003,0.9500000000000001,758.2363200000001,3820.70047,8442.84196,13021.778750000001
2811,4C,Seattle,0.35000000000000003,0.9,772.26328,3749.1262699999997,8282.71844,12804.10799
2812,4C,Seattle,0.45,0.01,2736.829,2442.67543,5629.78588,10809.29031
2813,4C,Seattle,0.45,0.15000000000000002,2595.99572,2712.8838699999997,5933.406169999999,11242.285759999999
2814,4C,Seattle,0.45,0.1,2630.07668,2612.42663,5810.811599999999,11053.31491
2815,4C,Seattle,0.45,0.25,1906.1489600000002,2805.48695,6206.21155,10917.84746
2816,4C,Seattle,0.45,0.2,2394.29584,2785.5031799999997,6065.913449999999,11245.712469999999
2817,4C,Seattle,0.45,0.30000000000000004,1571.75664,2831.67804,6350.75343,10754.18811
2818,4C,Seattle,0.45,0.35000000000000003,1342.7074400000001,2871.64558,6491.05153,10705.40455
2819,4C,Seattle,0.45,0.45,1243.27212,3019.35446,6774.276339999999,11036.90292
2820,4C,Seattle,0.45,0.4,1283.5969200000002,2939.67274,6631.15961,10854.42927
2821,4C,Seattle,0.45,0.55,1170.52488,3165.28982,7066.05205,11401.866750000001
2822,4C,Seattle,0.45,0.5,1206.0042,3089.9785599999996,6919.008239999999,11214.990999999998
2823,4C,Seattle,0.45,0.6000000000000001,1137.99404,3236.92736,7214.83771,11589.759109999999
2824,4C,Seattle,0.45,0.65,1106.82904,3310.9718199999998,7364.79516,11782.596019999999
2825,4C,Seattle,0.45,0.7000000000000001,1076.7372,3394.3272599999996,7514.94263,11986.00709
2826,4C,Seattle,0.45,0.75,1049.5288,3464.6346599999997,7666.578589999999,12180.742049999999
2827,4C,Seattle,0.45,0.8500000000000001,999.0144000000001,3612.72358,7974.220969999999,12585.95895
2828,4C,Seattle,0.45,0.8,1023.3935600000001,3543.2079299999996,7819.101309999999,12385.7028
2829,4C,Seattle,0.45,0.9500000000000001,956.6842,3760.43246,8283.54186,13000.658519999999
2830,4C,Seattle,0.45,0.9,976.47804,3689.65001,8130.51242,12796.640469999998
2831,4C,Seattle,0.4,0.01,2580.4186400000003,2470.7667199999996,5642.07384,10693.2592
2832,4C,Seattle,0.4,0.15000000000000002,2468.52816,2735.43291,5961.845829999999,11165.8069
2833,4C,Seattle,0.4,0.1,2493.8395600000003,2639.7578399999998,5834.27907,10967.87647
2834,4C,Seattle,0.4,0.25,1798.2909600000003,2825.9140999999995,6243.61382,10867.818879999999
2835,4C,Seattle,0.4,0.2,2285.9392000000003,2807.9255399999997,6098.97693,11192.84167
2836,4C,Seattle,0.4,0.30000000000000004,1464.4514800000002,2856.47565,6394.5213699999995,10715.448499999999
2837,4C,Seattle,0.4,0.35000000000000003,1238.1556400000002,2898.1216999999997,6545.840629999999,10682.11797
2838,4C,Seattle,0.4,0.45,1137.23524,3038.7998399999997,6833.9109499999995,11009.94603
2839,4C,Seattle,0.4,0.4,1175.5112800000002,2962.4751399999996,6690.50919,10828.495609999998
2840,4C,Seattle,0.4,0.55,1068.65056,3181.91657,7130.53217,11381.0993
2841,4C,Seattle,0.4,0.5,1101.0621600000002,3109.0439,6982.284899999999,11192.390959999999
2842,4C,Seattle,0.4,0.6000000000000001,1035.80536,3258.8746699999997,7281.81976,11576.49979
2843,4C,Seattle,0.4,0.65,1005.4425200000001,3335.1676999999995,7432.98067,11773.59089
2844,4C,Seattle,0.4,0.7000000000000001,976.8466000000001,3414.62773,7584.553289999999,11976.027619999999
2845,4C,Seattle,0.4,0.75,949.08536,3491.80752,7737.677739999999,12178.570619999999
2846,4C,Seattle,0.4,0.8500000000000001,901.60616,3641.16324,8047.56869,12590.338090000001
2847,4C,Seattle,0.4,0.8,925.6709600000002,3568.5122599999995,7890.92887,12385.112089999999
2848,4C,Seattle,0.4,0.9500000000000001,858.24616,3790.7406499999997,8360.88,13009.86681
2849,4C,Seattle,0.4,0.9,879.53592,3717.07623,8204.14517,12800.75732
2850,4C,Seattle,0.55,0.01,3042.2785200000003,2395.01208,5616.5161499999995,11053.80675
2851,4C,Seattle,0.55,0.15000000000000002,2847.1802000000002,2666.7723499999997,5894.86378,11408.81633
2852,4C,Seattle,0.55,0.1,2893.36944,2566.44179,5779.29995,11239.11118
2853,4C,Seattle,0.55,0.25,2124.5858000000003,2762.9858099999997,6147.02032,11034.591929999999
2854,4C,Seattle,0.55,0.2,2608.40752,2739.7717,6016.888289999999,11365.067509999999
2855,4C,Seattle,0.55,0.30000000000000004,1792.1663600000002,2785.75654,6277.69074,10855.61364
2856,4C,Seattle,0.55,0.35000000000000003,1568.9599200000002,2824.3622699999996,6407.411059999999,10800.73325
2857,4C,Seattle,0.55,0.45,1463.3349600000001,2978.15179,6676.8277499999995,11118.3145
2858,4C,Seattle,0.55,0.4,1507.64888,2895.8414599999996,6540.26671,10943.75705
2859,4C,Seattle,0.55,0.55,1383.79104,3123.32707,6959.29248,11466.41059
2860,4C,Seattle,0.55,0.5,1422.5874,3046.11561,6816.6508,11285.35381
2861,4C,Seattle,0.55,0.6000000000000001,1347.2927600000003,3195.37632,7104.277739999999,11646.946819999997
2862,4C,Seattle,0.55,0.65,1312.9516400000002,3273.06283,7249.231329999999,11835.245799999999
2863,4C,Seattle,0.55,0.7000000000000001,1280.3882800000001,3354.8347699999995,7397.446929999999,12032.669979999999
2864,4C,Seattle,0.55,0.75,1248.50784,3427.7707799999994,7545.440839999999,12221.719459999998
2865,4C,Seattle,0.55,0.8500000000000001,1190.58972,3571.0775299999996,7845.830789999999,12607.498039999999
2866,4C,Seattle,0.55,0.8,1218.0366000000001,3499.7566899999997,7694.099819999999,12411.893109999999
2867,4C,Seattle,0.55,0.9500000000000001,1143.92352,3703.96485,8145.523999999999,12993.412369999998
2868,4C,Seattle,0.55,0.9,1166.50324,3638.02791,8000.00035,12804.531500000001
2869,4C,Seattle,0.5,0.01,2891.09304,2417.94116,5621.710029999999,10930.74423
2870,4C,Seattle,0.5,0.15000000000000002,2724.5256000000004,2687.2945099999997,5912.250609999999,11324.07072
2871,4C,Seattle,0.5,0.1,2763.387,2590.2259599999998,5793.393099999999,11147.00606
2872,4C,Seattle,0.5,0.25,2014.8633200000002,2785.9148899999996,6174.446539999999,10975.224749999998
2873,4C,Seattle,0.5,0.2,2499.67148,2763.23917,6037.66381,11300.57446
2874,4C,Seattle,0.5,0.30000000000000004,1681.19728,2808.62228,6314.14291,10803.962469999999
2875,4C,Seattle,0.5,0.35000000000000003,1455.12908,2852.2001999999998,6446.270149999999,10753.599429999998
2876,4C,Seattle,0.5,0.45,1352.51764,2994.33516,6722.020839999999,11068.87364
2877,4C,Seattle,0.5,0.4,1395.5958,2918.64386,6582.514489999999,10896.754149999999
2878,4C,Seattle,0.5,0.55,1275.06584,3145.8127699999995,7008.507659999999,11429.386269999999
2879,4C,Seattle,0.5,0.5,1312.70232,3067.7462199999995,6863.649079999999,11244.097619999999
2880,4C,Seattle,0.5,0.6000000000000001,1243.06616,3220.6173099999996,7155.07642,11618.759890000001
2881,4C,Seattle,0.5,0.65,1208.79008,3298.52551,7304.083769999999,11811.39936
2882,4C,Seattle,0.5,0.7000000000000001,1178.12372,3366.17263,7452.83776,11997.13411
2883,4C,Seattle,0.5,0.75,1148.3787600000003,3445.2209499999994,7602.320159999999,12195.919869999998
2884,4C,Seattle,0.5,0.8500000000000001,1095.17604,3589.50947,7906.668859999999,12591.35437
2885,4C,Seattle,0.5,0.8,1121.32212,3517.74525,7754.52618,12393.59355
2886,4C,Seattle,0.5,0.9500000000000001,1049.32284,3732.21449,8213.23446,12994.771789999999
2887,4C,Seattle,0.5,0.9,1072.16272,3664.5356999999995,8062.92864,12799.627059999999
2888,4C,Seattle,0.6000000000000001,0.01,3183.9790000000003,2374.67994,5613.5075,11172.16644
2889,4C,Seattle,0.6000000000000001,0.15000000000000002,2964.9568,2648.05538,5881.942419999999,11494.9546
2890,4C,Seattle,0.6000000000000001,0.1,3018.62564,2543.70273,5768.943859999999,11331.272229999999
2891,4C,Seattle,0.6000000000000001,0.25,2235.1212800000003,2740.24675,6126.27647,11101.644499999999
2892,4C,Seattle,0.6000000000000001,0.2,2713.523,2713.1689,6000.1665299999995,11426.85843
2893,4C,Seattle,0.6000000000000001,0.30000000000000004,1900.33872,2767.92633,6247.160859999999,10915.425909999998
2894,4C,Seattle,0.6000000000000001,0.35000000000000003,1682.8666400000002,2809.09733,6373.36581,10865.32978
2895,4C,Seattle,0.6000000000000001,0.45,1576.6454800000001,2953.4175199999995,6639.267129999999,11169.330129999998
2896,4C,Seattle,0.6000000000000001,0.4,1620.94856,2876.33274,6504.57462,11001.85592
2897,4C,Seattle,0.6000000000000001,0.55,1491.1504,3099.44789,6916.4113,11507.00959
2898,4C,Seattle,0.6000000000000001,0.5,1533.39388,3024.73836,6776.20821,11334.34045
2899,4C,Seattle,0.6000000000000001,0.6000000000000001,1454.5112000000001,3181.7898899999996,7059.33801,11695.6391
2900,4C,Seattle,0.6000000000000001,0.65,1419.4546400000002,3256.8477899999993,7202.138039999999,11878.440469999998
2901,4C,Seattle,0.6000000000000001,0.7000000000000001,1384.89672,3330.4488699999997,7348.10507,12063.450659999999
2902,4C,Seattle,0.6000000000000001,0.75,1350.97836,3409.3071699999996,7495.05387,12255.339399999999
2903,4C,Seattle,0.6000000000000001,0.8500000000000001,1290.1442800000002,3552.9306199999996,7792.0868,12635.1617
2904,4C,Seattle,0.6000000000000001,0.8,1320.583,3480.40632,7643.20613,12444.19545
2905,4C,Seattle,0.6000000000000001,0.9500000000000001,1239.825,3685.0261899999996,8086.42778,13011.27897
2906,4C,Seattle,0.6000000000000001,0.9,1263.4562,3622.79464,7945.1162399999985,12831.36708
2907,4C,Seattle,0.65,0.01,3319.8692400000004,2355.51959,5612.5574,11287.94623
2908,4C,Seattle,0.65,0.15000000000000002,3068.4029200000004,2628.9900399999997,5875.79844,11573.1914
2909,4C,Seattle,0.65,0.1,3137.84396,2525.93586,5764.32004,11428.099859999998
2910,4C,Seattle,0.65,0.25,2284.38908,2719.7562599999997,6118.992369999999,11123.137709999999
2911,4C,Seattle,0.65,0.2,2761.761,2688.4346299999997,5994.719289999999,11444.91492
2912,4C,Seattle,0.65,0.30000000000000004,1957.7365200000002,2749.5894,6237.9132199999995,10945.23914
2913,4C,Seattle,0.65,0.35000000000000003,1782.8114400000002,2798.7729099999997,6364.30819,10945.89254
2914,4C,Seattle,0.65,0.45,1681.29484,2956.1411399999997,6627.48589,11264.92187
2915,4C,Seattle,0.65,0.4,1730.18324,2863.5063899999996,6494.376879999999,11088.066509999999
2916,4C,Seattle,0.65,0.55,1596.1358000000002,3096.3759,6901.336379999999,11593.84808
2917,4C,Seattle,0.65,0.5,1638.58524,3016.21913,6764.490309999999,11419.294679999999
2918,4C,Seattle,0.65,0.6000000000000001,1556.99256,3169.66028,7041.666149999999,11768.31899
2919,4C,Seattle,0.65,0.65,1519.56204,3251.5589,7190.07177,11961.19271
2920,4C,Seattle,0.65,0.7000000000000001,1482.93368,3332.8241199999993,7333.12516,12148.882959999999
2921,4C,Seattle,0.65,0.75,1449.0478400000002,3406.4885399999994,7478.11042,12333.646799999999
2922,4C,Seattle,0.65,0.8500000000000001,1386.75036,3556.5409999999997,7774.003229999999,12717.294589999998
2923,4C,Seattle,0.65,0.8,1416.06172,3480.24797,7626.26268,12522.57237
2924,4C,Seattle,0.65,0.9500000000000001,1331.5314,3680.75074,8070.909479999999,13083.19162
2925,4C,Seattle,0.65,0.9,1355.72628,3614.43376,7925.76587,12895.92591
2926,4C,Seattle,0.7000000000000001,0.01,3448.4316400000002,2339.39956,5613.34915,11401.18035
2927,4C,Seattle,0.7000000000000001,0.15000000000000002,3166.9602000000004,2614.9919,5873.0431499999995,11654.99525
2928,4C,Seattle,0.7000000000000001,0.1,3248.0542400000004,2508.8340599999997,5761.84978,11518.73808
2929,4C,Seattle,0.7000000000000001,0.25,2330.0796800000003,2695.5920499999997,6111.2648899999995,11136.93662
2930,4C,Seattle,0.7000000000000001,0.2,2801.04516,2663.9220499999997,5992.5974,11457.56461
2931,4C,Seattle,0.7000000000000001,0.30000000000000004,2017.2264400000001,2734.76784,6233.06771,10985.06199
2932,4C,Seattle,0.7000000000000001,0.35000000000000003,1892.0786400000002,2794.71915,6360.03274,11046.83053
2933,4C,Seattle,0.7000000000000001,0.45,1786.3669600000003,2940.3378099999995,6622.9887499999995,11349.69352
2934,4C,Seattle,0.7000000000000001,0.4,1834.941,2866.7684,6490.1331,11191.842499999999
2935,4C,Seattle,0.7000000000000001,0.55,1699.5819200000003,3088.87011,6893.038839999999,11681.49087
2936,4C,Seattle,0.7000000000000001,0.5,1741.6302800000003,3017.23257,6759.106409999999,11517.96926
2937,4C,Seattle,0.7000000000000001,0.6000000000000001,1660.1243200000001,3171.40213,7030.96169,11862.488140000001
2938,4C,Seattle,0.7000000000000001,0.65,1618.8672800000002,3253.5857799999994,7183.927789999999,12056.380849999998
2939,4C,Seattle,0.7000000000000001,0.7000000000000001,1580.201,3327.72525,7322.484039999999,12230.41029
2940,4C,Seattle,0.7000000000000001,0.75,1546.3693600000001,3399.7428299999997,7465.917469999999,12412.02966
2941,4C,Seattle,0.7000000000000001,0.8500000000000001,1480.1044400000003,3552.48724,7760.03676,12792.62844
2942,4C,Seattle,0.7000000000000001,0.8,1513.4049200000002,3476.51091,7612.644579999999,12602.560409999998
2943,4C,Seattle,0.7000000000000001,0.9500000000000001,1422.18632,3687.5281199999995,8059.349929999999,13169.06437
2944,4C,Seattle,0.7000000000000001,0.9,1449.308,3619.9443399999996,7911.007649999999,12980.259989999999
2945,4C,Seattle,0.75,0.01,3577.2433600000004,2324.98971,5616.009429999999,11518.2425
2946,4C,Seattle,0.75,0.15000000000000002,3261.36576,2601.34213,5871.3013,11734.00919
2947,4C,Seattle,0.75,0.1,3360.92032,2496.2294,5762.00813,11619.15785
2948,4C,Seattle,0.75,0.25,2372.7242400000005,2671.9345599999997,6109.49137,11154.15017
2949,4C,Seattle,0.75,0.2,2829.50016,2640.2328899999998,5991.36227,11461.09532
2950,4C,Seattle,0.75,0.30000000000000004,2087.0577200000002,2724.5067599999998,6234.2395,11045.80398
2951,4C,Seattle,0.75,0.35000000000000003,1997.58436,2790.03199,6361.42622,11149.042570000001
2952,4C,Seattle,0.75,0.45,1889.6179600000003,2940.84453,6624.06553,11454.52802
2953,4C,Seattle,0.75,0.4,1938.8857600000003,2865.7866299999996,6491.77994,11296.45233
2954,4C,Seattle,0.75,0.55,1798.6595200000002,3090.7386399999996,6892.59546,11781.99362
2955,4C,Seattle,0.75,0.5,1843.5262800000003,3017.3275799999997,6759.011399999999,11619.865259999999
2956,4C,Seattle,0.75,0.6000000000000001,1757.9011200000002,3170.64205,7026.14785,11954.69102
2957,4C,Seattle,0.75,0.65,1715.0289200000002,3250.5454600000003,7181.900909999999,12147.475289999998
2958,4C,Seattle,0.75,0.7000000000000001,1676.7854,3330.3855299999996,7318.588629999999,12325.759559999999
2959,4C,Seattle,0.75,0.75,1642.24916,3390.97024,7459.42512,12492.64452
2960,4C,Seattle,0.75,0.8500000000000001,1574.86772,3551.7588299999998,7751.10582,12877.73237
2961,4C,Seattle,0.75,0.8,1606.9974800000002,3469.35349,7604.12535,12680.476320000002
2962,4C,Seattle,0.75,0.9500000000000001,1513.32904,3679.67396,8050.8306999999995,13243.8337
2963,4C,Seattle,0.75,0.9,1542.4669600000002,3617.69577,7901.3483,13061.51103
2964,4C,Seattle,0.8500000000000001,0.01,3827.57148,2297.75351,5623.54689,11748.871879999999
2965,4C,Seattle,0.8500000000000001,0.15000000000000002,3464.5615600000006,2568.8803799999996,5858.79165,11892.23359
2966,4C,Seattle,0.8500000000000001,0.1,3579.7148800000004,2464.02101,5755.32576,11799.06165
2967,4C,Seattle,0.8500000000000001,0.25,2572.8740000000003,2638.1426699999997,6084.788769999999,11295.80544
2968,4C,Seattle,0.8500000000000001,0.2,3025.03208,2607.4227699999997,5968.71822,11601.17307
2969,4C,Seattle,0.8500000000000001,0.30000000000000004,2310.9362400000005,2693.8502,6206.55992,11211.34636
2970,4C,Seattle,0.8500000000000001,0.35000000000000003,2222.87208,2767.6729699999996,6330.706319999999,11321.251369999998
2971,4C,Seattle,0.8500000000000001,0.45,2104.56432,2918.67553,6587.011629999999,11610.251479999999
2972,4C,Seattle,0.8500000000000001,0.4,2159.7507600000004,2842.8892199999996,6457.703019999999,11460.342999999999
2973,4C,Seattle,0.8500000000000001,0.55,2008.3051200000002,3071.79998,6852.501239999999,11932.606339999998
2974,4C,Seattle,0.8500000000000001,0.5,2054.31008,2998.0722199999996,6719.9622899999995,11772.344589999999
2975,4C,Seattle,0.8500000000000001,0.6000000000000001,1964.3597600000003,3144.5776399999995,6983.488359999999,12092.425759999998
2976,4C,Seattle,0.8500000000000001,0.65,1912.84808,3238.7642199999996,7140.98327,12292.59557
2977,4C,Seattle,0.8500000000000001,0.7000000000000001,1874.7129600000003,3309.7366899999997,7272.6354599999995,12457.08511
2978,4C,Seattle,0.8500000000000001,0.75,1836.5670000000002,3382.5460199999998,7410.621649999999,12629.734669999998
2979,4C,Seattle,0.8500000000000001,0.8500000000000001,1767.03924,3526.9295500000003,7699.610399999999,12993.57919
2980,4C,Seattle,0.8500000000000001,0.8,1802.12832,3456.62215,7554.150089999999,12812.900559999998
2981,4C,Seattle,0.8500000000000001,0.9500000000000001,1703.87456,3656.90323,7995.62989,13356.40768
2982,4C,Seattle,0.8500000000000001,0.9,1734.5734400000001,3593.2781999999993,7846.907569999999,13174.759209999998
2983,4C,Seattle,0.8,0.01,3704.7109200000004,2310.29483,5619.01808,11634.02383
2984,4C,Seattle,0.8,0.15000000000000002,3368.7034400000002,2581.9284199999997,5861.07189,11811.70375
2985,4C,Seattle,0.8,0.1,3475.3148400000005,2476.6890099999996,5756.68757,11708.69142
2986,4C,Seattle,0.8,0.25,2475.92104,2653.2492599999996,6094.289769999999,11223.46007
2987,4C,Seattle,0.8,0.2,2938.98416,2623.00441,5977.110769999999,11539.099339999999
2988,4C,Seattle,0.8,0.30000000000000004,2199.2408800000003,2708.00669,6217.92945,11125.17702
2989,4C,Seattle,0.8,0.35000000000000003,2113.3122000000003,2778.7574699999996,6343.43766,11235.50733
2990,4C,Seattle,0.8,0.45,1998.4298800000001,2929.82337,6604.303449999999,11532.5567
2991,4C,Seattle,0.8,0.4,2051.6868000000004,2852.86527,6472.68293,11377.235
2992,4C,Seattle,0.8,0.55,1906.61508,3077.75394,6873.688469999999,11858.05749
2993,4C,Seattle,0.8,0.5,1951.16748,3007.3831999999998,6738.710929999999,11697.26161
2994,4C,Seattle,0.8,0.6000000000000001,1862.5288000000003,3153.5085799999997,7006.48078,12022.51816
2995,4C,Seattle,0.8,0.65,1812.83824,3250.4504499999994,7165.93923,12229.22792
2996,4C,Seattle,0.8,0.7000000000000001,1775.0825200000002,3328.8020299999994,7301.32848,12405.213029999999
2997,4C,Seattle,0.8,0.75,1739.21296,3396.35414,7441.75326,12577.320360000002
2998,4C,Seattle,0.8,0.8500000000000001,1670.6824800000002,3539.56588,7733.08559,12943.33395
2999,4C,Seattle,0.8,0.8,1702.6279600000003,3466.6932100000004,7586.99188,12756.31305
3000,4C,Seattle,0.8,0.9500000000000001,1606.9107600000002,3676.82366,8034.55232,13318.28674
3001,4C,Seattle,0.8,0.9,1639.36572,3609.4299,7884.59487,13133.39049
3002,4C,Seattle,0.9500000000000001,0.01,4062.4742800000004,2275.6161799999995,5636.56326,11974.653719999998
3003,4C,Seattle,0.9500000000000001,0.15000000000000002,3647.20472,2545.6346,5855.81467,12048.653989999999
3004,4C,Seattle,0.9500000000000001,0.1,3782.9974,2442.6120899999996,5759.15783,11984.767319999999
3005,4C,Seattle,0.9500000000000001,0.25,2761.9452800000004,2613.7250999999997,6072.46914,11448.13952
3006,4C,Seattle,0.9500000000000001,0.2,3193.2255200000004,2577.2729299999996,5959.72394,11730.222389999999
3007,4C,Seattle,0.9500000000000001,0.30000000000000004,2524.87448,2671.26949,6190.91494,11387.05891
3008,4C,Seattle,0.9500000000000001,0.35000000000000003,2441.7425200000002,2746.45407,6313.00279,11501.199379999998
3009,4C,Seattle,0.9500000000000001,0.45,2309.72216,2898.81844,6560.345489999999,11768.88609
3010,4C,Seattle,0.9500000000000001,0.4,2370.45868,2824.0455699999998,6436.45245,11630.956699999999
3011,4C,Seattle,0.9500000000000001,0.55,2204.043,3050.6444199999996,6816.6508,12071.338220000001
3012,4C,Seattle,0.9500000000000001,0.5,2255.73896,2976.3466,6689.05237,11921.13793
3013,4C,Seattle,0.9500000000000001,0.6000000000000001,2159.8049600000004,3126.65242,6945.1043199999995,12231.561699999998
3014,4C,Seattle,0.9500000000000001,0.65,2106.78652,3208.171,7098.0070799999985,12412.9646
3015,4C,Seattle,0.9500000000000001,0.7000000000000001,2067.23136,3287.6626999999994,7225.79553,12580.68959
3016,4C,Seattle,0.9500000000000001,0.75,2026.4621200000001,3351.25606,7357.732749999999,12735.450929999999
3017,4C,Seattle,0.9500000000000001,0.8500000000000001,1952.91272,3492.5359299999996,7636.49209,13081.940739999998
3018,4C,Seattle,0.9500000000000001,0.8,1989.411,3427.67577,7495.59226,12912.67903
3019,4C,Seattle,0.9500000000000001,0.9500000000000001,1889.34696,3631.1871899999996,7923.675649999999,13444.209799999999
3020,4C,Seattle,0.9500000000000001,0.9,1920.5228000000002,3566.6754,7781.35067,13268.54887
3021,4C,Seattle,0.9,0.01,3948.3832800000005,2286.1622899999998,5630.1659199999995,11864.71149
3022,4C,Seattle,0.9,0.15000000000000002,3558.3384,2557.25749,5857.61986,11973.21575
3023,4C,Seattle,0.9,0.1,3683.3127600000003,2452.01808,5756.37087,11891.701710000001
3024,4C,Seattle,0.9,0.25,2667.98416,2626.55145,6077.72636,11372.26197
3025,4C,Seattle,0.9,0.2,3111.66536,2592.7278899999997,5962.795929999999,11667.189179999998
3026,4C,Seattle,0.9,0.30000000000000004,2419.1628,2682.5440099999996,6197.47063,11299.17744
3027,4C,Seattle,0.9,0.35000000000000003,2333.4292400000004,2755.13165,6320.761939999999,11409.322830000001
3028,4C,Seattle,0.9,0.45,2207.77196,2911.2964199999997,6572.221739999999,11691.290119999998
3029,4C,Seattle,0.9,0.4,2265.14808,2836.4918799999996,6445.130029999999,11546.769989999999
3030,4C,Seattle,0.9,0.55,2107.69708,3059.0053,6832.89751,11999.59989
3031,4C,Seattle,0.9,0.5,2155.4581200000002,2988.6028899999997,6703.20886,11847.26987
3032,4C,Seattle,0.9,0.6000000000000001,2063.10132,3135.74171,6962.712839999999,12161.55587
3033,4C,Seattle,0.9,0.65,2009.7576800000002,3220.71232,7118.3075499999995,12348.777549999999
3034,4C,Seattle,0.9,0.7000000000000001,1971.6334,3303.4026899999994,7248.376239999999,12523.41233
3035,4C,Seattle,0.9,0.75,1933.65004,3366.1092899999994,7383.16376,12682.92309
3036,4C,Seattle,0.9,0.8500000000000001,1861.31472,3512.5196999999994,7666.64193,13040.476349999999
3037,4C,Seattle,0.9,0.8,1895.0162800000003,3441.9272699999997,7522.82846,12859.77201
3038,4C,Seattle,0.9,0.9500000000000001,1796.9793200000001,3644.52026,7958.10094,13399.60052
3039,4C,Seattle,0.9,0.9,1825.9871600000001,3577.4748699999996,7812.197249999999,13215.65928
3040,5A,Buffalo,0.01,0.01,465.64304000000004,3940.8881199999996,6234.71455,10641.24571
3041,5A,Buffalo,0.01,0.15000000000000002,384.89588000000003,4186.773999999999,6676.06767,11247.73755
3042,5A,Buffalo,0.01,0.1,408.58128000000005,4088.0902799999994,6516.1025,11012.77406
3043,5A,Buffalo,0.01,0.25,285.41720000000004,4374.735449999999,6981.429809999999,11641.582459999998
3044,5A,Buffalo,0.01,0.2,346.95588000000004,4284.60263,6822.60476,11454.163270000001
3045,5A,Buffalo,0.01,0.30000000000000004,229.58036,4465.91338,7142.345079999999,11837.838819999999
3046,5A,Buffalo,0.01,0.35000000000000003,200.77848,4557.693039999999,7306.712379999999,12065.183899999998
3047,5A,Buffalo,0.01,0.45,186.20952000000003,4779.636399999999,7681.3051399999995,12647.15106
3048,5A,Buffalo,0.01,0.4,187.97644,4663.755869999999,7485.837899999999,12337.570209999998
3049,5A,Buffalo,0.01,0.55,185.07132000000001,4990.558599999999,8052.54088,13228.1708
3050,5A,Buffalo,0.01,0.5,185.26644000000002,4886.997699999999,7862.932589999999,12935.19673
3051,5A,Buffalo,0.01,0.6000000000000001,181.48328,5092.916039999999,8243.701,13518.100319999998
3052,5A,Buffalo,0.01,0.65,178.63236,5196.19191,8432.86591,13807.69018
3053,5A,Buffalo,0.01,0.7000000000000001,177.62424000000001,5301.779689999999,8627.50973,14106.913659999998
3054,5A,Buffalo,0.01,0.75,173.169,5402.55363,8824.08542,14399.80805
3055,5A,Buffalo,0.01,0.8500000000000001,173.32076,5610.688869999999,9184.426679999999,14968.436309999997
3056,5A,Buffalo,0.01,0.8,175.39120000000003,5510.48499,9004.12937,14690.005560000001
3057,5A,Buffalo,0.01,0.9500000000000001,172.22592,5819.90089,9521.300469999998,15513.427279999998
3058,5A,Buffalo,0.01,0.9,169.48340000000002,5722.80067,9354.6846,15246.96867
3059,5A,Buffalo,0.05,0.01,609.00204,3911.68838,6156.45798,10677.1484
3060,5A,Buffalo,0.05,0.15000000000000002,485.09000000000003,4155.51571,6575.42041,11216.026119999999
3061,5A,Buffalo,0.05,0.1,525.5990800000001,4054.29839,6422.6759999999995,11002.57347
3062,5A,Buffalo,0.05,0.25,365.1996,4342.52706,6872.80171,11580.52837
3063,5A,Buffalo,0.05,0.2,439.87636000000003,4247.0736799999995,6718.22044,11405.17048
3064,5A,Buffalo,0.05,0.30000000000000004,299.74768,4433.229939999999,7031.975129999999,11764.952749999999
3065,5A,Buffalo,0.05,0.35000000000000003,266.91332,4527.8598999999995,7195.392329999999,11990.165549999998
3066,5A,Buffalo,0.05,0.45,239.42308000000003,4738.43373,7558.58389,12536.4407
3067,5A,Buffalo,0.05,0.4,248.75632000000002,4628.5388299999995,7372.300949999999,12249.596099999999
3068,5A,Buffalo,0.05,0.55,226.23080000000002,4946.949009999999,7921.20539,13094.3852
3069,5A,Buffalo,0.05,0.5,231.163,4842.7863800000005,7740.02132,12813.9707
3070,5A,Buffalo,0.05,0.6000000000000001,225.49368000000004,5053.55023,8111.6371,13390.68101
3071,5A,Buffalo,0.05,0.65,220.91920000000002,5152.42397,8301.6571,13675.00027
3072,5A,Buffalo,0.05,0.7000000000000001,217.07100000000003,5253.609619999999,8490.94869,13961.629309999998
3073,5A,Buffalo,0.05,0.75,216.9084,5359.26074,8679.733559999999,14255.902699999999
3074,5A,Buffalo,0.05,0.8500000000000001,209.35292,5568.37775,9026.520059999999,14804.25073
3075,5A,Buffalo,0.05,0.8,211.32580000000002,5464.3418,8859.39747,14535.06507
3076,5A,Buffalo,0.05,0.9500000000000001,211.20656000000002,5782.24526,9364.1856,15357.63742
3077,5A,Buffalo,0.05,0.9,208.50740000000002,5676.46746,9197.158019999999,15082.13288
3078,5A,Buffalo,0.15000000000000002,0.01,1088.0216400000002,3831.2149099999997,6039.91238,10959.14893
3079,5A,Buffalo,0.15000000000000002,0.15000000000000002,879.5142400000001,4096.48283,6413.079989999999,11389.07706
3080,5A,Buffalo,0.15000000000000002,0.1,940.8578000000001,4003.49971,6273.79533,11218.152839999999
3081,5A,Buffalo,0.15000000000000002,0.25,694.5079600000001,4274.68992,6688.102269999999,11657.30015
3082,5A,Buffalo,0.15000000000000002,0.2,812.91328,4185.95058,6545.93564,11544.7995
3083,5A,Buffalo,0.15000000000000002,0.30000000000000004,613.04536,4357.316949999999,6837.679679999999,11808.041989999998
3084,5A,Buffalo,0.15000000000000002,0.35000000000000003,559.6041600000001,4440.070659999999,6990.677449999999,11990.35227
3085,5A,Buffalo,0.15000000000000002,0.45,487.04120000000006,4647.98421,7339.649179999999,12474.674589999999
3086,5A,Buffalo,0.15000000000000002,0.4,520.9053600000001,4543.283189999999,7161.91714,12226.105689999999
3087,5A,Buffalo,0.15000000000000002,0.55,445.24216,4853.96589,7687.354109999999,12986.56216
3088,5A,Buffalo,0.15000000000000002,0.5,458.14176000000003,4747.26966,7512.092329999999,12717.50375
3089,5A,Buffalo,0.15000000000000002,0.6000000000000001,427.11768,4953.3146799999995,7865.52953,13245.961889999999
3090,5A,Buffalo,0.15000000000000002,0.65,413.20996,5051.01663,8049.9756099999995,13514.2022
3091,5A,Buffalo,0.15000000000000002,0.7000000000000001,407.00948000000005,5155.17926,8232.01477,13794.20351
3092,5A,Buffalo,0.15000000000000002,0.75,396.24536000000006,5258.58181,8395.14694,14049.97411
3093,5A,Buffalo,0.15000000000000002,0.8500000000000001,384.22380000000004,5470.137409999999,8718.65599,14573.017199999998
3094,5A,Buffalo,0.15000000000000002,0.8,387.53000000000003,5366.22814,8555.20712,14308.965259999999
3095,5A,Buffalo,0.15000000000000002,0.9500000000000001,375.10736,5676.81583,9046.978879999999,15098.902069999998
3096,5A,Buffalo,0.15000000000000002,0.9,381.34036000000003,5574.39505,8881.97818,14837.71359
3097,5A,Buffalo,0.1,0.01,847.46036,3873.4626899999994,6088.20913,10809.13218
3098,5A,Buffalo,0.1,0.15000000000000002,669.82528,4121.97718,6481.29717,11273.09963
3099,5A,Buffalo,0.1,0.1,731.60244,4025.28867,6337.04032,11093.93143
3100,5A,Buffalo,0.1,0.25,505.84860000000003,4301.7677699999995,6766.64387,11574.26024
3101,5A,Buffalo,0.1,0.2,613.8908800000002,4214.39024,6618.36493,11446.64605
3102,5A,Buffalo,0.1,0.30000000000000004,435.72464,4398.6463,6922.048559999999,11756.4195
3103,5A,Buffalo,0.1,0.35000000000000003,384.29968,4487.22729,7080.01852,11951.54549
3104,5A,Buffalo,0.1,0.45,340.64700000000005,4696.122609999999,7436.52771,12473.29732
3105,5A,Buffalo,0.1,0.4,356.07232000000005,4585.9743499999995,7253.475109999999,12195.52178
3106,5A,Buffalo,0.1,0.55,320.00764,4895.6752799999995,7793.79698,13009.479899999998
3107,5A,Buffalo,0.1,0.5,329.06988,4798.67007,7611.6311399999995,12739.37109
3108,5A,Buffalo,0.1,0.6000000000000001,313.24348000000003,5002.52986,7977.10294,13292.87628
3109,5A,Buffalo,0.1,0.65,301.88316000000003,5100.67519,8163.132519999999,13565.690869999999
3110,5A,Buffalo,0.1,0.7000000000000001,296.97264,5202.55758,8351.22065,13850.75087
3111,5A,Buffalo,0.1,0.75,293.31955999999997,5304.123269999999,8527.02082,14124.463649999998
3112,5A,Buffalo,0.1,0.8500000000000001,286.46868,5515.04547,8863.07119,14664.585340000001
3113,5A,Buffalo,0.1,0.8,291.24912,5409.99608,8697.72212,14398.96732
3114,5A,Buffalo,0.1,0.9500000000000001,281.84000000000003,5725.65097,9190.98237,15198.47334
3115,5A,Buffalo,0.1,0.9,286.73968,5621.99506,9026.330039999999,14935.064779999999
3116,5A,Buffalo,0.25,0.01,1602.98668,3765.97471,5995.035989999999,11363.99738
3117,5A,Buffalo,0.25,0.15000000000000002,1312.7565200000001,4053.06326,6322.187089999999,11688.00687
3118,5A,Buffalo,0.25,0.1,1399.6824800000002,3949.02731,6196.04548,11544.75527
3119,5A,Buffalo,0.25,0.25,1093.3332400000002,4212.173339999999,6576.46552,11881.972099999999
3120,5A,Buffalo,0.25,0.2,1219.9336,4137.90719,6441.74134,11799.582129999999
3121,5A,Buffalo,0.25,0.30000000000000004,1000.5536800000001,4290.651599999999,6714.9901,12006.19538
3122,5A,Buffalo,0.25,0.35000000000000003,937.2806,4367.86306,6861.083809999999,12166.227469999998
3123,5A,Buffalo,0.25,0.45,845.81268,4568.334159999999,7197.35587,12611.50271
3124,5A,Buffalo,0.25,0.4,886.2892400000001,4458.91431,7022.63248,12367.83603
3125,5A,Buffalo,0.25,0.55,782.20356,4766.0183,7534.799719999999,13083.021579999999
3126,5A,Buffalo,0.25,0.5,811.7967600000001,4669.89985,7363.68671,12845.38332
3127,5A,Buffalo,0.25,0.6000000000000001,755.46128,4866.7289,7706.039409999999,13328.229589999999
3128,5A,Buffalo,0.25,0.65,733.17424,4970.35314,7880.192739999999,13583.720119999998
3129,5A,Buffalo,0.25,0.7000000000000001,714.38852,5075.117499999999,8033.7605699999995,13823.26659
3130,5A,Buffalo,0.25,0.75,698.096,5173.89623,8185.64989,14057.64212
3131,5A,Buffalo,0.25,0.8500000000000001,666.31312,5383.361609999999,8500.44969,14550.124419999998
3132,5A,Buffalo,0.25,0.8,679.2452400000001,5277.52047,8341.846329999998,14298.61204
3133,5A,Buffalo,0.25,0.9500000000000001,621.31628,5591.62353,8813.539309999998,15026.479119999998
3134,5A,Buffalo,0.25,0.9,635.2782,5487.207539999999,8656.26609,14778.751829999997
3135,5A,Buffalo,0.2,0.01,1338.17632,3798.7531599999998,6010.58596,11147.51544
3136,5A,Buffalo,0.2,0.15000000000000002,1090.25468,4073.9021199999993,6359.77938,11523.936179999999
3137,5A,Buffalo,0.2,0.1,1163.4138400000002,3974.42665,6227.24043,11365.08092
3138,5A,Buffalo,0.2,0.25,888.09952,4241.59477,6626.060739999999,11755.755029999998
3139,5A,Buffalo,0.2,0.2,1012.8028800000001,4159.442789999999,6487.25113,11659.496799999999
3140,5A,Buffalo,0.2,0.30000000000000004,799.8836,4327.10377,6770.444269999999,11897.431639999999
3141,5A,Buffalo,0.2,0.35000000000000003,742.31236,4407.89394,6919.293269999999,12069.49957
3142,5A,Buffalo,0.2,0.45,663.5706,4604.913009999999,7263.86287,12532.34648
3143,5A,Buffalo,0.2,0.4,698.2044000000001,4499.29356,7085.497429999999,12282.99539
3144,5A,Buffalo,0.2,0.55,613.02368,4803.103869999999,7605.138789999999,13021.266339999998
3145,5A,Buffalo,0.2,0.5,635.9286000000001,4702.551619999999,7433.677409999999,12772.157629999998
3146,5A,Buffalo,0.2,0.6000000000000001,591.90736,4909.7050899999995,7780.62226,13282.23471
3147,5A,Buffalo,0.2,0.65,562.1407200000001,5012.44257,7958.82935,13533.41264
3148,5A,Buffalo,0.2,0.7000000000000001,541.15448,5109.76448,8121.296449999999,13772.215409999999
3149,5A,Buffalo,0.2,0.75,533.79412,5214.02212,8280.78657,14028.60281
3150,5A,Buffalo,0.2,0.8500000000000001,499.60476,5424.40593,8597.42323,14521.43392
3151,5A,Buffalo,0.2,0.8,513.9569200000001,5320.02161,8439.95999,14273.93852
3152,5A,Buffalo,0.2,0.9500000000000001,485.10084,5632.92121,8922.54745,15040.569500000001
3153,5A,Buffalo,0.2,0.9,494.68340000000006,5526.76337,8757.35673,14778.803499999998
3154,5A,Buffalo,0.30000000000000004,0.01,1873.3146000000002,3731.7394399999994,5988.005249999999,11593.059289999997
3155,5A,Buffalo,0.30000000000000004,0.15000000000000002,1541.4696800000002,4030.48255,6299.891409999999,11871.84364
3156,5A,Buffalo,0.30000000000000004,0.1,1641.6204400000001,3921.5060799999997,6178.31028,11741.4368
3157,5A,Buffalo,0.30000000000000004,0.25,1304.2904800000001,4193.67806,6555.468309999999,12053.436849999998
3158,5A,Buffalo,0.30000000000000004,0.2,1437.0696400000002,4120.10865,6420.1424,11977.32069
3159,5A,Buffalo,0.30000000000000004,0.30000000000000004,1205.15868,4269.17934,6694.27792,12168.61594
3160,5A,Buffalo,0.30000000000000004,0.35000000000000003,1132.01036,4346.64416,6841.92346,12320.57798
3161,5A,Buffalo,0.30000000000000004,0.45,1037.1712,4529.0000199999995,7151.085999999999,12717.25722
3162,5A,Buffalo,0.30000000000000004,0.4,1078.91604,4431.614769999999,6994.50952,12505.04033
3163,5A,Buffalo,0.30000000000000004,0.55,959.5784800000001,4732.85981,7472.251469999999,13164.68976
3164,5A,Buffalo,0.30000000000000004,0.5,996.36944,4629.23557,7313.48976,12939.09477
3165,5A,Buffalo,0.30000000000000004,0.6000000000000001,929.1939600000002,4833.34872,7641.622629999999,13404.16531
3166,5A,Buffalo,0.30000000000000004,0.65,903.36224,4932.539159999999,7801.20776,13637.10916
3167,5A,Buffalo,0.30000000000000004,0.7000000000000001,879.3516400000001,5036.86014,7952.590359999999,13868.80214
3168,5A,Buffalo,0.30000000000000004,0.75,857.83424,5133.802009999999,8102.51614,14094.15239
3169,5A,Buffalo,0.30000000000000004,0.8500000000000001,817.53112,5347.827869999999,8414.78234,14580.141329999999
3170,5A,Buffalo,0.30000000000000004,0.8,839.08104,5242.11341,8257.41411,14338.60856
3171,5A,Buffalo,0.30000000000000004,0.9500000000000001,788.64252,5565.17908,8723.02645,15076.84805
3172,5A,Buffalo,0.30000000000000004,0.9,802.2792400000001,5454.745789999999,8570.8521,14827.877129999999
3173,5A,Buffalo,0.35000000000000003,0.01,2155.92424,3700.70284,5987.81523,11844.44231
3174,5A,Buffalo,0.35000000000000003,0.15000000000000002,1778.2586400000002,4003.6580599999998,6281.871179999999,12063.78788
3175,5A,Buffalo,0.35000000000000003,0.1,1886.12748,3891.2295599999998,6163.99544,11941.35248
3176,5A,Buffalo,0.35000000000000003,0.25,1531.3776400000002,4167.17027,6526.74362,12225.291529999999
3177,5A,Buffalo,0.35000000000000003,0.2,1668.34104,4090.75056,6397.11831,12156.20991
3178,5A,Buffalo,0.35000000000000003,0.30000000000000004,1426.0345200000002,4237.22431,6661.53114,12324.78997
3179,5A,Buffalo,0.35000000000000003,0.35000000000000003,1342.54484,4318.2045,6802.969359999999,12463.7187
3180,5A,Buffalo,0.35000000000000003,0.45,1232.28036,4495.58817,7104.40442,12832.272949999999
3181,5A,Buffalo,0.35000000000000003,0.4,1284.17144,4399.08968,6951.818359999999,12635.07948
3182,5A,Buffalo,0.35000000000000003,0.55,1149.7554400000001,4695.04583,7418.7291700000005,13263.53044
3183,5A,Buffalo,0.35000000000000003,0.5,1189.62496,4593.29012,7263.92621,13046.84129
3184,5A,Buffalo,0.35000000000000003,0.6000000000000001,1110.85068,4795.97812,7582.81144,13489.64024
3185,5A,Buffalo,0.35000000000000003,0.65,1078.17892,4897.5754799999995,7731.75545,13707.509849999999
3186,5A,Buffalo,0.35000000000000003,0.7000000000000001,1051.8052,5003.57497,7879.400989999999,13934.781159999999
3187,5A,Buffalo,0.35000000000000003,0.75,1026.39624,5099.250039999999,8031.00528,14156.651559999998
3188,5A,Buffalo,0.35000000000000003,0.8500000000000001,980.38044,5308.39872,8334.11885,14622.89801
3189,5A,Buffalo,0.35000000000000003,0.8,1003.6756,5199.485589999999,8180.89939,14384.060579999998
3190,5A,Buffalo,0.35000000000000003,0.9500000000000001,942.85236,5520.33436,8643.439739999998,15106.626459999998
3191,5A,Buffalo,0.35000000000000003,0.9,962.35352,5414.6199,8489.935249999999,14866.908669999997
3192,5A,Buffalo,0.45,0.01,2724.4822400000003,3643.6968399999996,6003.87192,12372.051
3193,5A,Buffalo,0.45,0.15000000000000002,2258.60072,3950.3891199999994,6264.83272,12473.82256
3194,5A,Buffalo,0.45,0.1,2396.53972,3836.5354700000003,6157.85146,12390.926650000001
3195,5A,Buffalo,0.45,0.25,2003.4596400000003,4108.61244,6492.88839,12604.96047
3196,5A,Buffalo,0.45,0.2,2140.13036,4040.5852799999993,6370.83221,12551.547849999999
3197,5A,Buffalo,0.45,0.30000000000000004,1889.7155200000002,4186.39396,6618.36493,12694.47441
3198,5A,Buffalo,0.45,0.35000000000000003,1792.94684,4252.9643,6751.4106,12797.32174
3199,5A,Buffalo,0.45,0.45,1654.6176000000003,4433.54664,7038.435809999999,13126.60005
3200,5A,Buffalo,0.45,0.4,1714.5194400000003,4332.61435,6889.4601299999995,12936.59392
3201,5A,Buffalo,0.45,0.55,1541.6973200000002,4631.76917,7335.31039,13508.77688
3202,5A,Buffalo,0.45,0.5,1594.9434,4530.86855,7189.50171,13315.31366
3203,5A,Buffalo,0.45,0.6000000000000001,1494.49996,4731.94138,7475.418469999999,13701.859809999998
3204,5A,Buffalo,0.45,0.65,1456.75508,4831.82856,7621.575519999999,13910.15916
3205,5A,Buffalo,0.45,0.7000000000000001,1417.8611600000002,4933.742619999999,7762.697039999999,14114.300819999999
3206,5A,Buffalo,0.45,0.75,1381.7314400000002,5036.73346,7907.903989999999,14326.36889
3207,5A,Buffalo,0.45,0.8500000000000001,1321.3418000000001,5245.75546,8205.88702,14772.98428
3208,5A,Buffalo,0.45,0.8,1350.36048,5140.95943,8056.27794,14547.59785
3209,5A,Buffalo,0.45,0.9500000000000001,1274.55636,5439.82922,8499.626269999999,15214.011849999999
3210,5A,Buffalo,0.45,0.9,1297.32036,5346.244369999999,8356.16117,14999.725899999998
3211,5A,Buffalo,0.4,0.01,2441.1463200000003,3670.7746899999997,5993.769189999999,12105.6902
3212,5A,Buffalo,0.4,0.15000000000000002,2015.3294400000002,3977.78367,6270.0582699999995,12263.17138
3213,5A,Buffalo,0.4,0.1,2137.73472,3862.9165799999996,6157.53476,12158.18606
3214,5A,Buffalo,0.4,0.25,1767.09344,4138.98397,6505.30303,12411.38044
3215,5A,Buffalo,0.4,0.2,1902.3116000000002,4069.02494,6381.0616199999995,12352.39816
3216,5A,Buffalo,0.4,0.30000000000000004,1656.894,4206.78944,6635.34005,12499.02349
3217,5A,Buffalo,0.4,0.35000000000000003,1565.4694400000003,4284.44428,6773.76962,12623.68334
3218,5A,Buffalo,0.4,0.45,1441.68748,4463.379779999999,7068.395629999999,12973.462889999999
3219,5A,Buffalo,0.4,0.4,1498.8251200000002,4369.28821,6918.818219999999,12786.93155
3220,5A,Buffalo,0.4,0.55,1342.3172,4656.91515,7373.947789999999,13373.18014
3221,5A,Buffalo,0.4,0.5,1389.53624,4563.26696,7221.74177,13174.544969999999
3222,5A,Buffalo,0.4,0.6000000000000001,1301.6346800000001,4760.50772,7524.696989999999,13586.839389999997
3223,5A,Buffalo,0.4,0.65,1263.6188000000002,4864.005279999999,7671.899149999999,13799.523229999999
3224,5A,Buffalo,0.4,0.7000000000000001,1231.1638400000002,4966.9644499999995,7816.947749999999,14015.07604
3225,5A,Buffalo,0.4,0.75,1201.85248,5068.3084499999995,7963.8015399999995,14233.962469999999
3226,5A,Buffalo,0.4,0.8500000000000001,1149.66872,5271.50317,8266.94678,14688.11867
3227,5A,Buffalo,0.4,0.8,1176.02076,5164.49024,8113.378949999999,14453.88995
3228,5A,Buffalo,0.4,0.9500000000000001,1107.1759200000001,5478.08658,8565.87991,15151.14241
3229,5A,Buffalo,0.4,0.9,1126.83968,5378.5161,8417.157589999999,14922.513369999999
3230,5A,Buffalo,0.55,0.01,3295.17572,3599.5805299999997,6032.374919999999,12927.13117
3231,5A,Buffalo,0.55,0.15000000000000002,2749.9454,3908.96476,6268.18974,12927.0999
3232,5A,Buffalo,0.55,0.1,2908.50208,3793.08423,6169.347669999999,12870.93398
3233,5A,Buffalo,0.55,0.25,2480.88576,4054.7734399999995,6479.3652999999995,13015.0245
3234,5A,Buffalo,0.55,0.2,2617.50228,3994.15706,6366.96847,12978.62781
3235,5A,Buffalo,0.55,0.30000000000000004,2359.4669200000003,4123.529009999999,6598.032789999999,13081.028719999998
3236,5A,Buffalo,0.55,0.35000000000000003,2251.83656,4204.66755,6725.061159999999,13181.56527
3237,5A,Buffalo,0.55,0.45,2084.25016,4380.21436,6995.83966,13460.30418
3238,5A,Buffalo,0.55,0.4,2165.62604,4285.5844,6857.790129999999,13309.00057
3239,5A,Buffalo,0.55,0.55,1951.56856,4575.26989,7265.35136,13792.18981
3240,5A,Buffalo,0.55,0.5,2015.3186000000003,4476.49116,7134.965969999999,13626.77573
3241,5A,Buffalo,0.55,0.6000000000000001,1896.82656,4675.37876,7399.12544,13971.330759999999
3242,5A,Buffalo,0.55,0.65,1846.7024000000001,4777.641189999999,7538.315089999999,14162.658679999999
3243,5A,Buffalo,0.55,0.7000000000000001,1799.1581600000002,4879.3969,7679.151579999999,14357.706639999999
3244,5A,Buffalo,0.55,0.75,1759.0176400000003,4973.61515,7817.89785,14550.53064
3245,5A,Buffalo,0.55,0.8500000000000001,1682.5848,5184.410669999999,8109.70523,14976.7007
3246,5A,Buffalo,0.55,0.8,1716.1562800000002,5079.7729899999995,7961.86967,14757.79894
3247,5A,Buffalo,0.55,0.9500000000000001,1621.2846000000002,5385.99022,8387.13443,15394.40925
3248,5A,Buffalo,0.55,0.9,1648.82904,5291.9303199999995,8254.1521,15194.91146
3249,5A,Buffalo,0.5,0.01,3015.92648,3619.97601,6017.395009999999,12653.2975
3250,5A,Buffalo,0.5,0.15000000000000002,2506.84756,3929.0118699999994,6264.611029999999,12700.470459999999
3251,5A,Buffalo,0.5,0.1,2653.9788800000006,3814.55649,6162.063569999999,12630.59894
3252,5A,Buffalo,0.5,0.25,2241.6036000000004,4076.53073,6484.49584,12802.63017
3253,5A,Buffalo,0.5,0.2,2378.0033200000003,4014.2991799999995,6367.82356,12760.126059999999
3254,5A,Buffalo,0.5,0.30000000000000004,2124.24976,4149.65676,6606.61536,12880.52188
3255,5A,Buffalo,0.5,0.35000000000000003,2025.17216,4231.2386799999995,6736.6523799999995,12993.06322
3256,5A,Buffalo,0.5,0.45,1865.93256,4406.310439999999,7012.624760000001,13284.867760000001
3257,5A,Buffalo,0.5,0.4,1939.9264,4308.83018,6871.94662,13120.7032
3258,5A,Buffalo,0.5,0.55,1746.41072,4595.85539,7296.071260000001,13638.337370000001
3259,5A,Buffalo,0.5,0.5,1804.1228800000001,4504.39243,7160.175289999999,13468.690599999998
3260,5A,Buffalo,0.5,0.6000000000000001,1695.07248,4698.4028499999995,7435.73596,13829.21129
3261,5A,Buffalo,0.5,0.65,1649.24096,4801.36202,7576.19241,14026.79539
3262,5A,Buffalo,0.5,0.7000000000000001,1606.0869200000002,4903.7828,7718.675739999999,14228.54546
3263,5A,Buffalo,0.5,0.75,1565.50196,5004.4934,7861.254079999999,14431.24944
3264,5A,Buffalo,0.5,0.8500000000000001,1501.5784800000001,5215.38393,8155.43671,14872.39912
3265,5A,Buffalo,0.5,0.8,1536.2014400000003,5108.71937,8005.035879999999,14649.956689999999
3266,5A,Buffalo,0.5,0.9500000000000001,1446.8364800000002,5416.33008,8438.724859999998,15301.891419999998
3267,5A,Buffalo,0.5,0.9,1471.9744400000002,5319.9266,8298.77513,15090.676169999999
3268,5A,Buffalo,0.6000000000000001,0.01,3569.5578,3579.7234399999998,6048.6533,13197.93454
3269,5A,Buffalo,0.6000000000000001,0.15000000000000002,2991.82916,3891.5145899999998,6273.89034,13157.23409
3270,5A,Buffalo,0.6000000000000001,0.1,3159.1012000000005,3774.17724,6177.64521,13110.92365
3271,5A,Buffalo,0.6000000000000001,0.25,2712.48236,4032.98448,6479.6503299999995,13225.11717
3272,5A,Buffalo,0.6000000000000001,0.2,2851.81972,3974.1732899999993,6371.11724,13197.110249999998
3273,5A,Buffalo,0.6000000000000001,0.30000000000000004,2592.5269200000002,4098.319689999999,6594.04237,13284.88898
3274,5A,Buffalo,0.6000000000000001,0.35000000000000003,2479.7042000000006,4182.878589999999,6717.74539,13380.32818
3275,5A,Buffalo,0.6000000000000001,0.45,2302.6328,4356.81023,6982.094879999999,13641.53791
3276,5A,Buffalo,0.6000000000000001,0.4,2385.52628,4264.96723,6847.877420000001,13498.370930000001
3277,5A,Buffalo,0.6000000000000001,0.55,2157.23588,4550.0289,7237.57677,13944.841550000001
3278,5A,Buffalo,0.6000000000000001,0.5,2228.4546800000003,4453.84711,7112.891979999999,13795.193769999998
3279,5A,Buffalo,0.6000000000000001,0.6000000000000001,2097.65924,4646.9391,7367.708799999999,14112.307139999999
3280,5A,Buffalo,0.6000000000000001,0.65,2044.27224,4748.47312,7504.839899999999,14297.58526
3281,5A,Buffalo,0.6000000000000001,0.7000000000000001,1992.9665200000002,4852.25571,7643.807859999999,14489.03009
3282,5A,Buffalo,0.6000000000000001,0.75,1945.54152,4949.10257,7782.2691,14676.91319
3283,5A,Buffalo,0.6000000000000001,0.8500000000000001,1862.98408,5155.65431,8065.683929999999,15084.32232
3284,5A,Buffalo,0.6000000000000001,0.8,1904.3495200000002,5054.627009999999,7922.630539999999,14881.607069999998
3285,5A,Buffalo,0.6000000000000001,0.9500000000000001,1803.3857600000003,5354.858609999999,8341.529629999999,15499.773999999998
3286,5A,Buffalo,0.6000000000000001,0.9,1833.3258400000002,5256.649939999999,8211.87265,15301.848429999998
3287,5A,Buffalo,0.65,0.01,3835.36544,3564.3634899999997,6065.723429999999,13465.45236
3288,5A,Buffalo,0.65,0.15000000000000002,3221.09516,3880.11339,6285.63991,13386.84846
3289,5A,Buffalo,0.65,0.1,3394.53516,3762.80771,6191.29498,13348.63785
3290,5A,Buffalo,0.65,0.25,2930.20376,4021.7733,6496.53044,13448.5075
3291,5A,Buffalo,0.65,0.2,3074.7876800000004,3957.5148699999995,6384.260289999999,13416.562839999999
3292,5A,Buffalo,0.65,0.30000000000000004,2800.514,4087.2035199999996,6613.29773,13501.01525
3293,5A,Buffalo,0.65,0.35000000000000003,2688.2983200000003,4174.7393999999995,6737.4758,13600.51352
3294,5A,Buffalo,0.65,0.45,2503.75816,4355.63844,6995.33294,13854.72954
3295,5A,Buffalo,0.65,0.4,2591.26948,4260.81846,6867.829519999999,13719.91746
3296,5A,Buffalo,0.65,0.55,2352.8111599999997,4546.48186,7238.84357,14138.136589999998
3297,5A,Buffalo,0.65,0.5,2424.4852400000004,4451.69355,7118.085859999999,13994.26465
3298,5A,Buffalo,0.65,0.6000000000000001,2289.7332000000006,4638.51488,7367.55045,14295.79853
3299,5A,Buffalo,0.65,0.65,2226.9262400000002,4745.971189999999,7507.97523,14480.872659999999
3300,5A,Buffalo,0.65,0.7000000000000001,2178.569,4851.43229,7643.807859999999,14673.80915
3301,5A,Buffalo,0.65,0.75,2127.5234400000004,4950.78108,7782.617469999999,14860.921989999999
3302,5A,Buffalo,0.65,0.8500000000000001,2043.0690000000002,5154.355839999999,8061.69351,15259.11835
3303,5A,Buffalo,0.65,0.8,2082.67836,5051.93506,7921.0470399999995,15055.66046
3304,5A,Buffalo,0.65,0.9500000000000001,1973.7905600000001,5353.243439999999,8339.407739999999,15666.441739999998
3305,5A,Buffalo,0.65,0.9,2005.3674800000001,5256.93497,8208.800659999999,15471.10311
3306,5A,Buffalo,0.7000000000000001,0.01,4091.6989200000003,3550.65038,6084.28205,13726.63135
3307,5A,Buffalo,0.7000000000000001,0.15000000000000002,3443.5319600000003,3871.08744,6298.68795,13613.30735
3308,5A,Buffalo,0.7000000000000001,0.1,3626.4244400000002,3750.96313,6206.686599999999,13584.07417
3309,5A,Buffalo,0.7000000000000001,0.25,3137.06348,4013.5074299999997,6514.8357,13665.406609999998
3310,5A,Buffalo,0.7000000000000001,0.2,3287.85872,3947.3488,6399.5569,13634.76442
3311,5A,Buffalo,0.7000000000000001,0.30000000000000004,3004.23012,4085.90505,6635.9734499999995,13726.108619999999
3312,5A,Buffalo,0.7000000000000001,0.35000000000000003,2888.51312,4171.76242,6761.2916399999995,13821.56718
3313,5A,Buffalo,0.7000000000000001,0.45,2701.6532,4353.801579999999,7007.39921,14062.85399
3314,5A,Buffalo,0.7000000000000001,0.4,2786.2052000000003,4264.23882,6887.24323,13937.687249999999
3315,5A,Buffalo,0.7000000000000001,0.55,2542.6195600000005,4547.62198,7248.88296,14339.124500000002
3316,5A,Buffalo,0.7000000000000001,0.5,2617.8708400000005,4450.64844,7129.613739999999,14198.13302
3317,5A,Buffalo,0.7000000000000001,0.6000000000000001,2474.9346,4638.60989,7373.409399999999,14486.953889999999
3318,5A,Buffalo,0.7000000000000001,0.65,2410.3715600000005,4747.301329999999,7517.09619,14674.76908
3319,5A,Buffalo,0.7000000000000001,0.7000000000000001,2356.41004,4853.17414,7647.291559999999,14856.87574
3320,5A,Buffalo,0.7000000000000001,0.75,2307.66256,4945.71388,7784.1693,15037.54574
3321,5A,Buffalo,0.7000000000000001,0.8500000000000001,2213.7448000000004,5158.97966,8062.07355,15434.79801
3322,5A,Buffalo,0.7000000000000001,0.8,2258.32972,5052.4734499999995,7920.0336,15230.836769999998
3323,5A,Buffalo,0.7000000000000001,0.9500000000000001,2136.7266000000004,5355.65036,8341.94134,15834.318299999999
3324,5A,Buffalo,0.7000000000000001,0.9,2177.0514,5257.600039999999,8205.85535,15640.50679
3325,5A,Buffalo,0.75,0.01,4344.47688,3538.6157799999996,6103.094029999999,13986.186689999999
3326,5A,Buffalo,0.75,0.15000000000000002,3658.65176,3863.2966199999996,6314.64963,13836.59801
3327,5A,Buffalo,0.75,0.1,3851.9181200000003,3742.9506199999996,6222.96498,13817.833719999999
3328,5A,Buffalo,0.75,0.25,3329.20248,4000.9344399999995,6535.89625,13866.033169999999
3329,5A,Buffalo,0.75,0.2,3485.4394,3935.69424,6417.67214,13838.805779999999
3330,5A,Buffalo,0.75,0.30000000000000004,3196.5425600000003,4083.0864199999996,6659.060879999999,13938.689859999999
3331,5A,Buffalo,0.75,0.35000000000000003,3080.82556,4170.65397,6785.45585,14036.93538
3332,5A,Buffalo,0.75,0.45,2889.4887200000003,4359.0588,7022.25244,14270.79996
3333,5A,Buffalo,0.75,0.4,2978.9404,4265.347269999999,6903.48994,14147.777610000001
3334,5A,Buffalo,0.75,0.55,2728.2112,4549.33216,7264.11623,14541.65959
3335,5A,Buffalo,0.75,0.5,2805.121,4453.46707,7145.512079999999,14404.100149999998
3336,5A,Buffalo,0.75,0.6000000000000001,2657.84876,4643.0436899999995,7384.7789299999995,14685.67138
3337,5A,Buffalo,0.75,0.65,2587.3345600000002,4759.27259,7529.70085,14876.308
3338,5A,Buffalo,0.75,0.7000000000000001,2534.6846800000003,4856.879529999999,7657.29928,15048.86349
3339,5A,Buffalo,0.75,0.75,2482.2732800000003,4952.80796,7790.724989999999,15225.806229999998
3340,5A,Buffalo,0.75,0.8500000000000001,2388.9625600000004,5157.55451,8064.92385,15611.440920000001
3341,5A,Buffalo,0.75,0.8,2432.3550800000003,5053.8035899999995,7926.842649999999,15413.00132
3342,5A,Buffalo,0.75,0.9500000000000001,2307.97692,5357.6139,8342.638079999999,16008.228899999998
3343,5A,Buffalo,0.75,0.9,2346.81664,5257.18833,8206.39374,15810.39871
3344,5A,Buffalo,0.8500000000000001,0.01,4842.2930400000005,3515.81338,6145.848529999999,14503.95495
3345,5A,Buffalo,0.8500000000000001,0.15000000000000002,4099.05928,3835.4903599999993,6335.96354,14270.513179999998
3346,5A,Buffalo,0.8500000000000001,0.1,4303.805200000001,3715.4293900000002,6250.897919999999,14270.13251
3347,5A,Buffalo,0.8500000000000001,0.25,3749.79448,3976.13683,6549.83105,14275.76236
3348,5A,Buffalo,0.8500000000000001,0.2,3916.80636,3903.20082,6435.59736,14255.60454
3349,5A,Buffalo,0.8500000000000001,0.30000000000000004,3603.66044,4061.1707799999995,6672.077249999999,14336.908469999998
3350,5A,Buffalo,0.8500000000000001,0.35000000000000003,3482.5126000000005,4151.6203000000005,6783.238949999999,14417.37185
3351,5A,Buffalo,0.8500000000000001,0.45,3280.43332,4340.0568,7014.8733299999985,14635.363449999999
3352,5A,Buffalo,0.8500000000000001,0.4,3375.3483600000004,4249.512269999999,6898.86612,14523.726749999998
3353,5A,Buffalo,0.8500000000000001,0.55,3108.39168,4525.45298,7254.10851,14887.95317
3354,5A,Buffalo,0.8500000000000001,0.5,3192.4884,4429.7462399999995,7134.07921,14756.313849999999
3355,5A,Buffalo,0.8500000000000001,0.6000000000000001,3030.0835200000006,4619.95626,7371.7942299999995,15021.83401
3356,5A,Buffalo,0.8500000000000001,0.65,2948.0247200000003,4734.601659999999,7514.59426,15197.22064
3357,5A,Buffalo,0.8500000000000001,0.7000000000000001,2890.215,4834.55218,7640.229149999999,15364.996329999998
3358,5A,Buffalo,0.8500000000000001,0.75,2833.4134,4931.43071,7766.46577,15531.30988
3359,5A,Buffalo,0.8500000000000001,0.8500000000000001,2733.27348,5130.12829,8034.74234,15898.14411
3360,5A,Buffalo,0.8500000000000001,0.8,2783.6578,5026.3457,7899.859809999999,15709.863309999999
3361,5A,Buffalo,0.8500000000000001,0.9500000000000001,2648.1578,5328.35082,8309.986309999998,16286.494929999997
3362,5A,Buffalo,0.8500000000000001,0.9,2689.5882800000004,5228.24195,8173.963659999999,16091.793889999999
3363,5A,Buffalo,0.8,0.01,4594.642400000001,3525.6310799999997,6123.33116,14243.60464
3364,5A,Buffalo,0.8,0.15000000000000002,3881.9232400000005,3846.6698699999993,6322.377109999999,14050.97022
3365,5A,Buffalo,0.8,0.1,4088.7396000000003,3725.59546,6235.1896,14049.52466
3366,5A,Buffalo,0.8,0.25,3546.0783600000004,3989.0265199999994,6541.4701700000005,14076.57505
3367,5A,Buffalo,0.8,0.2,3704.72176,3919.5425399999995,6424.51286,14048.777159999998
3368,5A,Buffalo,0.8,0.30000000000000004,3400.9199200000003,4073.7754399999994,6665.141519999999,14139.836879999999
3369,5A,Buffalo,0.8,0.35000000000000003,3282.2219200000004,4159.91784,6782.73223,14224.87199
3370,5A,Buffalo,0.8,0.45,3087.2645200000006,4349.62114,7018.73707,14455.622730000001
3371,5A,Buffalo,0.8,0.4,3180.6186000000002,4254.95951,6899.53119,14335.1093
3372,5A,Buffalo,0.8,0.55,2917.8028,4540.46456,7261.519289999999,14719.786649999998
3373,5A,Buffalo,0.8,0.5,2997.76948,4442.60426,7140.856589999999,14581.230329999999
3374,5A,Buffalo,0.8,0.6000000000000001,2848.6436000000003,4632.845949999999,7381.548589999999,14863.038139999999
3375,5A,Buffalo,0.8,0.65,2769.8476400000004,4748.251429999999,7528.750749999999,15046.84982
3376,5A,Buffalo,0.8,0.7000000000000001,2715.0189200000004,4853.4275,7656.159159999999,15224.60558
3377,5A,Buffalo,0.8,0.75,2658.8785600000006,4949.10257,7787.906359999999,15395.88749
3378,5A,Buffalo,0.8,0.8500000000000001,2560.42968,5149.3519799999995,8059.6983,15769.47996
3379,5A,Buffalo,0.8,0.8,2606.3912800000003,5048.483029999999,7922.97891,15577.853219999999
3380,5A,Buffalo,0.8,0.9500000000000001,2471.23816,5353.11676,8339.15438,16163.5093
3381,5A,Buffalo,0.8,0.9,2516.5385200000005,5253.98966,8199.45801,15969.986190000001
3382,5A,Buffalo,0.9500000000000001,0.01,5305.312800000001,3495.4495699999998,6191.073289999999,14991.83566
3383,5A,Buffalo,0.9500000000000001,0.15000000000000002,4508.4969200000005,3819.18031,6367.53853,14695.215760000001
3384,5A,Buffalo,0.9500000000000001,0.1,4742.023040000001,3698.5809499999996,6286.65335,14727.25734
3385,5A,Buffalo,0.9500000000000001,0.25,4146.34336,3960.39684,6573.741899999999,14680.4821
3386,5A,Buffalo,0.9500000000000001,0.2,4310.3200400000005,3882.2036099999996,6464.163699999999,14656.687349999998
3387,5A,Buffalo,0.9500000000000001,0.30000000000000004,3991.8625200000006,4046.1908699999994,6681.831609999999,14719.884999999998
3388,5A,Buffalo,0.9500000000000001,0.35000000000000003,3870.2052000000003,4134.5185,6788.68619,14793.40989
3389,5A,Buffalo,0.9500000000000001,0.45,3652.41876,4324.855199999999,7013.3215,14990.595459999999
3390,5A,Buffalo,0.9500000000000001,0.4,3756.0166400000003,4229.528499999999,6900.196260000001,14885.7414
3391,5A,Buffalo,0.9500000000000001,0.55,3473.53708,4503.63235,7245.9059799999995,15223.07541
3392,5A,Buffalo,0.9500000000000001,0.5,3556.4305600000002,4416.3814999999995,7128.251929999999,15101.063989999999
3393,5A,Buffalo,0.9500000000000001,0.6000000000000001,3391.7059200000003,4596.55213,7360.39303,15348.65108
3394,5A,Buffalo,0.9500000000000001,0.65,3305.9073200000003,4705.08522,7499.646019999999,15510.63856
3395,5A,Buffalo,0.9500000000000001,0.7000000000000001,3243.47976,4801.29868,7615.90659,15660.68503
3396,5A,Buffalo,0.9500000000000001,0.75,3182.64568,4891.52651,7734.63742,15808.80961
3397,5A,Buffalo,0.9500000000000001,0.8500000000000001,3070.159,5093.77113,7993.12796,16157.05809
3398,5A,Buffalo,0.9500000000000001,0.8,3126.15844,4996.5759,7863.75601,15986.49035
3399,5A,Buffalo,0.9500000000000001,0.9500000000000001,2982.4092000000005,5286.57809,8257.35077,16526.338060000002
3400,5A,Buffalo,0.9500000000000001,0.9,3028.3382800000004,5192.9299,8124.81182,16346.080000000002
3401,5A,Buffalo,0.9,0.01,5077.250040000001,3505.2039299999997,6168.2392199999995,14750.69319
3402,5A,Buffalo,0.9,0.15000000000000002,4304.20628,3826.3377299999997,6351.3868299999995,14481.930839999999
3403,5A,Buffalo,0.9,0.1,4526.784000000001,3704.7882699999996,6269.2981899999995,14500.87046
3404,5A,Buffalo,0.9,0.25,3946.6705600000005,3969.3911199999993,6561.358929999999,14477.42061
3405,5A,Buffalo,0.9,0.2,4114.90736,3891.7679499999995,6449.53216,14456.20747
3406,5A,Buffalo,0.9,0.30000000000000004,3805.2085600000005,4052.08149,6675.24425,14532.5343
3407,5A,Buffalo,0.9,0.35000000000000003,3679.0526400000003,4143.48111,6784.63243,14607.16618
3408,5A,Buffalo,0.9,0.45,3468.7132800000004,4334.95793,7013.73321,14817.40442
3409,5A,Buffalo,0.9,0.4,3565.5686800000003,4236.46423,6898.07437,14700.10728
3410,5A,Buffalo,0.9,0.55,3292.55244,4514.083449999999,7248.977969999999,15055.613859999998
3411,5A,Buffalo,0.9,0.5,3373.1478400000005,4419.64351,7129.423719999999,14922.215069999998
3412,5A,Buffalo,0.9,0.6000000000000001,3218.48272,4608.42838,7364.921839999999,15191.83294
3413,5A,Buffalo,0.9,0.65,3131.64348,4719.875109999999,7506.835109999999,15358.3537
3414,5A,Buffalo,0.9,0.7000000000000001,3066.28912,4816.0569,7624.96421,15507.31023
3415,5A,Buffalo,0.9,0.75,3009.36828,4913.53716,7750.282399999999,15673.187839999999
3416,5A,Buffalo,0.9,0.8500000000000001,2904.32868,5113.121499999999,8013.04839,16030.49857
3417,5A,Buffalo,0.9,0.8,2957.01108,5009.81396,7880.4461,15847.27114
3418,5A,Buffalo,0.9,0.9500000000000001,2816.6005600000003,5309.41216,8280.97659,16406.98931
3419,5A,Buffalo,0.9,0.9,2859.05,5208.7649,8148.72267,16216.53757
3420,5B,Denver,0.01,0.01,2010.9609200000002,4841.01286,7587.87864,14439.85242
3421,5B,Denver,0.01,0.15000000000000002,1661.16496,5213.705419999999,8226.599199999999,15101.469579999997
3422,5B,Denver,0.01,0.1,1775.9388800000002,5071.15875,8039.84121,14886.938839999999
3423,5B,Denver,0.01,0.25,1359.0433200000002,5474.317849999999,8607.905999999999,15441.26717
3424,5B,Denver,0.01,0.2,1536.14724,5342.19061,8402.46271,15280.80056
3425,5B,Denver,0.01,0.30000000000000004,1154.72016,5602.739699999999,8825.25721,15582.717069999999
3426,5B,Denver,0.01,0.35000000000000003,997.0306800000001,5713.299669999999,9049.7025,15760.03285
3427,5B,Denver,0.01,0.45,816.43628,5987.65688,9556.834209999999,16360.927369999998
3428,5B,Denver,0.01,0.4,888.65236,5842.5132699999995,9294.89164,16026.05727
3429,5B,Denver,0.01,0.55,706.52952,6248.427659999999,10055.826729999999,17010.78391
3430,5B,Denver,0.01,0.5,760.17668,6116.7438,9802.498399999999,16679.418879999997
3431,5B,Denver,0.01,0.6000000000000001,655.34304,6370.515509999999,10317.009219999998,17342.867769999997
3432,5B,Denver,0.01,0.65,612.3190800000001,6500.07748,10582.245469999998,17694.64203
3433,5B,Denver,0.01,0.7000000000000001,574.0322,6640.15389,10848.36848,18062.55457
3434,5B,Denver,0.01,0.75,537.7832400000001,6771.26769,11115.631609999999,18424.682539999998
3435,5B,Denver,0.01,0.8500000000000001,478.65104,7051.832219999999,11669.34989,19199.83315
3436,5B,Denver,0.01,0.8,506.16296000000006,6913.877699999999,11390.400529999999,18810.441189999998
3437,5B,Denver,0.01,0.9500000000000001,431.24772,7338.2557,12255.688269999999,20025.19169
3438,5B,Denver,0.01,0.9,453.37216000000006,7193.99885,11957.451879999999,19604.82289
3439,5B,Denver,0.05,0.01,2184.28168,4810.7363399999995,7461.958719999999,14456.976739999998
3440,5B,Denver,0.05,0.15000000000000002,1859.1142,5201.54414,8098.62073,15159.27907
3441,5B,Denver,0.05,0.1,1964.9342800000002,5059.21916,7911.4827,14935.636139999999
3442,5B,Denver,0.05,0.25,1520.7869600000001,5477.611529999999,8480.46592,15478.86441
3443,5B,Denver,0.05,0.2,1729.2835200000002,5337.88349,8278.47466,15345.64167
3444,5B,Denver,0.05,0.30000000000000004,1283.64028,5609.64376,8693.25665,15586.54069
3445,5B,Denver,0.05,0.35000000000000003,1104.18408,5726.37938,8911.46295,15742.026409999999
3446,5B,Denver,0.05,0.45,911.25376,5988.82867,9410.803839999999,16310.886269999999
3447,5B,Denver,0.05,0.4,985.64868,5862.14867,9155.29028,16003.087629999998
3448,5B,Denver,0.05,0.55,794.301,6236.61475,9910.809799999999,16941.72555
3449,5B,Denver,0.05,0.5,849.46576,6120.48086,9658.05153,16627.99815
3450,5B,Denver,0.05,0.6000000000000001,742.0738800000001,6358.51258,10168.951969999998,17269.538429999997
3451,5B,Denver,0.05,0.65,695.45104,6483.73576,10431.4646,17610.6514
3452,5B,Denver,0.05,0.7000000000000001,652.4596,6609.845699999999,10694.04057,17956.345869999997
3453,5B,Denver,0.05,0.75,615.2892400000001,6737.1591,10964.122329999998,18316.570669999997
3454,5B,Denver,0.05,0.8500000000000001,552.5364800000001,7024.88105,11511.696629999999,19089.114159999997
3455,5B,Denver,0.05,0.8,582.8668000000001,6880.434179999999,11234.362439999999,18697.663419999997
3456,5B,Denver,0.05,0.9500000000000001,497.014,7304.43214,12092.14439,19893.59053
3457,5B,Denver,0.05,0.9,524.02728,7165.305829999999,11797.581719999998,19486.914829999998
3458,5B,Denver,0.15000000000000002,0.01,2566.1748800000005,4712.36932,7272.667129999999,14551.211329999998
3459,5B,Denver,0.15000000000000002,0.15000000000000002,2278.15608,5138.7425299999995,7877.880829999999,15294.779439999998
3460,5B,Denver,0.15000000000000002,0.1,2394.37172,4979.60078,7676.4913,15050.4638
3461,5B,Denver,0.15000000000000002,0.25,1848.8270400000001,5423.45583,8233.62994,15505.912810000002
3462,5B,Denver,0.15000000000000002,0.2,2141.43116,5273.720069999999,8046.11187,15461.2631
3463,5B,Denver,0.15000000000000002,0.30000000000000004,1557.3286000000003,5560.9669699999995,8435.3045,15553.60007
3464,5B,Denver,0.15000000000000002,0.35000000000000003,1337.67768,5693.91763,8643.85145,15675.446759999999
3465,5B,Denver,0.15000000000000002,0.45,1110.2761600000001,5985.78835,9129.1942,16225.25871
3466,5B,Denver,0.15000000000000002,0.4,1194.65472,5828.80016,8878.589489999998,15902.044369999998
3467,5B,Denver,0.15000000000000002,0.55,986.23404,6204.08966,9616.21546,16806.53916
3468,5B,Denver,0.15000000000000002,0.5,1045.85404,6085.80221,9369.60117,16501.25742
3469,5B,Denver,0.15000000000000002,0.6000000000000001,934.33212,6327.12761,9867.7386,17129.19833
3470,5B,Denver,0.15000000000000002,0.65,885.7364000000001,6446.1118,10122.713769999998,17454.56197
3471,5B,Denver,0.15000000000000002,0.7000000000000001,842.2463200000001,6555.49998,10381.45767,17779.20397
3472,5B,Denver,0.15000000000000002,0.75,802.87544,6680.564809999999,10642.89352,18126.333769999997
3473,5B,Denver,0.15000000000000002,0.8500000000000001,728.7948800000001,6940.923879999999,11174.7595,18844.47826
3474,5B,Denver,0.15000000000000002,0.8,764.28504,6805.724649999999,10908.03476,18478.04445
3475,5B,Denver,0.15000000000000002,0.9500000000000001,666.54076,7219.144829999999,11670.7117,19556.39729
3476,5B,Denver,0.15000000000000002,0.9,697.4456,7077.959969999999,11417.510049999999,19192.91562
3477,5B,Denver,0.1,0.01,2377.08192,4760.47605,7348.45344,14486.01141
3478,5B,Denver,0.1,0.15000000000000002,2076.49956,5174.751319999999,7974.315979999999,15225.566859999999
3479,5B,Denver,0.1,0.1,2185.68004,5022.10192,7772.98979,14980.77175
3480,5B,Denver,0.1,0.25,1692.0372800000002,5451.32543,8346.628499999999,15489.99121
3481,5B,Denver,0.1,0.2,1941.8234,5304.4083,8148.627659999999,15394.859359999999
3482,5B,Denver,0.1,0.30000000000000004,1422.9559600000002,5596.56405,8550.93167,15570.45168
3483,5B,Denver,0.1,0.35000000000000003,1222.34008,5722.57898,8762.7723,15707.69136
3484,5B,Denver,0.1,0.45,1005.6701600000001,5990.50718,9258.28112,16254.45846
3485,5B,Denver,0.1,0.4,1090.02704,5860.2484699999995,9003.93935,15954.21486
3486,5B,Denver,0.1,0.55,888.0019600000002,6230.1224,9752.491469999999,16870.61583
3487,5B,Denver,0.1,0.5,944.1098000000001,6119.56243,9503.40692,16567.079149999998
3488,5B,Denver,0.1,0.6000000000000001,838.06208,6360.951169999999,10007.4033,17206.416549999998
3489,5B,Denver,0.1,0.65,791.92704,6461.56676,10265.54547,17519.03927
3490,5B,Denver,0.1,0.7000000000000001,747.2554000000001,6582.387809999999,10528.24812,17857.89133
3491,5B,Denver,0.1,0.75,706.96312,6708.086039999999,10791.77419,18206.82335
3492,5B,Denver,0.1,0.8500000000000001,637.21856,6982.06321,11334.56632,18953.84809
3493,5B,Denver,0.1,0.8,670.1288000000001,6836.88793,11060.81084,18567.82757
3494,5B,Denver,0.1,0.9500000000000001,582.03212,7266.744839999999,11872.70296,19721.479919999998
3495,5B,Denver,0.1,0.9,608.25408,7127.396839999999,11620.54642,19356.19734
3496,5B,Denver,0.25,0.01,3006.0078800000006,4620.652999999999,7181.77423,14808.435109999999
3497,5B,Denver,0.25,0.15000000000000002,2684.6344,5062.92455,7728.968489999999,15476.527439999998
3498,5B,Denver,0.25,0.1,2795.45172,4898.36723,7532.646159999999,15226.46511
3499,5B,Denver,0.25,0.25,2171.1978000000004,5348.93632,8079.017,15599.15112
3500,5B,Denver,0.25,0.2,2528.22404,5205.154519999999,7895.67937,15629.057929999999
3501,5B,Denver,0.25,0.30000000000000004,1850.7457200000001,5478.466619999999,8265.17326,15594.385599999998
3502,5B,Denver,0.25,0.35000000000000003,1604.99208,5599.12932,8468.62134,15672.74274
3503,5B,Denver,0.25,0.45,1357.14632,5888.14974,8932.90354,16178.1996
3504,5B,Denver,0.25,0.4,1443.00996,5732.39668,8689.171219999998,15864.577859999998
3505,5B,Denver,0.25,0.55,1224.1612,6137.899359999999,9401.58787,16763.64843
3506,5B,Denver,0.25,0.5,1287.23916,6028.574519999999,9163.61949,16479.433169999997
3507,5B,Denver,0.25,0.6000000000000001,1163.3488000000002,6254.825,9644.971819999999,17063.14562
3508,5B,Denver,0.25,0.65,1109.39812,6378.52802,9892.53621,17380.46235
3509,5B,Denver,0.25,0.7000000000000001,1060.23872,6500.172489999999,10144.97778,17705.38899
3510,5B,Denver,0.25,0.75,1013.46412,6618.36493,10387.1266,18018.95565
3511,5B,Denver,0.25,0.8500000000000001,933.46492,6886.293129999999,10845.20148,18664.95953
3512,5B,Denver,0.25,0.8,972.8249600000001,6749.5420699999995,10614.26384,18336.63087
3513,5B,Denver,0.25,0.9500000000000001,862.864,7150.64262,11328.137309999998,19341.64393
3514,5B,Denver,0.25,0.9,898.82028,7007.81092,11080.414569999999,18987.045769999997
3515,5B,Denver,0.2,0.01,2780.0806000000002,4664.927659999999,7220.601649999999,14665.60991
3516,5B,Denver,0.2,0.15000000000000002,2481.9264000000003,5101.84698,7788.571429999999,15372.344809999999
3517,5B,Denver,0.2,0.1,2593.8819200000003,4938.20809,7591.679039999999,15123.769049999999
3518,5B,Denver,0.2,0.25,2010.79832,5387.51038,8149.4194099999995,15547.72811
3519,5B,Denver,0.2,0.2,2337.11484,5239.358119999999,7964.118239999999,15540.591199999999
3520,5B,Denver,0.2,0.30000000000000004,1699.7228400000001,5523.72305,8340.51619,15563.962080000001
3521,5B,Denver,0.2,0.35000000000000003,1464.33224,5649.64297,8547.701329999998,15661.676539999997
3522,5B,Denver,0.2,0.45,1227.91184,5945.94749,9023.06803,16196.92736
3523,5B,Denver,0.2,0.4,1309.92728,5787.6925,8774.30018,15871.91996
3524,5B,Denver,0.2,0.55,1096.9646400000001,6165.578939999999,9499.764869999999,16762.308449999997
3525,5B,Denver,0.2,0.5,1159.26212,6058.21764,9257.077659999999,16474.557419999997
3526,5B,Denver,0.2,0.6000000000000001,1041.37712,6289.12361,9747.26592,17077.766649999998
3527,5B,Denver,0.2,0.65,990.0388800000002,6408.3611599999995,9999.99252,17398.39256
3528,5B,Denver,0.2,0.7000000000000001,942.94992,6533.01428,10253.38419,17729.34839
3529,5B,Denver,0.2,0.75,901.9964000000001,6646.709579999999,10510.987969999998,18059.693949999997
3530,5B,Denver,0.2,0.8500000000000001,827.0269600000001,6918.1848199999995,10999.81442,18745.0262
3531,5B,Denver,0.2,0.8,863.3518000000001,6783.682329999999,10766.02648,18413.06061
3532,5B,Denver,0.2,0.9500000000000001,760.9463200000001,7180.570769999999,11486.17061,19427.6877
3533,5B,Denver,0.2,0.9,793.0002,7050.438739999999,11238.60622,19082.045159999998
3534,5B,Denver,0.30000000000000004,0.01,3230.4826000000003,4585.05592,7151.18101,14966.71953
3535,5B,Denver,0.30000000000000004,0.15000000000000002,2879.2124,5034.643239999999,7687.164089999999,15601.01973
3536,5B,Denver,0.30000000000000004,0.1,2995.40636,4869.07248,7489.131579999999,15353.610419999999
3537,5B,Denver,0.30000000000000004,0.25,2324.22608,5325.373839999999,8049.05718,15698.657099999999
3538,5B,Denver,0.30000000000000004,0.2,2707.0623600000004,5175.986449999999,7860.11396,15743.162769999999
3539,5B,Denver,0.30000000000000004,0.30000000000000004,1995.74156,5451.452109999999,8238.22209,15685.415759999998
3540,5B,Denver,0.30000000000000004,0.35000000000000003,1734.5084,5579.65227,8444.71049,15758.871159999999
3541,5B,Denver,0.30000000000000004,0.45,1504.5269600000001,5835.32418,8880.521359999999,16220.372499999998
3542,5B,Denver,0.30000000000000004,0.4,1584.23348,5695.46946,8657.40621,15937.10915
3543,5B,Denver,0.30000000000000004,0.55,1360.59344,6092.13621,9320.03762,16772.767269999997
3544,5B,Denver,0.30000000000000004,0.5,1431.35696,5976.63572,9107.78528,16515.77796
3545,5B,Denver,0.30000000000000004,0.6000000000000001,1299.8569200000002,6218.05613,9558.10101,17076.01406
3546,5B,Denver,0.30000000000000004,0.65,1241.24504,6333.90499,9800.37651,17375.52654
3547,5B,Denver,0.30000000000000004,0.7000000000000001,1188.3133200000002,6461.725109999999,10039.19998,17689.238409999998
3548,5B,Denver,0.30000000000000004,0.75,1139.4574400000001,6590.051949999999,10257.81799,17987.32738
3549,5B,Denver,0.30000000000000004,0.8500000000000001,1050.5152400000002,6854.46478,10709.40052,18614.38054
3550,5B,Denver,0.30000000000000004,0.8,1092.43352,6725.884579999999,10481.756559999998,18300.07466
3551,5B,Denver,0.30000000000000004,0.9500000000000001,976.42384,7113.937089999999,11184.260499999999,19274.62143
3552,5B,Denver,0.30000000000000004,0.9,1012.77036,6994.287829999999,10942.80842,18949.866609999997
3553,5B,Denver,0.35000000000000003,0.01,3457.77572,4552.05578,7134.6176000000005,15144.449100000002
3554,5B,Denver,0.35000000000000003,0.15000000000000002,3081.72528,4998.91948,7654.13228,15734.777039999999
3555,5B,Denver,0.35000000000000003,0.1,3211.7294,4835.72397,7467.785999999999,15515.23937
3556,5B,Denver,0.35000000000000003,0.25,2499.53056,5279.29399,8003.642399999999,15782.466949999998
3557,5B,Denver,0.35000000000000003,0.2,2888.44808,5138.07746,7815.17423,15841.69977
3558,5B,Denver,0.35000000000000003,0.30000000000000004,2164.7805200000003,5406.892419999999,8188.468519999999,15760.141459999999
3559,5B,Denver,0.35000000000000003,0.35000000000000003,1896.6531200000002,5540.44481,8392.10662,15829.20455
3560,5B,Denver,0.35000000000000003,0.45,1661.02404,5783.828759999999,8816.95967,16261.81247
3561,5B,Denver,0.35000000000000003,0.4,1745.9879600000002,5654.995199999999,8598.7217,15999.70486
3562,5B,Denver,0.35000000000000003,0.55,1503.57304,6061.51132,9247.354969999999,16812.439329999997
3563,5B,Denver,0.35000000000000003,0.5,1582.14136,5924.506899999999,9039.63144,16546.2797
3564,5B,Denver,0.35000000000000003,0.6000000000000001,1438.54388,6184.89764,9482.504719999999,17105.946239999997
3565,5B,Denver,0.35000000000000003,0.65,1379.1190000000001,6309.645769999999,9712.302239999999,17401.06701
3566,5B,Denver,0.35000000000000003,0.7000000000000001,1323.35804,6436.389109999999,9928.89337,17688.64052
3567,5B,Denver,0.35000000000000003,0.75,1271.88972,6559.490399999999,10145.92788,17977.307999999997
3568,5B,Denver,0.35000000000000003,0.8500000000000001,1178.0478400000002,6829.38214,10590.06796,18597.49794
3569,5B,Denver,0.35000000000000003,0.8,1223.0772,6687.627219999999,10366.03438,18276.7388
3570,5B,Denver,0.35000000000000003,0.9500000000000001,1099.2627200000002,7084.19896,11055.23692,19238.6986
3571,5B,Denver,0.35000000000000003,0.9,1136.574,6963.156219999999,10820.27719,18920.00741
3572,5B,Denver,0.45,0.01,3919.5055200000006,4492.769539999999,7118.465899999999,15530.74096
3573,5B,Denver,0.45,0.15000000000000002,3476.7674,4938.46145,7611.2511,16026.47995
3574,5B,Denver,0.45,0.1,3612.7768800000003,4771.4021999999995,7425.728239999999,15809.907319999998
3575,5B,Denver,0.45,0.25,2874.9739600000003,5204.521119999999,7941.505859999999,16021.000939999998
3576,5B,Denver,0.45,0.2,3264.7586800000004,5080.34305,7760.796839999999,16105.89857
3577,5B,Denver,0.45,0.30000000000000004,2529.09124,5325.53219,8117.274359999999,15971.897789999999
3578,5B,Denver,0.45,0.35000000000000003,2249.1916,5455.60088,8310.809729999999,16015.60221
3579,5B,Denver,0.45,0.45,1996.16432,5692.77751,8717.072489999999,16406.01432
3580,5B,Denver,0.45,0.4,2091.43708,5572.906559999999,8509.697329999999,16174.040969999998
3581,5B,Denver,0.45,0.55,1819.21216,5960.19899,9130.71436,16910.125509999998
3582,5B,Denver,0.45,0.5,1907.6015200000002,5842.76663,8932.111789999999,16682.479939999997
3583,5B,Denver,0.45,0.6000000000000001,1743.3538400000002,6096.1583,9332.92731,17172.439449999998
3584,5B,Denver,0.45,0.65,1672.0049600000002,6233.19439,9540.39748,17445.59683
3585,5B,Denver,0.45,0.7000000000000001,1607.4527600000001,6372.890759999999,9750.591269999999,17730.93479
3586,5B,Denver,0.45,0.75,1548.6891200000002,6513.94894,9958.02977,18020.66783
3587,5B,Denver,0.45,0.8500000000000001,1446.5004400000003,6773.51626,10389.660199999998,18609.6769
3588,5B,Denver,0.45,0.8,1495.8116000000002,6648.9581499999995,10174.335869999999,18319.10562
3589,5B,Denver,0.45,0.9500000000000001,1356.70188,7034.38205,10834.18032,19225.26425
3590,5B,Denver,0.45,0.9,1400.1594400000001,6906.84696,10612.268629999999,18919.275029999997
3591,5B,Denver,0.4,0.01,3687.0850800000003,4520.164089999999,7123.754789999999,15331.003959999998
3592,5B,Denver,0.4,0.15000000000000002,3282.86148,4966.7744299999995,7628.63793,15878.273839999998
3593,5B,Denver,0.4,0.1,3415.45636,4804.05397,7443.30509,15662.81542
3594,5B,Denver,0.4,0.25,2677.11144,5240.59325,7966.5885,15884.29319
3595,5B,Denver,0.4,0.2,3076.0993200000003,5110.42955,7783.18753,15969.716400000001
3596,5B,Denver,0.4,0.30000000000000004,2340.3018,5368.25502,8148.152609999999,15856.709429999999
3597,5B,Denver,0.4,0.35000000000000003,2069.2801200000004,5494.776669999999,8346.91353,15910.97032
3598,5B,Denver,0.4,0.45,1824.7947600000002,5742.784439999999,8763.564049999999,16331.14325
3599,5B,Denver,0.4,0.4,1914.1272000000001,5606.698449999999,8550.20326,16071.028909999999
3600,5B,Denver,0.4,0.55,1659.2029200000002,5998.9313999999995,9185.535129999998,16843.669449999998
3601,5B,Denver,0.4,0.5,1742.32404,5874.785,8983.670549999999,16600.77959
3602,5B,Denver,0.4,0.6000000000000001,1587.8432,6136.50588,9409.98042,17134.3295
3603,5B,Denver,0.4,0.65,1521.8601200000003,6273.256939999999,9620.30089,17415.41795
3604,5B,Denver,0.4,0.7000000000000001,1463.0422800000001,6414.72683,9832.458219999999,17710.227329999998
3605,5B,Denver,0.4,0.75,1407.6824,6538.36651,10045.0906,17991.13951
3606,5B,Denver,0.4,0.8500000000000001,1310.9787600000002,6804.0461399999995,10484.44851,18599.47341
3607,5B,Denver,0.4,0.8,1357.17884,6668.53021,10262.473479999999,18288.18253
3608,5B,Denver,0.4,0.9500000000000001,1224.6490000000001,7068.23728,10939.7681,19232.65438
3609,5B,Denver,0.4,0.9,1266.44804,6933.259739999999,10709.87557,18909.58335
3610,5B,Denver,0.55,0.01,4376.0538,4447.354759999999,7120.176079999999,15943.58464
3611,5B,Denver,0.55,0.15000000000000002,3848.0699200000004,4888.70788,7586.516829999999,16323.294629999999
3612,5B,Denver,0.55,0.1,4021.35816,4718.354949999999,7408.3730799999985,16148.086189999998
3613,5B,Denver,0.55,0.25,3250.5474400000003,5145.456569999999,7907.777309999999,16303.781319999998
3614,5B,Denver,0.55,0.2,3619.99632,5027.707509999999,7736.0942399999985,16383.798069999997
3615,5B,Denver,0.55,0.30000000000000004,2907.43976,5257.8534,8076.07169,16241.36485
3616,5B,Denver,0.55,0.35000000000000003,2635.35576,5373.068859999999,8259.536,16267.96062
3617,5B,Denver,0.55,0.45,2357.0496000000003,5626.96725,8644.42151,16628.43836
3618,5B,Denver,0.55,0.4,2470.07828,5485.05398,8449.58767,16404.71993
3619,5B,Denver,0.55,0.55,2156.06516,5905.44156,9016.60735,17078.11407
3620,5B,Denver,0.55,0.5,2254.41648,5762.13481,8835.93,16852.48129
3621,5B,Denver,0.55,0.6000000000000001,2069.8438,6040.0707299999995,9212.707989999999,17322.622519999997
3622,5B,Denver,0.55,0.65,1992.3161200000002,6182.2690299999995,9411.215549999999,17585.8007
3623,5B,Denver,0.55,0.7000000000000001,1918.6258000000003,6330.35795,9614.66363,17863.64738
3624,5B,Denver,0.55,0.75,1848.0248800000002,6456.974609999999,9817.57332,18122.572809999998
3625,5B,Denver,0.55,0.8500000000000001,1730.3458400000002,6714.57839,10234.88891,18679.81314
3626,5B,Denver,0.55,0.8,1787.6569200000004,6591.382089999999,10024.251739999998,18403.29075
3627,5B,Denver,0.55,0.9500000000000001,1632.36308,6976.901,10659.1719,19268.435980000002
3628,5B,Denver,0.55,0.9,1677.9886400000003,6848.542489999999,10450.371589999999,18976.90272
3629,5B,Denver,0.5,0.01,4151.38396,4469.30207,7115.67894,15736.36497
3630,5B,Denver,0.5,0.15000000000000002,3658.8143600000003,4912.04867,7597.25296,16168.11599
3631,5B,Denver,0.5,0.1,3815.4198400000005,4744.60938,7415.055449999999,15975.08467
3632,5B,Denver,0.5,0.25,3062.97208,5171.58432,7921.45875,16156.01515
3633,5B,Denver,0.5,0.2,3443.14172,5052.3784399999995,7743.188319999999,16238.70848
3634,5B,Denver,0.5,0.30000000000000004,2721.71804,5293.76718,8094.91534,16110.40056
3635,5B,Denver,0.5,0.35000000000000003,2443.607,5411.70626,8284.2386,16139.55186
3636,5B,Denver,0.5,0.45,2172.6612,5651.1948,8679.670219999998,16503.52622
3637,5B,Denver,0.5,0.4,2277.27804,5532.2422799999995,8475.8421,16285.36242
3638,5B,Denver,0.5,0.55,1985.30264,5924.855269999999,9068.957859999999,16979.115769999997
3639,5B,Denver,0.5,0.5,2078.9060400000003,5790.922839999999,8888.34385,16758.17273
3640,5B,Denver,0.5,0.6000000000000001,1903.80752,6062.5881,9268.76389,17235.15951
3641,5B,Denver,0.5,0.65,1828.8489200000001,6212.76724,9470.691809999998,17512.307969999998
3642,5B,Denver,0.5,0.7000000000000001,1759.42956,6351.4818399999995,9677.148539999998,17788.05994
3643,5B,Denver,0.5,0.75,1696.9369600000002,6477.275079999999,9883.70028,18057.91232
3644,5B,Denver,0.5,0.8500000000000001,1584.6128800000001,6742.16296,10307.91993,18634.69577
3645,5B,Denver,0.5,0.8,1639.53916,6606.83705,10094.4958,18340.87201
3646,5B,Denver,0.5,0.9500000000000001,1493.5243600000001,7001.9203,10741.07052,19236.51518
3647,5B,Denver,0.5,0.9,1535.3234,6880.434179999999,10525.049449999999,18940.807029999996
3648,5B,Denver,0.6000000000000001,0.01,4587.62892,4428.03606,7123.153059999999,16138.81804
3649,5B,Denver,0.6000000000000001,0.15000000000000002,4034.29028,4865.71546,7577.90259,16477.90833
3650,5B,Denver,0.6000000000000001,0.1,4217.5188,4698.14949,7405.4594400000005,16321.12773
3651,5B,Denver,0.6000000000000001,0.25,3435.2935600000005,5117.42862,7896.53446,16449.25664
3652,5B,Denver,0.6000000000000001,0.2,3798.5636400000003,5003.09992,7737.01267,16538.67623
3653,5B,Denver,0.6000000000000001,0.30000000000000004,3093.2265200000006,5234.76597,8063.150329999999,16391.14282
3654,5B,Denver,0.6000000000000001,0.35000000000000003,2819.7658400000005,5346.8461,8240.2173,16406.82924
3655,5B,Denver,0.6000000000000001,0.45,2541.98,5595.48727,8607.01924,16744.48651
3656,5B,Denver,0.6000000000000001,0.4,2656.06016,5462.59995,8429.22386,16547.88397
3657,5B,Denver,0.6000000000000001,0.55,2325.9279600000004,5866.107419999999,8968.24726,17160.282639999998
3658,5B,Denver,0.6000000000000001,0.5,2435.5095200000005,5735.563679999999,8791.560329999998,16962.63353
3659,5B,Denver,0.6000000000000001,0.6000000000000001,2235.44648,6011.09268,9163.87285,17410.41201
3660,5B,Denver,0.6000000000000001,0.65,2151.469,6160.70176,9357.62991,17669.80067
3661,5B,Denver,0.6000000000000001,0.7000000000000001,2075.22044,6303.121749999999,9558.03767,17936.37986
3662,5B,Denver,0.6000000000000001,0.75,2002.72252,6439.5561099999995,9760.28229,18202.560919999996
3663,5B,Denver,0.6000000000000001,0.8500000000000001,1878.4419200000002,6697.476589999999,10170.44046,18746.35897
3664,5B,Denver,0.6000000000000001,0.8,1937.5632800000003,6577.035579999999,9962.33689,18476.935749999997
3665,5B,Denver,0.6000000000000001,0.9500000000000001,1776.2966000000001,6958.91244,10585.665829999998,19320.87487
3666,5B,Denver,0.6000000000000001,0.9,1823.2121200000001,6835.304429999999,10386.96825,19045.4848
3667,5B,Denver,0.65,0.01,4801.61052,4410.71257,7136.771159999999,16349.094249999998
3668,5B,Denver,0.65,0.15000000000000002,4206.1368,4852.065689999999,7581.95635,16640.15884
3669,5B,Denver,0.65,0.1,4405.213400000001,4685.44982,7411.8884499999995,16502.55167
3670,5B,Denver,0.65,0.25,3565.42776,5102.92376,7910.690949999999,16579.04247
3671,5B,Denver,0.65,0.2,3940.6218400000007,4992.933849999999,7750.63077,16684.18646
3672,5B,Denver,0.65,0.30000000000000004,3227.05716,5220.57781,8083.16577,16530.80074
3673,5B,Denver,0.65,0.35000000000000003,2970.01908,5329.01589,8256.0523,16555.08727
3674,5B,Denver,0.65,0.45,2706.02172,5587.506429999999,8613.32157,16906.84972
3675,5B,Denver,0.65,0.4,2821.84712,5444.54805,8431.8208,16698.215969999997
3676,5B,Denver,0.65,0.55,2489.406,5864.20722,8973.85285,17327.46607
3677,5B,Denver,0.65,0.5,2599.73552,5733.50513,8796.912559999999,17130.153209999997
3678,5B,Denver,0.65,0.6000000000000001,2392.3446400000003,6018.02841,9164.284559999998,17574.65761
3679,5B,Denver,0.65,0.65,2303.40244,6168.65093,9364.62898,17836.68235
3680,5B,Denver,0.65,0.7000000000000001,2224.2054000000003,6313.699529999999,9560.72962,18098.63455
3681,5B,Denver,0.65,0.75,2150.3199600000003,6449.183789999999,9759.17384,18358.67759
3682,5B,Denver,0.65,0.8500000000000001,2019.56788,6719.99396,10168.69861,18908.26045
3683,5B,Denver,0.65,0.8,2079.7082,6587.74004,9960.975079999998,18628.423319999998
3684,5B,Denver,0.65,0.9500000000000001,1909.8454,6971.802129999999,10592.759909999999,19474.407439999995
3685,5B,Denver,0.65,0.9,1961.5522,6846.578949999999,10383.48455,19191.6157
3686,5B,Denver,0.7000000000000001,0.01,5012.31844,4391.80558,7145.35373,16549.47775
3687,5B,Denver,0.7000000000000001,0.15000000000000002,4371.63108,4842.50135,7597.347969999999,16811.4804
3688,5B,Denver,0.7000000000000001,0.1,4583.3146,4674.080289999999,7423.66969,16681.06458
3689,5B,Denver,0.7000000000000001,0.25,3692.54844,5091.77592,7929.946309999999,16714.270669999998
3690,5B,Denver,0.7000000000000001,0.2,4081.3575600000004,4977.858929999999,7760.95519,16820.17168
3691,5B,Denver,0.7000000000000001,0.30000000000000004,3352.5843600000003,5206.19963,8097.44894,16656.23293
3692,5B,Denver,0.7000000000000001,0.35000000000000003,3119.1666400000004,5324.83545,8269.037,16713.03909
3693,5B,Denver,0.7000000000000001,0.45,2863.2125600000004,5595.80397,8626.11625,17085.13278
3694,5B,Denver,0.7000000000000001,0.4,2977.79136,5447.366679999999,8442.52526,16867.683299999997
3695,5B,Denver,0.7000000000000001,0.55,2647.73504,5872.5680999999995,8985.570749999999,17505.87389
3696,5B,Denver,0.7000000000000001,0.5,2752.9264000000003,5742.97446,8810.372309999999,17306.27317
3697,5B,Denver,0.7000000000000001,0.6000000000000001,2551.04224,6033.70506,9173.72222,17758.46952
3698,5B,Denver,0.7000000000000001,0.65,2452.97276,6179.64042,9378.24708,18010.86026
3699,5B,Denver,0.7000000000000001,0.7000000000000001,2369.04948,6319.4318,9569.43887,18257.920149999998
3700,5B,Denver,0.7000000000000001,0.75,2292.6600000000003,6452.8258399999995,9763.480959999999,18508.9668
3701,5B,Denver,0.7000000000000001,0.8500000000000001,2157.13832,6736.335679999999,10171.16887,19064.642869999996
3702,5B,Denver,0.7000000000000001,0.8,2220.574,6594.3590699999995,9966.01061,18780.943679999997
3703,5B,Denver,0.7000000000000001,0.9500000000000001,2045.8115200000002,6994.952899999999,10607.01141,19647.77583
3704,5B,Denver,0.7000000000000001,0.9,2097.4316000000003,6868.494589999999,10385.19473,19351.12092
3705,5B,Denver,0.75,0.01,5214.78796,4377.90245,7159.763579999999,16752.453989999998
3706,5B,Denver,0.75,0.15000000000000002,4533.68908,4833.53874,7606.120559999999,16973.34838
3707,5B,Denver,0.75,0.1,4755.1286,4665.972769999999,7436.59105,16857.69242
3708,5B,Denver,0.75,0.25,3806.0866000000005,5086.201999999999,7947.68151,16839.970110000002
3709,5B,Denver,0.75,0.2,4210.8522,4965.57097,7784.327649999999,16960.75082
3710,5B,Denver,0.75,0.30000000000000004,3482.8378000000002,5206.95971,8113.853999999999,16803.65151
3711,5B,Denver,0.75,0.35000000000000003,3267.91312,5326.76732,8284.048579999999,16878.72902
3712,5B,Denver,0.75,0.45,3015.3086000000003,5618.54303,8644.92823,17278.779860000002
3713,5B,Denver,0.75,0.4,3132.5757200000003,5459.21126,8462.794059999998,17054.581039999997
3714,5B,Denver,0.75,0.55,2799.5492400000003,5899.23424,9008.46816,17707.251640000002
3715,5B,Denver,0.75,0.5,2903.93844,5766.60028,8829.88103,17500.41975
3716,5B,Denver,0.75,0.6000000000000001,2704.3415200000004,6042.6359999999995,9191.45742,17938.43494
3717,5B,Denver,0.75,0.65,2599.69216,6198.4524,9400.70111,18198.845670000002
3718,5B,Denver,0.75,0.7000000000000001,2516.43012,6341.79082,9584.893829999999,18443.11477
3719,5B,Denver,0.75,0.75,2437.61248,6479.143609999999,9775.45222,18692.208309999998
3720,5B,Denver,0.75,0.8500000000000001,2294.18844,6751.60062,10180.194819999999,19225.98388
3721,5B,Denver,0.75,0.8,2363.3368,6612.79101,9975.13157,18951.25938
3722,5B,Denver,0.75,0.9500000000000001,2177.2356800000002,7009.77446,10622.24468,19809.254820000002
3723,5B,Denver,0.75,0.9,2234.1565200000005,6886.356469999999,10389.881889999999,19510.39488
3724,5B,Denver,0.8500000000000001,0.01,5625.3638,4356.39852,7190.0401,17171.80242
3725,5B,Denver,0.8500000000000001,0.15000000000000002,4872.35236,4799.77852,7613.08796,17285.21884
3726,5B,Denver,0.8500000000000001,0.1,5105.954360000001,4631.3891300000005,7449.25905,17186.60254
3727,5B,Denver,0.8500000000000001,0.25,4146.41924,5039.2037199999995,7936.6920199999995,17122.31498
3728,5B,Denver,0.8500000000000001,0.2,4541.613120000001,4927.313609999999,7772.41973,17241.34646
3729,5B,Denver,0.8500000000000001,0.30000000000000004,3826.3682400000002,5167.43555,8103.086199999999,17096.88999
3730,5B,Denver,0.8500000000000001,0.35000000000000003,3617.77412,5291.86698,8272.55237,17182.19347
3731,5B,Denver,0.8500000000000001,0.45,3347.3052800000005,5590.51508,8620.79569,17558.616050000004
3732,5B,Denver,0.8500000000000001,0.4,3470.8379200000004,5435.8387999999995,8444.55214,17351.22886
3733,5B,Denver,0.8500000000000001,0.55,3119.6978,5881.65739,8981.83369,17983.18888
3734,5B,Denver,0.8500000000000001,0.5,3228.55308,5746.04645,8801.663059999999,17776.26259
3735,5B,Denver,0.8500000000000001,0.6000000000000001,3020.0565200000005,6024.014039999999,9161.339249999999,18205.409809999997
3736,5B,Denver,0.8500000000000001,0.65,2901.61868,6186.54448,9370.931309999998,18459.094469999996
3737,5B,Denver,0.8500000000000001,0.7000000000000001,2815.7767200000003,6317.37325,9551.640329999998,18684.7903
3738,5B,Denver,0.8500000000000001,0.75,2737.4252000000006,6465.3354899999995,9736.87816,18939.63885
3739,5B,Denver,0.8500000000000001,0.8500000000000001,2588.87384,6740.54779,10137.59867,19467.0203
3740,5B,Denver,0.8500000000000001,0.8,2658.3582400000005,6606.1086399999995,9935.069019999999,19199.5359
3741,5B,Denver,0.8500000000000001,0.9500000000000001,2455.7803200000003,6992.54598,10575.879799999999,20024.2061
3742,5B,Denver,0.8500000000000001,0.9,2517.9260400000003,6874.163519999999,10345.512219999999,19737.601779999997
3743,5B,Denver,0.8,0.01,5424.23844,4366.81795,7174.45846,16965.51485
3744,5B,Denver,0.8,0.15000000000000002,4711.7469200000005,4813.364949999999,7606.34225,17131.454120000002
3745,5B,Denver,0.8,0.1,4931.3978400000005,4646.21069,7439.88473,17017.493260000003
3746,5B,Denver,0.8,0.25,3984.43712,5058.617429999999,7940.6824400000005,16983.736989999998
3747,5B,Denver,0.8,0.2,4386.135,4942.16684,7774.636629999999,17102.93847
3748,5B,Denver,0.8,0.30000000000000004,3656.6572000000006,5177.221579999999,8107.393319999999,16941.2721
3749,5B,Denver,0.8,0.35000000000000003,3445.5807200000004,5309.44383,8277.397879999999,17032.42243
3750,5B,Denver,0.8,0.45,3183.9139600000003,5602.32799,8633.685379999999,17419.92733
3751,5B,Denver,0.8,0.4,3303.5225200000004,5448.28511,8454.05314,17205.86077
3752,5B,Denver,0.8,0.55,2959.40672,5891.19006,9001.91247,17852.50925
3753,5B,Denver,0.8,0.5,3065.61704,5747.4716,8817.33971,17630.428350000002
3754,5B,Denver,0.8,0.6000000000000001,2861.489,6038.39222,9183.76161,18083.642829999997
3755,5B,Denver,0.8,0.65,2750.6716800000004,6205.768169999999,9398.92759,18355.367439999998
3756,5B,Denver,0.8,0.7000000000000001,2667.96248,6339.8272799999995,9581.473469999999,18589.263229999997
3757,5B,Denver,0.8,0.75,2585.15572,6484.17914,9771.050089999999,18840.38495
3758,5B,Denver,0.8,0.8500000000000001,2438.8482400000003,6752.170679999999,10176.014379999999,19367.033299999996
3759,5B,Denver,0.8,0.8,2511.04264,6616.8131,9972.027909999999,19099.88365
3760,5B,Denver,0.8,0.9500000000000001,2312.9741599999998,7018.6737299999995,10624.87329,19956.52118
3761,5B,Denver,0.8,0.9,2374.1009200000003,6894.84403,10389.533519999999,19658.478470000002
3762,5B,Denver,0.9500000000000001,0.01,6010.552360000001,4334.45121,7223.19859,17568.20216
3763,5B,Denver,0.9500000000000001,0.15000000000000002,5177.81272,4778.93966,7627.4028,17584.15518
3764,5B,Denver,0.9500000000000001,0.1,5431.36032,4614.9840699999995,7476.30523,17522.649619999997
3765,5B,Denver,0.9500000000000001,0.25,4453.939200000001,5008.6738399999995,7933.525019999999,17396.138059999997
3766,5B,Denver,0.9500000000000001,0.2,4844.11416,4895.26357,7772.10303,17511.48076
3767,5B,Denver,0.9500000000000001,0.30000000000000004,4153.7254,5142.38458,8103.244549999999,17399.35453
3768,5B,Denver,0.9500000000000001,0.35000000000000003,3948.82772,5268.304499999999,8270.84219,17487.97441
3769,5B,Denver,0.9500000000000001,0.45,3661.79536,5567.839359999999,8607.46262,17837.09734
3770,5B,Denver,0.9500000000000001,0.4,3794.58536,5409.8694,8441.79685,17646.25161
3771,5B,Denver,0.9500000000000001,0.55,3427.7055600000003,5870.8579199999995,8955.86429,18254.427770000002
3772,5B,Denver,0.9500000000000001,0.5,3540.2356000000004,5724.384169999999,8781.99599,18046.61576
3773,5B,Denver,0.9500000000000001,0.6000000000000001,3323.0562000000004,6001.655019999999,9129.13086,18453.84208
3774,5B,Denver,0.9500000000000001,0.65,3199.1983600000003,6161.01846,9331.755519999999,18691.97234
3775,5B,Denver,0.9500000000000001,0.7000000000000001,3111.4702400000006,6294.63419,9502.9002,18909.00463
3776,5B,Denver,0.9500000000000001,0.75,3028.4033200000003,6421.88425,9682.56411,19132.85168
3777,5B,Denver,0.9500000000000001,0.8500000000000001,2877.38044,6708.0226999999995,10068.93811,19654.341249999998
3778,5B,Denver,0.9500000000000001,0.8,2950.50708,6569.33977,9870.77892,19390.62577
3779,5B,Denver,0.9500000000000001,0.9500000000000001,2736.70976,6965.468129999999,10491.669269999999,20193.847159999998
3780,5B,Denver,0.9500000000000001,0.9,2804.8608400000003,6841.9868,10270.32764,19917.17528
3781,5B,Denver,0.9,0.01,5823.77916,4345.91575,7206.00178,17375.69669
3782,5B,Denver,0.9,0.15000000000000002,5030.58384,4786.69881,7622.17725,17439.4599
3783,5B,Denver,0.9,0.1,5269.909360000001,4622.80656,7462.24375,17354.95967
3784,5B,Denver,0.9,0.25,4303.87024,5026.47238,7936.470329999999,17266.81295
3785,5B,Denver,0.9,0.2,4695.66036,4910.59185,7769.18939,17375.4416
3786,5B,Denver,0.9,0.30000000000000004,3991.27716,5154.640869999999,8099.792519999999,17245.710549999996
3787,5B,Denver,0.9,0.35000000000000003,3786.18436,5280.6557999999995,8270.018769999999,17336.85893
3788,5B,Denver,0.9,0.45,3504.9514,5579.74728,8611.23135,17695.93003
3789,5B,Denver,0.9,0.4,3633.22112,5421.3339399999995,8439.19991,17493.754969999998
3790,5B,Denver,0.9,0.55,3274.28704,5870.63623,8964.826899999998,18109.75017
3791,5B,Denver,0.9,0.5,3386.12332,5734.138529999999,8789.78681,17910.04866
3792,5B,Denver,0.9,0.6000000000000001,3173.8002400000005,5998.74138,9143.699059999999,18316.24068
3793,5B,Denver,0.9,0.65,3057.23772,6168.777609999999,9348.762309999998,18574.777639999997
3794,5B,Denver,0.9,0.7000000000000001,2967.6668,6294.0958,9525.03753,18786.80013
3795,5B,Denver,0.9,0.75,2886.19336,6445.035019999999,9708.02679,19039.25517
3796,5B,Denver,0.9,0.8500000000000001,2730.8453200000004,6726.64466,10100.766459999999,19558.256439999997
3797,5B,Denver,0.9,0.8,2805.83644,6592.71223,9901.43548,19299.98415
3798,5B,Denver,0.9,0.9500000000000001,2597.2965200000003,6985.008519999999,10532.99862,20115.303659999998
3799,5B,Denver,0.9,0.9,2662.0330000000004,6851.20277,10305.57635,19818.81212
3800,6A,Rochester,0.01,0.01,1584.39608,4046.57091,6332.7332,11963.70019
3801,6A,Rochester,0.01,0.15000000000000002,1405.65532,4360.23059,6772.534489999999,12538.420399999999
3802,6A,Rochester,0.01,0.1,1461.2320000000002,4257.36643,6608.927269999999,12327.525699999998
3803,6A,Rochester,0.01,0.25,1160.7038400000001,4553.57594,7090.786319999999,12805.0661
3804,6A,Rochester,0.01,0.2,1321.25508,4455.55729,6927.970850000001,12704.783220000001
3805,6A,Rochester,0.01,0.30000000000000004,1017.8760000000001,4655.87004,7258.79567,12932.541710000001
3806,6A,Rochester,0.01,0.35000000000000003,928.24004,4763.54804,7431.80888,13123.596959999999
3807,6A,Rochester,0.01,0.45,836.2518000000001,5006.74197,7821.82493,13664.8187
3808,6A,Rochester,0.01,0.4,868.73928,4881.23376,7622.620629999999,13372.593669999998
3809,6A,Rochester,0.01,0.55,794.00832,5236.88786,8205.63366,14236.52984
3810,6A,Rochester,0.01,0.5,818.77772,5115.021699999999,8013.143399999999,13946.942819999998
3811,6A,Rochester,0.01,0.6000000000000001,780.44748,5346.68775,8402.747739999999,14529.882969999999
3812,6A,Rochester,0.01,0.65,758.258,5464.62683,8601.8887,14824.773529999999
3813,6A,Rochester,0.01,0.7000000000000001,738.6809600000001,5574.110019999999,8804.98841,15117.77939
3814,6A,Rochester,0.01,0.75,718.9304800000001,5702.8802399999995,9012.268559999999,15434.079279999998
3815,6A,Rochester,0.01,0.8500000000000001,692.84944,5930.65088,9432.18109,16055.681410000001
3816,6A,Rochester,0.01,0.8,705.06612,5822.086119999999,9223.095749999999,15750.247989999998
3817,6A,Rochester,0.01,0.9500000000000001,662.77928,6184.48593,9829.19621,16676.46142
3818,6A,Rochester,0.01,0.9,675.5813200000001,6054.25889,9631.38539,16361.2256
3819,6A,Rochester,0.05,0.01,1909.3684400000002,4012.5573299999996,6275.442169999999,12197.36794
3820,6A,Rochester,0.05,0.15000000000000002,1672.7746000000002,4333.75447,6686.423760000001,12692.952830000002
3821,6A,Rochester,0.05,0.1,1748.50284,4218.6340199999995,6532.15919,12499.29605
3822,6A,Rochester,0.05,0.25,1376.7016800000001,4525.70634,6996.37805,12898.78607
3823,6A,Rochester,0.05,0.2,1568.2878400000002,4430.56966,6834.92439,12833.78189
3824,6A,Rochester,0.05,0.30000000000000004,1218.60028,4633.92273,7164.41907,13016.94208
3825,6A,Rochester,0.05,0.35000000000000003,1110.46044,4738.33872,7330.0215,13178.82066
3826,6A,Rochester,0.05,0.45,1013.0522,4969.6247299999995,7712.151719999999,13694.82865
3827,6A,Rochester,0.05,0.4,1039.57768,4850.608869999999,7514.11921,13404.30576
3828,6A,Rochester,0.05,0.55,952.4566000000001,5195.27348,8089.151399999999,14236.88148
3829,6A,Rochester,0.05,0.5,980.6080800000001,5076.225949999999,7898.71969,13955.55372
3830,6A,Rochester,0.05,0.6000000000000001,937.64916,5302.254739999999,8283.63687,14523.54077
3831,6A,Rochester,0.05,0.65,912.09928,5415.85503,8478.565719999999,14806.52003
3832,6A,Rochester,0.05,0.7000000000000001,886.1808400000001,5541.90163,8678.561769999998,15106.644239999998
3833,6A,Rochester,0.05,0.75,868.8151600000001,5658.193869999999,8877.702729999999,15404.711759999998
3834,6A,Rochester,0.05,0.8500000000000001,832.79384,5896.162249999999,9290.64786,16019.603949999999
3835,6A,Rochester,0.05,0.8,847.01592,5791.46123,9087.64316,15726.120309999998
3836,6A,Rochester,0.05,0.9500000000000001,792.2739200000001,6125.89643,9665.14561,16583.31596
3837,6A,Rochester,0.05,0.9,814.53928,6016.793279999999,9477.02581,16308.358369999998
3838,6A,Rochester,0.15000000000000002,0.01,2721.60964,3939.7163299999997,6200.162579999999,12861.488549999998
3839,6A,Rochester,0.15000000000000002,0.15000000000000002,2382.2526000000003,4266.70908,6557.87523,13206.83691
3840,6A,Rochester,0.15000000000000002,0.1,2486.425,4147.21817,6421.630889999999,13055.27406
3841,6A,Rochester,0.15000000000000002,0.25,2040.70588,4459.35769,6842.810219999999,13342.87379
3842,6A,Rochester,0.15000000000000002,0.2,2261.89608,4361.14902,6694.436269999999,13317.481369999998
3843,6A,Rochester,0.15000000000000002,0.30000000000000004,1864.209,4554.114329999999,6998.278249999999,13416.601579999999
3844,6A,Rochester,0.15000000000000002,0.35000000000000003,1734.4,4657.7069,7157.261649999999,13549.36855
3845,6A,Rochester,0.15000000000000002,0.45,1590.3364,4887.6311,7519.31309,13997.280589999998
3846,6A,Rochester,0.15000000000000002,0.4,1647.0838,4765.701599999999,7332.175059999999,13744.960459999998
3847,6A,Rochester,0.15000000000000002,0.55,1504.0283200000001,5116.89023,7883.86646,14504.78501
3848,6A,Rochester,0.15000000000000002,0.5,1542.7704800000001,4997.5893399999995,7698.501949999999,14238.86177
3849,6A,Rochester,0.15000000000000002,0.6000000000000001,1466.85796,5215.225579999999,8068.21753,14750.30107
3850,6A,Rochester,0.15000000000000002,0.65,1424.2892800000002,5318.469779999999,8257.44578,15000.204839999999
3851,6A,Rochester,0.15000000000000002,0.7000000000000001,1389.22188,5430.518239999999,8449.58767,15269.32779
3852,6A,Rochester,0.15000000000000002,0.75,1355.813,5552.73277,8641.63455,15550.18032
3853,6A,Rochester,0.15000000000000002,0.8500000000000001,1293.8949200000002,5798.903679999999,9002.86257,16095.66117
3854,6A,Rochester,0.15000000000000002,0.8,1306.8704,5668.89833,8822.53359,15798.302319999999
3855,6A,Rochester,0.15000000000000002,0.9500000000000001,1227.69504,6039.34232,9354.494579999999,16621.53194
3856,6A,Rochester,0.15000000000000002,0.9,1256.6053200000001,5907.595119999999,9175.05236,16339.252799999998
3857,6A,Rochester,0.1,0.01,2304.855,3974.4583199999997,6227.81049,12507.12381
3858,6A,Rochester,0.1,0.15000000000000002,2020.6844,4296.28886,6609.2123,12926.18556
3859,6A,Rochester,0.1,0.1,2113.75664,4180.94672,6464.89211,12759.59547
3860,6A,Rochester,0.1,0.25,1700.32988,4497.86841,6907.987079999999,13106.18537
3861,6A,Rochester,0.1,0.2,1912.8914400000003,4393.35741,6752.550719999999,13058.79957
3862,6A,Rochester,0.1,0.30000000000000004,1527.0091200000002,4595.538689999999,7067.25551,13189.803319999999
3863,6A,Rochester,0.1,0.35000000000000003,1416.05088,4699.226269999999,7231.686149999999,13346.963299999998
3864,6A,Rochester,0.1,0.45,1291.1524,4931.24069,7603.428609999999,13825.821699999999
3865,6A,Rochester,0.1,0.4,1338.3931200000002,4807.72769,7411.38173,13557.502540000001
3866,6A,Rochester,0.1,0.55,1199.51104,5145.646589999999,7973.33421,14318.491839999999
3867,6A,Rochester,0.1,0.5,1250.9902,5036.13173,7787.177949999999,14074.299879999999
3868,6A,Rochester,0.1,0.6000000000000001,1183.8797600000003,5257.980079999999,8164.652679999999,14606.512519999998
3869,6A,Rochester,0.1,0.65,1145.07256,5365.62641,8355.68612,14866.38509
3870,6A,Rochester,0.1,0.7000000000000001,1110.4712800000002,5477.5481899999995,8549.03147,15137.05094
3871,6A,Rochester,0.1,0.75,1082.82928,5605.74835,8748.172429999999,15436.750059999998
3872,6A,Rochester,0.1,0.8500000000000001,1041.40964,5847.48546,9132.519549999999,16021.414649999999
3873,6A,Rochester,0.1,0.8,1061.44196,5727.55117,8953.077329999998,15742.070459999999
3874,6A,Rochester,0.1,0.9500000000000001,995.9683600000001,6085.8655499999995,9494.09594,16575.92985
3875,6A,Rochester,0.1,0.9,1015.4044800000001,5965.55122,9310.156579999999,16291.11228
3876,6A,Rochester,0.25,0.01,3603.53036,3862.85324,6190.186529999999,13656.57013
3877,6A,Rochester,0.25,0.15000000000000002,3121.80076,4203.4640899999995,6500.204159999999,13825.469009999999
3878,6A,Rochester,0.25,0.1,3269.7884400000003,4076.75242,6378.74971,13725.290570000001
3879,6A,Rochester,0.25,0.25,2779.9722000000006,4382.14623,6760.531559999999,13922.64999
3880,6A,Rochester,0.25,0.2,2981.96476,4294.1353,6622.92541,13899.02547
3881,6A,Rochester,0.25,0.30000000000000004,2587.0960800000003,4473.4508399999995,6905.833519999999,13966.380439999999
3882,6A,Rochester,0.25,0.35000000000000003,2451.18416,4571.2478,7056.012659999999,14078.444619999998
3883,6A,Rochester,0.25,0.45,2262.4272400000004,4805.09908,7403.33755,14470.863870000001
3884,6A,Rochester,0.25,0.4,2333.8628400000002,4676.7089,7223.040239999999,14233.611979999998
3885,6A,Rochester,0.25,0.55,2136.41224,5026.53572,7751.04248,14913.99044
3886,6A,Rochester,0.25,0.5,2196.55256,4915.8174,7572.803719999999,14685.17368
3887,6A,Rochester,0.25,0.6000000000000001,2083.57808,5124.5226999999995,7928.20446,15136.30524
3888,6A,Rochester,0.25,0.65,2033.1287200000002,5229.85712,8112.175489999999,15375.161329999999
3889,6A,Rochester,0.25,0.7000000000000001,1989.0207600000003,5342.253949999999,8297.2233,15628.49801
3890,6A,Rochester,0.25,0.75,1944.6526400000002,5467.16043,8465.20098,15877.01405
3891,6A,Rochester,0.25,0.8500000000000001,1854.58308,5701.10672,8796.310829999999,16352.000629999999
3892,6A,Rochester,0.25,0.8,1894.69108,5584.846149999999,8628.744859999999,16108.282089999999
3893,6A,Rochester,0.25,0.9500000000000001,1784.00384,5938.18834,9140.088679999999,16862.28086
3894,6A,Rochester,0.25,0.9,1825.5644,5815.7837899999995,8967.23382,16608.58201
3895,6A,Rochester,0.2,0.01,3167.64312,3901.52231,6189.86983,13259.03526
3896,6A,Rochester,0.2,0.15000000000000002,2746.3682000000003,4230.06689,6521.1696999999995,13497.604790000001
3897,6A,Rochester,0.2,0.1,2871.7978400000006,4113.83799,6391.89276,13377.528590000002
3898,6A,Rochester,0.2,0.25,2404.66972,4422.74717,6796.0653,13623.482189999999
3899,6A,Rochester,0.2,0.2,2615.15,4332.551009999999,6651.9668,13599.667809999999
3900,6A,Rochester,0.2,0.30000000000000004,2213.9616,4519.53069,6946.6244799999995,13680.11677
3901,6A,Rochester,0.2,0.35000000000000003,2085.68104,4617.486,7098.89384,13802.06088
3902,6A,Rochester,0.2,0.45,1918.0512800000001,4847.790239999999,7456.19478,14222.0363
3903,6A,Rochester,0.2,0.4,1983.27556,4727.095869999999,7271.2103099999995,13981.581739999998
3904,6A,Rochester,0.2,0.55,1814.73524,5062.512839999999,7809.5053,14686.753379999998
3905,6A,Rochester,0.2,0.5,1864.2632,4952.80796,7631.646579999999,14448.71774
3906,6A,Rochester,0.2,0.6000000000000001,1765.4024,5170.69756,7992.58957,14928.68953
3907,6A,Rochester,0.2,0.65,1718.9313200000001,5278.59725,8177.28901,15174.81758
3908,6A,Rochester,0.2,0.7000000000000001,1681.3382000000001,5393.59102,8366.29557,15441.22479
3909,6A,Rochester,0.2,0.75,1638.86708,5501.902419999999,8549.094809999999,15689.864309999997
3910,6A,Rochester,0.2,0.8500000000000001,1562.9979200000002,5744.272929999999,8893.03101,16200.30186
3911,6A,Rochester,0.2,0.8,1599.3878000000002,5622.72347,8718.30762,15940.41889
3912,6A,Rochester,0.2,0.9500000000000001,1501.0690000000002,5988.765329999999,9237.41059,16727.244919999997
3913,6A,Rochester,0.2,0.9,1535.4209600000002,5866.89917,9062.81388,16465.13401
3914,6A,Rochester,0.30000000000000004,0.01,4038.6913200000004,3828.0795799999996,6198.26238,14065.03328
3915,6A,Rochester,0.30000000000000004,0.15000000000000002,3495.60732,4169.86222,6492.9200599999995,14158.389599999999
3916,6A,Rochester,0.30000000000000004,0.1,3659.8766800000003,4045.4307899999994,6377.3879,14082.69537
3917,6A,Rochester,0.30000000000000004,0.25,3135.42664,4358.4254,6754.83096,14248.683
3918,6A,Rochester,0.30000000000000004,0.2,3343.18608,4270.54115,6616.8131,14230.54033
3919,6A,Rochester,0.30000000000000004,0.30000000000000004,2951.5043600000004,4445.2011999999995,6900.196260000001,14296.901820000001
3920,6A,Rochester,0.30000000000000004,0.35000000000000003,2805.2185600000003,4543.9799299999995,7053.38405,14402.58254
3921,6A,Rochester,0.30000000000000004,0.45,2616.1906400000003,4758.7342,7374.3595,14749.284339999998
3922,6A,Rochester,0.30000000000000004,0.4,2694.99744,4643.202039999999,7210.973969999999,14549.173449999998
3923,6A,Rochester,0.30000000000000004,0.55,2469.61216,4983.71788,7701.542269999999,15154.872309999999
3924,6A,Rochester,0.30000000000000004,0.5,2537.5789600000003,4872.90455,7539.23352,14949.71703
3925,6A,Rochester,0.30000000000000004,0.6000000000000001,2404.12772,5086.13866,7874.77717,15365.043549999999
3926,6A,Rochester,0.30000000000000004,0.65,2351.4561599999997,5187.98938,8054.15605,15593.601589999998
3927,6A,Rochester,0.30000000000000004,0.7000000000000001,2301.59216,5307.923669999999,8225.71244,15835.22827
3928,6A,Rochester,0.30000000000000004,0.75,2249.9829200000004,5415.063279999999,8386.817729999999,16051.86393
3929,6A,Rochester,0.30000000000000004,0.8500000000000001,2155.49064,5658.5105699999995,8718.18094,16532.18215
3930,6A,Rochester,0.30000000000000004,0.8,2202.77472,5535.02924,8553.02189,16290.82585
3931,6A,Rochester,0.30000000000000004,0.9500000000000001,2079.8491200000003,5897.9041,9051.09598,17028.8492
3932,6A,Rochester,0.30000000000000004,0.9,2118.3311200000003,5774.1694099999995,8883.371659999999,16775.87219
3933,6A,Rochester,0.35000000000000003,0.01,4463.48924,3797.92974,6212.92559,14474.344570000001
3934,6A,Rochester,0.35000000000000003,0.15000000000000002,3869.04532,4142.34099,6490.06976,14501.45607
3935,6A,Rochester,0.35000000000000003,0.1,4040.3606800000002,4015.47097,6380.6815799999995,14436.51323
3936,6A,Rochester,0.35000000000000003,0.25,3513.2873600000003,4325.361919999999,6739.53435,14578.18363
3937,6A,Rochester,0.35000000000000003,0.2,3712.6349600000003,4248.847199999999,6607.88216,14569.36432
3938,6A,Rochester,0.35000000000000003,0.30000000000000004,3321.30012,4408.65402,6879.389069999999,14609.343209999999
3939,6A,Rochester,0.35000000000000003,0.35000000000000003,3176.5752800000005,4504.424099999999,7028.17473,14709.17411
3940,6A,Rochester,0.35000000000000003,0.45,2969.8673200000003,4714.396199999999,7344.14632,15028.40984
3941,6A,Rochester,0.35000000000000003,0.4,3060.4355200000005,4598.70569,7181.869239999999,14841.010449999998
3942,6A,Rochester,0.35000000000000003,0.55,2798.4869200000003,4938.84149,7660.814649999999,15398.143059999999
3943,6A,Rochester,0.35000000000000003,0.5,2883.08228,4829.263289999999,7505.568309999999,15217.913879999998
3944,6A,Rochester,0.35000000000000003,0.6000000000000001,2728.09196,5052.69514,7832.307699999999,15613.094799999999
3945,6A,Rochester,0.35000000000000003,0.65,2664.5153600000003,5157.93455,8003.008999999999,15825.45891
3946,6A,Rochester,0.35000000000000003,0.7000000000000001,2610.19612,5265.04249,8161.89739,16037.136
3947,6A,Rochester,0.35000000000000003,0.75,2568.47296,5378.5161,8322.939339999999,16269.928399999999
3948,6A,Rochester,0.35000000000000003,0.8500000000000001,2457.4388400000003,5617.59293,8648.190239999998,16723.222009999998
3949,6A,Rochester,0.35000000000000003,0.8,2506.6958,5499.622179999999,8482.42946,16488.74744
3950,6A,Rochester,0.35000000000000003,0.9500000000000001,2368.1064,5856.38473,8974.137879999998,17198.629009999997
3951,6A,Rochester,0.35000000000000003,0.9,2409.07076,5731.6049299999995,8812.27251,16952.9482
3952,6A,Rochester,0.45,0.01,5290.81972,3747.9861499999997,6255.3633899999995,15294.169259999999
3953,6A,Rochester,0.45,0.15000000000000002,4616.69096,4095.59607,6506.728179999999,15219.015209999998
3954,6A,Rochester,0.45,0.1,4809.274400000001,3969.0110799999998,6403.3573,15181.64278
3955,6A,Rochester,0.45,0.25,4254.342280000001,4271.016199999999,6732.25025,15257.60873
3956,6A,Rochester,0.45,0.2,4445.993480000001,4202.7040099999995,6610.66912,15259.366610000001
3957,6A,Rochester,0.45,0.30000000000000004,4079.0378,4350.951279999999,6862.793989999999,15292.783069999998
3958,6A,Rochester,0.45,0.35000000000000003,3913.3484000000003,4445.2011999999995,7002.71205,15361.26165
3959,6A,Rochester,0.45,0.45,3684.77616,4649.66272,7302.40526,15636.844140000001
3960,6A,Rochester,0.45,0.4,3788.5366400000003,4542.9348199999995,7149.88254,15481.354
3961,6A,Rochester,0.45,0.55,3484.81068,4872.714529999999,7613.21464,15970.73985
3962,6A,Rochester,0.45,0.5,3580.0292400000003,4759.74764,7459.8685,15799.645379999998
3963,6A,Rochester,0.45,0.6000000000000001,3395.23976,4984.76299,7764.75559,16144.75834
3964,6A,Rochester,0.45,0.65,3314.2216000000003,5095.82968,7912.7495,16322.80078
3965,6A,Rochester,0.45,0.7000000000000001,3241.6369600000003,5203.41267,8064.92385,16509.97348
3966,6A,Rochester,0.45,0.75,3181.3774000000003,5313.2759,8216.4648,16711.1181
3967,6A,Rochester,0.45,0.8500000000000001,3065.3026800000002,5543.77016,8533.44983,17142.52267
3968,6A,Rochester,0.45,0.8,3117.7682800000002,5433.3052,8375.828239999999,16926.901719999998
3969,6A,Rochester,0.45,0.9500000000000001,2957.8024,5776.32297,8846.127739999998,17580.253109999998
3970,6A,Rochester,0.45,0.9,3007.5796800000003,5660.6007899999995,8695.37854,17363.559009999997
3971,6A,Rochester,0.4,0.01,4882.69372,3771.13692,6232.877689999999,14886.70833
3972,6A,Rochester,0.4,0.15000000000000002,4246.103880000001,4117.06833,6496.308749999999,14859.48096
3973,6A,Rochester,0.4,0.1,4430.7199200000005,3989.7232599999998,6389.96089,14810.40407
3974,6A,Rochester,0.4,0.25,3886.99636,4295.84548,6733.16868,14916.01052
3975,6A,Rochester,0.4,0.2,4074.38744,4223.00448,6607.3121,14904.704020000001
3976,6A,Rochester,0.4,0.30000000000000004,3703.3125600000003,4380.309369999999,6868.24123,14951.863159999999
3977,6A,Rochester,0.4,0.35000000000000003,3544.4306800000004,4471.0755899999995,7011.326289999999,15026.832559999999
3978,6A,Rochester,0.4,0.45,3328.5629200000003,4679.93924,7317.89189,15326.394049999999
3979,6A,Rochester,0.4,0.4,3428.6920000000005,4567.067359999999,7161.41042,15157.16978
3980,6A,Rochester,0.4,0.55,3141.9523200000003,4905.74634,7635.035269999999,15682.733929999999
3981,6A,Rochester,0.4,0.5,3239.9242400000003,4792.24106,7478.5538,15510.7191
3982,6A,Rochester,0.4,0.6000000000000001,3063.53576,5016.74969,7799.370899999999,15879.656349999997
3983,6A,Rochester,0.4,0.65,2992.10016,5123.540929999999,7950.84851,16066.489599999999
3984,6A,Rochester,0.4,0.7000000000000001,2927.7105600000004,5237.17289,8108.438429999999,16273.32188
3985,6A,Rochester,0.4,0.75,2868.14476,5349.3796999999995,8266.69342,16484.21788
3986,6A,Rochester,0.4,0.8500000000000001,2761.7826800000003,5581.299109999999,8588.23893,16931.32072
3987,6A,Rochester,0.4,0.8,2814.73608,5466.21033,8427.355329999999,16708.30174
3988,6A,Rochester,0.4,0.9500000000000001,2669.00312,5806.88452,8905.35064,17381.238279999998
3989,6A,Rochester,0.4,0.9,2714.9755600000003,5697.78137,8749.18587,17161.942799999997
3990,6A,Rochester,0.55,0.01,6087.5272,3707.00517,6306.00372,16100.536090000001
3991,6A,Rochester,0.55,0.15000000000000002,5321.01996,4056.00857,6535.51621,15912.54474
3992,6A,Rochester,0.55,0.1,5556.952560000001,3927.96676,6437.814259999999,15922.73358
3993,6A,Rochester,0.55,0.25,4953.674040000001,4230.2885799999995,6744.60155,15928.564170000001
3994,6A,Rochester,0.55,0.2,5138.33344,4159.442789999999,6633.56653,15931.34276
3995,6A,Rochester,0.55,0.30000000000000004,4777.71916,4305.66318,6866.94276,15950.3251
3996,6A,Rochester,0.55,0.35000000000000003,4613.233,4390.88715,6997.423159999999,16001.543309999997
3997,6A,Rochester,0.55,0.45,4373.00776,4593.226779999999,7283.434929999999,16249.669469999999
3998,6A,Rochester,0.55,0.4,4482.036480000001,4491.50274,7137.277879999999,16110.8171
3999,6A,Rochester,0.55,0.55,4150.5818,4820.300679999999,7573.5638,16544.44628
4000,6A,Rochester,0.55,0.5,4257.886960000001,4703.50172,7433.17069,16394.55937
4001,6A,Rochester,0.55,0.6000000000000001,4053.5096000000003,4931.874089999999,7714.653649999999,16700.03734
4002,6A,Rochester,0.55,0.65,3964.36144,5042.27571,7860.24064,16866.87779
4003,6A,Rochester,0.55,0.7000000000000001,3878.6278800000005,5149.2253,8008.519579999999,17036.37276
4004,6A,Rochester,0.55,0.75,3802.96468,5259.975289999999,8152.58641,17215.52638
4005,6A,Rochester,0.55,0.8500000000000001,3661.92544,5490.56456,8448.447549999999,17600.93755
4006,6A,Rochester,0.55,0.8,3725.3828,5374.11397,8297.2233,17396.72007
4007,6A,Rochester,0.55,0.9500000000000001,3545.08108,5712.729609999999,8748.552469999999,18006.363159999997
4008,6A,Rochester,0.55,0.9,3599.75804,5605.84336,8607.65264,17813.25404
4009,6A,Rochester,0.5,0.01,5689.113840000001,3726.51389,6279.590939999999,15695.218669999998
4010,6A,Rochester,0.5,0.15000000000000002,4967.90696,4073.99713,6520.2196,15562.12369
4011,6A,Rochester,0.5,0.1,5178.3222000000005,3945.19524,6419.57234,15543.089779999998
4012,6A,Rochester,0.5,0.25,4608.92952,4250.367359999999,6736.779059999999,15596.075939999997
4013,6A,Rochester,0.5,0.2,4792.1255200000005,4178.60314,6620.9935399999995,15591.7222
4014,6A,Rochester,0.5,0.30000000000000004,4433.8960400000005,4328.3389,6862.1605899999995,15624.39553
4015,6A,Rochester,0.5,0.35000000000000003,4264.71616,4414.1012599999995,6997.676519999999,15676.493939999998
4016,6A,Rochester,0.5,0.45,4031.9163200000003,4621.47642,7290.402329999999,15943.795069999998
4017,6A,Rochester,0.5,0.4,4136.077880000001,4518.10554,7141.01494,15795.198360000002
4018,6A,Rochester,0.5,0.55,3822.79104,4843.79982,7593.29421,16259.88507
4019,6A,Rochester,0.5,0.5,3925.28324,4729.5978000000005,7445.11028,16099.991320000001
4020,6A,Rochester,0.5,0.6000000000000001,3731.4098400000007,4958.73025,7737.741079999999,16427.88117
4021,6A,Rochester,0.5,0.65,3649.25348,5066.05988,7885.1332600000005,16600.446620000002
4022,6A,Rochester,0.5,0.7000000000000001,3564.8424,5172.566089999999,8031.32198,16768.73047
4023,6A,Rochester,0.5,0.75,3493.59108,5283.1894,8179.69593,16956.476410000003
4024,6A,Rochester,0.5,0.8500000000000001,3366.7739200000005,5520.081,8487.62334,17374.478260000004
4025,6A,Rochester,0.5,0.8,3430.01448,5401.38184,8332.85205,17164.24837
4026,6A,Rochester,0.5,0.9500000000000001,3260.9538400000006,5743.86122,8793.61888,17798.433940000003
4027,6A,Rochester,0.5,0.9,3306.92628,5632.12946,8647.96855,17587.02429
4028,6A,Rochester,0.6000000000000001,0.01,6455.285040000001,3689.9350399999994,6333.841649999999,16479.061729999998
4029,6A,Rochester,0.6000000000000001,0.15000000000000002,5660.984040000001,4038.62174,6550.87616,16250.481940000001
4030,6A,Rochester,0.6000000000000001,0.1,5898.83532,3908.2363499999997,6457.703019999999,16264.774689999998
4031,6A,Rochester,0.6000000000000001,0.25,5296.792560000001,4207.54952,6754.86263,16259.20471
4032,6A,Rochester,0.6000000000000001,0.2,5483.424840000001,4139.07898,6651.36507,16273.868890000002
4033,6A,Rochester,0.6000000000000001,0.30000000000000004,5123.82952,4289.0680999999995,6874.32187,16287.21949
4034,6A,Rochester,0.6000000000000001,0.35000000000000003,4955.332560000001,4371.536779999999,7001.160219999999,16328.029559999999
4035,6A,Rochester,0.6000000000000001,0.45,4695.25928,4571.78619,7279.317829999999,16546.3633
4036,6A,Rochester,0.6000000000000001,0.4,4816.363760000001,4468.47865,7136.549469999999,16421.39188
4037,6A,Rochester,0.6000000000000001,0.55,4477.6788,4796.64319,7553.83339,16828.15538
4038,6A,Rochester,0.6000000000000001,0.5,4591.8782,4680.952679999999,7419.71094,16692.54182
4039,6A,Rochester,0.6000000000000001,0.6000000000000001,4374.00504,4906.44308,7694.2265,16974.67462
4040,6A,Rochester,0.6000000000000001,0.65,4284.65092,5013.07597,7837.75494,17135.48183
4041,6A,Rochester,0.6000000000000001,0.7000000000000001,4204.0988800000005,5126.35956,7985.21046,17315.6689
4042,6A,Rochester,0.6000000000000001,0.75,4112.54424,5234.9559899999995,8133.01435,17480.51458
4043,6A,Rochester,0.6000000000000001,0.8500000000000001,3958.7680000000005,5454.93581,8416.08081,17829.78462
4044,6A,Rochester,0.6000000000000001,0.8,4029.42312,5348.46127,8274.67426,17652.55865
4045,6A,Rochester,0.6000000000000001,0.9500000000000001,3832.5036800000003,5682.07305,8708.80662,18223.38335
4046,6A,Rochester,0.6000000000000001,0.9,3890.37844,5573.12825,8569.015239999999,18032.52193
4047,6A,Rochester,0.65,0.01,6810.53352,3673.6566599999996,6364.276519999999,16848.466699999997
4048,6A,Rochester,0.65,0.15000000000000002,5977.02424,4026.0170799999996,6571.398319999999,16574.43964
4049,6A,Rochester,0.65,0.1,6232.93496,3898.5769999999998,6481.20216,16612.71412
4050,6A,Rochester,0.65,0.25,5598.41556,4200.20208,6781.33875,16579.95639
4051,6A,Rochester,0.65,0.2,5784.104760000001,4123.30732,6675.05423,16582.466310000003
4052,6A,Rochester,0.65,0.30000000000000004,5422.135480000001,4280.232169999999,6902.95155,16605.319199999998
4053,6A,Rochester,0.65,0.35000000000000003,5255.22116,4366.37457,7031.436739999999,16653.03247
4054,6A,Rochester,0.65,0.45,4999.3538,4570.297699999999,7299.87166,16869.52316
4055,6A,Rochester,0.65,0.4,5118.3228,4468.47865,7167.01601,16753.81746
4056,6A,Rochester,0.65,0.55,4777.6758,4795.21804,7565.963,17138.85684
4057,6A,Rochester,0.65,0.5,4882.520280000001,4682.31449,7433.867429999999,16998.7022
4058,6A,Rochester,0.65,0.6000000000000001,4668.527840000001,4906.41141,7704.519249999999,17279.4585
4059,6A,Rochester,0.65,0.65,4571.42312,5013.361,7851.27803,17436.06215
4060,6A,Rochester,0.65,0.7000000000000001,4479.40236,5131.07839,7997.720109999999,17608.200859999997
4061,6A,Rochester,0.65,0.75,4401.39772,5234.4176,8142.737039999999,17778.552359999998
4062,6A,Rochester,0.65,0.8500000000000001,4243.03616,5461.4281599999995,8427.957059999999,18132.42138
4063,6A,Rochester,0.65,0.8,4317.1384,5347.1628,8288.070670000001,17952.371870000003
4064,6A,Rochester,0.65,0.9500000000000001,4116.79352,5681.914699999999,8715.774019999999,18514.482239999998
4065,6A,Rochester,0.65,0.9,4170.51656,5572.46318,8572.37226,18315.352
4066,6A,Rochester,0.7000000000000001,0.01,7154.324120000001,3661.4320399999992,6395.78817,17211.54433
4067,6A,Rochester,0.7000000000000001,0.15000000000000002,6293.0536,4016.4527399999997,6596.037579999999,16905.54392
4068,6A,Rochester,0.7000000000000001,0.1,6549.6147200000005,3889.7093999999997,6506.88653,16946.21065
4069,6A,Rochester,0.7000000000000001,0.25,5890.954640000001,4188.3575,6809.52505,16888.837190000002
4070,6A,Rochester,0.7000000000000001,0.2,6089.65184,4113.01457,6700.738600000001,16903.405010000002
4071,6A,Rochester,0.7000000000000001,0.30000000000000004,5704.235640000001,4273.45479,6934.8749099999995,16912.56534
4072,6A,Rochester,0.7000000000000001,0.35000000000000003,5539.52184,4366.40624,7064.626899999999,16970.55498
4073,6A,Rochester,0.7000000000000001,0.45,5287.589400000001,4572.5145999999995,7320.26714,17180.37114
4074,6A,Rochester,0.7000000000000001,0.4,5408.05432,4467.24352,7191.87696,17067.1748
4075,6A,Rochester,0.7000000000000001,0.55,5063.87348,4801.07699,7581.924679999999,17446.87515
4076,6A,Rochester,0.7000000000000001,0.5,5174.91844,4685.22813,7450.46251,17310.609080000002
4077,6A,Rochester,0.7000000000000001,0.6000000000000001,4959.950400000001,4907.07648,7716.458839999999,17583.48572
4078,6A,Rochester,0.7000000000000001,0.65,4845.41496,5021.02514,7868.69653,17735.13663
4079,6A,Rochester,0.7000000000000001,0.7000000000000001,4757.23156,5131.01505,8010.103079999999,17898.34969
4080,6A,Rochester,0.7000000000000001,0.75,4676.99388,5246.293849999999,8156.608499999999,18079.89623
4081,6A,Rochester,0.7000000000000001,0.8500000000000001,4513.255680000001,5460.03468,8440.75174,18414.0421
4082,6A,Rochester,0.7000000000000001,0.8,4594.08956,5351.8499600000005,8300.010260000001,18245.949780000003
4083,6A,Rochester,0.7000000000000001,0.9500000000000001,4370.81808,5688.69208,8725.30669,18784.81685
4084,6A,Rochester,0.7000000000000001,0.9,4435.12096,5575.02845,8583.013379999999,18593.16279
4085,6A,Rochester,0.75,0.01,7480.3046,3649.93583,6429.04167,17559.2821
4086,6A,Rochester,0.75,0.15000000000000002,6585.52764,4010.87882,6621.21523,17217.62169
4087,6A,Rochester,0.75,0.1,6851.151000000001,3882.2986199999996,6534.946149999999,17268.39577
4088,6A,Rochester,0.75,0.25,6166.756760000001,4179.04652,6840.59332,17186.3966
4089,6A,Rochester,0.75,0.2,6373.22624,4101.74005,6728.70321,17203.6695
4090,6A,Rochester,0.75,0.30000000000000004,5981.739640000001,4269.84441,6968.06507,17219.649120000002
4091,6A,Rochester,0.75,0.35000000000000003,5815.05296,4369.47823,7092.65485,17277.18604
4092,6A,Rochester,0.75,0.45,5561.028400000001,4582.30063,7343.9246299999995,17487.253660000002
4093,6A,Rochester,0.75,0.4,5685.17892,4472.65909,7216.6112299999995,17374.449239999998
4094,6A,Rochester,0.75,0.55,5332.7054800000005,4805.73248,7604.12535,17742.563309999998
4095,6A,Rochester,0.75,0.5,5441.4632,4697.95947,7474.056659999999,17613.47933
4096,6A,Rochester,0.75,0.6000000000000001,5238.3216,4911.73197,7736.5692899999995,17886.62286
4097,6A,Rochester,0.75,0.65,5114.6372,5031.44457,7890.042109999999,18036.12388
4098,6A,Rochester,0.75,0.7000000000000001,5028.00392,5135.9239,8030.118519999999,18194.04634
4099,6A,Rochester,0.75,0.75,4941.414000000001,5252.1528,8171.46173,18365.02853
4100,6A,Rochester,0.75,0.8500000000000001,4785.697400000001,5462.50494,8454.52819,18702.73053
4101,6A,Rochester,0.75,0.8,4864.53672,5357.297199999999,8314.07174,18535.905659999997
4102,6A,Rochester,0.75,0.9500000000000001,4637.6772,5689.2304699999995,8735.91614,19062.82381
4103,6A,Rochester,0.75,0.9,4707.87704,5575.7568599999995,8598.15164,18881.78554
4104,6A,Rochester,0.8500000000000001,0.01,8128.504080000001,3625.0115399999995,6496.4671,18249.98272
4105,6A,Rochester,0.8500000000000001,0.15000000000000002,7192.578480000001,3984.7827399999996,6662.98796,17840.34918
4106,6A,Rochester,0.8500000000000001,0.1,7483.437360000001,3854.9674099999997,6585.238109999999,17923.64288
4107,6A,Rochester,0.8500000000000001,0.25,6750.566640000001,4152.09535,6876.9504799999995,17779.61247
4108,6A,Rochester,0.8500000000000001,0.2,6960.656680000001,4069.24663,6767.879,17797.782310000002
4109,6A,Rochester,0.8500000000000001,0.30000000000000004,6557.679680000001,4243.81167,6989.79069,17791.28204
4110,6A,Rochester,0.8500000000000001,0.35000000000000003,6393.8114000000005,4341.956999999999,7106.652989999999,17842.42139
4111,6A,Rochester,0.8500000000000001,0.45,6121.488920000001,4558.1997599999995,7349.941929999999,18029.63061
4112,6A,Rochester,0.8500000000000001,0.4,6247.56896,4447.00639,7226.30225,17920.8776
4113,6A,Rochester,0.8500000000000001,0.55,5886.358480000001,4780.491489999999,7603.016899999999,18269.866869999998
4114,6A,Rochester,0.8500000000000001,0.5,6008.92636,4675.41043,7475.545149999999,18159.88194
4115,6A,Rochester,0.8500000000000001,0.6000000000000001,5786.08848,4889.18293,7731.75545,18407.02686
4116,6A,Rochester,0.8500000000000001,0.65,5665.5585200000005,5012.34756,7887.35016,18565.256240000002
4117,6A,Rochester,0.8500000000000001,0.7000000000000001,5562.611040000001,5109.9545,8019.38239,18691.94793
4118,6A,Rochester,0.8500000000000001,0.75,5470.06996,5226.56344,8160.44057,18857.073969999998
4119,6A,Rochester,0.8500000000000001,0.8500000000000001,5309.23688,5447.90507,8444.01375,19201.155700000003
4120,6A,Rochester,0.8500000000000001,0.8,5385.30116,5331.992869999999,8302.38551,19019.679539999997
4121,6A,Rochester,0.8500000000000001,0.9500000000000001,5159.74244,5667.63153,8725.623389999999,19552.99736
4122,6A,Rochester,0.8500000000000001,0.9,5235.091280000001,5555.234699999999,8587.953899999999,19378.27988
4123,6A,Rochester,0.8,0.01,7817.060040000001,3635.1142699999996,6461.725109999999,17913.89942
4124,6A,Rochester,0.8,0.15000000000000002,6908.46208,3994.3154099999997,6639.83719,17542.61468
4125,6A,Rochester,0.8,0.1,7185.60836,3865.5451899999994,6558.5403,17609.69385
4126,6A,Rochester,0.8,0.25,6467.740200000001,4162.00806,6855.224859999999,17484.97312
4127,6A,Rochester,0.8,0.2,6676.20424,4086.5067799999997,6745.93169,17508.64271
4128,6A,Rochester,0.8,0.30000000000000004,6272.09988,4256.32132,6979.71963,17508.14083
4129,6A,Rochester,0.8,0.35000000000000003,6111.234280000001,4353.92826,7097.151989999999,17562.31453
4130,6A,Rochester,0.8,0.45,5849.45912,4569.474279999999,7346.33155,17765.26495
4131,6A,Rochester,0.8,0.4,5978.4551200000005,4458.534269999999,7220.474969999999,17657.464359999998
4132,6A,Rochester,0.8,0.55,5613.363920000001,4797.62496,7606.62728,18017.61616
4133,6A,Rochester,0.8,0.5,5724.86416,4688.4268,7474.21501,17887.50597
4134,6A,Rochester,0.8,0.6000000000000001,5508.562800000001,4899.95073,7736.632629999999,18145.14616
4135,6A,Rochester,0.8,0.65,5386.981360000001,5030.49447,7894.190879999999,18311.666709999998
4136,6A,Rochester,0.8,0.7000000000000001,5285.822480000001,5129.55823,8032.873809999999,18448.254520000002
4137,6A,Rochester,0.8,0.75,5201.3572,5245.69212,8176.307239999999,18623.35656
4138,6A,Rochester,0.8,0.8500000000000001,5046.97392,5463.77174,8462.192329999998,18972.93799
4139,6A,Rochester,0.8,0.8,5125.60728,5350.29813,8316.57367,18792.479079999997
4140,6A,Rochester,0.8,0.9500000000000001,4908.4062,5688.02701,8745.22712,19341.66033
4141,6A,Rochester,0.8,0.9,4974.9638,5573.79332,8602.77546,19151.53258
4142,6A,Rochester,0.9500000000000001,0.01,8738.10232,3607.3713499999994,6530.22732,18875.700989999998
4143,6A,Rochester,0.9500000000000001,0.15000000000000002,7741.765400000001,3966.6674999999996,6713.881649999999,18422.31455
4144,6A,Rochester,0.9500000000000001,0.1,8049.3178800000005,3835.5536999999995,6641.262339999999,18526.13392
4145,6A,Rochester,0.9500000000000001,0.25,7293.531400000001,4131.95323,6911.914159999999,18337.39879
4146,6A,Rochester,0.9500000000000001,0.2,7506.98184,4051.35308,6812.59704,18370.93196
4147,6A,Rochester,0.9500000000000001,0.30000000000000004,7091.766480000001,4224.71466,7014.65164,18331.13278
4148,6A,Rochester,0.9500000000000001,0.35000000000000003,6938.467200000001,4322.511619999999,7127.206819999999,18388.18564
4149,6A,Rochester,0.9500000000000001,0.45,6654.4592,4538.84939,7362.989969999999,18556.29856
4150,6A,Rochester,0.9500000000000001,0.4,6793.18952,4427.21264,7244.5125,18464.91466
4151,6A,Rochester,0.9500000000000001,0.55,6422.158,4759.62096,7605.740519999999,18787.51948
4152,6A,Rochester,0.9500000000000001,0.5,6545.22452,4651.847949999999,7483.71601,18680.78848
4153,6A,Rochester,0.9500000000000001,0.6000000000000001,6313.3135600000005,4862.42178,7729.918589999999,18905.65393
4154,6A,Rochester,0.9500000000000001,0.65,6187.797200000001,4998.19107,7879.020949999999,19065.00922
4155,6A,Rochester,0.9500000000000001,0.7000000000000001,6090.725,5087.02542,8005.827629999999,19183.57805
4156,6A,Rochester,0.9500000000000001,0.75,5993.45768,5190.3963,8138.778289999999,19322.63227
4157,6A,Rochester,0.9500000000000001,0.8500000000000001,5825.242560000001,5408.38091,8415.47908,19649.10255
4158,6A,Rochester,0.9500000000000001,0.8,5896.840760000001,5295.38235,8277.65124,19469.87435
4159,6A,Rochester,0.9500000000000001,0.9500000000000001,5663.71572,5627.72733,8692.87661,19984.31966
4160,6A,Rochester,0.9500000000000001,0.9,5745.61192,5513.081929999999,8555.27046,19813.96431
4161,6A,Rochester,0.9,0.01,8441.80176,3615.2888499999995,6519.99791,18577.088519999998
4162,6A,Rochester,0.9,0.15000000000000002,7476.92252,3977.49864,6687.500539999999,18141.9217
4163,6A,Rochester,0.9,0.1,7767.271920000001,3844.8013399999995,6612.822679999999,18224.895940000002
4164,6A,Rochester,0.9,0.25,7021.51244,4140.75749,6896.649219999999,18058.91915
4165,6A,Rochester,0.9,0.2,7243.42892,4060.9490899999996,6789.4462699999995,18093.82428
4166,6A,Rochester,0.9,0.30000000000000004,6835.357120000001,4234.05731,7001.85696,18071.27139
4167,6A,Rochester,0.9,0.35000000000000003,6673.20156,4329.79572,7116.090649999999,18119.087929999998
4168,6A,Rochester,0.9,0.45,6397.4428,4548.4454,7355.6741999999995,18301.5624
4169,6A,Rochester,0.9,0.4,6528.942840000001,4437.41038,7234.473109999999,18200.82633
4170,6A,Rochester,0.9,0.55,6160.98988,4773.01737,7602.63686,18536.644109999997
4171,6A,Rochester,0.9,0.5,6275.828840000001,4661.1906,7478.49046,18415.5099
4172,6A,Rochester,0.9,0.6000000000000001,6045.71732,4877.11666,7729.34853,18652.18251
4173,6A,Rochester,0.9,0.65,5926.74832,5002.68821,7881.55455,18810.99108
4174,6A,Rochester,0.9,0.7000000000000001,5833.66524,5096.4630799999995,8012.098289999999,18942.226609999998
4175,6A,Rochester,0.9,0.75,5731.173040000001,5203.82438,8148.43764,19083.43506
4176,6A,Rochester,0.9,0.8500000000000001,5572.497120000001,5424.97599,8427.418670000001,19424.89178
4177,6A,Rochester,0.9,0.8,5654.415,5316.50624,8289.59083,19260.512069999997
4178,6A,Rochester,0.9,0.9500000000000001,5419.089440000001,5646.1276,8710.07342,19775.29046
4179,6A,Rochester,0.9,0.9,5496.68216,5536.73942,8570.37705,19603.798629999998
4180,6B,GreatFalls,0.01,0.01,3731.0738,3447.08948,6978.1678,14156.33108
4181,6B,GreatFalls,0.01,0.15000000000000002,3385.02848,3724.8670500000003,7611.029409999999,14720.924939999999
4182,6B,GreatFalls,0.01,0.1,3522.85908,3620.0076799999997,7391.112929999999,14533.97969
4183,6B,GreatFalls,0.01,0.25,2898.0306400000004,3920.0809299999996,8015.677,14833.78857
4184,6B,GreatFalls,0.01,0.2,3218.7212000000004,3822.9490399999995,7812.3556,14854.025839999998
4185,6B,GreatFalls,0.01,0.30000000000000004,2527.7579200000005,4022.69173,8242.27585,14792.7255
4186,6B,GreatFalls,0.01,0.35000000000000003,2248.8122000000003,4128.12116,8486.9266,14863.859960000002
4187,6B,GreatFalls,0.01,0.45,1924.57696,4345.250679999999,9035.64102,15305.468659999999
4188,6B,GreatFalls,0.01,0.4,2033.7574400000003,4229.97188,8748.99585,15012.72517
4189,6B,GreatFalls,0.01,0.55,1752.57868,4545.72178,9584.76715,15883.06761
4190,6B,GreatFalls,0.01,0.5,1833.61852,4442.6359299999995,9309.11147,15585.36592
4191,6B,GreatFalls,0.01,0.6000000000000001,1682.41136,4654.63491,9866.28178,16203.32805
4192,6B,GreatFalls,0.01,0.65,1612.1139600000001,4758.89255,10148.68317,16519.68968
4193,6B,GreatFalls,0.01,0.7000000000000001,1549.56716,4872.017789999999,10403.46832,16825.053269999997
4194,6B,GreatFalls,0.01,0.75,1488.45124,4977.73225,10645.078749999999,17111.26224
4195,6B,GreatFalls,0.01,0.8500000000000001,1384.8750400000001,5195.3368199999995,11129.94645,17710.15831
4196,6B,GreatFalls,0.01,0.8,1434.5764400000003,5087.817169999999,10886.91087,17409.30448
4197,6B,GreatFalls,0.01,0.9500000000000001,1299.9219600000001,5406.892419999999,11649.587809999999,18356.40219
4198,6B,GreatFalls,0.01,0.9,1340.0191200000002,5307.13192,11382.197999999999,18029.349039999997
4199,6B,GreatFalls,0.05,0.01,3974.65944,3420.10664,6879.23072,14273.996799999999
4200,6B,GreatFalls,0.05,0.15000000000000002,3688.6243600000003,3712.13571,7477.57203,14878.3321
4201,6B,GreatFalls,0.05,0.1,3796.34144,3599.6121999999996,7263.8312,14659.78484
4202,6B,GreatFalls,0.05,0.25,3153.9413600000003,3908.96476,7873.76373,14936.669849999998
4203,6B,GreatFalls,0.05,0.2,3525.9918400000006,3812.2129099999997,7669.96728,15008.172030000002
4204,6B,GreatFalls,0.05,0.30000000000000004,2746.6608800000004,4007.6801499999997,8091.146609999999,14845.48764
4205,6B,GreatFalls,0.05,0.35000000000000003,2445.36308,4104.4003299999995,8331.71193,14881.475339999999
4206,6B,GreatFalls,0.05,0.45,2093.5834,4329.66904,8866.80825,15290.06069
4207,6B,GreatFalls,0.05,0.4,2214.10252,4218.31732,8594.9213,15027.34114
4208,6B,GreatFalls,0.05,0.55,1918.6908400000002,4544.42331,9417.51788,15880.63203
4209,6B,GreatFalls,0.05,0.5,2002.9610000000002,4439.05722,9140.43705,15582.45527
4210,6B,GreatFalls,0.05,0.6000000000000001,1843.8514800000003,4646.87576,9694.31368,16185.04092
4211,6B,GreatFalls,0.05,0.65,1772.9904000000001,4752.21018,9952.994239999998,16478.194819999997
4212,6B,GreatFalls,0.05,0.7000000000000001,1707.75528,4852.09736,10191.15264,16751.00528
4213,6B,GreatFalls,0.05,0.75,1648.51468,4956.19665,10431.17957,17035.8909
4214,6B,GreatFalls,0.05,0.8500000000000001,1539.3775600000001,5170.34919,10913.482,17623.208749999998
4215,6B,GreatFalls,0.05,0.8,1593.38244,5057.54065,10671.079819999999,17322.00291
4216,6B,GreatFalls,0.05,0.9500000000000001,1441.6116000000002,5377.1542899999995,11431.6032,18250.36909
4217,6B,GreatFalls,0.05,0.9,1487.3997600000002,5276.79206,11163.0416,17927.23342
4218,6B,GreatFalls,0.15000000000000002,0.01,4622.0459200000005,3337.79631,6729.589969999999,14689.4322
4219,6B,GreatFalls,0.15000000000000002,0.15000000000000002,4323.859200000001,3654.6546599999997,7251.163199999999,15229.67706
4220,6B,GreatFalls,0.15000000000000002,0.1,4424.2376,3532.3451199999995,7055.189239999999,15011.771959999998
4221,6B,GreatFalls,0.15000000000000002,0.25,3707.72444,3868.7121899999997,7627.14944,15203.586070000001
4222,6B,GreatFalls,0.15000000000000002,0.2,4168.8472,3765.59467,7436.242679999999,15370.68455
4223,6B,GreatFalls,0.15000000000000002,0.30000000000000004,3264.4009600000004,3964.1339,7831.42094,15059.9558
4224,6B,GreatFalls,0.15000000000000002,0.35000000000000003,2930.9083600000004,4049.6429,8054.916129999999,15035.467389999998
4225,6B,GreatFalls,0.15000000000000002,0.45,2553.00428,4273.96151,8562.45955,15389.42534
4226,6B,GreatFalls,0.15000000000000002,0.4,2671.48548,4154.31225,8295.10141,15120.89914
4227,6B,GreatFalls,0.15000000000000002,0.55,2363.03328,4472.31072,9074.088399999999,15909.4324
4228,6B,GreatFalls,0.15000000000000002,0.5,2452.78848,4364.06266,8818.60651,15635.45765
4229,6B,GreatFalls,0.15000000000000002,0.6000000000000001,2277.34308,4577.328439999999,9304.51932,16159.19084
4230,6B,GreatFalls,0.15000000000000002,0.65,2197.8858800000003,4684.81642,9533.6201,16416.3224
4231,6B,GreatFalls,0.15000000000000002,0.7000000000000001,2126.3744,4766.90506,9761.61243,16654.89189
4232,6B,GreatFalls,0.15000000000000002,0.75,2059.45908,4892.22325,9997.015539999999,16948.697869999996
4233,6B,GreatFalls,0.15000000000000002,0.8500000000000001,1933.87768,5099.946779999999,10473.80739,17507.631849999998
4234,6B,GreatFalls,0.15000000000000002,0.8,1994.9936000000002,4996.892599999999,10234.033819999999,17225.920019999998
4235,6B,GreatFalls,0.15000000000000002,0.9500000000000001,1826.03052,5314.25767,10978.24715,18118.53534
4236,6B,GreatFalls,0.15000000000000002,0.9,1877.45548,5211.9319,10720.168319999999,17809.555699999997
4237,6B,GreatFalls,0.1,0.01,4278.797320000001,3381.24755,6786.34261,14446.387480000001
4238,6B,GreatFalls,0.1,0.15000000000000002,4008.9030000000002,3689.9033699999995,7350.70201,15049.50838
4239,6B,GreatFalls,0.1,0.1,4108.5768,3566.1053399999996,7141.39498,14816.077119999998
4240,6B,GreatFalls,0.1,0.25,3441.55908,3892.14799,7734.95412,15068.66119
4241,6B,GreatFalls,0.1,0.2,3859.75544,3790.9623399999996,7536.509899999999,15187.227679999998
4242,6B,GreatFalls,0.1,0.30000000000000004,3005.7368800000004,3988.74149,7950.50014,14944.97851
4243,6B,GreatFalls,0.1,0.35000000000000003,2677.5884,4083.9731799999995,8175.16712,14936.7287
4244,6B,GreatFalls,0.1,0.45,2313.34272,4304.871429999999,8698.862239999999,15317.076389999998
4245,6B,GreatFalls,0.1,0.4,2427.74808,4184.36708,8432.707559999999,15044.822719999998
4246,6B,GreatFalls,0.1,0.55,2133.3228400000003,4511.89822,9234.40194,15879.623
4247,6B,GreatFalls,0.1,0.5,2220.0211600000002,4405.17032,8962.419979999999,15587.61146
4248,6B,GreatFalls,0.1,0.6000000000000001,2051.51336,4611.088659999999,9494.254289999999,16156.85631
4249,6B,GreatFalls,0.1,0.65,1977.7471600000001,4716.13805,9724.46352,16418.348729999998
4250,6B,GreatFalls,0.1,0.7000000000000001,1908.3386400000002,4831.575199999999,9960.02498,16699.93882
4251,6B,GreatFalls,0.1,0.75,1842.81084,4918.76271,10195.2064,16956.77995
4252,6B,GreatFalls,0.1,0.8500000000000001,1726.38924,5139.24925,10678.33225,17543.970739999997
4253,6B,GreatFalls,0.1,0.8,1784.5133200000002,5026.282359999999,10436.37345,17247.16913
4254,6B,GreatFalls,0.1,0.9500000000000001,1626.11924,5346.244369999999,11193.159769999998,18165.52338
4255,6B,GreatFalls,0.1,0.9,1674.47648,5244.045279999999,10926.086659999999,17844.608419999997
4256,6B,GreatFalls,0.25,0.01,5332.98732,3261.62996,6676.732739999999,15271.350019999998
4257,6B,GreatFalls,0.25,0.15000000000000002,4933.5008,3590.39623,7133.38247,15657.2795
4258,6B,GreatFalls,0.25,0.1,5071.8625600000005,3467.73832,6944.090879999999,15483.691759999998
4259,6B,GreatFalls,0.25,0.25,4247.96836,3799.4499,7477.920399999999,15525.33866
4260,6B,GreatFalls,0.25,0.2,4747.08532,3706.5617899999993,7298.38317,15752.030279999999
4261,6B,GreatFalls,0.25,0.30000000000000004,3800.84004,3891.16622,7674.84446,15366.85072
4262,6B,GreatFalls,0.25,0.35000000000000003,3461.67812,3985.0044299999995,7878.26087,15324.94342
4263,6B,GreatFalls,0.25,0.45,3085.79028,4193.99476,8359.45485,15639.23989
4264,6B,GreatFalls,0.25,0.4,3201.594,4084.0681899999995,8113.60064,15399.26283
4265,6B,GreatFalls,0.25,0.55,2870.39948,4397.53785,8786.46146,16054.39879
4266,6B,GreatFalls,0.25,0.5,2974.9296000000004,4296.9856,8572.56228,15844.477480000001
4267,6B,GreatFalls,0.25,0.6000000000000001,2772.94788,4499.29356,9006.75798,16278.99942
4268,6B,GreatFalls,0.25,0.65,2683.21436,4601.17595,9231.298279999999,16515.688589999998
4269,6B,GreatFalls,0.25,0.7000000000000001,2597.2098,4698.27617,9456.313629999999,16751.7996
4270,6B,GreatFalls,0.25,0.75,2520.76612,4815.51851,9686.047809999998,17022.33244
4271,6B,GreatFalls,0.25,0.8500000000000001,2383.92196,5034.86493,10148.39814,17567.18503
4272,6B,GreatFalls,0.25,0.8,2452.7776400000002,4918.319329999999,9916.573739999998,17287.67071
4273,6B,GreatFalls,0.25,0.9500000000000001,2264.4218,5248.099039999999,10644.667039999998,18157.187879999998
4274,6B,GreatFalls,0.25,0.9,2324.3778400000006,5136.68398,10391.90877,17852.97059
4275,6B,GreatFalls,0.2,0.01,4978.822840000001,3297.1320299999998,6690.63587,14966.590740000001
4276,6B,GreatFalls,0.2,0.15000000000000002,4620.604200000001,3620.7677599999997,7180.570769999999,15421.942729999999
4277,6B,GreatFalls,0.2,0.1,4736.5380000000005,3500.73846,6990.10739,15227.383850000002
4278,6B,GreatFalls,0.2,0.25,3976.1445200000003,3834.7619499999996,7548.63951,15359.545979999999
4279,6B,GreatFalls,0.2,0.2,4460.84428,3731.13771,7360.298019999999,15552.280009999999
4280,6B,GreatFalls,0.2,0.30000000000000004,3528.87528,3927.1750099999995,7742.333229999999,15198.38352
4281,6B,GreatFalls,0.2,0.35000000000000003,3192.64016,4020.3798199999997,7956.70746,15169.727439999999
4282,6B,GreatFalls,0.2,0.45,2816.4488,4229.021779999999,8453.10304,15498.57362
4283,6B,GreatFalls,0.2,0.4,2933.9869200000003,4121.2171,8196.41769,15251.62171
4284,6B,GreatFalls,0.2,0.55,2607.1609200000003,4435.28849,8918.49369,15960.9431
4285,6B,GreatFalls,0.2,0.5,2710.69376,4327.48381,8694.9985,15733.17607
4286,6B,GreatFalls,0.2,0.6000000000000001,2517.0588400000006,4536.06243,9141.8622,16194.98347
4287,6B,GreatFalls,0.2,0.65,2430.9242000000004,4641.5235299999995,9370.5196,16442.96733
4288,6B,GreatFalls,0.2,0.7000000000000001,2355.3802400000004,4739.0988,9597.2768,16691.755839999998
4289,6B,GreatFalls,0.2,0.75,2284.7468,4843.07141,9824.63573,16952.45394
4290,6B,GreatFalls,0.2,0.8500000000000001,2154.52588,5074.642449999999,10298.292249999999,17527.46058
4291,6B,GreatFalls,0.2,0.8,2216.37892,4970.79652,10062.667449999999,17249.84289
4292,6B,GreatFalls,0.2,0.9500000000000001,2037.95252,5281.41588,10802.16195,18121.53035
4293,6B,GreatFalls,0.2,0.9,2096.22836,5178.77341,10541.48618,17816.48795
4294,6B,GreatFalls,0.30000000000000004,0.01,5697.57988,3228.69316,6660.29601,15586.56905
4295,6B,GreatFalls,0.30000000000000004,0.15000000000000002,5256.196760000001,3568.10055,7108.5531900000005,15932.850500000002
4296,6B,GreatFalls,0.30000000000000004,0.1,5396.173680000001,3440.37544,6928.06586,15764.614979999998
4297,6B,GreatFalls,0.30000000000000004,0.25,4516.9954800000005,3783.3298699999996,7461.451999999999,15761.777349999998
4298,6B,GreatFalls,0.30000000000000004,0.2,5042.75716,3685.6912599999996,7276.372519999999,16004.82094
4299,6B,GreatFalls,0.30000000000000004,0.30000000000000004,4061.0976000000005,3873.2093299999997,7654.79735,15589.10428
4300,6B,GreatFalls,0.30000000000000004,0.35000000000000003,3687.1392800000003,3955.1712899999993,7859.955609999999,15502.266179999999
4301,6B,GreatFalls,0.30000000000000004,0.45,3364.72516,4153.678849999999,8264.98324,15783.38725
4302,6B,GreatFalls,0.30000000000000004,0.4,3477.9598,4056.73698,8073.09471,15607.79149
4303,6B,GreatFalls,0.30000000000000004,0.55,3138.1258,4361.33904,8675.64813,16175.112969999998
4304,6B,GreatFalls,0.30000000000000004,0.5,3252.06504,4253.47102,8469.03305,15974.56911
4305,6B,GreatFalls,0.30000000000000004,0.6000000000000001,3034.04012,4466.38843,8891.38417,16391.81272
4306,6B,GreatFalls,0.30000000000000004,0.65,2937.48824,4564.18539,9109.43212,16611.10575
4307,6B,GreatFalls,0.30000000000000004,0.7000000000000001,2849.8360000000002,4665.9411,9331.18546,16846.96256
4308,6B,GreatFalls,0.30000000000000004,0.75,2766.05364,4779.50972,9556.16914,17101.7325
4309,6B,GreatFalls,0.30000000000000004,0.8500000000000001,2620.63504,4993.7256,10019.1212,17633.48184
4310,6B,GreatFalls,0.30000000000000004,0.8,2692.1898800000004,4886.839349999999,9788.246899999998,17367.27613
4311,6B,GreatFalls,0.30000000000000004,0.9500000000000001,2492.79892,5202.39923,10505.06568,18200.26383
4312,6B,GreatFalls,0.30000000000000004,0.9,2554.00156,5101.11857,10257.184589999999,17912.30472
4313,6B,GreatFalls,0.35000000000000003,0.01,6051.9936800000005,3200.3801799999997,6663.336329999999,15915.710189999998
4314,6B,GreatFalls,0.35000000000000003,0.15000000000000002,5563.97688,3535.3537699999997,7086.194170000001,16185.52482
4315,6B,GreatFalls,0.35000000000000003,0.1,5720.33304,3410.4472899999996,6913.022609999999,16043.802939999998
4316,6B,GreatFalls,0.35000000000000003,0.25,4841.85944,3753.5284,7424.65146,16020.0393
4317,6B,GreatFalls,0.35000000000000003,0.2,5338.13632,3655.0346999999997,7246.69773,16239.86875
4318,6B,GreatFalls,0.35000000000000003,0.30000000000000004,4364.71516,3836.2821099999996,7612.70792,15813.70519
4319,6B,GreatFalls,0.35000000000000003,0.35000000000000003,3984.5130000000004,3920.71433,7808.36518,15713.592509999999
4320,6B,GreatFalls,0.35000000000000003,0.45,3651.17216,4107.884029999999,8183.432989999999,15942.489179999999
4321,6B,GreatFalls,0.35000000000000003,0.4,3771.1492800000005,4007.17343,7999.842,15778.164710000001
4322,6B,GreatFalls,0.35000000000000003,0.55,3419.6622800000005,4316.8426899999995,8583.995149999999,16320.500119999999
4323,6B,GreatFalls,0.35000000000000003,0.5,3535.60692,4215.11865,8382.19391,16132.91948
4324,6B,GreatFalls,0.35000000000000003,0.6000000000000001,3309.96148,4420.84697,8795.55075,16526.3592
4325,6B,GreatFalls,0.35000000000000003,0.65,3205.0628,4532.357039999999,9007.96144,16745.381279999998
4326,6B,GreatFalls,0.35000000000000003,0.7000000000000001,3109.28056,4640.54176,9227.307859999999,16977.13018
4327,6B,GreatFalls,0.35000000000000003,0.75,3020.7719600000005,4747.71304,9447.034319999999,17215.51932
4328,6B,GreatFalls,0.35000000000000003,0.8500000000000001,2864.0580800000002,4969.118009999999,9904.00075,17737.17684
4329,6B,GreatFalls,0.35000000000000003,0.8,2939.7538,4861.09164,9674.99498,17475.84042
4330,6B,GreatFalls,0.35000000000000003,0.9500000000000001,2726.1407600000002,5171.67933,10381.96439,18279.78448
4331,6B,GreatFalls,0.35000000000000003,0.9,2791.9287200000003,5068.0234199999995,10138.865469999999,17998.81761
4332,6B,GreatFalls,0.45,0.01,6742.696800000001,3154.0152999999996,6685.03028,16581.74238
4333,6B,GreatFalls,0.45,0.15000000000000002,6162.420760000001,3480.533,7057.94453,16700.89829
4334,6B,GreatFalls,0.45,0.1,6352.64108,3354.29638,6905.231789999999,16612.16925
4335,6B,GreatFalls,0.45,0.25,5448.964480000001,3685.9446199999993,7377.14646,16512.05556
4336,6B,GreatFalls,0.45,0.2,5920.66708,3598.9788,7218.51143,16738.15731
4337,6B,GreatFalls,0.45,0.30000000000000004,4990.33492,3764.42288,7551.743170000001,16306.500970000001
4338,6B,GreatFalls,0.45,0.35000000000000003,4606.38212,3852.62383,7714.68532,16173.69127
4339,6B,GreatFalls,0.45,0.45,4236.9766,4033.96625,8060.9651,16331.90795
4340,6B,GreatFalls,0.45,0.4,4372.78012,3931.7988299999997,7885.798329999999,16190.377279999997
4341,6B,GreatFalls,0.45,0.55,3984.55636,4258.9182599999995,8438.85154,16682.326159999997
4342,6B,GreatFalls,0.45,0.5,4112.18652,4145.6346699999995,8246.80466,16504.625849999997
4343,6B,GreatFalls,0.45,0.6000000000000001,3865.8258400000004,4359.9772299999995,8644.104809999999,16869.90788
4344,6B,GreatFalls,0.45,0.65,3756.21176,4467.845249999999,8849.48476,17073.54177
4345,6B,GreatFalls,0.45,0.7000000000000001,3644.42968,4574.44647,9058.28507,17277.16122
4346,6B,GreatFalls,0.45,0.75,3545.99164,4686.526599999999,9273.577729999999,17506.09597
4347,6B,GreatFalls,0.45,0.8500000000000001,3369.1045200000003,4914.80396,9714.32912,17998.2376
4348,6B,GreatFalls,0.45,0.8,3454.48036,4807.886039999999,9491.942379999999,17754.30878
4349,6B,GreatFalls,0.45,0.9500000000000001,3218.80792,5115.05337,10176.331079999998,18510.192369999997
4350,6B,GreatFalls,0.45,0.9,3289.57144,5022.60864,9946.34354,18258.52362
4351,6B,GreatFalls,0.4,0.01,6405.551120000001,3178.36953,6673.819100000001,16257.73975
4352,6B,GreatFalls,0.4,0.15000000000000002,5865.06872,3505.71065,7066.875469999999,16437.65484
4353,6B,GreatFalls,0.4,0.1,6032.10228,3380.9308499999997,6900.639639999999,16313.67277
4354,6B,GreatFalls,0.4,0.25,5149.55284,3716.8228699999995,7397.7953,16264.17101
4355,6B,GreatFalls,0.4,0.2,5630.7296,3623.77641,7229.75428,16484.26029
4356,6B,GreatFalls,0.4,0.30000000000000004,4685.7959599999995,3802.83859,7577.93426,16066.568809999999
4357,6B,GreatFalls,0.4,0.35000000000000003,4297.4529600000005,3887.90421,7761.176879999999,15946.53405
4358,6B,GreatFalls,0.4,0.45,3940.882,4074.78888,8118.572829999999,16134.243709999999
4359,6B,GreatFalls,0.4,0.4,4072.4362400000005,3975.78846,7939.09894,15987.32364
4360,6B,GreatFalls,0.4,0.55,3701.2312800000004,4279.0287100000005,8505.64357,16485.90356
4361,6B,GreatFalls,0.4,0.5,3822.20568,4176.702939999999,8307.674399999998,16306.583019999998
4362,6B,GreatFalls,0.4,0.6000000000000001,3588.77712,4397.44284,8714.0005,16700.22046
4363,6B,GreatFalls,0.4,0.65,3477.1142800000002,4498.97686,8926.28451,16902.37565
4364,6B,GreatFalls,0.4,0.7000000000000001,3375.7928,4600.89092,9136.54164,17113.22536
4365,6B,GreatFalls,0.4,0.75,3282.42788,4721.141909999999,9355.50802,17359.07781
4366,6B,GreatFalls,0.4,0.8500000000000001,3113.71412,4943.62366,9803.416829999998,17860.754609999996
4367,6B,GreatFalls,0.4,0.8,3195.33932,4826.064619999999,9576.912989999999,17598.316929999997
4368,6B,GreatFalls,0.4,0.9500000000000001,2968.95676,5149.38365,10273.01959,18391.36
4369,6B,GreatFalls,0.4,0.9,3038.452,5045.9811,10035.684609999998,18120.11771
4370,6B,GreatFalls,0.55,0.01,7397.660440000001,3113.44603,6719.51891,17230.62538
4371,6B,GreatFalls,0.55,0.15000000000000002,6733.24432,3435.84663,7057.88119,17226.972139999998
4372,6B,GreatFalls,0.55,0.1,6952.060560000001,3309.8950399999994,6919.008239999999,17180.96384
4373,6B,GreatFalls,0.55,0.25,6031.484400000001,3621.7495299999996,7344.463019999999,16997.696949999998
4374,6B,GreatFalls,0.55,0.2,6485.387720000001,3547.3566999999994,7212.937510000001,17245.68193
4375,6B,GreatFalls,0.55,0.30000000000000004,5578.06888,3700.73451,7491.601839999999,16770.405229999997
4376,6B,GreatFalls,0.55,0.35000000000000003,5209.56308,3784.97671,7644.409589999999,16638.94938
4377,6B,GreatFalls,0.55,0.45,4819.5073600000005,3967.0158699999993,7977.0396,16763.56283
4378,6B,GreatFalls,0.55,0.4,4979.16972,3869.15557,7807.9534699999995,16656.27876
4379,6B,GreatFalls,0.55,0.55,4547.791920000001,4197.383449999999,8334.43555,17079.61092
4380,6B,GreatFalls,0.55,0.5,4682.533120000001,4085.30332,8152.618079999999,16920.45452
4381,6B,GreatFalls,0.55,0.6000000000000001,4423.14276,4303.79465,8528.572649999998,17255.510059999997
4382,6B,GreatFalls,0.55,0.65,4299.3499600000005,4414.8613399999995,8730.05719,17444.26849
4383,6B,GreatFalls,0.55,0.7000000000000001,4183.524560000001,4515.12856,8931.19336,17629.84648
4384,6B,GreatFalls,0.55,0.75,4072.67472,4626.2585899999995,9135.74989,17834.6832
4385,6B,GreatFalls,0.55,0.8500000000000001,3878.09672,4853.4908399999995,9564.593359999999,18296.18092
4386,6B,GreatFalls,0.55,0.8,3973.8464400000003,4739.00379,9347.36883,18060.21906
4387,6B,GreatFalls,0.55,0.9500000000000001,3714.8246400000003,5069.86028,10010.03191,18794.716829999998
4388,6B,GreatFalls,0.55,0.9,3788.18976,4967.28115,9788.056879999998,18543.52779
4389,6B,GreatFalls,0.5,0.01,7076.20024,3131.40292,6696.9382,16904.54136
4390,6B,GreatFalls,0.5,0.15000000000000002,6455.783680000001,3456.87551,7053.035679999999,16965.69487
4391,6B,GreatFalls,0.5,0.1,6652.6597600000005,3332.12738,6909.982289999999,16894.76943
4392,6B,GreatFalls,0.5,0.25,5745.02656,3650.0941799999996,7365.20687,16760.32761
4393,6B,GreatFalls,0.5,0.2,6203.1900000000005,3571.29922,7213.66592,16988.15514
4394,6B,GreatFalls,0.5,0.30000000000000004,5288.15308,3737.53505,7518.774699999999,16544.46283
4395,6B,GreatFalls,0.5,0.35000000000000003,4912.08096,3812.8779799999998,7675.002809999999,16399.96175
4396,6B,GreatFalls,0.5,0.45,4526.23116,4001.8211999999994,8013.143399999999,16541.19576
4397,6B,GreatFalls,0.5,0.4,4679.42204,3900.28718,7841.491999999999,16421.20122
4398,6B,GreatFalls,0.5,0.55,4268.40176,4226.26649,8381.21214,16875.88039
4399,6B,GreatFalls,0.5,0.5,4402.10232,4112.38117,8191.413829999999,16705.897319999996
4400,6B,GreatFalls,0.5,0.6000000000000001,4143.49244,4332.4876699999995,8581.99994,17057.98005
4401,6B,GreatFalls,0.5,0.65,4026.0735600000003,4440.7674,8785.258,17252.09896
4402,6B,GreatFalls,0.5,0.7000000000000001,3916.9472800000003,4546.418519999999,8990.44793,17453.81373
4403,6B,GreatFalls,0.5,0.75,3811.57164,4662.4574,9201.02176,17675.0508
4404,6B,GreatFalls,0.5,0.8500000000000001,3624.75508,4879.01686,9634.80575,18138.57769
4405,6B,GreatFalls,0.5,0.8,3713.12276,4767.7918199999995,9417.32786,17898.24244
4406,6B,GreatFalls,0.5,0.9500000000000001,3467.1956800000003,5098.71165,10088.54184,18654.44917
4407,6B,GreatFalls,0.5,0.9,3540.1814,4994.0423,9860.99289,18395.21659
4408,6B,GreatFalls,0.6000000000000001,0.01,7706.708840000001,3097.7693799999997,6741.49789,17545.97611
4409,6B,GreatFalls,0.6000000000000001,0.15000000000000002,7006.87844,3414.9761,7063.74014,17485.594680000002
4410,6B,GreatFalls,0.6000000000000001,0.1,7239.6566,3291.1464,6935.1599400000005,17465.96294
4411,6B,GreatFalls,0.6000000000000001,0.25,6307.861040000001,3598.0920399999995,7329.83148,17235.78456
4412,6B,GreatFalls,0.6000000000000001,0.2,6748.127640000001,3528.3230299999996,7208.88375,17485.33442
4413,6B,GreatFalls,0.6000000000000001,0.30000000000000004,5864.299080000001,3678.5971799999998,7471.93477,17014.83103
4414,6B,GreatFalls,0.6000000000000001,0.35000000000000003,5495.609,3749.8863499999998,7621.828879999999,16867.32423
4415,6B,GreatFalls,0.6000000000000001,0.45,5105.206400000001,3943.2316999999994,7943.722760000001,16992.16086
4416,6B,GreatFalls,0.6000000000000001,0.4,5267.50288,3837.7389299999995,7778.24701,16883.48882
4417,6B,GreatFalls,0.6000000000000001,0.55,4822.3474400000005,4171.44572,8295.9565,17289.74966
4418,6B,GreatFalls,0.6000000000000001,0.5,4962.4978,4044.76572,8114.39239,17121.65591
4419,6B,GreatFalls,0.6000000000000001,0.6000000000000001,4695.2918,4278.74368,8483.53791,17457.573389999998
4420,6B,GreatFalls,0.6000000000000001,0.65,4572.48544,4389.43033,8679.163499999999,17641.07927
4421,6B,GreatFalls,0.6000000000000001,0.7000000000000001,4452.23732,4498.53348,8879.22289,17829.99369
4422,6B,GreatFalls,0.6000000000000001,0.75,4337.897,4605.38806,9081.97423,18025.25929
4423,6B,GreatFalls,0.6000000000000001,0.8500000000000001,4126.69044,4827.584779999999,9501.82342,18456.09864
4424,6B,GreatFalls,0.6000000000000001,0.8,4229.75716,4712.14763,9288.652649999998,18230.557439999997
4425,6B,GreatFalls,0.6000000000000001,0.9500000000000001,3960.6758400000003,5026.47238,9938.14101,18925.289230000002
4426,6B,GreatFalls,0.6000000000000001,0.9,4036.9135600000004,4938.398109999999,9720.821469999999,18696.133139999998
4427,6B,GreatFalls,0.65,0.01,8009.65432,3083.0744999999997,6767.30894,17860.03776
4428,6B,GreatFalls,0.65,0.15000000000000002,7274.49636,3399.01442,7081.82371,17755.33449
4429,6B,GreatFalls,0.65,0.1,7501.9846,3280.5052799999994,6959.1658,17741.65568
4430,6B,GreatFalls,0.65,0.25,6505.409200000001,3583.8088699999994,7332.14339,17421.36146
4431,6B,GreatFalls,0.65,0.2,6981.361080000001,3515.94006,7211.13232,17708.43346
4432,6B,GreatFalls,0.65,0.30000000000000004,6062.41092,3661.87542,7470.6363,17194.92264
4433,6B,GreatFalls,0.65,0.35000000000000003,5723.43328,3737.0283299999996,7627.84618,17088.30779
4434,6B,GreatFalls,0.65,0.45,5358.34208,3937.3410799999997,7948.47326,17244.15642
4435,6B,GreatFalls,0.65,0.4,5522.68732,3829.2196999999996,7778.785399999999,17130.69242
4436,6B,GreatFalls,0.65,0.55,5074.40996,4158.30267,8293.96129,17526.67392
4437,6B,GreatFalls,0.65,0.5,5210.061720000001,4047.86938,8119.49126,17377.42236
4438,6B,GreatFalls,0.65,0.6000000000000001,4944.134840000001,4271.36457,8479.0091,17694.50851
4439,6B,GreatFalls,0.65,0.65,4809.75136,4386.54836,8681.57042,17877.87014
4440,6B,GreatFalls,0.65,0.7000000000000001,4691.94224,4494.38471,8876.7843,18063.11125
4441,6B,GreatFalls,0.65,0.75,4578.4366,4600.89092,9077.41375,18256.74127
4442,6B,GreatFalls,0.65,0.8500000000000001,4361.474,4826.6663499999995,9491.46733,18679.60768
4443,6B,GreatFalls,0.65,0.8,4467.90112,4712.65435,9280.10175,18460.65722
4444,6B,GreatFalls,0.65,0.9500000000000001,4185.11804,5040.78722,9934.11892,19160.02418
4445,6B,GreatFalls,0.65,0.9,4265.72428,4936.37123,9712.840629999999,18914.936139999998
4446,6B,GreatFalls,0.7000000000000001,0.01,8299.07148,3069.6147499999997,6794.640149999999,18163.32638
4447,6B,GreatFalls,0.7000000000000001,0.15000000000000002,7516.71616,3390.5901999999996,7089.899559999999,17997.205919999997
4448,6B,GreatFalls,0.7000000000000001,0.1,7758.827560000001,3271.9227100000003,6977.8511,18008.60137
4449,6B,GreatFalls,0.7000000000000001,0.25,6706.91396,3574.1495199999995,7342.4044699999995,17623.46795
4450,6B,GreatFalls,0.7000000000000001,0.2,7202.5838,3499.94671,7219.081489999999,17921.612
4451,6B,GreatFalls,0.7000000000000001,0.30000000000000004,6267.026760000001,3654.49631,7481.49911,17403.02218
4452,6B,GreatFalls,0.7000000000000001,0.35000000000000003,5951.2142,3728.6041099999998,7638.582309999999,17318.40062
4453,6B,GreatFalls,0.7000000000000001,0.45,5607.0442,3937.40442,7955.25064,17499.69926
4454,6B,GreatFalls,0.7000000000000001,0.4,5767.01008,3829.8847699999997,7791.928449999999,17388.8233
4455,6B,GreatFalls,0.7000000000000001,0.55,5316.60808,4159.284439999999,8301.37207,17777.26459
4456,6B,GreatFalls,0.7000000000000001,0.5,5455.1758,4046.57091,8128.358859999999,17630.10557
4457,6B,GreatFalls,0.7000000000000001,0.6000000000000001,5183.384480000001,4267.532499999999,8483.854609999999,17934.771589999997
4458,6B,GreatFalls,0.7000000000000001,0.65,5043.21244,4392.945699999999,8690.27967,18126.43781
4459,6B,GreatFalls,0.7000000000000001,0.7000000000000001,4924.4385600000005,4499.9903,8880.5847,18305.01356
4460,6B,GreatFalls,0.7000000000000001,0.75,4809.3828,4602.15772,9075.89359,18487.434110000002
4461,6B,GreatFalls,0.7000000000000001,0.8500000000000001,4590.154640000001,4826.79303,9489.75715,18906.70482
4462,6B,GreatFalls,0.7000000000000001,0.8,4695.64952,4714.83958,9280.29177,18690.78087
4463,6B,GreatFalls,0.7000000000000001,0.9500000000000001,4405.2676,5035.14996,9936.367489999999,19376.78505
4464,6B,GreatFalls,0.7000000000000001,0.9,4492.67052,4932.887529999999,9710.30703,19135.86508
4465,6B,GreatFalls,0.75,0.01,8574.711000000001,3059.16365,6825.2017,18459.076350000003
4466,6B,GreatFalls,0.75,0.15000000000000002,7758.816720000001,3385.8396999999995,7098.64048,18243.2969
4467,6B,GreatFalls,0.75,0.1,8006.08796,3263.30847,7001.286899999999,18270.68333
4468,6B,GreatFalls,0.75,0.25,6886.207560000001,3563.35005,7352.507199999999,17802.06481
4469,6B,GreatFalls,0.75,0.2,7403.00456,3491.33247,7220.91835,18115.255380000002
4470,6B,GreatFalls,0.75,0.30000000000000004,6457.886640000001,3645.91374,7494.95886,17598.75924
4471,6B,GreatFalls,0.75,0.35000000000000003,6190.377120000001,3731.13771,7653.65723,17575.17206
4472,6B,GreatFalls,0.75,0.45,5838.73836,3941.6481999999996,7974.79103,17755.17759
4473,6B,GreatFalls,0.75,0.4,6003.788200000001,3837.1371999999997,7813.115679999999,17654.04108
4474,6B,GreatFalls,0.75,0.55,5544.64916,4159.189429999999,8319.13894,18022.97753
4475,6B,GreatFalls,0.75,0.5,5683.8564400000005,4049.92793,8147.26585,17881.05022
4476,6B,GreatFalls,0.75,0.6000000000000001,5417.127400000001,4271.20622,8496.87098,18185.2046
4477,6B,GreatFalls,0.75,0.65,5265.7468,4402.9217499999995,8704.43616,18373.10471
4478,6B,GreatFalls,0.75,0.7000000000000001,5148.208680000001,4503.664019999999,8889.80067,18541.67337
4479,6B,GreatFalls,0.75,0.75,5029.06624,4610.64528,9083.019339999999,18722.73086
4480,6B,GreatFalls,0.75,0.8500000000000001,4812.689,4831.385179999999,9494.41264,19138.48682
4481,6B,GreatFalls,0.75,0.8,4917.54432,4719.27338,9284.377199999999,18921.1949
4482,6B,GreatFalls,0.75,0.9500000000000001,4624.24644,5046.962869999999,9938.33103,19609.54034
4483,6B,GreatFalls,0.75,0.9,4716.16964,4938.303099999999,9713.25234,19367.725079999997
4484,6B,GreatFalls,0.8500000000000001,0.01,9115.4644,3036.36125,6886.19812,19038.02377
4485,6B,GreatFalls,0.8500000000000001,0.15000000000000002,8238.25908,3355.4681699999996,7110.32671,18704.05396
4486,6B,GreatFalls,0.8500000000000001,0.1,8505.085680000002,3235.15384,7018.6737299999995,18758.91325
4487,6B,GreatFalls,0.8500000000000001,0.25,7379.113200000001,3532.09176,7356.27593,18267.48089
4488,6B,GreatFalls,0.8500000000000001,0.2,7893.384480000001,3457.6989299999996,7216.92793,18568.011339999997
4489,6B,GreatFalls,0.8500000000000001,0.30000000000000004,6957.91416,3618.77255,7491.69685,18068.383560000002
4490,6B,GreatFalls,0.8500000000000001,0.35000000000000003,6705.6565200000005,3704.62992,7640.8308799999995,18051.117319999998
4491,6B,GreatFalls,0.8500000000000001,0.45,6339.16696,3921.41107,7956.074059999999,18216.65209
4492,6B,GreatFalls,0.8500000000000001,0.4,6511.56632,3810.2176999999997,7800.60603,18122.390049999998
4493,6B,GreatFalls,0.8500000000000001,0.55,6033.85836,4135.4052599999995,8297.730019999999,18466.99364
4494,6B,GreatFalls,0.8500000000000001,0.5,6177.79188,4027.2205399999993,8125.09685,18330.10927
4495,6B,GreatFalls,0.8500000000000001,0.6000000000000001,5895.691720000001,4245.7435399999995,8469.666449999999,18611.10171
4496,6B,GreatFalls,0.8500000000000001,0.65,5740.40872,4378.18748,8680.90535,18799.50155
4497,6B,GreatFalls,0.8500000000000001,0.7000000000000001,5610.82736,4486.6255599999995,8857.782299999999,18955.23522
4498,6B,GreatFalls,0.8500000000000001,0.75,5492.823120000001,4597.153859999999,9044.19192,19134.168899999997
4499,6B,GreatFalls,0.8500000000000001,0.8500000000000001,5264.467680000001,4809.374529999999,9446.71762,19520.55983
4500,6B,GreatFalls,0.8500000000000001,0.8,5374.1468,4700.9681199999995,9242.54113,19317.656049999998
4501,6B,GreatFalls,0.8500000000000001,0.9500000000000001,5062.702760000001,5016.40132,9877.46129,19956.56537
4502,6B,GreatFalls,0.8500000000000001,0.9,5159.7966400000005,4922.94315,9665.684,19748.42379
4503,6B,GreatFalls,0.8,0.01,8847.6622,3046.3689699999995,6854.24309,18748.27426
4504,6B,GreatFalls,0.8,0.15000000000000002,8009.296600000001,3368.1678399999996,7098.735489999999,18476.19993
4505,6B,GreatFalls,0.8,0.1,8267.20188,3246.33335,7007.58923,18521.12446
4506,6B,GreatFalls,0.8,0.25,7141.4245200000005,3547.4200399999995,7347.5350100000005,18036.37957
4507,6B,GreatFalls,0.8,0.2,7658.134800000001,3471.9187599999996,7216.1361799999995,18346.18974
4508,6B,GreatFalls,0.8,0.30000000000000004,6710.946440000001,3627.9568499999996,7491.88687,17830.79016
4509,6B,GreatFalls,0.8,0.35000000000000003,6449.908400000001,3715.8727699999995,7647.893289999999,17813.67446
4510,6B,GreatFalls,0.8,0.45,6098.714080000001,3930.15199,7963.674859999999,17992.54093
4511,6B,GreatFalls,0.8,0.4,6261.726000000001,3823.32908,7803.83637,17888.89145
4512,6B,GreatFalls,0.8,0.55,5795.378360000001,4145.6346699999995,8312.424899999998,18253.43793
4513,6B,GreatFalls,0.8,0.5,5937.013800000001,4038.8434299999994,8136.18135,18112.03858
4514,6B,GreatFalls,0.8,0.6000000000000001,5660.073480000001,4260.81846,8486.26153,18407.15347
4515,6B,GreatFalls,0.8,0.65,5500.3786,4390.28542,8700.920789999998,18591.58481
4516,6B,GreatFalls,0.8,0.7000000000000001,5378.7538,4502.49223,8884.19508,18765.44111
4517,6B,GreatFalls,0.8,0.75,5258.74416,4615.332439999999,9073.01162,18947.088219999998
4518,6B,GreatFalls,0.8,0.8500000000000001,5034.2586,4830.68844,9483.359809999998,19348.306849999997
4519,6B,GreatFalls,0.8,0.8,5140.08952,4715.50465,9276.55471,19132.14888
4520,6B,GreatFalls,0.8,0.9500000000000001,4836.30936,5044.27092,9923.92118,19804.50146
4521,6B,GreatFalls,0.8,0.9,4932.297560000001,4933.80596,9706.88667,19572.99019
4522,6B,GreatFalls,0.9500000000000001,0.01,9634.23428,3019.38613,6951.406649999999,19605.02706
4523,6B,GreatFalls,0.9500000000000001,0.15000000000000002,8682.7858,3341.94508,7131.133899999999,19155.864779999996
4524,6B,GreatFalls,0.9500000000000001,0.1,8964.734199999999,3217.1652799999997,7039.44925,19221.348729999998
4525,6B,GreatFalls,0.9500000000000001,0.25,7814.870360000001,3511.94964,7362.673269999999,18689.49327
4526,6B,GreatFalls,0.9500000000000001,0.2,8318.2366,3436.4166899999996,7231.179429999999,18985.83272
4527,6B,GreatFalls,0.9500000000000001,0.30000000000000004,7424.2076,3599.3905099999997,7498.94928,18522.54739
4528,6B,GreatFalls,0.9500000000000001,0.35000000000000003,7181.89024,3688.0665099999997,7641.147579999999,18511.10433
4529,6B,GreatFalls,0.9500000000000001,0.45,6818.5768,3898.29197,7951.133539999999,18668.00231
4530,6B,GreatFalls,0.9500000000000001,0.4,6991.4748,3792.2608099999998,7798.1041000000005,18581.83971
4531,6B,GreatFalls,0.9500000000000001,0.55,6497.994640000001,4113.869659999999,8278.41132,18890.27562
4532,6B,GreatFalls,0.9500000000000001,0.5,6655.001200000001,4007.2367699999995,8116.419269999999,18778.65724
4533,6B,GreatFalls,0.9500000000000001,0.6000000000000001,6356.38088,4220.0591699999995,8445.09053,19021.53058
4534,6B,GreatFalls,0.9500000000000001,0.65,6189.03296,4351.58468,8650.0271,19190.64474
4535,6B,GreatFalls,0.9500000000000001,0.7000000000000001,6063.993560000001,4458.21757,8820.063329999999,19342.27446
4536,6B,GreatFalls,0.9500000000000001,0.75,5942.88908,4567.98579,8997.130299999999,19508.005169999997
4537,6B,GreatFalls,0.9500000000000001,0.8500000000000001,5704.658400000001,4781.66328,9383.94768,19870.26936
4538,6B,GreatFalls,0.9500000000000001,0.8,5820.494640000001,4683.1379099999995,9188.51211,19692.144659999998
4539,6B,GreatFalls,0.9500000000000001,0.9500000000000001,5502.167200000001,4980.297519999999,9803.38516,20285.84988
4540,6B,GreatFalls,0.9500000000000001,0.9,5601.797640000001,4883.22897,9593.12803,20078.15464
4541,6B,GreatFalls,0.9,0.01,9375.5702,3027.0186,6914.986149999999,19317.57495
4542,6B,GreatFalls,0.9,0.15000000000000002,8464.26224,3346.60057,7120.651129999999,18931.51394
4543,6B,GreatFalls,0.9,0.1,8742.514200000001,3225.8428599999997,7026.686239999999,18995.0433
4544,6B,GreatFalls,0.9,0.25,7600.27088,3521.1022699999994,7353.1406,18474.51375
4545,6B,GreatFalls,0.9,0.2,8106.054440000001,3444.80924,7223.578629999999,18774.44231
4546,6B,GreatFalls,0.9,0.30000000000000004,7192.34,3610.7600399999997,7495.307229999999,18298.40727
4547,6B,GreatFalls,0.9,0.35000000000000003,6949.047040000001,3698.1692399999997,7643.459489999999,18290.67577
4548,6B,GreatFalls,0.9,0.45,6585.28916,3906.6211799999996,7951.386899999999,18443.29724
4549,6B,GreatFalls,0.9,0.4,6757.73188,3798.8481699999998,7797.31235,18353.8924
4550,6B,GreatFalls,0.9,0.55,6266.4522400000005,4122.35722,8285.06202,18673.87148
4551,6B,GreatFalls,0.9,0.5,6422.87344,4015.8826799999997,8118.6044999999995,18557.36062
4552,6B,GreatFalls,0.9,0.6000000000000001,6127.57016,4231.01699,8455.69998,18814.287129999997
4553,6B,GreatFalls,0.9,0.65,5966.0108,4363.87264,8663.86689,18993.75033
4554,6B,GreatFalls,0.9,0.7000000000000001,5844.52692,4470.91724,8838.020219999999,19153.464379999998
4555,6B,GreatFalls,0.9,0.75,5722.273400000001,4586.0693599999995,9020.8828,19329.22556
4556,6B,GreatFalls,0.9,0.8500000000000001,5486.64432,4796.26315,9414.57257,19697.480040000002
4557,6B,GreatFalls,0.9,0.8,5600.24752,4691.9105,9212.77133,19504.92935
4558,6B,GreatFalls,0.9,0.9500000000000001,5287.39428,5011.872509999999,9842.97266,20142.23945
4559,6B,GreatFalls,0.9,0.9,5384.867560000001,4894.66184,9627.96503,19907.49443
4560,7,InternationalFalls,0.01,0.01,1858.74564,3464.50798,6298.33958,11621.5932
4561,7,InternationalFalls,0.01,0.15000000000000002,1719.4624800000001,3707.9552699999995,6764.300289999999,12191.71804
4562,7,InternationalFalls,0.01,0.1,1770.7465200000001,3616.1439399999995,6597.14603,11984.036489999999
4563,7,InternationalFalls,0.01,0.25,1486.0881200000001,3882.45697,7094.903420000001,12463.448510000002
4564,7,InternationalFalls,0.01,0.2,1645.4469600000002,3794.4460399999994,6927.147429999999,12367.04043
4565,7,InternationalFalls,0.01,0.30000000000000004,1266.96836,3968.5043599999995,7265.44637,12500.91909
4566,7,InternationalFalls,0.01,0.35000000000000003,1113.1487600000003,4058.6688499999996,7445.23696,12617.05457
4567,7,InternationalFalls,0.01,0.45,976.4672,4256.25798,7849.02946,13081.75464
4568,7,InternationalFalls,0.01,0.4,1012.58608,4155.04066,7641.46428,12809.09102
4569,7,InternationalFalls,0.01,0.55,937.64916,4452.23194,8240.248969999999,13630.13007
4570,7,InternationalFalls,0.01,0.5,955.44844,4356.271839999999,8042.88153,13354.60181
4571,7,InternationalFalls,0.01,0.6000000000000001,921.95284,4538.279329999999,8443.00031,13903.232479999999
4572,7,InternationalFalls,0.01,0.65,904.6413600000001,4636.678019999999,8647.84187,14189.16125
4573,7,InternationalFalls,0.01,0.7000000000000001,882.83128,4737.64198,8858.22568,14478.69894
4574,7,InternationalFalls,0.01,0.75,865.44392,4835.21725,9048.4357,14749.09687
4575,7,InternationalFalls,0.01,0.8500000000000001,845.8668800000002,5031.63459,9420.05148,15297.552950000001
4576,7,InternationalFalls,0.01,0.8,855.13508,4939.7599199999995,9232.53341,15027.42841
4577,7,InternationalFalls,0.01,0.9500000000000001,819.7641600000001,5222.82638,9796.4811,15839.071640000002
4578,7,InternationalFalls,0.01,0.9,833.4984400000001,5131.07839,9606.4611,15571.03793
4579,7,InternationalFalls,0.05,0.01,2173.88612,3421.5317899999995,6211.88048,11807.29839
4580,7,InternationalFalls,0.05,0.15000000000000002,1983.7633600000001,3669.0961799999995,6647.184629999999,12300.044169999997
4581,7,InternationalFalls,0.05,0.1,2045.2153200000002,3577.3165199999994,6488.834629999999,12111.366469999999
4582,7,InternationalFalls,0.05,0.25,1718.3568000000002,3846.5431899999994,6969.26853,12534.16852
4583,7,InternationalFalls,0.05,0.2,1904.6530400000001,3753.8767699999994,6805.31294,12463.84275
4584,7,InternationalFalls,0.05,0.30000000000000004,1476.0394400000002,3930.65871,7140.919929999999,12547.61808
4585,7,InternationalFalls,0.05,0.35000000000000003,1304.5723200000002,4018.5112899999995,7310.95616,12634.03977
4586,7,InternationalFalls,0.05,0.45,1146.34084,4214.89696,7700.97221,13062.210009999999
4587,7,InternationalFalls,0.05,0.4,1187.7388,4115.32648,7499.93105,12802.99633
4588,7,InternationalFalls,0.05,0.55,1091.6964,4408.93905,8087.631239999999,13588.266689999999
4589,7,InternationalFalls,0.05,0.5,1117.39804,4311.047079999999,7894.444239999999,13322.889359999997
4590,7,InternationalFalls,0.05,0.6000000000000001,1068.74812,4500.11698,8285.75876,13854.62386
4591,7,InternationalFalls,0.05,0.65,1046.93804,4602.031039999999,8490.44197,14139.411049999999
4592,7,InternationalFalls,0.05,0.7000000000000001,1029.7458000000001,4698.75122,8687.11267,14415.609690000001
4593,7,InternationalFalls,0.05,0.75,1013.27984,4798.0366699999995,8872.50885,14683.825359999999
4594,7,InternationalFalls,0.05,0.8500000000000001,985.64868,4989.038439999999,9232.15337,15206.840489999999
4595,7,InternationalFalls,0.05,0.8,996.2718800000001,4894.18679,9051.22266,14941.68133
4596,7,InternationalFalls,0.05,0.9500000000000001,954.48368,5183.1122,9601.67893,15739.274809999999
4597,7,InternationalFalls,0.05,0.9,970.29924,5088.13387,9415.99772,15474.43083
4598,7,InternationalFalls,0.15000000000000002,0.01,3081.0748800000006,3338.8414199999997,6119.37241,12539.28871
4599,7,InternationalFalls,0.15000000000000002,0.15000000000000002,2771.21348,3607.3396799999996,6484.717529999999,12863.270689999998
4600,7,InternationalFalls,0.15000000000000002,0.1,2868.74096,3508.05423,6346.00293,12722.79812
4601,8,Fairbanks,0.01,0.01,2797.79316,2208.00073,6086.78398,11092.577870000001
4602,8,Fairbanks,0.01,0.15000000000000002,2838.92012,2316.56549,6584.60471,11740.09032
4603,8,Fairbanks,0.01,0.1,2822.59508,2265.70347,6412.92164,11501.22019
4604,8,Fairbanks,0.01,0.25,2638.96548,2414.1724299999996,6941.905649999999,11995.043559999998
4605,8,Fairbanks,0.01,0.2,2836.3618800000004,2361.9485999999997,6755.93941,11954.24989
4606,8,Fairbanks,0.01,0.30000000000000004,2287.0774,2468.61316,7133.19245,11888.88301
4607,8,Fairbanks,0.01,0.35000000000000003,2040.99856,2517.47997,7329.57812,11888.05665
4608,8,Fairbanks,0.01,0.45,1850.2145600000001,2639.53615,7779.22878,12268.979490000002
4609,8,Fairbanks,0.01,0.4,1866.5938,2575.2460499999997,7545.66253,11987.50238
4610,8,Fairbanks,0.01,0.55,1851.5045200000002,2756.5884699999997,8166.1095,12774.20249
4611,8,Fairbanks,0.01,0.5,1848.44764,2697.17555,7981.885109999999,12527.5083
4612,8,Fairbanks,0.01,0.6000000000000001,1857.9434800000001,2814.10119,8352.17075,13024.21542
4613,8,Fairbanks,0.01,0.65,1868.5992,2868.0352,8529.74444,13266.378840000001
4614,8,Fairbanks,0.01,0.7000000000000001,1877.6722800000002,2926.8780599999996,8712.00529,13516.555629999999
4615,8,Fairbanks,0.01,0.75,1886.9404800000002,2984.7708199999997,8892.587629999998,13764.298929999997
4616,8,Fairbanks,0.01,0.8500000000000001,1908.2844400000001,3097.92773,9254.2907,14260.50287
4617,8,Fairbanks,0.01,0.8,1895.9810400000001,3044.3420899999996,9072.378219999999,14012.70135
4618,8,Fairbanks,0.01,0.9500000000000001,1926.0403600000002,3205.7007399999998,9639.55625,14771.29735
4619,8,Fairbanks,0.01,0.9,1917.3683600000002,3151.03832,9443.170579999998,14511.577259999998
4620,8,Fairbanks,0.05,0.01,3077.7470000000003,2172.2452999999996,5956.430259999999,11206.422559999999
4621,8,Fairbanks,0.05,0.15000000000000002,3151.8058800000003,2268.17373,6428.75664,11848.73625
4622,8,Fairbanks,0.05,0.1,3118.1585200000004,2215.79155,6258.53039,11592.48046
4623,8,Fairbanks,0.05,0.25,2908.6755200000002,2372.52638,6778.99517,12060.19707
4624,8,Fairbanks,0.05,0.2,3168.9222400000003,2321.22098,6597.494399999999,12087.637619999998
4625,8,Fairbanks,0.05,0.30000000000000004,2526.3595600000003,2424.8768899999995,6965.91151,11917.14796
4626,8,Fairbanks,0.05,0.35000000000000003,2267.7063200000002,2476.3089699999996,7154.379679999999,11898.394969999998
4627,8,Fairbanks,0.05,0.45,2097.7242800000004,2592.2528399999997,7594.909379999999,12284.886499999999
4628,8,Fairbanks,0.05,0.4,2096.8354,2531.88982,7368.88059,11997.605810000001
4629,8,Fairbanks,0.05,0.55,2122.24436,2707.7216599999997,7972.035739999999,12802.00176
4630,8,Fairbanks,0.05,0.5,2106.5372,2650.8423399999997,7789.173159999999,12546.5527
4631,8,Fairbanks,0.05,0.6000000000000001,2137.648,2766.8178799999996,8155.531719999999,13059.997599999999
4632,8,Fairbanks,0.05,0.65,2152.2061200000003,2825.1540199999995,8337.28585,13314.64599
4633,8,Fairbanks,0.05,0.7000000000000001,2167.85908,2880.73487,8520.62348,13569.21743
4634,8,Fairbanks,0.05,0.75,2181.04052,2938.5959599999996,8702.504289999999,13822.140769999998
4635,8,Fairbanks,0.05,0.8500000000000001,2209.5714000000003,3062.10896,9069.337899999999,14341.018259999999
4636,8,Fairbanks,0.05,0.8,2199.5769200000004,3003.32944,8883.53001,14086.436370000001
4637,8,Fairbanks,0.05,0.9500000000000001,2238.4058,3167.0633399999997,9450.35967,14855.828809999999
4638,8,Fairbanks,0.05,0.9,2228.5739200000003,3115.97963,9255.462489999998,14600.016039999999
4639,8,Fairbanks,0.15000000000000002,0.01,4245.23668,2111.78727,5835.292509999999,12192.316459999998
4640,8,Fairbanks,0.15000000000000002,0.15000000000000002,4142.40844,2207.11397,6237.628189999999,12587.150599999999
4641,8,Fairbanks,0.15000000000000002,0.1,4156.90152,2165.4362499999997,6088.81086,12411.14863
4642,8,Fairbanks,0.15000000000000002,0.25,3813.69628,2307.2861799999996,6554.29652,12675.27898
4643,8,Fairbanks,0.15000000000000002,0.2,4127.340840000001,2257.88098,6389.390829999999,12774.61265
4644,8,Fairbanks,0.15000000000000002,0.30000000000000004,3471.6726000000003,2363.43709,6726.99303,12562.102719999999
4645,8,Fairbanks,0.15000000000000002,0.35000000000000003,3234.7535600000006,2416.26265,6907.131989999999,12558.1482
4646,8,Fairbanks,0.15000000000000002,0.45,3091.4812800000004,2524.35236,7312.602999999999,12928.43664
4647,8,Fairbanks,0.15000000000000002,0.4,3103.2752000000005,2465.92121,7108.173149999999,12677.36956
4648,8,Fairbanks,0.15000000000000002,0.55,3088.0775200000003,2623.70115,7662.271469999999,13374.05014
4649,8,Fairbanks,0.15000000000000002,0.5,3089.5192400000005,2573.1558299999997,7489.98667,13152.66174
4650,8,Fairbanks,0.15000000000000002,0.6000000000000001,3091.3512000000005,2680.35878,7837.976629999999,13609.68661
4651,8,Fairbanks,0.15000000000000002,0.65,3099.2102000000004,2740.46844,8018.46396,13858.1426
4652,8,Fairbanks,0.15000000000000002,0.7000000000000001,3109.4865200000004,2793.4206799999997,8192.96566,14095.87286
4653,8,Fairbanks,0.15000000000000002,0.75,3120.31568,2857.67911,8368.449129999999,14346.44392
4654,8,Fairbanks,0.15000000000000002,0.8500000000000001,3142.33172,2975.45984,8731.19731,14848.98887
4655,8,Fairbanks,0.15000000000000002,0.8,3130.7762800000005,2915.1918299999998,8547.54298,14593.51109
4656,8,Fairbanks,0.15000000000000002,0.9500000000000001,3159.17708,3085.70311,9103.63651,15348.5167
4657,8,Fairbanks,0.15000000000000002,0.9,3155.2638400000005,3030.75566,8914.439929999999,15100.459429999999
4658,8,Fairbanks,0.1,0.01,3639.82268,2138.45341,5876.55852,11654.83461
4659,8,Fairbanks,0.1,0.15000000000000002,3645.7630000000004,2226.8127099999997,6312.1476999999995,12184.723409999999
4660,8,Fairbanks,0.1,0.1,3626.0667200000003,2181.46127,6152.40422,11959.93221
4661,8,Fairbanks,0.1,0.25,3346.1996000000004,2334.5540499999997,6646.74125,12327.494900000002
4662,8,Fairbanks,0.1,0.2,3657.3726400000005,2281.8868399999997,6472.23955,12411.49903
4663,8,Fairbanks,0.1,0.30000000000000004,2972.53396,2389.1848,6825.36005,12187.078809999999
4664,8,Fairbanks,0.1,0.35000000000000003,2722.5635600000005,2441.9153499999998,7010.53454,12175.013449999999
4665,8,Fairbanks,0.1,0.45,2567.1938400000004,2551.4935499999997,7437.382799999999,12556.070189999999
4666,8,Fairbanks,0.1,0.4,2568.4946400000003,2496.48276,7218.32141,12283.29881
4667,8,Fairbanks,0.1,0.55,2578.0555200000003,2661.9268399999996,7800.19432,13040.17668
4668,8,Fairbanks,0.1,0.5,2570.3049200000005,2600.86708,7618.2185,12789.390500000001
4669,8,Fairbanks,0.1,0.6000000000000001,2590.5215200000002,2720.9913899999997,7978.718109999999,13290.23102
4670,8,Fairbanks,0.1,0.65,2605.7192000000005,2777.30065,8155.405039999999,13538.424889999998
4671,8,Fairbanks,0.1,0.7000000000000001,2617.6648800000003,2834.68669,8334.21386,13786.56543
4672,8,Fairbanks,0.1,0.75,2632.0062000000003,2892.54778,8514.82787,14039.38185
4673,8,Fairbanks,0.1,0.8500000000000001,2662.54248,3013.7172,8880.268,14556.52768
4674,8,Fairbanks,0.1,0.8,2645.94644,2954.1459299999997,8696.99371,14297.086080000001
4675,8,Fairbanks,0.1,0.9500000000000001,2688.32,3129.9777699999995,9260.68804,15078.985809999998
4676,8,Fairbanks,0.1,0.9,2673.2415600000004,3068.6013099999996,9061.420399999999,14803.26327
4677,8,Fairbanks,0.25,0.01,5428.5636,2036.4443399999998,5852.552659999999,13317.5606
4678,8,Fairbanks,0.25,0.15000000000000002,5147.52576,2185.83173,6189.743149999999,13523.10064
4679,8,Fairbanks,0.25,0.1,5219.861080000001,2135.3814199999997,6056.4757899999995,13411.71829
4680,8,Fairbanks,0.25,0.25,4857.64248,2282.7419299999997,6470.05432,13610.438730000002
4681,8,Fairbanks,0.25,0.2,5078.12808,2237.45383,6322.377109999999,13637.95902
4682,8,Fairbanks,0.25,0.30000000000000004,4612.2574,2335.63083,6627.1691900000005,13575.057420000001
4683,8,Fairbanks,0.25,0.35000000000000003,4420.47612,2374.48992,6794.00675,13588.97279
4684,8,Fairbanks,0.25,0.45,4255.1878,2474.12374,7158.528449999999,13887.839989999999
4685,8,Fairbanks,0.25,0.4,4299.54508,2415.4075599999996,6981.39814,13696.35078
4686,8,Fairbanks,0.25,0.55,4199.145,2567.58191,7490.17669,14256.903600000001
4687,8,Fairbanks,0.25,0.5,4223.39408,2517.0365899999997,7324.16255,14064.593219999999
4688,8,Fairbanks,0.25,0.6000000000000001,4181.269840000001,2616.1320199999996,7658.914449999999,14456.316309999998
4689,8,Fairbanks,0.25,0.65,4168.01252,2668.92591,7825.46698,14662.40541
4690,8,Fairbanks,0.25,0.7000000000000001,4162.8960400000005,2727.89545,8000.44373,14891.23522
4691,8,Fairbanks,0.25,0.75,4159.64404,2786.8333199999997,8172.158469999999,15118.63583
4692,8,Fairbanks,0.25,0.8500000000000001,4156.8798400000005,2906.10254,8522.68203,15585.664410000001
4693,8,Fairbanks,0.25,0.8,4157.25924,2846.24624,8346.34347,15349.84895
4694,8,Fairbanks,0.25,0.9500000000000001,4159.16708,3022.2997699999996,8886.792019999999,16068.258869999998
4695,8,Fairbanks,0.25,0.9,4152.5113200000005,2963.7736099999997,8703.042679999999,15819.327609999998
4696,8,Fairbanks,0.2,0.01,4818.759400000001,2073.08653,5835.292509999999,12727.13844
4697,8,Fairbanks,0.2,0.15000000000000002,4610.7398,2196.06114,6199.3391599999995,13006.1401
4698,8,Fairbanks,0.2,0.1,4658.782680000001,2149.18954,6059.67446,12867.646680000002
4699,8,Fairbanks,0.2,0.25,4303.555880000001,2295.94832,6497.068829999999,13096.57303
4700,8,Fairbanks,0.2,0.2,4567.032920000001,2246.00473,6341.44245,13154.4801
4701,8,Fairbanks,0.2,0.30000000000000004,4014.4205600000005,2346.24028,6662.481239999999,13023.14208
4702,8,Fairbanks,0.2,0.35000000000000003,3803.65844,2395.42379,6835.39944,13034.481670000001
4703,8,Fairbanks,0.2,0.45,3653.1558800000003,2494.29753,7222.945229999999,13370.39864
4704,8,Fairbanks,0.2,0.4,3677.6434400000003,2440.04682,7031.08837,13148.77863
4705,8,Fairbanks,0.2,0.55,3629.1236000000004,2593.99469,7563.80944,13786.92773
4706,8,Fairbanks,0.2,0.5,3637.8064400000003,2544.87452,7393.61486,13576.29582
4707,8,Fairbanks,0.2,0.6000000000000001,3626.8038400000005,2644.98339,7734.35239,14006.13962
4708,8,Fairbanks,0.2,0.65,3623.4651200000003,2699.01241,7907.8723199999995,14230.349849999999
4709,8,Fairbanks,0.2,0.7000000000000001,3623.89872,2763.2075,8083.26078,14470.366999999998
4710,8,Fairbanks,0.2,0.75,3627.6493600000003,2820.59354,8259.504329999998,14707.747229999997
4711,8,Fairbanks,0.2,0.8500000000000001,3642.50016,2938.2159199999996,8614.715049999999,15195.431129999999
4712,8,Fairbanks,0.2,0.8,3632.4189600000004,2874.1791799999996,8435.3045,14941.90264
4713,8,Fairbanks,0.2,0.9500000000000001,3648.7006400000005,3045.67223,8981.928699999999,15676.30157
4714,8,Fairbanks,0.2,0.9,3648.6898,2993.0050199999996,8796.18415,15437.878969999998
4715,8,Fairbanks,0.30000000000000004,0.01,6094.1396,2001.2272999999998,5885.67948,13981.04638
4716,8,Fairbanks,0.30000000000000004,0.15000000000000002,5748.11596,2174.74723,6197.56564,14120.42883
4717,8,Fairbanks,0.30000000000000004,0.1,5836.808840000001,2118.27962,6070.25224,14025.3407
4718,8,Fairbanks,0.30000000000000004,0.25,5445.484840000001,2276.50294,6474.86816,14196.855940000001
4719,8,Fairbanks,0.30000000000000004,0.2,5653.67788,2224.8174999999997,6328.711109999999,14207.20649
4720,8,Fairbanks,0.30000000000000004,0.30000000000000004,5222.6036,2327.1115999999997,6627.802589999999,14177.51779
4721,8,Fairbanks,0.30000000000000004,0.35000000000000003,5044.02544,2364.38719,6791.75818,14200.17081
4722,8,Fairbanks,0.30000000000000004,0.45,4879.647680000001,2441.3452899999997,7112.860309999999,14433.85328
4723,8,Fairbanks,0.30000000000000004,0.4,4931.950680000001,2399.79425,6957.075579999999,14288.82051
4724,8,Fairbanks,0.30000000000000004,0.55,4799.247400000001,2542.40426,7437.161109999999,14778.81277
4725,8,Fairbanks,0.30000000000000004,0.5,4833.751120000001,2487.39347,7271.71703,14592.86162
4726,8,Fairbanks,0.30000000000000004,0.6000000000000001,4766.6732,2583.70194,7600.799999999999,14951.17514
4727,8,Fairbanks,0.30000000000000004,0.65,4742.4458,2642.32311,7768.0492699999995,15152.81818
4728,8,Fairbanks,0.30000000000000004,0.7000000000000001,4727.0963600000005,2690.5565199999996,7939.447309999999,15357.100189999997
4729,8,Fairbanks,0.30000000000000004,0.75,4713.5138400000005,2754.27656,8108.691789999999,15576.482189999999
4730,8,Fairbanks,0.30000000000000004,0.8500000000000001,4691.291840000001,2873.13407,8456.77676,16021.202670000002
4731,8,Fairbanks,0.30000000000000004,0.8,4695.62784,2812.48602,8282.370069999999,15790.483929999999
4732,8,Fairbanks,0.30000000000000004,0.9500000000000001,4674.81504,2989.0145999999995,8811.67078,16475.50042
4733,8,Fairbanks,0.30000000000000004,0.9,4681.5358400000005,2933.08538,8630.89842,16245.51964
4734,8,Fairbanks,0.35000000000000003,0.01,6773.90516,1973.041,5923.20843,14670.154589999998
4735,8,Fairbanks,0.35000000000000003,0.15000000000000002,6370.126,2149.09453,6209.41022,14728.63075
4736,8,Fairbanks,0.35000000000000003,0.1,6469.810640000001,2089.74495,6087.63907,14647.194660000001
4737,8,Fairbanks,0.35000000000000003,0.25,6074.3024000000005,2261.30134,6475.02651,14810.63025
4738,8,Fairbanks,0.35000000000000003,0.2,6269.4766,2208.50745,6335.29847,14813.282519999999
4739,8,Fairbanks,0.35000000000000003,0.30000000000000004,5866.27196,2304.84759,6620.96187,14792.081419999999
4740,8,Fairbanks,0.35000000000000003,0.35000000000000003,5692.12736,2340.31799,6777.094969999999,14809.54032
4741,8,Fairbanks,0.35000000000000003,0.45,5505.07232,2430.89419,7077.041539999999,15013.00805
4742,8,Fairbanks,0.35000000000000003,0.4,5568.1286,2383.8009,6927.337449999999,14879.26695
4743,8,Fairbanks,0.35000000000000003,0.55,5405.702040000001,2519.1268099999998,7393.3615,15318.19035
4744,8,Fairbanks,0.35000000000000003,0.5,5450.221920000001,2465.95288,7231.4961299999995,15147.67093
4745,8,Fairbanks,0.35000000000000003,0.6000000000000001,5361.64828,2560.2661399999997,7553.865059999999,15475.77948
4746,8,Fairbanks,0.35000000000000003,0.65,5325.215040000001,2616.3853799999997,7717.6623,15659.26272
4747,8,Fairbanks,0.35000000000000003,0.7000000000000001,5300.9768,2671.80788,7883.70811,15856.49279
4748,8,Fairbanks,0.35000000000000003,0.75,5267.4378400000005,2727.7687699999997,8050.513999999999,16045.72061
4749,8,Fairbanks,0.35000000000000003,0.8500000000000001,5226.657760000001,2845.58117,8394.10183,16466.34076
4750,8,Fairbanks,0.35000000000000003,0.8,5248.608760000001,2782.93791,8222.29208,16253.83875
4751,8,Fairbanks,0.35000000000000003,0.9500000000000001,5208.46824,2959.8782,8743.928649999998,16912.27509
4752,8,Fairbanks,0.35000000000000003,0.9,5218.85296,2904.58238,8568.951899999998,16692.387239999996
4753,8,Fairbanks,0.45,0.01,8092.070840000001,1921.6405899999997,6009.12914,16022.84057
4754,8,Fairbanks,0.45,0.15000000000000002,7582.75344,2108.68361,6247.03418,15938.47123
4755,8,Fairbanks,0.45,0.1,7695.50028,2039.80136,6132.67381,15867.97545
4756,8,Fairbanks,0.45,0.25,7280.24156,2219.4652699999997,6489.43636,15989.143189999999
4757,8,Fairbanks,0.45,0.2,7454.37532,2168.25488,6361.204529999999,15983.834729999999
4758,8,Fairbanks,0.45,0.30000000000000004,7091.6906,2265.1650799999998,6622.387019999999,15979.242699999999
4759,8,Fairbanks,0.45,0.35000000000000003,6919.323760000001,2290.84945,6761.83003,15972.003240000002
4760,8,Fairbanks,0.45,0.45,6706.632120000001,2374.48992,7032.101809999999,16113.223850000002
4761,8,Fairbanks,0.45,0.4,6795.650200000001,2324.03961,6894.2423,16013.93211
4762,8,Fairbanks,0.45,0.55,6561.15932,2479.38096,7328.342989999999,16368.883269999998
4763,8,Fairbanks,0.45,0.5,6627.28332,2432.44602,7174.45846,16234.1878
4764,8,Fairbanks,0.45,0.6000000000000001,6499.8808,2525.0807699999996,7482.63923,16507.6008
4765,8,Fairbanks,0.45,0.65,6449.37724,2575.78444,7639.3107199999995,16664.4724
4766,8,Fairbanks,0.45,0.7000000000000001,6411.22044,2627.50155,7797.53404,16836.25603
4767,8,Fairbanks,0.45,0.75,6371.090760000001,2686.3444099999997,7959.906129999999,17017.3413
4768,8,Fairbanks,0.45,0.8500000000000001,6295.02648,2807.35548,8293.169539999999,17395.5515
4769,8,Fairbanks,0.45,0.8,6335.5030400000005,2740.46844,8124.68514,17200.65662
4770,8,Fairbanks,0.45,0.9500000000000001,6244.674680000001,2920.2590299999997,8623.32929,17788.263
4771,8,Fairbanks,0.45,0.9,6263.081,2866.6417199999996,8459.18368,17588.9064
4772,8,Fairbanks,0.4,0.01,7440.803640000001,1944.4746599999999,5963.460999999999,15348.739300000001
4773,8,Fairbanks,0.4,0.15000000000000002,6979.431560000001,2124.55028,6225.81528,15329.79712
4774,8,Fairbanks,0.4,0.1,7089.1432,2062.73044,6107.369479999999,15259.24312
4775,8,Fairbanks,0.4,0.25,6685.396560000001,2240.3991399999995,6478.6052199999995,15404.40092
4776,8,Fairbanks,0.4,0.2,6862.66308,2184.5649299999995,6345.306189999999,15392.534199999998
4777,8,Fairbanks,0.4,0.30000000000000004,6485.43108,2289.4242999999997,6618.3966,15393.251980000001
4778,8,Fairbanks,0.4,0.35000000000000003,6316.40296,2313.24014,6768.860769999999,15398.50387
4779,8,Fairbanks,0.4,0.45,6111.646200000001,2411.3538,7049.23528,15572.23528
4780,8,Fairbanks,0.4,0.4,6192.93536,2346.05026,6908.14543,15447.13105
4781,8,Fairbanks,0.4,0.55,5986.2490800000005,2488.81862,7358.39782,15833.46552
4782,8,Fairbanks,0.4,0.5,6047.6251600000005,2447.23591,7199.57277,15694.433840000002
4783,8,Fairbanks,0.4,0.6000000000000001,5939.008360000001,2546.2363299999997,7515.89273,16001.13742
4784,8,Fairbanks,0.4,0.65,5892.634840000001,2591.68278,7675.002809999999,16159.32043
4785,8,Fairbanks,0.4,0.7000000000000001,5856.70024,2650.0822599999997,7837.02653,16343.80903
4786,8,Fairbanks,0.4,0.75,5831.172040000001,2708.2917199999997,8002.945659999999,16542.40942
4787,8,Fairbanks,0.4,0.8500000000000001,5770.186200000001,2822.49374,8339.18605,16931.865990000002
4788,8,Fairbanks,0.4,0.8,5796.18052,2764.25261,8170.574969999999,16731.0081
4789,8,Fairbanks,0.4,0.9500000000000001,5733.55784,2939.98944,8682.0138,17355.56108
4790,8,Fairbanks,0.4,0.9,5750.47908,2882.7617499999997,8510.71077,17143.9516
4791,8,Fairbanks,0.55,0.01,9305.07768,1880.5329299999999,6113.133419999999,17298.744029999998
4792,8,Fairbanks,0.55,0.15000000000000002,8693.01876,2074.98673,6294.88755,17062.893040000003
4793,8,Fairbanks,0.55,0.1,8851.228560000001,2002.0190499999999,6200.38427,17053.63188
4794,8,Fairbanks,0.55,0.25,8404.165280000001,2194.3826299999996,6521.32805,17119.87596
4795,8,Fairbanks,0.55,0.2,8566.212440000001,2145.0407699999996,6404.275729999999,17115.52894
4796,8,Fairbanks,0.55,0.30000000000000004,8225.359480000001,2221.11211,6644.872719999999,17091.34431
4797,8,Fairbanks,0.55,0.35000000000000003,8060.190400000001,2244.70626,6761.069949999999,17065.966610000003
4798,8,Fairbanks,0.55,0.45,7839.173640000001,2324.22963,7011.452969999999,17174.85624
4799,8,Fairbanks,0.55,0.4,7939.42196,2265.6401299999998,6882.55607,17087.618159999998
4800,8,Fairbanks,0.55,0.55,7668.02088,2439.9518099999996,7291.859149999999,17399.83184
4801,8,Fairbanks,0.55,0.5,7749.55936,2383.3575199999996,7146.68387,17279.60075
4802,8,Fairbanks,0.55,0.6000000000000001,7587.425480000001,2487.0451,7436.21101,17510.68159
4803,8,Fairbanks,0.55,0.65,7516.596920000001,2540.53573,7584.7116399999995,17641.84429
4804,8,Fairbanks,0.55,0.7000000000000001,7463.8278,2596.02157,7737.297699999999,17797.14707
4805,8,Fairbanks,0.55,0.75,7413.87708,2639.0611,7892.480699999999,17945.41888
4806,8,Fairbanks,0.55,0.8500000000000001,7325.823760000001,2759.21708,8212.50605,18297.54689
4807,8,Fairbanks,0.55,0.8,7372.284000000001,2713.54894,8050.9257099999995,18136.75865
4808,8,Fairbanks,0.55,0.9500000000000001,7256.404400000001,2865.8183,8527.40086,18649.62356
4809,8,Fairbanks,0.55,0.9,7287.287560000001,2820.40352,8375.47987,18483.17095
4810,8,Fairbanks,0.5,0.01,8721.63636,1899.8199599999998,6059.76947,16681.22579
4811,8,Fairbanks,0.5,0.15000000000000002,8147.8318,2090.7267199999997,6268.7281299999995,16507.28665
4812,8,Fairbanks,0.5,0.1,8290.47536,2021.6861199999998,6164.533829999999,16476.69531
4813,8,Fairbanks,0.5,0.25,7858.43632,2203.09188,6503.65619,16565.184390000002
4814,8,Fairbanks,0.5,0.2,8026.01188,2157.07537,6381.37832,16564.46557
4815,8,Fairbanks,0.5,0.30000000000000004,7677.939480000001,2239.67073,6632.71144,16550.32165
4816,8,Fairbanks,0.5,0.35000000000000003,7505.345,2258.29269,6761.35498,16524.99267
4817,8,Fairbanks,0.5,0.45,7291.69944,2347.34873,7021.04898,16660.09715
4818,8,Fairbanks,0.5,0.4,7380.45736,2300.1287599999996,6887.749949999999,16568.336069999998
4819,8,Fairbanks,0.5,0.55,7131.16988,2459.11216,7307.694149999999,16897.97619
4820,8,Fairbanks,0.5,0.5,7208.8168000000005,2401.34608,7159.16185,16769.32473
4821,8,Fairbanks,0.5,0.6000000000000001,7063.484920000001,2505.16034,7457.0181999999995,17025.66346
4822,8,Fairbanks,0.5,0.65,7009.71852,2558.90433,7607.894079999999,17176.516929999998
4823,8,Fairbanks,0.5,0.7000000000000001,6954.53208,2607.67613,7765.1989699999995,17327.407180000002
4824,8,Fairbanks,0.5,0.75,6908.37536,2661.89517,7924.340719999999,17494.611249999998
4825,8,Fairbanks,0.5,0.8500000000000001,6825.3518,2783.57131,8249.52828,17858.451390000002
4826,8,Fairbanks,0.5,0.8,6866.478760000001,2716.30423,8086.55446,17669.337450000003
4827,8,Fairbanks,0.5,0.9500000000000001,6750.81596,2896.9815799999997,8574.87419,18222.671730000002
4828,8,Fairbanks,0.5,0.9,6789.308800000001,2840.92568,8418.04435,18048.278830000003
4829,8,Fairbanks,0.6000000000000001,0.01,9849.61424,1863.7794999999999,6166.339019999999,17879.73276
4830,8,Fairbanks,0.6000000000000001,0.15000000000000002,9194.04356,2059.4050899999997,6321.80705,17575.2557
4831,8,Fairbanks,0.6000000000000001,0.1,9372.60004,1986.0890399999998,6237.21648,17595.90556
4832,8,Fairbanks,0.6000000000000001,0.25,8925.93784,2185.26167,6542.5152800000005,17653.71479
4833,8,Fairbanks,0.6000000000000001,0.2,9072.14776,2130.7259299999996,6428.97833,17631.85202
4834,8,Fairbanks,0.6000000000000001,0.30000000000000004,8758.123800000001,2216.29827,6657.097339999999,17631.51941
4835,8,Fairbanks,0.6000000000000001,0.35000000000000003,8597.81104,2220.44704,6766.992239999999,17585.25032
4836,8,Fairbanks,0.6000000000000001,0.45,8363.873000000001,2298.03854,7007.71591,17669.62745
4837,8,Fairbanks,0.6000000000000001,0.4,8468.22968,2247.74658,6882.55607,17598.53233
4838,8,Fairbanks,0.6000000000000001,0.55,8185.793480000001,2414.0774199999996,7279.792879999999,17879.663780000003
4839,8,Fairbanks,0.6000000000000001,0.5,8272.89288,2353.42937,7138.956389999999,17765.278639999997
4840,8,Fairbanks,0.6000000000000001,0.6000000000000001,8103.56124,2466.8713099999995,7420.661039999999,17991.093589999997
4841,8,Fairbanks,0.6000000000000001,0.65,8030.34788,2529.0078499999995,7564.63286,18123.98859
4842,8,Fairbanks,0.6000000000000001,0.7000000000000001,7973.112680000001,2577.11458,7711.39164,18261.6189
4843,8,Fairbanks,0.6000000000000001,0.75,7918.82596,2633.0754699999998,7864.99114,18416.89257
4844,8,Fairbanks,0.6000000000000001,0.8500000000000001,7815.6183200000005,2739.96172,8178.84084,18734.42088
4845,8,Fairbanks,0.6000000000000001,0.8,7864.788560000001,2687.54787,8019.667420000001,18572.00385
4846,8,Fairbanks,0.6000000000000001,0.9500000000000001,7732.9958400000005,2851.9151699999998,8484.29799,19069.209
4847,8,Fairbanks,0.6000000000000001,0.9,7772.8870400000005,2796.33432,8339.85112,18909.07248
4848,8,Fairbanks,0.65,0.01,10381.89076,1848.7045799999999,6225.53025,18456.12559
4849,8,Fairbanks,0.65,0.15000000000000002,9676.93304,2048.57395,6356.169,18081.67599
4850,8,Fairbanks,0.65,0.1,9871.9338,1972.6926299999998,6280.22434,18124.85077
4851,8,Fairbanks,0.65,0.25,9414.30152,2173.03705,6577.257269999999,18164.595839999998
4852,8,Fairbanks,0.65,0.2,9557.87732,2122.90344,6462.99191,18143.77267
4853,8,Fairbanks,0.65,0.30000000000000004,9238.227400000002,2201.57172,6680.59648,18120.395600000003
4854,8,Fairbanks,0.65,0.35000000000000003,9081.65444,2211.00938,6788.211139999999,18080.87496
4855,8,Fairbanks,0.65,0.45,8848.68116,2287.61911,7024.0893,18160.38957
4856,8,Fairbanks,0.65,0.4,8952.62592,2236.15536,6901.938109999999,18090.71939
4857,8,Fairbanks,0.65,0.55,8665.66944,2392.92186,7288.8505,18347.4418
4858,8,Fairbanks,0.65,0.5,8753.842,2338.54447,7153.492920000001,18245.879390000002
4859,8,Fairbanks,0.65,0.6000000000000001,8585.811160000001,2450.5295899999996,7425.9816,18462.322350000002
4860,8,Fairbanks,0.65,0.65,8504.793000000001,2517.7016599999997,7574.735589999999,18597.23025
4861,8,Fairbanks,0.65,0.7000000000000001,8430.1596,2568.8487099999998,7716.55385,18715.56216
4862,8,Fairbanks,0.65,0.75,8373.27128,2628.19829,7865.751219999999,18867.22079
4863,8,Fairbanks,0.65,0.8500000000000001,8274.02024,2750.79286,8174.818749999999,19199.631849999998
4864,8,Fairbanks,0.65,0.8,8325.73788,2678.55359,8019.06569,19023.35716
4865,8,Fairbanks,0.65,0.9500000000000001,8189.8368,2845.89787,8481.225999999999,19516.96067
4866,8,Fairbanks,0.65,0.9,8226.486840000001,2790.38036,8332.63036,19349.49756
4867,8,Fairbanks,0.7000000000000001,0.01,10884.574080000002,1835.18149,6284.75315,19004.50872
4868,8,Fairbanks,0.7000000000000001,0.15000000000000002,10137.84984,2037.17275,6393.98298,18569.00557
4869,8,Fairbanks,0.7000000000000001,0.1,10336.57956,1961.8931599999999,6324.68902,18623.16174
4870,8,Fairbanks,0.7000000000000001,0.25,9850.99092,2160.90744,6609.5289999999995,18621.427359999998
4871,8,Fairbanks,0.7000000000000001,0.2,10006.27392,2115.7460199999996,6499.19072,18621.210659999997
4872,8,Fairbanks,0.7000000000000001,0.30000000000000004,9680.73788,2186.78183,6706.72423,18574.24394
4873,8,Fairbanks,0.7000000000000001,0.35000000000000003,9528.468400000002,2196.0928099999996,6813.07209,18537.6333
4874,8,Fairbanks,0.7000000000000001,0.45,9305.83648,2279.32157,7045.65657,18630.81462
4875,8,Fairbanks,0.7000000000000001,0.4,9404.85988,2228.87126,6926.260670000001,18559.99181
4876,8,Fairbanks,0.7000000000000001,0.55,9123.583560000001,2385.92279,7303.45037,18812.956720000002
4877,8,Fairbanks,0.7000000000000001,0.5,9207.83204,2331.3237099999997,7171.95653,18711.112279999998
4878,8,Fairbanks,0.7000000000000001,0.6000000000000001,9042.7822,2444.86066,7436.36936,18924.01222
4879,8,Fairbanks,0.7000000000000001,0.65,8961.88328,2509.46746,7589.113769999999,19060.464509999998
4880,8,Fairbanks,0.7000000000000001,0.7000000000000001,8892.19292,2565.01664,7726.18153,19183.391089999997
4881,8,Fairbanks,0.7000000000000001,0.75,8826.45916,2621.04087,7869.456609999999,19316.956639999997
4882,8,Fairbanks,0.7000000000000001,0.8500000000000001,8721.7556,2739.1382999999996,8174.470379999999,19635.364279999998
4883,8,Fairbanks,0.7000000000000001,0.8,8771.30524,2671.14281,8021.75764,19464.20569
4884,8,Fairbanks,0.7000000000000001,0.9500000000000001,8629.1278,2841.78077,8480.05421,19950.96278
4885,8,Fairbanks,0.7000000000000001,0.9,8675.046040000001,2788.0684499999998,8328.32324,19791.437729999998
4886,8,Fairbanks,0.75,0.01,11356.970440000001,1823.49526,6345.68623,19526.15193
4887,8,Fairbanks,0.75,0.15000000000000002,10567.99188,2027.3867199999997,6432.335349999999,19027.713949999998
4888,8,Fairbanks,0.75,0.1,10785.203800000001,1951.6954199999998,6371.02223,19107.92145
4889,8,Fairbanks,0.75,0.25,10275.03004,2149.50624,6638.031999999999,19062.56828
4890,8,Fairbanks,0.75,0.2,10435.41868,2106.34003,6538.208159999999,19079.96687
4891,8,Fairbanks,0.75,0.30000000000000004,10111.096720000001,2165.5629299999996,6737.06409,19013.72374
4892,8,Fairbanks,0.75,0.35000000000000003,9969.25532,2180.95455,6841.86012,18992.06999
4893,8,Fairbanks,0.75,0.45,9746.50416,2276.31292,7072.32271,19095.13979
4894,8,Fairbanks,0.75,0.4,9849.429960000001,2224.88084,6955.14371,19029.454510000003
4895,8,Fairbanks,0.75,0.55,9560.08868,2384.1175999999996,7324.70094,19268.90722
4896,8,Fairbanks,0.75,0.5,9650.429240000001,2328.1883799999996,7196.3741,19174.99172
4897,8,Fairbanks,0.75,0.6000000000000001,9480.65316,2439.1600599999997,7453.407819999999,19373.22104
4898,8,Fairbanks,0.75,0.65,9394.431800000002,2502.4683899999995,7606.53227,19503.432460000004
4899,8,Fairbanks,0.75,0.7000000000000001,9327.01784,2560.86787,7741.06643,19628.95214
4900,8,Fairbanks,0.75,0.75,9257.60932,2617.8422,7879.495999999999,19754.947519999998
4901,8,Fairbanks,0.75,0.8500000000000001,9142.01156,2727.04036,8177.162329999999,20046.21425
4902,8,Fairbanks,0.75,0.8,9194.802360000001,2671.6812,8028.059969999999,19894.54353
4903,8,Fairbanks,0.75,0.9500000000000001,9053.405400000001,2835.19341,8481.5427,20370.14151
4904,8,Fairbanks,0.75,0.9,9098.554,2784.33139,8327.78485,20210.67024
4905,8,Fairbanks,0.8500000000000001,0.01,12253.17828,1803.89153,6473.41134,20530.48115
4906,8,Fairbanks,0.8500000000000001,0.15000000000000002,11411.82084,2001.6390099999999,6506.09478,19919.55463
4907,8,Fairbanks,0.8500000000000001,0.1,11640.73996,1927.37286,6461.788449999999,20029.90127
4908,8,Fairbanks,0.8500000000000001,0.25,11113.37396,2123.28348,6679.13966,19915.7971
4909,8,Fairbanks,0.8500000000000001,0.2,11259.638080000002,2079.2938499999996,6590.431989999999,19929.363920000003
4910,8,Fairbanks,0.8500000000000001,0.30000000000000004,10952.99616,2139.97357,6773.83296,19866.80269
4911,8,Fairbanks,0.8500000000000001,0.35000000000000003,10808.195440000001,2159.1339199999998,6871.978289999999,19839.307650000002
4912,8,Fairbanks,0.8500000000000001,0.45,10586.78844,2249.9001399999997,7089.234489999999,19925.923069999997
4913,8,Fairbanks,0.8500000000000001,0.4,10690.212880000001,2201.2233499999998,6978.70619,19870.14242
4914,8,Fairbanks,0.8500000000000001,0.55,10396.38384,2361.9802699999996,7330.11651,20088.480620000002
4915,8,Fairbanks,0.8500000000000001,0.5,10485.271840000001,2308.07793,7208.28202,20001.63179
4916,8,Fairbanks,0.8500000000000001,0.6000000000000001,10310.66112,2416.13597,7454.231239999999,20181.02833
4917,8,Fairbanks,0.8500000000000001,0.65,10229.46952,2487.0767699999997,7607.957420000001,20324.50371
4918,8,Fairbanks,0.8500000000000001,0.7000000000000001,10165.762840000001,2540.47239,7736.79098,20443.026210000004
4919,8,Fairbanks,0.8500000000000001,0.75,10092.15924,2598.04845,7870.21669,20560.42438
4920,8,Fairbanks,0.8500000000000001,0.8500000000000001,9958.96816,2709.78021,8152.8081,20821.556470000003
4921,8,Fairbanks,0.8500000000000001,0.8,10024.09488,2658.44314,8010.134749999999,20692.672769999997
4922,8,Fairbanks,0.8500000000000001,0.9500000000000001,9868.226520000002,2816.19141,8447.90916,21132.32709
4923,8,Fairbanks,0.8500000000000001,0.9,9911.543160000001,2769.76319,8299.31352,20980.619870000002
4924,8,Fairbanks,0.8,0.01,11819.36148,1811.61901,6408.1711399999995,20039.15163
4925,8,Fairbanks,0.8,0.15000000000000002,11003.8466,2011.39337,6465.493839999999,19480.733809999998
4926,8,Fairbanks,0.8,0.1,11228.52728,1937.66561,6414.948519999999,19581.14141
4927,8,Fairbanks,0.8,0.25,10700.87944,2134.96971,6654.88044,19490.72959
4928,8,Fairbanks,0.8,0.2,10854.6882,2089.33324,6564.430920000001,19508.452360000003
4929,8,Fairbanks,0.8,0.30000000000000004,10533.8242,2154.0033799999997,6751.85398,19439.681559999997
4930,8,Fairbanks,0.8,0.35000000000000003,10389.20776,2170.44011,6853.73637,19413.38424
4931,8,Fairbanks,0.8,0.45,10162.8252,2261.96641,7078.751719999999,19503.54333
4932,8,Fairbanks,0.8,0.4,10269.67508,2209.10918,6963.85296,19442.63722
4933,8,Fairbanks,0.8,0.55,9980.366320000001,2370.59451,7326.09442,19677.05525
4934,8,Fairbanks,0.8,0.5,10067.953520000001,2319.25744,7200.807899999999,19588.01886
4935,8,Fairbanks,0.8,0.6000000000000001,9900.64896,2433.26944,7453.72452,19787.64292
4936,8,Fairbanks,0.8,0.65,9813.452000000001,2496.0710499999996,7610.64937,19920.17242
4937,8,Fairbanks,0.8,0.7000000000000001,9745.39848,2553.74212,7742.5549200000005,20041.69552
4938,8,Fairbanks,0.8,0.75,9673.68104,2610.1147199999996,7879.084289999999,20162.88005
4939,8,Fairbanks,0.8,0.8500000000000001,9552.609080000002,2717.98274,8171.8101,20442.40192
4940,8,Fairbanks,0.8,0.8,9602.906680000002,2663.09863,8023.594499999999,20289.59981
4941,8,Fairbanks,0.8,0.9500000000000001,9453.022,2830.9813,8473.086809999999,20757.090109999997
4942,8,Fairbanks,0.8,0.9,9501.563520000002,2781.1327199999996,8320.025699999998,20602.72194
4943,8,Fairbanks,0.9500000000000001,0.01,13086.85016,1786.21967,6532.507559999999,21405.57739
4944,8,Fairbanks,0.9500000000000001,0.15000000000000002,12172.2902,1987.2291599999999,6589.861929999999,20749.381289999998
4945,8,Fairbanks,0.9500000000000001,0.1,12426.824240000002,1908.1174999999998,6560.282149999999,20895.22389
4946,8,Fairbanks,0.9500000000000001,0.25,11859.773000000001,2106.055,6726.73967,20692.56767
4947,8,Fairbanks,0.9500000000000001,0.2,11997.907120000002,2060.7352300000002,6643.76427,20702.40662
4948,8,Fairbanks,0.9500000000000001,0.30000000000000004,11705.71492,2109.15866,6818.29764,20633.17122
4949,8,Fairbanks,0.9500000000000001,0.35000000000000003,11578.97364,2135.34975,6912.04084,20626.36423
4950,8,Fairbanks,0.9500000000000001,0.45,11347.4204,2234.2551599999997,7117.1991,20698.87466
4951,8,Fairbanks,0.9500000000000001,0.4,11448.405840000001,2186.3384499999997,7011.104600000001,20645.84889
4952,8,Fairbanks,0.9500000000000001,0.55,11162.5984,2345.32185,7344.241329999999,20852.16158
4953,8,Fairbanks,0.9500000000000001,0.5,11253.079880000001,2286.85903,7228.86752,20768.80643
4954,8,Fairbanks,0.9500000000000001,0.6000000000000001,11080.236080000002,2400.68101,7461.73703,20942.654120000003
4955,8,Fairbanks,0.9500000000000001,0.65,10991.532360000001,2474.91549,7608.02076,21074.46861
4956,8,Fairbanks,0.9500000000000001,0.7000000000000001,10921.09404,2521.02701,7729.823579999999,21171.944629999998
4957,8,Fairbanks,0.9500000000000001,0.75,10852.238360000001,2578.5080599999997,7856.88362,21287.63004
4958,8,Fairbanks,0.9500000000000001,0.8500000000000001,10723.372440000001,2684.4442099999997,8127.503769999999,21535.32042
4959,8,Fairbanks,0.9500000000000001,0.8,10783.26344,2634.5322899999996,7991.1960899999995,21408.99182
4960,8,Fairbanks,0.9500000000000001,0.9500000000000001,10606.7232,2800.79979,8403.53949,21811.06248
4961,8,Fairbanks,0.9500000000000001,0.9,10659.633240000001,2733.9760899999997,8263.30473,21656.914060000003
4962,8,Fairbanks,0.9,0.01,12674.37732,1794.51721,6511.57369,20980.46822
4963,8,Fairbanks,0.9,0.15000000000000002,11800.283080000001,1994.79829,6547.044089999999,20342.125460000003
4964,8,Fairbanks,0.9,0.1,12042.427000000001,1916.73174,6510.1802099999995,20469.33895
4965,8,Fairbanks,0.9,0.25,11493.500240000001,2114.6059,6702.35377,20310.45991
4966,8,Fairbanks,0.9,0.2,11629.65064,2067.7026299999998,6615.387949999999,20312.74122
4967,8,Fairbanks,0.9,0.30000000000000004,11333.252520000002,2122.65008,6796.255319999999,20252.15792
4968,8,Fairbanks,0.9,0.35000000000000003,11191.41112,2142.2538099999997,6890.9802899999995,20224.64522
4969,8,Fairbanks,0.9,0.45,10970.21008,2240.8425199999997,7102.504219999999,20313.556819999998
4970,8,Fairbanks,0.9,0.4,11076.10604,2192.16573,6993.242719999999,20261.51449
4971,8,Fairbanks,0.9,0.55,10778.39628,2353.36603,7335.69043,20467.45274
4972,8,Fairbanks,0.9,0.5,10872.97528,2297.40514,7217.244629999999,20387.625050000002
4973,8,Fairbanks,0.9,0.6000000000000001,10696.445880000001,2406.09658,7457.334899999999,20559.87736
4974,8,Fairbanks,0.9,0.65,10608.68524,2477.0690499999996,7607.133999999999,20692.88829
4975,8,Fairbanks,0.9,0.7000000000000001,10544.20892,2528.2477699999995,7732.990579999999,20805.447269999997
4976,8,Fairbanks,0.9,0.75,10474.91964,2585.8554999999997,7862.394199999999,20923.16934
4977,8,Fairbanks,0.9,0.8500000000000001,10338.910160000001,2696.32046,8140.171769999999,21175.402390000003
4978,8,Fairbanks,0.9,0.8,10408.6764,2650.05059,8000.12703,21058.85402
4979,8,Fairbanks,0.9,0.9500000000000001,10237.209280000001,2801.2431699999997,8425.96185,21464.4143
4980,8,Fairbanks,0.9,0.9,10280.31996,2748.73431,8280.058159999999,21309.11243
