Unnamed: 0,Climate Zone,City,U,SHGC,HeatingSource,CoolingSource,FanSource,TotalSource
0,1A,Miami,0.01,0.01,0.0,120.59936,46.30154,166.90089999999998
1,1A,Miami,0.01,0.15,0.0,133.99577,51.49542,185.49119
2,1A,Miami,0.01,0.1,0.0,129.27694,49.53188,178.80882
3,1A,Miami,0.01,0.25,0.0,142.61001,54.88410999999999,197.49412
4,1A,Miami,0.01,0.2,0.0,138.23954999999998,53.17392999999999,191.41348
5,1A,Miami,0.01,0.3,0.0,146.88546,56.62595999999999,203.51142
6,1A,Miami,0.01,0.35,0.0,151.22424999999998,58.36781,209.59206
7,1A,Miami,0.01,0.45,0.0,160.47189,62.04153,222.51342
8,1A,Miami,0.01,0.4,0.0,155.78473,60.20467,215.9894
9,1A,Miami,0.01,0.55,0.0,169.46616999999998,65.81026,235.27643
10,1A,Miami,0.01,0.5,0.0,165.0007,63.94173,228.94243
11,1A,Miami,0.01,0.6000000000000001,0.0,174.02665,67.74213,241.76878
12,1A,Miami,0.01,0.65,0.0,178.6188,69.67399999999999,248.2928
13,1A,Miami,0.01,0.7000000000000001,0.0,183.21095,71.66920999999999,254.88016
14,1A,Miami,0.01,0.75,0.0,187.83477,73.66442,261.49919
15,1A,Miami,0.01,0.8500000000000001,0.0,197.05074,77.68651,274.73725
16,1A,Miami,0.01,0.8,0.0,192.42692,75.65962999999999,268.08655
17,1A,Miami,0.01,0.95,0.0,206.33005,81.80360999999999,288.13366
18,1A,Miami,0.01,0.9,0.0,201.67456,79.74506,281.41962
19,1A,Miami,0.05,0.01,0.0,120.0293,46.49156,166.52086
20,1A,Miami,0.05,0.15,0.0,133.52071999999998,51.71710999999999,185.23783
21,1A,Miami,0.05,0.1,0.0,128.70687999999998,49.7219,178.42878
22,1A,Miami,0.05,0.25,0.0,142.07162,55.1058,197.17742
23,1A,Miami,0.05,0.2,0.0,137.70116,53.39562,191.09678
24,1A,Miami,0.05,0.3,0.0,146.34707,56.81598,203.16305
25,1A,Miami,0.05,0.35,0.0,150.65419,58.5895,209.24369
26,1A,Miami,0.05,0.45,0.0,159.83848999999998,62.23154999999999,222.07004
27,1A,Miami,0.05,0.4,0.0,155.15133,60.36301999999999,215.51435
28,1A,Miami,0.05,0.55,0.0,168.8011,65.96860999999998,234.76971
29,1A,Miami,0.05,0.5,0.0,164.33562999999998,64.10007999999999,228.43571
30,1A,Miami,0.05,0.6000000000000001,0.0,173.29824,67.90048,241.19872
31,1A,Miami,0.05,0.65,0.0,177.85871999999998,69.83235,247.69107
32,1A,Miami,0.05,0.7000000000000001,0.0,182.4192,71.76422,254.18342
33,1A,Miami,0.05,0.75,0.0,187.04302,73.75943,260.80245
34,1A,Miami,0.05,0.8500000000000001,0.0,196.19565,77.78151999999999,273.97717
35,1A,Miami,0.05,0.8,0.0,191.6035,75.75464,267.35814
36,1A,Miami,0.05,0.95,0.0,205.44329,81.86695,287.31024
37,1A,Miami,0.05,0.9,0.0,200.7878,79.80839999999999,280.59619999999995
38,1A,Miami,0.15,0.01,0.0,118.79416999999998,46.90327,165.69743999999997
39,1A,Miami,0.15,0.15,0.0,132.41227,52.2555,184.66777
40,1A,Miami,0.15,0.1,0.0,127.56676,50.22861999999999,177.79538
41,1A,Miami,0.15,0.25,0.0,140.89983,55.61251999999999,196.51235
42,1A,Miami,0.15,0.2,0.0,136.62438,53.90234,190.52672
43,1A,Miami,0.15,0.3,0.0,145.11194,57.322700000000005,202.43464
44,1A,Miami,0.15,0.35,0.0,149.38739,59.06454999999999,208.45194
45,1A,Miami,0.15,0.45,0.0,158.47668,62.67493,221.15161
46,1A,Miami,0.15,0.4,0.0,153.82119,60.83807,214.65926
47,1A,Miami,0.15,0.55,0.0,167.28094,66.38032,233.66126
48,1A,Miami,0.15,0.5,0.0,162.84714,64.51179,227.35893
49,1A,Miami,0.15,0.6000000000000001,0.0,171.74640999999997,68.28052,240.02693
50,1A,Miami,0.15,0.65,0.0,176.21187999999998,70.18072,246.3926
51,1A,Miami,0.15,0.7000000000000001,0.0,180.74069,72.11259,252.85328
52,1A,Miami,0.15,0.75,0.0,185.23783,74.04445999999999,259.28229
53,1A,Miami,0.15,0.8500000000000001,0.0,194.26378,78.00321,272.26699
54,1A,Miami,0.15,0.8,0.0,189.76664,76.03967,265.80631
55,1A,Miami,0.15,0.95,0.0,203.3214,82.02529999999999,285.3467
56,1A,Miami,0.15,0.9,0.0,198.76092,79.99842,278.75933999999995
57,1A,Miami,0.1,0.01,0.0,119.3959,46.68158,166.07747999999998
58,1A,Miami,0.1,0.15,0.0,132.95065999999997,51.97047,184.92113
59,1A,Miami,0.1,0.1,0.0,128.10515,49.97525999999999,178.08041
60,1A,Miami,0.1,0.25,0.0,141.43821999999997,55.35916,196.79738
61,1A,Miami,0.1,0.2,0.0,137.13109999999998,53.64898,190.78008
62,1A,Miami,0.1,0.3,0.0,145.71366999999998,57.06934,202.78301
63,1A,Miami,0.1,0.35,0.0,149.98912,58.81119,208.80031
64,1A,Miami,0.1,0.45,0.0,159.11008,62.45324,221.56332
65,1A,Miami,0.1,0.4,0.0,154.45459,60.61638,215.07097
66,1A,Miami,0.1,0.55,0.0,168.00934999999998,66.1903,234.19965
67,1A,Miami,0.1,0.5,0.0,163.57555,64.32176999999999,227.89732
68,1A,Miami,0.1,0.6000000000000001,0.0,172.50649,68.09049999999999,240.59699
69,1A,Miami,0.1,0.65,0.0,177.00363,69.9907,246.99433
70,1A,Miami,0.1,0.7000000000000001,0.0,181.56411,71.92257,253.48668
71,1A,Miami,0.1,0.75,0.0,186.09292,73.91778,260.0107
72,1A,Miami,0.1,0.8500000000000001,0.0,195.21388,77.87652999999999,273.09041
73,1A,Miami,0.1,0.8,0.0,190.62173,75.88132,266.50305
74,1A,Miami,0.1,0.95,0.0,204.36651,81.93029,286.2968
75,1A,Miami,0.1,0.9,0.0,199.74269,79.90341,279.6461
76,1A,Miami,0.25,0.01,0.0,117.8124,47.28330999999999,165.09571
77,1A,Miami,0.25,0.15,0.0,131.52551,52.76222,184.28773
78,1A,Miami,0.25,0.1,0.0,126.68,50.672,177.35199999999998
79,1A,Miami,0.25,0.25,0.0,139.94973,56.08757,196.0373
80,1A,Miami,0.25,0.2,0.0,135.76928999999998,54.40906,190.17835
81,1A,Miami,0.25,0.3,0.0,144.16184,57.79774999999999,201.95959
82,1A,Miami,0.25,0.35,0.0,148.31061,59.5396,207.85021
83,1A,Miami,0.25,0.45,0.0,157.30489,63.11831,220.4232
84,1A,Miami,0.25,0.4,0.0,152.77608,61.31312,214.0892
85,1A,Miami,0.25,0.55,0.0,166.04581,66.79203,232.83784
86,1A,Miami,0.25,0.5,0.0,161.64368,64.95517,226.59885
87,1A,Miami,0.25,0.6000000000000001,0.0,170.41627,68.66055999999999,239.07683
88,1A,Miami,0.25,0.65,0.0,174.85007,70.52909,245.37916
89,1A,Miami,0.25,0.7000000000000001,0.0,179.31553999999997,72.46095999999999,251.77649999999997
90,1A,Miami,0.25,0.75,0.0,183.74934,74.36116,258.1105
91,1A,Miami,0.25,0.8500000000000001,0.0,192.64861,78.25657,270.90518
92,1A,Miami,0.25,0.8,0.0,188.18314,76.3247,264.50784
93,1A,Miami,0.25,0.95,0.0,201.51621,82.18364999999999,283.69986
94,1A,Miami,0.25,0.9,0.0,197.11408,80.22010999999999,277.33419
95,1A,Miami,0.2,0.01,0.0,118.28745,47.09329,165.38074
96,1A,Miami,0.2,0.15,0.0,131.96889,52.50885999999999,184.47775
97,1A,Miami,0.2,0.1,0.0,127.12338,50.45031,177.57369
98,1A,Miami,0.2,0.25,0.0,140.36144,55.86588,196.22732
99,1A,Miami,0.2,0.2,0.0,136.18099999999998,54.1557,190.3367
100,1A,Miami,0.2,0.3,0.0,144.60521999999995,57.54439,202.14961
101,1A,Miami,0.2,0.35,0.0,148.81733,59.28623999999999,208.10357
102,1A,Miami,0.2,0.45,0.0,157.87494999999998,62.89661999999999,220.77157
103,1A,Miami,0.2,0.4,0.0,153.28279999999998,61.05976,214.34256
104,1A,Miami,0.2,0.55,0.0,166.61587,66.60200999999999,233.21788
105,1A,Miami,0.2,0.5,0.0,162.21373999999997,64.73348,226.94722
106,1A,Miami,0.2,0.6000000000000001,0.0,171.04967,68.47054,239.52021
107,1A,Miami,0.2,0.65,0.0,175.48346999999998,70.37074,245.85421
108,1A,Miami,0.2,0.7000000000000001,0.0,179.98060999999998,72.27094,252.25155
109,1A,Miami,0.2,0.75,0.0,184.41441,74.20281,258.61722
110,1A,Miami,0.2,0.8500000000000001,0.0,193.44036,78.12989,271.57025
111,1A,Miami,0.2,0.8,0.0,188.94322,76.16635,265.10957
112,1A,Miami,0.2,0.95,0.0,202.3713,82.08864,284.45994
113,1A,Miami,0.2,0.9,0.0,197.90583,80.1251,278.03093
114,1A,Miami,0.3,0.01,0.0,117.30568,47.47333,164.77901
115,1A,Miami,0.3,0.15,0.0,131.20881,53.01557999999999,184.22439
116,1A,Miami,0.3,0.1,0.0,126.33163,50.92535999999999,177.25698999999997
117,1A,Miami,0.3,0.25,0.0,139.85472,56.43594,196.29066
118,1A,Miami,0.3,0.2,0.0,135.57927,54.72576,190.30503
119,1A,Miami,0.3,0.3,0.0,144.13017,58.11445,202.24462
120,1A,Miami,0.3,0.35,0.0,148.37395,59.88797,208.26192
121,1A,Miami,0.3,0.45,0.0,156.92485,63.43501,220.35986
122,1A,Miami,0.3,0.4,0.0,152.68107,61.62982,214.31089
123,1A,Miami,0.3,0.55,0.0,165.47574999999998,67.01371999999999,232.48947
124,1A,Miami,0.3,0.5,0.0,161.2003,65.2402,226.4405
125,1A,Miami,0.3,0.6000000000000001,0.0,169.87788,68.85058,238.72846
126,1A,Miami,0.3,0.65,0.0,174.28001,70.71910999999999,244.99912
127,1A,Miami,0.3,0.7000000000000001,0.0,178.68214,72.61931,251.30145
128,1A,Miami,0.3,0.75,0.0,183.08427,74.55117999999999,257.63545
129,1A,Miami,0.3,0.8500000000000001,0.0,191.95187,78.41492,270.36679
130,1A,Miami,0.3,0.8,0.0,187.51807,76.45138,263.96945
131,1A,Miami,0.3,0.95,0.0,200.69279,82.27866,282.97145
132,1A,Miami,0.3,0.9,0.0,196.354,80.34679,276.70079
133,1A,Miami,0.35,0.01,0.03167,116.92564,47.63168,164.58899
134,1A,Miami,0.35,0.15,0.0,130.95544999999998,53.26894,184.22439
135,1A,Miami,0.35,0.1,0.0,125.98326,51.14704999999999,177.13031
136,1A,Miami,0.35,0.25,0.0,139.53802,56.65763,196.19565
137,1A,Miami,0.35,0.2,0.0,135.19922999999997,54.94745,190.14668
138,1A,Miami,0.35,0.3,0.0,143.75012999999998,58.36781,202.11794
139,1A,Miami,0.35,0.35,0.0,147.96223999999998,60.10966,208.0719
140,1A,Miami,0.35,0.45,0.0,156.48146999999997,63.6567,220.13817
141,1A,Miami,0.35,0.4,0.0,152.26935999999998,61.88318,214.15254
142,1A,Miami,0.35,0.55,0.0,165.0007,67.20374,232.20444
143,1A,Miami,0.35,0.5,0.0,160.75691999999998,65.46189,226.21881
144,1A,Miami,0.35,0.6000000000000001,0.0,169.37115999999995,69.0406,238.41176
145,1A,Miami,0.35,0.65,0.0,173.74161999999998,70.90913,244.65075
146,1A,Miami,0.35,0.7000000000000001,0.0,178.14374999999998,72.80932999999999,250.95308
147,1A,Miami,0.35,0.75,0.0,182.51421,74.70953,257.22374
148,1A,Miami,0.35,0.8500000000000001,0.0,191.2868,78.5416,269.8284
149,1A,Miami,0.35,0.8,0.0,186.88467,76.60973,263.4944
150,1A,Miami,0.35,0.95,0.0,199.93271,82.342,282.27471
151,1A,Miami,0.35,0.9,0.0,195.65726,80.47346999999999,276.13073
152,1A,Miami,0.45,0.01,0.03167,116.26057,47.94838,164.24062
153,1A,Miami,0.45,0.15,0.0,130.4804,53.77566,184.25606
154,1A,Miami,0.45,0.1,0.0,125.44487,51.59043,177.0353
155,1A,Miami,0.45,0.25,0.0,138.96796,57.16435,196.13231
156,1A,Miami,0.45,0.2,0.0,134.69251,55.454170000000005,190.14668
157,1A,Miami,0.45,0.3,0.0,143.08506,58.84286,201.92792
158,1A,Miami,0.45,0.35,0.0,147.32884,60.58471,207.91355
159,1A,Miami,0.45,0.45,0.0,155.75305999999998,64.10007999999999,219.85314
160,1A,Miami,0.45,0.4,0.0,151.57262,62.32655999999999,213.89918
161,1A,Miami,0.45,0.55,0.0,164.17728,67.64712,231.8244
162,1A,Miami,0.45,0.5,0.0,159.99684,65.90526999999999,225.90211
163,1A,Miami,0.45,0.6000000000000001,0.0,168.4844,69.45231,237.93671
164,1A,Miami,0.45,0.65,0.0,172.79152,71.32083999999999,244.11236
165,1A,Miami,0.45,0.7000000000000001,0.0,177.13030999999998,73.1577,250.28801
166,1A,Miami,0.45,0.75,0.0,181.43743,75.05789999999999,256.49533
167,1A,Miami,0.45,0.8500000000000001,0.0,190.08334,78.82663,268.90997
168,1A,Miami,0.45,0.8,0.0,185.77622,76.92643,262.70264999999995
169,1A,Miami,0.45,0.95,0.0,198.50756,82.50035,281.00791
170,1A,Miami,0.45,0.9,0.0,194.42213,80.72682999999999,275.14896
171,1A,Miami,0.4,0.01,0.03167,116.57727,47.79003,164.39897
172,1A,Miami,0.4,0.15,0.0,130.67041999999998,53.5223,184.19272
173,1A,Miami,0.4,0.1,0.0,125.66656,51.36874,177.03529999999998
174,1A,Miami,0.4,0.25,0.0,139.25298999999998,56.91098999999999,196.16398
175,1A,Miami,0.4,0.2,0.0,134.9142,55.20081,190.11501
176,1A,Miami,0.4,0.3,0.0,143.43343,58.62117,202.0546
177,1A,Miami,0.4,0.35,0.0,147.61387,60.36301999999999,207.97689
178,1A,Miami,0.4,0.45,0.0,156.10143,63.87839,219.97982
179,1A,Miami,0.4,0.4,0.0,151.88932,62.10486999999999,213.99419
180,1A,Miami,0.4,0.55,0.0,164.55732,67.42542999999999,231.98275
181,1A,Miami,0.4,0.5,0.0,160.34521,65.68357999999999,226.02879
182,1A,Miami,0.4,0.6000000000000001,0.0,168.89611,69.26229,238.1584
183,1A,Miami,0.4,0.65,0.0,173.2349,71.09915,244.33405
184,1A,Miami,0.4,0.7000000000000001,0.0,177.60536,72.96767999999999,250.57304
185,1A,Miami,0.4,0.75,0.0,181.97582,74.86788,256.8437
186,1A,Miami,0.4,0.8500000000000001,0.0,190.6534,78.66828,269.32168
187,1A,Miami,0.4,0.8,0.0,186.28294,76.76808,263.05102
188,1A,Miami,0.4,0.95,0.0,199.23597,82.43701,281.67298
189,1A,Miami,0.4,0.9,0.0,194.99219,80.60015,275.59234
190,1A,Miami,0.55,0.01,0.03167,115.65884,48.26508,163.95559
191,1A,Miami,0.55,0.15,0.0,130.19537,54.28238,184.47775
192,1A,Miami,0.55,0.1,0.0,125.06483,52.03381,177.09864
193,1A,Miami,0.55,0.25,0.0,138.58792,57.67107,196.25899
194,1A,Miami,0.55,0.2,0.0,134.37581,55.96089,190.3367
195,1A,Miami,0.55,0.3,0.0,142.70502,59.34957999999999,202.0546
196,1A,Miami,0.55,0.35,0.0,146.85378999999998,61.09143,207.94522
197,1A,Miami,0.55,0.45,0.0,155.21466999999998,64.57513,219.7898
198,1A,Miami,0.55,0.4,0.0,151.00256,62.80160999999999,213.80417
199,1A,Miami,0.55,0.55,0.0,163.54388,68.05882999999999,231.60271
200,1A,Miami,0.55,0.5,0.0,159.36344,66.34864999999999,225.71209
201,1A,Miami,0.55,0.6000000000000001,0.0,167.78766,69.86402,237.65168
202,1A,Miami,0.55,0.65,0.0,172.06311,71.70088,243.76399
203,1A,Miami,0.55,0.7000000000000001,0.0,176.33856,73.53773999999999,249.8763
204,1A,Miami,0.55,0.75,0.0,180.61401,75.40626999999999,256.02028
205,1A,Miami,0.55,0.8500000000000001,0.0,189.13324,79.14332999999999,268.27657
206,1A,Miami,0.55,0.8,0.0,184.88946,77.27479999999998,262.16426
207,1A,Miami,0.55,0.95,0.0,197.3041,82.6587,279.9628
208,1A,Miami,0.55,0.9,0.0,193.37702,81.01185999999998,274.38888
209,1A,Miami,0.5,0.01,0.03167,115.9122,48.10673,164.0506
210,1A,Miami,0.5,0.15,0.0,130.32205,54.02902,184.35107
211,1A,Miami,0.5,0.1,0.0,125.22318,51.81211999999999,177.03529999999998
212,1A,Miami,0.5,0.25,0.0,138.7146,57.41770999999999,196.13231
213,1A,Miami,0.5,0.2,0.0,134.47082,55.70753,190.17835
214,1A,Miami,0.5,0.3,0.0,142.89504,59.09622,201.99126
215,1A,Miami,0.5,0.35,0.0,147.10715,60.83807,207.94522
216,1A,Miami,0.5,0.45,0.0,155.46803,64.35343999999999,219.82147
217,1A,Miami,0.5,0.4,0.0,151.25591999999995,62.57992,213.83584
218,1A,Miami,0.5,0.55,0.0,163.82890999999998,67.83714,231.66605
219,1A,Miami,0.5,0.5,0.0,159.64846999999995,66.12696,225.77543
220,1A,Miami,0.5,0.6000000000000001,0.0,168.10436,69.67399999999999,237.77836
221,1A,Miami,0.5,0.65,0.0,172.41147999999998,71.51086,243.92234
222,1A,Miami,0.5,0.7000000000000001,0.0,176.71859999999998,73.34772,250.06632
223,1A,Miami,0.5,0.75,0.0,180.99405,75.21625,256.2103
224,1A,Miami,0.5,0.8500000000000001,0.0,189.57662,78.98498,268.5616
225,1A,Miami,0.5,0.8,0.0,185.33284,77.08478,262.41762
226,1A,Miami,0.5,0.95,0.0,197.87416,82.56369,280.43785
227,1A,Miami,0.5,0.9,0.0,193.85207,80.85351,274.70558
228,1A,Miami,0.6000000000000001,0.01,0.03167,115.40547999999998,48.42343,163.86057999999997
229,1A,Miami,0.6000000000000001,0.15,0.0,130.03702,54.56741,184.60443
230,1A,Miami,0.6000000000000001,0.1,0.03167,124.90648,52.2555,177.19365
231,1A,Miami,0.6000000000000001,0.25,0.0,138.42956999999998,57.92443,196.354
232,1A,Miami,0.6000000000000001,0.2,0.0,134.21746,56.24592,190.46338
233,1A,Miami,0.6000000000000001,0.3,0.0,142.57834,59.60294,202.18128
234,1A,Miami,0.6000000000000001,0.35,0.0,146.75878,61.34479,208.10357
235,1A,Miami,0.6000000000000001,0.45,0.0,154.99298,64.82848999999999,219.82147
236,1A,Miami,0.6000000000000001,0.4,0.0,150.84421,63.08664,213.93085
237,1A,Miami,0.6000000000000001,0.55,0.0,163.29052,68.31219,231.60271
238,1A,Miami,0.6000000000000001,0.5,0.0,159.14175,66.57034,225.71209
239,1A,Miami,0.6000000000000001,0.6000000000000001,0.0,167.50262999999998,70.08570999999999,237.58834
240,1A,Miami,0.6000000000000001,0.65,0.0,171.77808,71.92257,243.70065
241,1A,Miami,0.6000000000000001,0.7000000000000001,0.0,176.02185999999998,73.75943,249.78129
242,1A,Miami,0.6000000000000001,0.75,0.0,180.23397,75.59629,255.83025999999995
243,1A,Miami,0.6000000000000001,0.8500000000000001,0.0,188.68986,79.27001,267.95987
244,1A,Miami,0.6000000000000001,0.8,0.0,184.50942,77.43315,261.94257
245,1A,Miami,0.6000000000000001,0.95,0.0,196.73404,82.72203999999999,279.45608
246,1A,Miami,0.6000000000000001,0.9,0.0,192.93364,81.13853999999999,274.07218
247,1A,Miami,0.65,0.01,0.03167,115.18379,48.58178,163.79724
248,1A,Miami,0.65,0.15,0.0,130.1637,54.91578,185.07948
249,1A,Miami,0.65,0.1,0.03167,124.93815,52.5722,177.54202
250,1A,Miami,0.65,0.25,0.0,138.99963,58.5895,197.58913
251,1A,Miami,0.65,0.2,0.0,134.62917,56.75264,191.38181
252,1A,Miami,0.65,0.3,0.0,143.30675,60.39469,203.70144
253,1A,Miami,0.65,0.35,0.0,147.5822,62.19988,209.78208
254,1A,Miami,0.65,0.45,0.0,155.94308,65.74692,221.69
255,1A,Miami,0.65,0.4,0.0,151.79431,63.97339999999999,215.76771
256,1A,Miami,0.65,0.55,0.0,164.11394,69.16727999999999,233.28122
257,1A,Miami,0.65,0.5,0.0,160.06017999999997,67.48876999999999,227.54895
258,1A,Miami,0.65,0.6000000000000001,0.0,168.23103999999998,70.90913,239.14017
259,1A,Miami,0.65,0.65,0.0,172.56983,72.68265,245.25248
260,1A,Miami,0.65,0.7000000000000001,0.0,176.65526,74.39282999999999,251.04809
261,1A,Miami,0.65,0.75,0.0,180.77236,76.13467999999999,256.90704
262,1A,Miami,0.65,0.8500000000000001,0.0,189.03823,79.71339,268.75162
263,1A,Miami,0.65,0.8,0.0,184.92113,77.9082,262.82933
264,1A,Miami,0.65,0.95,0.0,197.05074,83.10207999999999,280.15282
265,1A,Miami,0.65,0.9,0.0,193.21867,81.51857999999999,274.73725
266,1A,Miami,0.7000000000000001,0.01,0.03167,115.02544,48.74013,163.79724
267,1A,Miami,0.7000000000000001,0.15,0.0,130.35371999999998,55.29582,185.64954
268,1A,Miami,0.7000000000000001,0.1,0.03167,125.03315999999998,52.88889999999999,177.95372999999998
269,1A,Miami,0.7000000000000001,0.25,0.0,139.6647,59.31791,198.98261
270,1A,Miami,0.7000000000000001,0.2,0.0,135.07254999999998,57.322700000000005,192.39525
271,1A,Miami,0.7000000000000001,0.3,0.0,144.19351,61.24978,205.44329
272,1A,Miami,0.7000000000000001,0.35,0.0,148.5323,63.14998,211.68228
273,1A,Miami,0.7000000000000001,0.45,0.0,156.98819,66.76035999999999,223.74855
274,1A,Miami,0.7000000000000001,0.4,0.0,152.83942,64.98684,217.82626
275,1A,Miami,0.7000000000000001,0.55,0.0,165.12738,70.14904999999999,235.27643
276,1A,Miami,0.7000000000000001,0.5,0.0,161.13696,68.50220999999999,229.63917
277,1A,Miami,0.7000000000000001,0.6000000000000001,0.0,169.14946999999998,71.79589,240.94536
278,1A,Miami,0.7000000000000001,0.65,0.0,173.51993,73.53773999999999,247.05767
279,1A,Miami,0.7000000000000001,0.7000000000000001,0.0,177.38367,75.08957,252.47324
280,1A,Miami,0.7000000000000001,0.75,0.0,181.37409,76.73640999999999,258.1105
281,1A,Miami,0.7000000000000001,0.8500000000000001,0.0,189.44994,80.15677,269.60671
282,1A,Miami,0.7000000000000001,0.8,0.0,185.45952,78.44659,263.90611
283,1A,Miami,0.7000000000000001,0.95,0.0,197.39911,83.48212,280.88123
284,1A,Miami,0.7000000000000001,0.9,0.0,193.5037,81.86695,275.37065
285,1A,Miami,0.75,0.01,0.03167,114.83541999999998,48.89847999999999,163.76556999999997
286,1A,Miami,0.75,0.15,0.03167,130.60708,55.70753,186.34628
287,1A,Miami,0.75,0.1,0.03167,125.19151,53.26894,178.49212
288,1A,Miami,0.75,0.25,0.0,140.45645,60.10966,200.56611
289,1A,Miami,0.75,0.2,0.0,135.61094,57.9561,193.56704
290,1A,Miami,0.75,0.3,0.0,145.14361,62.19988,207.34349
291,1A,Miami,0.75,0.35,0.0,149.70409,64.19509,213.89918
292,1A,Miami,0.75,0.45,0.0,158.28665999999998,67.90048,226.18714
293,1A,Miami,0.75,0.4,0.0,154.07455,66.09529,220.16984
294,1A,Miami,0.75,0.55,0.0,166.33084,71.22582999999999,237.55667
295,1A,Miami,0.75,0.5,0.0,162.43543,69.64232999999999,232.07776
296,1A,Miami,0.75,0.6000000000000001,0.0,170.22625,72.77766,243.00391
297,1A,Miami,0.75,0.65,0.0,174.56503999999998,74.4245,248.98954
298,1A,Miami,0.75,0.7000000000000001,0.0,178.27042999999998,75.81798,254.08841
299,1A,Miami,0.75,0.75,0.0,182.03916,77.33814,259.3773
300,1A,Miami,0.75,0.8500000000000001,0.0,189.89332,80.56848,270.4618
301,1A,Miami,0.75,0.8,0.0,185.93457,78.95330999999999,264.88788
302,1A,Miami,0.75,0.95,0.0,197.65247,83.79881999999999,281.45129
303,1A,Miami,0.75,0.9,0.0,193.8204,82.18364999999999,276.00405
304,1A,Miami,0.8500000000000001,0.01,0.06334,114.42371,49.12017,163.60721999999998
305,1A,Miami,0.8500000000000001,0.15,0.03167,130.44872999999998,56.15091,186.63131
306,1A,Miami,0.8500000000000001,0.1,0.03167,124.93815,53.64898,178.61880000000002
307,1A,Miami,0.8500000000000001,0.25,0.0,140.67813999999998,60.86973999999999,201.54788
308,1A,Miami,0.8500000000000001,0.2,0.0,135.64261,58.55782999999999,194.20044
309,1A,Miami,0.8500000000000001,0.3,0.0,145.52365,63.08664,208.61029
310,1A,Miami,0.8500000000000001,0.35,0.0,150.17914,65.17685999999999,215.356
311,1A,Miami,0.8500000000000001,0.45,0.0,158.82504999999998,68.94559,227.77064
312,1A,Miami,0.8500000000000001,0.4,0.0,154.61293999999998,67.10873,221.72167
313,1A,Miami,0.8500000000000001,0.55,0.0,166.9009,72.23926999999999,239.14017
314,1A,Miami,0.8500000000000001,0.5,0.0,162.94215,70.65576999999999,233.59792
315,1A,Miami,0.8500000000000001,0.6000000000000001,0.0,170.66962999999998,73.69609,244.36572
316,1A,Miami,0.8500000000000001,0.65,0.0,175.04009,75.31126,250.35135
317,1A,Miami,0.8500000000000001,0.7000000000000001,0.0,178.52379,76.54639,255.07018
318,1A,Miami,0.8500000000000001,0.75,0.0,182.13417,77.9082,260.04237
319,1A,Miami,0.8500000000000001,0.8500000000000001,0.0,189.73497,80.98019,270.71516
320,1A,Miami,0.8500000000000001,0.8,0.0,185.9029,79.46002999999999,265.36293
321,1A,Miami,0.8500000000000001,0.95,0.0,197.24076,84.02051,281.26127
322,1A,Miami,0.8500000000000001,0.9,0.0,193.47203,82.50035,275.97238
323,1A,Miami,0.8,0.01,0.03167,114.58206,48.99349,163.60722
324,1A,Miami,0.8,0.15,0.03167,130.35371999999998,55.86588,186.25127
325,1A,Miami,0.8,0.1,0.03167,124.96982,53.39562,178.39711
326,1A,Miami,0.8,0.25,0.0,140.58312999999998,60.52137,201.1045
327,1A,Miami,0.8,0.2,0.0,135.5476,58.24113,193.78873
328,1A,Miami,0.8,0.3,0.0,145.3653,62.7066,208.0719
329,1A,Miami,0.8,0.35,0.0,149.98912,64.76514999999999,214.75427
330,1A,Miami,0.8,0.45,0.0,158.63503,68.53388,227.16891
331,1A,Miami,0.8,0.4,0.0,154.42291999999998,66.72869,221.15161
332,1A,Miami,0.8,0.55,0.0,166.77422,71.85923,238.63345
333,1A,Miami,0.8,0.5,0.0,162.7838,70.24405999999999,233.02786
334,1A,Miami,0.8,0.6000000000000001,0.0,170.60628999999997,73.34772,243.95401
335,1A,Miami,0.8,0.65,0.0,175.04009,74.99455999999999,250.03465
336,1A,Miami,0.8,0.7000000000000001,0.0,178.58713,76.29303,254.88016
337,1A,Miami,0.8,0.75,0.0,182.26085,77.68651,259.94736
338,1A,Miami,0.8,0.8500000000000001,0.0,190.02,80.82184,270.84184
339,1A,Miami,0.8,0.8,0.0,186.12459,79.27001,265.3946
340,1A,Miami,0.8,0.95,0.0,197.65247,83.95717,281.60964
341,1A,Miami,0.8,0.9,0.0,193.85207,82.37367,276.22574
342,1A,Miami,0.95,0.01,0.06334,114.10701,49.37353,163.54388
343,1A,Miami,0.95,0.15,0.03167,130.70209,56.75264,187.4864
344,1A,Miami,0.95,0.1,0.03167,125.00149,54.12403,179.15719
345,1A,Miami,0.95,0.25,0.0,141.08984999999998,61.62982,202.71967
346,1A,Miami,0.95,0.2,0.03167,135.99097999999998,59.25457,195.27722
347,1A,Miami,0.95,0.3,0.0,145.9987,63.87839,209.87709
348,1A,Miami,0.95,0.35,0.0,150.65419,65.96860999999998,216.6228
349,1A,Miami,0.95,0.45,0.0,159.3001,69.76901,229.06911
350,1A,Miami,0.95,0.4,0.0,155.05632,67.93215,222.98847
351,1A,Miami,0.95,0.55,0.0,167.21759999999998,72.99934999999999,240.21695
352,1A,Miami,0.95,0.5,0.0,163.38553,71.44752,234.83305
353,1A,Miami,0.95,0.6000000000000001,0.0,170.89131999999998,74.39282999999999,245.28414999999995
354,1A,Miami,0.95,0.65,0.0,175.10342999999995,75.94466,251.04809
355,1A,Miami,0.95,0.7000000000000001,0.0,178.46044999999998,77.08478,255.54523
356,1A,Miami,0.95,0.75,0.0,181.91248,78.38324999999999,260.29573
357,1A,Miami,0.95,0.8500000000000001,0.0,189.22825,81.29689,270.52514
358,1A,Miami,0.95,0.8,0.0,185.55453,79.84007,265.3946
359,1A,Miami,0.95,0.95,0.0,196.44901,84.21052999999999,280.65954
360,1A,Miami,0.95,0.9,0.0,192.8703,82.75371,275.62401
361,1A,Miami,0.9,0.01,0.06334,114.26536,49.24685,163.57555
362,1A,Miami,0.9,0.15,0.03167,130.57540999999998,56.43594,187.04302
363,1A,Miami,0.9,0.1,0.03167,124.96982,53.87067,178.87216
364,1A,Miami,0.9,0.25,0.0,140.89983,61.24978,202.14961
365,1A,Miami,0.9,0.2,0.03167,135.80096,58.9062,194.73883
366,1A,Miami,0.9,0.3,0.0,145.77701,63.46668,209.24369
367,1A,Miami,0.9,0.35,0.0,150.40082999999998,65.5569,215.95773
368,1A,Miami,0.9,0.45,0.0,159.04674,69.32563,228.37237
369,1A,Miami,0.9,0.4,0.0,154.77129,67.52044,222.29173
370,1A,Miami,0.9,0.55,0.0,167.02758,72.61931,239.64689
371,1A,Miami,0.9,0.5,0.0,163.10049999999998,71.03581,234.13631
372,1A,Miami,0.9,0.6000000000000001,0.0,170.79630999999998,74.04445999999999,244.84077
373,1A,Miami,0.9,0.65,0.0,175.07175999999998,75.62795999999999,250.69972
374,1A,Miami,0.9,0.7000000000000001,0.0,178.49212,76.83142,255.32354
375,1A,Miami,0.9,0.75,0.0,182.00749,78.16156,260.16905
376,1A,Miami,0.9,0.8500000000000001,0.0,189.44994,81.13853999999999,270.58848
377,1A,Miami,0.9,0.8,0.0,185.68121,79.65005,265.33126
378,1A,Miami,0.9,0.95,0.0,196.86072,84.11551999999999,280.97624
379,1A,Miami,0.9,0.9,0.0,193.15533,82.62702999999999,275.78236
0,2A,Tampa,0.01,0.01,0.6334,96.40348,47.56834,144.60522
1,2A,Tampa,0.01,0.15,0.44338,109.8949,52.85723,163.19551
2,2A,Tampa,0.01,0.1,0.50672,105.08106,50.83035,156.41813
3,2A,Tampa,0.01,0.25,0.38004,118.79416999999998,56.30926,175.48346999999998
4,2A,Tampa,0.01,0.2,0.4117099999999999,114.36037,54.56741,169.33948999999998
5,2A,Tampa,0.01,0.3,0.38004,123.1963,58.05111,181.62745
6,2A,Tampa,0.01,0.35,0.3483699999999999,127.63009999999998,59.82463,187.8031
7,2A,Tampa,0.01,0.45,0.3167,137.06776,63.53001999999999,200.91448
8,2A,Tampa,0.01,0.4,0.3483699999999999,132.25392,61.66148999999999,194.26378
9,2A,Tampa,0.01,0.55,0.3167,146.34707,67.36209,214.02586
10,2A,Tampa,0.01,0.5,0.3167,141.69158,65.43021999999999,207.4385
11,2A,Tampa,0.01,0.6000000000000001,0.3167,150.97089,69.29396,220.58155
12,2A,Tampa,0.01,0.65,0.2850299999999999,155.68972,71.2575,227.23225
13,2A,Tampa,0.01,0.7000000000000001,0.2850299999999999,160.44021999999998,73.25271,233.97796
14,2A,Tampa,0.01,0.75,0.2850299999999999,165.12738,75.27959,240.692
15,2A,Tampa,0.01,0.8500000000000001,0.2850299999999999,174.56503999999998,79.36501999999999,254.21509
16,2A,Tampa,0.01,0.8,0.2850299999999999,169.84621,77.33814,247.46938
17,2A,Tampa,0.01,0.95,0.2850299999999999,183.97103,83.51379,267.76985
18,2A,Tampa,0.01,0.9,0.2850299999999999,179.2522,81.42357,260.9608
19,2A,Tampa,0.05,0.01,0.6967399999999999,95.61173,47.75836,144.06682999999998
20,2A,Tampa,0.05,0.15,0.50672,109.10315,53.07892,162.68879
21,2A,Tampa,0.05,0.1,0.53839,104.28931,51.05204,155.87974
22,2A,Tampa,0.05,0.25,0.4117099999999999,117.87574,56.53095,174.8184
23,2A,Tampa,0.05,0.2,0.44338,113.50528,54.7891,168.73776
24,2A,Tampa,0.05,0.3,0.38004,122.27787,58.27279999999999,180.93071
25,2A,Tampa,0.05,0.35,0.38004,126.64833,60.04632,187.07469
26,2A,Tampa,0.05,0.45,0.3483699999999999,136.02265,63.72004,200.09106
27,2A,Tampa,0.05,0.4,0.3483699999999999,131.27215,61.85151,193.47203
28,2A,Tampa,0.05,0.55,0.3167,145.23862,67.52044,213.07576
29,2A,Tampa,0.05,0.5,0.3167,140.61479999999997,65.62024,206.55174
30,2A,Tampa,0.05,0.6000000000000001,0.3167,149.83077,69.45231,219.59978
31,2A,Tampa,0.05,0.65,0.3167,154.51792999999998,71.41584999999999,226.25048
32,2A,Tampa,0.05,0.7000000000000001,0.2850299999999999,159.20509,73.37939,232.86951
33,2A,Tampa,0.05,0.75,0.2850299999999999,163.86058,75.40626999999999,239.55188
34,2A,Tampa,0.05,0.8500000000000001,0.2850299999999999,173.2349,79.46002999999999,252.97996
35,2A,Tampa,0.05,0.8,0.2850299999999999,168.57940999999997,77.43315,246.29759
36,2A,Tampa,0.05,0.95,0.2850299999999999,182.60922,83.57713,266.47137999999995
37,2A,Tampa,0.05,0.9,0.2850299999999999,177.89039,81.51857999999999,259.694
38,2A,Tampa,0.15,0.01,0.9501,93.96489,48.20174,143.11673000000002
39,2A,Tampa,0.15,0.15,0.60173,107.3613,53.64898,161.61201
40,2A,Tampa,0.15,0.1,0.6967399999999999,102.57913,51.55876,154.83463
41,2A,Tampa,0.15,0.25,0.50672,115.94387,57.03767,173.48826
42,2A,Tampa,0.15,0.2,0.53839,111.66841999999998,55.32748999999999,167.53429999999997
43,2A,Tampa,0.15,0.3,0.47505,120.25099,58.77951999999999,179.50555999999995
44,2A,Tampa,0.15,0.35,0.44338,124.52644,60.55304,185.52286
45,2A,Tampa,0.15,0.45,0.38004,133.74240999999998,64.19509,198.31754
46,2A,Tampa,0.15,0.4,0.4117099999999999,129.08692,62.35823,191.85686
47,2A,Tampa,0.15,0.55,0.3483699999999999,142.76835999999997,67.93215,211.04887999999997
48,2A,Tampa,0.15,0.5,0.3483699999999999,138.27121999999997,66.06362,204.68321
49,2A,Tampa,0.15,0.6000000000000001,0.3483699999999999,147.32884,69.83235,217.50956
50,2A,Tampa,0.15,0.65,0.3167,151.92099,71.76422,224.00191
51,2A,Tampa,0.15,0.7000000000000001,0.3167,156.48146999999997,73.72776,230.52593
52,2A,Tampa,0.15,0.75,0.3167,161.13696,75.72296999999999,237.17663
53,2A,Tampa,0.15,0.8500000000000001,0.2850299999999999,170.32126,79.71339,250.31968
54,2A,Tampa,0.15,0.8,0.3167,165.72911,77.71817999999999,243.76399
55,2A,Tampa,0.15,0.95,0.2850299999999999,179.47388999999998,83.76714999999999,263.52607
56,2A,Tampa,0.15,0.9,0.2850299999999999,174.91340999999997,81.74027,256.93871
57,2A,Tampa,0.1,0.01,0.8234199999999999,94.75664,47.98005,143.56011
58,2A,Tampa,0.1,0.15,0.53839,108.15305,53.36395,162.05539
59,2A,Tampa,0.1,0.1,0.6334,103.37088,51.30539999999999,155.30968
60,2A,Tampa,0.1,0.25,0.44338,116.8623,56.78431,174.08999
61,2A,Tampa,0.1,0.2,0.50672,112.52351,55.07413,168.10436
62,2A,Tampa,0.1,0.3,0.4117099999999999,121.20109,58.52616,180.13896
63,2A,Tampa,0.1,0.35,0.4117099999999999,125.53988,60.29968,186.25127
64,2A,Tampa,0.1,0.45,0.3483699999999999,134.81919,63.97339999999999,199.14096
65,2A,Tampa,0.1,0.4,0.38004,130.13203,62.10486999999999,192.61694
66,2A,Tampa,0.1,0.55,0.3483699999999999,143.94015,67.74213,212.03065
67,2A,Tampa,0.1,0.5,0.3483699999999999,139.37966999999998,65.84192999999999,205.56997
68,2A,Tampa,0.1,0.6000000000000001,0.3167,148.50063,69.64232999999999,218.45966
69,2A,Tampa,0.1,0.65,0.3167,153.15612,71.5742,225.04702
70,2A,Tampa,0.1,0.7000000000000001,0.3167,157.77993999999998,73.56940999999999,231.66605
71,2A,Tampa,0.1,0.75,0.3167,162.43543,75.56461999999999,238.31675
72,2A,Tampa,0.1,0.8500000000000001,0.2850299999999999,171.71473999999998,79.58671,251.58648
73,2A,Tampa,0.1,0.8,0.2850299999999999,167.05925,77.55982999999999,244.90411
74,2A,Tampa,0.1,0.95,0.2850299999999999,180.96238,83.67214,264.91955
75,2A,Tampa,0.1,0.9,0.2850299999999999,176.37023,81.61358999999999,258.26885
76,2A,Tampa,0.25,0.01,1.24597,92.66642,48.61344999999999,142.52584
77,2A,Tampa,0.25,0.15,0.76008,106.03116,54.18737,160.97860999999995
78,2A,Tampa,0.25,0.1,0.88676,101.18565,52.06548,154.13789
79,2A,Tampa,0.25,0.25,0.60173,114.45538,57.57606,172.63317
80,2A,Tampa,0.25,0.2,0.6967399999999999,110.2116,55.86588,166.77422
81,2A,Tampa,0.25,0.3,0.53839,118.63582,59.31791,178.49212
82,2A,Tampa,0.25,0.35,0.50672,122.84793,61.05976,184.41441
83,2A,Tampa,0.25,0.45,0.44338,131.90554999999998,64.67014,197.01907
84,2A,Tampa,0.25,0.4,0.47505,127.28172999999998,62.83328,190.59006
85,2A,Tampa,0.25,0.55,0.38004,140.77315,68.37553,209.52872
86,2A,Tampa,0.25,0.5,0.4117099999999999,136.37102,66.50699999999999,203.28973
87,2A,Tampa,0.25,0.6000000000000001,0.38004,145.27029,70.27573,215.92606
88,2A,Tampa,0.25,0.65,0.3483699999999999,149.79909999999998,72.17593,222.3234
89,2A,Tampa,0.25,0.7000000000000001,0.3483699999999999,154.26457,74.07612999999999,228.68907
90,2A,Tampa,0.25,0.75,0.3167,158.82504999999998,76.03967,235.18142
91,2A,Tampa,0.25,0.8500000000000001,0.3167,167.851,79.99842,248.16612
92,2A,Tampa,0.25,0.8,0.3167,163.29052,78.00321,241.61043
93,2A,Tampa,0.25,0.95,0.3167,176.87695,83.95717,261.15082
94,2A,Tampa,0.25,0.9,0.3167,172.41147999999998,81.99363,254.72181
95,2A,Tampa,0.2,0.01,1.07678,93.26815,48.42343,142.76835999999997
96,2A,Tampa,0.2,0.15,0.6967399999999999,106.63289,53.93401,161.26364
97,2A,Tampa,0.2,0.1,0.79175,101.88239,51.81211999999999,154.48626
98,2A,Tampa,0.2,0.25,0.53839,115.15212,57.322700000000005,173.01321000000002
99,2A,Tampa,0.2,0.2,0.60173,110.87667,55.61251999999999,167.09091999999998
100,2A,Tampa,0.2,0.3,0.50672,119.3959,59.06454999999999,178.96716999999998
101,2A,Tampa,0.2,0.35,0.47505,123.67135,60.8064,184.9528
102,2A,Tampa,0.2,0.45,0.4117099999999999,132.79231,64.44845,197.65247
103,2A,Tampa,0.2,0.4,0.44338,128.10515,62.57992,191.12845
104,2A,Tampa,0.2,0.55,0.3483699999999999,141.72324999999998,68.15383999999999,210.22545999999997
105,2A,Tampa,0.2,0.5,0.38004,137.25778,66.28531,203.92313
106,2A,Tampa,0.2,0.6000000000000001,0.3483699999999999,146.25206,70.05404,216.65447
107,2A,Tampa,0.2,0.65,0.3483699999999999,150.81253999999998,71.98591,223.14682
108,2A,Tampa,0.2,0.7000000000000001,0.3167,155.30968,73.91778,229.54416
109,2A,Tampa,0.2,0.75,0.3167,159.93349999999998,75.88132,236.13152
110,2A,Tampa,0.2,0.8500000000000001,0.3167,169.02279,79.84007,249.17956
111,2A,Tampa,0.2,0.8,0.3167,164.46231,77.84486,242.62387
112,2A,Tampa,0.2,0.95,0.2850299999999999,178.11208,83.86216,262.25927
113,2A,Tampa,0.2,0.9,0.2850299999999999,173.58327,81.86695,255.73525
114,2A,Tampa,0.3,0.01,1.4043199999999998,92.09636,48.83514,142.33581999999998
115,2A,Tampa,0.3,0.15,0.85509,105.49277,54.47239999999999,160.82026000000002
116,2A,Tampa,0.3,0.1,1.01344,100.64726,52.31884,153.97954
117,2A,Tampa,0.3,0.25,0.6650699999999999,114.04367,57.92443,172.63316999999998
118,2A,Tampa,0.3,0.2,0.76008,109.76822,56.18258,166.71087999999995
119,2A,Tampa,0.3,0.3,0.60173,118.28745,59.63460999999999,178.52379
120,2A,Tampa,0.3,0.35,0.53839,122.59457,61.40813,184.54109
121,2A,Tampa,0.3,0.45,0.47505,131.17714,64.98684,196.63903
122,2A,Tampa,0.3,0.4,0.50672,126.87002,63.18164999999999,190.55839
123,2A,Tampa,0.3,0.55,0.4117099999999999,139.91806,68.59722,208.92699
124,2A,Tampa,0.3,0.5,0.44338,135.57927,66.8237,202.84635
125,2A,Tampa,0.3,0.6000000000000001,0.38004,144.38353,70.46575,215.22932000000003
126,2A,Tampa,0.3,0.65,0.38004,148.81733,72.36595,221.56332
127,2A,Tampa,0.3,0.7000000000000001,0.3483699999999999,153.31446999999997,74.26615,227.92898999999997
128,2A,Tampa,0.3,0.75,0.3483699999999999,157.81160999999997,76.22968999999999,234.38967
129,2A,Tampa,0.3,0.8500000000000001,0.3167,166.74255,80.1251,247.18435
130,2A,Tampa,0.3,0.8,0.3483699999999999,162.24541,78.16156,240.75534
131,2A,Tampa,0.3,0.95,0.3167,175.64182,84.05217999999999,260.0107
132,2A,Tampa,0.3,0.9,0.3167,171.23969,82.12030999999999,253.6767
133,2A,Tampa,0.35,0.01,1.5626699999999998,91.58964,49.02516,142.17747
134,2A,Tampa,0.35,0.15,0.9501,105.08106,54.75742999999999,160.78859
135,2A,Tampa,0.35,0.1,1.10845,100.20388,52.5722,153.88453
136,2A,Tampa,0.35,0.25,0.72841,113.47361,58.17779,172.37981
137,2A,Tampa,0.35,0.2,0.8234199999999999,109.2615,56.43594,166.52086
138,2A,Tampa,0.35,0.3,0.6650699999999999,117.71739,59.88797,178.27042999999998
139,2A,Tampa,0.35,0.35,0.60173,121.96116999999998,61.66148999999999,184.22439
140,2A,Tampa,0.35,0.45,0.50672,130.4804,65.2402,196.22732
141,2A,Tampa,0.35,0.4,0.53839,126.17328,63.43501,190.14668
142,2A,Tampa,0.35,0.55,0.44338,139.12631,68.81891,208.3886
143,2A,Tampa,0.35,0.5,0.47505,134.75584999999998,67.04539,202.27629
144,2A,Tampa,0.35,0.6000000000000001,0.4117099999999999,143.56010999999998,70.68744,214.65926
145,2A,Tampa,0.35,0.65,0.38004,147.99390999999997,72.58764000000001,220.96159
146,2A,Tampa,0.35,0.7000000000000001,0.38004,152.42771,74.45617,227.26392
147,2A,Tampa,0.35,0.75,0.3483699999999999,156.89318,76.38804,233.62959
148,2A,Tampa,0.35,0.8500000000000001,0.3483699999999999,165.76078,80.28345,246.3926
149,2A,Tampa,0.35,0.8,0.3483699999999999,161.29531,78.31991,239.96359
150,2A,Tampa,0.35,0.95,0.3167,174.53337,84.14719,258.99726
151,2A,Tampa,0.35,0.9,0.3167,170.16290999999998,82.24699,252.7266
152,2A,Tampa,0.45,0.01,1.91104,90.79789,49.37353,142.08246
153,2A,Tampa,0.45,0.15,1.1401199999999998,104.28931,55.29582,160.72525
154,2A,Tampa,0.45,0.1,1.37265,99.41213,53.04725,153.83202999999995
155,2A,Tampa,0.45,0.25,0.88676,112.58684999999998,58.71618,172.18978999999996
156,2A,Tampa,0.45,0.2,1.01344,108.40640999999998,56.97433,166.39417999999998
157,2A,Tampa,0.45,0.3,0.79175,116.70395,60.42635999999999,177.92206
158,2A,Tampa,0.45,0.35,0.6967399999999999,120.85271999999998,62.16821,183.71767
159,2A,Tampa,0.45,0.45,0.5700599999999999,129.27694,65.71525,195.56225
160,2A,Tampa,0.45,0.4,0.6334,125.03315999999998,63.94173,189.60829
161,2A,Tampa,0.45,0.55,0.50672,137.79617,69.29396,207.59685
162,2A,Tampa,0.45,0.5,0.53839,133.48905,67.52044,201.54788
163,2A,Tampa,0.45,0.6000000000000001,0.47505,142.16663,71.13082,213.7725
164,2A,Tampa,0.45,0.65,0.44338,146.47375,72.99934999999999,219.91648
165,2A,Tampa,0.45,0.7000000000000001,0.4117099999999999,150.87588,74.86788,226.15547
166,2A,Tampa,0.45,0.75,0.38004,155.21466999999998,76.76808,232.36279
167,2A,Tampa,0.45,0.8500000000000001,0.38004,163.98726,80.60015,244.96745
168,2A,Tampa,0.45,0.8,0.38004,159.55346,78.66828,238.60178
169,2A,Tampa,0.45,0.95,0.3483699999999999,172.47482,84.30554,257.12873
170,2A,Tampa,0.45,0.9,0.3483699999999999,168.35771999999997,82.53201999999999,251.23810999999995
171,2A,Tampa,0.4,0.01,1.75269,91.17793,49.21518,142.14579999999998
172,2A,Tampa,0.4,0.15,1.04511,104.63768,55.01079,160.69358
173,2A,Tampa,0.4,0.1,1.23513,99.79217,52.793890000000005,153.82119
174,2A,Tampa,0.4,0.25,0.8234199999999999,112.99856,58.43115,172.25313
175,2A,Tampa,0.4,0.2,0.91843,108.78645,56.72097,166.42585
176,2A,Tampa,0.4,0.3,0.72841,117.14733,60.173,178.04873999999998
177,2A,Tampa,0.4,0.35,0.6334,121.35944,61.91485,183.90769
178,2A,Tampa,0.4,0.45,0.53839,129.84699999999998,65.49356,195.87895
179,2A,Tampa,0.4,0.4,0.60173,125.53988,63.68836999999999,189.82998
180,2A,Tampa,0.4,0.55,0.47505,138.42956999999998,69.0406,207.94522
181,2A,Tampa,0.4,0.5,0.50672,134.09078,67.29875,201.89625
182,2A,Tampa,0.4,0.6000000000000001,0.44338,142.83169999999998,70.90913,214.18421
183,2A,Tampa,0.4,0.65,0.4117099999999999,147.20216,72.77766,220.39153
184,2A,Tampa,0.4,0.7000000000000001,0.38004,151.60429,74.67786,226.66219
185,2A,Tampa,0.4,0.75,0.38004,156.03809,76.57806,232.99619
186,2A,Tampa,0.4,0.8500000000000001,0.3483699999999999,164.84234999999998,80.44179999999999,245.63251999999997
187,2A,Tampa,0.4,0.8,0.3483699999999999,160.40855,78.50993,239.26685
188,2A,Tampa,0.4,0.95,0.3167,173.48826,84.21052999999999,258.01549
189,2A,Tampa,0.4,0.9,0.3483699999999999,169.24447999999998,82.37367,251.96652
190,2A,Tampa,0.55,0.01,2.27025,90.13282,49.7219,142.12497
191,2A,Tampa,0.55,0.15,1.37265,103.71925,55.83420999999999,160.92610999999997
192,2A,Tampa,0.55,0.1,1.62601,98.8104,53.5223,153.95870999999997
193,2A,Tampa,0.55,0.25,1.04511,111.85844,59.25457,172.15812
194,2A,Tampa,0.55,0.2,1.20346,107.80468,57.54439,166.55253
195,2A,Tampa,0.55,0.3,0.91843,115.94387,60.96475,177.82705
196,2A,Tampa,0.55,0.35,0.8234199999999999,119.99763,62.67493,183.49598
197,2A,Tampa,0.55,0.45,0.6967399999999999,128.23183,66.22197,195.15054
198,2A,Tampa,0.55,0.4,0.76008,124.08306,64.44845,189.29159
199,2A,Tampa,0.55,0.55,0.5700599999999999,136.65605,69.73733999999999,206.96345
200,2A,Tampa,0.55,0.5,0.6334,132.44394,68.02716,201.1045
201,2A,Tampa,0.55,0.6000000000000001,0.53839,140.9315,71.5742,213.04409
202,2A,Tampa,0.55,0.65,0.50672,145.23862,73.41105999999999,219.1564
203,2A,Tampa,0.55,0.7000000000000001,0.47505,149.57741,75.27959,225.33205
204,2A,Tampa,0.55,0.75,0.44338,153.82119,77.14811999999999,231.41269
205,2A,Tampa,0.55,0.8500000000000001,0.4117099999999999,162.43543,80.91685,243.76399
206,2A,Tampa,0.55,0.8,0.4117099999999999,158.12831,79.01665,237.55667
207,2A,Tampa,0.55,0.95,0.38004,170.66962999999998,84.46389,255.51356
208,2A,Tampa,0.55,0.9,0.38004,166.74255,82.81705,249.93964
209,2A,Tampa,0.5,0.01,2.1119,90.44952,49.56355,142.12497
210,2A,Tampa,0.5,0.15,1.2668,104.00428,55.54917999999999,160.82026000000002
211,2A,Tampa,0.5,0.1,1.4993299999999998,99.09543,53.26894,153.8637
212,2A,Tampa,0.5,0.25,0.9501,112.17514,58.96954,172.09478
213,2A,Tampa,0.5,0.2,1.10845,108.05804,57.25936,166.42585
214,2A,Tampa,0.5,0.3,0.85509,116.26057,60.67972,177.79538
215,2A,Tampa,0.5,0.35,0.76008,120.40934,62.42157,183.59099
216,2A,Tampa,0.5,0.45,0.6334,128.73854999999998,65.96860999999998,195.34055999999995
217,2A,Tampa,0.5,0.4,0.6967399999999999,124.52644,64.19509,189.41827
218,2A,Tampa,0.5,0.55,0.53839,137.19444,69.51565,207.24848
219,2A,Tampa,0.5,0.5,0.5700599999999999,132.95065999999997,67.7738,201.29452
220,2A,Tampa,0.5,0.6000000000000001,0.50672,141.50155999999998,71.35251,213.36079
221,2A,Tampa,0.5,0.65,0.47505,145.80867999999998,73.18937,219.4731
222,2A,Tampa,0.5,0.7000000000000001,0.44338,150.21080999999998,75.05789999999999,225.71209
223,2A,Tampa,0.5,0.75,0.4117099999999999,154.48626,76.9581,231.85607
224,2A,Tampa,0.5,0.8500000000000001,0.38004,163.16384,80.7585,244.30238
225,2A,Tampa,0.5,0.8,0.4117099999999999,158.82504999999998,78.82663,238.06339
226,2A,Tampa,0.5,0.95,0.3483699999999999,171.55639,84.36887999999999,256.27364
227,2A,Tampa,0.5,0.9,0.38004,167.53429999999997,82.6587,250.57304
228,2A,Tampa,0.6000000000000001,0.01,2.4286,89.87946,49.88025,142.18831
229,2A,Tampa,0.6000000000000001,0.15,1.46766,103.5609,56.11923999999999,161.1478
230,2A,Tampa,0.6000000000000001,0.1,1.75269,98.58871,53.74399,154.08539
231,2A,Tampa,0.6000000000000001,0.25,1.1401199999999998,111.60508,59.5396,172.2848
232,2A,Tampa,0.6000000000000001,0.2,1.2668,107.55132,57.79774999999999,166.61586999999997
233,2A,Tampa,0.6000000000000001,0.3,1.01344,115.5955,61.21810999999999,177.82705
234,2A,Tampa,0.6000000000000001,0.35,0.88676,119.64926,62.95996,183.49598
235,2A,Tampa,0.6000000000000001,0.45,0.72841,127.85178999999998,66.47532999999999,195.05553
236,2A,Tampa,0.6000000000000001,0.4,0.8234199999999999,123.76636,64.73348,189.32326
237,2A,Tampa,0.6000000000000001,0.55,0.60173,136.24434,69.9907,206.83677
238,2A,Tampa,0.6000000000000001,0.5,0.6650699999999999,132.03223,68.28052,200.97782
239,2A,Tampa,0.6000000000000001,0.6000000000000001,0.5700599999999999,140.45645,71.79589,212.8224
240,2A,Tampa,0.6000000000000001,0.65,0.53839,144.70022999999998,73.63275,218.87137
241,2A,Tampa,0.6000000000000001,0.7000000000000001,0.50672,149.00734999999997,75.50128,225.01535
242,2A,Tampa,0.6000000000000001,0.75,0.47505,153.21946,77.33814,231.03265
243,2A,Tampa,0.6000000000000001,0.8500000000000001,0.4117099999999999,161.73869,81.0752,243.2256
244,2A,Tampa,0.6000000000000001,0.8,0.44338,157.46323999999998,79.20667,237.11329
245,2A,Tampa,0.6000000000000001,0.95,0.38004,169.81454,84.5589,254.75348
246,2A,Tampa,0.6000000000000001,0.9,0.4117099999999999,166.01414,82.9754,249.40125
247,2A,Tampa,0.65,0.01,2.6294599999999995,89.6261,50.0386,142.29415999999998
248,2A,Tampa,0.65,0.15,1.5626699999999998,103.5609,56.49928,161.62285
249,2A,Tampa,0.65,0.1,1.8477,98.55704,54.09235999999999,154.4971
250,2A,Tampa,0.65,0.25,1.20346,112.04846,60.20467,173.45659
251,2A,Tampa,0.65,0.2,1.36181,107.80468,58.36781,167.5343
252,2A,Tampa,0.65,0.3,1.07678,116.16556,62.04153,179.28386999999998
253,2A,Tampa,0.65,0.35,0.9501,120.31433,63.84672,185.11115
254,2A,Tampa,0.65,0.45,0.79175,128.64353999999997,67.4571,196.89239
255,2A,Tampa,0.65,0.4,0.85509,124.52644,65.65191,191.03344
256,2A,Tampa,0.65,0.55,0.6650699999999999,136.8144,70.87746,208.35693
257,2A,Tampa,0.65,0.5,0.72841,132.76064,69.19895,202.688
258,2A,Tampa,0.65,0.6000000000000001,0.60173,140.9315,72.61931,214.15254
259,2A,Tampa,0.65,0.65,0.5700599999999999,145.27029,74.4245,220.26485
260,2A,Tampa,0.65,0.7000000000000001,0.53839,149.41906,76.16635,226.1238
261,2A,Tampa,0.65,0.75,0.50672,153.50448999999998,77.9082,231.91941
262,2A,Tampa,0.65,0.8500000000000001,0.44338,161.8337,81.51857999999999,243.79566
263,2A,Tampa,0.65,0.8,0.47505,157.68492999999998,79.71339,237.87337
264,2A,Tampa,0.65,0.95,0.4117099999999999,169.90955,84.93894,255.2602
265,2A,Tampa,0.65,0.9,0.4117099999999999,166.07747999999998,83.32377,249.81296
266,2A,Tampa,0.7000000000000001,0.01,2.78781,89.40441,50.22861999999999,142.42084
267,2A,Tampa,0.7000000000000001,0.15,1.6576799999999998,103.65590999999998,56.91098999999999,162.22457999999995
268,2A,Tampa,0.7000000000000001,0.1,1.97438,98.58871,54.44073,155.00382
269,2A,Tampa,0.7000000000000001,0.25,1.2668,112.55518,60.96475,174.78672999999998
270,2A,Tampa,0.7000000000000001,0.2,1.46766,108.12138,58.93787,168.52691
271,2A,Tampa,0.7000000000000001,0.3,1.1401199999999998,116.8623,62.92829,180.93071
272,2A,Tampa,0.7000000000000001,0.35,1.01344,121.16942,64.82848999999999,187.01135
273,2A,Tampa,0.7000000000000001,0.45,0.8234199999999999,129.56196999999997,68.50220999999999,198.8876
274,2A,Tampa,0.7000000000000001,0.4,0.91843,125.38153,66.69702,192.99698
275,2A,Tampa,0.7000000000000001,0.55,0.6967399999999999,137.60615,71.89089999999999,210.19379
276,2A,Tampa,0.7000000000000001,0.5,0.76008,133.67907,70.24405999999999,204.68321
277,2A,Tampa,0.7000000000000001,0.6000000000000001,0.6334,141.65990999999997,73.53773999999999,215.83104999999995
278,2A,Tampa,0.7000000000000001,0.65,0.60173,145.9987,75.31126,221.91169
279,2A,Tampa,0.7000000000000001,0.7000000000000001,0.53839,149.92578,76.86309,227.32726
280,2A,Tampa,0.7000000000000001,0.75,0.50672,153.88453,78.50993,232.90118
281,2A,Tampa,0.7000000000000001,0.8500000000000001,0.44338,162.02371999999997,81.96195999999999,244.42905999999996
282,2A,Tampa,0.7000000000000001,0.8,0.47505,157.96996,80.22010999999999,238.66512
283,2A,Tampa,0.7000000000000001,0.95,0.4117099999999999,170.03623,85.28730999999999,255.73525
284,2A,Tampa,0.7000000000000001,0.9,0.44338,166.10915,83.67214,250.22467
285,2A,Tampa,0.75,0.01,2.94616,89.24606,50.38697,142.57919
286,2A,Tampa,0.75,0.15,1.75269,103.78259,57.322700000000005,162.85798
287,2A,Tampa,0.75,0.1,2.08023,98.68372,54.82077,155.58472
288,2A,Tampa,0.75,0.25,1.33014,113.18858,61.78817,176.30689
289,2A,Tampa,0.75,0.2,1.531,108.56476,59.60294,169.6987
290,2A,Tampa,0.75,0.3,1.20346,117.78073,63.91006,182.89425
291,2A,Tampa,0.75,0.35,1.07678,122.18286,65.90526999999999,189.16491
292,2A,Tampa,0.75,0.45,0.85509,130.67041999999998,69.64232999999999,201.16784
293,2A,Tampa,0.75,0.4,0.9501,126.48998,67.83714,195.27722
294,2A,Tampa,0.75,0.55,0.72841,138.68293,72.99934999999999,212.41069
295,2A,Tampa,0.75,0.5,0.79175,134.75584999999998,71.38417999999999,206.93178
296,2A,Tampa,0.75,0.6000000000000001,0.6650699999999999,142.54666999999998,74.55117999999999,217.76291999999995
297,2A,Tampa,0.75,0.65,0.60173,146.88546,76.22968999999999,223.71688
298,2A,Tampa,0.75,0.7000000000000001,0.5700599999999999,150.52751,77.62317,228.72074000000003
299,2A,Tampa,0.75,0.75,0.53839,154.32790999999995,79.11166,233.97796
300,2A,Tampa,0.75,0.8500000000000001,0.47505,162.24541,82.40534,245.1258
301,2A,Tampa,0.75,0.8,0.50672,158.28665999999998,80.7585,239.55188
302,2A,Tampa,0.75,0.95,0.44338,170.0679,85.63568,256.14696
303,2A,Tampa,0.75,0.9,0.44338,166.20415999999997,84.02051,250.66805
304,2A,Tampa,0.8500000000000001,0.01,3.30537,88.83435,50.672,142.81171999999998
305,2A,Tampa,0.8500000000000001,0.15,1.97438,103.46589,57.79774999999999,163.23802
306,2A,Tampa,0.8500000000000001,0.1,2.33359,98.36702,55.23248,155.93309
307,2A,Tampa,0.8500000000000001,0.25,1.531,113.18858,62.61158999999999,177.33117
308,2A,Tampa,0.8500000000000001,0.2,1.72102,108.43808,60.26801,170.42711
309,2A,Tampa,0.8500000000000001,0.3,1.33014,117.87574,64.82848999999999,184.03437
310,2A,Tampa,0.8500000000000001,0.35,1.20346,122.34121,66.91870999999999,190.46338
311,2A,Tampa,0.8500000000000001,0.45,0.98177,130.92378,70.71910999999999,202.62466
312,2A,Tampa,0.8500000000000001,0.4,1.07678,126.74334,68.88225,196.70237
313,2A,Tampa,0.8500000000000001,0.55,0.8234199999999999,138.90462,74.04445999999999,213.7725
314,2A,Tampa,0.8500000000000001,0.5,0.88676,134.97753999999998,72.42929,208.29359
315,2A,Tampa,0.8500000000000001,0.6000000000000001,0.76008,142.64167999999998,75.50128,218.90304
316,2A,Tampa,0.8500000000000001,0.65,0.6967399999999999,146.94879999999998,77.11645,224.76199
317,2A,Tampa,0.8500000000000001,0.7000000000000001,0.6334,150.4325,78.35157999999998,229.41748
318,2A,Tampa,0.8500000000000001,0.75,0.60173,154.01121,79.74506,234.358
319,2A,Tampa,0.8500000000000001,0.8500000000000001,0.53839,161.64368,82.81705,244.99912
320,2A,Tampa,0.8500000000000001,0.8,0.5700599999999999,157.81160999999997,81.26522,239.64689
321,2A,Tampa,0.8500000000000001,0.95,0.47505,169.24447999999998,85.88904,255.60857
322,2A,Tampa,0.8500000000000001,0.9,0.50672,165.47574999999998,84.33721,250.31968
323,2A,Tampa,0.8,0.01,3.1153499999999994,88.9927,50.51364999999999,142.62169999999998
324,2A,Tampa,0.8,0.15,1.87937,103.46589,57.48104999999999,162.82630999999998
325,2A,Tampa,0.8,0.1,2.20691,98.43036,54.97912,155.61638999999997
326,2A,Tampa,0.8,0.25,1.43599,113.15690999999998,62.23154999999999,176.82444999999998
327,2A,Tampa,0.8,0.2,1.62601,108.43808,59.91964,169.98372999999998
328,2A,Tampa,0.8,0.3,1.2668,117.8124,64.41678,183.49598
329,2A,Tampa,0.8,0.35,1.1401199999999998,122.27787,66.50699999999999,189.92499
330,2A,Tampa,0.8,0.45,0.91843,130.92378,70.30739999999999,202.14961
331,2A,Tampa,0.8,0.4,1.01344,126.71166999999998,68.47054,196.19565
332,2A,Tampa,0.8,0.55,0.76008,138.96796,73.66442,213.39246
333,2A,Tampa,0.8,0.5,0.85509,135.00921,72.04925,207.91355
334,2A,Tampa,0.8,0.6000000000000001,0.72841,142.76835999999997,75.15290999999999,218.64968
335,2A,Tampa,0.8,0.65,0.6334,147.13881999999998,76.79974999999999,224.57197
336,2A,Tampa,0.8,0.7000000000000001,0.60173,150.68586,78.09822,229.38581
337,2A,Tampa,0.8,0.75,0.5700599999999999,154.39125,79.4917,234.45301
338,2A,Tampa,0.8,0.8500000000000001,0.50672,162.1504,82.62702999999999,245.28415
339,2A,Tampa,0.8,0.8,0.53839,158.25499,81.0752,239.86858
340,2A,Tampa,0.8,0.95,0.44338,169.84621,85.79402999999999,256.08362
341,2A,Tampa,0.8,0.9,0.47505,166.01414,84.21052999999999,250.69972
342,2A,Tampa,0.95,0.01,3.63291,88.51764999999999,50.92535999999999,143.07591999999997
343,2A,Tampa,0.95,0.15,2.17524,103.5609,58.43115,164.16729
344,2A,Tampa,0.95,0.1,2.55528,98.33535,55.77087,156.6615
345,2A,Tampa,0.95,0.25,1.6576799999999998,113.44194,63.37167,178.47128999999998
346,2A,Tampa,0.95,0.2,1.87937,108.59643,60.96475,171.44054999999997
347,2A,Tampa,0.95,0.3,1.4993299999999998,118.09743,65.65191,185.24867
348,2A,Tampa,0.95,0.35,1.33014,122.62624,67.7738,191.73018
349,2A,Tampa,0.95,0.45,1.07678,131.1138,71.5742,203.76478000000003
350,2A,Tampa,0.95,0.4,1.20346,126.9967,69.76901,197.96917
351,2A,Tampa,0.95,0.55,0.91843,138.96796,74.83621,214.7226
352,2A,Tampa,0.95,0.5,0.98177,135.13589,73.28438,209.40204
353,2A,Tampa,0.95,0.6000000000000001,0.85509,142.515,76.26136,219.63145
354,2A,Tampa,0.95,0.65,0.76008,146.72710999999998,77.78151999999999,225.26870999999997
355,2A,Tampa,0.95,0.7000000000000001,0.6967399999999999,150.02078999999998,78.95330999999999,229.67084
356,2A,Tampa,0.95,0.75,0.6650699999999999,153.40947999999997,80.22010999999999,234.29466
357,2A,Tampa,0.95,0.8500000000000001,0.60173,160.82026,83.16542,244.58741
358,2A,Tampa,0.95,0.8,0.6334,157.0832,81.67693,239.39353
359,2A,Tampa,0.95,0.95,0.53839,168.10436,86.07906,254.72181
360,2A,Tampa,0.95,0.9,0.5700599999999999,164.46231,84.62223999999999,249.65461
361,2A,Tampa,0.9,0.01,3.46372,88.64433,50.79868,142.90672999999998
362,2A,Tampa,0.9,0.15,2.06939,103.49756,58.11445,163.6814
363,2A,Tampa,0.9,0.1,2.4286,98.33535,55.48584,156.24979
364,2A,Tampa,0.9,0.25,1.59434,113.31526,62.95996,177.86955999999998
365,2A,Tampa,0.9,0.2,1.81603,108.50141999999998,60.61638,170.93382999999997
366,2A,Tampa,0.9,0.3,1.43599,117.97075,65.2402,184.64694
367,2A,Tampa,0.9,0.35,1.2668,122.46789,67.33042,191.06511
368,2A,Tampa,0.9,0.45,1.04511,130.98712,71.13082,203.16305
369,2A,Tampa,0.9,0.4,1.1401199999999998,126.83834999999998,69.32563,197.3041
370,2A,Tampa,0.9,0.55,0.85509,138.90462,74.4245,214.18421
371,2A,Tampa,0.9,0.5,0.9501,135.04088,72.87267,208.86365
372,2A,Tampa,0.9,0.6000000000000001,0.79175,142.54666999999998,75.88132,219.21974
373,2A,Tampa,0.9,0.65,0.72841,146.82211999999998,77.43315,224.98368
374,2A,Tampa,0.9,0.7000000000000001,0.6650699999999999,150.17914,78.63660999999999,229.48082
375,2A,Tampa,0.9,0.75,0.6334,153.69451,79.96674999999999,234.29466
376,2A,Tampa,0.9,0.8500000000000001,0.5700599999999999,161.2003,82.9754,244.74576
377,2A,Tampa,0.9,0.8,0.60173,157.43157,81.48691,239.52021
378,2A,Tampa,0.9,0.95,0.50672,168.64274999999998,85.95237999999999,255.10185
379,2A,Tampa,0.9,0.9,0.53839,164.96903,84.46389,249.97131
0,2B,Tucson,0.01,0.01,1.01344,79.90341,54.94745,135.8643
1,2B,Tucson,0.01,0.15,0.60173,94.78831,60.90141,156.29145
2,2B,Tucson,0.01,0.1,0.6967399999999999,89.34107,58.62117,148.65898
3,2B,Tucson,0.01,0.25,0.47505,104.8277,64.86016,170.16290999999998
4,2B,Tucson,0.01,0.2,0.50672,99.79217,62.86495,163.16384
5,2B,Tucson,0.01,0.3,0.44338,109.95824,66.88704,177.28866
6,2B,Tucson,0.01,0.35,0.4117099999999999,115.18379,68.97726,184.57276
7,2B,Tucson,0.01,0.45,0.38004,126.36329999999998,73.37939,200.12273
8,2B,Tucson,0.01,0.4,0.4117099999999999,120.6627,71.16248999999999,192.2369
9,2B,Tucson,0.01,0.55,0.38004,137.25778,77.87652999999999,215.51435
10,2B,Tucson,0.01,0.5,0.38004,131.77886999999998,75.59629,207.7552
11,2B,Tucson,0.01,0.6000000000000001,0.38004,142.73668999999998,80.15677,223.2735
12,2B,Tucson,0.01,0.65,0.38004,148.27894,82.46867999999999,231.12766
13,2B,Tucson,0.01,0.7000000000000001,0.38004,153.82119,84.81226,239.01349
14,2B,Tucson,0.01,0.75,0.38004,159.33177,87.18751,246.89932
15,2B,Tucson,0.01,0.8500000000000001,0.38004,170.51128,92.00135,262.89267
16,2B,Tucson,0.01,0.8,0.38004,164.96903,89.59442999999999,254.9435
17,2B,Tucson,0.01,0.95,0.38004,181.7858,96.94187,279.10771
18,2B,Tucson,0.01,0.9,0.38004,176.14853999999997,94.47160999999998,271.00019
19,2B,Tucson,0.05,0.01,1.17179,79.23834,55.39083,135.80095999999998
20,2B,Tucson,0.05,0.15,0.6650699999999999,94.02823,61.37646,156.06975999999997
21,2B,Tucson,0.05,0.1,0.79175,88.58098999999999,59.09622,148.46895999999998
22,2B,Tucson,0.05,0.25,0.50672,103.97261,65.33520999999999,169.81453999999997
23,2B,Tucson,0.05,0.2,0.5700599999999999,98.96875,63.34,162.87881
24,2B,Tucson,0.05,0.3,0.47505,109.03981,67.36209,176.87694999999997
25,2B,Tucson,0.05,0.35,0.44338,114.20202,69.42064,184.06604
26,2B,Tucson,0.05,0.45,0.4117099999999999,125.28652,73.82276999999999,199.521
27,2B,Tucson,0.05,0.4,0.4117099999999999,119.64926,71.5742,191.63517
28,2B,Tucson,0.05,0.55,0.38004,136.08598999999998,78.25657,214.7226
29,2B,Tucson,0.05,0.5,0.38004,130.67041999999998,76.008,207.05846
30,2B,Tucson,0.05,0.6000000000000001,0.38004,141.53322999999995,80.53680999999999,222.45008
31,2B,Tucson,0.05,0.65,0.38004,147.04380999999998,82.81705,230.2409
32,2B,Tucson,0.05,0.7000000000000001,0.38004,152.55438999999998,85.16063,238.09506
33,2B,Tucson,0.05,0.75,0.38004,158.0333,87.50420999999999,245.91755
34,2B,Tucson,0.05,0.8500000000000001,0.38004,169.14946999999998,92.31805,261.84756
35,2B,Tucson,0.05,0.8,0.38004,163.63889,89.91113,253.93006000000003
36,2B,Tucson,0.05,0.95,0.38004,180.36065,97.19523,277.93592
37,2B,Tucson,0.05,0.9,0.38004,174.72339,94.72497,269.8284
38,2B,Tucson,0.15,0.01,1.62601,77.9082,56.46760999999999,136.00181999999998
39,2B,Tucson,0.15,0.15,0.88676,92.44473,62.51657999999999,155.84806999999998
40,2B,Tucson,0.15,0.1,1.07678,87.12417,60.20467,148.40562
41,2B,Tucson,0.15,0.25,0.6334,102.16742,66.44366,169.24447999999998
42,2B,Tucson,0.15,0.2,0.72841,97.29024,64.48012,162.49876999999998
43,2B,Tucson,0.15,0.3,0.5700599999999999,107.10794,68.47054,176.14854
44,2B,Tucson,0.15,0.35,0.50672,112.14346999999998,70.52909,183.17928
45,2B,Tucson,0.15,0.45,0.44338,123.00628,74.83621,198.28587
46,2B,Tucson,0.15,0.4,0.47505,117.46403,72.65098,190.59006
47,2B,Tucson,0.15,0.55,0.4117099999999999,133.6474,79.23834,213.29745
48,2B,Tucson,0.15,0.5,0.4117099999999999,128.29516999999998,77.02144,205.72832
49,2B,Tucson,0.15,0.6000000000000001,0.38004,138.96796,81.48691,220.83491
50,2B,Tucson,0.15,0.65,0.38004,144.32019,83.73548,228.43571
51,2B,Tucson,0.15,0.7000000000000001,0.38004,149.76743,86.01572,236.16319
52,2B,Tucson,0.15,0.75,0.38004,155.21466999999998,88.35929999999999,243.95401
53,2B,Tucson,0.15,0.8500000000000001,0.38004,166.14082,93.04646,259.56732
54,2B,Tucson,0.15,0.8,0.38004,160.59857,90.67121,251.64982
55,2B,Tucson,0.15,0.95,0.38004,177.06696999999997,97.82863,275.27563999999995
56,2B,Tucson,0.15,0.9,0.38004,171.61972999999998,95.42171,267.42148
57,2B,Tucson,0.1,0.01,1.4043199999999998,78.50993,55.92922,135.84347
58,2B,Tucson,0.1,0.15,0.76008,93.17314,61.94651999999999,155.87974
59,2B,Tucson,0.1,0.1,0.91843,87.78923999999999,59.66627999999999,148.37394999999998
60,2B,Tucson,0.1,0.25,0.5700599999999999,102.99084,65.90526999999999,169.46616999999998
61,2B,Tucson,0.1,0.2,0.6334,98.05032,63.91006,162.59377999999998
62,2B,Tucson,0.1,0.3,0.50672,108.02637,67.90048,176.43356999999995
63,2B,Tucson,0.1,0.35,0.47505,113.09357,69.95903,183.52765
64,2B,Tucson,0.1,0.45,0.4117099999999999,124.08306,74.32948999999999,198.82426
65,2B,Tucson,0.1,0.4,0.44338,118.50914,72.11259,191.06511
66,2B,Tucson,0.1,0.55,0.38004,134.81919,78.76329,213.96252
67,2B,Tucson,0.1,0.5,0.4117099999999999,129.43528999999998,76.51472,206.36172
68,2B,Tucson,0.1,0.6000000000000001,0.38004,140.17141999999998,81.01185999999998,221.56332
69,2B,Tucson,0.1,0.65,0.38004,145.58699,83.29209999999999,229.25913
70,2B,Tucson,0.1,0.7000000000000001,0.38004,151.09757,85.60401,237.08162
71,2B,Tucson,0.1,0.75,0.38004,156.51314,87.91592,244.8091
72,2B,Tucson,0.1,0.8500000000000001,0.38004,167.59763999999998,92.66642,260.6441
73,2B,Tucson,0.1,0.8,0.38004,162.05539,90.29117,252.7266
74,2B,Tucson,0.1,0.95,0.38004,178.65046999999998,97.51193,276.54244
75,2B,Tucson,0.1,0.9,0.38004,173.13989,95.07334,268.59327
76,2B,Tucson,0.25,0.01,2.1644,76.98977,57.44938,136.60354999999998
77,2B,Tucson,0.25,0.15,1.1401199999999998,91.36795,63.62503,156.13309999999998
78,2B,Tucson,0.25,0.1,1.3934799999999998,86.07906,61.28145,148.75399
79,2B,Tucson,0.25,0.25,0.79175,100.83728,67.55210999999998,169.18113999999997
80,2B,Tucson,0.25,0.2,0.9501,96.08678,65.58857,162.62545
81,2B,Tucson,0.25,0.3,0.6967399999999999,105.68278999999998,69.54732,175.92685
82,2B,Tucson,0.25,0.35,0.60173,110.62331,71.5742,182.79924
83,2B,Tucson,0.25,0.45,0.50672,121.26443,75.88132,197.65247
84,2B,Tucson,0.25,0.4,0.53839,115.81719,73.69609,190.05167
85,2B,Tucson,0.25,0.55,0.44338,131.68385999999998,80.22010999999999,212.34734999999995
86,2B,Tucson,0.25,0.5,0.47505,126.48998,78.03488,204.99991
87,2B,Tucson,0.25,0.6000000000000001,0.4117099999999999,136.94108,82.40534,219.75813
88,2B,Tucson,0.25,0.65,0.4117099999999999,142.1983,84.65391,227.26392
89,2B,Tucson,0.25,0.7000000000000001,0.4117099999999999,147.51886,86.90248,234.83305
90,2B,Tucson,0.25,0.75,0.38004,152.87109,89.18271999999999,242.43385
91,2B,Tucson,0.25,0.8500000000000001,0.38004,163.60721999999998,93.80654,257.7938
92,2B,Tucson,0.25,0.8,0.38004,158.25499,91.49463,250.12966
93,2B,Tucson,0.25,0.95,0.38004,174.34335,98.4937,273.21709
94,2B,Tucson,0.25,0.9,0.38004,168.99112,96.11845,265.48961
95,2B,Tucson,0.2,0.01,1.87937,77.40148,56.94266,136.22351
96,2B,Tucson,0.2,0.15,1.01344,91.87467,63.08664,155.97475
97,2B,Tucson,0.2,0.1,1.23513,86.52243999999999,60.74305999999999,148.50062999999997
98,2B,Tucson,0.2,0.25,0.72841,101.47068,66.98204999999999,169.18113999999997
99,2B,Tucson,0.2,0.2,0.85509,96.62517,65.01851,162.49877
100,2B,Tucson,0.2,0.3,0.6334,106.34785999999998,69.00892999999999,175.99018999999998
101,2B,Tucson,0.2,0.35,0.5700599999999999,111.35172,71.06748,182.98926
102,2B,Tucson,0.2,0.45,0.47505,122.08785,75.3746,197.9375
103,2B,Tucson,0.2,0.4,0.50672,116.60894,73.1577,190.27336
104,2B,Tucson,0.2,0.55,0.4117099999999999,132.63396,79.71339,212.75906
105,2B,Tucson,0.2,0.5,0.44338,127.34507,77.52816,205.31661
106,2B,Tucson,0.2,0.6000000000000001,0.4117099999999999,137.89118,81.93029,220.23318
107,2B,Tucson,0.2,0.65,0.38004,143.24340999999998,84.17885999999999,227.80231
108,2B,Tucson,0.2,0.7000000000000001,0.38004,148.56396999999998,86.45909999999999,235.40311
109,2B,Tucson,0.2,0.75,0.38004,153.97954,88.77101,243.13059
110,2B,Tucson,0.2,0.8500000000000001,0.38004,164.81068,93.4265,258.61722
111,2B,Tucson,0.2,0.8,0.38004,159.39511,91.08292,250.85807
112,2B,Tucson,0.2,0.95,0.38004,175.64182,98.14533,274.16719
113,2B,Tucson,0.2,0.9,0.38004,170.25791999999998,95.77008,266.40804
114,2B,Tucson,0.3,0.01,2.38609,76.57806,57.92443,136.88858
115,2B,Tucson,0.3,0.15,1.2984699999999998,90.98791,64.19509,156.48147
116,2B,Tucson,0.3,0.1,1.59434,85.66735,61.78817,149.04986
117,2B,Tucson,0.3,0.25,0.88676,100.64726,68.18551,169.71953
118,2B,Tucson,0.3,0.2,1.07678,95.77008,66.15863,163.00549
119,2B,Tucson,0.3,0.3,0.76008,105.49277,70.18072,176.43357
120,2B,Tucson,0.3,0.35,0.6650699999999999,110.46496,72.23926999999999,183.3693
121,2B,Tucson,0.3,0.45,0.53839,120.59936,76.45138,197.58913
122,2B,Tucson,0.3,0.4,0.60173,115.53216,74.32948999999999,190.46338
123,2B,Tucson,0.3,0.55,0.47505,130.89210999999997,80.69516,212.06232
124,2B,Tucson,0.3,0.5,0.50672,125.7299,78.60494,204.84156
125,2B,Tucson,0.3,0.6000000000000001,0.44338,136.08598999999998,82.88039,219.40976
126,2B,Tucson,0.3,0.65,0.4117099999999999,141.31153999999998,85.09729,226.82054
127,2B,Tucson,0.3,0.7000000000000001,0.4117099999999999,146.53709,87.34585999999999,234.29466
128,2B,Tucson,0.3,0.75,0.4117099999999999,151.85765,89.59442999999999,241.86379
129,2B,Tucson,0.3,0.8500000000000001,0.38004,162.49877,94.18658,257.06539
130,2B,Tucson,0.3,0.8,0.38004,157.20988,91.87467,249.46459
131,2B,Tucson,0.3,0.95,0.38004,173.07655,98.77873,272.23532
132,2B,Tucson,0.3,0.9,0.38004,167.78766,96.49849,264.66619
133,2B,Tucson,0.35,0.01,2.63945,76.26136,58.36781,137.26862
134,2B,Tucson,0.35,0.15,1.42515,90.67121,64.73348,156.82984
135,2B,Tucson,0.35,0.1,1.78436,85.35064999999999,62.29489,149.4299
136,2B,Tucson,0.35,0.25,0.98177,100.20388,68.69223,169.87788
137,2B,Tucson,0.35,0.2,1.20346,95.39004,66.69702,163.29052
138,2B,Tucson,0.35,0.3,0.85509,104.98605,70.71910999999999,176.56025
139,2B,Tucson,0.35,0.35,0.72841,109.92657,72.74598999999999,183.40097
140,2B,Tucson,0.35,0.45,0.5700599999999999,119.96596,76.9581,197.49412
141,2B,Tucson,0.35,0.4,0.6334,114.93043,74.83621,190.40004
142,2B,Tucson,0.35,0.55,0.50672,130.13203,81.17021,211.80896
143,2B,Tucson,0.35,0.5,0.53839,125.03315999999998,79.07999,204.65154
144,2B,Tucson,0.35,0.6000000000000001,0.47505,135.29424,83.35544,219.12473
145,2B,Tucson,0.35,0.65,0.44338,140.48811999999998,85.54067,226.47217
146,2B,Tucson,0.35,0.7000000000000001,0.4117099999999999,145.682,87.75757,233.85128
147,2B,Tucson,0.35,0.75,0.4117099999999999,150.93921999999998,90.03781,241.38874
148,2B,Tucson,0.35,0.8500000000000001,0.38004,161.517,94.56662,256.46366
149,2B,Tucson,0.35,0.8,0.4117099999999999,156.19644,92.28638,248.89453
150,2B,Tucson,0.35,0.95,0.38004,171.93643,99.09543,271.4119
151,2B,Tucson,0.35,0.9,0.38004,166.77422,96.84686,264.00112
152,2B,Tucson,0.45,0.01,3.15701,75.81798,59.25457,138.22956
153,2B,Tucson,0.45,0.15,1.75269,90.19616,65.77859,157.72744
154,2B,Tucson,0.45,0.1,2.1644,84.87559999999999,63.27666,150.31665999999998
155,2B,Tucson,0.45,0.25,1.23513,99.50714,69.73733999999999,170.47960999999998
156,2B,Tucson,0.45,0.2,1.46766,94.81998,67.7738,164.06144
157,2B,Tucson,0.45,0.3,1.04511,104.22597,71.73254999999999,177.00363
158,2B,Tucson,0.45,0.35,0.88676,109.07147999999998,73.7911,183.74934
159,2B,Tucson,0.45,0.45,0.6967399999999999,118.88918,77.93987,197.52579
160,2B,Tucson,0.45,0.4,0.79175,113.98033,75.84965,190.62173
161,2B,Tucson,0.45,0.55,0.5700599999999999,128.8969,82.12030999999999,211.58727
162,2B,Tucson,0.45,0.5,0.6334,123.89303999999998,80.03008999999999,204.55652999999995
163,2B,Tucson,0.45,0.6000000000000001,0.53839,133.99577,84.27386999999999,218.80803
164,2B,Tucson,0.45,0.65,0.50672,139.09464,86.45909999999999,226.06046
165,2B,Tucson,0.45,0.7000000000000001,0.47505,144.22518,88.64433,233.34456
166,2B,Tucson,0.45,0.75,0.44338,149.35572,90.86123,240.66033
167,2B,Tucson,0.45,0.8500000000000001,0.4117099999999999,159.74347999999998,95.3267,255.48189
168,2B,Tucson,0.45,0.8,0.4117099999999999,154.54959999999997,93.07813,248.03944
169,2B,Tucson,0.45,0.95,0.4117099999999999,169.81454,99.66549,269.89174
170,2B,Tucson,0.45,0.9,0.4117099999999999,164.93735999999998,97.57527,262.92434
171,2B,Tucson,0.4,0.01,2.90365,76.008,58.84286,137.75450999999998
172,2B,Tucson,0.4,0.15,1.59434,90.41785,65.27186999999999,157.28406
173,2B,Tucson,0.4,0.1,1.97438,85.09729,62.80160999999999,149.87328
174,2B,Tucson,0.4,0.25,1.10845,99.82384,69.23061999999999,170.16290999999998
175,2B,Tucson,0.4,0.2,1.33014,95.07334,67.23541,163.63889
176,2B,Tucson,0.4,0.3,0.9501,104.57434,71.22582999999999,176.75027
177,2B,Tucson,0.4,0.35,0.8234199999999999,109.45152,73.28438,183.55932
178,2B,Tucson,0.4,0.45,0.6334,119.3959,77.43315,197.46245
179,2B,Tucson,0.4,0.4,0.6967399999999999,114.42371,75.34293,190.46338
180,2B,Tucson,0.4,0.55,0.53839,129.49863,81.64526,211.68228
181,2B,Tucson,0.4,0.5,0.5700599999999999,124.43143,79.55504,204.55653
182,2B,Tucson,0.4,0.6000000000000001,0.50672,134.62917,83.79881999999999,218.93471
183,2B,Tucson,0.4,0.65,0.47505,139.72804,85.98405,226.18714
184,2B,Tucson,0.4,0.7000000000000001,0.44338,144.89024999999998,88.20095,233.53458
185,2B,Tucson,0.4,0.75,0.4117099999999999,150.08413,90.41785,240.91369
186,2B,Tucson,0.4,0.8500000000000001,0.4117099999999999,160.5669,94.94666,255.92527
187,2B,Tucson,0.4,0.8,0.4117099999999999,155.34134999999998,92.69809,248.45115
188,2B,Tucson,0.4,0.95,0.38004,170.89131999999998,99.41213,270.68349
189,2B,Tucson,0.4,0.9,0.38004,165.82412,97.2269,263.43106
190,2B,Tucson,0.55,0.01,3.6003899999999995,75.46960999999999,60.10966,139.17965999999998
191,2B,Tucson,0.55,0.15,2.06939,89.94279999999999,66.8237,158.83589
192,2B,Tucson,0.55,0.1,2.54444,84.59057,64.22676,151.36176999999998
193,2B,Tucson,0.55,0.25,1.46766,99.06376,70.78245,171.31387
194,2B,Tucson,0.55,0.2,1.72102,94.47160999999998,68.78724,164.97986999999998
195,2B,Tucson,0.55,0.3,1.23513,103.68758,72.77766,177.70037
196,2B,Tucson,0.55,0.35,1.07678,108.46975,74.80454,184.35107
197,2B,Tucson,0.55,0.45,0.8234199999999999,118.09743,78.92164,197.84249
198,2B,Tucson,0.55,0.4,0.91843,113.25191999999998,76.83142,191.00177
199,2B,Tucson,0.55,0.55,0.6334,127.94679999999998,83.03873999999999,211.61894
200,2B,Tucson,0.55,0.5,0.72841,123.00628,81.01185999999998,204.74655
201,2B,Tucson,0.55,0.6000000000000001,0.60173,132.95065999999997,85.19229999999999,218.74469
202,2B,Tucson,0.55,0.65,0.53839,137.95452,87.31419,225.8071
203,2B,Tucson,0.55,0.7000000000000001,0.50672,143.02172,89.49942,233.02786
204,2B,Tucson,0.55,0.75,0.47505,148.08891999999997,91.68465,240.24862
205,2B,Tucson,0.55,0.8500000000000001,0.44338,158.28665999999998,96.08678,254.81681999999995
206,2B,Tucson,0.55,0.8,0.47505,153.18778999999998,93.86988,247.53272
207,2B,Tucson,0.55,0.95,0.4117099999999999,168.04102,100.26722,268.71995
208,2B,Tucson,0.55,0.9,0.44338,163.35386,98.30368,262.10092
209,2B,Tucson,0.5,0.01,3.41037,75.62795999999999,59.69795,138.73628
210,2B,Tucson,0.5,0.15,1.94271,90.03781,66.31698,158.2975
211,2B,Tucson,0.5,0.1,2.35442,84.71724999999999,63.75171,150.82338
212,2B,Tucson,0.5,0.25,1.33014,99.25378,70.27573,170.85965
213,2B,Tucson,0.5,0.2,1.59434,94.59829,68.28052,164.47314999999998
214,2B,Tucson,0.5,0.3,1.1401199999999998,103.90927,72.23926999999999,177.28866
215,2B,Tucson,0.5,0.35,0.98177,108.72311,74.29782,184.0027
216,2B,Tucson,0.5,0.45,0.76008,118.50914,78.41492,197.68414
217,2B,Tucson,0.5,0.4,0.85509,113.60029,76.35637,190.81175
218,2B,Tucson,0.5,0.55,0.60173,128.39018,82.56369,211.5556
219,2B,Tucson,0.5,0.5,0.6650699999999999,123.41799,80.53680999999999,204.61987
220,2B,Tucson,0.5,0.6000000000000001,0.5700599999999999,133.45738,84.71724999999999,218.74469
221,2B,Tucson,0.5,0.65,0.50672,138.49291,86.87080999999999,225.87044
222,2B,Tucson,0.5,0.7000000000000001,0.50672,143.56010999999998,89.05604,233.12287
223,2B,Tucson,0.5,0.75,0.47505,148.69065,91.27294,240.43864
224,2B,Tucson,0.5,0.8500000000000001,0.44338,158.9834,95.70674,255.13352
225,2B,Tucson,0.5,0.8,0.44338,153.82119,93.48984,247.75441
226,2B,Tucson,0.5,0.95,0.4117099999999999,168.89611,99.98219,269.29001
227,2B,Tucson,0.5,0.9,0.4117099999999999,164.08227,97.95531,262.44929
228,2B,Tucson,0.6000000000000001,0.01,3.89626,75.34293,60.52137,139.76056
229,2B,Tucson,0.6000000000000001,0.15,2.22774,89.91113,67.33042,159.46929
230,2B,Tucson,0.6000000000000001,0.1,2.71363,84.5589,64.67014,151.94267
231,2B,Tucson,0.6000000000000001,0.25,1.59434,98.93708,71.28917,171.82058999999998
232,2B,Tucson,0.6000000000000001,0.2,1.87937,94.3766,69.29396,165.54993
233,2B,Tucson,0.6000000000000001,0.3,1.37265,103.52922999999998,73.28438,178.18625999999998
234,2B,Tucson,0.6000000000000001,0.35,1.17179,108.27973,75.31126,184.76278
235,2B,Tucson,0.6000000000000001,0.45,0.88676,117.84407,79.39668999999999,198.12752
236,2B,Tucson,0.6000000000000001,0.4,1.01344,113.03023,77.33814,191.38181
237,2B,Tucson,0.6000000000000001,0.55,0.6967399999999999,127.59843,83.51379,211.80896
238,2B,Tucson,0.6000000000000001,0.5,0.79175,122.68958,81.48691,204.96824
239,2B,Tucson,0.6000000000000001,0.6000000000000001,0.6334,132.57062,85.63568,218.8397
240,2B,Tucson,0.6000000000000001,0.65,0.5700599999999999,137.51113999999998,87.78923999999999,225.87044
241,2B,Tucson,0.6000000000000001,0.7000000000000001,0.53839,142.515,89.94279999999999,232.99619
242,2B,Tucson,0.6000000000000001,0.75,0.50672,147.55053,92.09636,240.15361
243,2B,Tucson,0.6000000000000001,0.8500000000000001,0.47505,157.65326,96.46682,254.59513
244,2B,Tucson,0.6000000000000001,0.8,0.47505,152.61773,94.28159,247.37437
245,2B,Tucson,0.6000000000000001,0.95,0.44338,167.18592999999998,100.55225,268.18156
246,2B,Tucson,0.6000000000000001,0.9,0.44338,162.68878999999998,98.68372,261.81589
247,2B,Tucson,0.65,0.01,4.14962,75.27959,60.93307999999999,140.36228999999997
248,2B,Tucson,0.65,0.15,2.38609,90.10115,67.96382,160.45105999999998
249,2B,Tucson,0.65,0.1,2.87198,84.65391,65.27186999999999,152.79775999999998
250,2B,Tucson,0.65,0.25,1.68935,99.63382,72.27094,173.59411
251,2B,Tucson,0.65,0.2,2.00605,94.81998,70.11738,166.94341
252,2B,Tucson,0.65,0.3,1.43599,104.38432,74.36116,180.18147
253,2B,Tucson,0.65,0.35,1.23513,109.2615,76.48304999999999,186.97968
254,2B,Tucson,0.65,0.45,0.91843,118.92085,80.66349,200.50277
255,2B,Tucson,0.65,0.4,1.07678,114.07534,78.57327,193.72539
256,2B,Tucson,0.65,0.55,0.72841,128.48519,84.71724999999999,213.93085
257,2B,Tucson,0.65,0.5,0.8234199999999999,123.73469,82.72203999999999,207.28015
258,2B,Tucson,0.65,0.6000000000000001,0.6650699999999999,133.29903000000002,86.74413,220.70823
259,2B,Tucson,0.65,0.65,0.60173,138.36622999999997,88.86601999999999,227.83398
260,2B,Tucson,0.65,0.7000000000000001,0.5700599999999999,143.18007,90.8929,234.64303
261,2B,Tucson,0.65,0.75,0.53839,148.05724999999998,92.95145,241.54709
262,2B,Tucson,0.65,0.8500000000000001,0.47505,157.96996,97.16356,255.60857
263,2B,Tucson,0.65,0.8,0.50672,152.99777,95.07334,248.57783
264,2B,Tucson,0.65,0.95,0.44338,167.43928999999997,101.18565,269.06832
265,2B,Tucson,0.65,0.9,0.44338,162.87881,99.28545,262.60763999999995
266,2B,Tucson,0.7000000000000001,0.01,4.37131,75.21625,61.34479,140.93235
267,2B,Tucson,0.7000000000000001,0.15,2.49194,90.38618,68.62889,161.50700999999998
268,2B,Tucson,0.7000000000000001,0.1,3.03033,84.84392999999999,65.8736,153.74786
269,2B,Tucson,0.7000000000000001,0.25,1.78436,100.42557,73.28438,175.49430999999998
270,2B,Tucson,0.7000000000000001,0.2,2.10106,95.35837,70.97247,168.43189999999998
271,2B,Tucson,0.7000000000000001,0.3,1.531,105.42943,75.53295,182.49338
272,2B,Tucson,0.7000000000000001,0.35,1.2984699999999998,110.40162,77.74985,189.44994
273,2B,Tucson,0.7000000000000001,0.45,0.98177,120.15598,82.02529999999999,203.16305
274,2B,Tucson,0.7000000000000001,0.4,1.1401199999999998,115.31046999999998,79.90341,196.354
275,2B,Tucson,0.7000000000000001,0.55,0.79175,129.59364,85.98405,216.36944
276,2B,Tucson,0.7000000000000001,0.5,0.88676,124.96982,84.08385,209.94043
277,2B,Tucson,0.7000000000000001,0.6000000000000001,0.6967399999999999,134.2808,87.94758999999999,222.92513
278,2B,Tucson,0.7000000000000001,0.65,0.6334,139.34799999999998,90.03781,230.01921
279,2B,Tucson,0.7000000000000001,0.7000000000000001,0.60173,143.94015,91.87467,236.41655
280,2B,Tucson,0.7000000000000001,0.75,0.5700599999999999,148.62731,93.80654,243.00391
281,2B,Tucson,0.7000000000000001,0.8500000000000001,0.50672,158.28665999999998,97.89197,256.68535
282,2B,Tucson,0.7000000000000001,0.8,0.53839,153.47281999999998,95.86509,249.8763
283,2B,Tucson,0.7000000000000001,0.95,0.44338,167.75599,101.81905,270.01842
284,2B,Tucson,0.7000000000000001,0.9,0.47505,163.13216999999997,99.91885,263.52607
285,2B,Tucson,0.75,0.01,4.592999999999999,75.18458,61.72482999999999,141.50241
286,2B,Tucson,0.75,0.15,2.65029,90.70288,69.29396,162.64713
287,2B,Tucson,0.75,0.1,3.18868,85.09729,66.47532999999999,154.7613
288,2B,Tucson,0.75,0.25,1.8477,101.344,74.36116,177.55286
289,2B,Tucson,0.75,0.2,2.19607,96.02344,71.85923,170.07873999999998
290,2B,Tucson,0.75,0.3,1.59434,106.63289,76.79974999999999,185.02698
291,2B,Tucson,0.75,0.35,1.37265,111.73176,79.11166,192.21607
292,2B,Tucson,0.75,0.45,1.04511,121.64446999999998,83.48212,206.1717
293,2B,Tucson,0.75,0.4,1.17179,116.76729,81.36023,199.29931
294,2B,Tucson,0.75,0.55,0.8234199999999999,130.98712,87.4092,219.21974
295,2B,Tucson,0.75,0.5,0.91843,126.42664,85.509,212.85407
296,2B,Tucson,0.75,0.6000000000000001,0.72841,135.48426,89.24606,225.45873
297,2B,Tucson,0.75,0.65,0.6650699999999999,140.51978999999997,91.27294,232.4578
298,2B,Tucson,0.75,0.7000000000000001,0.6334,144.82690999999997,92.91978,238.38008999999997
299,2B,Tucson,0.75,0.75,0.5700599999999999,149.29237999999998,94.72497,244.58741
300,2B,Tucson,0.75,0.8500000000000001,0.50672,158.6667,98.58871,257.76213
301,2B,Tucson,0.75,0.8,0.53839,153.97954,96.65684,251.17477
302,2B,Tucson,0.75,0.95,0.47505,167.97768,102.42078,270.87351
303,2B,Tucson,0.75,0.9,0.47505,163.38553,100.52058,264.38116
304,2B,Tucson,0.8500000000000001,0.01,5.047219999999999,75.05789999999999,62.42157,142.52668999999997
305,2B,Tucson,0.8500000000000001,0.15,2.93532,90.67121,70.18072,163.78724999999997
306,2B,Tucson,0.8500000000000001,0.1,3.47371,85.06562,67.29875,155.83808
307,2B,Tucson,0.8500000000000001,0.25,2.10106,101.72404,75.62795999999999,179.45306
308,2B,Tucson,0.8500000000000001,0.2,2.49194,96.21346,72.96767999999999,171.67307999999997
309,2B,Tucson,0.8500000000000001,0.3,1.78436,107.13961,78.16156,187.08553
310,2B,Tucson,0.8500000000000001,0.35,1.531,112.33348999999998,80.56848,194.43297
311,2B,Tucson,0.8500000000000001,0.45,1.17179,122.2462,85.00228,208.42027
312,2B,Tucson,0.8500000000000001,0.4,1.3409799999999998,117.40069,82.84872,201.59039
313,2B,Tucson,0.8500000000000001,0.55,0.91843,131.52551,88.92935999999999,221.3733
314,2B,Tucson,0.8500000000000001,0.5,1.04511,126.9967,87.02915999999999,215.07097
315,2B,Tucson,0.8500000000000001,0.6000000000000001,0.8234199999999999,135.8643,90.67121,227.35893
316,2B,Tucson,0.8500000000000001,0.65,0.72841,140.89983,92.63475,234.26299
317,2B,Tucson,0.8500000000000001,0.7000000000000001,0.6650699999999999,144.95359,94.12324,239.7419
318,2B,Tucson,0.8500000000000001,0.75,0.6334,149.22903999999997,95.77008,245.63251999999997
319,2B,Tucson,0.8500000000000001,0.8500000000000001,0.5700599999999999,158.25499,99.41213,258.23718
320,2B,Tucson,0.8500000000000001,0.8,0.60173,153.75785,97.60694,251.96652
321,2B,Tucson,0.8500000000000001,0.95,0.50672,167.28094,103.11752,270.90518
322,2B,Tucson,0.8500000000000001,0.9,0.53839,162.75213,101.24899,264.53950999999995
323,2B,Tucson,0.8,0.01,4.8572,75.08957,62.0732,142.01997
324,2B,Tucson,0.8,0.15,2.80864,90.51286,69.67399999999999,162.9955
325,2B,Tucson,0.8,0.1,3.34703,84.93894,66.8237,155.10967
326,2B,Tucson,0.8,0.25,2.00605,101.50234999999998,75.02623,178.53463
327,2B,Tucson,0.8,0.2,2.35442,96.05510999999998,72.39761999999999,170.80714999999998
328,2B,Tucson,0.8,0.3,1.68935,106.91791999999998,77.55982999999999,186.1671
329,2B,Tucson,0.8,0.35,1.46766,112.1118,79.93507999999999,193.51453999999995
330,2B,Tucson,0.8,0.45,1.10845,122.05617999999998,84.36887999999999,207.53351
331,2B,Tucson,0.8,0.4,1.2668,117.179,82.21531999999999,200.66112
332,2B,Tucson,0.8,0.55,0.85509,131.46217,88.32763,220.64489
333,2B,Tucson,0.8,0.5,0.98177,126.83834999999998,86.39576,214.21588
334,2B,Tucson,0.8,0.6000000000000001,0.79175,135.83263,90.10115,226.72553
335,2B,Tucson,0.8,0.65,0.6967399999999999,140.96317,92.09636,233.75627
336,2B,Tucson,0.8,0.7000000000000001,0.6334,145.11194,93.64819,239.39353
337,2B,Tucson,0.8,0.75,0.60173,149.4824,95.3267,245.41083000000003
338,2B,Tucson,0.8,0.8500000000000001,0.53839,158.6667,99.06376,258.26885
339,2B,Tucson,0.8,0.8,0.5700599999999999,154.07455,97.19523,251.83984
340,2B,Tucson,0.8,0.95,0.47505,167.88267,102.83249,271.19021
341,2B,Tucson,0.8,0.9,0.50672,163.29052,100.93229,264.72952999999995
342,2B,Tucson,0.95,0.01,5.50144,75.02623,63.11831,143.64598
343,2B,Tucson,0.95,0.15,3.18868,91.05125,71.22582999999999,165.46576
344,2B,Tucson,0.95,0.1,3.79041,85.31898,68.24885,157.35824
345,2B,Tucson,0.95,0.25,2.29108,102.2941,76.83142,181.4166
346,2B,Tucson,0.95,0.2,2.68196,96.72017999999998,74.1078,173.50993999999997
347,2B,Tucson,0.95,0.3,1.94271,107.74134,79.42835999999998,189.11241
348,2B,Tucson,0.95,0.35,1.68935,112.93522,81.86695,196.49152
349,2B,Tucson,0.95,0.45,1.3093099999999998,122.81626,86.30075,210.42632
350,2B,Tucson,0.95,0.4,1.46766,118.00242,84.17885999999999,203.64894
351,2B,Tucson,0.95,0.55,1.01344,131.90554999999998,90.16449,223.08347999999995
352,2B,Tucson,0.95,0.5,1.1401199999999998,127.44008,88.29596,216.87616
353,2B,Tucson,0.95,0.6000000000000001,0.91843,136.08598999999998,91.843,228.84742
354,2B,Tucson,0.95,0.65,0.8234199999999999,140.96317,93.71153,235.49812
355,2B,Tucson,0.95,0.7000000000000001,0.76008,144.79523999999998,95.13668,240.69199999999995
356,2B,Tucson,0.95,0.75,0.6967399999999999,148.849,96.65684,246.20258
357,2B,Tucson,0.95,0.8500000000000001,0.60173,157.58991999999998,100.14054,258.33219
358,2B,Tucson,0.95,0.8,0.6650699999999999,153.21946,98.43036,252.31489
359,2B,Tucson,0.95,0.95,0.53839,166.20415999999997,103.65590999999998,270.39845999999994
360,2B,Tucson,0.95,0.9,0.5700599999999999,161.89703999999998,101.88239,264.34949
361,2B,Tucson,0.9,0.01,5.268909999999999,75.02623,62.80160999999999,143.09675
362,2B,Tucson,0.9,0.15,3.062,90.82956,70.71910999999999,164.61066999999997
363,2B,Tucson,0.9,0.1,3.63206,85.16063,67.7738,156.56649
364,2B,Tucson,0.9,0.25,2.19607,101.9774,76.22968999999999,180.40316
365,2B,Tucson,0.9,0.2,2.58695,96.46682,73.53773999999999,172.59150999999997
366,2B,Tucson,0.9,0.3,1.87937,107.39296999999998,78.79495999999999,188.0673
367,2B,Tucson,0.9,0.35,1.62601,112.61852,81.20188,195.44641
368,2B,Tucson,0.9,0.45,1.23513,122.49956,85.63568,209.37037
369,2B,Tucson,0.9,0.4,1.4043199999999998,117.68572,83.51379,202.60383
370,2B,Tucson,0.9,0.55,0.98177,131.68385999999998,89.53108999999999,222.19672
371,2B,Tucson,0.9,0.5,1.07678,127.18671999999998,87.66256,215.92606
372,2B,Tucson,0.9,0.6000000000000001,0.88676,135.95931,91.24127,228.08734
373,2B,Tucson,0.9,0.65,0.79175,140.89983,93.17314,234.86472000000003
374,2B,Tucson,0.9,0.7000000000000001,0.72841,144.85858,94.62996,240.21695
375,2B,Tucson,0.9,0.75,0.6650699999999999,149.00734999999997,96.21346,245.88588
376,2B,Tucson,0.9,0.8500000000000001,0.5700599999999999,157.87494999999998,99.79217,258.23718
377,2B,Tucson,0.9,0.8,0.6334,153.47281999999998,98.01865,252.12487
378,2B,Tucson,0.9,0.95,0.50672,166.74255,103.37088,270.62015
379,2B,Tucson,0.9,0.9,0.53839,162.30875,101.56569,264.41283
0,3A,Atlanta,0.01,0.01,16.8174,49.43686999999999,45.03474,111.28901
1,3A,Atlanta,0.01,0.15,13.05675,58.93787,50.38697,122.38159
2,3A,Atlanta,0.01,0.1,14.296130000000002,55.454170000000005,48.36008999999999,118.11039
3,3A,Atlanta,0.01,0.25,11.07727,65.58857,53.80732999999999,130.47316999999998
4,3A,Atlanta,0.01,0.2,12.02992,62.23154999999999,52.09714999999999,126.35861999999996
5,3A,Atlanta,0.01,0.3,10.1988,69.00892999999999,55.58085,134.78858
6,3A,Atlanta,0.01,0.35,9.43702,72.5243,57.35437,139.31569
7,3A,Atlanta,0.01,0.45,8.01931,80.28345,61.02808999999999,149.33085
8,3A,Atlanta,0.01,0.4,8.70691,76.26136,59.15956,144.12783
9,3A,Atlanta,0.01,0.55,6.929989999999999,88.07426999999998,64.76514999999999,159.76941
10,3A,Atlanta,0.01,0.5,7.437559999999999,84.11551999999999,62.89661999999999,154.44969999999998
11,3A,Atlanta,0.01,0.6000000000000001,6.48576,92.03302,66.66535,165.18412999999998
12,3A,Atlanta,0.01,0.65,6.052370000000001,96.08678,68.59722,170.73636999999997
13,3A,Atlanta,0.01,0.7000000000000001,5.713989999999999,100.14054,70.52909,176.38362
14,3A,Atlanta,0.01,0.75,5.375609999999999,104.25764,72.49262999999999,182.12588
15,3A,Atlanta,0.01,0.8500000000000001,4.83637,112.58684999999998,76.48304999999999,193.90627
16,3A,Atlanta,0.01,0.8,5.111409999999999,108.40640999999998,74.48783999999999,188.00566
17,3A,Atlanta,0.01,0.95,4.413819999999999,120.9794,80.56848,205.9617
18,3A,Atlanta,0.01,0.9,4.603839999999999,116.76729,78.50993,199.88106
19,3A,Atlanta,0.05,0.01,18.1418,48.80347,45.25643,112.2017
20,3A,Atlanta,0.05,0.15,14.1686,58.14612,50.60866,122.92338
21,3A,Atlanta,0.05,0.1,15.45049,54.69409,48.58178,118.72636
22,3A,Atlanta,0.05,0.25,12.09326,64.63847,54.06069,130.79242
23,3A,Atlanta,0.05,0.2,13.08842,61.37646,52.31884,126.78372
24,3A,Atlanta,0.05,0.3,11.17228,67.99548999999999,55.80254,134.97030999999998
25,3A,Atlanta,0.05,0.35,10.33632,71.44752,57.54439,139.32823
26,3A,Atlanta,0.05,0.45,8.80192,79.01665,61.21810999999999,149.03668
27,3A,Atlanta,0.05,0.4,9.5637,75.12123999999999,59.34957999999999,144.03452
28,3A,Atlanta,0.05,0.55,7.638419999999999,86.64912,64.95517,159.24271
29,3A,Atlanta,0.05,0.5,8.17766,82.78538,63.08664,154.04968000000002
30,3A,Atlanta,0.05,0.6000000000000001,7.13085,90.5762,66.85537,164.56241999999995
31,3A,Atlanta,0.05,0.65,6.6866200000000005,94.53495,68.75556999999999,169.97714
32,3A,Atlanta,0.05,0.7000000000000001,6.27406,98.55704,70.68744,175.51854
33,3A,Atlanta,0.05,0.75,5.91485,102.57913,72.61931,181.11329
34,3A,Atlanta,0.05,0.8500000000000001,5.301429999999999,110.81333,76.60973,192.72449
35,3A,Atlanta,0.05,0.8,5.60814,106.66456,74.61451999999998,186.88722
36,3A,Atlanta,0.05,0.95,4.773029999999999,119.0792,80.63182,204.48405
37,3A,Atlanta,0.05,0.9,5.00556,114.89876,78.60494,198.50926
38,3A,Atlanta,0.15,0.01,21.47905,47.47333,45.79482,114.7472
39,3A,Atlanta,0.15,0.15,16.98574,56.56262,51.24206,124.79042
40,3A,Atlanta,0.15,0.1,18.42683,53.2056,49.18351,120.81594
41,3A,Atlanta,0.15,0.25,14.53865,62.73826999999999,54.63075,131.90767
42,3A,Atlanta,0.15,0.2,15.67218,59.60294,52.92057,128.19569
43,3A,Atlanta,0.15,0.3,13.52181,65.90526999999999,56.34092999999999,135.76800999999998
44,3A,Atlanta,0.15,0.35,12.558319999999998,69.19895,58.08278,139.84005
45,3A,Atlanta,0.15,0.45,10.76971,76.41971,61.72482999999999,148.91424999999998
46,3A,Atlanta,0.15,0.4,11.637339999999998,72.71432,59.88797,144.23962999999998
47,3A,Atlanta,0.15,0.55,9.37283,83.73548,65.39854999999999,158.50685999999996
48,3A,Atlanta,0.15,0.5,10.0396,80.03008999999999,63.56169,153.63137999999998
49,3A,Atlanta,0.15,0.6000000000000001,8.74857,87.50420999999999,67.26707999999999,163.51986
50,3A,Atlanta,0.15,0.65,8.23016,91.30460999999998,69.16727999999999,168.70205
51,3A,Atlanta,0.15,0.7000000000000001,7.72259,95.13668,71.06748,173.92675
52,3A,Atlanta,0.15,0.75,7.27836,99.03209,72.99934999999999,179.3098
53,3A,Atlanta,0.15,0.8500000000000001,6.506589999999999,106.91791999999998,76.86309,190.2876
54,3A,Atlanta,0.15,0.8,6.87664,102.95917,74.93122,184.76703
55,3A,Atlanta,0.15,0.95,5.8615,114.93043,80.82184,201.61377
56,3A,Atlanta,0.15,0.9,6.16821,110.94001,78.85829999999999,195.96652
57,3A,Atlanta,0.1,0.01,19.86877,48.10673,45.54146,113.51696
58,3A,Atlanta,0.1,0.15,15.5455,57.29103,50.92535999999999,123.76189
59,3A,Atlanta,0.1,0.1,16.94408,53.87067,48.86681,119.68156
60,3A,Atlanta,0.1,0.25,13.32095,63.62503,54.34572,131.2917
61,3A,Atlanta,0.1,0.2,14.401129999999998,60.42635999999999,52.60386999999999,127.43135999999998
62,3A,Atlanta,0.1,0.3,12.35746,66.88704,56.08757,135.33207
63,3A,Atlanta,0.1,0.35,11.47899,70.24405999999999,57.82942,139.55246999999997
64,3A,Atlanta,0.1,0.45,9.79623,77.62317,61.47147,148.89087
65,3A,Atlanta,0.1,0.4,10.60052,73.82276999999999,59.63460999999999,144.0579
66,3A,Atlanta,0.1,0.55,8.48437,85.12895999999999,65.17685999999999,158.79019
67,3A,Atlanta,0.1,0.5,9.1403,81.32856,63.30832999999999,153.77719
68,3A,Atlanta,0.1,0.6000000000000001,7.93429,88.92935999999999,67.04539,163.90904
69,3A,Atlanta,0.1,0.65,7.45839,92.82477,68.94559,169.22875
70,3A,Atlanta,0.1,0.7000000000000001,7.01416,96.75185,70.87746,174.64346999999998
71,3A,Atlanta,0.1,0.75,6.580769999999999,100.7106,72.80932999999999,180.1007
72,3A,Atlanta,0.1,0.8500000000000001,5.90401,108.75478,76.73640999999999,191.3952
73,3A,Atlanta,0.1,0.8,6.242389999999999,104.73269,74.77287,185.74795
74,3A,Atlanta,0.1,0.95,5.333099999999999,116.92564,80.72682999999999,202.98557
75,3A,Atlanta,0.1,0.9,5.5973,112.80853999999998,78.73161999999999,197.13746
76,3A,Atlanta,0.25,0.01,24.58207,46.49156,46.36488,117.43851
77,3A,Atlanta,0.25,0.15,19.537830000000003,55.39083,51.87546,126.80411999999998
78,3A,Atlanta,0.25,0.1,21.15895,52.09714999999999,49.78524,123.04134
79,3A,Atlanta,0.25,0.25,16.99488,61.28145,55.26415,133.54048
80,3A,Atlanta,0.25,0.2,18.21343,58.30447,53.55397,130.07187
81,3A,Atlanta,0.25,0.3,15.76634,64.35343999999999,56.94266,137.06243999999998
82,3A,Atlanta,0.25,0.35,14.71783,67.48876999999999,58.68451,140.89110999999997
83,3A,Atlanta,0.25,0.45,12.685,74.39282999999999,62.26322,149.34105
84,3A,Atlanta,0.25,0.4,13.68016,70.84579,60.42635999999999,144.95230999999998
85,3A,Atlanta,0.25,0.55,11.09725,81.42357,65.90526999999999,158.42609
86,3A,Atlanta,0.25,0.5,11.86987,77.87652999999999,64.06841,153.81481
87,3A,Atlanta,0.25,0.6000000000000001,10.39881,85.03395,67.74213,163.17489
88,3A,Atlanta,0.25,0.65,9.77455,88.70767,69.57898999999999,168.06121
89,3A,Atlanta,0.25,0.7000000000000001,9.1928,92.41306,71.47919,173.08505
90,3A,Atlanta,0.25,0.75,8.67439,96.15012,73.34772,178.17222999999998
91,3A,Atlanta,0.25,0.8500000000000001,7.77509,103.81426,77.17979,188.76914
92,3A,Atlanta,0.25,0.8,8.187649999999998,99.98219,75.24792,183.41776
93,3A,Atlanta,0.25,0.95,7.00332,111.57340999999998,81.04352999999999,199.62026
94,3A,Atlanta,0.25,0.9,7.341699999999999,107.678,79.11166,194.13136
95,3A,Atlanta,0.2,0.01,23.03598,46.93494,46.07985,116.05077
96,3A,Atlanta,0.2,0.15,18.24595,55.92922,51.55876,125.73393
97,3A,Atlanta,0.2,0.1,19.82456,52.60386999999999,49.46854,121.89696999999998
98,3A,Atlanta,0.2,0.25,15.713839999999998,61.94651999999999,54.94745,132.60781
99,3A,Atlanta,0.2,0.2,16.92155,58.9062,53.23727,129.06502
100,3A,Atlanta,0.2,0.3,14.63366,65.08185,56.65763,136.37313999999998
101,3A,Atlanta,0.2,0.35,13.65933,68.28052,58.36781,140.30766
102,3A,Atlanta,0.2,0.45,11.73235,75.34293,61.97819,149.05347
103,3A,Atlanta,0.2,0.4,12.66417,71.73254999999999,60.14132999999999,144.53804999999997
104,3A,Atlanta,0.2,0.55,10.22962,82.53201999999999,65.65191,158.41355
105,3A,Atlanta,0.2,0.5,10.95973,78.88996999999999,63.81504999999999,153.66474999999997
106,3A,Atlanta,0.2,0.6000000000000001,9.57369,86.20573999999999,67.52044,163.29987
107,3A,Atlanta,0.2,0.65,8.991940000000001,89.94279999999999,69.38897,168.32371
108,3A,Atlanta,0.2,0.7000000000000001,8.47353,93.71153,71.2575,173.44256
109,3A,Atlanta,0.2,0.75,7.98679,97.51193,73.1577,178.65642
110,3A,Atlanta,0.2,0.8500000000000001,7.140840000000001,105.30275,77.02144,189.46503
111,3A,Atlanta,0.2,0.8,7.542559999999999,101.37567,75.08957,184.0078
112,3A,Atlanta,0.2,0.95,6.43241,113.18858,80.94851999999999,200.56951
113,3A,Atlanta,0.2,0.9,6.77079,109.22983,78.98498,194.9856
114,3A,Atlanta,0.3,0.01,26.012320000000003,46.04818,46.61824,118.67874
115,3A,Atlanta,0.3,0.15,20.74469,54.91578,52.22382999999999,127.8843
116,3A,Atlanta,0.3,0.1,22.45083,51.65377,50.10194,124.20654
117,3A,Atlanta,0.3,0.25,18.03255,60.86973999999999,55.64419,134.54647999999997
118,3A,Atlanta,0.3,0.2,19.346110000000003,57.89276,53.93401,131.17288000000002
119,3A,Atlanta,0.3,0.3,16.85651,63.94173,57.35437,138.15260999999998
120,3A,Atlanta,0.3,0.35,15.73382,67.10873,59.09622,141.93876999999998
121,3A,Atlanta,0.3,0.45,13.700989999999996,73.66442,62.61158999999999,149.97699999999998
122,3A,Atlanta,0.3,0.4,14.65364,70.33906999999999,60.83807,145.83078
123,3A,Atlanta,0.3,0.55,11.99655,80.47346999999999,66.15863,158.62865
124,3A,Atlanta,0.3,0.5,12.81168,77.02144,64.41678,154.2499
125,3A,Atlanta,0.3,0.6000000000000001,11.22393,84.02051,67.99548999999999,163.23993
126,3A,Atlanta,0.3,0.65,10.55716,87.63089,69.83235,168.0204
127,3A,Atlanta,0.3,0.7000000000000001,9.9329,91.27294,71.66920999999999,172.87505
128,3A,Atlanta,0.3,0.75,9.35115,94.94666,73.53773999999999,177.83554999999998
129,3A,Atlanta,0.3,0.8500000000000001,8.38851,102.45245,77.33814,188.1791
130,3A,Atlanta,0.3,0.8,8.832740000000001,98.68372,75.43794,182.9544
131,3A,Atlanta,0.3,0.95,7.56339,110.05325,81.17021,198.78685
132,3A,Atlanta,0.3,0.9,7.944279999999999,106.25284999999998,79.27001,193.46714
133,3A,Atlanta,0.35,0.01,27.40006,45.66814,46.8716,119.9398
134,3A,Atlanta,0.35,0.15,21.93072,54.50407,52.54053,128.97531999999998
135,3A,Atlanta,0.35,0.1,23.67937,51.27373,50.38697,125.34007
136,3A,Atlanta,0.35,0.25,19.1444,60.39469,55.96089,135.49998
137,3A,Atlanta,0.35,0.2,20.50047,57.41770999999999,54.25070999999999,132.16888999999998
138,3A,Atlanta,0.35,0.3,17.925849999999997,63.37167,57.6394,138.93692
139,3A,Atlanta,0.35,0.35,16.77149,66.47532999999999,59.38125,142.62806999999998
140,3A,Atlanta,0.35,0.45,14.6428,72.93601,62.89661999999999,150.47543
141,3A,Atlanta,0.35,0.4,15.71214,69.67399999999999,61.1231,146.50924
142,3A,Atlanta,0.35,0.55,12.84335,79.61838,66.41198999999999,158.87372
143,3A,Atlanta,0.35,0.5,13.72182,76.22968999999999,64.67014,154.62165
144,3A,Atlanta,0.35,0.6000000000000001,12.05989,83.07041,68.21718,163.34748
145,3A,Atlanta,0.35,0.65,11.32978,86.64912,70.05404,168.03294
146,3A,Atlanta,0.35,0.7000000000000001,10.69468,90.22782999999998,71.89089999999999,172.81340999999998
147,3A,Atlanta,0.35,0.75,10.07042,93.83821,73.75943,177.66805999999997
148,3A,Atlanta,0.35,0.8500000000000001,9.0336,101.21732,77.52816,187.77908
149,3A,Atlanta,0.35,0.8,9.52034,97.51193,75.62795999999999,182.66023
150,3A,Atlanta,0.35,0.95,8.14514,108.65977,81.26522,198.07013
151,3A,Atlanta,0.35,0.9,8.5577,104.98605,79.42835999999998,192.97211
152,3A,Atlanta,0.45,0.01,29.99636,45.06641,47.34665,122.40942
153,3A,Atlanta,0.45,0.15,24.19693,53.87067,53.2056,131.2732
154,3A,Atlanta,0.45,0.1,26.0306,50.60866,50.9887,127.62796
155,3A,Atlanta,0.45,0.25,21.24057,59.5396,56.56262,137.34278999999998
156,3A,Atlanta,0.45,0.2,22.63915,56.65763,54.88410999999999,134.18088999999998
157,3A,Atlanta,0.45,0.3,19.94784,62.42157,58.27279999999999,140.64220999999998
158,3A,Atlanta,0.45,0.35,18.7193,65.46189,59.98298,144.16416999999998
159,3A,Atlanta,0.45,0.45,16.53726,71.66920999999999,63.46668,151.67315
160,3A,Atlanta,0.45,0.4,17.596610000000002,68.53388,61.72482999999999,147.85531999999998
161,3A,Atlanta,0.45,0.55,14.61028,78.16156,66.95038,159.72222
162,3A,Atlanta,0.45,0.5,15.594599999999998,74.89954999999999,65.20853,155.70268
163,3A,Atlanta,0.45,0.6000000000000001,13.6893,81.51857999999999,68.7239,163.93178
164,3A,Atlanta,0.45,0.65,12.916679999999998,84.97061,70.52909,168.41638
165,3A,Atlanta,0.45,0.7000000000000001,12.17573,88.42264,72.36595,172.96432
166,3A,Atlanta,0.45,0.75,11.5198,91.93801,74.20281,177.66062
167,3A,Atlanta,0.45,0.8500000000000001,10.30295,99.09543,77.87652999999999,187.27491
168,3A,Atlanta,0.45,0.8,10.8847,95.51672,76.03967,182.44109
169,3A,Atlanta,0.45,0.95,9.32947,106.18951,81.48691,197.00589
170,3A,Atlanta,0.45,0.9,9.78454,102.73748,79.74506,192.26708
171,3A,Atlanta,0.4,0.01,28.735299999999995,45.35144,47.12496,121.2117
172,3A,Atlanta,0.4,0.15,23.08508,54.1557,52.85723,130.09801
173,3A,Atlanta,0.4,0.1,24.90791,50.92535999999999,50.70367,126.53694
174,3A,Atlanta,0.4,0.25,20.202900000000003,59.95130999999999,56.27759,136.43179999999998
175,3A,Atlanta,0.4,0.2,21.60148,57.006,54.56741,133.17489
176,3A,Atlanta,0.4,0.3,18.921009999999995,62.86495,57.9561,139.74205999999998
177,3A,Atlanta,0.4,0.35,17.75581,65.93693999999999,59.69795,143.39069999999998
178,3A,Atlanta,0.4,0.45,15.64795,72.27094,63.18164999999999,151.10053999999997
179,3A,Atlanta,0.4,0.4,16.66479,69.07226999999999,61.40813,147.14519
180,3A,Atlanta,0.4,0.55,13.700139999999998,78.85829999999999,66.66535,159.22379
181,3A,Atlanta,0.4,0.5,14.726969999999998,75.53295,64.95517,155.21508999999998
182,3A,Atlanta,0.4,0.6000000000000001,12.89585,82.24699,68.47054,163.61338
183,3A,Atlanta,0.4,0.65,12.12323,85.73069,70.30739999999999,168.16132
184,3A,Atlanta,0.4,0.7000000000000001,11.42479,89.27773,72.14426,172.84678000000002
185,3A,Atlanta,0.4,0.75,10.78969,92.85644,73.98111999999999,177.62725
186,3A,Atlanta,0.4,0.8500000000000001,9.64702,100.10887,77.68651,187.4424
187,3A,Atlanta,0.4,0.8,10.20794,96.46682,75.81798,182.49274
188,3A,Atlanta,0.4,0.95,8.716050000000001,107.39296999999998,81.36023,197.46925
189,3A,Atlanta,0.4,0.9,9.17112,103.81426,79.58671,192.57209
190,3A,Atlanta,0.55,0.01,32.38096,44.55969,47.82169999999999,124.76235
191,3A,Atlanta,0.55,0.15,26.25144,53.39562,53.839,133.48606
192,3A,Atlanta,0.55,0.1,28.23432,50.13361,51.55876,129.92669
193,3A,Atlanta,0.55,0.25,23.19922,58.9062,57.19601999999999,139.30144
194,3A,Atlanta,0.55,0.2,24.65115,56.11923999999999,55.51751,136.28789999999998
195,3A,Atlanta,0.55,0.3,21.87482,61.72482999999999,58.87452999999999,142.47418
196,3A,Atlanta,0.55,0.35,20.55042,64.67014,60.58471,145.80527
197,3A,Atlanta,0.55,0.45,18.26253,70.71910999999999,64.03674,153.01837999999998
198,3A,Atlanta,0.55,0.4,19.38522,67.64712,62.32655999999999,149.3589
199,3A,Atlanta,0.55,0.55,16.21886,76.98977,67.48876999999999,160.6974
200,3A,Atlanta,0.55,0.5,17.25653,73.82276999999999,65.77859,156.85789
201,3A,Atlanta,0.55,0.6000000000000001,15.31871,80.25178,69.26229,164.83278
202,3A,Atlanta,0.55,0.65,14.366059999999996,83.57713,71.03581,168.97899999999998
203,3A,Atlanta,0.55,0.7000000000000001,13.625109999999998,86.96582,72.841,173.43192999999997
204,3A,Atlanta,0.55,0.75,12.894999999999998,90.38618,74.64618999999999,177.92737
205,3A,Atlanta,0.55,0.8500000000000001,11.60397,97.32191,78.28823999999999,187.21412
206,3A,Atlanta,0.55,0.8,12.228229999999998,93.83821,76.45138,182.51782
207,3A,Atlanta,0.55,0.95,10.52464,104.06762,81.7086,196.30086
208,3A,Atlanta,0.55,0.9,11.01138,100.83728,80.1251,191.97376
209,3A,Atlanta,0.5,0.01,31.22575,44.81305,47.60001,123.63881
210,3A,Atlanta,0.5,0.15,25.2346,53.61731,53.5223,132.37421
211,3A,Atlanta,0.5,0.1,27.1433,50.3553,51.27373,128.77233
212,3A,Atlanta,0.5,0.25,22.20406,59.2229,56.87932,138.30628
213,3A,Atlanta,0.5,0.2,23.64515,56.3726,55.20081,135.21856
214,3A,Atlanta,0.5,0.3,20.92217,62.04153,58.5895,141.55319999999998
215,3A,Atlanta,0.5,0.35,19.67195,65.01851,60.29968,144.99014
216,3A,Atlanta,0.5,0.45,17.42657,71.16248999999999,63.75171,152.34077
217,3A,Atlanta,0.5,0.4,18.50675,68.05882999999999,62.00985999999999,148.57543999999996
218,3A,Atlanta,0.5,0.55,15.41457,77.52816,67.20374,160.14647
219,3A,Atlanta,0.5,0.5,16.441399999999998,74.32948999999999,65.49356,156.26445
220,3A,Atlanta,0.5,0.6000000000000001,14.52526,80.85351,68.97726,164.35603
221,3A,Atlanta,0.5,0.65,13.667619999999998,84.2422,70.78245,168.69227
222,3A,Atlanta,0.5,0.7000000000000001,12.87417,87.66256,72.58764000000001,173.12437
223,3A,Atlanta,0.5,0.75,12.2074,91.11459,74.4245,177.74649
224,3A,Atlanta,0.5,0.8500000000000001,10.94804,98.14533,78.09822,187.19159
225,3A,Atlanta,0.5,0.8,11.54063,94.62996,76.26136,182.43195
226,3A,Atlanta,0.5,0.95,9.91122,105.08106,81.61358999999999,196.60587
227,3A,Atlanta,0.5,0.9,10.39796,101.75571,79.93507999999999,192.08875
228,3A,Atlanta,0.6000000000000001,0.01,33.452,44.338,48.01172,125.80172
229,3A,Atlanta,0.6000000000000001,0.15,27.16243,53.2056,54.1557,134.52373
230,3A,Atlanta,0.6000000000000001,0.1,29.2095,49.94358999999999,51.84379,130.99687999999998
231,3A,Atlanta,0.6000000000000001,0.25,24.0677,58.68451,57.51272,140.26493
232,3A,Atlanta,0.6000000000000001,0.2,25.56214,55.89755,55.83420999999999,137.29389999999998
233,3A,Atlanta,0.6000000000000001,0.3,22.75329,61.47147,59.2229,143.44765999999998
234,3A,Atlanta,0.6000000000000001,0.35,21.40806,64.35343999999999,60.90141,146.66290999999998
235,3A,Atlanta,0.6000000000000001,0.45,19.07766,70.30739999999999,64.35343999999999,153.7385
236,3A,Atlanta,0.6000000000000001,0.4,20.23202,67.29875,62.61158999999999,150.14236
237,3A,Atlanta,0.6000000000000001,0.55,16.99148,76.48304999999999,67.7738,161.24832999999998
238,3A,Atlanta,0.6000000000000001,0.5,18.02915,73.37939,66.09529,157.50383
239,3A,Atlanta,0.6000000000000001,0.6000000000000001,15.96465,79.74506,69.51565,165.22536
240,3A,Atlanta,0.6000000000000001,0.65,15.17035,83.00707,71.28917,169.46659
241,3A,Atlanta,0.6000000000000001,0.7000000000000001,14.41856,86.33242,73.09436,173.84534
242,3A,Atlanta,0.6000000000000001,0.75,13.57176,89.68943999999999,74.86788,178.12908
243,3A,Atlanta,0.6000000000000001,0.8500000000000001,12.217389999999998,96.53016,78.47826,187.22581
244,3A,Atlanta,0.6000000000000001,0.8,12.873319999999998,93.1098,76.67307,182.65619
245,3A,Atlanta,0.6000000000000001,0.95,11.10639,103.14919,81.83528,196.09086
246,3A,Atlanta,0.6000000000000001,0.9,11.59313,100.01386,80.31512,191.92211
247,3A,Atlanta,0.65,0.01,34.52219,44.17965,48.23341,126.93525
248,3A,Atlanta,0.65,0.15,28.010079999999995,53.2056,54.56741,135.78309
249,3A,Atlanta,0.65,0.1,30.12049,49.91192,52.22382999999999,132.25624
250,3A,Atlanta,0.65,0.25,24.73447,58.93787,58.24113,141.91347
251,3A,Atlanta,0.65,0.2,26.35644,56.02423,56.43594,138.81661
252,3A,Atlanta,0.65,0.3,23.32505,61.81983999999999,60.04632,145.19120999999998
253,3A,Atlanta,0.65,0.35,22.04316,64.79682,61.81983999999999,148.65982
254,3A,Atlanta,0.65,0.45,19.62774,70.78245,65.33520999999999,155.7454
255,3A,Atlanta,0.65,0.4,20.79294,67.7738,63.59335999999999,152.1601
256,3A,Atlanta,0.65,0.55,17.57323,76.89476,68.69223,163.16021999999998
257,3A,Atlanta,0.65,0.5,18.57923,73.85444,67.04539,159.47906
258,3A,Atlanta,0.65,0.6000000000000001,16.64141,80.03008999999999,70.37074,167.04224
259,3A,Atlanta,0.65,0.65,15.72043,83.32377,72.11259,171.15679
260,3A,Atlanta,0.65,0.7000000000000001,14.9053,86.52243999999999,73.7911,175.21884
261,3A,Atlanta,0.65,0.75,14.185179999999995,89.75278,75.46960999999999,179.40757
262,3A,Atlanta,0.65,0.8500000000000001,12.72496,96.43515,78.95330999999999,188.11342
263,3A,Atlanta,0.65,0.8,13.4234,93.07813,77.21145999999999,183.71299
264,3A,Atlanta,0.65,0.95,11.58229,102.95917,82.24699,196.78845
265,3A,Atlanta,0.65,0.9,12.14321,99.82384,80.69516,192.66221
266,3A,Atlanta,0.7000000000000001,0.01,35.46655,44.0213,48.4551,127.94295
267,3A,Atlanta,0.7000000000000001,0.15,28.846889999999995,53.2056,55.04245999999999,137.09494999999998
268,3A,Atlanta,0.7000000000000001,0.1,31.01065,49.88025,52.60386999999999,133.49477
269,3A,Atlanta,0.7000000000000001,0.25,25.34874,59.25457,59.00120999999999,143.60451999999998
270,3A,Atlanta,0.7000000000000001,0.2,27.02321,56.21425,57.03767,140.27513
271,3A,Atlanta,0.7000000000000001,0.3,23.94931,62.29489,60.93307999999999,147.17728
272,3A,Atlanta,0.7000000000000001,0.35,22.54074,65.33520999999999,62.80160999999999,150.67755999999997
273,3A,Atlanta,0.7000000000000001,0.45,20.15699,71.41584999999999,66.38032,157.95315999999997
274,3A,Atlanta,0.7000000000000001,0.4,21.35386,68.37553,64.63847,154.36786
275,3A,Atlanta,0.7000000000000001,0.55,18.05997,77.40148,69.70567,165.16712
276,3A,Atlanta,0.7000000000000001,0.5,19.09764,74.45617,68.09049999999999,161.64431
277,3A,Atlanta,0.7000000000000001,0.6000000000000001,17.15982,80.44179999999999,71.32083999999999,168.92245999999997
278,3A,Atlanta,0.7000000000000001,0.65,16.207169999999998,83.76714999999999,72.99934999999999,172.97366999999997
279,3A,Atlanta,0.7000000000000001,0.7000000000000001,15.423710000000002,86.77579999999999,74.51951,176.71902
280,3A,Atlanta,0.7000000000000001,0.75,14.671920000000002,89.87946,76.10301,180.65439
281,3A,Atlanta,0.7000000000000001,0.8500000000000001,13.24337,96.37181,79.42835999999998,189.04354
282,3A,Atlanta,0.7000000000000001,0.8,13.97348,93.14147,77.74985,184.8648
283,3A,Atlanta,0.7000000000000001,0.95,12.05819,102.83249,82.6587,197.54938
284,3A,Atlanta,0.7000000000000001,0.9,12.60827,99.66549,81.0752,193.34896
285,3A,Atlanta,0.75,0.01,36.64259,43.86295,48.70846,129.214
286,3A,Atlanta,0.75,0.15,29.546180000000003,53.26894,55.48584,138.30096
287,3A,Atlanta,0.75,0.1,31.77328,49.91192,53.01557999999999,134.70077999999998
288,3A,Atlanta,0.75,0.25,25.94133,59.69795,59.85629999999999,145.49558
289,3A,Atlanta,0.75,0.2,27.69083,56.46760999999999,57.70273999999999,141.86118
290,3A,Atlanta,0.75,0.3,24.41522,62.86495,61.91485,149.19502
291,3A,Atlanta,0.75,0.35,23.09082,66.00027999999999,63.91006,153.00115999999997
292,3A,Atlanta,0.75,0.45,20.62205,72.17593,67.55210999999998,160.35008999999997
293,3A,Atlanta,0.75,0.4,21.76642,69.10394,65.77859,156.64895
294,3A,Atlanta,0.75,0.55,18.56754,78.09822,70.81411999999999,167.47987999999998
295,3A,Atlanta,0.75,0.5,19.55271,75.21625,69.26229,164.03125
296,3A,Atlanta,0.75,0.6000000000000001,17.63572,81.01185999999998,72.33427999999999,170.98185999999998
297,3A,Atlanta,0.75,0.65,16.7039,84.30554,73.94945,174.95889
298,3A,Atlanta,0.75,0.7000000000000001,15.89961,87.12417,75.27959,178.30337
299,3A,Atlanta,0.75,0.75,15.19033,90.06948,76.73640999999999,181.99622
300,3A,Atlanta,0.75,0.8500000000000001,13.719269999999998,96.37181,79.90341,189.99449
301,3A,Atlanta,0.75,0.8,14.449379999999998,93.23648,78.31991,186.00577
302,3A,Atlanta,0.75,0.95,12.50242,102.67414,83.00707,198.18363
303,3A,Atlanta,0.75,0.9,13.08417,99.53881,81.48691,194.10989
304,3A,Atlanta,0.8500000000000001,0.01,38.61463,43.54625,49.0885,131.24937999999997
305,3A,Atlanta,0.8500000000000001,0.15,31.19897,53.01557999999999,56.02423,140.23878
306,3A,Atlanta,0.8500000000000001,0.1,33.54276,49.65856,53.55397,136.75529
307,3A,Atlanta,0.8500000000000001,0.25,27.41324,59.63460999999999,60.74305999999999,147.79090999999997
308,3A,Atlanta,0.8500000000000001,0.2,29.24776,56.30926,58.46282,144.01984
309,3A,Atlanta,0.8500000000000001,0.3,25.78128,62.89661999999999,62.89661999999999,151.57451999999998
310,3A,Atlanta,0.8500000000000001,0.35,24.37186,66.06362,64.95517,155.39065
311,3A,Atlanta,0.8500000000000001,0.45,21.84974,72.2076,68.66055999999999,162.7179
312,3A,Atlanta,0.8500000000000001,0.4,23.07913,69.19895,66.88704,159.16512
313,3A,Atlanta,0.8500000000000001,0.55,19.75272,78.06654999999999,71.89089999999999,169.71016999999998
314,3A,Atlanta,0.8500000000000001,0.5,20.72705,75.21625,70.33906999999999,166.28237
315,3A,Atlanta,0.8500000000000001,0.6000000000000001,18.85257,80.85351,73.31604999999999,173.02213
316,3A,Atlanta,0.8500000000000001,0.65,17.75156,84.14719,74.89954999999999,176.79829999999998
317,3A,Atlanta,0.8500000000000001,0.7000000000000001,17.01061,86.77579999999999,76.10301,179.88941999999997
318,3A,Atlanta,0.8500000000000001,0.75,16.25882,89.56276,77.40148,183.22306
319,3A,Atlanta,0.8500000000000001,0.8500000000000001,14.86194,95.58006,80.37845999999999,190.82046
320,3A,Atlanta,0.8500000000000001,0.8,15.56038,92.60308,78.92164,187.0851
321,3A,Atlanta,0.8500000000000001,0.95,13.62341,101.6607,83.32377,198.60788
322,3A,Atlanta,0.8500000000000001,0.9,14.216,98.62038,81.86695,194.70333
323,3A,Atlanta,0.8,0.01,37.59694,43.7046,48.86681,130.16834999999998
324,3A,Atlanta,0.8,0.15,30.51052,53.04725,55.70753,139.2653
325,3A,Atlanta,0.8,0.1,32.68512,49.7219,53.23727,135.64428999999998
326,3A,Atlanta,0.8,0.25,26.77729,59.63460999999999,60.33135,146.74325
327,3A,Atlanta,0.8,0.2,28.5168,56.34092999999999,58.05111,142.90884
328,3A,Atlanta,0.8,0.3,25.19868,62.89661999999999,62.48491,150.58021
329,3A,Atlanta,0.8,0.35,23.72592,66.06362,64.51179,154.30133
330,3A,Atlanta,0.8,0.45,21.24631,72.27094,68.21718,161.73442999999995
331,3A,Atlanta,0.8,0.4,22.43319,69.19895,66.44366,158.0758
332,3A,Atlanta,0.8,0.55,19.16013,78.19323,71.51086,168.86422
333,3A,Atlanta,0.8,0.5,20.15529,75.31126,69.92736,165.39391
334,3A,Atlanta,0.8,0.6000000000000001,18.22831,81.04352999999999,72.93601,172.20785
335,3A,Atlanta,0.8,0.65,17.20148,84.40055,74.55117999999999,176.15321
336,3A,Atlanta,0.8,0.7000000000000001,16.41802,87.12417,75.78631,179.32850000000002
337,3A,Atlanta,0.8,0.75,15.71958,89.97447,77.14811999999999,182.84217
338,3A,Atlanta,0.8,0.8500000000000001,14.301019999999998,96.11845,80.18844,190.60791
339,3A,Atlanta,0.8,0.8,15.0103,93.04646,78.66828,186.72504
340,3A,Atlanta,0.8,0.95,13.00999,102.32577,83.19708999999999,198.53285
341,3A,Atlanta,0.8,0.9,13.602579999999998,99.22211,81.7086,194.53329
342,3A,Atlanta,0.95,0.01,40.36328,43.32456,49.46854,133.15637999999998
343,3A,Atlanta,0.95,0.15,32.78842,53.01557999999999,56.75264,142.55664000000002
344,3A,Atlanta,0.95,0.1,35.02636,49.59522,54.1557,138.77728
345,3A,Atlanta,0.95,0.25,28.7268,59.72962,61.56648,150.0229
346,3A,Atlanta,0.95,0.2,30.602979999999995,56.40426999999999,59.2229,146.23014999999998
347,3A,Atlanta,0.95,0.3,27.11567,62.99163,63.81504999999999,153.92235
348,3A,Atlanta,0.95,0.35,25.58956,66.15863,65.8736,157.62179
349,3A,Atlanta,0.95,0.45,23.03577,72.23926999999999,69.57898999999999,164.85402999999997
350,3A,Atlanta,0.95,0.4,24.25432,69.26229,67.80547,161.32207999999997
351,3A,Atlanta,0.95,0.55,20.89624,77.93987,72.77766,171.61377
352,3A,Atlanta,0.95,0.5,21.90224,75.18458,71.2575,168.34431999999998
353,3A,Atlanta,0.95,0.6000000000000001,19.95358,80.63182,74.13947,174.72487
354,3A,Atlanta,0.95,0.65,18.90507,83.73548,75.62795999999999,178.26851
355,3A,Atlanta,0.95,0.7000000000000001,18.11077,86.23741,76.73640999999999,181.08459
356,3A,Atlanta,0.95,0.75,17.33815,88.89769,77.97154,184.20738
357,3A,Atlanta,0.95,0.8500000000000001,15.930429999999998,94.62996,80.82184,191.38223
358,3A,Atlanta,0.95,0.8,16.639709999999997,91.77966,79.39668999999999,187.81606
359,3A,Atlanta,0.95,0.95,14.66023,100.42557,83.57713,198.66293
360,3A,Atlanta,0.95,0.9,15.25282,97.5436,82.21531999999999,195.01174
361,3A,Atlanta,0.9,0.01,39.57897,43.45124,49.27852,132.30873
362,3A,Atlanta,0.9,0.15,32.046620000000004,52.98391,56.40426999999999,141.4348
363,3A,Atlanta,0.9,0.1,34.33791,49.62689,53.839,137.8038
364,3A,Atlanta,0.9,0.25,28.13336,59.66627999999999,61.15476999999999,148.95440999999997
365,3A,Atlanta,0.9,0.2,29.93621,56.34092999999999,58.84286,145.11999999999998
366,3A,Atlanta,0.9,0.3,26.45889,62.92829,63.34,152.72718
367,3A,Atlanta,0.9,0.35,24.94362,66.09529,65.39854999999999,156.43746
368,3A,Atlanta,0.9,0.45,22.47485,72.2076,69.10394,163.78638999999998
369,3A,Atlanta,0.9,0.4,23.67172,69.19895,67.33042,160.20109
370,3A,Atlanta,0.9,0.55,20.32448,77.97154,72.33427999999999,170.63029999999998
371,3A,Atlanta,0.9,0.5,21.341320000000003,75.18458,70.78245,167.30835000000002
372,3A,Atlanta,0.9,0.6000000000000001,19.38182,80.69516,73.72776,173.80474
373,3A,Atlanta,0.9,0.65,18.301640000000003,83.9255,75.24792,177.47505999999998
374,3A,Atlanta,0.9,0.7000000000000001,17.571530000000003,86.49077,76.41971,180.48201
375,3A,Atlanta,0.9,0.75,16.788069999999998,89.21439,77.68651,183.68897
376,3A,Atlanta,0.9,0.8500000000000001,15.44369,95.07334,80.60015,191.11718
377,3A,Atlanta,0.9,0.8,16.121299999999998,92.19137,79.14332999999999,187.456
378,3A,Atlanta,0.9,0.95,14.173489999999996,101.02729999999998,83.48212,198.68291
379,3A,Atlanta,0.9,0.9,14.74525,98.05032,82.05696999999999,194.85254
0,3B,ElPaso,0.01,0.01,7.110869999999999,53.14226,53.14226,113.39539
1,3B,ElPaso,0.01,0.15,4.34049,65.11352,59.15956,128.61356999999998
2,3B,ElPaso,0.01,0.1,5.04892,60.55304,56.87932,122.48128
3,3B,ElPaso,0.01,0.25,3.34703,73.85444,63.18164999999999,140.38312
4,3B,ElPaso,0.01,0.2,3.78042,69.38897,61.15476999999999,134.32415999999998
5,3B,ElPaso,0.01,0.3,3.01949,78.41492,65.2402,146.67461
6,3B,ElPaso,0.01,0.35,2.75529,83.10207999999999,67.33042,153.18779
7,3B,ElPaso,0.01,0.45,2.34358,93.33149,71.73254999999999,167.40761999999998
8,3B,ElPaso,0.01,0.4,2.5336,88.10593999999999,69.48398,160.12351999999998
9,3B,ElPaso,0.01,0.55,2.15356,103.46589,76.22968999999999,181.84914
10,3B,ElPaso,0.01,0.5,2.24857,98.39869,73.98111999999999,174.62838
11,3B,ElPaso,0.01,0.6000000000000001,2.05855,108.65977,78.5416,189.25992
12,3B,ElPaso,0.01,0.65,2.02688,113.85365,80.85351,196.73404
13,3B,ElPaso,0.01,0.7000000000000001,1.96354,119.0792,83.22876,204.2715
14,3B,ElPaso,0.01,0.75,1.93187,124.36809,85.60401,211.90397
15,3B,ElPaso,0.01,0.8500000000000001,1.9002,134.9142,90.48119,227.29559
16,3B,ElPaso,0.01,0.8,1.9002,129.62530999999998,88.01092999999999,219.53644
17,3B,ElPaso,0.01,0.95,1.86853,145.61865999999998,95.45338,242.94057
18,3B,ElPaso,0.01,0.9,1.86853,140.23476,92.95145,235.05474
19,3B,ElPaso,0.05,0.01,8.094339999999999,52.54053,53.49063,114.1255
20,3B,ElPaso,0.05,0.15,4.90056,64.19509,59.50793,128.60358
21,3B,ElPaso,0.05,0.1,5.73567,59.76129,57.22769,122.72465
22,3B,ElPaso,0.05,0.25,3.76958,72.74598999999999,63.53001999999999,140.04559
23,3B,ElPaso,0.05,0.2,4.26631,68.4072,61.50314,134.17665
24,3B,ElPaso,0.05,0.3,3.3787,77.17979,65.58857,146.14706
25,3B,ElPaso,0.05,0.35,3.05116,81.74027,67.64712,152.43855
26,3B,ElPaso,0.05,0.45,2.5336,91.843,72.04925,166.42585
27,3B,ElPaso,0.05,0.4,2.75529,86.68079,69.80068,159.23676
28,3B,ElPaso,0.05,0.55,2.28024,101.88239,76.51472,180.67735
29,3B,ElPaso,0.05,0.5,2.40692,96.84686,74.26615,173.51993
30,3B,ElPaso,0.05,0.6000000000000001,2.18523,106.94959,78.79495999999999,187.92978
31,3B,ElPaso,0.05,0.65,2.09022,112.08013,81.10686999999999,195.27722
32,3B,ElPaso,0.05,0.7000000000000001,2.02688,117.27401,83.45045,202.75134
33,3B,ElPaso,0.05,0.75,1.99521,122.49956,85.8257,210.32047
34,3B,ElPaso,0.05,0.8500000000000001,1.93187,132.95065999999997,90.63954,225.52207
35,3B,ElPaso,0.05,0.8,1.96354,127.69344,88.20095,217.85793
36,3B,ElPaso,0.05,0.95,1.86853,143.52844,95.54839,240.94536
37,3B,ElPaso,0.05,0.9,1.9002,138.20788,93.07813,233.18621
38,3B,ElPaso,0.15,0.01,10.54802,51.36874,54.28238,116.19914
39,3B,ElPaso,0.15,0.15,6.45409,62.45324,60.42635999999999,129.33369
40,3B,ElPaso,0.15,0.1,7.60675,58.20945999999999,58.08278,123.89899
41,3B,ElPaso,0.15,0.25,4.87888,70.46575,64.38511,139.72974
42,3B,ElPaso,0.15,0.2,5.57647,66.41198999999999,62.3899,134.37836
43,3B,ElPaso,0.15,0.3,4.35048,74.70953,66.41198999999999,145.47199999999998
44,3B,ElPaso,0.15,0.35,3.89626,79.07999,68.47054,151.44679
45,3B,ElPaso,0.15,0.45,3.14617,88.70767,72.80932999999999,164.66316999999998
46,3B,ElPaso,0.15,0.4,3.47371,83.73548,70.59243,157.80162
47,3B,ElPaso,0.15,0.55,2.69195,98.39869,77.21145999999999,178.3021
48,3B,ElPaso,0.15,0.5,2.89281,93.52151,74.99455999999999,171.40887999999998
49,3B,ElPaso,0.15,0.6000000000000001,2.5336,103.30754,79.46002999999999,185.30117
50,3B,ElPaso,0.15,0.65,2.40692,108.27973,81.74027,192.42692
51,3B,ElPaso,0.15,0.7000000000000001,2.28024,113.31526,84.05217999999999,199.64768
52,3B,ElPaso,0.15,0.75,2.18523,118.38246,86.36408999999999,206.93178
53,3B,ElPaso,0.15,0.8500000000000001,2.05855,128.61186999999998,91.08292,221.75334
54,3B,ElPaso,0.15,0.8,2.12189,123.48133,88.70767,214.31089
55,3B,ElPaso,0.15,0.95,1.99521,138.90462,95.89676,236.79659
56,3B,ElPaso,0.15,0.9,2.02688,133.77408,93.48984,229.2908
57,3B,ElPaso,0.1,0.01,9.31034,51.90713,53.87067,115.08814
58,3B,ElPaso,0.1,0.15,5.661489999999999,63.24499,59.98298,128.88946
59,3B,ElPaso,0.1,0.1,6.665789999999999,58.9062,57.6394,123.21139
60,3B,ElPaso,0.1,0.25,4.32965,71.51086,63.97339999999999,139.81391
61,3B,ElPaso,0.1,0.2,4.88972,67.29875,61.94651999999999,134.13499
62,3B,ElPaso,0.1,0.3,3.83292,75.84965,66.00027999999999,145.68284999999997
63,3B,ElPaso,0.1,0.35,3.44204,80.31512,68.05882999999999,151.81599
64,3B,ElPaso,0.1,0.45,2.82947,90.19616,72.42929,165.45492
65,3B,ElPaso,0.1,0.4,3.0828299999999995,85.12895999999999,70.21239,158.42417999999998
66,3B,ElPaso,0.1,0.55,2.47026,100.04553,76.86309,179.37887999999998
67,3B,ElPaso,0.1,0.5,2.62861,95.07334,74.64618999999999,172.34813999999997
68,3B,ElPaso,0.1,0.6000000000000001,2.34358,105.01771999999998,79.14332999999999,186.50463
69,3B,ElPaso,0.1,0.65,2.2169,110.08491999999998,81.42357,193.72539
70,3B,ElPaso,0.1,0.7000000000000001,2.15356,115.15212,83.73548,201.04116
71,3B,ElPaso,0.1,0.75,2.09022,120.346,86.07906,208.51528
72,3B,ElPaso,0.1,0.8500000000000001,1.99521,130.70209,90.86123,223.55853
73,3B,ElPaso,0.1,0.8,2.02688,125.47654,88.45430999999999,215.95773
74,3B,ElPaso,0.1,0.95,1.93187,141.08984999999998,95.70674,238.72846
75,3B,ElPaso,0.1,0.9,1.96354,135.89596999999998,93.26815,231.12766
76,3B,ElPaso,0.25,0.01,12.85419,50.51364999999999,55.01079,118.37863
77,3B,ElPaso,0.25,0.15,8.0293,61.24978,61.28145,130.56053
78,3B,ElPaso,0.25,0.1,9.43617,57.16435,58.9062,125.50672
79,3B,ElPaso,0.25,0.25,6.13654,68.85058,65.2402,140.22732
80,3B,ElPaso,0.25,0.2,7.00332,64.95517,63.24499,135.20347999999998
81,3B,ElPaso,0.25,0.3,5.438949999999999,72.87267,67.26707999999999,145.5787
82,3B,ElPaso,0.25,0.35,4.83637,77.02144,69.29396,151.15177
83,3B,ElPaso,0.25,0.45,3.85375,86.30075,73.56940999999999,163.72391
84,3B,ElPaso,0.25,0.4,4.31881,81.51857999999999,71.38417999999999,157.22157
85,3B,ElPaso,0.25,0.55,3.20951,95.6434,77.93987,176.79278
86,3B,ElPaso,0.25,0.5,3.50538,90.92457,75.75464,170.18459
87,3B,ElPaso,0.25,0.6000000000000001,2.98782,100.42557,80.15677,183.57016
88,3B,ElPaso,0.25,0.65,2.7978,105.23940999999998,82.40534,190.44255
89,3B,ElPaso,0.25,0.7000000000000001,2.62861,110.14826,84.65391,197.43078
90,3B,ElPaso,0.25,0.75,2.50193,115.05711,86.93414999999999,204.49319
91,3B,ElPaso,0.25,0.8500000000000001,2.28024,125.06483,91.58964,218.93471
92,3B,ElPaso,0.25,0.8,2.37525,120.0293,89.24606,211.65061
93,3B,ElPaso,0.25,0.95,2.15356,135.13589,96.2768,233.56625
94,3B,ElPaso,0.25,0.9,2.2169,130.10036,93.93322,226.25048
95,3B,ElPaso,0.2,0.01,11.722359999999998,50.89369,54.66242,117.27847
96,3B,ElPaso,0.2,0.15,7.25753,61.78817,60.86973999999999,129.91544
97,3B,ElPaso,0.2,0.1,8.51604,57.6394,58.49448999999999,124.64992999999998
98,3B,ElPaso,0.2,0.25,5.50229,69.61066,64.82848999999999,139.94144
99,3B,ElPaso,0.2,0.2,6.27406,65.62024,62.83328,134.72758
100,3B,ElPaso,0.2,0.3,4.87888,73.72776,66.85537,145.46201
101,3B,ElPaso,0.2,0.35,4.35048,77.97154,68.88225,151.20427
102,3B,ElPaso,0.2,0.45,3.47371,87.44086999999999,73.18937,164.10395
103,3B,ElPaso,0.2,0.4,3.89626,82.56369,71.00414,157.46409
104,3B,ElPaso,0.2,0.55,2.95615,96.94187,77.5915,177.48951999999997
105,3B,ElPaso,0.2,0.5,3.17784,92.1597,75.3746,170.71214
106,3B,ElPaso,0.2,0.6000000000000001,2.75529,101.81905,79.80839999999999,184.38274
107,3B,ElPaso,0.2,0.65,2.59694,106.66456,82.05696999999999,191.31847
108,3B,ElPaso,0.2,0.7000000000000001,2.43859,111.66841999999998,84.33721,198.44422
109,3B,ElPaso,0.2,0.75,2.34358,116.64060999999998,86.64912,205.63331
110,3B,ElPaso,0.2,0.8500000000000001,2.18523,126.74334,91.33628,220.26485
111,3B,ElPaso,0.2,0.8,2.24857,121.67614,88.9927,212.91741
112,3B,ElPaso,0.2,0.95,2.05855,136.94108,96.08678,235.08641
113,3B,ElPaso,0.2,0.9,2.12189,131.84221,93.71153,227.67563
114,3B,ElPaso,0.3,0.01,13.94436,50.10194,55.39083,119.43713
115,3B,ElPaso,0.3,0.15,8.80107,60.8064,61.7565,131.36397
116,3B,ElPaso,0.3,0.1,10.31379,56.75264,59.31791,126.38434
117,3B,ElPaso,0.3,0.25,6.69661,68.47054,65.77859,140.94574
118,3B,ElPaso,0.3,0.2,7.63757,64.54346,63.75171,135.93274
119,3B,ElPaso,0.3,0.3,5.92484,72.46095999999999,67.7738,146.15959999999998
120,3B,ElPaso,0.3,0.35,5.269759999999999,76.64139999999999,69.86402,151.77517999999998
121,3B,ElPaso,0.3,0.45,4.24463,85.38231999999999,74.04445999999999,163.67140999999998
122,3B,ElPaso,0.3,0.4,4.709689999999999,80.98019,71.95424,157.64412
123,3B,ElPaso,0.3,0.55,3.53705,94.50328,78.28823999999999,176.32856999999996
124,3B,ElPaso,0.3,0.5,3.85375,89.91113,76.19801999999999,169.9629
125,3B,ElPaso,0.3,0.6000000000000001,3.24118,99.22211,80.50514,182.96843
126,3B,ElPaso,0.3,0.65,3.05116,103.97261,82.72203999999999,189.74581
127,3B,ElPaso,0.3,0.7000000000000001,2.86114,108.78645,84.97061,196.6182
128,3B,ElPaso,0.3,0.75,2.69195,113.66363,87.25085,203.60643
129,3B,ElPaso,0.3,0.8500000000000001,2.43859,123.513,91.843,217.79459
130,3B,ElPaso,0.3,0.8,2.5336,118.57247999999998,89.53108999999999,210.63717
131,3B,ElPaso,0.3,0.95,2.24857,133.39404,96.46682,232.10943
132,3B,ElPaso,0.3,0.9,2.34358,128.48519,94.15491,224.98368
133,3B,ElPaso,0.35,0.01,14.96035,49.78524,55.7392,120.48479
134,3B,ElPaso,0.35,0.15,9.58368,60.42635999999999,62.16821,132.17825
135,3B,ElPaso,0.35,0.1,11.18142,56.40426999999999,59.72962,127.31530999999998
136,3B,ElPaso,0.35,0.25,7.330859999999999,67.90048,66.1903,141.42164
137,3B,ElPaso,0.35,0.2,8.377669999999998,64.06841,64.16342,136.6095
138,3B,ElPaso,0.35,0.3,6.484909999999999,71.82755999999999,68.18551,146.49797999999998
139,3B,ElPaso,0.35,0.35,5.787319999999999,75.91299,70.24405999999999,151.94437
140,3B,ElPaso,0.35,0.45,4.667179999999999,84.49556,74.4245,163.58724
141,3B,ElPaso,0.35,0.4,5.16391,80.15677,72.33427999999999,157.65496
142,3B,ElPaso,0.35,0.55,3.85375,93.45817,78.63660999999999,175.94853
143,3B,ElPaso,0.35,0.5,4.24463,88.96103,76.57806,169.78372
144,3B,ElPaso,0.35,0.6000000000000001,3.53705,98.11366,80.85351,182.50422
145,3B,ElPaso,0.35,0.65,3.27285,102.80082,83.03873999999999,189.11241
146,3B,ElPaso,0.35,0.7000000000000001,3.0828299999999995,107.55132,85.28730999999999,195.92146
147,3B,ElPaso,0.35,0.75,2.89281,112.36516,87.53587999999999,202.79385
148,3B,ElPaso,0.35,0.8500000000000001,2.59694,122.08785,92.09636,216.78115
149,3B,ElPaso,0.35,0.8,2.72362,117.179,89.81612,209.71874
150,3B,ElPaso,0.35,0.95,2.37525,131.84221,96.65684,230.8743
151,3B,ElPaso,0.35,0.9,2.47026,126.9967,94.40827,223.87523
152,3B,ElPaso,0.45,0.01,16.96151,49.24685,56.40426999999999,122.61263
153,3B,ElPaso,0.45,0.15,11.04305,59.82463,62.99163,133.85931
154,3B,ElPaso,0.45,0.1,12.831659999999998,55.86588,60.4897,129.18723999999995
155,3B,ElPaso,0.45,0.25,8.556849999999999,67.01371999999999,67.01371999999999,142.58428999999998
156,3B,ElPaso,0.45,0.2,9.72035,63.34,64.98684,138.04719
157,3B,ElPaso,0.45,0.3,7.61589,70.78245,69.00892999999999,147.40726999999998
158,3B,ElPaso,0.45,0.35,6.78078,74.7412,71.06748,152.58946000000003
159,3B,ElPaso,0.45,0.45,5.52312,83.03873999999999,75.21625,163.77811
160,3B,ElPaso,0.45,0.4,6.114859999999999,78.82663,73.12603,158.06752
161,3B,ElPaso,0.45,0.55,4.5405,91.74799,79.36501999999999,175.65350999999998
162,3B,ElPaso,0.45,0.5,4.99472,87.34585999999999,77.30646999999999,169.64704999999998
163,3B,ElPaso,0.45,0.6000000000000001,4.14962,96.24513,81.51857999999999,181.91333
164,3B,ElPaso,0.45,0.65,3.82208,100.80561,83.70380999999999,188.3315
165,3B,ElPaso,0.45,0.7000000000000001,3.53705,105.4611,85.92070999999999,194.91886
166,3B,ElPaso,0.45,0.75,3.30452,110.11659,88.13761,201.55872
167,3B,ElPaso,0.45,0.8500000000000001,2.95615,119.58592,92.63475,215.17682
168,3B,ElPaso,0.45,0.8,3.1145,114.83541999999998,90.38618,208.3361
169,3B,ElPaso,0.45,0.95,2.67112,128.99191,97.00521,228.66824
170,3B,ElPaso,0.45,0.9,2.7978,124.36809,94.91499,222.08088
171,3B,ElPaso,0.4,0.01,15.95551,49.50021,56.08757,121.54329
172,3B,ElPaso,0.4,0.15,10.32378,60.07798999999999,62.57992,132.98169
173,3B,ElPaso,0.4,0.1,12.03821,56.08757,60.10966,128.23543999999998
174,3B,ElPaso,0.4,0.25,7.95427,67.42542999999999,66.60200999999999,141.98170999999996
175,3B,ElPaso,0.4,0.2,9.05443,63.68836999999999,64.57513,137.31793
176,3B,ElPaso,0.4,0.3,7.044980000000001,71.2575,68.59722,146.8997
177,3B,ElPaso,0.4,0.35,6.284049999999999,75.27959,70.65576999999999,152.21940999999998
178,3B,ElPaso,0.4,0.45,5.100569999999999,83.73548,74.83621,163.67226
179,3B,ElPaso,0.4,0.4,5.618129999999999,79.46002999999999,72.71432,157.79247999999998
180,3B,ElPaso,0.4,0.55,4.18129,92.57141,79.01665,175.76935
181,3B,ElPaso,0.4,0.5,4.603839999999999,88.10593999999999,76.92643,169.63621
182,3B,ElPaso,0.4,0.6000000000000001,3.82208,97.13189,81.17021,182.12418
183,3B,ElPaso,0.4,0.65,3.53705,101.72404,83.38710999999999,188.6482
184,3B,ElPaso,0.4,0.7000000000000001,3.30452,106.44286999999998,85.60401,195.3514
185,3B,ElPaso,0.4,0.75,3.0828299999999995,111.19337,87.85257999999999,202.12878
186,3B,ElPaso,0.4,0.8500000000000001,2.76613,120.75771,92.34972,215.87356
187,3B,ElPaso,0.4,0.8,2.92448,115.94387,90.10115,208.9695
188,3B,ElPaso,0.4,0.95,2.50193,130.35371999999998,96.84686,229.70251
189,3B,ElPaso,0.4,0.9,2.62861,125.63489,94.66163,222.92513
190,3B,ElPaso,0.55,0.01,18.70846,48.83514,57.03767,124.58127
191,3B,ElPaso,0.55,0.15,12.41825,59.41292,63.81504999999999,135.64622
192,3B,ElPaso,0.55,0.1,14.32355,55.454170000000005,61.24978,131.0275
193,3B,ElPaso,0.55,0.25,9.77285,66.38032,67.80547,143.95864
194,3B,ElPaso,0.55,0.2,11.02137,62.83328,65.81026,139.66491
195,3B,ElPaso,0.55,0.3,8.7152,70.05404,69.80068,148.56992
196,3B,ElPaso,0.55,0.35,7.80591,73.85444,71.85923,153.51958
197,3B,ElPaso,0.55,0.45,6.336549999999999,81.89862,75.97632999999999,164.2115
198,3B,ElPaso,0.55,0.4,7.034140000000001,77.84486,73.88610999999999,158.76511
199,3B,ElPaso,0.55,0.55,5.227249999999999,90.35451,80.09343,175.67519
200,3B,ElPaso,0.55,0.5,5.776479999999999,86.07906,78.06654999999999,169.92208999999997
201,3B,ElPaso,0.55,0.6000000000000001,4.79386,94.72497,82.21531999999999,181.73415
202,3B,ElPaso,0.55,0.65,4.40298,99.19044,84.36887999999999,187.9623
203,3B,ElPaso,0.55,0.7000000000000001,4.08628,103.68758,86.55411,194.32797
204,3B,ElPaso,0.55,0.75,3.79041,108.24806,88.73934,200.77781
205,3B,ElPaso,0.55,0.8500000000000001,3.34703,117.4957,93.17314,214.01587
206,3B,ElPaso,0.55,0.8,3.53705,112.84021,90.95624,207.3335
207,3B,ElPaso,0.55,0.95,2.98782,126.45831,97.38525,226.83138
208,3B,ElPaso,0.55,0.9,3.14617,122.15119,95.39004,220.6874
209,3B,ElPaso,0.5,0.01,17.86166,49.02516,56.72097,123.60779
210,3B,ElPaso,0.5,0.15,11.76232,59.60294,63.40333999999999,134.7686
211,3B,ElPaso,0.5,0.1,13.59344,55.64419,60.86973999999999,130.10737
212,3B,ElPaso,0.5,0.25,9.17027,66.69702,67.39376,143.26105
213,3B,ElPaso,0.5,0.2,10.36544,63.05497,65.39854999999999,138.81896
214,3B,ElPaso,0.5,0.3,8.17596,70.40241,69.42064,147.99901
215,3B,ElPaso,0.5,0.35,7.30918,74.26615,71.44752,153.02285
216,3B,ElPaso,0.5,0.45,5.94567,82.43701,75.59629,163.97897
217,3B,ElPaso,0.5,0.4,6.56908,78.28823999999999,73.50607,158.36338999999998
218,3B,ElPaso,0.5,0.55,4.86804,91.01958,79.74506,175.63268
219,3B,ElPaso,0.5,0.5,5.385599999999999,86.68079,77.68651,169.7529
220,3B,ElPaso,0.5,0.6000000000000001,4.47716,95.45338,81.86695,181.79749
221,3B,ElPaso,0.5,0.65,4.11795,99.95051999999998,84.05217999999999,188.12065
222,3B,ElPaso,0.5,0.7000000000000001,3.79041,104.54267,86.23741,194.57049
223,3B,ElPaso,0.5,0.75,3.56872,109.13482,88.45430999999999,201.15785
224,3B,ElPaso,0.5,0.8500000000000001,3.14617,118.50914,92.91978,214.57509
225,3B,ElPaso,0.5,0.8,3.34703,113.79031,90.67121,207.80855
226,3B,ElPaso,0.5,0.95,2.82947,127.66177,97.19523,227.68647
227,3B,ElPaso,0.5,0.9,2.98782,123.22796999999998,95.13668,221.35247
228,3B,ElPaso,0.6000000000000001,0.01,19.53443,48.64512,57.35437,125.53392
229,3B,ElPaso,0.6000000000000001,0.15,13.074179999999998,59.28623999999999,64.22676,136.58718
230,3B,ElPaso,0.6000000000000001,0.1,15.03283,55.32748999999999,61.62982,131.99014
231,3B,ElPaso,0.6000000000000001,0.25,10.3546,66.15863,68.21718,144.73041
232,3B,ElPaso,0.6000000000000001,0.2,11.63479,62.64326,66.22197,140.50002
233,3B,ElPaso,0.6000000000000001,0.3,9.25444,69.76901,70.24405999999999,149.26751
234,3B,ElPaso,0.6000000000000001,0.35,8.302639999999998,73.53773999999999,72.27094,154.11131999999998
235,3B,ElPaso,0.6000000000000001,0.45,6.76994,81.45523999999999,76.35637,164.58155
236,3B,ElPaso,0.6000000000000001,0.4,7.46753,77.43315,74.29782,159.1985
237,3B,ElPaso,0.6000000000000001,0.55,5.57562,89.81612,80.47346999999999,175.86521
238,3B,ElPaso,0.6000000000000001,0.5,6.16736,85.57234,78.44659,170.18629
239,3B,ElPaso,0.6000000000000001,0.6000000000000001,5.1214,94.12324,82.59535999999999,181.84
240,3B,ElPaso,0.6000000000000001,0.65,4.698849999999999,98.52537,84.71724999999999,187.94147
241,3B,ElPaso,0.6000000000000001,0.7000000000000001,4.33964,102.95917,86.90248,194.20129
242,3B,ElPaso,0.6000000000000001,0.75,4.054609999999999,107.45631,89.05604,200.56696
243,3B,ElPaso,0.6000000000000001,0.8500000000000001,3.53705,116.57727,93.45817,213.57249
244,3B,ElPaso,0.6000000000000001,0.8,3.75874,112.01679,91.24127,207.0168
245,3B,ElPaso,0.6000000000000001,0.95,3.17784,125.38153,97.5436,226.10297
246,3B,ElPaso,0.6000000000000001,0.9,3.34703,121.20109,95.67507,220.22319
247,3B,ElPaso,0.65,0.01,20.29706,48.51844,57.67107,126.48657
248,3B,ElPaso,0.65,0.15,13.635099999999998,59.31791,64.76514999999999,137.71815999999998
249,3B,ElPaso,0.65,0.1,15.62542,55.32748999999999,62.10486999999999,133.05777999999998
250,3B,ElPaso,0.65,0.25,10.75632,66.57034,69.10394,146.4306
251,3B,ElPaso,0.65,0.2,12.07902,62.86495,66.91870999999999,141.86268
252,3B,ElPaso,0.65,0.3,9.613650000000002,70.30739999999999,71.22582999999999,151.14687999999998
253,3B,ElPaso,0.65,0.35,8.63018,74.20281,73.34772,156.18070999999998
254,3B,ElPaso,0.65,0.45,7.06581,82.15198,77.52816,166.74595
255,3B,ElPaso,0.65,0.4,7.79507,78.16156,75.43794,161.39457
256,3B,ElPaso,0.65,0.55,5.87149,90.32284,81.55024999999999,177.74457999999998
257,3B,ElPaso,0.65,0.5,6.431559999999999,86.26907999999999,79.61838,172.31902
258,3B,ElPaso,0.65,0.6000000000000001,5.385599999999999,94.53495,83.60879999999999,183.52935
259,3B,ElPaso,0.65,0.65,4.93138,99.00042,85.73069,189.66249
260,3B,ElPaso,0.65,0.7000000000000001,4.572169999999999,103.27587,87.75757,195.60561
261,3B,ElPaso,0.65,0.75,4.24463,107.61466,89.81612,201.67541
262,3B,ElPaso,0.65,0.8500000000000001,3.72707,116.54559999999998,94.0599,214.33257
263,3B,ElPaso,0.65,0.8,3.9596,112.04846,91.93801,207.94607
264,3B,ElPaso,0.65,0.95,3.31536,125.28652,98.11366,226.71554
265,3B,ElPaso,0.65,0.9,3.50538,121.07441,96.21346,220.79325
266,3B,ElPaso,0.7000000000000001,0.01,21.01718,48.39176,57.98776999999999,127.39670999999998
267,3B,ElPaso,0.7000000000000001,0.15,14.15351,59.41292,65.30354,138.86997
268,3B,ElPaso,0.7000000000000001,0.1,16.19718,55.35916,62.61158999999999,134.16792999999998
269,3B,ElPaso,0.7000000000000001,0.25,11.12637,67.04539,70.02237,148.19412999999997
270,3B,ElPaso,0.7000000000000001,0.2,12.52325,63.18164999999999,67.67878999999999,143.38369
271,3B,ElPaso,0.7000000000000001,0.3,9.95203,71.00414,72.30260999999999,153.25878
272,3B,ElPaso,0.7000000000000001,0.35,8.936889999999998,74.99455999999999,74.51951,158.45095999999998
273,3B,ElPaso,0.7000000000000001,0.45,7.33001,83.03873999999999,78.79495999999999,169.16370999999998
274,3B,ElPaso,0.7000000000000001,0.4,8.05927,78.98498,76.67307,163.71731999999997
275,3B,ElPaso,0.7000000000000001,0.55,6.135689999999999,91.08292,82.78538,180.00399
276,3B,ElPaso,0.7000000000000001,0.5,6.695759999999999,87.12417,80.85351,174.67344
277,3B,ElPaso,0.7000000000000001,0.6000000000000001,5.638959999999999,95.16835,84.71724999999999,185.52456
278,3B,ElPaso,0.7000000000000001,0.65,5.15307,99.63382,86.80747,191.59436
279,3B,ElPaso,0.7000000000000001,0.7000000000000001,4.76219,103.68758,88.67599999999999,197.12577
280,3B,ElPaso,0.7000000000000001,0.75,4.44549,107.86802,90.60787,202.92138
281,3B,ElPaso,0.7000000000000001,0.8500000000000001,3.89626,116.57727,94.6933,215.16683
282,3B,ElPaso,0.7000000000000001,0.8,4.14962,112.20681,92.63475,208.99118
283,3B,ElPaso,0.7000000000000001,0.95,3.47371,125.22318,98.65205,227.34894
284,3B,ElPaso,0.7000000000000001,0.9,3.6637299999999993,120.9794,96.72017999999998,221.36331
285,3B,ElPaso,0.75,0.01,21.72646,48.26508,58.27279999999999,128.26434
286,3B,ElPaso,0.75,0.15,14.629409999999998,59.57126999999999,65.8736,140.07428
287,3B,ElPaso,0.75,0.1,16.72643,55.48584,63.08664,135.29890999999998
288,3B,ElPaso,0.75,0.25,11.46475,67.67878999999999,71.00414,150.14767999999998
289,3B,ElPaso,0.75,0.2,12.893299999999998,63.59335999999999,68.47054,144.9572
290,3B,ElPaso,0.75,0.3,10.21623,71.82755999999999,73.44273,155.48651999999998
291,3B,ElPaso,0.75,0.35,9.20109,75.94466,75.78631,160.93205999999998
292,3B,ElPaso,0.75,0.45,7.58337,84.08385,80.15677,171.82398999999998
293,3B,ElPaso,0.75,0.4,8.323469999999999,80.03008999999999,78.03488,166.38844
294,3B,ElPaso,0.75,0.55,6.357379999999999,92.06469,84.11551999999999,182.53759
295,3B,ElPaso,0.75,0.5,6.928289999999999,88.13761,82.21531999999999,177.28122
296,3B,ElPaso,0.75,0.6000000000000001,5.87149,95.9601,85.95237999999999,187.78397
297,3B,ElPaso,0.75,0.65,5.353929999999999,100.42557,87.94758999999999,193.72709
298,3B,ElPaso,0.75,0.7000000000000001,4.96305,104.22597,89.6261,198.81512
299,3B,ElPaso,0.75,0.75,4.635509999999999,108.21639,91.43129,204.28319
300,3B,ElPaso,0.75,0.8500000000000001,4.054609999999999,116.64060999999998,95.29503,215.99025
301,3B,ElPaso,0.75,0.8,4.31881,112.39683,93.36316,210.0788
302,3B,ElPaso,0.75,0.95,3.6003899999999995,125.12816999999998,99.1271,227.85566
303,3B,ElPaso,0.75,0.9,3.83292,120.91606,97.2269,221.97588
304,3B,ElPaso,0.8500000000000001,0.01,23.10336,48.01172,58.81119,129.92627
305,3B,ElPaso,0.8500000000000001,0.15,15.75125,59.34957999999999,66.57034,141.67117
306,3B,ElPaso,0.8500000000000001,0.1,17.9758,55.26415,63.75171,136.99166
307,3B,ElPaso,0.8500000000000001,0.25,12.38488,67.74213,72.04925,152.17626
308,3B,ElPaso,0.8500000000000001,0.2,13.93012,63.49835,69.38897,146.81744
309,3B,ElPaso,0.8500000000000001,0.3,11.06218,71.95424,74.64618999999999,157.66260999999997
310,3B,ElPaso,0.8500000000000001,0.35,9.97286,76.10301,77.05310999999999,163.12897999999998
311,3B,ElPaso,0.8500000000000001,0.45,8.249289999999998,84.27386999999999,81.48691,174.01006999999998
312,3B,ElPaso,0.8500000000000001,0.4,9.02106,80.22010999999999,79.33335,168.57451999999998
313,3B,ElPaso,0.8500000000000001,0.55,6.94912,92.12803,85.44565999999999,184.52281
314,3B,ElPaso,0.8500000000000001,0.5,7.551699999999999,88.23262,83.54545999999999,179.32977999999997
315,3B,ElPaso,0.8500000000000001,0.6000000000000001,6.431559999999999,95.89676,87.18751,189.51583
316,3B,ElPaso,0.8500000000000001,0.65,5.87149,100.29889,89.15104999999998,195.32143
317,3B,ElPaso,0.8500000000000001,0.7000000000000001,5.44894,103.8776,90.63954,199.96608
318,3B,ElPaso,0.8500000000000001,0.75,5.089729999999999,107.678,92.31805,205.08578
319,3B,ElPaso,0.8500000000000001,0.8500000000000001,4.44549,115.78552,95.9601,216.19111
320,3B,ElPaso,0.8500000000000001,0.8,4.730519999999999,111.70009,94.12324,210.55385
321,3B,ElPaso,0.8500000000000001,0.95,3.9596,123.98805,99.63382,227.58147
322,3B,ElPaso,0.8500000000000001,0.9,4.18129,119.87095,97.79695999999998,221.8492
323,3B,ElPaso,0.8,0.01,22.44658,48.10673,58.52616,129.07947
324,3B,ElPaso,0.8,0.15,15.26451,59.31791,66.15863,140.74105
325,3B,ElPaso,0.8,0.1,17.361530000000002,55.29582,63.37167,136.02902
326,3B,ElPaso,0.8,0.25,11.94065,67.67878999999999,71.5742,151.19364000000002
327,3B,ElPaso,0.8,0.2,13.443379999999998,63.46668,68.91392,145.82398
328,3B,ElPaso,0.8,0.3,10.66046,71.89089999999999,74.1078,156.65916
329,3B,ElPaso,0.8,0.35,9.602810000000002,76.07133999999999,76.51472,162.18887
330,3B,ElPaso,0.8,0.45,7.92175,84.27386999999999,80.94851999999999,173.14414
331,3B,ElPaso,0.8,0.4,8.69352,80.22010999999999,78.79495999999999,167.70858999999996
332,3B,ElPaso,0.8,0.55,6.653249999999999,92.25471,84.93894,183.8469
333,3B,ElPaso,0.8,0.5,7.25583,88.32763,83.00707,178.59053
334,3B,ElPaso,0.8,0.6000000000000001,6.16736,96.05510999999998,86.71246,188.93493
335,3B,ElPaso,0.8,0.65,5.607289999999999,100.58392,88.70767,194.89888
336,3B,ElPaso,0.8,0.7000000000000001,5.18474,104.25764,90.2595,199.70188
337,3B,ElPaso,0.8,0.75,4.83637,108.15305,91.96968,204.9591
338,3B,ElPaso,0.8,0.8500000000000001,4.24463,116.41892,95.70674,216.37029
339,3B,ElPaso,0.8,0.8,4.50883,112.23847999999998,93.83821,210.58552
340,3B,ElPaso,0.8,0.95,3.75874,124.7798,99.4438,227.98234
341,3B,ElPaso,0.8,0.9,3.99127,120.56769,97.57527,222.13423
342,3B,ElPaso,0.95,0.01,24.36357,47.82169999999999,59.34957999999999,131.53484999999998
343,3B,ElPaso,0.95,0.15,16.62972,59.44459,67.4571,143.53141
344,3B,ElPaso,0.95,0.1,18.97096,55.29582,64.51179,138.77857
345,3B,ElPaso,0.95,0.25,13.16749,67.93215,73.09436,154.194
346,3B,ElPaso,0.95,0.2,14.75524,63.68836999999999,70.33906999999999,148.78267999999997
347,3B,ElPaso,0.95,0.3,11.80228,72.17593,75.72296999999999,159.70117999999997
348,3B,ElPaso,0.95,0.35,10.67045,76.3247,78.19323,165.18838
349,3B,ElPaso,0.95,0.45,8.841029999999998,84.36887999999999,82.62702999999999,175.83693999999997
350,3B,ElPaso,0.95,0.4,9.68698,80.41013,80.47346999999999,170.57058
351,3B,ElPaso,0.95,0.55,7.50919,92.03302,86.52243999999999,186.06465
352,3B,ElPaso,0.95,0.5,8.14344,88.26429,84.65391,181.06164
353,3B,ElPaso,0.95,0.6000000000000001,6.980789999999999,95.6434,88.20095,190.82514
354,3B,ElPaso,0.95,0.65,6.389049999999999,99.91885,90.06948,196.37738
355,3B,ElPaso,0.95,0.7000000000000001,5.93483,103.27587,91.46296,200.67366
356,3B,ElPaso,0.95,0.75,5.57562,106.88625,93.01479,205.47666
357,3B,ElPaso,0.95,0.8500000000000001,4.89971,114.67707,96.49849,216.07527
358,3B,ElPaso,0.95,0.8,5.216409999999999,110.78166,94.75664,210.75471
359,3B,ElPaso,0.95,0.95,4.35048,122.53122999999998,99.98219,226.8639
360,3B,ElPaso,0.95,0.9,4.603839999999999,118.60415,98.24034,221.44833
361,3B,ElPaso,0.9,0.01,23.7493,47.91671,59.06454999999999,130.73056
362,3B,ElPaso,0.9,0.15,16.206319999999998,59.38125,67.01371999999999,142.60129
363,3B,ElPaso,0.9,0.1,18.47338,55.26415,64.13175,137.86928
364,3B,ElPaso,0.9,0.25,12.75493,67.80547,72.58764000000001,153.14804
365,3B,ElPaso,0.9,0.2,14.34268,63.56169,69.86402,147.76839
366,3B,ElPaso,0.9,0.3,11.43223,72.04925,75.18458,158.66606000000002
367,3B,ElPaso,0.9,0.35,10.31124,76.19801999999999,77.62317,164.13243
368,3B,ElPaso,0.9,0.45,8.57683,84.27386999999999,82.05696999999999,174.90767
369,3B,ElPaso,0.9,0.4,9.35944,80.31512,79.90341,169.57797
370,3B,ElPaso,0.9,0.55,7.24499,92.03302,85.95237999999999,185.23039
371,3B,ElPaso,0.9,0.5,7.84757,88.23262,84.08385,180.16404
372,3B,ElPaso,0.9,0.6000000000000001,6.716589999999999,95.73841,87.69423,190.14923
373,3B,ElPaso,0.9,0.65,6.12485,100.0772,89.59442999999999,195.79648
374,3B,ElPaso,0.9,0.7000000000000001,5.702299999999999,103.52922999999998,91.05125,200.28278
375,3B,ElPaso,0.9,0.75,5.311419999999999,107.26628999999998,92.66642,205.24413
376,3B,ElPaso,0.9,0.8500000000000001,4.667179999999999,115.21546,96.24513,216.12777
377,3B,ElPaso,0.9,0.8,4.99472,111.19337,94.43994,210.62803
378,3B,ElPaso,0.9,0.95,4.14962,123.22796999999998,99.82384,227.20143
379,3B,ElPaso,0.9,0.9,4.38215,119.20588,98.01865,221.60668
0,3C,SanDiego,0.01,0.01,1.07678,30.37153,41.23434,72.68265
1,3C,SanDiego,0.01,0.15,0.4117099999999999,43.00786,46.99828,90.41785
2,3C,SanDiego,0.01,0.1,0.5700599999999999,38.35236999999999,44.78138,83.70380999999999
3,3C,SanDiego,0.01,0.25,0.19002,51.65377,50.73534,102.57913
4,3C,SanDiego,0.01,0.2,0.2850299999999999,47.31498,48.86681,96.46681999999998
5,3C,SanDiego,0.01,0.3,0.12668,56.02423,52.60386999999999,108.75478
6,3C,SanDiego,0.01,0.35,0.09501,60.45803,54.53573999999999,115.08878
7,3C,SanDiego,0.01,0.45,0.06334,69.95903,58.43115,128.45352
8,3C,SanDiego,0.01,0.4,0.09501,65.11352,56.46760999999999,121.67614
9,3C,SanDiego,0.01,0.55,0.06334,79.23834,62.48491,141.78659
10,3C,SanDiego,0.01,0.5,0.06334,74.58285,60.45803,135.10422
11,3C,SanDiego,0.01,0.6000000000000001,0.06334,83.89383,64.54346,148.50063
12,3C,SanDiego,0.01,0.65,0.06334,88.58098999999999,66.63368,155.27801
13,3C,SanDiego,0.01,0.7000000000000001,0.06334,93.23648,68.75556999999999,162.05539
14,3C,SanDiego,0.01,0.75,0.06334,97.95531,70.87746,168.89611
15,3C,SanDiego,0.01,0.8500000000000001,0.06334,107.29796,75.21625,182.57755
16,3C,SanDiego,0.01,0.8,0.06334,102.64247,73.03102,175.73683
17,3C,SanDiego,0.01,0.95,0.06334,116.83063,79.68172,196.57569
18,3C,SanDiego,0.01,0.9,0.06334,112.01679,77.43315,189.51328
19,3C,SanDiego,0.05,0.01,1.33014,28.97805,41.29767999999999,71.60587
20,3C,SanDiego,0.05,0.15,0.50672,41.39269,47.06162,88.96103
21,3C,SanDiego,0.05,0.1,0.72841,36.76886999999999,44.84472,82.34199999999998
22,3C,SanDiego,0.05,0.25,0.25336,49.88025,50.79868,100.93229
23,3C,SanDiego,0.05,0.2,0.38004,45.6048,48.93015,94.91499
24,3C,SanDiego,0.05,0.3,0.19002,54.18737,52.66721,107.0446
25,3C,SanDiego,0.05,0.35,0.12668,58.55782999999999,54.56741,113.25191999999998
26,3C,SanDiego,0.05,0.45,0.09501,67.93215,58.46282,126.48998
27,3C,SanDiego,0.05,0.4,0.09501,63.14998,56.49928,119.74427
28,3C,SanDiego,0.05,0.55,0.06334,77.14811999999999,62.48491,139.69637
29,3C,SanDiego,0.05,0.5,0.06334,72.5243,60.45803,133.04566999999997
30,3C,SanDiego,0.05,0.6000000000000001,0.06334,81.74027,64.54346,146.34706999999997
31,3C,SanDiego,0.05,0.65,0.06334,86.36408999999999,66.60200999999999,153.02943999999997
32,3C,SanDiego,0.05,0.7000000000000001,0.06334,91.01958,68.69223,159.77515
33,3C,SanDiego,0.05,0.75,0.06334,95.6434,70.81411999999999,166.52085999999997
34,3C,SanDiego,0.05,0.8500000000000001,0.06334,104.92271,75.12123999999999,180.10728999999998
35,3C,SanDiego,0.05,0.8,0.06334,100.33056,72.96767999999999,173.36157999999998
36,3C,SanDiego,0.05,0.95,0.06334,114.29703,79.55504,193.91541
37,3C,SanDiego,0.05,0.9,0.06334,109.60987,77.33814,187.01135
38,3C,SanDiego,0.15,0.01,2.03772,26.06441,41.36102,69.46315
39,3C,SanDiego,0.15,0.15,0.88676,38.004,47.25164,86.1424
40,3C,SanDiego,0.15,0.1,1.20346,33.538529999999994,45.00307,79.74506
41,3C,SanDiego,0.15,0.25,0.47505,46.11152,50.95703,97.5436
42,3C,SanDiego,0.15,0.2,0.6650699999999999,41.99442,49.0885,91.74799
43,3C,SanDiego,0.15,0.3,0.3483699999999999,50.26029,52.82556,103.43422
44,3C,SanDiego,0.15,0.35,0.25336,54.47239999999999,54.72576,109.45152
45,3C,SanDiego,0.15,0.45,0.15835,63.56169,58.55782999999999,122.27786999999998
46,3C,SanDiego,0.15,0.4,0.19002,58.9062,56.59429,115.69051
47,3C,SanDiego,0.15,0.55,0.09501,72.5243,62.54825,135.16755999999998
48,3C,SanDiego,0.15,0.5,0.12668,68.02716,60.52137,128.67521
49,3C,SanDiego,0.15,0.6000000000000001,0.09501,77.02144,64.54346,141.65991
50,3C,SanDiego,0.15,0.65,0.06334,81.51857999999999,66.60200999999999,148.18392999999998
51,3C,SanDiego,0.15,0.7000000000000001,0.06334,86.07906,68.66055999999999,154.80295999999998
52,3C,SanDiego,0.15,0.75,0.06334,90.60787,70.71910999999999,161.39031999999995
53,3C,SanDiego,0.15,0.8500000000000001,0.06334,99.66549,74.96289,174.69171999999998
54,3C,SanDiego,0.15,0.8,0.06334,95.16835,72.841,168.07269
55,3C,SanDiego,0.15,0.95,0.06334,108.84978999999998,79.27001,188.18314
56,3C,SanDiego,0.15,0.9,0.06334,104.25764,77.11645,181.43743
57,3C,SanDiego,0.1,0.01,1.68935,27.42622,41.32935,70.44492
58,3C,SanDiego,0.1,0.15,0.6967399999999999,39.5875,47.15663,87.44086999999999
59,3C,SanDiego,0.1,0.1,0.9501,35.05869,44.90806,80.91685
60,3C,SanDiego,0.1,0.25,0.3483699999999999,47.88504,50.86202,99.09543
61,3C,SanDiego,0.1,0.2,0.50672,43.7046,48.99349,93.20481
62,3C,SanDiego,0.1,0.3,0.25336,52.12882,52.76222,105.1444
63,3C,SanDiego,0.1,0.35,0.19002,56.40426999999999,54.63075,111.22503999999998
64,3C,SanDiego,0.1,0.45,0.12668,65.65191,58.49448999999999,124.27308
65,3C,SanDiego,0.1,0.4,0.15835,60.93307999999999,56.53095,117.62238
66,3C,SanDiego,0.1,0.55,0.09501,74.70953,62.51657999999999,137.32112
67,3C,SanDiego,0.1,0.5,0.09501,70.14904999999999,60.4897,130.73376
68,3C,SanDiego,0.1,0.6000000000000001,0.06334,79.27001,64.54346,143.87680999999998
69,3C,SanDiego,0.1,0.65,0.06334,83.83049,66.60200999999999,150.49584
70,3C,SanDiego,0.1,0.7000000000000001,0.06334,88.42264,68.66055999999999,157.14654
71,3C,SanDiego,0.1,0.75,0.06334,93.01479,70.75077999999999,163.82890999999998
72,3C,SanDiego,0.1,0.8500000000000001,0.06334,102.19909,75.02623,177.28866
73,3C,SanDiego,0.1,0.8,0.06334,97.63861,72.87267,170.57461999999998
74,3C,SanDiego,0.1,0.95,0.06334,111.44673,79.39668999999999,190.90676
75,3C,SanDiego,0.1,0.9,0.06334,106.82290999999998,77.21145999999999,184.09770999999995
76,3C,SanDiego,0.25,0.01,2.7978,23.78417,41.45603,68.038
77,3C,SanDiego,0.25,0.15,1.2984699999999998,35.34372,47.47333,84.11552
78,3C,SanDiego,0.25,0.1,1.72102,31.004929999999995,45.16142,77.88737
79,3C,SanDiego,0.25,0.25,0.76008,43.10287,51.14704999999999,95.01
80,3C,SanDiego,0.25,0.2,0.98177,39.17578999999999,49.31019,89.46775
81,3C,SanDiego,0.25,0.3,0.60173,47.09329,53.01557999999999,100.7106
82,3C,SanDiego,0.25,0.35,0.44338,51.17872,54.88410999999999,106.50620999999998
83,3C,SanDiego,0.25,0.45,0.25336,59.98298,58.68451,118.92085
84,3C,SanDiego,0.25,0.4,0.3167,55.48584,56.75264,112.55518
85,3C,SanDiego,0.25,0.55,0.15835,68.69223,62.61158999999999,131.46217
86,3C,SanDiego,0.25,0.5,0.19002,64.32176999999999,60.64804999999999,125.15983999999996
87,3C,SanDiego,0.25,0.6000000000000001,0.12668,73.09436,64.60679999999999,137.82783999999998
88,3C,SanDiego,0.25,0.65,0.09501,77.49649,66.63368,144.22518
89,3C,SanDiego,0.25,0.7000000000000001,0.09501,81.93029,68.66055999999999,150.68586
90,3C,SanDiego,0.25,0.75,0.09501,86.39576,70.68744,157.17820999999998
91,3C,SanDiego,0.25,0.8500000000000001,0.06334,95.26336,74.86788,170.19457999999997
92,3C,SanDiego,0.25,0.8,0.06334,90.86123,72.77766,163.70223
93,3C,SanDiego,0.25,0.95,0.06334,104.19429999999998,79.07999,183.33763
94,3C,SanDiego,0.25,0.9,0.06334,99.7605,76.9581,176.78194
95,3C,SanDiego,0.2,0.01,2.41776,24.86095,41.42436,68.70307
96,3C,SanDiego,0.2,0.15,1.07678,36.57885,47.34665,85.00228
97,3C,SanDiego,0.2,0.1,1.45682,32.20839,45.06641,78.73161999999999
98,3C,SanDiego,0.2,0.25,0.60173,44.52802,51.05204,96.18179
99,3C,SanDiego,0.2,0.2,0.8234199999999999,40.50592999999999,49.18351,90.51286
100,3C,SanDiego,0.2,0.3,0.47505,48.58178,52.92057,101.9774
101,3C,SanDiego,0.2,0.35,0.3483699999999999,52.73055,54.7891,107.86802
102,3C,SanDiego,0.2,0.45,0.19002,61.69316,58.62117,120.50435
103,3C,SanDiego,0.2,0.4,0.25336,57.10101,56.68929999999999,114.04367
104,3C,SanDiego,0.2,0.55,0.12668,70.52909,62.57992,133.23568999999998
105,3C,SanDiego,0.2,0.5,0.15835,66.09529,60.58471,126.83835
106,3C,SanDiego,0.2,0.6000000000000001,0.09501,74.96289,64.57513,139.63303000000002
107,3C,SanDiego,0.2,0.65,0.09501,79.42835999999998,66.60200999999999,146.12537999999998
108,3C,SanDiego,0.2,0.7000000000000001,0.06334,83.89383,68.66055999999999,152.61773
109,3C,SanDiego,0.2,0.75,0.06334,88.39097,70.71910999999999,159.17341999999996
110,3C,SanDiego,0.2,0.8500000000000001,0.06334,97.38525,74.89954999999999,172.34814
111,3C,SanDiego,0.2,0.8,0.06334,92.91978,72.77766,165.76077999999998
112,3C,SanDiego,0.2,0.95,0.06334,106.44286999999998,79.175,185.68121
113,3C,SanDiego,0.2,0.9,0.06334,101.91406,77.02144,178.99883999999997
114,3C,SanDiego,0.3,0.01,3.22035,22.8024,41.51937,67.54212
115,3C,SanDiego,0.3,0.15,1.52016,34.26694,47.60001,83.38710999999999
116,3C,SanDiego,0.3,0.1,1.97438,29.95982,45.25643,77.19063
117,3C,SanDiego,0.3,0.25,0.88676,42.08942999999999,51.33707,94.31326
118,3C,SanDiego,0.3,0.2,1.17179,38.13068,49.43686999999999,88.73934
119,3C,SanDiego,0.3,0.3,0.6967399999999999,46.07985,53.2056,99.98219
120,3C,SanDiego,0.3,0.35,0.53839,50.16528,55.1058,105.80947
121,3C,SanDiego,0.3,0.45,0.3167,58.52616,58.93787,117.78073
122,3C,SanDiego,0.3,0.4,0.4117099999999999,54.34572,57.006,111.76343
123,3C,SanDiego,0.3,0.55,0.19002,67.04539,62.67493,129.91034
124,3C,SanDiego,0.3,0.5,0.25336,62.76994,60.86973999999999,123.89303999999998
125,3C,SanDiego,0.3,0.6000000000000001,0.15835,71.38417999999999,64.67014,136.21267
126,3C,SanDiego,0.3,0.65,0.12668,75.72296999999999,66.66535,142.515
127,3C,SanDiego,0.3,0.7000000000000001,0.09501,80.1251,68.69223,148.91234
128,3C,SanDiego,0.3,0.75,0.09501,84.52723,70.71910999999999,155.34134999999998
129,3C,SanDiego,0.3,0.8500000000000001,0.06334,93.29982,74.83621,168.19937
130,3C,SanDiego,0.3,0.8,0.09501,88.92935999999999,72.74598999999999,161.77035999999998
131,3C,SanDiego,0.3,0.95,0.06334,102.10408,78.98498,181.1524
132,3C,SanDiego,0.3,0.9,0.06334,97.73362,76.92643,174.72339
133,3C,SanDiego,0.35,0.01,3.6003899999999995,21.97898,41.55103999999999,67.13041
134,3C,SanDiego,0.35,0.15,1.74185,33.28517,47.72669,82.75371
135,3C,SanDiego,0.35,0.1,2.22774,29.00972,45.35144,76.5889
136,3C,SanDiego,0.35,0.25,1.04511,40.94931,51.43207999999999,93.4265
137,3C,SanDiego,0.35,0.2,1.36181,37.0539,49.56355,87.97926
138,3C,SanDiego,0.35,0.3,0.8234199999999999,44.84472,53.30060999999999,98.96875
139,3C,SanDiego,0.35,0.35,0.6650699999999999,48.89847999999999,55.20081,104.76435999999998
140,3C,SanDiego,0.35,0.45,0.4117099999999999,57.10101,59.03288,116.5456
141,3C,SanDiego,0.35,0.4,0.50672,52.98391,57.10101,110.59164
142,3C,SanDiego,0.35,0.55,0.25336,65.49356,62.73826999999999,128.48519
143,3C,SanDiego,0.35,0.5,0.3167,61.31312,60.96475,122.59457
144,3C,SanDiego,0.35,0.6000000000000001,0.19002,69.80068,64.73348,134.72418
145,3C,SanDiego,0.35,0.65,0.15835,74.1078,66.69702,140.96317
146,3C,SanDiego,0.35,0.7000000000000001,0.12668,78.44659,68.7239,147.29717
147,3C,SanDiego,0.35,0.75,0.12668,82.78538,70.71910999999999,153.63117
148,3C,SanDiego,0.35,0.8500000000000001,0.09501,91.49463,74.80454,166.39418
149,3C,SanDiego,0.35,0.8,0.09501,87.15584,72.74598999999999,159.99684
150,3C,SanDiego,0.35,0.95,0.06334,100.17221,78.88996999999999,179.12552
151,3C,SanDiego,0.35,0.9,0.06334,95.86509,76.89476,172.82319
152,3C,SanDiego,0.45,0.01,4.43465,20.55383,41.64605,66.63452999999998
153,3C,SanDiego,0.45,0.15,2.19607,31.63833,47.98005,81.81445
154,3C,SanDiego,0.45,0.1,2.7978,27.42622,45.57313,75.79714999999999
155,3C,SanDiego,0.45,0.25,1.3934799999999998,38.98577,51.68544,92.06469
156,3C,SanDiego,0.45,0.2,1.74185,35.24871,49.81691,86.80747
157,3C,SanDiego,0.45,0.3,1.10845,42.7545,53.55397,97.41692
158,3C,SanDiego,0.45,0.35,0.88676,46.68158,55.4225,102.99084
159,3C,SanDiego,0.45,0.45,0.5700599999999999,54.66242,59.2229,114.45538
160,3C,SanDiego,0.45,0.4,0.72841,50.64033,57.322700000000005,108.69144
161,3C,SanDiego,0.45,0.55,0.3483699999999999,62.83328,62.89661999999999,126.07827
162,3C,SanDiego,0.45,0.5,0.44338,58.71618,61.15476999999999,120.31432999999998
163,3C,SanDiego,0.45,0.6000000000000001,0.2850299999999999,67.01371999999999,64.86016,132.15891
164,3C,SanDiego,0.45,0.65,0.22169,71.22582999999999,66.8237,138.27121999999997
165,3C,SanDiego,0.45,0.7000000000000001,0.19002,75.46960999999999,68.78724,144.44687
166,3C,SanDiego,0.45,0.75,0.15835,79.71339,70.78245,150.65419
167,3C,SanDiego,0.45,0.8500000000000001,0.12668,88.23262,74.80454,163.16384
168,3C,SanDiego,0.45,0.8,0.12668,83.98884,72.77766,156.89317999999997
169,3C,SanDiego,0.45,0.95,0.09501,96.5935,78.76329,175.4518
170,3C,SanDiego,0.45,0.9,0.09501,92.50807,76.86309,169.46617
171,3C,SanDiego,0.4,0.01,4.0121,21.2189,41.61438,66.84537999999999
172,3C,SanDiego,0.4,0.15,1.97438,32.39841,47.85337,82.22616
173,3C,SanDiego,0.4,0.1,2.51277,28.1863,45.47812,76.17719
174,3C,SanDiego,0.4,0.25,1.23513,39.9042,51.55876,92.69809
175,3C,SanDiego,0.4,0.2,1.5518299999999998,36.1038,49.69022999999999,87.34585999999999
176,3C,SanDiego,0.4,0.3,0.98177,43.76794,53.42729,98.177
177,3C,SanDiego,0.4,0.35,0.76008,47.72669,55.29582,103.78259
178,3C,SanDiego,0.4,0.45,0.47505,55.83420999999999,59.12789,115.43715
179,3C,SanDiego,0.4,0.4,0.60173,51.74878,57.19601999999999,109.54653
180,3C,SanDiego,0.4,0.55,0.2850299999999999,64.10007999999999,62.83328,127.21839
181,3C,SanDiego,0.4,0.5,0.38004,59.95130999999999,61.05976,121.39111
182,3C,SanDiego,0.4,0.6000000000000001,0.25336,68.34385999999999,64.79682,133.39404
183,3C,SanDiego,0.4,0.65,0.19002,72.61931,66.76035999999999,139.56968999999998
184,3C,SanDiego,0.4,0.7000000000000001,0.15835,76.89476,68.75556999999999,145.80867999999998
185,3C,SanDiego,0.4,0.75,0.12668,81.20188,70.75077999999999,152.07934
186,3C,SanDiego,0.4,0.8500000000000001,0.09501,89.78444999999999,74.80454,164.684
187,3C,SanDiego,0.4,0.8,0.12668,85.509,72.77766,158.41334
188,3C,SanDiego,0.4,0.95,0.09501,98.33535,78.82663,177.25698999999997
189,3C,SanDiego,0.4,0.9,0.09501,94.12324,76.86309,171.08134
190,3C,SanDiego,0.55,0.01,5.205569999999999,19.41371,41.74106,66.36034
191,3C,SanDiego,0.55,0.15,2.63945,30.27652,48.29675,81.21271999999999
192,3C,SanDiego,0.55,0.1,3.33619,26.15942,45.79482,75.29043
193,3C,SanDiego,0.55,0.25,1.74185,37.40227,51.97047,91.11459
194,3C,SanDiego,0.55,0.2,2.1644,33.791889999999995,50.10194,86.05823
195,3C,SanDiego,0.55,0.3,1.42515,41.04432,53.839,96.30847
196,3C,SanDiego,0.55,0.35,1.1401199999999998,44.84472,55.70753,101.69237
197,3C,SanDiego,0.55,0.45,0.76008,52.60386999999999,59.47626,112.84021
198,3C,SanDiego,0.55,0.4,0.91843,48.70846,57.57606,107.20295
199,3C,SanDiego,0.55,0.55,0.50672,60.55304,63.11831,124.17807
200,3C,SanDiego,0.55,0.5,0.60173,56.56262,61.37646,118.54081
201,3C,SanDiego,0.55,0.6000000000000001,0.4117099999999999,64.63847,65.05018,130.10036
202,3C,SanDiego,0.55,0.65,0.3167,68.75556999999999,66.98204999999999,136.05431999999996
203,3C,SanDiego,0.55,0.7000000000000001,0.2850299999999999,72.90433999999999,68.94559,142.13495999999998
204,3C,SanDiego,0.55,0.75,0.22169,77.08478,70.90913,148.2156
205,3C,SanDiego,0.55,0.8500000000000001,0.15835,85.41399,74.86788,160.44022
206,3C,SanDiego,0.55,0.8,0.19002,81.26522,72.87267,154.32791
207,3C,SanDiego,0.55,0.95,0.12668,93.4265,78.63660999999999,172.18978999999996
208,3C,SanDiego,0.55,0.9,0.12668,89.59442999999999,76.86309,166.58419999999998
209,3C,SanDiego,0.5,0.01,4.81469,19.9521,41.70939,66.47618
210,3C,SanDiego,0.5,0.15,2.41776,30.90992,48.1384,81.46607999999999
211,3C,SanDiego,0.5,0.1,3.0828299999999995,26.76115,45.66814,75.51211999999998
212,3C,SanDiego,0.5,0.25,1.5835,38.16235,51.84379,91.58964
213,3C,SanDiego,0.5,0.2,1.94271,34.48863,49.97525999999999,86.4066
214,3C,SanDiego,0.5,0.3,1.2668,41.86774,53.68064999999999,96.81519
215,3C,SanDiego,0.5,0.35,1.01344,45.69981,55.54917999999999,102.26243
216,3C,SanDiego,0.5,0.45,0.6650699999999999,53.585640000000005,59.34957999999999,113.60029
217,3C,SanDiego,0.5,0.4,0.8234199999999999,49.62689,57.44938,107.89969
218,3C,SanDiego,0.5,0.55,0.4117099999999999,61.62982,62.99163,125.03316
219,3C,SanDiego,0.5,0.5,0.53839,57.60773,61.24978,119.3959
220,3C,SanDiego,0.5,0.6000000000000001,0.3483699999999999,65.77859,64.95517,131.08213
221,3C,SanDiego,0.5,0.65,0.2850299999999999,69.92736,66.88704,137.09942999999998
222,3C,SanDiego,0.5,0.7000000000000001,0.22169,74.13947,68.85058,143.21174
223,3C,SanDiego,0.5,0.75,0.19002,78.35157999999998,70.84579,149.38738999999998
224,3C,SanDiego,0.5,0.8500000000000001,0.12668,86.77579999999999,74.83621,161.73868999999996
225,3C,SanDiego,0.5,0.8,0.15835,82.56369,72.841,155.56304
226,3C,SanDiego,0.5,0.95,0.09501,94.97833,78.66828,173.74161999999998
227,3C,SanDiego,0.5,0.9,0.12668,90.98791,76.86309,167.97768
228,3C,SanDiego,0.6000000000000001,0.01,5.585609999999999,18.90699,41.8044,66.297
229,3C,SanDiego,0.6000000000000001,0.15,2.86114,29.73813,48.4551,81.05437
230,3C,SanDiego,0.6000000000000001,0.1,3.63206,25.58936,45.9215,75.14291999999999
231,3C,SanDiego,0.6000000000000001,0.25,1.93187,36.7372,52.12882,90.79789
232,3C,SanDiego,0.6000000000000001,0.2,2.35442,33.15849,50.29196,85.80487
233,3C,SanDiego,0.6000000000000001,0.3,1.5835,40.34758,53.99735,95.92843
234,3C,SanDiego,0.6000000000000001,0.35,1.2984699999999998,44.08464,55.86588,101.24899
235,3C,SanDiego,0.6000000000000001,0.45,0.85509,51.71710999999999,59.60294,112.17513999999998
236,3C,SanDiego,0.6000000000000001,0.4,1.04511,47.88504,57.73441,106.66456
237,3C,SanDiego,0.6000000000000001,0.55,0.5700599999999999,59.60294,63.24499,123.41799
238,3C,SanDiego,0.6000000000000001,0.5,0.6967399999999999,55.64419,61.50314,117.84407
239,3C,SanDiego,0.6000000000000001,0.6000000000000001,0.47505,63.62503,65.14519,129.24527
240,3C,SanDiego,0.6000000000000001,0.65,0.38004,67.67878999999999,67.07705999999999,135.13588999999996
241,3C,SanDiego,0.6000000000000001,0.7000000000000001,0.3167,71.76422,69.00892999999999,141.08984999999998
242,3C,SanDiego,0.6000000000000001,0.75,0.25336,75.88132,70.97247,147.10715
243,3C,SanDiego,0.6000000000000001,0.8500000000000001,0.19002,84.11551999999999,74.89954999999999,159.20508999999998
244,3C,SanDiego,0.6000000000000001,0.8,0.22169,80.03008999999999,72.93601,153.18778999999998
245,3C,SanDiego,0.6000000000000001,0.95,0.15835,92.00135,78.57327,170.73297
246,3C,SanDiego,0.6000000000000001,0.9,0.15835,88.29596,76.89476,165.34906999999998
247,3C,SanDiego,0.65,0.01,5.97649,18.46361,41.86774,66.30784
248,3C,SanDiego,0.65,0.15,3.0828299999999995,29.389759999999995,48.74013,81.21271999999999
249,3C,SanDiego,0.65,0.1,3.88542,25.24099,46.14319,75.2696
250,3C,SanDiego,0.65,0.25,2.06939,36.70553,52.76222,91.53714
251,3C,SanDiego,0.65,0.2,2.51277,33.000139999999995,50.73534,86.24824999999998
252,3C,SanDiego,0.65,0.3,1.67851,40.44259,54.72576,96.84686
253,3C,SanDiego,0.65,0.35,1.36181,44.24299,56.68929999999999,102.2941
254,3C,SanDiego,0.65,0.45,0.91843,51.93879999999999,60.52137,113.3786
255,3C,SanDiego,0.65,0.4,1.1401199999999998,48.10673,58.62117,107.86802
256,3C,SanDiego,0.65,0.55,0.6334,59.63460999999999,64.10007999999999,124.36808999999998
257,3C,SanDiego,0.65,0.5,0.76008,55.80254,62.3899,118.95252
258,3C,SanDiego,0.65,0.6000000000000001,0.50672,63.56169,65.93693999999999,130.00535
259,3C,SanDiego,0.65,0.65,0.4117099999999999,67.67878999999999,67.80547,135.89596999999998
260,3C,SanDiego,0.65,0.7000000000000001,0.3483699999999999,71.60587,69.61066,141.5649
261,3C,SanDiego,0.65,0.75,0.2850299999999999,75.59629,71.44752,147.32884
262,3C,SanDiego,0.65,0.8500000000000001,0.22169,83.67214,75.24792,159.14175
263,3C,SanDiego,0.65,0.8,0.25336,79.65005,73.34772,153.25113
264,3C,SanDiego,0.65,0.95,0.15835,91.5263,78.85829999999999,170.54294999999996
265,3C,SanDiego,0.65,0.9,0.19002,87.75757,77.17979,165.12738000000002
266,3C,SanDiego,0.7000000000000001,0.01,6.356529999999999,18.08357,41.93108,66.37118
267,3C,SanDiego,0.7000000000000001,0.15,3.27285,29.10473,49.05683,81.43440999999999
268,3C,SanDiego,0.7000000000000001,0.1,4.10711,24.95596,46.39655,75.45962
269,3C,SanDiego,0.7000000000000001,0.25,2.19607,36.80054,53.45895999999999,92.45557
270,3C,SanDiego,0.7000000000000001,0.2,2.67112,32.9368,51.27373,86.88165000000001
271,3C,SanDiego,0.7000000000000001,0.3,1.77352,40.69595,55.54917999999999,98.01864999999998
272,3C,SanDiego,0.7000000000000001,0.35,1.45682,44.59136,57.60773,103.65591
273,3C,SanDiego,0.7000000000000001,0.45,0.98177,52.31884,61.50314,114.80375
274,3C,SanDiego,0.7000000000000001,0.4,1.20346,48.48677,59.60294,109.29317
275,3C,SanDiego,0.7000000000000001,0.55,0.6967399999999999,59.88797,65.05018,125.63488999999998
276,3C,SanDiego,0.7000000000000001,0.5,0.8234199999999999,56.15091,63.37167,120.346
277,3C,SanDiego,0.7000000000000001,0.6000000000000001,0.5700599999999999,63.68836999999999,66.8237,131.08213
278,3C,SanDiego,0.7000000000000001,0.65,0.47505,67.83714,68.59722,136.90940999999998
279,3C,SanDiego,0.7000000000000001,0.7000000000000001,0.38004,71.5742,70.24405999999999,142.1983
280,3C,SanDiego,0.7000000000000001,0.75,0.3167,75.40626999999999,71.95424,147.67721
281,3C,SanDiego,0.7000000000000001,0.8500000000000001,0.25336,83.29209999999999,75.59629,159.14175
282,3C,SanDiego,0.7000000000000001,0.8,0.2850299999999999,79.36501999999999,73.7911,153.44115
283,3C,SanDiego,0.7000000000000001,0.95,0.19002,91.08292,79.175,170.44794000000002
284,3C,SanDiego,0.7000000000000001,0.9,0.22169,87.25085,77.43315,164.90569
285,3C,SanDiego,0.75,0.01,6.715739999999999,17.7352,41.99442,66.44536
286,3C,SanDiego,0.75,0.15,3.46287,28.91471,49.37353,81.75111
287,3C,SanDiego,0.75,0.1,4.3288,24.73427,46.68158,75.74465
288,3C,SanDiego,0.75,0.25,2.29108,37.02222999999999,54.21904,93.53235
289,3C,SanDiego,0.75,0.2,2.7978,32.96847,51.84379,87.61006
290,3C,SanDiego,0.75,0.3,1.86853,41.07599,56.46760999999999,99.41213
291,3C,SanDiego,0.75,0.35,1.52016,45.09808,58.65284,105.27107999999998
292,3C,SanDiego,0.75,0.45,1.04511,52.88889999999999,62.61158999999999,116.54559999999998
293,3C,SanDiego,0.75,0.4,1.2668,49.02516,60.67972,110.97168
294,3C,SanDiego,0.75,0.55,0.72841,60.39469,66.15863,127.28173
295,3C,SanDiego,0.75,0.5,0.88676,56.72097,64.48012,122.08785
296,3C,SanDiego,0.75,0.6000000000000001,0.6334,64.00507,67.80547,132.44394
297,3C,SanDiego,0.75,0.65,0.50672,68.12217,69.48398,138.11287
298,3C,SanDiego,0.75,0.7000000000000001,0.4117099999999999,71.66920999999999,70.9408,143.02172
299,3C,SanDiego,0.75,0.75,0.3483699999999999,75.34293,72.5243,148.2156
300,3C,SanDiego,0.75,0.8500000000000001,0.25336,82.9754,75.97632999999999,159.20508999999998
301,3C,SanDiego,0.75,0.8,0.3167,79.175,74.23448,153.72618
302,3C,SanDiego,0.75,0.95,0.19002,90.60787,79.42835999999998,170.22625
303,3C,SanDiego,0.75,0.9,0.22169,86.83914,77.71817999999999,164.77900999999997
304,3C,SanDiego,0.8500000000000001,0.01,7.44415,17.00679,42.05776,66.50869999999999
305,3C,SanDiego,0.8500000000000001,0.15,3.91709,28.059619999999995,49.65856,81.63526999999999
306,3C,SanDiego,0.8500000000000001,0.1,4.84636,23.94252,46.90327,75.69215
307,3C,SanDiego,0.8500000000000001,0.25,2.6077799999999995,36.35716,54.82077,93.78571
308,3C,SanDiego,0.8500000000000001,0.2,3.17784,32.20839,52.31884,87.70506999999999
309,3C,SanDiego,0.8500000000000001,0.3,2.15356,40.47426,57.22769,99.85550999999998
310,3C,SanDiego,0.8500000000000001,0.35,1.77352,44.49635,59.44459,105.71446
311,3C,SanDiego,0.8500000000000001,0.45,1.23513,52.2555,63.49835,116.98898
312,3C,SanDiego,0.8500000000000001,0.4,1.48849,48.42343,61.56648,111.4784
313,3C,SanDiego,0.8500000000000001,0.55,0.88676,59.66627999999999,67.04539,127.59843
314,3C,SanDiego,0.8500000000000001,0.5,1.04511,56.02423,65.33520999999999,122.40455
315,3C,SanDiego,0.8500000000000001,0.6000000000000001,0.76008,63.14998,68.59722,132.50727999999998
316,3C,SanDiego,0.8500000000000001,0.65,0.60173,67.26707999999999,70.24405999999999,138.11287
317,3C,SanDiego,0.8500000000000001,0.7000000000000001,0.50672,70.59243,71.51086,142.61001
318,3C,SanDiego,0.8500000000000001,0.75,0.44338,74.07612999999999,72.93601,147.45551999999998
319,3C,SanDiego,0.8500000000000001,0.8500000000000001,0.3167,81.45523999999999,76.19801999999999,157.96995999999996
320,3C,SanDiego,0.8500000000000001,0.8,0.38004,77.78151999999999,74.55117999999999,152.71273999999997
321,3C,SanDiego,0.8500000000000001,0.95,0.25336,88.83435,79.4917,168.57941
322,3C,SanDiego,0.8500000000000001,0.9,0.2850299999999999,85.16063,77.84486,163.29052
323,3C,SanDiego,0.8,0.01,7.12745,17.32349,42.02609,66.47703
324,3C,SanDiego,0.8,0.15,3.68456,28.344649999999994,49.43686999999999,81.46607999999998
325,3C,SanDiego,0.8,0.1,4.592999999999999,24.25922,46.74491999999999,75.59714
326,3C,SanDiego,0.8,0.25,2.44943,36.67386,54.56741,93.6907
327,3C,SanDiego,0.8,0.2,3.01949,32.49342,52.06548,87.57839
328,3C,SanDiego,0.8,0.3,1.99521,40.79096,56.91098999999999,99.69716
329,3C,SanDiego,0.8,0.35,1.64684,44.84472,59.15956,105.65112
330,3C,SanDiego,0.8,0.45,1.1401199999999998,52.63554,63.18164999999999,116.95731
331,3C,SanDiego,0.8,0.4,1.36181,48.80347,61.24978,111.41505999999998
332,3C,SanDiego,0.8,0.55,0.79175,60.14132999999999,66.76035999999999,127.69343999999998
333,3C,SanDiego,0.8,0.5,0.9501,56.46760999999999,65.05018,122.46788999999998
334,3C,SanDiego,0.8,0.6000000000000001,0.6650699999999999,63.72004,68.34385999999999,132.72897
335,3C,SanDiego,0.8,0.65,0.53839,67.90048,70.02237,138.46124
336,3C,SanDiego,0.8,0.7000000000000001,0.47505,71.32083999999999,71.35251,143.14839999999998
337,3C,SanDiego,0.8,0.75,0.4117099999999999,74.89954999999999,72.80932999999999,148.12059
338,3C,SanDiego,0.8,0.8500000000000001,0.2850299999999999,82.37367,76.13467999999999,158.79338
339,3C,SanDiego,0.8,0.8,0.3483699999999999,78.63660999999999,74.45617,153.44115
340,3C,SanDiego,0.8,0.95,0.22169,89.91113,79.4917,169.62452
341,3C,SanDiego,0.8,0.9,0.25336,86.1424,77.81318999999999,164.20895
342,3C,SanDiego,0.95,0.01,8.088389999999999,16.43673,42.15277,66.67788999999999
343,3C,SanDiego,0.95,0.15,4.26546,27.58457,50.10194,81.95197
344,3C,SanDiego,0.95,0.1,5.289739999999999,23.46747,47.25164,76.00885
345,3C,SanDiego,0.95,0.25,2.89281,35.91378,55.4225,94.22909
346,3C,SanDiego,0.95,0.2,3.49454,31.76501,52.85723,88.11678
347,3C,SanDiego,0.95,0.3,2.38609,40.03088,57.86109,100.27806
348,3C,SanDiego,0.95,0.35,1.99521,44.0213,60.14132999999999,106.15784
349,3C,SanDiego,0.95,0.45,1.42515,51.65377,64.19509,117.27401
350,3C,SanDiego,0.95,0.4,1.67851,47.91671,62.23154999999999,111.82677
351,3C,SanDiego,0.95,0.55,1.01344,58.87452999999999,67.67878999999999,127.56676
352,3C,SanDiego,0.95,0.5,1.20346,55.32748999999999,66.00027999999999,122.53122999999998
353,3C,SanDiego,0.95,0.6000000000000001,0.88676,62.26322,69.16727999999999,132.31725999999998
354,3C,SanDiego,0.95,0.65,0.72841,66.22197,70.71910999999999,137.66949
355,3C,SanDiego,0.95,0.7000000000000001,0.6334,69.3573,71.92257,141.91326999999998
356,3C,SanDiego,0.95,0.75,0.53839,72.68265,73.25271,146.47375
357,3C,SanDiego,0.95,0.8500000000000001,0.4117099999999999,79.74506,76.35637,156.51314
358,3C,SanDiego,0.95,0.8,0.47505,76.22968999999999,74.77287,151.47760999999997
359,3C,SanDiego,0.95,0.95,0.3167,86.83914,79.46002999999999,166.61586999999997
360,3C,SanDiego,0.95,0.9,0.3483699999999999,83.32377,77.9082,161.58033999999998
361,3C,SanDiego,0.9,0.01,7.771689999999999,16.72176,42.1211,66.61455
362,3C,SanDiego,0.9,0.15,4.10711,27.806259999999995,49.88025,81.79361999999999
363,3C,SanDiego,0.9,0.1,5.06805,23.68916,47.06162,75.81882999999999
364,3C,SanDiego,0.9,0.25,2.76613,36.1038,55.13747,94.0074
365,3C,SanDiego,0.9,0.2,3.33619,31.95503,52.5722,87.86341999999999
366,3C,SanDiego,0.9,0.3,2.29108,40.22089999999999,57.54439,100.05637
367,3C,SanDiego,0.9,0.35,1.9002,44.24299,59.79296,105.93615
368,3C,SanDiego,0.9,0.45,1.33014,51.90713,63.84672,117.08399
369,3C,SanDiego,0.9,0.4,1.5835,48.1384,61.88318,111.60508
370,3C,SanDiego,0.9,0.55,0.9501,59.2229,67.33042,127.50342
371,3C,SanDiego,0.9,0.5,1.10845,55.64419,65.65191,122.40455
372,3C,SanDiego,0.9,0.6000000000000001,0.8234199999999999,62.67493,68.88225,132.3806
373,3C,SanDiego,0.9,0.65,0.6650699999999999,66.69702,70.46575,137.82783999999998
374,3C,SanDiego,0.9,0.7000000000000001,0.5700599999999999,69.95903,71.70088,142.22996999999998
375,3C,SanDiego,0.9,0.75,0.50672,73.34772,73.09436,146.9488
376,3C,SanDiego,0.9,0.8500000000000001,0.38004,80.56848,76.26136,157.20988
377,3C,SanDiego,0.9,0.8,0.4117099999999999,76.9581,74.67786,152.04766999999998
378,3C,SanDiego,0.9,0.95,0.2850299999999999,87.82091,79.4917,167.59764
379,3C,SanDiego,0.9,0.9,0.3167,84.21052999999999,77.87652999999999,162.40375999999998
0,4A,NewYork,0.01,0.01,33.21331,31.76501,38.09900999999999,103.07733
1,4A,NewYork,0.01,0.15,26.52287,39.39748,43.67293,109.59327999999998
2,4A,NewYork,0.01,0.1,28.80162,36.57885,41.55103999999999,106.93151
3,4A,NewYork,0.01,0.25,22.63639,44.62303,47.21997,114.47939
4,4A,NewYork,0.01,0.2,24.52086,41.99442,45.41478,111.93006
5,4A,NewYork,0.01,0.3,20.87945,47.31498,49.02516,117.21959
6,4A,NewYork,0.01,0.35,19.22921,50.07027,50.83035,120.12983
7,4A,NewYork,0.01,0.45,16.2246,56.34092999999999,54.50407,127.0696
8,4A,NewYork,0.01,0.4,17.67398,53.11059,52.63554,123.42011
9,4A,NewYork,0.01,0.55,13.92927,62.76994,58.30447,135.00367999999995
10,4A,NewYork,0.01,0.5,14.986919999999998,59.50793,56.40426999999999,130.89911999999998
11,4A,NewYork,0.01,0.6000000000000001,12.97747,66.12696,60.20467,139.3091
12,4A,NewYork,0.01,0.65,12.07817,69.57898999999999,62.13654,143.7937
13,4A,NewYork,0.01,0.7000000000000001,11.31639,73.09436,64.06841,148.47915999999998
14,4A,NewYork,0.01,0.75,10.68214,76.67307,66.03195,153.38716
15,4A,NewYork,0.01,0.8500000000000001,9.51864,84.02051,70.02237,163.56152
16,4A,NewYork,0.01,0.8,10.02621,80.31512,68.02716,158.36849
17,4A,NewYork,0.01,0.95,8.59851,91.62131,74.07612999999999,174.29595
18,4A,NewYork,0.01,0.9,9.000229999999998,87.82091,72.04925,168.87039
19,4A,NewYork,0.05,0.01,35.862959999999994,31.13161,38.25736,105.25193
20,4A,NewYork,0.05,0.15,29.03245,38.63739999999999,43.86295,111.5328
21,4A,NewYork,0.05,0.1,31.39707,35.88211,41.70939,108.98857
22,4A,NewYork,0.05,0.25,24.98592,43.76794,47.37832,116.13218
23,4A,NewYork,0.05,0.2,26.96625,41.20267,45.6048,113.77372
24,4A,NewYork,0.05,0.3,23.16479,46.39655,49.18351,118.74485
25,4A,NewYork,0.05,0.35,21.41869,49.0885,50.9887,121.49589
26,4A,NewYork,0.05,0.45,18.17071,55.13747,54.63075,127.93893
27,4A,NewYork,0.05,0.4,19.74677,52.03381,52.793890000000005,124.57447
28,4A,NewYork,0.05,0.55,15.60034,61.34479,58.39948,135.34461
29,4A,NewYork,0.05,0.5,16.82718,58.20945999999999,56.53095,131.56759
30,4A,NewYork,0.05,0.6000000000000001,14.50018,64.57513,60.29968,139.37499
31,4A,NewYork,0.05,0.65,13.548379999999998,67.93215,62.23154999999999,143.71208
32,4A,NewYork,0.05,0.7000000000000001,12.68075,71.32083999999999,64.16342,148.16501
33,4A,NewYork,0.05,0.75,11.89814,74.80454,66.12696,152.82963999999998
34,4A,NewYork,0.05,0.8500000000000001,10.53378,81.93029,70.05404,162.51810999999998
35,4A,NewYork,0.05,0.8,11.21054,78.35157999999998,68.09049999999999,157.65261999999996
36,4A,NewYork,0.05,0.95,9.53947,89.34107,74.07612999999999,172.95666999999997
37,4A,NewYork,0.05,0.9,10.01537,85.60401,72.04925,167.66863
38,4A,NewYork,0.15,0.01,42.06496,29.86481,38.66907,110.59884
39,4A,NewYork,0.15,0.15,34.86929,37.11724,44.338,116.32453
40,4A,NewYork,0.15,0.1,37.33062,34.45696,42.15277,113.94035
41,4A,NewYork,0.15,0.25,30.543470000000003,42.02609,47.82169999999999,120.39126
42,4A,NewYork,0.15,0.2,32.695539999999994,39.55583,46.07985,118.33122
43,4A,NewYork,0.15,0.3,28.604799999999997,44.52802,49.62689,122.75970999999998
44,4A,NewYork,0.15,0.35,26.73032,47.06162,51.40041,125.19235
45,4A,NewYork,0.15,0.45,22.9939,52.73055,55.04245999999999,130.76691
46,4A,NewYork,0.15,0.4,24.82502,49.81691,53.2056,127.84753
47,4A,NewYork,0.15,0.55,19.91511,58.49448999999999,58.74785,137.15744999999998
48,4A,NewYork,0.15,0.5,21.39616,55.58085,56.87932,133.85633
49,4A,NewYork,0.15,0.6000000000000001,18.57158,61.50314,60.61638,140.6911
50,4A,NewYork,0.15,0.65,17.37641,64.60679999999999,62.48491,144.46812
51,4A,NewYork,0.15,0.7000000000000001,16.212909999999997,67.7738,64.38511,148.37182
52,4A,NewYork,0.15,0.75,15.17609,71.00414,66.31698,152.49721
53,4A,NewYork,0.15,0.8500000000000001,13.473349999999998,77.65484,70.21239,161.34058
54,4A,NewYork,0.15,0.8,14.25596,74.32948999999999,68.24885,156.83429999999998
55,4A,NewYork,0.15,0.95,12.04565,84.5589,74.13947,170.74401999999998
56,4A,NewYork,0.15,0.9,12.72241,81.10686999999999,72.14426,165.97354
57,4A,NewYork,0.1,0.01,39.075230000000005,30.466539999999995,38.47905,108.02082
58,4A,NewYork,0.1,0.15,32.00879,37.84564999999999,44.08464,113.93908
59,4A,NewYork,0.1,0.1,34.46927,35.122029999999995,41.93108,111.52238
60,4A,NewYork,0.1,0.25,27.843870000000003,42.84951,47.60001,118.29339
61,4A,NewYork,0.1,0.2,29.85672,40.34758,45.82649,116.03079
62,4A,NewYork,0.1,0.3,25.92688,45.41478,49.4052,120.74686
63,4A,NewYork,0.1,0.35,24.10575,47.98005,51.17872,123.26452
64,4A,NewYork,0.1,0.45,20.59272,53.839,54.82077,129.25249
65,4A,NewYork,0.1,0.4,22.29631,50.83035,52.98391,126.11057
66,4A,NewYork,0.1,0.55,17.76814,59.82463,58.55782999999999,136.1506
67,4A,NewYork,0.1,0.5,19.111670000000004,56.78431,56.68929999999999,132.58528
68,4A,NewYork,0.1,0.6000000000000001,16.487949999999998,62.92829,60.45803,139.87426999999997
69,4A,NewYork,0.1,0.65,15.40947,66.12696,62.35823,143.89466
70,4A,NewYork,0.1,0.7000000000000001,14.41516,69.42064,64.2901,148.1259
71,4A,NewYork,0.1,0.75,13.495029999999998,72.74598999999999,66.22197,152.46299
72,4A,NewYork,0.1,0.8500000000000001,11.98231,79.65005,70.11738,161.74973999999995
73,4A,NewYork,0.1,0.8,12.701579999999998,76.19801999999999,68.15383999999999,157.05343999999997
74,4A,NewYork,0.1,0.95,10.7238,86.77579999999999,74.07612999999999,171.57572999999996
75,4A,NewYork,0.1,0.9,11.30555,83.19708999999999,72.08092,166.58355999999998
76,4A,NewYork,0.25,0.01,47.5919,28.91471,39.08078,115.58739
77,4A,NewYork,0.25,0.15,40.08272,35.97712,44.84472,120.90456
78,4A,NewYork,0.25,0.1,42.69411,33.38018,42.62782,118.70211
79,4A,NewYork,0.25,0.25,35.70185,40.66428,48.29675,124.66288
80,4A,NewYork,0.25,0.2,37.8231,38.28903,46.5549,122.66702999999998
81,4A,NewYork,0.25,0.3,33.62396,43.03953,50.07027,126.73376
82,4A,NewYork,0.25,0.35,31.6211,45.47812,51.84379,128.94301000000002
83,4A,NewYork,0.25,0.45,27.6496,50.89369,55.454170000000005,133.99746
84,4A,NewYork,0.25,0.4,29.61909,48.1384,53.61731,131.3748
85,4A,NewYork,0.25,0.55,24.25241,56.3726,59.12789,139.7529
86,4A,NewYork,0.25,0.5,25.89266,53.585640000000005,57.25936,136.73766
87,4A,NewYork,0.25,0.6000000000000001,22.71801,59.19123,60.96475,142.87399
88,4A,NewYork,0.25,0.65,21.31114,62.10486999999999,62.83328,146.24928999999997
89,4A,NewYork,0.25,0.7000000000000001,19.99928,65.08185,64.70181,149.78294
90,4A,NewYork,0.25,0.75,18.7616,68.12217,66.57034,153.45411
91,4A,NewYork,0.25,0.8500000000000001,16.59295,74.39282999999999,70.37074,161.35652
92,4A,NewYork,0.25,0.8,17.66144,71.2575,68.47054,157.38948
93,4A,NewYork,0.25,0.95,14.85854,80.91685,74.23448,170.00987
94,4A,NewYork,0.25,0.9,15.67282,77.65484,72.30260999999999,165.63027
95,4A,NewYork,0.2,0.01,44.89719,29.35809,38.85909,113.11437
96,4A,NewYork,0.2,0.15,37.54975999999999,36.51551,44.59136,118.65663
97,4A,NewYork,0.2,0.1,40.07613,33.8869,42.37446,116.33749
98,4A,NewYork,0.2,0.25,33.21225,41.29767999999999,48.07505999999999,122.58499
99,4A,NewYork,0.2,0.2,35.32266,38.89075999999999,46.30154,120.51495999999996
100,4A,NewYork,0.2,0.3,31.16688,43.73627,49.84858,124.75173
101,4A,NewYork,0.2,0.35,29.23905,46.2382,51.6221,127.09935
102,4A,NewYork,0.2,0.45,25.33259,51.74878,55.23248,132.31385
103,4A,NewYork,0.2,0.4,27.26956,48.93015,53.42729,129.627
104,4A,NewYork,0.2,0.55,22.10459,57.35437,58.9062,138.36516
105,4A,NewYork,0.2,0.5,23.67066,54.50407,57.06934,135.24407
106,4A,NewYork,0.2,0.6000000000000001,20.66605,60.26801,60.77473,141.70879
107,4A,NewYork,0.2,0.65,19.32252,63.27666,62.64326,145.24244
108,4A,NewYork,0.2,0.7000000000000001,18.11651,66.31698,64.54346,148.97695
109,4A,NewYork,0.2,0.75,16.984679999999997,69.48398,66.44366,152.91232
110,4A,NewYork,0.2,0.8500000000000001,14.996059999999998,75.91299,70.27573,161.18478
111,4A,NewYork,0.2,0.8,15.9587,72.68265,68.34385999999999,156.98521
112,4A,NewYork,0.2,0.95,13.39917,82.62702999999999,74.17114,170.19734
113,4A,NewYork,0.2,0.9,14.181779999999998,79.27001,72.2076,165.65939
114,4A,NewYork,0.3,0.01,50.20159,28.47133,39.30247,117.97539
115,4A,NewYork,0.3,0.15,42.46732,35.53374,45.09808,123.09914
116,4A,NewYork,0.3,0.1,45.13291,32.9368,42.88117999999999,120.95089
117,4A,NewYork,0.3,0.25,37.9264,40.25257,48.64512,126.82408999999998
118,4A,NewYork,0.3,0.2,40.19601,37.87732,46.8716,124.94493
119,4A,NewYork,0.3,0.3,35.79516,42.65949,50.38697,128.84161999999998
120,4A,NewYork,0.3,0.35,33.73895,45.12975,52.19216,131.06086
121,4A,NewYork,0.3,0.45,29.90412,50.22861999999999,55.80254,135.93527999999998
122,4A,NewYork,0.3,0.4,31.76776,47.66335,53.99735,133.42845999999997
123,4A,NewYork,0.3,0.55,26.35772,55.454170000000005,59.31791,141.1298
124,4A,NewYork,0.3,0.5,28.10382,52.82556,57.6394,138.56878
125,4A,NewYork,0.3,0.6000000000000001,24.738299999999995,58.24113,61.15476999999999,144.1342
126,4A,NewYork,0.3,0.65,23.25725,61.05976,62.99163,147.30864
127,4A,NewYork,0.3,0.7000000000000001,21.87121,63.97339999999999,64.86016,150.70477
128,4A,NewYork,0.3,0.75,20.57019,66.91870999999999,66.72869,154.21758999999997
129,4A,NewYork,0.3,0.8500000000000001,18.27486,73.03102,70.49742,161.8033
130,4A,NewYork,0.3,0.8,19.39585,69.95903,68.59722,157.95209999999997
131,4A,NewYork,0.3,0.95,16.317909999999998,79.33335,74.26615,169.91741
132,4A,NewYork,0.3,0.9,17.238039999999998,76.19801999999999,72.39761999999999,165.83367999999996
133,4A,NewYork,0.35,0.01,52.69459,28.12296,39.49249,120.31004
134,4A,NewYork,0.35,0.15,44.84108,35.122029999999995,45.38311,125.34622
135,4A,NewYork,0.35,0.1,47.53918999999999,32.55676,43.13454,123.23048999999996
136,4A,NewYork,0.35,0.25,40.22513000000001,39.77752,48.89847999999999,128.90113000000002
137,4A,NewYork,0.35,0.2,42.42141,37.43394,47.12496,126.98031
138,4A,NewYork,0.35,0.3,38.07221,42.1211,50.64033,130.83364
139,4A,NewYork,0.35,0.35,36.02599,44.55969,52.44552,133.03119999999998
140,4A,NewYork,0.35,0.45,32.00029,49.53188,56.02423,137.5564
141,4A,NewYork,0.35,0.4,33.94895,47.02995,54.21904,135.19794
142,4A,NewYork,0.35,0.55,28.37886,54.69409,59.50793,142.58087999999998
143,4A,NewYork,0.35,0.5,30.22082,52.09714999999999,57.82942,140.14738999999997
144,4A,NewYork,0.35,0.6000000000000001,26.72777,57.38604,61.34479,145.4586
145,4A,NewYork,0.35,0.65,25.15086,60.14132999999999,63.18164999999999,148.47384
146,4A,NewYork,0.35,0.7000000000000001,23.70148,62.99163,65.01851,151.71161999999998
147,4A,NewYork,0.35,0.75,22.37878,65.8736,66.88704,155.13941999999997
148,4A,NewYork,0.35,0.8500000000000001,19.93509,71.82755999999999,70.6241,162.38675
149,4A,NewYork,0.35,0.8,21.10943,68.81891,68.75556999999999,158.68391
150,4A,NewYork,0.35,0.95,17.80895,77.93987,74.32948999999999,170.07831
151,4A,NewYork,0.35,0.9,18.80326,74.89954999999999,72.5243,166.22710999999998
152,4A,NewYork,0.45,0.01,57.32053,27.52123,39.93587,124.77763
153,4A,NewYork,0.45,0.15,49.18603,34.45696,45.95317,129.59616
154,4A,NewYork,0.45,0.1,51.94918,31.89169,43.64126,127.48212999999998
155,4A,NewYork,0.45,0.25,44.50504,38.92243,49.43686999999999,132.86434
156,4A,NewYork,0.45,0.2,46.82885,36.67386,47.66335,131.16606
157,4A,NewYork,0.45,0.3,42.3196,41.20267,51.14704999999999,134.66931999999997
158,4A,NewYork,0.45,0.35,40.20918999999999,43.54625,52.95224,136.70767999999998
159,4A,NewYork,0.45,0.45,36.16011,48.39176,56.49928,141.05115
160,4A,NewYork,0.45,0.4,38.16297,45.95317,54.72576,138.8419
161,4A,NewYork,0.45,0.55,32.357800000000005,53.33228,59.91964,145.60971999999998
162,4A,NewYork,0.45,0.5,34.23143,50.86202,58.27279999999999,143.36624999999998
163,4A,NewYork,0.45,0.6000000000000001,30.547510000000003,55.92922,61.72482999999999,148.20156
164,4A,NewYork,0.45,0.65,28.91725,58.5895,63.53001999999999,151.03677
165,4A,NewYork,0.45,0.7000000000000001,27.35118,61.28145,65.36688,153.99951
166,4A,NewYork,0.45,0.75,25.88012,64.06841,67.20374,157.15227
167,4A,NewYork,0.45,0.8500000000000001,23.21389,69.76901,70.90913,163.89203
168,4A,NewYork,0.45,0.8,24.49408,66.85537,69.07226999999999,160.42172
169,4A,NewYork,0.45,0.95,20.95023,75.50128,74.48783999999999,170.93935
170,4A,NewYork,0.45,0.9,21.98705,72.71432,72.77766,167.47903
171,4A,NewYork,0.4,0.01,55.09258,27.806259999999995,39.71417999999999,122.61301999999998
172,4A,NewYork,0.4,0.15,47.01313,34.77366,45.63647,127.42326
173,4A,NewYork,0.4,0.1,49.79711,32.20839,43.3879,125.3934
174,4A,NewYork,0.4,0.25,42.44968,39.33414,49.15183999999999,130.93565999999998
175,4A,NewYork,0.4,0.2,44.74182,37.02222999999999,47.40999,129.17404
176,4A,NewYork,0.4,0.3,40.28592,41.61438,50.89369,132.79398999999998
177,4A,NewYork,0.4,0.35,38.14384,44.0213,52.69888,134.86401999999998
178,4A,NewYork,0.4,0.45,34.12727999999999,48.93015,56.24592,139.30334999999997
179,4A,NewYork,0.4,0.4,36.09847,46.45989,54.47239999999999,137.03076
180,4A,NewYork,0.4,0.55,30.4,53.96567999999999,59.69795,144.06363
181,4A,NewYork,0.4,0.5,32.2528,51.46375,58.05111,141.76765999999998
182,4A,NewYork,0.4,0.6000000000000001,28.684719999999995,56.62595999999999,61.53480999999999,146.84548999999998
183,4A,NewYork,0.4,0.65,27.04447,59.31791,63.37167,149.73405
184,4A,NewYork,0.4,0.7000000000000001,25.54174,62.0732,65.20853,152.82347
185,4A,NewYork,0.4,0.75,24.1032,64.92349999999999,67.04539,156.07209
186,4A,NewYork,0.4,0.8500000000000001,21.57449,70.75077999999999,70.75077999999999,163.07604999999998
187,4A,NewYork,0.4,0.8,22.7805,67.80547,68.91392,159.49989
188,4A,NewYork,0.4,0.95,19.38501,76.67307,74.4245,170.48257999999998
189,4A,NewYork,0.4,0.9,20.44266,73.75943,72.65098,166.85307
190,4A,NewYork,0.55,0.01,61.67228000000001,27.01451,40.34758,129.03437
191,4A,NewYork,0.55,0.15,53.18176,33.91857,46.52323,133.62356
192,4A,NewYork,0.55,0.1,56.05331,31.38497,44.17965,131.61793
193,4A,NewYork,0.55,0.25,48.49907,38.25736,50.00693,136.76335999999998
194,4A,NewYork,0.55,0.2,50.73871,36.07213,48.23341,135.04425
195,4A,NewYork,0.55,0.3,46.20693,40.47426,51.71710999999999,138.39829999999998
196,4A,NewYork,0.55,0.35,44.07484,42.7545,53.45895999999999,140.2883
197,4A,NewYork,0.55,0.45,39.97156,47.47333,57.006,144.45089
198,4A,NewYork,0.55,0.4,41.97527,45.09808,55.23248,142.30583
199,4A,NewYork,0.55,0.55,36.07254,52.2555,60.39469,148.72272999999998
200,4A,NewYork,0.55,0.5,37.98953,49.84858,58.77951999999999,146.61763
201,4A,NewYork,0.55,0.6000000000000001,34.25055999999999,54.75742999999999,62.16821,151.17619999999997
202,4A,NewYork,0.55,0.65,32.50361,57.322700000000005,63.97339999999999,153.79971
203,4A,NewYork,0.55,0.7000000000000001,30.88419,59.91964,65.77859,156.58242
204,4A,NewYork,0.55,0.75,29.2331,62.57992,67.55210999999998,159.36512999999997
205,4A,NewYork,0.55,0.8500000000000001,26.42935,68.05882999999999,71.19416,165.68233999999998
206,4A,NewYork,0.55,0.8,27.81539,65.27186999999999,69.38897,162.47623
207,4A,NewYork,0.55,0.95,24.01733,73.47439999999999,74.64618999999999,172.13791999999998
208,4A,NewYork,0.55,0.9,25.11749,70.84579,73.03102,168.9943
209,4A,NewYork,0.5,0.01,59.50682,27.2362,40.12589,126.86891
210,4A,NewYork,0.5,0.15,51.2314,34.17193,46.2382,131.64153
211,4A,NewYork,0.5,0.1,54.03876,31.63833,43.89462,129.57171
212,4A,NewYork,0.5,0.25,46.5604,38.57406,49.7219,134.85636
213,4A,NewYork,0.5,0.2,48.82087,36.35716,47.94838,133.12641000000002
214,4A,NewYork,0.5,0.3,44.35328,40.82263,51.43207999999999,136.60798999999997
215,4A,NewYork,0.5,0.35,42.22119,43.13454,53.2056,138.56133
216,4A,NewYork,0.5,0.45,38.07625,47.88504,56.75264,142.71393
217,4A,NewYork,0.5,0.4,40.10079,45.50979,54.97912,140.5897
218,4A,NewYork,0.5,0.55,34.20975,52.76222,60.14132999999999,147.11329999999998
219,4A,NewYork,0.5,0.5,36.169250000000005,50.32363,58.52616,145.01904000000002
220,4A,NewYork,0.5,0.6000000000000001,32.44112,55.32748999999999,61.94651999999999,149.71513
221,4A,NewYork,0.5,0.65,30.73668,57.92443,63.75171,152.41281999999998
222,4A,NewYork,0.5,0.7000000000000001,29.09643,60.55304,65.5569,155.20637
223,4A,NewYork,0.5,0.75,27.5937,63.27666,67.39376,158.26412
224,4A,NewYork,0.5,0.8500000000000001,24.86413,68.85058,71.06748,164.78219
225,4A,NewYork,0.5,0.8,26.17599,66.03195,69.23061999999999,161.43856
226,4A,NewYork,0.5,0.95,22.46295,74.45617,74.55117999999999,171.47029999999998
227,4A,NewYork,0.5,0.9,23.59478,71.73254999999999,72.90433999999999,168.23166999999998
228,4A,NewYork,0.6000000000000001,0.01,63.74188,26.792820000000003,40.5376,131.07229999999998
229,4A,NewYork,0.6000000000000001,0.15,55.06878,33.72855,46.83993,135.63725999999997
230,4A,NewYork,0.6000000000000001,0.1,58.03619,31.19495,44.43301,133.66415
231,4A,NewYork,0.6000000000000001,0.25,50.3219,37.97233,50.29196,138.58619
232,4A,NewYork,0.6000000000000001,0.2,52.69991,35.85044,48.55011,137.10046
233,4A,NewYork,0.6000000000000001,0.3,48.04974,40.18923,52.00214,140.24111
234,4A,NewYork,0.6000000000000001,0.35,45.87514,42.4378,53.74399,142.05693
235,4A,NewYork,0.6000000000000001,0.45,41.79268999999999,47.06162,57.25936,146.11366999999998
236,4A,NewYork,0.6000000000000001,0.4,43.73306,44.74971,55.48584,143.96860999999998
237,4A,NewYork,0.6000000000000001,0.55,37.82948,51.81211999999999,60.64804999999999,150.28964999999997
238,4A,NewYork,0.6000000000000001,0.5,39.74732,49.43686999999999,59.03288,148.21707
239,4A,NewYork,0.6000000000000001,0.6000000000000001,36.00749999999999,54.25070999999999,62.42157,152.67978
240,4A,NewYork,0.6000000000000001,0.65,34.218039999999995,56.78431,64.19509,155.19743999999997
241,4A,NewYork,0.6000000000000001,0.7000000000000001,32.50276,59.31791,65.96860999999998,157.78928
242,4A,NewYork,0.6000000000000001,0.75,30.957519999999995,61.94651999999999,67.7738,160.67783999999995
243,4A,NewYork,0.6000000000000001,0.8500000000000001,28.02624,67.29875,71.38417999999999,166.70916999999997
244,4A,NewYork,0.6000000000000001,0.8,29.36977,64.57513,69.54732,163.49222
245,4A,NewYork,0.6000000000000001,0.95,25.51921,72.55597,74.70953,172.78471000000002
246,4A,NewYork,0.6000000000000001,0.9,26.68271,70.05404,73.18937,169.92612
247,4A,NewYork,0.65,0.01,65.61061999999998,26.6028,40.75928999999999,132.97270999999998
248,4A,NewYork,0.65,0.15,56.75409,33.63354,47.25164,137.63927
249,4A,NewYork,0.65,0.1,59.81821000000001,31.09994,44.81305,135.7312
250,4A,NewYork,0.65,0.25,51.85715,38.09900999999999,51.02036999999999,140.97652999999997
251,4A,NewYork,0.65,0.2,54.29935,35.85044,49.15183999999999,139.30163
252,4A,NewYork,0.65,0.3,49.48998,40.34758,52.85723,142.69479
253,4A,NewYork,0.65,0.35,47.28285999999999,42.65949,54.69409,144.63644
254,4A,NewYork,0.65,0.45,43.09371,47.34665,58.27279999999999,148.71316
255,4A,NewYork,0.65,0.4,45.08743,45.00307,56.46760999999999,146.55811
256,4A,NewYork,0.65,0.55,39.19469,51.97047,61.59815,152.76331
257,4A,NewYork,0.65,0.5,41.12252,49.65856,60.01465,150.79573
258,4A,NewYork,0.65,0.6000000000000001,37.35103,54.377390000000005,63.27666,155.00508
259,4A,NewYork,0.65,0.65,35.51906,56.91098999999999,65.01851,157.44856
260,4A,NewYork,0.65,0.7000000000000001,33.877959999999995,59.38125,66.69702,159.95623
261,4A,NewYork,0.65,0.75,32.290209999999995,61.88318,68.37553,162.54891999999998
262,4A,NewYork,0.65,0.8500000000000001,29.31642,67.1404,71.85923,168.31605
263,4A,NewYork,0.65,0.8,30.77664,64.48012,70.08570999999999,165.34247
264,4A,NewYork,0.65,0.95,26.77772,72.33427999999999,75.12123999999999,174.23323999999997
265,4A,NewYork,0.65,0.9,27.97289,69.80068,73.60108,171.37464999999997
266,4A,NewYork,0.7000000000000001,0.01,67.48935,26.41278,40.94931,134.85144
267,4A,NewYork,0.7000000000000001,0.15,58.40773,33.60187,47.69502,139.70461999999998
268,4A,NewYork,0.7000000000000001,0.1,61.440180000000005,31.0366,45.19309,137.66987
269,4A,NewYork,0.7000000000000001,0.25,53.26487,38.25736,51.81211999999999,143.33435
270,4A,NewYork,0.7000000000000001,0.2,55.84544,35.91378,49.81691,141.57613
271,4A,NewYork,0.7000000000000001,0.3,50.79185,40.60094,53.77566,145.16844999999998
272,4A,NewYork,0.7000000000000001,0.35,48.49971,42.97619,55.67585999999999,147.15176
273,4A,NewYork,0.7000000000000001,0.45,44.27889,47.66335,59.31791,151.26015
274,4A,NewYork,0.7000000000000001,0.4,46.29344,45.35144,57.54439,149.18927
275,4A,NewYork,0.7000000000000001,0.55,40.40069999999999,52.28717,62.61158999999999,155.29946
276,4A,NewYork,0.7000000000000001,0.5,42.3602,50.00693,61.09143,153.45856
277,4A,NewYork,0.7000000000000001,0.6000000000000001,38.631220000000006,54.59908,64.22676,157.45706
278,4A,NewYork,0.7000000000000001,0.65,36.68256,57.13267999999999,65.90526999999999,159.72051
279,4A,NewYork,0.7000000000000001,0.7000000000000001,35.11564,59.47626,67.42542999999999,162.01733000000002
280,4A,NewYork,0.7000000000000001,0.75,33.47454,61.88318,68.97726,164.33498
281,4A,NewYork,0.7000000000000001,0.8500000000000001,30.58577,67.01371999999999,72.30260999999999,169.90209999999996
282,4A,NewYork,0.7000000000000001,0.8,32.035149999999994,64.41678,70.65576999999999,167.1077
283,4A,NewYork,0.7000000000000001,0.95,27.99372,72.14426,75.53295,175.67093
284,4A,NewYork,0.7000000000000001,0.9,29.18889,69.61066,73.98111999999999,172.78067
285,4A,NewYork,0.75,0.01,69.2414,26.2861,41.171,136.6985
286,4A,NewYork,0.75,0.15,59.8705,33.5702,48.1384,141.57909999999998
287,4A,NewYork,0.75,0.1,63.13633,31.004929999999995,45.63647,139.77773
288,4A,NewYork,0.75,0.25,54.53507,38.47905,52.69888,145.713
289,4A,NewYork,0.75,0.2,57.11563999999999,36.04046,50.45031,143.60640999999998
290,4A,NewYork,0.75,0.3,52.02953,40.94931,54.7891,147.76793999999998
291,4A,NewYork,0.75,0.35,49.60986,43.3879,56.78431,149.78207
292,4A,NewYork,0.75,0.45,45.43155,48.1384,60.52137,154.09132
293,4A,NewYork,0.75,0.4,47.52028,45.79482,58.71618,152.03127999999998
294,4A,NewYork,0.75,0.55,41.50086,52.69888,63.75171,157.95145
295,4A,NewYork,0.75,0.5,43.46036,50.45031,62.23154999999999,156.14221999999998
296,4A,NewYork,0.75,0.6000000000000001,39.81555,54.91578,65.27186999999999,160.0032
297,4A,NewYork,0.75,0.65,37.82523,57.48104999999999,66.85537,162.16164999999998
298,4A,NewYork,0.75,0.7000000000000001,36.2683,59.66627999999999,68.21718,164.15175999999997
299,4A,NewYork,0.75,0.75,34.75473,61.97819,69.64232999999999,166.37525
300,4A,NewYork,0.75,0.8500000000000001,31.80177,66.91870999999999,72.77766,171.49813999999998
301,4A,NewYork,0.75,0.8,33.24116,64.41678,71.19416,168.8521
302,4A,NewYork,0.75,0.95,29.18889,71.92257,75.91299,177.02445
303,4A,NewYork,0.75,0.9,30.42657,69.42064,74.36116,174.20837
304,4A,NewYork,0.8500000000000001,0.01,72.61797,25.93773,41.51937,140.07506999999998
305,4A,NewYork,0.8500000000000001,0.15,63.26279999999999,33.253499999999995,48.70846,145.22476
306,4A,NewYork,0.8500000000000001,0.1,66.44615999999999,30.68823,46.11152,143.24590999999998
307,4A,NewYork,0.8500000000000001,0.25,57.64978000000001,38.28903,53.55397,149.49278
308,4A,NewYork,0.8500000000000001,0.2,60.30623,35.7871,51.17872,147.27205
309,4A,NewYork,0.8500000000000001,0.3,55.04838,40.82263,55.77087,151.64188
310,4A,NewYork,0.8500000000000001,0.35,52.64954,43.26122,57.86109,153.77184999999997
311,4A,NewYork,0.8500000000000001,0.45,48.24784,47.98005,61.59815,157.82604
312,4A,NewYork,0.8500000000000001,0.4,50.34741,45.63647,59.79296,155.77684
313,4A,NewYork,0.8500000000000001,0.55,44.38963,52.47719,64.86016,161.72697999999997
314,4A,NewYork,0.8500000000000001,0.5,46.26496,50.26029,63.30832999999999,159.83357999999998
315,4A,NewYork,0.8500000000000001,0.6000000000000001,42.58848,54.63075,66.28531,163.50454
316,4A,NewYork,0.8500000000000001,0.65,40.53396999999999,57.16435,67.80547,165.50378999999998
317,4A,NewYork,0.8500000000000001,0.7000000000000001,38.9137,59.2229,68.97726,167.11386
318,4A,NewYork,0.8500000000000001,0.75,37.44264,61.40813,70.30739999999999,169.15816999999998
319,4A,NewYork,0.8500000000000001,0.8500000000000001,34.41465,66.12696,73.25271,173.79431999999997
320,4A,NewYork,0.8500000000000001,0.8,35.89655,63.75171,71.76422,171.41248
321,4A,NewYork,0.8500000000000001,0.95,31.78009,70.90913,76.22968999999999,178.91890999999998
322,4A,NewYork,0.8500000000000001,0.9,33.04944,68.53388,74.7412,176.32452
323,4A,NewYork,0.8,0.01,71.00429,26.09608,41.32935,138.42972
324,4A,NewYork,0.8,0.15,61.63084,33.34851,48.36008999999999,143.33944
325,4A,NewYork,0.8,0.1,64.76998999999999,30.78324,45.82649,141.37972
326,4A,NewYork,0.8,0.25,56.10284,38.38404,53.14226,147.62914
327,4A,NewYork,0.8,0.2,58.83346999999999,35.85044,50.83035,145.51426
328,4A,NewYork,0.8,0.3,53.52312,40.88597,55.35916,149.76825
329,4A,NewYork,0.8,0.35,51.19846,43.35623,57.41770999999999,151.9724
330,4A,NewYork,0.8,0.45,46.85011,48.10673,61.18644,156.14328
331,4A,NewYork,0.8,0.4,48.93884,45.76315,59.38125,154.08324
332,4A,NewYork,0.8,0.55,42.98190999999999,52.66721,64.48012,160.12923999999998
333,4A,NewYork,0.8,0.5,44.80474,50.41864,62.89661999999999,158.11999999999998
334,4A,NewYork,0.8,0.6000000000000001,41.22327,54.85244,65.93693999999999,162.01264999999998
335,4A,NewYork,0.8,0.65,39.14793,57.44938,67.4571,164.05441
336,4A,NewYork,0.8,0.7000000000000001,37.53849999999999,59.57126999999999,68.69223,165.80199999999996
337,4A,NewYork,0.8,0.75,35.97158,61.81983999999999,70.05404,167.84546
338,4A,NewYork,0.8,0.8500000000000001,33.07111999999999,66.63368,73.09436,172.79915999999997
339,4A,NewYork,0.8,0.8,34.457159999999995,64.22676,71.54253,170.22645
340,4A,NewYork,0.8,0.95,30.42572,71.5742,76.13467999999999,178.13459999999998
341,4A,NewYork,0.8,0.9,31.72759,69.10394,74.61451999999998,175.44604999999996
342,4A,NewYork,0.95,0.01,75.82535,25.71604,41.89941,143.4408
343,4A,NewYork,0.95,0.15,66.16751,33.15849,49.43686999999999,148.76287
344,4A,NewYork,0.95,0.1,69.33174,30.56155,46.71325,146.60654
345,4A,NewYork,0.95,0.25,60.29773,38.22569,54.377390000000005,152.90080999999998
346,4A,NewYork,0.95,0.2,63.0934,35.72376,51.97047,150.78763
347,4A,NewYork,0.95,0.3,57.66466,40.72762,56.62595999999999,155.01824
348,4A,NewYork,0.95,0.35,55.28665,43.16621,58.74785,157.20071
349,4A,NewYork,0.95,0.45,50.94659,47.82169999999999,62.51657999999999,161.28486999999998
350,4A,NewYork,0.95,0.4,52.98367,45.54146,60.71139,159.23651999999998
351,4A,NewYork,0.95,0.55,47.02504,52.22382999999999,65.68357999999999,164.93244999999996
352,4A,NewYork,0.95,0.5,48.93289,50.07027,64.16342,163.16658
353,4A,NewYork,0.95,0.6000000000000001,45.24557,54.28238,67.04539,166.57333999999997
354,4A,NewYork,0.95,0.65,43.19105999999999,56.72097,68.47054,168.38257
355,4A,NewYork,0.95,0.7000000000000001,41.60246,58.68451,69.57898999999999,169.86595999999997
356,4A,NewYork,0.95,0.75,40.06721,60.71139,70.81411999999999,171.59272
357,4A,NewYork,0.95,0.8500000000000001,37.04921,65.20853,73.63275,175.89049
358,4A,NewYork,0.95,0.8,38.51028,62.95996,72.2076,173.67784
359,4A,NewYork,0.95,0.95,34.43463,69.76901,76.45138,180.65502
360,4A,NewYork,0.95,0.9,35.69399,67.52044,75.02623,178.24066
361,4A,NewYork,0.9,0.01,74.45504,25.81105,41.74106,142.00715
362,4A,NewYork,0.9,0.15,64.66223,33.22183,49.05683,146.94089
363,4A,NewYork,0.9,0.1,67.84559,30.62489,46.39655,144.86703
364,4A,NewYork,0.9,0.2,61.69482,35.72376,51.55876,148.97734
365,4A,NewYork,0.9,0.3,56.34026,40.75928999999999,56.18258,153.28213
366,4A,NewYork,0.9,0.35,54.02644,43.19788,58.30447,155.52879
367,4A,NewYork,0.9,0.45,49.62389,47.88504,62.04153,159.55046
368,4A,NewYork,0.9,0.4,51.71347,45.57313,60.23634,157.52294
369,4A,NewYork,0.9,0.55,45.6915,52.35051,65.27186999999999,163.31387999999998
370,4A,NewYork,0.9,0.5,47.59935,50.16528,63.72004,161.48467
371,4A,NewYork,0.9,0.6000000000000001,43.93371,54.44073,66.66535,165.03978999999998
372,4A,NewYork,0.9,0.65,41.92086,56.94266,68.12217,166.98568999999998
373,4A,NewYork,0.9,0.7000000000000001,40.25808,58.93787,69.26229,168.45824
374,4A,NewYork,0.9,0.75,38.76534,61.05976,70.56076,170.38585999999998
375,4A,NewYork,0.9,0.8500000000000001,35.76902,65.65191,73.44273,174.86365999999998
376,4A,NewYork,0.9,0.8,37.19842,63.34,71.98591,172.52433000000002
377,4A,NewYork,0.9,0.95,33.081109999999995,70.30739999999999,76.3247,179.71321
378,4A,NewYork,0.9,0.9,34.43548,67.99548999999999,74.89954999999999,177.33051999999998
0,4B,Albuquerque,0.01,0.01,16.850559999999998,35.50207,47.79003,100.14266
1,4B,Albuquerque,0.01,0.15,10.37118,46.58657,54.53573999999999,111.49349
2,4B,Albuquerque,0.01,0.1,12.22313,42.27945,51.97047,106.47305
3,4B,Albuquerque,0.01,0.25,7.94003,55.20081,58.93787,122.07871
4,4B,Albuquerque,0.01,0.2,8.96516,50.76701,56.72097,116.45314
5,4B,Albuquerque,0.01,0.3,7.189939999999999,59.85629999999999,61.15476999999999,128.20100999999997
6,4B,Albuquerque,0.01,0.35,6.62987,64.70181,63.43501,134.76668999999998
7,4B,Albuquerque,0.01,0.45,5.85895,75.56461999999999,68.18551,149.60907999999998
8,4B,Albuquerque,0.01,0.4,6.186489999999999,69.9907,65.74692,141.92410999999998
9,4B,Albuquerque,0.01,0.55,5.542249999999999,86.42742999999999,73.06269,165.03237
10,4B,Albuquerque,0.01,0.5,5.66893,80.94851999999999,70.59243,157.20988
11,4B,Albuquerque,0.01,0.6000000000000001,5.41557,91.96968,75.56461999999999,172.94986999999998
12,4B,Albuquerque,0.01,0.65,5.35223,97.57527,78.09822,181.02572
13,4B,Albuquerque,0.01,0.7000000000000001,5.288889999999999,103.21253,80.66349,189.16491
14,4B,Albuquerque,0.01,0.75,5.225549999999999,108.9448,83.26043,197.43078
15,4B,Albuquerque,0.01,0.8500000000000001,5.162209999999999,120.40934,88.58098999999999,214.15254
16,4B,Albuquerque,0.01,0.8,5.193879999999999,114.6454,85.92070999999999,205.75999
17,4B,Albuquerque,0.01,0.95,5.09887,131.93721999999997,94.02823,231.06431999999995
18,4B,Albuquerque,0.01,0.9,5.13054,126.17328,91.30460999999998,222.60843
19,4B,Albuquerque,0.05,0.01,19.00008,34.64698,47.98005,101.62711
20,4B,Albuquerque,0.05,0.15,11.9364,45.35144,54.75742999999999,112.04527
21,4B,Albuquerque,0.05,0.1,14.09591,41.20267,52.16049,107.45907
22,4B,Albuquerque,0.05,0.25,9.01766,53.55397,59.12789,121.69952
23,4B,Albuquerque,0.05,0.2,10.297,49.34186,56.94266,116.58151999999998
24,4B,Albuquerque,0.05,0.3,8.066709999999999,58.01944,61.34479,127.43094
25,4B,Albuquerque,0.05,0.35,7.348289999999999,62.67493,63.59335999999999,133.61658
26,4B,Albuquerque,0.05,0.45,6.281499999999999,73.22104,68.31219,147.81473
27,4B,Albuquerque,0.05,0.4,6.73572,67.7738,65.90526999999999,140.41478999999998
28,4B,Albuquerque,0.05,0.55,5.76394,83.83049,73.1577,162.75213000000002
29,4B,Albuquerque,0.05,0.5,5.99647,78.47826,70.71910999999999,155.19384
30,4B,Albuquerque,0.05,0.6000000000000001,5.605589999999999,89.27773,75.62795999999999,170.51128
31,4B,Albuquerque,0.05,0.65,5.51058,94.75664,78.12989,178.39711
32,4B,Albuquerque,0.05,0.7000000000000001,5.41557,100.33056,80.69516,186.44129
33,4B,Albuquerque,0.05,0.75,5.32056,105.90448,83.26043,194.48547
34,4B,Albuquerque,0.05,0.8500000000000001,5.225549999999999,117.21067,88.51764999999999,210.95387
35,4B,Albuquerque,0.05,0.8,5.257219999999999,111.57340999999998,85.88904,202.71967
36,4B,Albuquerque,0.05,0.95,5.162209999999999,128.70687999999998,93.90155,227.77064
37,4B,Albuquerque,0.05,0.9,5.193879999999999,122.97460999999998,91.2096,219.37809
38,4B,Albuquerque,0.15,0.01,23.92593,33.000139999999995,48.42343,105.3495
39,4B,Albuquerque,0.15,0.15,16.04202,42.94452,55.29582,114.28236
40,4B,Albuquerque,0.15,0.1,18.58412,39.11245,52.63554,110.33211
41,4B,Albuquerque,0.15,0.25,12.12557,50.41864,59.63460999999999,122.17881999999996
42,4B,Albuquerque,0.15,0.2,13.892499999999998,46.58657,57.44938,117.92845
43,4B,Albuquerque,0.15,0.3,10.708709999999998,54.44073,61.81983999999999,126.96928
44,4B,Albuquerque,0.15,0.35,9.54606,58.71618,64.03674,132.29897999999997
45,4B,Albuquerque,0.15,0.45,7.80251,68.43887,68.69223,144.93361
46,4B,Albuquerque,0.15,0.4,8.595109999999998,63.40333999999999,66.34864999999999,138.34709999999998
47,4B,Albuquerque,0.15,0.55,6.73572,78.41492,73.44273,158.59337
48,4B,Albuquerque,0.15,0.5,7.189939999999999,73.37939,71.03581,151.60514
49,4B,Albuquerque,0.15,0.6000000000000001,6.376509999999999,83.57713,75.84965,165.80329
50,4B,Albuquerque,0.15,0.65,6.123149999999999,88.83435,78.31991,173.27740999999995
51,4B,Albuquerque,0.15,0.7000000000000001,5.93313,94.15491,80.82184,180.90988
52,4B,Albuquerque,0.15,0.75,5.77478,99.53881,83.32377,188.63736
53,4B,Albuquerque,0.15,0.8500000000000001,5.51058,110.43329,88.45430999999999,204.39818
54,4B,Albuquerque,0.15,0.8,5.63726,104.95438,85.88904,196.48068
55,4B,Albuquerque,0.15,0.95,5.35223,121.48612,93.71153,220.54988
56,4B,Albuquerque,0.15,0.9,5.44724,115.97553999999998,91.08292,212.5057
57,4B,Albuquerque,0.1,0.01,21.53134,33.76022,48.20174,103.4933
58,4B,Albuquerque,0.1,0.15,13.935859999999998,44.0213,55.01079,112.96795
59,4B,Albuquerque,0.1,0.1,16.45628,40.06255,52.41385,108.93268
60,4B,Albuquerque,0.1,0.25,10.51869,51.84379,59.38125,121.74373
61,4B,Albuquerque,0.1,0.2,12.08391,47.82169999999999,57.19601999999999,117.10163
62,4B,Albuquerque,0.1,0.3,9.31353,56.08757,61.59815,126.99925
63,4B,Albuquerque,0.1,0.35,8.39425,60.52137,63.81504999999999,132.73066999999998
64,4B,Albuquerque,0.1,0.45,6.957409999999999,70.65576999999999,68.50220999999999,146.11539
65,4B,Albuquerque,0.1,0.4,7.61249,65.39854999999999,66.12696,139.13799999999998
66,4B,Albuquerque,0.1,0.55,6.186489999999999,80.94851999999999,73.28438,160.41939
67,4B,Albuquerque,0.1,0.5,6.514029999999999,75.72296999999999,70.87746,153.11446
68,4B,Albuquerque,0.1,0.6000000000000001,5.964799999999999,86.23741,75.72296999999999,167.92517999999998
69,4B,Albuquerque,0.1,0.65,5.76394,91.62131,78.22489999999999,175.61014999999998
70,4B,Albuquerque,0.1,0.7000000000000001,5.63726,97.03688,80.72682999999999,183.40097
71,4B,Albuquerque,0.1,0.75,5.51058,102.54746,83.29209999999999,191.35014
72,4B,Albuquerque,0.1,0.8500000000000001,5.35223,113.6953,88.48598,207.53351
73,4B,Albuquerque,0.1,0.8,5.41557,108.05804,85.85736999999999,199.33098
74,4B,Albuquerque,0.1,0.95,5.225549999999999,124.93815,93.80654,223.97024
75,4B,Albuquerque,0.1,0.9,5.288889999999999,119.30089,91.11459,215.70437
76,4B,Albuquerque,0.25,0.01,28.420939999999995,31.796679999999995,48.86681,109.08442999999998
77,4B,Albuquerque,0.25,0.15,19.78928,41.23434,55.83420999999999,116.85782999999998
78,4B,Albuquerque,0.25,0.1,22.58729,37.62396,53.14226,113.35351
79,4B,Albuquerque,0.25,0.25,15.446879999999998,48.17007,60.10966,123.72661
80,4B,Albuquerque,0.25,0.2,17.52222,44.59136,57.9561,120.06968
81,4B,Albuquerque,0.25,0.3,13.66911,51.90713,62.29489,127.87113
82,4B,Albuquerque,0.25,0.35,12.167229999999998,55.83420999999999,64.51179,132.51323
83,4B,Albuquerque,0.25,0.45,9.67274,64.89182999999998,69.13560999999999,143.70018
84,4B,Albuquerque,0.25,0.4,10.803719999999998,60.173,66.79203,137.76875
85,4B,Albuquerque,0.25,0.55,8.161719999999999,74.29782,73.7911,156.25064
86,4B,Albuquerque,0.25,0.5,8.848469999999999,69.51565,71.44752,149.81163999999998
87,4B,Albuquerque,0.25,0.6000000000000001,7.61249,79.175,76.16635,162.95384
88,4B,Albuquerque,0.25,0.65,7.15827,84.17885999999999,78.57327,169.91039999999998
89,4B,Albuquerque,0.25,0.7000000000000001,6.767389999999999,89.24606,81.01185999999998,177.02531
90,4B,Albuquerque,0.25,0.75,6.48236,94.43994,83.48212,184.40442
91,4B,Albuquerque,0.25,0.8500000000000001,6.02814,104.92271,88.51764999999999,199.4685
92,4B,Albuquerque,0.25,0.8,6.218159999999999,99.66549,85.98405,191.8677
93,4B,Albuquerque,0.25,0.95,5.74311,115.5955,93.61652,214.95513
94,4B,Albuquerque,0.25,0.9,5.86979,110.24327,91.05125,207.16431
95,4B,Albuquerque,0.2,0.01,26.21552,32.33507,48.64512,107.19571
96,4B,Albuquerque,0.2,0.15,17.94732,42.02609,55.54917999999999,115.52259
97,4B,Albuquerque,0.2,0.1,20.62779,38.3207,52.88889999999999,111.83738999999998
98,4B,Albuquerque,0.2,0.25,13.79664,49.18351,59.85629999999999,122.83645
99,4B,Albuquerque,0.2,0.2,15.70194,45.50979,57.70273999999999,118.91447
100,4B,Albuquerque,0.2,0.3,12.1464,53.07892,62.0732,127.29852
101,4B,Albuquerque,0.2,0.35,10.83539,57.16435,64.2901,132.28984
102,4B,Albuquerque,0.2,0.45,8.69012,66.53867,68.91392,144.14271000000002
103,4B,Albuquerque,0.2,0.4,9.64107,61.66148999999999,66.57034,137.87290000000002
104,4B,Albuquerque,0.2,0.55,7.41163,76.22968999999999,73.60108,157.24239999999998
105,4B,Albuquerque,0.2,0.5,8.003369999999999,71.32083999999999,71.22582999999999,150.55003999999997
106,4B,Albuquerque,0.2,0.6000000000000001,6.957409999999999,81.26522,76.008,164.23063
107,4B,Albuquerque,0.2,0.65,6.577369999999999,86.36408999999999,78.44659,171.38805
108,4B,Albuquerque,0.2,0.7000000000000001,6.281499999999999,91.55797,80.88517999999999,178.72465
109,4B,Albuquerque,0.2,0.75,6.09148,96.84686,83.38710999999999,186.32545
110,4B,Albuquerque,0.2,0.8500000000000001,5.74311,107.55132,88.48598,201.78041
111,4B,Albuquerque,0.2,0.8,5.90146,102.16742,85.92070999999999,193.98959
112,4B,Albuquerque,0.2,0.95,5.542249999999999,118.4458,93.67986,217.66791
113,4B,Albuquerque,0.2,0.9,5.63726,112.96689,91.05125,209.6554
114,4B,Albuquerque,0.3,0.01,30.56302,31.28996,49.12017,110.97315
115,4B,Albuquerque,0.3,0.15,21.47289,40.63261,56.11923999999999,118.22473999999998
116,4B,Albuquerque,0.3,0.1,24.42011,37.0539,53.42729,114.9013
117,4B,Albuquerque,0.3,0.25,16.981279999999998,47.505,60.4897,124.97598
118,4B,Albuquerque,0.3,0.2,19.08914,43.95796,58.27279999999999,121.3199
119,4B,Albuquerque,0.3,0.3,15.001799999999998,51.21039,62.67493,128.88712
120,4B,Albuquerque,0.3,0.35,13.35156,55.1058,64.89182999999998,133.34918999999996
121,4B,Albuquerque,0.3,0.45,10.792879999999998,63.49835,69.42064,143.71187
122,4B,Albuquerque,0.3,0.4,11.9347,59.2229,67.1404,138.298
123,4B,Albuquerque,0.3,0.55,8.98599,72.58764000000001,73.98111999999999,155.55475
124,4B,Albuquerque,0.3,0.5,9.831089999999998,67.96382,71.70088,149.49579
125,4B,Albuquerque,0.3,0.6000000000000001,8.29924,77.33814,76.3247,161.96208
126,4B,Albuquerque,0.3,0.65,7.770839999999999,82.21531999999999,78.73161999999999,168.71777999999998
127,4B,Albuquerque,0.3,0.7000000000000001,7.316619999999999,87.18751,81.13853999999999,175.64267
128,4B,Albuquerque,0.3,0.75,6.93658,92.25471,83.57713,182.76842
129,4B,Albuquerque,0.3,0.8500000000000001,6.387349999999999,102.54746,88.58098999999999,197.5158
130,4B,Albuquerque,0.3,0.8,6.64071,97.35358,86.07906,190.07335
131,4B,Albuquerque,0.3,0.95,5.99647,112.99856,93.58485,212.57988
132,4B,Albuquerque,0.3,0.9,6.154819999999999,107.77301,91.08292,205.01075
133,4B,Albuquerque,0.35,0.01,32.57842,30.84658,49.34186,112.76686
134,4B,Albuquerque,0.35,0.15,23.20985,40.06255,56.40426999999999,119.67667
135,4B,Albuquerque,0.35,0.1,26.24294,36.54718,53.68064999999999,116.47077
136,4B,Albuquerque,0.35,0.25,18.42067,46.74491999999999,60.74305999999999,125.90865
137,4B,Albuquerque,0.35,0.2,20.7194,43.29289,58.55782999999999,122.57012
138,4B,Albuquerque,0.35,0.3,16.451179999999997,50.32363,62.92829,129.7031
139,4B,Albuquerque,0.35,0.35,14.70508,54.12403,65.14519,133.9743
140,4B,Albuquerque,0.35,0.45,11.892189999999998,62.23154999999999,69.64232999999999,143.76606999999996
141,4B,Albuquerque,0.35,0.4,13.17153,58.08278,67.39376,138.64807000000002
142,4B,Albuquerque,0.35,0.55,9.831089999999998,71.06748,74.17114,155.06971
143,4B,Albuquerque,0.35,0.5,10.792879999999998,66.57034,71.92257,149.28579
144,4B,Albuquerque,0.35,0.6000000000000001,9.081,75.72296999999999,76.51472,161.31869
145,4B,Albuquerque,0.35,0.65,8.42592,80.47346999999999,78.88996999999999,167.78936
146,4B,Albuquerque,0.35,0.7000000000000001,7.908359999999999,85.35064999999999,81.26522,174.52423
147,4B,Albuquerque,0.35,0.75,7.454139999999999,90.29117,83.70380999999999,181.44912
148,4B,Albuquerque,0.35,0.8500000000000001,6.767389999999999,100.3939,88.64433,195.80562
149,4B,Albuquerque,0.35,0.8,7.09493,95.29503,86.17407,188.56403
150,4B,Albuquerque,0.35,0.95,6.292339999999999,110.62331,93.58485,210.5005
151,4B,Albuquerque,0.35,0.9,6.514029999999999,105.55611,91.14626,203.2164
152,4B,Albuquerque,0.45,0.01,36.33333,30.14984,49.81691,116.30008
153,4B,Albuquerque,0.45,0.15,26.39874,39.14412,57.006,122.54886
154,4B,Albuquerque,0.45,0.1,29.592730000000003,35.75543,54.21904,119.5672
155,4B,Albuquerque,0.45,0.25,21.39531,45.50979,61.31312,128.21822
156,4B,Albuquerque,0.45,0.2,23.81158,42.21611,59.12789,125.15558
157,4B,Albuquerque,0.45,0.3,19.31912,48.86681,63.46668,131.65260999999998
158,4B,Albuquerque,0.45,0.35,17.42381,52.47719,65.65191,135.55291
159,4B,Albuquerque,0.45,0.45,14.13332,60.173,70.11738,144.4237
160,4B,Albuquerque,0.45,0.4,15.61437,56.24592,67.86881,139.7291
161,4B,Albuquerque,0.45,0.55,11.65966,68.53388,74.61451999999998,154.80805999999998
162,4B,Albuquerque,0.45,0.5,12.85398,64.25842999999999,72.39761999999999,149.51002999999997
163,4B,Albuquerque,0.45,0.6000000000000001,10.697869999999998,72.96767999999999,76.92643,160.59197999999998
164,4B,Albuquerque,0.45,0.65,9.9261,77.52816,79.23834,166.6926
165,4B,Albuquerque,0.45,0.7000000000000001,9.23935,82.18364999999999,81.61358999999999,173.03659
166,4B,Albuquerque,0.45,0.75,8.61594,86.93414999999999,83.98884,179.53893
167,4B,Albuquerque,0.45,0.8500000000000001,7.718339999999999,96.65684,88.83435,193.20953
168,4B,Albuquerque,0.45,0.8,8.130049999999999,91.74799,86.39576,186.2738
169,4B,Albuquerque,0.45,0.95,7.06326,106.37953,93.55318,206.99597
170,4B,Albuquerque,0.45,0.9,7.359129999999999,101.62903,91.27294,200.2611
171,4B,Albuquerque,0.4,0.01,34.477129999999995,30.49821,49.59522,114.57056
172,4B,Albuquerque,0.4,0.15,24.8518,39.55583,56.68929999999999,121.09693
173,4B,Albuquerque,0.4,0.1,27.970759999999995,36.1038,53.93401,118.00857
174,4B,Albuquerque,0.4,0.25,19.93424,46.07985,61.02808999999999,127.04218
175,4B,Albuquerque,0.4,0.2,22.29716,42.72283,58.84286,123.86284999999998
176,4B,Albuquerque,0.4,0.3,17.95391,49.56355,63.18164999999999,130.69911
177,4B,Albuquerque,0.4,0.35,16.0061,53.23727,65.39854999999999,134.64191999999997
178,4B,Albuquerque,0.4,0.45,12.991499999999998,61.15476999999999,69.89569,144.04196
179,4B,Albuquerque,0.4,0.4,14.387529999999998,57.10101,67.64712,139.13566
180,4B,Albuquerque,0.4,0.55,10.729539999999998,69.73733999999999,74.39282999999999,154.85970999999998
181,4B,Albuquerque,0.4,0.5,11.82885,65.33520999999999,72.14426,149.30831999999998
182,4B,Albuquerque,0.4,0.6000000000000001,9.894429999999998,74.26615,76.70473999999999,160.86532
183,4B,Albuquerque,0.4,0.65,9.17601,78.92164,79.04832,167.14597
184,4B,Albuquerque,0.4,0.7000000000000001,8.5526,83.67214,81.42357,173.64830999999998
185,4B,Albuquerque,0.4,0.75,8.03504,88.51764999999999,83.83049,180.38318
186,4B,Albuquerque,0.4,0.8500000000000001,7.221609999999999,98.46203,88.73934,194.42298
187,4B,Albuquerque,0.4,0.8,7.580819999999999,93.45817,86.26907999999999,187.30807
188,4B,Albuquerque,0.4,0.95,6.64071,108.40640999999998,93.55318,208.6003
189,4B,Albuquerque,0.4,0.9,6.93658,103.49756,91.2096,201.64374
190,4B,Albuquerque,0.55,0.01,39.74901,29.57978,50.29196,119.62075
191,4B,Albuquerque,0.55,0.15,29.33427,38.47905,57.60773,125.42105
192,4B,Albuquerque,0.55,0.1,32.73082,35.122029999999995,54.75742999999999,122.61028
193,4B,Albuquerque,0.55,0.25,24.1591,44.55969,61.88318,130.60197
194,4B,Albuquerque,0.55,0.2,26.61873,41.42436,59.72962,127.77271
195,4B,Albuquerque,0.55,0.3,21.87036,47.79003,64.03674,133.69713
196,4B,Albuquerque,0.55,0.35,19.90002,51.21039,66.1903,137.30070999999998
197,4B,Albuquerque,0.55,0.45,16.343629999999997,58.55782999999999,70.6241,145.52555999999998
198,4B,Albuquerque,0.55,0.4,17.983880000000003,54.82077,68.4072,141.21185
199,4B,Albuquerque,0.55,0.55,13.551570000000002,66.53867,75.05789999999999,155.14813999999998
200,4B,Albuquerque,0.55,0.5,14.90509,62.45324,72.87267,150.231
201,4B,Albuquerque,0.55,0.6000000000000001,12.452259999999995,70.78245,77.33814,160.57285
202,4B,Albuquerque,0.55,0.65,11.447959999999998,75.12123999999999,79.65005,166.21925
203,4B,Albuquerque,0.55,0.7000000000000001,10.655359999999998,79.58671,81.96195999999999,172.20403
204,4B,Albuquerque,0.55,0.75,9.9261,84.14719,84.30554,178.37883
205,4B,Albuquerque,0.55,0.8500000000000001,8.785129999999999,93.55318,89.05604,191.39435
206,4B,Albuquerque,0.55,0.8,9.30269,88.80268,86.68079,184.78616
207,4B,Albuquerque,0.55,0.95,7.94003,102.76915,93.58485,204.29403
208,4B,Albuquerque,0.55,0.9,8.29924,98.33535,91.46296,198.09755
209,4B,Albuquerque,0.5,0.01,38.08368,29.86481,50.0386,117.98709
210,4B,Albuquerque,0.5,0.15,27.88234,38.79575,57.29103,123.96912
211,4B,Albuquerque,0.5,0.1,31.2147,35.407059999999994,54.50407,121.12583
212,4B,Albuquerque,0.5,0.25,22.79304,45.00307,61.59815,129.39426
213,4B,Albuquerque,0.5,0.2,25.23099,41.8044,59.44459,126.47997999999998
214,4B,Albuquerque,0.5,0.3,20.58932,48.29675,63.75171,132.63778
215,4B,Albuquerque,0.5,0.35,18.64066,51.81211999999999,65.93693999999999,136.38971999999998
216,4B,Albuquerque,0.5,0.45,15.25431,59.31791,70.37074,144.94296
217,4B,Albuquerque,0.5,0.4,16.80954,55.48584,68.15383999999999,140.44921999999997
218,4B,Albuquerque,0.5,0.55,12.589779999999998,67.48876999999999,74.83621,154.91475999999997
219,4B,Albuquerque,0.5,0.5,13.85828,63.30832999999999,72.61931,149.78591999999998
220,4B,Albuquerque,0.5,0.6000000000000001,11.55381,71.82755999999999,77.11645,160.49782
221,4B,Albuquerque,0.5,0.65,10.697869999999998,76.26136,79.42835999999998,166.38759
222,4B,Albuquerque,0.5,0.7000000000000001,9.9261,80.82184,81.77194,172.51988
223,4B,Albuquerque,0.5,0.75,9.271019999999998,85.47733,84.14719,178.89553999999998
224,4B,Albuquerque,0.5,0.8500000000000001,8.235899999999999,95.04167,88.92935999999999,192.20693
225,4B,Albuquerque,0.5,0.8,8.710949999999999,90.22782999999998,86.52243999999999,185.46122
226,4B,Albuquerque,0.5,0.95,7.48581,104.47933,93.55318,205.51832
227,4B,Albuquerque,0.5,0.9,7.81335,99.91885,91.36795,199.10015
228,4B,Albuquerque,0.6000000000000001,0.01,41.38267,29.32642,50.54532,121.25441
229,4B,Albuquerque,0.6000000000000001,0.15,30.71202,38.22569,57.92443,126.86213999999998
230,4B,Albuquerque,0.6000000000000001,0.1,34.17276,34.90034,55.04245999999999,124.11556
231,4B,Albuquerque,0.6000000000000001,0.25,25.43015,44.17965,62.19988,131.80968
232,4B,Albuquerque,0.6000000000000001,0.2,27.9748,41.10766,60.04632,129.12878
233,4B,Albuquerque,0.6000000000000001,0.3,23.10889,47.37832,64.32176999999999,134.80898
234,4B,Albuquerque,0.6000000000000001,0.35,21.0327,50.73534,66.50699999999999,138.27504
235,4B,Albuquerque,0.6000000000000001,0.45,17.40128,57.89276,70.90913,146.20317
236,4B,Albuquerque,0.6000000000000001,0.4,19.09488,54.25070999999999,68.69223,142.03781999999998
237,4B,Albuquerque,0.6000000000000001,0.55,14.46086,65.71525,75.31126,155.48737
238,4B,Albuquerque,0.6000000000000001,0.5,15.888559999999998,61.72482999999999,73.12603,150.73942
239,4B,Albuquerque,0.6000000000000001,0.6000000000000001,13.28737,69.86402,77.5915,160.74289
240,4B,Albuquerque,0.6000000000000001,0.65,12.28307,74.1078,79.87173999999999,166.26261
241,4B,Albuquerque,0.6000000000000001,0.7000000000000001,11.352949999999998,78.50993,82.15198,172.01486
242,4B,Albuquerque,0.6000000000000001,0.75,10.592019999999998,82.9754,84.49556,178.06297999999998
243,4B,Albuquerque,0.6000000000000001,0.8500000000000001,9.334359999999998,92.19137,89.18271999999999,190.70845
244,4B,Albuquerque,0.6000000000000001,0.8,9.9261,87.53587999999999,86.83914,184.30112
245,4B,Albuquerque,0.6000000000000001,0.95,8.42592,101.15398,93.58485,203.16475000000003
246,4B,Albuquerque,0.6000000000000001,0.9,8.816799999999999,96.9102,91.58964,197.31664
247,4B,Albuquerque,0.65,0.01,42.85713,29.136399999999995,50.76701,122.76054
248,4B,Albuquerque,0.65,0.15,31.8989,38.13068,58.39948,128.42906
249,4B,Albuquerque,0.65,0.1,35.455499999999994,34.77366,55.454170000000005,125.68333
250,4B,Albuquerque,0.65,0.25,26.3828,44.338,62.99163,133.71242999999998
251,4B,Albuquerque,0.65,0.2,29.02331,41.171,60.71139,130.9057
252,4B,Albuquerque,0.65,0.3,24.06154,47.66335,65.27186999999999,136.99676
253,4B,Albuquerque,0.65,0.35,21.82615,51.08371,67.52044,140.4303
254,4B,Albuquerque,0.65,0.45,18.15222,58.30447,71.98591,148.4426
255,4B,Albuquerque,0.65,0.4,19.92,54.63075,69.76901,144.31975999999997
256,4B,Albuquerque,0.65,0.55,15.200959999999998,65.93693999999999,76.3247,157.4626
257,4B,Albuquerque,0.65,0.5,16.639499999999998,62.0732,74.20281,152.91550999999998
258,4B,Albuquerque,0.65,0.6000000000000001,14.01663,69.92736,78.50993,162.45391999999998
259,4B,Albuquerque,0.65,0.65,12.87481,74.26615,80.79017,167.93113
260,4B,Albuquerque,0.65,0.7000000000000001,11.97636,78.44659,82.91206,173.33501
261,4B,Albuquerque,0.65,0.75,11.15209,82.75371,85.12895999999999,179.03476
262,4B,Albuquerque,0.65,0.8500000000000001,9.79942,91.74799,89.68943999999999,191.23685
263,4B,Albuquerque,0.65,0.8,10.42283,87.21918,87.4092,185.05121
264,4B,Albuquerque,0.65,0.95,8.816799999999999,100.64726,94.02823,203.49229
265,4B,Albuquerque,0.65,0.9,9.271019999999998,96.34014,91.96968,197.58084
266,4B,Albuquerque,0.7000000000000001,0.01,44.34243,28.94638,51.02036999999999,124.30918
267,4B,Albuquerque,0.7000000000000001,0.15,33.04326999999999,38.09900999999999,58.87452999999999,130.01680999999996
268,4B,Albuquerque,0.7000000000000001,0.1,36.62155,34.74199,55.89755,127.26109
269,4B,Albuquerque,0.7000000000000001,0.25,27.24044,44.62303,63.87839,135.74186
270,4B,Albuquerque,0.7000000000000001,0.2,29.99764,41.29767999999999,61.40813,132.70344999999998
271,4B,Albuquerque,0.7000000000000001,0.3,24.80249,48.04339,66.28531,139.13119
272,4B,Albuquerque,0.7000000000000001,0.35,22.55626,51.59043,68.66055999999999,142.80724999999998
273,4B,Albuquerque,0.7000000000000001,0.45,18.914,58.84286,73.18937,150.94623
274,4B,Albuquerque,0.7000000000000001,0.4,20.63927,55.20081,70.9408,146.78088
275,4B,Albuquerque,0.7000000000000001,0.55,15.877719999999998,66.34864999999999,77.46482,159.69119
276,4B,Albuquerque,0.7000000000000001,0.5,17.27375,62.61158999999999,75.3746,155.25993999999997
277,4B,Albuquerque,0.7000000000000001,0.6000000000000001,14.66172,70.21239,79.52337,164.39748
278,4B,Albuquerque,0.7000000000000001,0.65,13.44572,74.55117999999999,81.74027,169.73717
279,4B,Albuquerque,0.7000000000000001,0.7000000000000001,12.504759999999996,78.50993,83.73548,174.75017
280,4B,Albuquerque,0.7000000000000001,0.75,11.68049,82.6587,85.79402999999999,180.13322
281,4B,Albuquerque,0.7000000000000001,0.8500000000000001,10.28531,91.36795,90.16449,191.81775
282,4B,Albuquerque,0.7000000000000001,0.8,10.95123,86.96582,87.97926,185.89631
283,4B,Albuquerque,0.7000000000000001,0.95,9.23935,100.17221,94.43994,203.8515
284,4B,Albuquerque,0.7000000000000001,0.9,9.69357,95.86509,92.38139,197.94005
285,4B,Albuquerque,0.75,0.01,45.76354,28.78803,51.30539999999999,125.85697
286,4B,Albuquerque,0.75,0.15,34.07095,38.13068,59.38125,131.58288
287,4B,Albuquerque,0.75,0.1,37.77676,34.71032,56.3726,128.85968
288,4B,Albuquerque,0.75,0.25,28.01306,45.00307,64.82848999999999,137.84462
289,4B,Albuquerque,0.75,0.2,30.89779,41.4877,62.13654,134.52203
290,4B,Albuquerque,0.75,0.3,25.49009,48.58178,67.42542999999999,141.4973
291,4B,Albuquerque,0.75,0.35,23.21219,52.22382999999999,69.89569,145.33171
292,4B,Albuquerque,0.75,0.45,19.45324,59.60294,74.51951,153.57569
293,4B,Albuquerque,0.75,0.4,21.23186,55.89755,72.27094,149.40035
294,4B,Albuquerque,0.75,0.55,16.480299999999996,66.98204999999999,78.69995,162.1623
295,4B,Albuquerque,0.75,0.5,17.88717,63.34,76.70473999999999,157.93191
296,4B,Albuquerque,0.75,0.6000000000000001,15.29597,70.68744,80.66349,166.6469
297,4B,Albuquerque,0.75,0.65,13.97412,74.99455999999999,82.81705,171.78573
298,4B,Albuquerque,0.75,0.7000000000000001,13.03316,78.73161999999999,84.59057,176.35535
299,4B,Albuquerque,0.75,0.75,12.208889999999998,82.6587,86.52243999999999,181.39003
300,4B,Albuquerque,0.75,0.8500000000000001,10.750369999999998,91.11459,90.67121,192.53617
301,4B,Albuquerque,0.75,0.8,11.437119999999998,86.83914,88.58098999999999,186.85725
302,4B,Albuquerque,0.75,0.95,9.63023,99.69716,94.81998,204.14737
303,4B,Albuquerque,0.75,0.9,10.15863,95.42171,92.76143,198.34177
304,4B,Albuquerque,0.8500000000000001,0.01,48.46909,28.40799,51.71710999999999,128.59418999999997
305,4B,Albuquerque,0.8500000000000001,0.15,36.42388,37.75064,59.95130999999999,134.12583
306,4B,Albuquerque,0.8500000000000001,0.1,40.268060000000006,34.36195,56.91098999999999,131.541
307,4B,Albuquerque,0.8500000000000001,0.25,30.09924,44.74971,65.74692,140.59587
308,4B,Albuquerque,0.8500000000000001,0.2,33.10151,41.20267,62.92829,137.23247
309,4B,Albuquerque,0.8500000000000001,0.3,27.44874,48.39176,68.43887,144.27936999999997
310,4B,Albuquerque,0.8500000000000001,0.35,25.04331,52.06548,71.00414,148.11293
311,4B,Albuquerque,0.8500000000000001,0.45,21.14599,59.34957999999999,75.69129999999998,156.18686999999997
312,4B,Albuquerque,0.8500000000000001,0.4,23.00963,55.70753,73.41105999999999,152.12822
313,4B,Albuquerque,0.8500000000000001,0.55,18.04552,66.57034,79.84007,164.45593
314,4B,Albuquerque,0.8500000000000001,0.5,19.52657,62.99163,77.84486,160.36306000000002
315,4B,Albuquerque,0.8500000000000001,0.6000000000000001,16.733659999999997,70.08570999999999,81.7086,168.52796999999998
316,4B,Albuquerque,0.8500000000000001,0.65,15.3168,74.32948999999999,83.79881999999999,173.44511
317,4B,Albuquerque,0.8500000000000001,0.7000000000000001,14.3125,77.84486,85.41399,177.57135
318,4B,Albuquerque,0.8500000000000001,0.75,13.40321,81.55024999999999,87.15584,182.1093
319,4B,Albuquerque,0.8500000000000001,0.8500000000000001,11.828,89.6261,91.11459,192.56869
320,4B,Albuquerque,0.8500000000000001,0.8,12.568099999999998,85.54067,89.11937999999999,187.22815
321,4B,Albuquerque,0.8500000000000001,0.95,10.581179999999998,97.82863,95.04167,203.45148
322,4B,Albuquerque,0.8500000000000001,0.9,11.17292,93.7432,93.07813,197.99425
323,4B,Albuquerque,0.8,0.01,47.15383,28.56634,51.49542,127.21559
324,4B,Albuquerque,0.8,0.15,35.38536,37.81398,59.60294,132.80228
325,4B,Albuquerque,0.8,0.1,39.10201,34.45696,56.56262,130.12159
326,4B,Albuquerque,0.8,0.25,29.12491,44.84472,65.30354,139.27317
327,4B,Albuquerque,0.8,0.2,32.1055,41.26601,62.51657999999999,135.88808999999998
328,4B,Albuquerque,0.8,0.3,26.52776,48.51844,67.99548999999999,143.04169
329,4B,Albuquerque,0.8,0.35,24.16484,52.19216,70.56076,146.91776
330,4B,Albuquerque,0.8,0.45,20.35254,59.5396,75.21625,155.10839
331,4B,Albuquerque,0.8,0.4,22.13116,55.86588,72.96767999999999,150.96472
332,4B,Albuquerque,0.8,0.55,17.262909999999998,66.91870999999999,79.42835999999998,163.60997999999995
333,4B,Albuquerque,0.8,0.5,18.74396,63.24499,77.40148,159.39042999999998
334,4B,Albuquerque,0.8,0.6000000000000001,15.99356,70.49742,81.32856,167.81954000000002
335,4B,Albuquerque,0.8,0.65,14.61921,74.86788,83.45045,172.93754
336,4B,Albuquerque,0.8,0.7000000000000001,13.667410000000002,78.47826,85.12895999999999,177.27463
337,4B,Albuquerque,0.8,0.75,12.768959999999998,82.27866,86.93414999999999,181.98177
338,4B,Albuquerque,0.8,0.8500000000000001,11.267929999999998,90.54453,90.95624,192.7687
339,4B,Albuquerque,0.8,0.8,11.96552,86.36408999999999,88.92935999999999,187.25897
340,4B,Albuquerque,0.8,0.95,10.08445,99.00042,94.97833,204.0632
341,4B,Albuquerque,0.8,0.9,10.644519999999998,94.75664,92.98312,198.38428
342,4B,Albuquerque,0.95,0.01,50.98291999999999,28.15463,52.19216,131.32970999999998
343,4B,Albuquerque,0.95,0.15,38.4159,37.65563,60.71139,136.78292
344,4B,Albuquerque,0.95,0.1,42.36677999999999,34.23527,57.57606,134.17811
345,4B,Albuquerque,0.95,0.25,31.85703,44.68637,66.63368,143.17708
346,4B,Albuquerque,0.95,0.2,34.965999999999994,41.13933,63.75171,139.85703999999998
347,4B,Albuquerque,0.95,0.3,29.153179999999995,48.32842,69.38897,146.87057
348,4B,Albuquerque,0.95,0.35,26.76858,51.93879999999999,71.98591,150.69329
349,4B,Albuquerque,0.95,0.45,22.66955,59.09622,76.64139999999999,158.40716999999998
350,4B,Albuquerque,0.95,0.4,24.5757,55.54917999999999,74.39282999999999,154.51770999999997
351,4B,Albuquerque,0.95,0.55,19.50489,66.09529,80.72682999999999,166.32701
352,4B,Albuquerque,0.95,0.5,20.97595,62.64326,78.76329,162.3825
353,4B,Albuquerque,0.95,0.6000000000000001,18.12969,69.45231,82.53201999999999,170.11401999999998
354,4B,Albuquerque,0.95,0.65,16.65948,73.50607,84.52723,174.69278
355,4B,Albuquerque,0.95,0.7000000000000001,15.612669999999998,76.79974999999999,86.01572,178.42813999999998
356,4B,Albuquerque,0.95,0.75,14.64004,80.31512,87.69423,182.64939
357,4B,Albuquerque,0.95,0.8500000000000001,12.958979999999997,87.97926,91.43129,192.36953
358,4B,Albuquerque,0.95,0.8,13.76242,84.11551999999999,89.56276,187.4407
359,4B,Albuquerque,0.95,0.95,11.59547,95.80175,95.20002,202.59724
360,4B,Albuquerque,0.95,0.9,12.26139,91.87467,93.33149,197.46755
361,4B,Albuquerque,0.9,0.01,49.75268,28.28131,51.97047,130.00446
362,4B,Albuquerque,0.9,0.15,37.41989,37.6873,60.33135,135.43854
363,4B,Albuquerque,0.9,0.1,41.31742,34.29861,57.22769,132.84372
364,4B,Albuquerque,0.9,0.25,30.99939,44.68637,66.1903,141.87606
365,4B,Albuquerque,0.9,0.2,34.0125,41.13933,63.30832999999999,138.46015999999997
366,4B,Albuquerque,0.9,0.3,28.30638,48.32842,68.91392,145.54872
367,4B,Albuquerque,0.9,0.35,25.95345,51.97047,71.47919,149.40311
368,4B,Albuquerque,0.9,0.45,21.98195,59.19123,76.16635,157.33953
369,4B,Albuquerque,0.9,0.4,23.80308,55.58085,73.88610999999999,153.27004
370,4B,Albuquerque,0.9,0.55,18.753950000000003,66.31698,80.28345,165.35438
371,4B,Albuquerque,0.9,0.5,20.28835,62.76994,78.28823999999999,161.34652999999997
372,4B,Albuquerque,0.9,0.6000000000000001,17.45293,69.73733999999999,82.12030999999999,169.31057999999996
373,4B,Albuquerque,0.9,0.65,16.025229999999997,73.88610999999999,84.14719,174.05852999999996
374,4B,Albuquerque,0.9,0.7000000000000001,14.97842,77.27479999999998,85.69901999999999,177.95223999999996
375,4B,Albuquerque,0.9,0.75,14.03746,80.88517999999999,87.4092,182.33184
376,4B,Albuquerque,0.9,0.8500000000000001,12.39891,88.77101,91.27294,192.44286
377,4B,Albuquerque,0.9,0.8,13.17068,84.81226,89.34107,187.32401
378,4B,Albuquerque,0.9,0.95,11.09874,96.78352,95.13668,203.01894
379,4B,Albuquerque,0.9,0.9,11.70132,92.76143,93.20481,197.66756
0,4C,Seattle,0.01,0.01,19.5491,11.59122,37.21225,68.35257
1,4C,Seattle,0.01,0.15,14.85089,18.30526,45.12975,78.2859
2,4C,Seattle,0.01,0.1,16.39528,15.73999,42.1211,74.25637
3,4C,Seattle,0.01,0.25,12.44057,23.34079,50.0386,85.81996000000001
4,4C,Seattle,0.01,0.2,13.571549999999998,20.77552,47.56834,81.91541
5,4C,Seattle,0.01,0.3,11.45795,26.00107,52.50885999999999,89.96788
6,4C,Seattle,0.01,0.35,10.570339999999998,28.78803,55.01079,94.36916
7,4C,Seattle,0.01,0.45,8.97515,34.96368,60.10966,104.04849
8,4C,Seattle,0.01,0.4,9.756909999999998,31.796679999999995,57.54439,99.09798
9,4C,Seattle,0.01,0.55,7.75001,41.32935,65.30354,114.3829
10,4C,Seattle,0.01,0.5,8.33091,38.13068,62.7066,109.16819
11,4C,Seattle,0.01,0.6000000000000001,7.232449999999999,44.59136,67.93215,119.75596
12,4C,Seattle,0.01,0.65,6.778229999999999,47.91671,70.59243,125.28737
13,4C,Seattle,0.01,0.7000000000000001,6.398189999999999,51.33707,73.28438,131.01963999999998
14,4C,Seattle,0.01,0.75,6.03898,54.7891,75.97632999999999,136.80441
15,4C,Seattle,0.01,0.8500000000000001,5.42641,61.85151,81.42357,148.70148999999998
16,4C,Seattle,0.01,0.8,5.72228,58.30447,78.69995,142.7267
17,4C,Seattle,0.01,0.95,4.98303,69.07226999999999,86.93414999999999,160.98944999999998
18,4C,Seattle,0.01,0.9,5.204719999999999,65.43021999999999,84.17885999999999,154.81379999999996
19,4C,Seattle,0.05,0.01,21.7711,10.79947,37.14891,69.71948
20,4C,Seattle,0.05,0.15,16.72197,17.26015,45.12975,79.11186999999998
21,4C,Seattle,0.05,0.1,18.38305,14.78989,42.08942999999999,75.26236999999999
22,4C,Seattle,0.05,0.25,14.13162,22.07399,50.00693,86.21253999999999
23,4C,Seattle,0.05,0.2,15.33678,19.60373,47.56834,82.50885
24,4C,Seattle,0.05,0.3,13.032309999999995,24.63926,52.50885999999999,90.18043
25,4C,Seattle,0.05,0.35,12.038849999999998,27.29954,54.97912,94.31751
26,4C,Seattle,0.05,0.45,10.28531,33.28517,60.07798999999999,103.64847
27,4C,Seattle,0.05,0.4,11.09874,30.18151,57.48104999999999,98.76129999999998
28,4C,Seattle,0.05,0.55,8.880139999999999,39.42914999999999,65.2402,113.54949
29,4C,Seattle,0.05,0.5,9.53522,36.32549,62.64326,108.50397
30,4C,Seattle,0.05,0.6000000000000001,8.26757,42.59615,67.86881,118.73253
31,4C,Seattle,0.05,0.65,7.718339999999999,45.82649,70.52909,124.07392
32,4C,Seattle,0.05,0.7000000000000001,7.232449999999999,49.15183999999999,73.18937,129.57366
33,4C,Seattle,0.05,0.75,6.841569999999999,52.54053,75.84965,135.23174999999998
34,4C,Seattle,0.05,0.8500000000000001,6.133989999999999,59.38125,81.26522,146.78046
35,4C,Seattle,0.05,0.8,6.461529999999999,55.92922,78.57327,140.96401999999998
36,4C,Seattle,0.05,0.95,5.563929999999999,66.44366,86.74413,158.75171999999998
37,4C,Seattle,0.05,0.9,5.81729,62.89661999999999,83.98884,152.70274999999998
38,4C,Seattle,0.15,0.01,26.80939,9.24764,37.0539,73.11093
39,4C,Seattle,0.15,0.15,21.21592,15.13826,45.16142,81.5156
40,4C,Seattle,0.15,0.1,23.05788,12.858019999999998,42.08942999999999,78.00532999999999
41,4C,Seattle,0.15,0.25,18.19048,19.50872,50.00693,87.70613
42,4C,Seattle,0.15,0.2,19.62902,17.26015,47.56834,84.45751
43,4C,Seattle,0.15,0.3,16.91114,21.8523,52.47719,91.24063
44,4C,Seattle,0.15,0.35,15.70598,24.29089,54.94745,94.94432
45,4C,Seattle,0.15,0.45,13.54987,29.80147,60.01465,103.36598999999998
46,4C,Seattle,0.15,0.4,14.575,26.95117,57.44938,98.97555
47,4C,Seattle,0.15,0.55,11.77465,35.53374,65.14519,112.45358
48,4C,Seattle,0.15,0.5,12.598919999999998,32.6201,62.57992,107.79894
49,4C,Seattle,0.15,0.6000000000000001,11.00373,38.47905,67.74213,117.22491
50,4C,Seattle,0.15,0.65,10.31698,41.51937,70.37074,122.20709
51,4C,Seattle,0.15,0.7000000000000001,9.67274,44.62303,72.99934999999999,127.29512
52,4C,Seattle,0.15,0.75,9.081,47.75836,75.62795999999999,132.46731999999997
53,4C,Seattle,0.15,0.8500000000000001,8.077549999999999,54.25070999999999,80.94851999999999,143.27677999999997
54,4C,Seattle,0.15,0.8,8.56344,50.9887,78.28823999999999,137.84037999999998
55,4C,Seattle,0.15,0.95,7.264119999999999,60.93307999999999,86.33242,154.52962
56,4C,Seattle,0.15,0.9,7.654999999999999,57.57606,83.64047,148.87153
57,4C,Seattle,0.1,0.01,24.33233,9.97605,37.08557,71.39394999999999
58,4C,Seattle,0.1,0.15,19.00561,16.12003,45.12975,80.25539
59,4C,Seattle,0.1,0.1,20.79422,13.74478,42.08942999999999,76.62843
60,4C,Seattle,0.1,0.25,16.192719999999998,20.68051,50.00693,86.88015999999999
61,4C,Seattle,0.1,0.2,17.5354,18.33693,47.56834,83.44067
62,4C,Seattle,0.1,0.3,14.976719999999998,23.15077,52.47719,90.60468
63,4C,Seattle,0.1,0.35,13.877409999999998,25.68437,54.94745,94.50923
64,4C,Seattle,0.1,0.45,11.8805,31.41664,60.04632,103.34346
65,4C,Seattle,0.1,0.4,12.85228,28.47133,57.48104999999999,98.80465999999998
66,4C,Seattle,0.1,0.55,10.31698,37.3706,65.17685999999999,112.86444
67,4C,Seattle,0.1,0.5,11.09874,34.36195,62.61158999999999,108.07228
68,4C,Seattle,0.1,0.6000000000000001,9.63023,40.37925,67.80547,117.81495
69,4C,Seattle,0.1,0.65,9.01766,43.54625,70.43408,122.99799
70,4C,Seattle,0.1,0.7000000000000001,8.43676,46.74491999999999,73.06269,128.24437
71,4C,Seattle,0.1,0.75,7.919199999999999,50.00693,75.72296999999999,133.64909999999998
72,4C,Seattle,0.1,0.8500000000000001,7.0741,56.65763,81.10686999999999,144.8386
73,4C,Seattle,0.1,0.8,7.49665,53.30060999999999,78.41492,139.21218
74,4C,Seattle,0.1,0.95,6.36652,63.49835,86.52243999999999,156.38731
75,4C,Seattle,0.1,0.9,6.714889999999999,60.04632,83.79881999999999,150.56002999999998
76,4C,Seattle,0.25,0.01,31.48932,8.13919,37.02222999999999,76.65073999999998
77,4C,Seattle,0.25,0.15,25.29816,13.58643,45.2881,84.17269
78,4C,Seattle,0.25,0.1,27.35352,11.49621,42.15277,81.0025
79,4C,Seattle,0.25,0.25,22.04933,17.576849999999997,50.10194,89.72811999999999
80,4C,Seattle,0.25,0.2,23.6154,15.54997,47.69502,86.86039
81,4C,Seattle,0.25,0.3,20.58996,19.76208,52.54053,92.89257
82,4C,Seattle,0.25,0.35,19.23644,22.01065,54.97912,96.22621
83,4C,Seattle,0.25,0.45,16.7411,27.14119,60.01465,103.89694
84,4C,Seattle,0.25,0.4,17.957099999999997,24.48091,57.48104999999999,99.91906
85,4C,Seattle,0.25,0.55,14.69084,32.49342,65.08185,112.26611
86,4C,Seattle,0.25,0.5,15.6843,29.7698,62.54825,108.00235
87,4C,Seattle,0.25,0.6000000000000001,13.80323,35.24871,67.67878999999999,116.73073
88,4C,Seattle,0.25,0.65,12.95813,38.13068,70.24405999999999,121.33287
89,4C,Seattle,0.25,0.7000000000000001,12.17637,41.04432,72.87267,126.09336
90,4C,Seattle,0.25,0.75,11.48962,44.05297,75.46960999999999,131.01219999999998
91,4C,Seattle,0.25,0.8500000000000001,10.22197,50.16528,80.72682999999999,141.11408
92,4C,Seattle,0.25,0.8,10.83454,47.06162,78.09822,135.99437999999998
93,4C,Seattle,0.25,0.95,9.18685,56.46760999999999,86.01572,151.67018000000002
94,4C,Seattle,0.25,0.9,9.67274,53.30060999999999,83.38710999999999,146.36046
95,4C,Seattle,0.2,0.01,29.19144,8.67758,37.02222999999999,74.89124999999999
96,4C,Seattle,0.2,0.15,23.28871,14.314839999999998,45.22476,82.82830999999999
97,4C,Seattle,0.2,0.1,25.23737,12.12961,42.1211,79.48808
98,4C,Seattle,0.2,0.25,20.13574,18.46361,50.0386,88.63795
99,4C,Seattle,0.2,0.2,21.68013,16.34172,47.63168,85.65352999999999
100,4C,Seattle,0.2,0.3,18.75055,20.71218,52.50885999999999,91.97159
101,4C,Seattle,0.2,0.35,17.50288,23.08743,54.94745,95.53776
102,4C,Seattle,0.2,0.45,15.1559,28.37632,59.98298,103.5152
103,4C,Seattle,0.2,0.4,16.28688,25.62103,57.44938,99.35729
104,4C,Seattle,0.2,0.55,13.254,33.91857,65.11352,112.28609
105,4C,Seattle,0.2,0.5,14.16244,31.09994,62.54825,107.81063
106,4C,Seattle,0.2,0.6000000000000001,12.398059999999996,36.76886999999999,67.67878999999999,116.84572
107,4C,Seattle,0.2,0.65,11.6163,39.71417999999999,70.30739999999999,121.63787999999998
108,4C,Seattle,0.2,0.7000000000000001,10.90872,42.72283,72.90433999999999,126.53588999999998
109,4C,Seattle,0.2,0.75,10.25364,45.79482,75.53295,131.58141
110,4C,Seattle,0.2,0.8500000000000001,9.12351,52.09714999999999,80.85351,142.07416999999998
111,4C,Seattle,0.2,0.8,9.67274,48.89847999999999,78.19323,136.76444999999998
112,4C,Seattle,0.2,0.95,8.183399999999999,58.5895,86.17407,152.94697
113,4C,Seattle,0.2,0.9,8.63762,55.32748999999999,83.51379,147.47889999999998
114,4C,Seattle,0.3,0.01,33.71302,7.69581,37.02222999999999,78.43106
115,4C,Seattle,0.3,0.15,27.2126,13.01637,45.41478,85.64375000000001
116,4C,Seattle,0.3,0.1,29.36382,10.95782,42.24778,82.56942
117,4C,Seattle,0.3,0.25,23.80457,16.97512,50.29196,91.07165
118,4C,Seattle,0.3,0.2,25.44482,14.916569999999998,47.82169999999999,88.18308999999999
119,4C,Seattle,0.3,0.3,22.26018,19.09701,52.73055,94.08774
120,4C,Seattle,0.3,0.35,20.83248,21.34558,55.23248,97.41054
121,4C,Seattle,0.3,0.45,18.2738,26.12775,60.23634,104.63789
122,4C,Seattle,0.3,0.4,19.51063,23.68916,57.73441,100.9342
123,4C,Seattle,0.3,0.55,16.13852,31.22662,65.11352,112.47866
124,4C,Seattle,0.3,0.5,17.163649999999997,28.62968,62.73826999999999,108.5316
125,4C,Seattle,0.3,0.6000000000000001,15.21924,33.8869,67.64712,116.75326
126,4C,Seattle,0.3,0.65,14.29996,36.67386,70.24405999999999,121.21787999999998
127,4C,Seattle,0.3,0.7000000000000001,13.454859999999998,39.55583,72.841,125.85169
128,4C,Seattle,0.3,0.75,12.69393,42.46947,75.43794,130.60134
129,4C,Seattle,0.3,0.8500000000000001,11.331269999999998,48.42343,80.63182,140.38652
130,4C,Seattle,0.3,0.8,11.975509999999998,45.41478,78.03488,135.42517
131,4C,Seattle,0.3,0.95,10.15863,54.53573999999999,85.85736999999999,150.55174
132,4C,Seattle,0.3,0.9,10.739529999999998,51.49542,83.29209999999999,145.52704999999995
133,4C,Seattle,0.35,0.01,35.81004,7.284099999999999,37.02222999999999,80.11636999999999
134,4C,Seattle,0.35,0.15,29.063699999999997,12.47798,45.50979,87.05147
135,4C,Seattle,0.35,0.1,31.32162,10.48277,42.31112,84.11551
136,4C,Seattle,0.35,0.25,25.54897,16.27838,50.38697,92.21432
137,4C,Seattle,0.35,0.2,27.24257,14.314839999999998,47.91671,89.47412
138,4C,Seattle,0.35,0.3,23.99374,18.33693,52.82556,95.15623
139,4C,Seattle,0.35,0.35,22.46019,20.49049,55.29582,98.2465
140,4C,Seattle,0.35,0.45,19.827330000000003,25.14598,60.26801,105.24132
141,4C,Seattle,0.35,0.4,21.11751,22.77073,57.79774999999999,101.68599
142,4C,Seattle,0.35,0.55,17.55453,30.0865,65.11352,112.75455
143,4C,Seattle,0.35,0.5,18.653839999999995,27.58457,62.76994,109.00835
144,4C,Seattle,0.35,0.6000000000000001,16.5294,32.68344,67.67878999999999,116.89163
145,4C,Seattle,0.35,0.65,15.61012,35.407059999999994,70.24405999999999,121.26124
146,4C,Seattle,0.35,0.7000000000000001,14.722510000000002,38.19402,72.80932999999999,125.72585999999998
147,4C,Seattle,0.35,0.75,13.940749999999998,41.01265,75.40626999999999,130.35967
148,4C,Seattle,0.35,0.8500000000000001,12.44057,46.83993,80.56848,139.84897999999998
149,4C,Seattle,0.35,0.8,13.158989999999998,43.92629,77.97154,135.05682
150,4C,Seattle,0.35,0.95,11.225419999999998,52.793890000000005,85.69901999999999,149.71832999999998
151,4C,Seattle,0.35,0.9,11.78549,49.81691,83.19708999999999,144.79949
152,4C,Seattle,0.45,0.01,39.76070999999999,6.6507,37.08557,83.49697999999998
153,4C,Seattle,0.45,0.15,32.60755,11.59122,45.79482,89.99359
154,4C,Seattle,0.45,0.1,34.96218,9.69102,42.50114,87.15433999999999
155,4C,Seattle,0.45,0.25,28.9011,15.16993,50.60866,94.67969
156,4C,Seattle,0.45,0.2,30.67972,13.33307,48.20174,92.21453
157,4C,Seattle,0.45,0.3,27.18667,17.07013,53.04725,97.30405
158,4C,Seattle,0.45,0.35,25.63144,19.09701,55.48584,100.21429
159,4C,Seattle,0.45,0.45,22.77604,23.46747,60.42635999999999,106.66987
160,4C,Seattle,0.45,0.4,24.17207,21.25057,57.9561,103.37874
161,4C,Seattle,0.45,0.55,20.30238,28.12296,65.2402,113.66554
162,4C,Seattle,0.45,0.5,21.4967,25.77938,62.92829,110.20437
163,4C,Seattle,0.45,0.6000000000000001,19.20307,30.59322,67.74213,117.53842
164,4C,Seattle,0.45,0.65,18.1671,33.19016,70.30739999999999,121.66465999999998
165,4C,Seattle,0.45,0.7000000000000001,17.205309999999997,35.81877,72.841,125.86508
166,4C,Seattle,0.45,0.75,16.286029999999997,38.54239,75.40626999999999,130.23469
167,4C,Seattle,0.45,0.8500000000000001,14.69084,44.08464,80.50514,139.28062
168,4C,Seattle,0.45,0.8,15.4726,41.29767999999999,77.93987,134.71015
169,4C,Seattle,0.45,0.95,13.285669999999998,49.69022999999999,85.47733,148.45323
170,4C,Seattle,0.45,0.9,13.90908,46.93494,83.07041,143.91442999999998
171,4C,Seattle,0.4,0.01,37.83288,6.9674000000000005,37.0539,81.85417999999999
172,4C,Seattle,0.4,0.15,30.893970000000003,12.00293,45.63647,88.53336999999999
173,4C,Seattle,0.4,0.1,33.17357,10.07106,42.40613,85.65075999999999
174,4C,Seattle,0.4,0.25,27.24087,15.67665,50.48197999999999,93.3995
175,4C,Seattle,0.4,0.2,29.00865,13.77645,48.04339,90.82849
176,4C,Seattle,0.4,0.3,25.61146,17.67186,52.92057,96.20389
177,4C,Seattle,0.4,0.35,24.09874,19.76208,55.39083,99.25164999999998
178,4C,Seattle,0.4,0.45,21.31752,24.25922,60.36301999999999,105.93976
179,4C,Seattle,0.4,0.4,22.63937,21.94731,57.86109,102.44777
180,4C,Seattle,0.4,0.55,18.93887,29.04139,65.17685999999999,113.15712
181,4C,Seattle,0.4,0.5,20.11236,26.63447,62.83328,109.58011
182,4C,Seattle,0.4,0.6000000000000001,17.88207,31.60666,67.71046,117.19919
183,4C,Seattle,0.4,0.65,16.88861,34.23527,70.24405999999999,121.36794
184,4C,Seattle,0.4,0.7000000000000001,15.96933,36.95889,72.80932999999999,125.73754999999998
185,4C,Seattle,0.4,0.75,15.11339,39.71417999999999,75.3746,130.20217
186,4C,Seattle,0.4,0.8500000000000001,13.581539999999997,45.41478,80.53680999999999,139.53312999999997
187,4C,Seattle,0.4,0.8,14.33163,42.53281,77.97154,134.83598
188,4C,Seattle,0.4,0.95,12.23971,51.17872,85.57234,148.99077
189,4C,Seattle,0.4,0.9,12.86312,48.32842,83.13374999999999,144.32529
190,4C,Seattle,0.55,0.01,43.39468,6.143979999999999,37.14891,86.68757
191,4C,Seattle,0.55,0.15,35.79219,10.92615,46.11152,92.82986
192,4C,Seattle,0.55,0.1,38.2752,9.057619999999998,42.7545,90.08732
193,4C,Seattle,0.55,0.25,31.95736,14.2515,50.92535999999999,97.13422
194,4C,Seattle,0.55,0.2,33.83184,12.54132,48.51844,94.8916
195,4C,Seattle,0.55,0.3,30.25292,16.088359999999998,53.33228,99.67356
196,4C,Seattle,0.55,0.35,28.581000000000003,17.98856,55.77087,102.34043
197,4C,Seattle,0.55,0.45,25.60891,22.10566,60.67972,108.39428999999998
198,4C,Seattle,0.55,0.4,27.03661,20.01544,58.20945999999999,105.26151
199,4C,Seattle,0.55,0.55,22.90187,26.57113,65.43021999999999,114.90322
200,4C,Seattle,0.55,0.5,24.24455,24.32256,63.11831,111.68542
201,4C,Seattle,0.55,0.6000000000000001,21.70755,28.91471,67.90048,118.52274
202,4C,Seattle,0.55,0.65,20.60824,31.3533,70.43408,122.39562
203,4C,Seattle,0.55,0.7000000000000001,19.55144,33.8869,72.93601,126.37435
204,4C,Seattle,0.55,0.75,18.62132,36.45217,75.46960999999999,130.54309999999998
205,4C,Seattle,0.55,0.8500000000000001,16.803589999999996,41.8044,80.50514,139.11312999999998
206,4C,Seattle,0.55,0.8,17.691200000000002,39.11245,78.00321,134.80686
207,4C,Seattle,0.55,0.95,15.30341,47.06162,85.28730999999999,147.65233999999998
208,4C,Seattle,0.55,0.9,16.021829999999998,44.52802,83.03873999999999,143.58858999999998
209,4C,Seattle,0.5,0.01,41.59353,6.365669999999999,37.11724,85.07643999999999
210,4C,Seattle,0.5,0.15,34.23696,11.24285,45.95317,91.43298
211,4C,Seattle,0.5,0.1,36.68745,9.34265,42.62782,88.65791999999999
212,4C,Seattle,0.5,0.25,30.45548,14.694879999999998,50.76701,95.91737
213,4C,Seattle,0.5,0.2,32.28745,12.88969,48.32842,93.50556
214,4C,Seattle,0.5,0.3,28.77272,16.53174,53.17392999999999,98.47839
215,4C,Seattle,0.5,0.35,27.14331,18.52695,55.61251999999999,101.28278
216,4C,Seattle,0.5,0.45,24.21373,22.77073,60.55304,107.5375
217,4C,Seattle,0.5,0.4,25.63059,20.5855,58.08278,104.29887
218,4C,Seattle,0.5,0.55,21.61254,27.29954,65.30354,114.21562
219,4C,Seattle,0.5,0.5,22.86021,25.0193,63.02329999999999,110.90281
220,4C,Seattle,0.5,0.6000000000000001,20.44989,29.70646,67.83714,117.99349
221,4C,Seattle,0.5,0.65,19.38225,32.20839,70.33906999999999,121.92971
222,4C,Seattle,0.5,0.7000000000000001,18.39963,34.80533,72.87267,126.07763
223,4C,Seattle,0.5,0.75,17.43784,37.43394,75.40626999999999,130.27805
224,4C,Seattle,0.5,0.8500000000000001,15.75763,42.88117999999999,80.50514,139.14395
225,4C,Seattle,0.5,0.8,16.581899999999997,40.15756,77.97154,134.711
226,4C,Seattle,0.5,0.95,14.28912,48.32842,85.38231999999999,147.99985999999998
227,4C,Seattle,0.5,0.9,15.00754,45.66814,83.03873999999999,143.71442
228,4C,Seattle,0.6000000000000001,0.01,45.05831,5.92229,37.14891,88.12951
229,4C,Seattle,0.6000000000000001,0.15,37.28408,10.64112,46.30154,94.22674
230,4C,Seattle,0.6000000000000001,0.1,39.86295,8.80426,42.88117999999999,91.54838999999998
231,4C,Seattle,0.6000000000000001,0.25,33.416729999999994,13.903129999999996,51.11538,98.43524
232,4C,Seattle,0.6000000000000001,0.2,35.31289,12.224619999999998,48.70846,96.24597
233,4C,Seattle,0.6000000000000001,0.3,31.66978,15.67665,53.5223,100.86873
234,4C,Seattle,0.6000000000000001,0.35,29.997860000000003,17.51351,55.96089,103.47226
235,4C,Seattle,0.6000000000000001,0.45,26.92991,21.56727,60.83807,109.33525
236,4C,Seattle,0.6000000000000001,0.4,28.40012,19.50872,58.39948,106.30832
237,4C,Seattle,0.6000000000000001,0.55,24.1912,25.90606,65.5569,115.65416
238,4C,Seattle,0.6000000000000001,0.5,25.51305,23.68916,63.27666,112.47887
239,4C,Seattle,0.6000000000000001,0.6000000000000001,22.95437,28.1863,68.02716,119.16783
240,4C,Seattle,0.6000000000000001,0.65,21.79172,30.56155,70.52909,122.88236
241,4C,Seattle,0.6000000000000001,0.7000000000000001,20.72408,33.03181,73.03102,126.78691
242,4C,Seattle,0.6000000000000001,0.75,19.69895,35.56541,75.53295,130.79730999999998
243,4C,Seattle,0.6000000000000001,0.8500000000000001,17.84955,40.75928999999999,80.53680999999999,139.14565
244,4C,Seattle,0.6000000000000001,0.8,18.748,38.13068,78.03488,134.91356
245,4C,Seattle,0.6000000000000001,0.95,16.33853,45.88983,85.22397,147.45233
246,4C,Seattle,0.6000000000000001,0.9,17.03612,43.45124,83.03873999999999,143.5261
247,4C,Seattle,0.65,0.01,46.66859,5.73227,37.21225,89.61310999999999
248,4C,Seattle,0.65,0.15,38.64844,10.4511,46.64991,95.74945
249,4C,Seattle,0.65,0.1,41.291500000000006,8.61424,43.19788,93.10362
250,4C,Seattle,0.65,0.25,34.51604,13.83979,51.90713,100.26296
251,4C,Seattle,0.65,0.2,36.58138999999999,12.09794,49.31019,97.98952
252,4C,Seattle,0.65,0.3,32.72658,15.67665,54.47239999999999,102.87563
253,4C,Seattle,0.65,0.35,30.98048,17.576849999999997,57.006,105.56333
254,4C,Seattle,0.65,0.45,27.8917,21.59894,61.97819,111.46883
255,4C,Seattle,0.65,0.4,29.39358,19.54039,59.50793,108.4419
256,4C,Seattle,0.65,0.55,25.14215,25.84272,66.63368,117.61855
257,4C,Seattle,0.65,0.5,26.463999999999995,23.72083,64.41678,114.60161
258,4C,Seattle,0.65,0.6000000000000001,23.93699,28.09129,69.00892999999999,121.03721
259,4C,Seattle,0.65,0.65,22.70016,30.466539999999995,71.44752,124.61422
260,4C,Seattle,0.65,0.7000000000000001,21.67503,32.81012,73.75943,128.24457999999998
261,4C,Seattle,0.65,0.75,20.61823,35.24871,76.13467999999999,132.00162
262,4C,Seattle,0.65,0.8500000000000001,18.76883,40.31591,80.94851999999999,140.03325999999998
263,4C,Seattle,0.65,0.8,19.65644,37.75064,78.5416,135.94868
264,4C,Seattle,0.65,0.95,17.1628,45.38311,85.54067,148.08658
265,4C,Seattle,0.65,0.9,17.94456,42.94452,83.35544,144.24452
266,4C,Seattle,0.7000000000000001,0.01,48.18386,5.542249999999999,37.27559,91.0017
267,4C,Seattle,0.7000000000000001,0.15,39.91779,10.29275,47.06162,97.27216
268,4C,Seattle,0.7000000000000001,0.1,42.62504,8.48756,43.51458,94.62718
269,4C,Seattle,0.7000000000000001,0.25,35.60451,13.87146,52.82556,102.30153
270,4C,Seattle,0.7000000000000001,0.2,37.69154,12.0346,49.97525999999999,99.70139999999998
271,4C,Seattle,0.7000000000000001,0.3,33.67753,15.73999,55.58085,104.99837
272,4C,Seattle,0.7000000000000001,0.35,31.93143,17.67186,58.24113,107.84442
273,4C,Seattle,0.7000000000000001,0.45,28.76847,21.75729,63.27666,113.80242
274,4C,Seattle,0.7000000000000001,0.4,30.27035,19.69874,60.8064,110.77549
275,4C,Seattle,0.7000000000000001,0.55,26.02976,25.93773,67.86881,119.8363
276,4C,Seattle,0.7000000000000001,0.5,27.34077,23.84751,65.68357999999999,116.87186
277,4C,Seattle,0.7000000000000001,0.6000000000000001,24.78209,28.09129,70.11738,122.99076
278,4C,Seattle,0.7000000000000001,0.65,23.58777,30.466539999999995,72.46095999999999,126.51527
279,4C,Seattle,0.7000000000000001,0.7000000000000001,22.52013,32.68344,74.55117999999999,129.75475
280,4C,Seattle,0.7000000000000001,0.75,21.495,35.02702,76.76808,133.2901
281,4C,Seattle,0.7000000000000001,0.8500000000000001,19.65644,39.93587,81.39189999999999,140.98421
282,4C,Seattle,0.7000000000000001,0.8,20.544049999999995,37.46561,79.07999,137.08965
283,4C,Seattle,0.7000000000000001,0.95,18.0079,44.90806,85.85736999999999,148.77333
284,4C,Seattle,0.7000000000000001,0.9,18.75799,42.46947,83.70380999999999,144.93126999999998
285,4C,Seattle,0.75,0.01,49.63578999999999,5.3839,37.33893,92.35862
286,4C,Seattle,0.75,0.15,41.14463,10.19774,47.47333,98.8157
287,4C,Seattle,0.75,0.1,43.83104999999999,8.36088,43.86295,96.05488
288,4C,Seattle,0.75,0.25,36.523790000000005,13.9348,53.80732999999999,104.26592
289,4C,Seattle,0.75,0.2,38.71667,12.0346,50.70367,101.45494
290,4C,Seattle,0.75,0.3,34.58597,15.898339999999996,56.75264,107.23695
291,4C,Seattle,0.75,0.35,32.73402,17.89355,59.57126999999999,110.19884
292,4C,Seattle,0.75,0.45,29.550230000000003,22.01065,64.73348,116.29436
293,4C,Seattle,0.75,0.4,31.02044,19.9521,62.19988,113.17242
294,4C,Seattle,0.75,0.55,26.81152,26.12775,69.23061999999999,122.16988999999998
295,4C,Seattle,0.75,0.5,28.1542,24.10087,67.10873,119.3638
296,4C,Seattle,0.75,0.6000000000000001,25.60636,28.21797,71.35251,125.17684
297,4C,Seattle,0.75,0.65,24.33786,30.59322,73.56940999999999,128.50049
298,4C,Seattle,0.75,0.7000000000000001,23.31273,32.65177,75.43794,131.40244
299,4C,Seattle,0.75,0.75,22.35094,34.868669999999995,77.43315,134.65276
300,4C,Seattle,0.75,0.8500000000000001,20.46987,39.61917,81.83528,141.92432
301,4C,Seattle,0.75,0.8,21.357479999999995,37.21225,79.61838,138.18811
302,4C,Seattle,0.75,0.95,18.82133,44.43301,86.11073,149.36507
303,4C,Seattle,0.75,0.9,19.61393,42.02609,83.98884,145.62885999999995
304,4C,Seattle,0.8500000000000001,0.01,52.51882,5.0672,37.40227,94.98829
305,4C,Seattle,0.8500000000000001,0.15,43.67419,9.786029999999998,47.79003,101.25025
306,4C,Seattle,0.8500000000000001,0.1,46.47815,7.98084,44.11631,98.5753
307,4C,Seattle,0.8500000000000001,0.25,38.88161,13.55476,54.59908,107.03545
308,4C,Seattle,0.8500000000000001,0.2,41.11785,11.62289,51.27373,104.01447
309,4C,Seattle,0.8500000000000001,0.3,36.76376,15.5183,57.70273999999999,109.9848
310,4C,Seattle,0.8500000000000001,0.35,34.90097,17.51351,60.61638,113.03086
311,4C,Seattle,0.8500000000000001,0.45,31.56882,21.5356,65.81026,118.91468
312,4C,Seattle,0.8500000000000001,0.4,33.14487999999999,19.54039,63.30832999999999,115.9936
313,4C,Seattle,0.8500000000000001,0.55,28.75593,25.58936,70.33906999999999,124.68435999999998
314,4C,Seattle,0.8500000000000001,0.5,30.14112,23.59415,68.18551,121.92078
315,4C,Seattle,0.8500000000000001,0.6000000000000001,27.61411,27.5529,72.30260999999999,127.46961999999998
316,4C,Seattle,0.8500000000000001,0.65,26.20809,29.928149999999995,74.45617,130.59241
317,4C,Seattle,0.8500000000000001,0.7000000000000001,25.15129,31.82835,76.10301,133.08265
318,4C,Seattle,0.8500000000000001,0.75,24.1895,33.8869,77.97154,136.04793999999998
319,4C,Seattle,0.8500000000000001,0.8500000000000001,22.26592,38.38404,82.08864,142.7386
320,4C,Seattle,0.8500000000000001,0.8,23.19604,36.13547,80.03008999999999,139.36159999999998
321,4C,Seattle,0.8500000000000001,0.95,20.55404,42.97619,86.1424,149.67262999999997
322,4C,Seattle,0.8500000000000001,0.9,21.40998,40.69595,84.14719,146.25312
323,4C,Seattle,0.8,0.01,51.08772,5.225549999999999,37.33893,93.6522
324,4C,Seattle,0.8,0.15,42.52068,9.91271,47.53667,99.97006
325,4C,Seattle,0.8,0.1,45.27128999999999,8.13919,43.92629,97.33677
326,4C,Seattle,0.8,0.25,37.76062,13.71311,54.25070999999999,105.72444
327,4C,Seattle,0.8,0.2,39.98602,11.78124,50.9887,102.75596
328,4C,Seattle,0.8,0.3,35.72779,15.70832,57.35437,108.79048
329,4C,Seattle,0.8,0.35,33.864999999999995,17.703529999999997,60.23634,111.80487
330,4C,Seattle,0.8,0.45,30.57536,21.82063,65.46189,117.85788
331,4C,Seattle,0.8,0.4,32.10891,19.76208,62.92829,114.79928
332,4C,Seattle,0.8,0.55,27.82581,25.93773,69.9907,123.75424
333,4C,Seattle,0.8,0.5,29.11599,23.87918,67.80547,120.80064
334,4C,Seattle,0.8,0.6000000000000001,26.58898,27.96461,72.01758,126.57117
335,4C,Seattle,0.8,0.65,25.25714,30.37153,74.20281,129.83148
336,4C,Seattle,0.8,0.7000000000000001,24.26368,32.36674,75.91299,132.54341
337,4C,Seattle,0.8,0.75,23.23855,34.48863,77.81318999999999,135.54037
338,4C,Seattle,0.8,0.8500000000000001,21.357479999999995,39.11245,82.02529999999999,142.49523
339,4C,Seattle,0.8,0.8,22.27676,36.76886999999999,79.90341,138.94903999999997
340,4C,Seattle,0.8,0.95,19.63476,43.83128,86.17407,149.64011
341,4C,Seattle,0.8,0.9,20.45903,41.45603,84.11551999999999,146.03058
342,4C,Seattle,0.95,0.01,55.15848,4.84551,37.46561,97.4696
343,4C,Seattle,0.95,0.15,45.86452,9.53267,48.32842,103.72561
344,4C,Seattle,0.95,0.1,48.84936,7.75915,44.55969,101.16819999999998
345,4C,Seattle,0.95,0.25,40.89106,13.3014,55.32748999999999,109.51995
346,4C,Seattle,0.95,0.2,43.23315,11.36953,51.93879999999999,106.54147999999998
347,4C,Seattle,0.95,0.3,38.70902,15.233269999999996,58.49448999999999,112.43678
348,4C,Seattle,0.95,0.35,36.77205,17.19681,61.40813,115.37699
349,4C,Seattle,0.95,0.45,33.44989,21.12389,66.63368,121.20746
350,4C,Seattle,0.95,0.4,35.03679,19.16035,64.13175,118.32889
351,4C,Seattle,0.95,0.55,30.67951,25.0193,71.06748,126.76629
352,4C,Seattle,0.95,0.5,31.99052,23.08743,68.97726,124.05521
353,4C,Seattle,0.95,0.6000000000000001,29.40017,26.88783,72.96767999999999,129.25567999999998
354,4C,Seattle,0.95,0.65,28.05749,29.136399999999995,75.02623,132.22012
355,4C,Seattle,0.95,0.7000000000000001,27.00069,30.90992,76.57806,134.48866999999998
356,4C,Seattle,0.95,0.75,25.96472,32.87346,78.31991,137.15809
357,4C,Seattle,0.95,0.8500000000000001,24.04114,37.11724,82.24699,143.40537
358,4C,Seattle,0.95,0.8,25.0346,34.96368,80.28345,140.28172999999998
359,4C,Seattle,0.95,0.95,22.32926,41.45603,86.1424,149.92768999999998
360,4C,Seattle,0.95,0.9,23.15353,39.2708,84.21052999999999,146.63486
361,4C,Seattle,0.9,0.01,53.84407,4.94052,37.43394,96.21853
362,4C,Seattle,0.9,0.15,44.77435,9.62768,48.04339,102.44541999999998
363,4C,Seattle,0.9,0.1,47.70584,7.854159999999999,44.338,99.898
364,4C,Seattle,0.9,0.25,39.89675,13.39641,54.94745,108.24061
365,4C,Seattle,0.9,0.2,42.1755,11.49621,51.59043,105.26214
366,4C,Seattle,0.9,0.3,37.768060000000006,15.359949999999998,58.08278,111.21079
367,4C,Seattle,0.9,0.35,35.84193,17.32349,60.99642,114.16184
368,4C,Seattle,0.9,0.45,32.56228,21.31391,66.22197,120.09816
369,4C,Seattle,0.9,0.4,34.13833999999999,19.3187,63.72004,117.17708
370,4C,Seattle,0.9,0.55,29.71772,25.27266,70.68744,125.67782
371,4C,Seattle,0.9,0.5,31.07124,23.30912,68.56554999999999,122.94590999999998
372,4C,Seattle,0.9,0.6000000000000001,28.50172,27.20453,72.61931,128.32556
373,4C,Seattle,0.9,0.65,27.16988,29.51644,74.7412,131.42752000000002
374,4C,Seattle,0.9,0.7000000000000001,26.11308,31.3533,76.3247,133.79108000000002
375,4C,Seattle,0.9,0.75,25.14045,33.34851,78.12989,136.61885
376,4C,Seattle,0.9,0.8500000000000001,23.1852,37.71897,82.15198,143.05615
377,4C,Seattle,0.9,0.8,24.11532,35.53374,80.1251,139.77416
378,4C,Seattle,0.9,0.95,21.44165,42.18444,86.1424,149.76849
379,4C,Seattle,0.9,0.9,22.29759,39.96753999999999,84.17885999999999,146.44399
0,5A,Buffalo,0.01,0.01,59.00092,16.151699999999998,36.07213,111.22475
1,5A,Buffalo,0.01,0.15,51.35572,21.72562,42.18444,115.26578
2,5A,Buffalo,0.01,0.1,53.98326,19.6354,39.84086,113.45952
3,5A,Buffalo,0.01,0.25,46.69939,25.87439,46.04818,118.62196
4,5A,Buffalo,0.01,0.2,48.97835,23.78417,44.11631,116.87883
5,5A,Buffalo,0.01,0.3,44.52883,28.059619999999995,48.04339,120.63183999999998
6,5A,Buffalo,0.01,0.35,42.33914,30.27652,50.00693,122.62259
7,5A,Buffalo,0.01,0.45,38.01651,35.21704,53.99735,127.2309
8,5A,Buffalo,0.01,0.4,40.20365,32.68344,51.97047,124.85756
9,5A,Buffalo,0.01,0.55,34.19656,40.25257,58.08278,132.53190999999998
10,5A,Buffalo,0.01,0.5,36.07444,37.71897,56.02423,129.81763999999998
11,5A,Buffalo,0.01,0.6000000000000001,32.47788,42.91285,60.173,135.56373
12,5A,Buffalo,0.01,0.65,30.82339,45.6048,62.26322,138.69141
13,5A,Buffalo,0.01,0.7000000000000001,29.23309,48.39176,64.35343999999999,141.97829
14,5A,Buffalo,0.01,0.75,27.79115,51.24206,66.47532999999999,145.50853999999998
15,5A,Buffalo,0.01,0.8500000000000001,25.11982,57.06934,70.78245,152.97161
16,5A,Buffalo,0.01,0.8,26.39172,54.12403,68.62889,149.14463999999998
17,5A,Buffalo,0.01,0.95,22.67188,63.11831,75.12123999999999,160.91143
18,5A,Buffalo,0.01,0.9,23.79542,60.07798999999999,72.93601,156.80942
19,5A,Buffalo,0.05,0.01,63.04043,15.581639999999998,36.19881,114.82088
20,5A,Buffalo,0.05,0.15,55.15505,20.99721,42.31112,118.46338
21,5A,Buffalo,0.05,0.1,57.90268,18.97033,39.96753999999999,116.84055
22,5A,Buffalo,0.05,0.25,50.39946,24.98763,46.17486,121.56195
23,5A,Buffalo,0.05,0.2,52.72263,22.96075,44.24299,119.92637
24,5A,Buffalo,0.05,0.3,48.14218,27.07785,48.10673,123.32676
25,5A,Buffalo,0.05,0.35,45.93995,29.26308,50.10194,125.30497
26,5A,Buffalo,0.05,0.45,41.55143,34.04525,54.06069,129.65737
27,5A,Buffalo,0.05,0.4,43.75026,31.57499,52.06548,127.39073
28,5A,Buffalo,0.05,0.55,37.59141,38.89075999999999,58.11445,134.59662
29,5A,Buffalo,0.05,0.5,39.54431999999999,36.4205,56.08757,132.05239
30,5A,Buffalo,0.05,0.6000000000000001,35.80854,41.45603,60.20467,137.46924
31,5A,Buffalo,0.05,0.65,34.01568,44.05297,62.26322,140.33186999999998
32,5A,Buffalo,0.05,0.7000000000000001,32.39286,46.74491999999999,64.35343999999999,143.49122
33,5A,Buffalo,0.05,0.75,30.8659,49.50021,66.47532999999999,146.84143999999998
34,5A,Buffalo,0.05,0.8500000000000001,28.01369,55.16914,70.71910999999999,153.90193999999997
35,5A,Buffalo,0.05,0.8,29.349780000000003,52.31884,68.59722,150.26584
36,5A,Buffalo,0.05,0.95,25.37488,61.05976,75.02623,161.46087
37,5A,Buffalo,0.05,0.9,26.63594,58.08278,72.87267,157.59139
38,5A,Buffalo,0.15,0.01,72.294,14.44152,36.61052,123.34604
39,5A,Buffalo,0.15,0.15,63.91656999999999,19.57206,42.81784,126.30647
40,5A,Buffalo,0.15,0.1,66.81765999999999,17.67186,40.41092,124.90043999999996
41,5A,Buffalo,0.15,0.25,58.97245,23.21411,46.58657,128.77312999999998
42,5A,Buffalo,0.15,0.2,61.40572,21.34558,44.68637,127.43767
43,5A,Buffalo,0.15,0.3,56.60507,25.14598,48.48677,130.23782
44,5A,Buffalo,0.15,0.35,54.32526,27.14119,50.41864,131.88509
45,5A,Buffalo,0.15,0.45,49.66489,31.60666,54.31405,135.5856
46,5A,Buffalo,0.15,0.4,52.00464,29.29475,52.35051,133.6499
47,5A,Buffalo,0.15,0.55,45.44556,36.13547,58.30447,139.88549999999998
48,5A,Buffalo,0.15,0.5,47.54938,33.85523,56.30926,137.71387
49,5A,Buffalo,0.15,0.6000000000000001,43.50178999999999,38.47905,60.33135,142.31219
50,5A,Buffalo,0.15,0.65,41.63305,40.91764,62.3899,144.94059
51,5A,Buffalo,0.15,0.7000000000000001,39.76516,43.3879,64.41678,147.56984
52,5A,Buffalo,0.15,0.75,38.03564,45.95317,66.50699999999999,150.49581
53,5A,Buffalo,0.15,0.8500000000000001,34.87417,51.24206,70.65576999999999,156.772
54,5A,Buffalo,0.15,0.8,36.42281,48.58178,68.56554999999999,153.57013999999998
55,5A,Buffalo,0.15,0.95,31.97945,56.72097,74.86788,163.5683
56,5A,Buffalo,0.15,0.9,33.421389999999995,53.96567999999999,72.77766,160.16473
57,5A,Buffalo,0.1,0.01,67.816,14.97991,36.38883,119.18474
58,5A,Buffalo,0.1,0.15,59.66876,20.23713,42.53281,122.4387
59,5A,Buffalo,0.1,0.1,62.48228,18.27359,40.18923,120.94509999999998
60,5A,Buffalo,0.1,0.25,54.77055,24.03753,46.33321,125.14129
61,5A,Buffalo,0.1,0.2,57.17045,22.07399,44.43301,123.67745
62,5A,Buffalo,0.1,0.3,52.45822,26.03274,48.26508,126.75604
63,5A,Buffalo,0.1,0.35,50.23261,28.12296,50.22861999999999,128.58418999999998
64,5A,Buffalo,0.1,0.45,45.73483999999999,32.74678,54.1557,132.63732
65,5A,Buffalo,0.1,0.4,47.96704,30.37153,52.16049,130.49906
66,5A,Buffalo,0.1,0.55,41.62391,37.43394,58.20945999999999,137.26731
67,5A,Buffalo,0.1,0.5,43.64186,35.05869,56.18258,134.88313
68,5A,Buffalo,0.1,0.6000000000000001,39.70267,39.87253,60.23634,139.81153999999998
69,5A,Buffalo,0.1,0.65,37.90896,42.37446,62.29489,142.57831000000002
70,5A,Buffalo,0.1,0.7000000000000001,36.17944,44.9714,64.38511,145.53595
71,5A,Buffalo,0.1,0.75,34.54578,47.60001,66.47532999999999,148.62112
72,5A,Buffalo,0.1,0.8500000000000001,31.481019999999997,53.07892,70.68744,155.24738
73,5A,Buffalo,0.1,0.8,32.96547,50.32363,68.56554999999999,151.85465
74,5A,Buffalo,0.1,0.95,28.71383,58.74785,74.93122,162.3929
75,5A,Buffalo,0.1,0.9,30.07075,55.89755,72.80932999999999,158.77763
76,5A,Buffalo,0.25,0.01,80.65571,13.55476,37.02222999999999,131.2327
77,5A,Buffalo,0.25,0.15,71.8704,18.52695,43.35623,133.75358
78,5A,Buffalo,0.25,0.1,74.91496,16.65842,40.91764,132.49102
79,5A,Buffalo,0.25,0.25,66.73944999999999,21.91564,47.09329,135.74838
80,5A,Buffalo,0.25,0.2,69.29281,20.17379,45.22476,134.69136
81,5A,Buffalo,0.25,0.3,64.2845,23.72083,48.99349,136.99882
82,5A,Buffalo,0.25,0.35,61.92711,25.58936,50.89369,138.41016
83,5A,Buffalo,0.25,0.45,57.05993,29.7698,54.72576,141.55549
84,5A,Buffalo,0.25,0.4,59.52976,27.58457,52.793890000000005,139.90822
85,5A,Buffalo,0.25,0.55,52.70882,34.01358,58.65284,145.37524
86,5A,Buffalo,0.25,0.5,54.86769,31.86002,56.68929999999999,143.41701
87,5A,Buffalo,0.25,0.6000000000000001,50.62498,36.23047999999999,60.64804999999999,147.50350999999998
88,5A,Buffalo,0.25,0.65,48.61702,38.51072,62.64326,149.771
89,5A,Buffalo,0.25,0.7000000000000001,46.64158,40.8543,64.63847,152.13434999999998
90,5A,Buffalo,0.25,0.75,44.80451,43.22955,66.66535,154.69941
91,5A,Buffalo,0.25,0.8500000000000001,41.33378,48.20174,70.75077999999999,160.28629999999998
92,5A,Buffalo,0.25,0.8,43.03162999999999,45.69981,68.69223,157.42367
93,5A,Buffalo,0.25,0.95,38.20398,53.33228,74.86788,166.40413999999998
94,5A,Buffalo,0.25,0.9,39.75262,50.76701,72.80932999999999,163.32896
95,5A,Buffalo,0.2,0.01,76.51694,13.96647,36.80054,127.28395
96,5A,Buffalo,0.2,0.15,68.00518,19.002,43.0712,130.07837999999998
97,5A,Buffalo,0.2,0.1,70.983,17.13347,40.66428,128.78075
98,5A,Buffalo,0.2,0.25,62.93012999999999,22.51737,46.83993,132.28742999999997
99,5A,Buffalo,0.2,0.2,65.43928,20.74385,44.93973,131.12286
100,5A,Buffalo,0.2,0.3,60.54022,24.3859,48.74013,133.66625
101,5A,Buffalo,0.2,0.35,58.2162,26.31777,50.64033,135.1743
102,5A,Buffalo,0.2,0.45,53.46826,30.62489,54.50407,138.59722
103,5A,Buffalo,0.2,0.4,55.8197,28.37632,52.5722,136.76822
104,5A,Buffalo,0.2,0.55,49.20387,35.02702,58.46282,142.69371
105,5A,Buffalo,0.2,0.5,51.26688,32.77845,56.46760999999999,140.51294
106,5A,Buffalo,0.2,0.6000000000000001,47.11089,37.27559,60.45803,144.84451
107,5A,Buffalo,0.2,0.65,45.13544999999999,39.61917,62.48491,147.23953
108,5A,Buffalo,0.2,0.7000000000000001,43.29838,42.02609,64.51179,149.83625999999998
109,5A,Buffalo,0.2,0.75,41.50467,44.52802,66.57034,152.60303
110,5A,Buffalo,0.2,0.8500000000000001,38.11981,49.62689,70.68744,158.43414
111,5A,Buffalo,0.2,0.8,39.79598,47.06162,68.62889,155.48649
112,5A,Buffalo,0.2,0.95,35.10755,54.94745,74.86788,164.92288000000002
113,5A,Buffalo,0.2,0.9,36.60283999999999,52.2555,72.77766,161.636
114,5A,Buffalo,0.3,0.01,84.57024,13.17472,37.24392,134.98888
115,5A,Buffalo,0.3,0.15,75.56558000000001,18.11524,43.64126,137.32208
116,5A,Buffalo,0.3,0.1,78.66604,16.27838,41.20267,136.14709
117,5A,Buffalo,0.3,0.25,70.23951,21.50393,47.47333,139.21677
118,5A,Buffalo,0.3,0.2,72.88044,19.79375,45.54146,138.21564999999998
119,5A,Buffalo,0.3,0.3,67.70953,23.27745,49.34186,140.32884
120,5A,Buffalo,0.3,0.35,65.2346,25.14598,51.27373,141.65431
121,5A,Buffalo,0.3,0.45,60.55574,29.07306,55.16914,144.79793999999998
122,5A,Buffalo,0.3,0.4,62.8889,27.07785,53.23727,143.20402
123,5A,Buffalo,0.3,0.55,56.11876,33.15849,58.87452999999999,148.15177999999997
124,5A,Buffalo,0.3,0.5,58.34097,31.09994,57.13267999999999,146.57359
125,5A,Buffalo,0.3,0.6000000000000001,53.99156,35.31205,60.83807,150.14168
126,5A,Buffalo,0.3,0.65,51.9294,37.49728,62.83328,152.25996
127,5A,Buffalo,0.3,0.7000000000000001,49.92144,39.77752,64.82848999999999,154.52745
128,5A,Buffalo,0.3,0.75,48.04100999999999,42.08942999999999,66.8237,156.95414
129,5A,Buffalo,0.3,0.8500000000000001,44.41023,46.93494,70.84579,162.19096
130,5A,Buffalo,0.3,0.8,46.22562,44.49635,68.85058,159.57254999999998
131,5A,Buffalo,0.3,0.95,41.2054,51.90713,74.86788,167.98041
132,5A,Buffalo,0.3,0.9,42.74405,49.4052,72.87267,165.02192
133,5A,Buffalo,0.35,0.01,88.31473,12.858019999999998,37.46561,138.63835999999998
134,5A,Buffalo,0.35,0.15,79.06989,17.703529999999997,43.92629,140.69970999999998
135,5A,Buffalo,0.35,0.1,82.29043999999999,15.898339999999996,41.45603,139.64480999999998
136,5A,Buffalo,0.35,0.25,73.72044,21.06055,47.75836,142.53935
137,5A,Buffalo,0.35,0.2,76.41472,19.35037,45.85816,141.62324999999998
138,5A,Buffalo,0.35,0.3,71.21043999999999,22.77073,49.62689,143.60806
139,5A,Buffalo,0.35,0.35,68.71212999999999,24.57592,51.55876,144.84680999999998
140,5A,Buffalo,0.35,0.45,63.90319,28.37632,55.4225,147.70201
141,5A,Buffalo,0.35,0.4,66.26972,26.44445,53.49063,146.20479999999998
142,5A,Buffalo,0.35,0.55,59.41201,32.36674,59.09622,150.87497
143,5A,Buffalo,0.35,0.5,61.63507,30.37153,57.35437,149.36096999999998
144,5A,Buffalo,0.35,0.6000000000000001,57.20978,34.45696,61.05976,152.7265
145,5A,Buffalo,0.35,0.65,55.10426,36.61052,63.05497,154.76975
146,5A,Buffalo,0.35,0.7000000000000001,53.07462,38.82742,65.01851,156.92055
147,5A,Buffalo,0.35,0.75,51.13,41.07599,66.98204999999999,159.18803999999997
148,5A,Buffalo,0.35,0.8500000000000001,47.48753,45.76315,71.00414,164.25482
149,5A,Buffalo,0.35,0.8,49.28209,43.41957,68.97726,161.67892
150,5A,Buffalo,0.35,0.95,44.14348,50.57699,74.96289,169.68336
151,5A,Buffalo,0.35,0.9,45.78883,48.17007,73.03102,166.98991999999998
152,5A,Buffalo,0.45,0.01,95.19688,12.287959999999998,37.87732,145.36216
153,5A,Buffalo,0.45,0.15,85.81345999999999,17.07013,44.55969,147.44328
154,5A,Buffalo,0.45,0.1,88.89819,15.29661,41.96275,146.15755
155,5A,Buffalo,0.45,0.25,80.29800999999999,20.2688,48.32842,148.89522999999997
156,5A,Buffalo,0.45,0.2,82.98400000000001,18.65363,46.42822,148.06585
157,5A,Buffalo,0.45,0.3,77.66792,21.91564,50.22861999999999,149.81217999999998
158,5A,Buffalo,0.45,0.35,75.13623999999999,23.62582,52.12882,150.89087999999998
159,5A,Buffalo,0.45,0.45,70.2714,27.2362,55.96089,153.46849
160,5A,Buffalo,0.45,0.4,72.61795,25.39934,54.02902,152.04630999999998
161,5A,Buffalo,0.45,0.55,65.61677,31.0366,59.60294,156.25630999999998
162,5A,Buffalo,0.45,0.5,67.9799,29.136399999999995,57.89276,155.00906
163,5A,Buffalo,0.45,0.6000000000000001,63.40285,33.03181,61.53480999999999,157.96947
164,5A,Buffalo,0.45,0.65,61.24228,35.05869,63.46668,159.76765
165,5A,Buffalo,0.45,0.7000000000000001,59.12676999999999,37.18058,65.43021999999999,161.73756999999998
166,5A,Buffalo,0.45,0.75,57.06461,39.33414,67.36209,163.76083999999997
167,5A,Buffalo,0.45,0.8500000000000001,53.23956,43.79961,71.32083999999999,168.36001
168,5A,Buffalo,0.45,0.8,55.10915,41.55103999999999,69.3573,166.01749
169,5A,Buffalo,0.45,0.95,49.75629,48.29675,75.08957,173.14261
170,5A,Buffalo,0.45,0.9,51.43416,46.07985,73.31604999999999,170.83006
171,5A,Buffalo,0.4,0.01,91.7608,12.57299,37.65563,141.98942
172,5A,Buffalo,0.4,0.15,82.52085,17.38683,44.24299,144.15067
173,5A,Buffalo,0.4,0.1,85.74395,15.581639999999998,41.70939,143.03498
174,5A,Buffalo,0.4,0.25,77.1155,20.61717,48.04339,145.77606
175,5A,Buffalo,0.4,0.2,79.75813,18.97033,46.14319,144.87165
176,5A,Buffalo,0.4,0.3,74.56128999999999,22.32735,49.94358999999999,146.83222999999998
177,5A,Buffalo,0.4,0.35,71.94543999999999,24.0692,51.84379,147.85843
178,5A,Buffalo,0.4,0.45,67.15648,27.77459,55.67585999999999,150.60693
179,5A,Buffalo,0.4,0.4,69.54469,25.90606,53.77566,149.22641
180,5A,Buffalo,0.4,0.55,62.5569,31.67,59.34957999999999,153.57648
181,5A,Buffalo,0.4,0.5,64.86583,29.70646,57.60773,152.18002
182,5A,Buffalo,0.4,0.6000000000000001,60.3755,33.69688,61.28145,155.35383000000002
183,5A,Buffalo,0.4,0.65,58.23746,35.7871,63.24499,157.26955
184,5A,Buffalo,0.4,0.7000000000000001,56.14278,37.97233,65.20853,159.32364
185,5A,Buffalo,0.4,0.75,54.18732,40.15756,67.20374,161.54861999999997
186,5A,Buffalo,0.4,0.8500000000000001,50.37396,44.74971,71.16248999999999,166.28616
187,5A,Buffalo,0.4,0.8,52.1902,42.4378,69.16727999999999,163.79528
188,5A,Buffalo,0.4,0.95,46.99739,49.4052,75.02623,171.42881999999997
189,5A,Buffalo,0.4,0.9,48.59024,47.09329,73.12603,168.80955999999998
190,5A,Buffalo,0.55,0.01,101.59887999999998,11.84458,38.3207,151.76415999999998
191,5A,Buffalo,0.55,0.15,91.8435,16.56341,45.19309,153.60000000000002
192,5A,Buffalo,0.55,0.1,95.32676,14.821559999999998,42.56448,152.7128
193,5A,Buffalo,0.55,0.25,86.36716,19.6354,48.96182,154.96438
194,5A,Buffalo,0.55,0.2,89.22574,18.08357,47.09329,154.4026
195,5A,Buffalo,0.55,0.3,83.64949999999999,21.2189,50.79868,155.66707999999997
196,5A,Buffalo,0.55,0.35,81.09359,22.86574,52.73055,156.68988000000002
197,5A,Buffalo,0.55,0.45,76.16201000000001,26.31777,56.53095,159.01073000000002
198,5A,Buffalo,0.55,0.4,78.62695,24.57592,54.63075,157.83362
199,5A,Buffalo,0.55,0.55,71.35477,29.95982,60.14132999999999,161.45592
200,5A,Buffalo,0.55,0.5,73.70876,28.12296,58.43115,160.26287
201,5A,Buffalo,0.55,0.6000000000000001,69.11832,31.86002,62.04153,163.01987
202,5A,Buffalo,0.55,0.65,66.89356000000001,33.82356,63.94173,164.65885
203,5A,Buffalo,0.55,0.7000000000000001,64.76550999999999,35.85044,65.8736,166.48955
204,5A,Buffalo,0.55,0.75,62.66998,37.90899,67.80547,168.38443999999998
205,5A,Buffalo,0.55,0.8500000000000001,58.70571,42.15277,71.66920999999999,172.52768999999998
206,5A,Buffalo,0.55,0.8,60.65033,40.03088,69.73733999999999,170.41854999999998
207,5A,Buffalo,0.55,0.95,55.11489,46.39655,75.31126,176.8227
208,5A,Buffalo,0.55,0.9,56.77192999999999,44.338,73.63275,174.74268
209,5A,Buffalo,0.5,0.01,98.40872,12.06627,38.06734,148.54233
210,5A,Buffalo,0.5,0.15,88.98768,16.816769999999998,44.87639,150.68084
211,5A,Buffalo,0.5,0.1,92.19165,15.04325,42.27945,149.51434999999998
212,5A,Buffalo,0.5,0.25,83.40634,19.9521,48.64512,152.00356
213,5A,Buffalo,0.5,0.2,86.08403999999999,18.33693,46.74491999999999,151.16589
214,5A,Buffalo,0.5,0.3,80.74458,21.5356,50.51364999999999,152.79383
215,5A,Buffalo,0.5,0.35,78.1587,23.21411,52.41385,153.78665999999998
216,5A,Buffalo,0.5,0.45,73.3013,26.76115,56.24592,156.30837
217,5A,Buffalo,0.5,0.4,75.72372999999999,24.95596,54.34572,155.02541
218,5A,Buffalo,0.5,0.55,68.53912,30.466539999999995,59.85629999999999,158.86195999999998
219,5A,Buffalo,0.5,0.5,70.84975,28.598009999999995,58.14612,157.59387999999998
220,5A,Buffalo,0.5,0.6000000000000001,66.24932,32.43008,61.7565,160.43589999999998
221,5A,Buffalo,0.5,0.65,64.07876,34.42529,63.68836999999999,162.19242
222,5A,Buffalo,0.5,0.7000000000000001,62.02574,36.48384,65.65191,164.16149
223,5A,Buffalo,0.5,0.75,59.93106,38.60573,67.58377999999999,166.12057
224,5A,Buffalo,0.5,0.8500000000000001,55.98847,42.94452,71.47919,170.41217999999998
225,5A,Buffalo,0.5,0.8,57.93308999999999,40.72762,69.51565,168.17636
226,5A,Buffalo,0.5,0.95,52.49351,47.31498,75.21625,175.02474
227,5A,Buffalo,0.5,0.9,54.13971,45.19309,73.47439999999999,172.80719999999997
228,5A,Buffalo,0.6000000000000001,0.01,104.62878,11.686229999999998,38.98577,155.30077999999995
229,5A,Buffalo,0.6000000000000001,0.15,94.68763,16.37339,45.50979,156.57081
230,5A,Buffalo,0.6000000000000001,0.1,98.11924,14.63154,42.84951,155.60028999999997
231,5A,Buffalo,0.6000000000000001,0.25,89.26293999999999,19.38204,49.27852,157.9235
232,5A,Buffalo,0.6000000000000001,0.2,92.04819,17.86188,47.40999,157.32006
233,5A,Buffalo,0.6000000000000001,0.3,86.50192,20.93387,51.14704999999999,158.58283999999998
234,5A,Buffalo,0.6000000000000001,0.35,83.98852,22.54904,53.04725,159.58480999999998
235,5A,Buffalo,0.6000000000000001,0.45,78.92686,25.93773,56.81598,161.68057000000002
236,5A,Buffalo,0.6000000000000001,0.4,81.446,24.22755,54.94745,160.621
237,5A,Buffalo,0.6000000000000001,0.55,74.09794,29.48477,60.42635999999999,164.00906999999998
238,5A,Buffalo,0.6000000000000001,0.5,76.48445000000001,27.67958,58.71618,162.88021
239,5A,Buffalo,0.6000000000000001,0.6000000000000001,71.83895999999999,31.3533,62.32655999999999,165.51881999999998
240,5A,Buffalo,0.6000000000000001,0.65,69.59167,33.28517,64.22676,167.10359999999997
241,5A,Buffalo,0.6000000000000001,0.7000000000000001,67.41027,35.28038,66.12696,168.81761
242,5A,Buffalo,0.6000000000000001,0.75,65.28222,37.30725999999999,68.02716,170.61663999999996
243,5A,Buffalo,0.6000000000000001,0.8500000000000001,61.27459,41.45603,71.89089999999999,174.62151999999998
244,5A,Buffalo,0.6000000000000001,0.8,63.2834,39.36581,69.95903,172.60824
245,5A,Buffalo,0.6000000000000001,0.95,57.72543,45.54146,75.40626999999999,178.67316
246,5A,Buffalo,0.6000000000000001,0.9,59.31913,43.60959,73.7911,176.71982
247,5A,Buffalo,0.65,0.01,107.57026,11.55955,39.77752,158.90733
248,5A,Buffalo,0.65,0.15,97.46502,16.24671,46.01651,159.72823999999997
249,5A,Buffalo,0.65,0.1,100.84583,14.50486,43.26122,158.61190999999997
250,5A,Buffalo,0.65,0.25,91.5893,19.41371,50.10194,161.10495
251,5A,Buffalo,0.65,0.2,94.51462,17.79854,48.07505999999999,160.38822
252,5A,Buffalo,0.65,0.3,88.88077999999999,20.99721,52.12882,162.00680999999997
253,5A,Buffalo,0.65,0.35,86.20563,22.64405,54.09235999999999,162.94204
254,5A,Buffalo,0.65,0.45,81.14567,26.03274,57.9561,165.13451
255,5A,Buffalo,0.65,0.4,83.6223,24.32256,56.02423,163.96909
256,5A,Buffalo,0.65,0.55,76.3159,29.51644,61.47147,167.30381
257,5A,Buffalo,0.65,0.5,78.61654,27.77459,59.79296,166.18409
258,5A,Buffalo,0.65,0.6000000000000001,74.01526,31.32163,63.27666,168.61355
259,5A,Buffalo,0.65,0.65,71.71462,33.28517,65.14519,170.14497999999998
260,5A,Buffalo,0.65,0.7000000000000001,69.62908,35.18537,66.91870999999999,171.73316
261,5A,Buffalo,0.65,0.75,67.55438,37.14891,68.7239,173.42719
262,5A,Buffalo,0.65,0.8500000000000001,63.49255,41.20267,72.39761999999999,177.09283999999997
263,5A,Buffalo,0.65,0.8,65.42717999999999,39.17578999999999,70.56076,175.16373
264,5A,Buffalo,0.65,0.95,59.87919999999999,45.25643,75.88132,181.01695
265,5A,Buffalo,0.65,0.9,61.55792,43.29289,74.26615,179.11696
266,5A,Buffalo,0.7000000000000001,0.01,110.47667,11.46454,40.60094,162.54215
267,5A,Buffalo,0.7000000000000001,0.15,99.99075,16.151699999999998,46.49156,162.63401
268,5A,Buffalo,0.7000000000000001,0.1,103.51163,14.37818,43.7046,161.59440999999998
269,5A,Buffalo,0.7000000000000001,0.25,93.78643,19.44538,51.02036999999999,164.25217999999998
270,5A,Buffalo,0.7000000000000001,0.2,96.85437,17.79854,48.7718,163.42471
271,5A,Buffalo,0.7000000000000001,0.3,90.99204,21.12389,53.14226,165.25819
272,5A,Buffalo,0.7000000000000001,0.35,88.34940999999999,22.8024,55.23248,166.38429
273,5A,Buffalo,0.7000000000000001,0.45,83.16022,26.19109,59.15956,168.51086999999998
274,5A,Buffalo,0.7000000000000001,0.4,85.72187,24.48091,57.22769,167.43047
275,5A,Buffalo,0.7000000000000001,0.55,78.3313,29.64312,62.64326,170.61768
276,5A,Buffalo,0.7000000000000001,0.5,80.7278,27.93294,61.02808999999999,169.68883
277,5A,Buffalo,0.7000000000000001,0.6000000000000001,76.12567,31.38497,64.38511,171.89575
278,5A,Buffalo,0.7000000000000001,0.65,73.68920999999999,33.38018,66.12696,173.19635
279,5A,Buffalo,0.7000000000000001,0.7000000000000001,71.66700999999999,35.18537,67.74213,174.59451
280,5A,Buffalo,0.7000000000000001,0.75,69.57148,37.0539,69.42064,176.04602
281,5A,Buffalo,0.7000000000000001,0.8500000000000001,65.50880000000001,41.01265,72.93601,179.45746
282,5A,Buffalo,0.7000000000000001,0.8,67.55097999999998,39.01744,71.19416,177.76257999999996
283,5A,Buffalo,0.7000000000000001,0.95,61.92712,45.00307,76.35637,183.28656
284,5A,Buffalo,0.7000000000000001,0.9,63.637510000000006,43.03953,74.67786,181.3549
285,5A,Buffalo,0.75,0.01,113.14714999999998,11.36953,41.4877,166.00437999999997
286,5A,Buffalo,0.75,0.15,102.43805,16.088359999999998,46.99828,165.52468999999996
287,5A,Buffalo,0.75,0.1,105.81886,14.314839999999998,44.24299,164.37669
288,5A,Buffalo,0.75,0.25,95.99439999999998,19.57206,51.97047,167.53692999999998
289,5A,Buffalo,0.75,0.2,99.2124,17.830209999999997,49.56355,166.60616
290,5A,Buffalo,0.75,0.3,93.04995,21.28224,54.28238,168.61457
291,5A,Buffalo,0.75,0.35,90.27894,23.02409,56.49928,169.80230999999998
292,5A,Buffalo,0.75,0.45,85.02556,26.44445,60.45803,171.92804
293,5A,Buffalo,0.75,0.4,87.55554,24.73427,58.52616,170.81597
294,5A,Buffalo,0.75,0.55,80.19749,29.83314,63.94173,173.97236
295,5A,Buffalo,0.75,0.5,82.56147,28.15463,62.32655999999999,173.04265999999998
296,5A,Buffalo,0.75,0.6000000000000001,78.04520999999998,31.54332,65.5569,175.14542999999998
297,5A,Buffalo,0.75,0.65,75.58707,33.50686,67.20374,176.29766999999998
298,5A,Buffalo,0.75,0.7000000000000001,73.57740999999999,35.21704,68.62889,177.42334
299,5A,Buffalo,0.75,0.75,71.53438,37.02222999999999,70.14904999999999,178.70565999999997
300,5A,Buffalo,0.75,0.8500000000000001,67.67426,40.82263,73.50607,182.00296
301,5A,Buffalo,0.75,0.8,69.58891,38.92243,71.82755999999999,180.3389
302,5A,Buffalo,0.75,0.95,63.95336,44.74971,76.76808,185.47115
303,5A,Buffalo,0.75,0.9,65.73963,42.78617,75.15290999999999,183.67871
304,5A,Buffalo,0.8500000000000001,0.01,118.27811,11.17951,43.13454,172.59215999999998
305,5A,Buffalo,0.8500000000000001,0.15,107.12435,15.77166,47.66335,170.55936
306,5A,Buffalo,0.8500000000000001,0.1,110.80847,14.06148,45.25643,170.12637999999998
307,5A,Buffalo,0.8500000000000001,0.25,100.79229,19.3187,52.95224,173.06322999999998
308,5A,Buffalo,0.8500000000000001,0.2,103.99201,17.54518,50.3553,171.89249
309,5A,Buffalo,0.8500000000000001,0.3,97.60851,21.06055,55.39083,174.05989
310,5A,Buffalo,0.8500000000000001,0.35,94.8375,22.77073,57.67107,175.2793
311,5A,Buffalo,0.8500000000000001,0.45,89.58242,26.19109,61.72482999999999,177.49833999999998
312,5A,Buffalo,0.8500000000000001,0.4,92.12324,24.48091,59.76129,176.36544
313,5A,Buffalo,0.8500000000000001,0.55,84.64595,29.51644,65.17685999999999,179.33925
314,5A,Buffalo,0.8500000000000001,0.5,86.94744,27.8696,63.49835,178.31539
315,5A,Buffalo,0.8500000000000001,0.6000000000000001,82.46285,31.16328,66.69702,180.32315
316,5A,Buffalo,0.8500000000000001,0.65,79.85634999999999,33.09515,68.28052,181.23202
317,5A,Buffalo,0.8500000000000001,0.7000000000000001,77.85583000000001,34.71032,69.54732,182.11347
318,5A,Buffalo,0.8500000000000001,0.75,75.78113,36.38883,70.90913,183.07909
319,5A,Buffalo,0.8500000000000001,0.8500000000000001,71.97435999999999,40.06255,74.07612999999999,186.11304
320,5A,Buffalo,0.8500000000000001,0.8,73.91982999999999,38.22569,72.49262999999999,184.63815
321,5A,Buffalo,0.8500000000000001,0.95,68.3168,43.76794,77.21145999999999,189.2962
322,5A,Buffalo,0.8500000000000001,0.9,70.09138,41.89941,75.65962999999999,187.65042
323,5A,Buffalo,0.8,0.01,115.70349,11.24285,42.31112,169.25745999999998
324,5A,Buffalo,0.8,0.15,104.96378,15.86667,47.21997,168.05041999999997
325,5A,Buffalo,0.8,0.1,108.40623,14.156489999999998,44.6547,167.21741999999998
326,5A,Buffalo,0.8,0.25,98.47252,19.41371,52.50885999999999,170.39508999999998
327,5A,Buffalo,0.8,0.2,101.64971,17.64019,49.94358999999999,169.23349
328,5A,Buffalo,0.8,0.3,95.3863,21.18723,54.94745,171.52098
329,5A,Buffalo,0.8,0.35,92.52113,22.92908,57.16435,172.61455999999998
330,5A,Buffalo,0.8,0.45,87.32854,26.34944,61.24978,174.92776
331,5A,Buffalo,0.8,0.4,89.83769000000001,24.63926,59.28623999999999,173.76319
332,5A,Buffalo,0.8,0.55,82.47963999999999,29.73813,64.73348,176.95125
333,5A,Buffalo,0.8,0.5,84.77114,28.059619999999995,63.02329999999999,175.85406
334,5A,Buffalo,0.8,0.6000000000000001,80.24319,31.41664,66.28531,177.94513999999998
335,5A,Buffalo,0.8,0.65,77.64752999999999,33.41185,67.90048,178.95986
336,5A,Buffalo,0.8,0.7000000000000001,75.63616999999999,35.05869,69.19895,179.89380999999997
337,5A,Buffalo,0.8,0.75,73.71068,36.80054,70.6241,181.13532
338,5A,Buffalo,0.8,0.8500000000000001,69.70134999999999,40.5376,73.82276999999999,184.06172
339,5A,Buffalo,0.8,0.8,71.66935,38.66907,72.23926999999999,182.57769
340,5A,Buffalo,0.8,0.95,66.07715999999999,44.36967,77.05310999999999,187.49994
341,5A,Buffalo,0.8,0.9,67.84175,42.4378,75.43794,185.71749
342,5A,Buffalo,0.95,0.01,123.45073,11.02116,44.78138,179.25327
343,5A,Buffalo,0.95,0.15,111.65294,15.64498,48.74013,176.03805
344,5A,Buffalo,0.95,0.1,115.25693,13.96647,46.5549,175.7783
345,5A,Buffalo,0.95,0.25,105.04669,19.16035,53.87067,178.07771
346,5A,Buffalo,0.95,0.2,108.17563,17.38683,51.17872,176.74118
347,5A,Buffalo,0.95,0.3,101.86291,20.9022,56.34092999999999,179.10603999999998
348,5A,Buffalo,0.95,0.35,98.77095,22.61238,58.5895,179.97283
349,5A,Buffalo,0.95,0.45,93.70419,25.93773,62.7066,182.34852
350,5A,Buffalo,0.95,0.4,96.33088,24.29089,60.77473,181.3965
351,5A,Buffalo,0.95,0.55,88.73604999999999,29.16807,66.09529,183.99941
352,5A,Buffalo,0.95,0.5,91.26178,27.58457,64.51179,183.35814
353,5A,Buffalo,0.95,0.6000000000000001,86.60459999999999,30.7199,67.58377999999999,184.90828
354,5A,Buffalo,0.95,0.65,84.00808999999998,32.588429999999995,69.07226999999999,185.66878999999997
355,5A,Buffalo,0.95,0.7000000000000001,82.07176,34.10859,70.24405999999999,186.42441
356,5A,Buffalo,0.95,0.75,80.14542,35.69208999999999,71.5742,187.41171
357,5A,Buffalo,0.95,0.8500000000000001,76.16691,39.17578999999999,74.51951,189.86221
358,5A,Buffalo,0.95,0.8,78.11408,37.43394,73.03102,188.57904
359,5A,Buffalo,0.95,0.95,72.55186,42.69116,77.52816,192.77118
360,5A,Buffalo,0.95,0.9,74.27394,40.91764,76.008,191.19958
361,5A,Buffalo,0.9,0.01,120.74688,11.084499999999998,43.92629,175.75767
362,5A,Buffalo,0.9,0.15,109.52744,15.70832,48.20174,173.4375
363,5A,Buffalo,0.9,0.1,112.97478,13.99814,45.88983,172.86275
364,5A,Buffalo,0.9,0.25,103.02619,19.22369,53.42729,175.67717
365,5A,Buffalo,0.9,0.2,106.25843,17.45017,50.79868,174.50728
366,5A,Buffalo,0.9,0.3,99.76908,20.96554,55.83420999999999,176.56883
367,5A,Buffalo,0.9,0.35,96.95386,22.67572,58.14612,177.77569999999997
368,5A,Buffalo,0.9,0.45,91.53618,26.03274,62.19988,179.7688
369,5A,Buffalo,0.9,0.4,94.27956,24.3859,60.26801,178.93347
370,5A,Buffalo,0.9,0.55,86.71724999999999,29.32642,65.62024,181.66391
371,5A,Buffalo,0.9,0.5,89.12544,27.71125,64.00507,180.84176
372,5A,Buffalo,0.9,0.6000000000000001,84.64914,30.94159,67.1404,182.73113
373,5A,Buffalo,0.9,0.65,82.08685,32.84179,68.69223,183.62087
374,5A,Buffalo,0.9,0.7000000000000001,80.02299000000001,34.39362,69.89569,184.3123
375,5A,Buffalo,0.9,0.75,77.95828,36.04046,71.22582999999999,185.22457
376,5A,Buffalo,0.9,0.8500000000000001,74.06563999999999,39.5875,74.26615,187.91929
377,5A,Buffalo,0.9,0.8,76.08614,37.81398,72.77766,186.67778
378,5A,Buffalo,0.9,0.95,70.50309,43.19788,77.36981,191.07078
379,5A,Buffalo,0.9,0.9,72.246,41.39269,75.81798,189.45667
0,5B,Denver,0.01,0.01,38.80336,21.59894,43.83128,104.23358
1,5B,Denver,0.01,0.15,28.92106,29.83314,50.83035,109.58455
2,5B,Denver,0.01,0.1,32.16011,26.63447,48.1384,106.93298
3,5B,Denver,0.01,0.25,23.57245,36.26215,55.4225,115.2571
4,5B,Denver,0.01,0.2,25.97044,32.9368,53.11059,112.01783
5,5B,Denver,0.01,0.3,21.17446,39.80919,57.76608,118.74973
6,5B,Denver,0.01,0.35,19.15906,43.57792,60.173,122.90998
7,5B,Denver,0.01,0.45,15.92341,52.19216,65.14519,133.26076
8,5B,Denver,0.01,0.4,17.40871,47.72669,62.61158999999999,127.74699
9,5B,Denver,0.01,0.55,13.95966,61.09143,70.24405999999999,145.29514999999998
10,5B,Denver,0.01,0.5,14.88319,56.56262,67.67878999999999,139.1246
11,5B,Denver,0.01,0.6000000000000001,13.227,65.71525,72.841,151.78325
12,5B,Denver,0.01,0.65,12.57936,70.43408,75.50128,158.51471999999998
13,5B,Denver,0.01,0.7000000000000001,12.02758,75.21625,78.16156,165.40539
14,5B,Denver,0.01,0.75,11.54998,80.06175999999999,80.88517999999999,172.49692
15,5B,Denver,0.01,0.8500000000000001,10.77481,89.91113,86.36408999999999,187.05003
16,5B,Denver,0.01,0.8,11.13572,84.97061,83.60879999999999,179.71513
17,5B,Denver,0.01,0.95,10.201349999999998,99.98219,92.00135,202.18489
18,5B,Denver,0.01,0.9,10.456409999999998,94.94666,89.18271999999999,194.58579
19,5B,Denver,0.05,0.01,42.6401,20.96554,44.0213,107.62694
20,5B,Denver,0.05,0.15,32.24343,28.85137,51.02036999999999,112.11516999999998
21,5B,Denver,0.05,0.1,35.72839999999999,25.77938,48.32842,109.8362
22,5B,Denver,0.05,0.25,26.47971,34.99535,55.58085,117.05591
23,5B,Denver,0.05,0.2,29.3028,31.82835,53.26894,114.40009
24,5B,Denver,0.05,0.3,24.19841,38.38404,57.92443,120.50688
25,5B,Denver,0.05,0.35,21.87545,41.96275,60.26801,124.10621
26,5B,Denver,0.05,0.45,18.05635,50.19695,65.20853,133.46183
27,5B,Denver,0.05,0.4,19.8067,45.9215,62.7066,128.4348
28,5B,Denver,0.05,0.55,15.647520000000002,58.77951999999999,70.24405999999999,144.67109999999997
29,5B,Denver,0.05,0.5,16.71941,54.40906,67.71046,138.83893
30,5B,Denver,0.05,0.6000000000000001,14.72399,63.27666,72.841,150.84165
31,5B,Denver,0.05,0.65,13.92799,67.83714,75.46960999999999,157.23474
32,5B,Denver,0.05,0.7000000000000001,13.26951,72.49262999999999,78.09822,163.86036
33,5B,Denver,0.05,0.75,12.67522,77.24313,80.79017,170.70852
34,5B,Denver,0.05,0.8500000000000001,11.70918,86.87080999999999,86.23741,184.8174
35,5B,Denver,0.05,0.8,12.15511,82.02529999999999,83.48212,177.66252999999998
36,5B,Denver,0.05,0.95,10.95569,96.72017999999998,91.77966,199.45553
37,5B,Denver,0.05,0.9,11.30576,91.77966,88.9927,192.07812
38,5B,Denver,0.15,0.01,51.52065,19.66707,44.62303,115.81075
39,5B,Denver,0.15,0.15,40.22936,27.01451,51.55876,118.80263
40,5B,Denver,0.15,0.1,43.99447,24.16421,48.83514,116.99382
41,5B,Denver,0.15,0.25,33.98294,32.55676,56.0559,122.5956
42,5B,Denver,0.15,0.2,36.89275,29.70646,53.77566,120.37487
43,5B,Denver,0.15,0.3,31.18068,35.59708,58.33614,125.1139
44,5B,Denver,0.15,0.35,28.52763,38.79575,60.64804999999999,127.97143
45,5B,Denver,0.15,0.45,23.76502,46.26987,65.46189,135.49678
46,5B,Denver,0.15,0.4,26.15132,42.37446,63.02329999999999,131.54908
47,5B,Denver,0.15,0.55,20.3385,54.1557,70.40241,144.89661
48,5B,Denver,0.15,0.5,21.94049,50.13361,67.93215,140.00625
49,5B,Denver,0.15,0.6000000000000001,19.00156,58.30447,72.93601,150.24203999999995
50,5B,Denver,0.15,0.65,17.81298,62.57992,75.46960999999999,155.86251
51,5B,Denver,0.15,0.7000000000000001,16.80443,66.91870999999999,78.06654999999999,161.78968999999998
52,5B,Denver,0.15,0.75,15.93425,71.38417999999999,80.66349,167.98191999999997
53,5B,Denver,0.15,0.8500000000000001,14.49061,80.50514,85.98405,180.9798
54,5B,Denver,0.15,0.8,15.16992,75.91299,83.32377,174.40668
55,5B,Denver,0.15,0.95,13.34454,89.87946,91.43129,194.65529
56,5B,Denver,0.15,0.9,13.89632,85.16063,88.70767,187.76462
57,5B,Denver,0.1,0.01,47.23373,20.2688,44.30633,111.80886
58,5B,Denver,0.1,0.15,36.34182,27.83793,51.30539999999999,115.48515
59,5B,Denver,0.1,0.1,39.96686,24.89262,48.58178,113.44126
60,5B,Denver,0.1,0.25,30.32134,33.66521,55.80254,119.78909
61,5B,Denver,0.1,0.2,33.21946,30.65656,53.5223,117.39831999999998
62,5B,Denver,0.1,0.3,27.65745,36.86388,58.11445,122.63578
63,5B,Denver,0.1,0.35,25.30197,40.22089999999999,60.45803,125.98089999999998
64,5B,Denver,0.1,0.45,20.8686,48.07505999999999,65.33520999999999,134.27886999999998
65,5B,Denver,0.1,0.4,22.91567,43.98963,62.83328,129.73857999999998
66,5B,Denver,0.1,0.55,17.91883,56.27759,70.30739999999999,144.50381999999996
67,5B,Denver,0.1,0.5,19.25577,52.09714999999999,67.80547,139.15839
68,5B,Denver,0.1,0.6000000000000001,16.761919999999996,60.58471,72.841,150.18762999999998
69,5B,Denver,0.1,0.65,15.80672,65.01851,75.43794,156.26317
70,5B,Denver,0.1,0.7000000000000001,14.96821,69.51565,78.06654999999999,162.55041
71,5B,Denver,0.1,0.75,14.246389999999998,74.1078,80.72682999999999,169.08101999999997
72,5B,Denver,0.1,0.8500000000000001,13.046969999999998,83.48212,86.11073,182.63982
73,5B,Denver,0.1,0.8,13.60959,78.76329,83.38710999999999,175.75999
74,5B,Denver,0.1,0.95,12.08093,93.1098,91.58964,196.78037
75,5B,Denver,0.1,0.9,12.52686,88.26429,88.83435,189.6255
76,5B,Denver,0.25,0.01,59.36523,18.71697,45.22476,123.30696
77,5B,Denver,0.25,0.15,47.55022,25.68437,52.22382999999999,125.45842
78,5B,Denver,0.25,0.1,51.5638,22.99242,49.46854,124.02476
79,5B,Denver,0.25,0.25,40.83194,30.81491,56.59429,128.24114
80,5B,Denver,0.25,0.2,44.1152,28.1863,54.377390000000005,126.67889
81,5B,Denver,0.25,0.3,37.87877,33.60187,58.84286,130.3235
82,5B,Denver,0.25,0.35,35.054829999999995,36.57885,61.1231,132.75678
83,5B,Denver,0.25,0.45,29.57869,43.41957,65.8736,138.87186
84,5B,Denver,0.25,0.4,32.17838999999999,39.84086,63.43501,135.45426
85,5B,Denver,0.25,0.55,25.44204,50.73534,70.71910999999999,146.89648999999997
86,5B,Denver,0.25,0.5,27.4466,46.99828,68.28052,142.72539999999998
87,5B,Denver,0.25,0.6000000000000001,23.69169,54.59908,73.18937,151.48014
88,5B,Denver,0.25,0.65,22.20639,58.55782999999999,75.69129999999998,156.45551999999998
89,5B,Denver,0.25,0.7000000000000001,20.86945,62.67493,78.19323,161.73761
90,5B,Denver,0.25,0.75,19.68087,66.85537,80.7585,167.29474
91,5B,Denver,0.25,0.8500000000000001,17.738799999999998,75.50128,85.95237999999999,179.19245999999998
92,5B,Denver,0.25,0.8,18.651490000000003,71.13082,83.32377,173.10608
93,5B,Denver,0.25,0.95,16.17847,84.40055,91.2096,191.78862
94,5B,Denver,0.25,0.9,16.93196,79.93507999999999,88.58098999999999,185.44803
95,5B,Denver,0.2,0.01,55.55421,19.16035,44.90806,119.62261999999998
96,5B,Denver,0.2,0.15,44.00106,26.2861,51.87546,122.16262
97,5B,Denver,0.2,0.1,47.95874,23.53081,49.15183999999999,120.64139
98,5B,Denver,0.2,0.25,37.46536,31.60666,56.30926,125.38128
99,5B,Denver,0.2,0.2,40.63108,28.88304,54.06069,123.57481
100,5B,Denver,0.2,0.3,34.53471999999999,34.5203,58.5895,127.64451999999996
101,5B,Denver,0.2,0.35,31.92333,37.59229,60.86973999999999,130.38536
102,5B,Denver,0.2,0.45,26.83063,44.74971,65.65191,137.23225000000002
103,5B,Denver,0.2,0.4,29.16443,41.01265,63.21332,133.3904
104,5B,Denver,0.2,0.55,22.85318,52.31884,70.56076,145.73278
105,5B,Denver,0.2,0.5,24.67771,48.4551,68.09049999999999,141.22331
106,5B,Denver,0.2,0.6000000000000001,21.2937,56.30926,73.03102,150.63398
107,5B,Denver,0.2,0.65,19.956760000000003,60.42635999999999,75.56461999999999,155.94773999999998
108,5B,Denver,0.2,0.7000000000000001,18.81069,64.67014,78.12989,161.61072
109,5B,Denver,0.2,0.75,17.77047,68.97726,80.69516,167.44289
110,5B,Denver,0.2,0.8500000000000001,16.05094,77.87652999999999,85.95237999999999,179.87984999999998
111,5B,Denver,0.2,0.8,16.88945,73.41105999999999,83.29209999999999,173.59260999999998
112,5B,Denver,0.2,0.95,14.70316,86.99748999999998,91.30460999999998,193.00526
113,5B,Denver,0.2,0.9,15.37163,82.40534,88.61265999999999,186.38963
114,5B,Denver,0.3,0.01,63.0179,18.30526,45.54146,126.86462
115,5B,Denver,0.3,0.15,50.95187,25.20932,52.60386999999999,128.76506
116,5B,Denver,0.3,0.1,55.06300999999999,22.54904,49.81691,127.42896
117,5B,Denver,0.3,0.25,43.92263,30.30819,57.006,131.23682
118,5B,Denver,0.3,0.2,47.32428,27.67958,54.75742999999999,129.76128999999997
119,5B,Denver,0.3,0.3,40.72439,33.06348,59.2229,133.01076999999998
120,5B,Denver,0.3,0.35,37.87792,36.00879,61.53480999999999,135.42152
121,5B,Denver,0.3,0.45,32.528459999999995,42.34279,66.22197,141.09321999999997
122,5B,Denver,0.3,0.4,35.12901,39.11245,63.87839,138.11985
123,5B,Denver,0.3,0.55,28.12591,49.34186,70.87746,148.34523000000002
124,5B,Denver,0.3,0.5,30.247159999999997,45.76315,68.59722,144.60753
125,5B,Denver,0.3,0.6000000000000001,26.15302,53.07892,73.34772,152.57966
126,5B,Denver,0.3,0.65,24.57271,56.91098999999999,75.81798,157.30168
127,5B,Denver,0.3,0.7000000000000001,22.99155,60.90141,78.31991,162.21287
128,5B,Denver,0.3,0.75,21.66545,64.98684,80.85351,167.5058
129,5B,Denver,0.3,0.8500000000000001,19.49,73.41105999999999,85.95237999999999,178.85343999999998
130,5B,Denver,0.3,0.8,20.51938,69.13560999999999,83.38710999999999,173.04209999999998
131,5B,Denver,0.3,0.95,17.738799999999998,82.05696999999999,91.11459,190.91036
132,5B,Denver,0.3,0.9,18.54564,77.71817999999999,88.58098999999999,184.84481
133,5B,Denver,0.35,0.01,66.44803,17.98856,45.85816,130.29475
134,5B,Denver,0.35,0.15,54.20516,24.73427,52.95224,131.89167
135,5B,Denver,0.35,0.1,58.45637,22.13733,50.19695,130.79065
136,5B,Denver,0.35,0.25,47.07751,29.70646,57.35437,134.13834
137,5B,Denver,0.35,0.2,50.55503999999999,27.14119,55.13747,132.8337
138,5B,Denver,0.35,0.3,43.88926,32.36674,59.57126999999999,135.82727
139,5B,Denver,0.35,0.35,40.83024,35.21704,61.85151,137.89879
140,5B,Denver,0.35,0.45,35.31988,41.36102,66.47532999999999,143.15623
141,5B,Denver,0.35,0.4,38.01629,38.22569,64.13175,140.37373
142,5B,Denver,0.35,0.55,30.59808,48.10673,71.09915,149.80396
143,5B,Denver,0.35,0.5,32.88937,44.6547,68.85058,146.39465
144,5B,Denver,0.35,0.6000000000000001,28.6677,51.74878,73.50607,153.92255
145,5B,Denver,0.35,0.65,26.71564,55.48584,75.97632999999999,158.17781
146,5B,Denver,0.35,0.7000000000000001,25.167,59.34957999999999,78.44659,162.96317
147,5B,Denver,0.35,0.75,23.71337,63.30832999999999,80.94851999999999,167.97021999999998
148,5B,Denver,0.35,0.8500000000000001,21.27287,71.51086,86.01572,178.79944999999998
149,5B,Denver,0.35,0.8,22.41894,67.36209,83.48212,173.26315
150,5B,Denver,0.35,0.95,19.3308,79.90341,91.08292,190.31713
151,5B,Denver,0.35,0.9,20.24349,75.72296999999999,88.58098999999999,184.54745
152,5B,Denver,0.45,0.01,72.89573000000001,17.38683,46.49156,136.77412
153,5B,Denver,0.45,0.15,60.34169,24.00586,53.74399,138.09154
154,5B,Denver,0.45,0.1,64.57632,21.47226,50.89369,136.94226999999998
155,5B,Denver,0.45,0.25,53.01807,28.72469,58.08278,139.82554
156,5B,Denver,0.45,0.2,56.55149999999999,26.2861,55.89755,138.73514999999998
157,5B,Denver,0.45,0.3,49.76308,31.258289999999995,60.29968,141.32105
158,5B,Denver,0.45,0.35,46.47982,33.91857,62.51657999999999,142.91496999999998
159,5B,Denver,0.45,0.45,40.81855,39.74585,67.07705999999999,147.64146
160,5B,Denver,0.45,0.4,43.43079,36.76886999999999,64.76514999999999,144.96481
161,5B,Denver,0.45,0.55,35.511599999999994,46.07985,71.5742,153.16565
162,5B,Denver,0.45,0.5,38.22799,42.81784,69.38897,150.4348
163,5B,Denver,0.45,0.6000000000000001,33.33615,49.50021,73.98111999999999,156.81748
164,5B,Denver,0.45,0.65,31.309909999999995,53.04725,76.35637,160.71353
165,5B,Denver,0.45,0.7000000000000001,29.51705,56.68929999999999,78.79495999999999,165.00131
166,5B,Denver,0.45,0.75,27.80921,60.45803,81.23355,169.50079
167,5B,Denver,0.45,0.8500000000000001,24.9553,68.24885,86.20573999999999,179.40989
168,5B,Denver,0.45,0.8,26.32391,64.32176999999999,83.73548,174.38115999999997
169,5B,Denver,0.45,0.95,22.66316,76.16635,91.05125,189.88076
170,5B,Denver,0.45,0.9,23.73505,72.27094,88.73934,184.74533
171,5B,Denver,0.4,0.01,69.78314999999999,17.67186,46.20653,133.66153999999997
172,5B,Denver,0.4,0.15,57.32093,24.35423,53.36395,135.03911
173,5B,Denver,0.4,0.1,61.59637,21.78896,50.54532,133.93065
174,5B,Denver,0.4,0.25,50.11655,29.19974,57.70273999999999,137.01903
175,5B,Denver,0.4,0.2,53.61661,26.69781,55.51751,135.83193
176,5B,Denver,0.4,0.3,46.86326,31.76501,59.91964,138.54791
177,5B,Denver,0.4,0.35,43.67586,34.5203,62.16821,140.36436999999998
178,5B,Denver,0.4,0.45,38.13298,40.50592999999999,66.76035999999999,145.39926999999997
179,5B,Denver,0.4,0.4,40.81855,37.43394,64.44845,142.70094
180,5B,Denver,0.4,0.55,33.09193,47.02995,71.32083999999999,151.44272
181,5B,Denver,0.4,0.5,35.510749999999994,43.67293,69.10394,148.28761999999998
182,5B,Denver,0.4,0.6000000000000001,31.01234,50.54532,73.72776,155.28542
183,5B,Denver,0.4,0.65,29.11363,54.18737,76.13467999999999,159.43568
184,5B,Denver,0.4,0.7000000000000001,27.36328,57.9561,78.60494,163.92432
185,5B,Denver,0.4,0.75,25.76129,61.81983999999999,81.0752,168.65632999999997
186,5B,Denver,0.4,0.8500000000000001,23.09825,69.80068,86.11073,179.00966
187,5B,Denver,0.4,0.8,24.35017,65.74692,83.57713,173.67422
188,5B,Denver,0.4,0.95,20.98614,77.97154,91.08292,190.0406
189,5B,Denver,0.4,0.9,21.98385,73.91778,88.67599999999999,184.57763
190,5B,Denver,0.55,0.01,78.64244,16.91178,47.06162,142.61584
191,5B,Denver,0.55,0.15,65.84226999999998,23.46747,54.53573999999999,143.84547999999995
192,5B,Denver,0.55,0.1,70.11367,20.96554,51.59043,142.66964000000002
193,5B,Denver,0.55,0.25,58.52439,27.96461,58.84286,145.33185999999998
194,5B,Denver,0.55,0.2,62.11287,25.6527,56.68929999999999,144.45486999999997
195,5B,Denver,0.55,0.3,55.08767,30.37153,60.99642,146.45562
196,5B,Denver,0.55,0.35,51.81185,32.9368,63.24499,147.99364
197,5B,Denver,0.55,0.45,45.86129999999999,38.44738,67.7738,152.08247999999998
198,5B,Denver,0.55,0.4,48.70862,35.62875,65.49356,149.83093
199,5B,Denver,0.55,0.55,40.41513,44.49635,72.2076,157.11908
200,5B,Denver,0.55,0.5,43.1007,41.39269,70.05404,154.54743000000002
201,5B,Denver,0.55,0.6000000000000001,37.94211,47.72669,74.55117999999999,160.21998
202,5B,Denver,0.55,0.65,35.71331,51.08371,76.89476,163.69178
203,5B,Denver,0.55,0.7000000000000001,33.76125,54.56741,79.27001,167.59866999999997
204,5B,Denver,0.55,0.75,31.88337,58.17779,81.64526,171.70641999999998
205,5B,Denver,0.55,0.8500000000000001,28.65856,65.62024,86.52243999999999,180.80124
206,5B,Denver,0.55,0.8,30.24971,61.85151,84.08385,176.18507
207,5B,Denver,0.55,0.95,26.10137,72.99934999999999,91.11459,190.21531
208,5B,Denver,0.55,0.9,27.26827,69.45231,88.96103,185.68161
209,5B,Denver,0.5,0.01,75.89077,17.13347,46.77659,139.80083000000002
210,5B,Denver,0.5,0.15,63.07657,23.72083,54.12403,140.92143
211,5B,Denver,0.5,0.1,67.45127,21.2189,51.24206,139.91222999999997
212,5B,Denver,0.5,0.25,55.81374,28.31298,58.46282,142.58954
213,5B,Denver,0.5,0.2,59.4222,25.93773,56.27759,141.63752
214,5B,Denver,0.5,0.3,52.51539,30.78324,60.64804999999999,143.94668
215,5B,Denver,0.5,0.35,49.23043,33.41185,62.86495,145.50723
216,5B,Denver,0.5,0.45,43.29242000000001,39.04911,67.42542999999999,149.76695999999998
217,5B,Denver,0.5,0.4,46.09638,36.16714,65.11352,147.37704
218,5B,Denver,0.5,0.55,37.94211,45.22476,71.89089999999999,155.05776999999998
219,5B,Denver,0.5,0.5,40.65935,42.08942999999999,69.70567,152.45445
220,5B,Denver,0.5,0.6000000000000001,35.68164,48.58178,74.23448,158.49790000000002
221,5B,Denver,0.5,0.65,33.52787,52.00214,76.60973,162.13974000000002
222,5B,Denver,0.5,0.7000000000000001,31.596639999999997,55.58085,79.01665,166.19414
223,5B,Denver,0.5,0.75,29.92047,59.25457,81.45523999999999,170.63027999999997
224,5B,Denver,0.5,0.8500000000000001,26.79067,66.88704,86.36408999999999,180.04179999999997
225,5B,Denver,0.5,0.8,28.25514,63.02329999999999,83.86216,175.1406
226,5B,Denver,0.5,0.95,24.37185,74.51951,91.08292,189.97428
227,5B,Denver,0.5,0.9,25.50708,70.81411999999999,88.83435,185.15555
228,5B,Denver,0.6000000000000001,0.01,81.33991,16.72176,47.34665,145.40832
229,5B,Denver,0.6000000000000001,0.15,68.43878,23.24578,54.97912,146.66368
230,5B,Denver,0.6000000000000001,0.1,72.79690000000001,20.74385,52.00214,145.54289
231,5B,Denver,0.6000000000000001,0.25,61.05501,27.64791,59.28623999999999,147.98915999999997
232,5B,Denver,0.6000000000000001,0.2,64.65518,25.39934,57.10101,147.15553
233,5B,Denver,0.6000000000000001,0.3,57.62743,30.02316,61.43979999999999,149.09039
234,5B,Denver,0.6000000000000001,0.35,54.22408,32.52509,63.62503,150.37419999999997
235,5B,Denver,0.6000000000000001,0.45,48.27183,37.94066,68.15383999999999,154.36633
236,5B,Denver,0.6000000000000001,0.4,51.12998999999999,35.15369999999999,65.8736,152.15729
237,5B,Denver,0.6000000000000001,0.55,42.70812,43.83128,72.55597,159.09537
238,5B,Denver,0.6000000000000001,0.5,45.4887,40.82263,70.40241,156.71374
239,5B,Denver,0.6000000000000001,0.6000000000000001,40.13924,46.99828,74.83621,161.97373
240,5B,Denver,0.6000000000000001,0.65,37.86793,50.29196,77.17979,165.33968
241,5B,Denver,0.6000000000000001,0.7000000000000001,35.78834,53.68064999999999,79.52337,168.99236
242,5B,Denver,0.6000000000000001,0.75,33.78293,57.19601999999999,81.89862,172.87757
243,5B,Denver,0.6000000000000001,0.8500000000000001,30.50477,64.48012,86.71246,181.69735
244,5B,Denver,0.6000000000000001,0.8,32.1701,60.77473,84.30554,177.25036999999998
245,5B,Denver,0.6000000000000001,0.95,27.79922,71.63754,91.17793,190.61469
246,5B,Denver,0.6000000000000001,0.9,29.00863,68.24885,89.15104999999998,186.40853
247,5B,Denver,0.65,0.01,84.08903000000001,16.56341,47.69502,148.34746
248,5B,Denver,0.65,0.15,70.71603999999999,23.15077,55.51751,149.38432
249,5B,Denver,0.65,0.1,75.18256,20.64884,52.47719,148.30858999999998
250,5B,Denver,0.65,0.25,63.0313,27.77459,60.20467,151.01056
251,5B,Denver,0.65,0.2,66.81405,25.39934,57.86109,150.07448
252,5B,Denver,0.65,0.3,59.56121,30.213179999999998,62.54825,152.32263999999998
253,5B,Denver,0.65,0.35,56.25202,32.77845,64.86016,153.89063
254,5B,Denver,0.65,0.45,50.06554,38.19402,69.42064,157.6802
255,5B,Denver,0.65,0.4,53.07291,35.43873,67.1404,155.65204
256,5B,Denver,0.65,0.55,44.56432,43.98963,73.75943,162.31338
257,5B,Denver,0.65,0.5,47.31408,41.07599,71.70088,160.09095000000002
258,5B,Denver,0.65,0.6000000000000001,42.06961999999999,47.02995,75.94466,165.04423
259,5B,Denver,0.65,0.65,39.576620000000005,50.3553,78.25657,168.18849
260,5B,Denver,0.65,0.7000000000000001,37.46451,53.585640000000005,80.44179999999999,171.49194999999995
261,5B,Denver,0.65,0.75,35.51245,56.97433,82.6587,175.14548
262,5B,Denver,0.65,0.8500000000000001,32.10676,64.06841,87.28251999999999,183.45769
263,5B,Denver,0.65,0.8,33.719590000000004,60.4897,84.97061,179.1799
264,5B,Denver,0.65,0.95,29.22118,71.16248999999999,91.68465,192.06832
265,5B,Denver,0.65,0.9,30.52645,67.71046,89.6261,187.86301
266,5B,Denver,0.7000000000000001,0.01,86.57225,16.40506,48.01172,150.98903
267,5B,Denver,0.7000000000000001,0.15,72.81242,23.08743,56.08757,151.98742
268,5B,Denver,0.7000000000000001,0.1,77.43814,20.5855,53.01557999999999,151.03922
269,5B,Denver,0.7000000000000001,0.25,64.81671999999999,27.93294,61.21810999999999,153.96776999999997
270,5B,Denver,0.7000000000000001,0.2,68.87536,25.462679999999995,58.71618,153.05422
271,5B,Denver,0.7000000000000001,0.3,61.39827999999999,30.49821,63.75171,155.6482
272,5B,Denver,0.7000000000000001,0.35,57.97239999999999,33.12682,66.15863,157.25785000000002
273,5B,Denver,0.7000000000000001,0.45,51.74256,38.60573,70.81411999999999,161.16240999999997
274,5B,Denver,0.7000000000000001,0.4,54.61241,35.85044,68.50220999999999,158.96506
275,5B,Denver,0.7000000000000001,0.55,46.30468,44.30633,75.12123999999999,165.73224999999996
276,5B,Denver,0.7000000000000001,0.5,48.91692,41.45603,73.06269,163.43564
277,5B,Denver,0.7000000000000001,0.6000000000000001,43.82082,47.25164,77.17979,168.25225
278,5B,Denver,0.7000000000000001,0.65,41.21028,50.54532,79.39668999999999,171.15229
279,5B,Denver,0.7000000000000001,0.7000000000000001,39.10901,53.64898,81.39189999999999,174.14989
280,5B,Denver,0.7000000000000001,0.75,37.11444,56.87932,83.48212,177.47588
281,5B,Denver,0.7000000000000001,0.8500000000000001,33.623729999999995,63.75171,87.88425,185.25969
282,5B,Denver,0.7000000000000001,0.8,35.31074,60.26801,85.66735,181.2461
283,5B,Denver,0.7000000000000001,0.95,30.67481,70.71910999999999,92.22304,193.61696
284,5B,Denver,0.7000000000000001,0.9,32.05426,67.26707999999999,90.10115,189.42249
285,5B,Denver,0.75,0.01,88.99127999999999,16.24671,48.36008999999999,153.59807999999998
286,5B,Denver,0.75,0.15,74.9613,23.08743,56.72097,154.7697
287,5B,Denver,0.75,0.1,79.46033999999999,20.55383,53.5223,153.53646999999998
288,5B,Denver,0.75,0.25,66.70799000000001,28.21797,62.35823,157.28419
289,5B,Denver,0.75,0.2,70.71413,25.58936,59.57126999999999,155.87475999999998
290,5B,Denver,0.75,0.3,62.98029,30.87825,65.05018,158.90872
291,5B,Denver,0.75,0.35,59.42603,33.60187,67.58377999999999,160.61167999999998
292,5B,Denver,0.75,0.45,53.30204,39.17578999999999,72.39761999999999,164.87544999999997
293,5B,Denver,0.75,0.4,56.23608,36.38883,70.05404,162.67895
294,5B,Denver,0.75,0.55,47.84333,44.78138,76.57806,169.20277
295,5B,Denver,0.75,0.5,50.49723,41.99442,74.58285,167.0745
296,5B,Denver,0.75,0.6000000000000001,45.43364999999999,47.60001,78.5416,171.57526
297,5B,Denver,0.75,0.65,42.6214,50.89369,80.60015,174.11524
298,5B,Denver,0.75,0.7000000000000001,40.56264,53.77566,82.40534,176.74364
299,5B,Denver,0.75,0.75,38.59974,56.84765,84.30554,179.75293
300,5B,Denver,0.75,0.8500000000000001,35.05653,63.49835,88.48598,187.04086
301,5B,Denver,0.75,0.8,36.82771,60.10966,86.39576,183.33313
302,5B,Denver,0.75,0.95,32.09677,70.30739999999999,92.66642,195.07059
303,5B,Denver,0.75,0.9,33.52872,66.88704,90.60787,191.02363
304,5B,Denver,0.8500000000000001,0.01,93.53496,16.025019999999998,49.50021,159.06019
305,5B,Denver,0.8500000000000001,0.15,79.21825,22.73906,57.41770999999999,159.37501999999998
306,5B,Denver,0.8500000000000001,0.1,84.0816,20.2688,54.25070999999999,158.60110999999998
307,5B,Denver,0.8500000000000001,0.25,70.949,27.99628,63.53001999999999,162.4753
308,5B,Denver,0.8500000000000001,0.2,75.05354999999999,25.336,60.55304,160.94259
309,5B,Denver,0.8500000000000001,0.3,67.07209,30.68823,66.34864999999999,164.10897
310,5B,Denver,0.8500000000000001,0.35,63.46363,33.44352,68.97726,165.88441
311,5B,Denver,0.8500000000000001,0.45,57.1679,38.92243,73.85444,169.94477
312,5B,Denver,0.8500000000000001,0.4,60.11193,36.16714,71.47919,167.75826
313,5B,Denver,0.8500000000000001,0.55,51.4841,44.43301,78.03488,173.95199
314,5B,Denver,0.8500000000000001,0.5,54.19305,41.67772,76.008,171.87876999999995
315,5B,Denver,0.8500000000000001,0.6000000000000001,49.09524999999999,47.09329,79.90341,176.09195
316,5B,Denver,0.8500000000000001,0.65,46.19798,50.3553,81.86695,178.42023
317,5B,Denver,0.8500000000000001,0.7000000000000001,44.02253,53.01557999999999,83.45045,180.48856
318,5B,Denver,0.8500000000000001,0.75,41.9846,55.89755,85.19229999999999,183.07445
319,5B,Denver,0.8500000000000001,0.8500000000000001,38.36636,62.19988,89.11937999999999,189.68562
320,5B,Denver,0.8500000000000001,0.8,40.04338,59.03288,87.15584,186.2321
321,5B,Denver,0.8500000000000001,0.95,35.07821,68.69223,93.04646,196.8169
322,5B,Denver,0.8500000000000001,0.9,36.70103,65.43021999999999,91.08292,193.21417
323,5B,Denver,0.8,0.01,91.29022,16.12003,48.89847999999999,156.30873
324,5B,Denver,0.8,0.15,77.40859999999999,22.83407,57.006,157.24867
325,5B,Denver,0.8,0.1,81.93271999999999,20.36381,53.839,156.13553
326,5B,Denver,0.8,0.25,68.90767,28.09129,62.95996,159.95891999999998
327,5B,Denver,0.8,0.2,72.81051,25.43101,59.98298,158.22449999999998
328,5B,Denver,0.8,0.3,65.06327999999999,30.78324,65.77859,161.62511
329,5B,Denver,0.8,0.35,61.57151,33.538529999999994,68.43887,163.54890999999998
330,5B,Denver,0.8,0.45,55.22413,39.11245,73.25271,167.58929
331,5B,Denver,0.8,0.4,58.16901,36.32549,70.90913,165.40363000000002
332,5B,Denver,0.8,0.55,49.71122,44.71804,77.49649,171.92575
333,5B,Denver,0.8,0.5,52.30262999999999,41.93108,75.46960999999999,169.70332
334,5B,Denver,0.8,0.6000000000000001,47.26902,47.47333,79.39668999999999,174.13903999999997
335,5B,Denver,0.8,0.65,44.52096,50.76701,81.42357,176.71154
336,5B,Denver,0.8,0.7000000000000001,42.24965,53.55397,83.07041,178.87403
337,5B,Denver,0.8,0.75,40.22341,56.49928,84.84392999999999,181.56662
338,5B,Denver,0.8,0.8500000000000001,36.64768,62.99163,88.86601999999999,188.50533
339,5B,Denver,0.8,0.8,38.36636,59.69795,86.83914,184.90345
340,5B,Denver,0.8,0.95,33.52872,69.67399999999999,92.95145,196.15417
341,5B,Denver,0.8,0.9,35.05653,66.31698,90.8929,192.26641
342,5B,Denver,0.95,0.01,98.271,15.86667,51.08371,165.22137999999998
343,5B,Denver,0.95,0.15,83.24925999999999,22.64405,58.39948,164.29279
344,5B,Denver,0.95,0.1,87.95680999999999,20.11045,55.04245999999999,163.10971999999998
345,5B,Denver,0.95,0.25,74.6174,27.90127,64.63847,167.15714
346,5B,Denver,0.95,0.2,78.60526,25.24099,61.56648,165.41273
347,5B,Denver,0.95,0.3,70.69543,30.59322,67.52044,168.80909
348,5B,Denver,0.95,0.35,67.08612,33.31684,70.21239,170.61534999999998
349,5B,Denver,0.95,0.45,60.64033,38.70074,75.02623,174.3673
350,5B,Denver,0.95,0.4,63.64026,36.00879,72.68265,172.33169999999998
351,5B,Denver,0.95,0.55,55.09405,43.98963,79.175,178.25867999999997
352,5B,Denver,0.95,0.5,57.66548,41.36102,77.17979,176.20629
353,5B,Denver,0.95,0.6000000000000001,52.59935,46.5549,80.94851999999999,180.10276999999996
354,5B,Denver,0.95,0.65,49.69039,49.65856,82.81705,182.166
355,5B,Denver,0.95,0.7000000000000001,47.41908,52.16049,84.2422,183.82177
356,5B,Denver,0.95,0.75,45.44449,54.85244,85.88904,186.18597
357,5B,Denver,0.95,0.8500000000000001,41.56120000000001,60.83807,89.6261,192.02537
358,5B,Denver,0.95,0.8,43.26989,57.82942,87.7259,188.82521
359,5B,Denver,0.95,0.95,38.3247,66.98204999999999,93.39482999999998,198.70158
360,5B,Denver,0.95,0.9,39.88417999999999,63.91006,91.5263,195.32054
361,5B,Denver,0.9,0.01,95.87131,15.93001,50.29196,162.09328
362,5B,Denver,0.9,0.15,81.26128,22.67572,57.89276,161.82976
363,5B,Denver,0.9,0.1,86.07298,20.17379,54.63075,160.87752
364,5B,Denver,0.9,0.25,72.71359,27.93294,64.06841,164.71494
365,5B,Denver,0.9,0.2,76.84152,25.27266,61.02808999999999,163.14227
366,5B,Denver,0.9,0.3,68.87919,30.62489,66.91870999999999,166.42278999999996
367,5B,Denver,0.9,0.35,65.26988,33.34851,69.57898999999999,168.19738
368,5B,Denver,0.9,0.45,58.88913,38.79575,74.39282999999999,172.07770999999997
369,5B,Denver,0.9,0.4,61.94984999999999,36.07213,72.11259,170.13457
370,5B,Denver,0.9,0.55,53.35284,44.17965,78.60494,176.13743
371,5B,Denver,0.9,0.5,55.96593,41.51937,76.57806,174.06336
372,5B,Denver,0.9,0.6000000000000001,50.88981,46.80826,80.41013,178.1082
373,5B,Denver,0.9,0.65,48.01337,49.97525999999999,82.342,180.33063
374,5B,Denver,0.9,0.7000000000000001,45.847910000000006,52.5722,83.86216,182.28227
375,5B,Denver,0.9,0.75,43.79999,55.35916,85.54067,184.69982
376,5B,Denver,0.9,0.8500000000000001,39.95836,61.50314,89.37274,190.83424
377,5B,Denver,0.9,0.8,41.70956,58.39948,87.44086999999999,187.54991
378,5B,Denver,0.9,0.95,36.7327,67.80547,93.23648,197.77465
379,5B,Denver,0.9,0.9,38.28219,64.63847,91.30460999999998,194.22527
0,6A,Rochester,0.01,0.01,90.22549,16.40506,38.38404,145.01459
1,6A,Rochester,0.01,0.15,80.32748000000001,22.26401,44.84472,147.43621000000002
2,6A,Rochester,0.01,0.1,83.77461000000001,20.01544,42.37446,146.16451
3,6A,Rochester,0.01,0.25,74.10955,26.63447,48.86681,149.61083
4,6A,Rochester,0.01,0.2,77.18557,24.3859,46.83993,148.4114
5,6A,Rochester,0.01,0.3,71.07944,28.91471,50.89369,150.88784
6,6A,Rochester,0.01,0.35,68.01276999999999,31.16328,52.98391,152.15995999999998
7,6A,Rochester,0.01,0.45,62.00845,36.38883,57.10101,155.49829
8,6A,Rochester,0.01,0.4,65.04515,33.76022,55.01079,153.81616000000002
9,6A,Rochester,0.01,0.55,56.36355,41.45603,61.37646,159.19603999999998
10,6A,Rochester,0.01,0.5,59.14179,38.92243,59.2229,157.28712000000002
11,6A,Rochester,0.01,0.6000000000000001,53.80615,44.14798,63.56169,161.51582
12,6A,Rochester,0.01,0.65,51.32378,46.93494,65.74692,164.00564
13,6A,Rochester,0.01,0.7000000000000001,48.92643,49.75357,67.96382,166.64382
14,6A,Rochester,0.01,0.75,46.63578,52.63554,70.18072,169.45204
15,6A,Rochester,0.01,0.8500000000000001,42.3529,58.36781,74.7412,175.46191
16,6A,Rochester,0.01,0.8,44.42016,55.39083,72.42929,172.24027999999998
17,6A,Rochester,0.01,0.95,38.49512,64.51179,79.42835999999998,182.43527
18,6A,Rochester,0.01,0.9,40.34983,61.40813,77.05310999999999,178.81106999999997
19,6A,Rochester,0.05,0.01,95.66995,15.898339999999996,38.73241,150.3007
20,6A,Rochester,0.05,0.15,85.53005999999999,21.50393,45.25643,152.29041999999998
21,6A,Rochester,0.05,0.1,89.03309,19.38204,42.78617,151.2013
22,6A,Rochester,0.05,0.25,79.24539,25.71604,49.27852,154.23995
23,6A,Rochester,0.05,0.2,82.35392999999999,23.56248,47.25164,153.16805
24,6A,Rochester,0.05,0.3,76.24525,27.93294,51.30539999999999,155.48359
25,6A,Rochester,0.05,0.35,73.2043,30.213179999999998,53.33228,156.74975999999998
26,6A,Rochester,0.05,0.45,66.98998,35.21704,57.44938,159.6564
27,6A,Rochester,0.05,0.4,70.09087,32.65177,55.39083,158.13347
28,6A,Rochester,0.05,0.55,61.39417999999999,40.25257,61.72482999999999,163.37158
29,6A,Rochester,0.05,0.5,64.14415,37.6873,59.57126999999999,161.40272
30,6A,Rochester,0.05,0.6000000000000001,58.63762,42.78617,63.87839,165.30218
31,6A,Rochester,0.05,0.65,56.07937,45.44645,66.06362,167.58944
32,6A,Rochester,0.05,0.7000000000000001,53.60784,48.20174,68.24885,170.05843
33,6A,Rochester,0.05,0.75,51.253,51.02036999999999,70.46575,172.73912
34,6A,Rochester,0.05,0.8500000000000001,46.7784,56.59429,74.89954999999999,178.27224
35,6A,Rochester,0.05,0.8,48.98318,53.87067,72.65098,175.50483000000003
36,6A,Rochester,0.05,0.95,42.69723,62.54825,79.4917,184.73718
37,6A,Rochester,0.05,0.9,44.71114,59.5396,77.21145999999999,181.4622
38,6A,Rochester,0.15,0.01,108.33217,14.916569999999998,39.5875,162.83623999999998
39,6A,Rochester,0.15,0.15,97.56505,20.11045,46.33321,164.00871
40,6A,Rochester,0.15,0.1,101.17903,18.14691,43.76794,163.09388
41,6A,Rochester,0.15,0.25,90.99259,23.87918,50.32363,165.1954
42,6A,Rochester,0.15,0.2,94.2446,21.94731,48.36008999999999,164.552
43,6A,Rochester,0.15,0.3,87.92401000000001,25.93773,52.38217999999999,166.24392
44,6A,Rochester,0.15,0.35,84.92387,28.059619999999995,54.40906,167.39254999999997
45,6A,Rochester,0.15,0.45,78.57521999999999,32.77845,58.43115,169.78482
46,6A,Rochester,0.15,0.4,81.73116,30.37153,56.40426999999999,168.50696
47,6A,Rochester,0.15,0.55,72.7318,37.52895,62.64326,172.90401
48,6A,Rochester,0.15,0.5,75.63183000000001,35.122029999999995,60.52137,171.27523
49,6A,Rochester,0.15,0.6000000000000001,69.96015,39.99921,64.76514999999999,174.72451
50,6A,Rochester,0.15,0.65,67.19933999999999,42.50114,66.88704,176.58751999999998
51,6A,Rochester,0.15,0.7000000000000001,64.53949,44.9714,69.07226999999999,178.58315999999996
52,6A,Rochester,0.15,0.75,61.96041,47.63168,71.28917,180.88126
53,6A,Rochester,0.15,0.8500000000000001,57.20737,52.85723,75.65962999999999,185.72423
54,6A,Rochester,0.15,0.8,59.54053,50.29196,73.44273,183.27522
55,6A,Rochester,0.15,0.95,52.77443,58.46282,80.1251,191.36235
56,6A,Rochester,0.15,0.9,54.93755,55.64419,77.87652999999999,188.45827
57,6A,Rochester,0.1,0.01,102.20904,15.39162,39.17578999999999,156.77644999999998
58,6A,Rochester,0.1,0.15,91.67466000000002,20.74385,45.79482,158.21333
59,6A,Rochester,0.1,0.1,95.39534,18.71697,43.26122,157.37353000000002
60,6A,Rochester,0.1,0.25,85.34152999999999,24.73427,49.78524,159.86104
61,6A,Rochester,0.1,0.2,88.46431,22.67572,47.79003,158.93006
62,6A,Rochester,0.1,0.3,82.28804,26.85616,51.81211999999999,160.95632
63,6A,Rochester,0.1,0.35,79.24454,29.07306,53.87067,162.18827
64,6A,Rochester,0.1,0.45,72.90928,33.91857,57.92443,164.75227999999998
65,6A,Rochester,0.1,0.4,76.11856999999999,31.44831,55.86588,163.43275999999997
66,6A,Rochester,0.1,0.55,67.17510999999999,38.79575,62.16821,168.13906999999998
67,6A,Rochester,0.1,0.5,70.03093,36.32549,60.01465,166.37107
68,6A,Rochester,0.1,0.6000000000000001,64.43598,41.36102,64.2901,170.0871
69,6A,Rochester,0.1,0.65,61.76443999999999,43.83128,66.47532999999999,172.07105
70,6A,Rochester,0.1,0.7000000000000001,59.17452,46.49156,68.66055999999999,174.32664
71,6A,Rochester,0.1,0.75,56.70214,49.21518,70.84579,176.76310999999998
72,6A,Rochester,0.1,0.8500000000000001,52.07833,54.59908,75.27959,181.957
73,6A,Rochester,0.1,0.8,54.35814,51.97047,73.06269,179.3913
74,6A,Rochester,0.1,0.95,47.82627,60.39469,79.74506,187.96602
75,6A,Rochester,0.1,0.9,49.94688,57.48104999999999,77.52816,184.95609
76,6A,Rochester,0.25,0.01,119.69486,14.18816,40.47426,174.35728
77,6A,Rochester,0.25,0.15,108.29137,19.16035,47.40999,174.86171
78,6A,Rochester,0.25,0.1,112.37317000000002,17.291819999999998,44.74971,174.4147
79,6A,Rochester,0.25,0.25,101.73294,22.61238,51.49542,175.84073999999998
80,6A,Rochester,0.25,0.2,105.06508,20.83886,49.43686999999999,175.34080999999998
81,6A,Rochester,0.25,0.3,98.53258,24.48091,53.5223,176.53579
82,6A,Rochester,0.25,0.35,95.52904,26.47612,55.54917999999999,177.55434
83,6A,Rochester,0.25,0.45,89.00184999999999,30.90992,59.57126999999999,179.48304
84,6A,Rochester,0.25,0.4,92.22708,28.598009999999995,57.54439,178.36947999999998
85,6A,Rochester,0.25,0.55,82.9191,35.407059999999994,63.75171,182.07787
86,6A,Rochester,0.25,0.5,85.94007,33.12682,61.66148999999999,180.72838
87,6A,Rochester,0.25,0.6000000000000001,80.00823,37.71897,65.84192999999999,183.56913
88,6A,Rochester,0.25,0.65,77.29992,40.12589,67.99548999999999,185.4213
89,6A,Rochester,0.25,0.7000000000000001,74.59246,42.56448,70.08570999999999,187.24265
90,6A,Rochester,0.25,0.75,71.80422999999999,44.93973,72.23926999999999,188.98323
91,6A,Rochester,0.25,0.8500000000000001,66.73109,49.88025,76.54639,193.15773
92,6A,Rochester,0.25,0.8,69.26765999999999,47.47333,74.36116,191.10215
93,6A,Rochester,0.25,0.95,62.0839,55.20081,80.91685,198.20156
94,6A,Rochester,0.25,0.9,64.43959,52.50885999999999,78.73161999999999,195.68007
95,6A,Rochester,0.2,0.01,114.14688999999998,14.53653,39.99921,168.68263
96,6A,Rochester,0.2,0.15,103.09368,19.60373,46.8716,169.56901
97,6A,Rochester,0.2,0.1,106.93699999999998,17.703529999999997,44.24299,168.88351999999998
98,6A,Rochester,0.2,0.25,96.60284,23.18244,50.92535999999999,170.71063999999998
99,6A,Rochester,0.2,0.2,99.63146,21.34558,48.89847999999999,169.87552
100,6A,Rochester,0.2,0.3,93.39419,25.14598,52.95224,171.49241
101,6A,Rochester,0.2,0.35,90.35898,27.20453,54.97912,172.54263
102,6A,Rochester,0.2,0.45,83.90023000000001,31.796679999999995,59.03288,174.72979
103,6A,Rochester,0.2,0.4,87.09039,29.42143,56.97433,173.48615
104,6A,Rochester,0.2,0.55,77.91588999999999,36.38883,63.18164999999999,177.48636999999997
105,6A,Rochester,0.2,0.5,80.87012,34.076919999999994,61.09143,176.03847
106,6A,Rochester,0.2,0.6000000000000001,75.15508,38.79575,65.27186999999999,179.22269999999995
107,6A,Rochester,0.2,0.65,72.36175,41.23434,67.39376,180.98985
108,6A,Rochester,0.2,0.7000000000000001,69.60604,43.64126,69.54732,182.79462
109,6A,Rochester,0.2,0.75,67.01527,46.20653,71.70088,184.92268
110,6A,Rochester,0.2,0.8500000000000001,62.07051,51.30539999999999,76.07133999999999,189.44725
111,6A,Rochester,0.2,0.8,64.52121,48.80347,73.88610999999999,187.21079
112,6A,Rochester,0.2,0.95,57.53001999999999,56.75264,80.50514,194.7878
113,6A,Rochester,0.2,0.9,59.81152999999999,53.99735,78.28823999999999,192.09712
114,6A,Rochester,0.3,0.01,124.92252,13.903129999999996,41.36102,180.18667
115,6A,Rochester,0.3,0.15,113.3441,18.78031,47.94838,180.07279
116,6A,Rochester,0.3,0.1,117.49179,16.94345,45.25643,179.69167
117,6A,Rochester,0.3,0.25,106.53465,22.26401,52.09714999999999,180.89581
118,6A,Rochester,0.3,0.2,109.93098,20.49049,50.0386,180.46007
119,6A,Rochester,0.3,0.3,103.23758,24.0692,54.1557,181.46248
120,6A,Rochester,0.3,0.35,100.16645,26.03274,56.27759,182.47678
121,6A,Rochester,0.3,0.45,93.84756,30.18151,60.42635999999999,184.45543
122,6A,Rochester,0.3,0.4,97.00116,28.09129,58.36781,183.46026
123,6A,Rochester,0.3,0.55,87.75312,34.48863,64.35343999999999,186.59519
124,6A,Rochester,0.3,0.5,90.80342,32.27173,62.51657999999999,185.59173
125,6A,Rochester,0.3,0.6000000000000001,84.85394,36.76886999999999,66.44366,188.06647
126,6A,Rochester,0.3,0.65,81.98473,39.11245,68.53388,189.63106
127,6A,Rochester,0.3,0.7000000000000001,79.26473,41.4877,70.65576999999999,191.4082
128,6A,Rochester,0.3,0.75,76.56726,43.89462,72.74598999999999,193.20787
129,6A,Rochester,0.3,0.8500000000000001,71.22163,48.64512,77.08478,196.95153
130,6A,Rochester,0.3,0.8,73.87574,46.26987,74.89954999999999,195.04516
131,6A,Rochester,0.3,0.95,66.57444,53.77566,81.39189999999999,201.742
132,6A,Rochester,0.3,0.9,68.87593,51.21039,79.27001,199.35633
133,6A,Rochester,0.35,0.01,129.80819,13.68144,42.62782,186.11745
134,6A,Rochester,0.35,0.15,118.37345,18.46361,48.4551,185.29216
135,6A,Rochester,0.35,0.1,122.36109,16.65842,45.82649,184.846
136,6A,Rochester,0.35,0.25,111.38971,21.82063,52.66721,185.87755
137,6A,Rochester,0.35,0.2,114.69272999999998,20.11045,50.54532,185.3485
138,6A,Rochester,0.35,0.3,108.00592,23.59415,54.72576,186.32583
139,6A,Rochester,0.35,0.35,104.69630999999998,25.462679999999995,56.81598,186.97497
140,6A,Rochester,0.35,0.45,98.48582,29.48477,60.96475,188.93534
141,6A,Rochester,0.35,0.4,101.6069,27.45789,58.9062,187.97099
142,6A,Rochester,0.35,0.55,92.32379,33.69688,64.89182999999998,190.9125
143,6A,Rochester,0.35,0.5,95.55816,31.57499,63.08664,190.21979
144,6A,Rochester,0.35,0.6000000000000001,89.42949999999999,35.91378,67.01371999999999,192.357
145,6A,Rochester,0.35,0.65,86.6045,38.19402,69.10394,193.90246
146,6A,Rochester,0.35,0.7000000000000001,83.77865,40.50592999999999,71.19416,195.47874
147,6A,Rochester,0.35,0.75,80.91943,42.88117999999999,73.28438,197.08499
148,6A,Rochester,0.35,0.8500000000000001,75.60547,47.47333,77.5915,200.6703
149,6A,Rochester,0.35,0.8,78.41453,45.2881,75.43794,199.14057
150,6A,Rochester,0.35,0.95,70.79823,52.47719,81.86695,205.14237
151,6A,Rochester,0.35,0.9,73.1756,50.00693,79.77673,202.95926
152,6A,Rochester,0.45,0.01,139.76849,13.33307,45.63647,198.73803
153,6A,Rochester,0.45,0.15,127.50671,17.956889999999998,49.88025,195.34385
154,6A,Rochester,0.45,0.1,131.59935000000002,16.21504,47.37832,195.19271
155,6A,Rochester,0.45,0.25,120.11126000000002,21.12389,53.64898,194.88413
156,6A,Rochester,0.45,0.2,123.85277,19.50872,51.68544,195.04693
157,6A,Rochester,0.45,0.3,117.08583,22.8024,55.77087,195.6591
158,6A,Rochester,0.45,0.35,113.64699,24.57592,57.86109,196.084
159,6A,Rochester,0.45,0.45,107.13957,28.344649999999994,62.0732,197.55742
160,6A,Rochester,0.45,0.4,110.24152,26.41278,59.98298,196.63728
161,6A,Rochester,0.45,0.55,100.98498,32.33507,66.03195,199.352
162,6A,Rochester,0.45,0.5,104.23189,30.33986,64.19509,198.76684
163,6A,Rochester,0.45,0.6000000000000001,98.1332,34.45696,68.15383999999999,200.744
164,6A,Rochester,0.45,0.65,95.05888,36.61052,70.24405999999999,201.91346
165,6A,Rochester,0.45,0.7000000000000001,92.19711,38.85909,72.33427999999999,203.39048
166,6A,Rochester,0.45,0.75,89.46797,41.10766,74.4245,205.00013
167,6A,Rochester,0.45,0.8500000000000001,84.06219,45.6048,78.63660999999999,208.3036
168,6A,Rochester,0.45,0.8,86.75711,43.41957,76.51472,206.6914
169,6A,Rochester,0.45,0.95,79.01328,50.19695,82.72203999999999,211.93227
170,6A,Rochester,0.45,0.9,81.40234000000001,47.91671,80.7585,210.07755
171,6A,Rochester,0.4,0.01,134.84796,13.491419999999998,44.14798,192.48736
172,6A,Rochester,0.4,0.15,122.98599,18.17858,49.0885,190.25307
173,6A,Rochester,0.4,0.1,127.02273,16.40506,46.61824,190.04603
174,6A,Rochester,0.4,0.25,115.93636,21.44059,53.17392999999999,190.55088
175,6A,Rochester,0.4,0.2,119.32695,19.76208,51.05204,190.14107
176,6A,Rochester,0.4,0.3,112.49751999999998,23.18244,55.23248,190.91244
177,6A,Rochester,0.4,0.35,109.18961,24.98763,57.35437,191.53161
178,6A,Rochester,0.4,0.45,102.87561,28.88304,61.56648,193.32513
179,6A,Rochester,0.4,0.4,106.11763,26.88783,59.44459,192.45005
180,6A,Rochester,0.4,0.55,96.70104,33.000139999999995,65.49356,195.19474
181,6A,Rochester,0.4,0.5,99.66951,30.90992,63.62503,194.20446
182,6A,Rochester,0.4,0.6000000000000001,93.71174,35.15369999999999,67.55210999999998,196.41754999999995
183,6A,Rochester,0.4,0.65,90.94753,37.3706,69.67399999999999,197.99213
184,6A,Rochester,0.4,0.7000000000000001,88.05833999999999,39.61917,71.73254999999999,199.41006
185,6A,Rochester,0.4,0.75,85.29413,41.96275,73.85444,201.11132
186,6A,Rochester,0.4,0.8500000000000001,79.90684,46.45989,78.09822,204.46495
187,6A,Rochester,0.4,0.8,82.61834,44.30633,75.94466,202.86933
188,6A,Rochester,0.4,0.95,74.95867999999999,51.30539999999999,82.31033,208.57441
189,6A,Rochester,0.4,0.9,77.35858,48.89847999999999,80.28345,206.54051
190,6A,Rochester,0.55,0.01,148.60759000000002,13.07971,48.42343,210.11073
191,6A,Rochester,0.55,0.15,135.78956,17.576849999999997,51.43207999999999,204.79849
192,6A,Rochester,0.55,0.1,140.2446,15.898339999999996,49.53188,205.67482
193,6A,Rochester,0.55,0.25,128.56755,20.61717,55.04245999999999,204.22718
194,6A,Rochester,0.55,0.2,132.28483,19.06534,53.26894,204.61911
195,6A,Rochester,0.55,0.3,125.15953,22.20067,56.87932,204.23952
196,6A,Rochester,0.55,0.35,121.77743999999998,23.87918,58.84286,204.49948
197,6A,Rochester,0.55,0.45,115.29744,27.42622,63.08664,205.8103
198,6A,Rochester,0.55,0.4,118.45529,25.62103,60.99642,205.07274
199,6A,Rochester,0.55,0.55,109.19195,31.258289999999995,67.10873,207.55897
200,6A,Rochester,0.55,0.5,112.34555,29.32642,65.2402,206.91217
201,6A,Rochester,0.55,0.6000000000000001,105.98415,33.28517,69.19895,208.46827
202,6A,Rochester,0.55,0.65,103.05819,35.34372,71.28917,209.69108
203,6A,Rochester,0.55,0.7000000000000001,100.03552,37.46561,73.37939,210.88052
204,6A,Rochester,0.55,0.75,97.39969,39.61917,75.50128,212.52014
205,6A,Rochester,0.55,0.8500000000000001,91.76457,43.95796,79.68172,215.40425
206,6A,Rochester,0.55,0.8,94.53962,41.86774,77.5915,213.99886
207,6A,Rochester,0.55,0.95,86.68569,48.26508,83.57713,218.5279
208,6A,Rochester,0.55,0.9,89.20632,46.2382,81.77194,217.21646
209,6A,Rochester,0.5,0.01,144.45479,13.20639,47.09329,204.75447
210,6A,Rochester,0.5,0.15,131.82402000000002,17.76687,50.672,200.26289000000003
211,6A,Rochester,0.5,0.1,135.94238,16.025019999999998,48.42343,200.39083
212,6A,Rochester,0.5,0.25,124.69957,20.83886,54.31405,199.85248
213,6A,Rochester,0.5,0.2,128.13501,19.28703,52.50885999999999,199.9309
214,6A,Rochester,0.5,0.3,121.19569,22.4857,56.24592,199.92731000000003
215,6A,Rochester,0.5,0.35,117.86100000000002,24.19588,58.39948,200.45636
216,6A,Rochester,0.5,0.45,111.26601,27.8696,62.61158999999999,201.7472
217,6A,Rochester,0.5,0.4,114.56223,26.00107,60.4897,201.053
218,6A,Rochester,0.5,0.55,105.16222,31.76501,66.60200999999999,203.52924
219,6A,Rochester,0.5,0.5,108.2274,29.80147,64.73348,202.76235
220,6A,Rochester,0.5,0.6000000000000001,102.11702,33.82356,68.69223,204.63281
221,6A,Rochester,0.5,0.65,99.10604,35.945449999999994,70.78245,205.83394
222,6A,Rochester,0.5,0.7000000000000001,96.22259,38.13068,72.87267,207.22594
223,6A,Rochester,0.5,0.75,93.47092,40.34758,74.99455999999999,208.81306
224,6A,Rochester,0.5,0.8500000000000001,88.03092000000001,44.74971,79.175,211.95563
225,6A,Rochester,0.5,0.8,90.69502,42.59615,77.05310999999999,210.34428
226,6A,Rochester,0.5,0.95,82.98371,49.18351,83.16542,215.33264
227,6A,Rochester,0.5,0.9,85.37596,47.09329,81.23355,213.7028
228,6A,Rochester,0.6000000000000001,0.01,153.32556,12.953029999999998,49.81691,216.0955
229,6A,Rochester,0.6000000000000001,0.15,139.81249,17.45017,52.41385,209.67651
230,6A,Rochester,0.6000000000000001,0.1,144.41249,15.77166,50.70367,210.88782
231,6A,Rochester,0.6000000000000001,0.25,132.69059,20.42715,55.86588,208.98362
232,6A,Rochester,0.6000000000000001,0.2,136.31201,18.90699,54.02902,209.24802
233,6A,Rochester,0.6000000000000001,0.3,129.00498,21.97898,57.6394,208.62336
234,6A,Rochester,0.6000000000000001,0.35,125.64542,23.59415,59.47626,208.71583
235,6A,Rochester,0.6000000000000001,0.45,119.16712,27.07785,63.59335999999999,209.83833
236,6A,Rochester,0.6000000000000001,0.4,122.39171,25.30433,61.47147,209.16751
237,6A,Rochester,0.6000000000000001,0.55,113.02826000000002,30.81491,67.61545,211.45862
238,6A,Rochester,0.6000000000000001,0.5,116.03265,28.91471,65.71525,210.66261
239,6A,Rochester,0.6000000000000001,0.6000000000000001,109.84129,32.77845,69.73733999999999,212.35708
240,6A,Rochester,0.6000000000000001,0.65,106.90194,34.80533,71.82755999999999,213.53483
241,6A,Rochester,0.6000000000000001,0.7000000000000001,103.81508,36.86388,73.91778,214.59674
242,6A,Rochester,0.6000000000000001,0.75,101.05087,38.98577,76.008,216.04464
243,6A,Rochester,0.6000000000000001,0.8500000000000001,95.52415,43.22955,80.15677,218.91047
244,6A,Rochester,0.6000000000000001,0.8,98.17996,41.171,78.09822,217.44918
245,6A,Rochester,0.6000000000000001,0.95,90.60511,47.505,84.02051,222.13062
246,6A,Rochester,0.6000000000000001,0.9,92.89831,45.47812,82.24699,220.62342
247,6A,Rochester,0.65,0.01,157.22904,12.858019999999998,51.11538,221.20244
248,6A,Rochester,0.65,0.15,143.51107000000002,17.418499999999998,53.55397,214.48354
249,6A,Rochester,0.65,0.1,148.17441,15.73999,51.90713,215.82153
250,6A,Rochester,0.65,0.25,135.92156,20.49049,57.13267999999999,213.54473
251,6A,Rochester,0.65,0.2,139.67391,18.90699,55.1058,213.6867
252,6A,Rochester,0.65,0.3,132.43936,22.10566,59.06454999999999,213.60957
253,6A,Rochester,0.65,0.35,129.03729,23.7525,60.99642,213.78621
254,6A,Rochester,0.65,0.45,122.1781,27.20453,64.98684,214.36947
255,6A,Rochester,0.65,0.4,125.42352,25.462679999999995,62.86495,213.75115
256,6A,Rochester,0.65,0.55,116.24179999999998,30.84658,69.00892999999999,216.09731
257,6A,Rochester,0.65,0.5,119.1295,29.00972,67.10873,215.24795
258,6A,Rochester,0.65,0.6000000000000001,113.12986,32.77845,71.00414,216.91245
259,6A,Rochester,0.65,0.65,109.97796,34.837,73.03102,217.84598
260,6A,Rochester,0.65,0.7000000000000001,106.9453,36.80054,74.96289,218.70873
261,6A,Rochester,0.65,0.75,104.23274,38.85909,76.9581,220.04993
262,6A,Rochester,0.65,0.8500000000000001,98.59018,42.97619,80.98019,222.54656
263,6A,Rochester,0.65,0.8,101.43600999999998,40.98098,78.98498,221.40196999999995
264,6A,Rochester,0.65,0.95,93.80781,47.21997,84.81226,225.84004
265,6A,Rochester,0.65,0.9,96.08103,45.19309,83.00707,224.28119
266,6A,Rochester,0.7000000000000001,0.01,161.32934,12.76301,52.38217999999999,226.47453
267,6A,Rochester,0.7000000000000001,0.15,147.06129,17.38683,54.69409,219.14221
268,6A,Rochester,0.7000000000000001,0.1,151.71549,15.70832,53.04725,220.47106
269,6A,Rochester,0.7000000000000001,0.25,139.38846,20.5855,58.46282,218.43678
270,6A,Rochester,0.7000000000000001,0.2,143.07322,18.93866,56.27759,218.28947
271,6A,Rochester,0.7000000000000001,0.3,135.25267,22.26401,60.52137,218.03805
272,6A,Rochester,0.7000000000000001,0.35,131.688,23.97419,62.54825,218.21044
273,6A,Rochester,0.7000000000000001,0.45,124.97398,27.42622,66.44366,218.84386
274,6A,Rochester,0.7000000000000001,0.4,128.41941,25.68437,64.48012,218.5839
275,6A,Rochester,0.7000000000000001,0.55,119.0702,31.004929999999995,70.40241,220.47754
276,6A,Rochester,0.7000000000000001,0.5,121.88372,29.23141,68.53388,219.64901000000003
277,6A,Rochester,0.7000000000000001,0.6000000000000001,115.9708,32.84179,72.33427999999999,221.14687
278,6A,Rochester,0.7000000000000001,0.65,112.6038,34.90034,74.29782,221.80196
279,6A,Rochester,0.7000000000000001,0.7000000000000001,109.83959,36.80054,76.07133999999999,222.71147
280,6A,Rochester,0.7000000000000001,0.75,107.17953,38.76408,77.93987,223.88348
281,6A,Rochester,0.7000000000000001,0.8500000000000001,101.76036,42.78617,81.83528,226.38181
282,6A,Rochester,0.7000000000000001,0.8,104.49949,40.82263,79.87173999999999,225.19386
283,6A,Rochester,0.7000000000000001,0.95,96.79796,46.96661,85.60401,229.36858
284,6A,Rochester,0.7000000000000001,0.9,99.03781,44.90806,83.76714999999999,227.71302
285,6A,Rochester,0.75,0.01,165.19286,12.668,53.61731,231.47817
286,6A,Rochester,0.75,0.15,150.27312999999998,17.38683,55.7392,223.39916
287,6A,Rochester,0.75,0.1,155.24976999999998,15.67665,54.21904,225.14546
288,6A,Rochester,0.75,0.25,141.90165000000002,20.77552,59.79296,222.47013
289,6A,Rochester,0.75,0.2,145.84317,19.03367,57.54439,222.42123
290,6A,Rochester,0.75,0.3,138.42115,22.4857,62.0732,222.98005
291,6A,Rochester,0.75,0.35,134.63309,24.22755,64.22676,223.0874
292,6A,Rochester,0.75,0.45,127.67145,27.71125,68.12217,223.50487
293,6A,Rochester,0.75,0.4,131.18936,25.9694,66.22197,223.38073
294,6A,Rochester,0.75,0.55,121.64184,31.258289999999995,71.98591,224.88604
295,6A,Rochester,0.75,0.5,124.80628,29.48477,70.14904999999999,224.4401
296,6A,Rochester,0.75,0.6000000000000001,118.75584,33.03181,73.7911,225.57875
297,6A,Rochester,0.75,0.65,115.38225,35.09036,75.59629,226.0689
298,6A,Rochester,0.75,0.7000000000000001,112.86226,36.86388,77.24313,226.96927
299,6A,Rochester,0.75,0.75,109.90378,38.73241,78.88996999999999,227.52616
300,6A,Rochester,0.75,0.8500000000000001,104.51202999999998,42.62782,82.59535999999999,229.73520999999997
301,6A,Rochester,0.75,0.8,107.18038,40.72762,80.7585,228.6665
302,6A,Rochester,0.75,0.95,99.66971999999998,46.71325,86.26907999999999,232.65205
303,6A,Rochester,0.75,0.9,102.13551,44.6547,84.46389,231.2541
304,6A,Rochester,0.8500000000000001,0.01,172.07799,12.47798,55.89755,240.45352
305,6A,Rochester,0.8500000000000001,0.15,157.06261,17.19681,57.60773,231.86715
306,6A,Rochester,0.8500000000000001,0.1,162.04669,15.5183,56.27759,233.84258000000003
307,6A,Rochester,0.8500000000000001,0.25,148.61631,20.61717,61.50314,230.73662
308,6A,Rochester,0.8500000000000001,0.2,152.71108,18.90699,59.5396,231.15767
309,6A,Rochester,0.8500000000000001,0.3,144.81231,22.35902,63.94173,231.11306
310,6A,Rochester,0.8500000000000001,0.35,141.14179,24.10087,66.15863,231.40129
311,6A,Rochester,0.8500000000000001,0.45,133.95591000000002,27.52123,70.11738,231.59452
312,6A,Rochester,0.8500000000000001,0.4,137.44874,25.84272,68.24885,231.54031
313,6A,Rochester,0.8500000000000001,0.55,127.76136,30.94159,73.60108,232.30403
314,6A,Rochester,0.8500000000000001,0.5,130.91241,29.26308,71.89089999999999,232.06639
315,6A,Rochester,0.8500000000000001,0.6000000000000001,124.56631,32.55676,75.34293,232.466
316,6A,Rochester,0.8500000000000001,0.65,121.56511,34.67865,77.11645,233.36021
317,6A,Rochester,0.8500000000000001,0.7000000000000001,118.80005,36.35716,78.50993,233.66714
318,6A,Rochester,0.8500000000000001,0.75,116.16422,38.09900999999999,80.03008999999999,234.29332
319,6A,Rochester,0.8500000000000001,0.8500000000000001,110.77162,41.8044,83.57713,236.15315
320,6A,Rochester,0.8500000000000001,0.8,113.41744,39.99921,81.80360999999999,235.22026
321,6A,Rochester,0.8500000000000001,0.95,105.90593,45.73148,87.12417,238.76158000000004
322,6A,Rochester,0.8500000000000001,0.9,108.285,43.76794,85.35064999999999,237.40358999999995
323,6A,Rochester,0.8,0.01,168.65955,12.57299,54.7891,236.02164
324,6A,Rochester,0.8,0.15,153.60995,17.22848,56.59429,227.43272
325,6A,Rochester,0.8,0.1,158.47989,15.54997,55.16914,229.199
326,6A,Rochester,0.8,0.25,145.28438,20.68051,60.67972,226.64461
327,6A,Rochester,0.8,0.2,149.45673,18.93866,58.5895,226.98489
328,6A,Rochester,0.8,0.3,141.6772,22.42236,63.08664,227.1862
329,6A,Rochester,0.8,0.35,137.9291,24.16421,65.30354,227.39685
330,6A,Rochester,0.8,0.45,130.89498,27.64791,69.26229,227.80518
331,6A,Rochester,0.8,0.4,134.14189000000002,25.93773,67.36209,227.44171
332,6A,Rochester,0.8,0.55,124.68533999999998,31.16328,72.99934999999999,228.84797
333,6A,Rochester,0.8,0.5,127.68718,29.42143,71.09915,228.20776
334,6A,Rochester,0.8,0.6000000000000001,121.6378,32.84179,74.80454,229.28413
335,6A,Rochester,0.8,0.65,118.41406,34.99535,76.54639,229.9558
336,6A,Rochester,0.8,0.7000000000000001,115.75485,36.70553,78.03488,230.49526
337,6A,Rochester,0.8,0.75,112.88139,38.51072,79.58671,230.97882
338,6A,Rochester,0.8,0.8500000000000001,107.70644,42.31112,83.19708999999999,233.21465
339,6A,Rochester,0.8,0.8,110.33058,40.47426,81.39189999999999,232.19674
340,6A,Rochester,0.8,0.95,102.61396,46.33321,86.77579999999999,235.72297
341,6A,Rochester,0.8,0.9,105.14564,44.30633,84.97061,234.42258
342,6A,Rochester,0.95,0.01,178.40199,12.351299999999998,58.08278,248.83607
343,6A,Rochester,0.95,0.15,163.55133,17.13347,59.44459,240.12939
344,6A,Rochester,0.95,0.1,168.40108,15.42329,58.20945999999999,242.03383
345,6A,Rochester,0.95,0.25,154.38299999999998,20.55383,63.34,238.27683
346,6A,Rochester,0.95,0.2,158.77874,18.84365,61.43979999999999,239.06219
347,6A,Rochester,0.95,0.3,150.41321,22.29568,65.52523,238.23412
348,6A,Rochester,0.95,0.35,146.8885,24.00586,67.83714,238.7315
349,6A,Rochester,0.95,0.45,139.85268000000002,27.36288,71.82755999999999,239.04312
350,6A,Rochester,0.95,0.4,142.69702,25.71604,69.83235,238.24541
351,6A,Rochester,0.95,0.55,133.88662,30.65656,75.18458,239.72776
352,6A,Rochester,0.95,0.5,136.8417,29.04139,73.60108,239.48417
353,6A,Rochester,0.95,0.6000000000000001,131.05822,32.24006,76.60973,239.90801
354,6A,Rochester,0.95,0.65,127.32201999999998,34.17193,78.22489999999999,239.71885
355,6A,Rochester,0.95,0.7000000000000001,124.89959000000002,35.75543,79.55504,240.21006
356,6A,Rochester,0.95,0.75,122.22784,37.40227,81.04352999999999,240.67364
357,6A,Rochester,0.95,0.8500000000000001,116.68943,40.91764,84.36887999999999,241.97595
358,6A,Rochester,0.95,0.8,119.46193,39.20746,82.69036999999999,241.35976
359,6A,Rochester,0.95,0.95,111.77783,44.62303,87.75757,244.15843
360,6A,Rochester,0.95,0.9,114.23193,42.7545,86.07906,243.06549
361,6A,Rochester,0.9,0.01,175.4722,12.41464,57.006,244.89284
362,6A,Rochester,0.9,0.15,160.15861,17.165139999999997,58.49448999999999,235.81824
363,6A,Rochester,0.9,0.1,165.00751000000002,15.454959999999998,57.25936,237.72183
364,6A,Rochester,0.9,0.25,151.45789000000002,20.55383,62.35823,234.36995
365,6A,Rochester,0.9,0.2,155.93121000000002,18.87532,60.52137,235.3279
366,6A,Rochester,0.9,0.3,147.46642,22.29568,64.70181,234.46391
367,6A,Rochester,0.9,0.35,144.03268,24.03753,66.98204999999999,235.05226
368,6A,Rochester,0.9,0.45,136.97433,27.42622,70.97247,235.37302
369,6A,Rochester,0.9,0.4,140.13962,25.74771,69.00892999999999,234.89626
370,6A,Rochester,0.9,0.55,130.96576,30.78324,74.36116,236.11016
371,6A,Rochester,0.9,0.5,133.95166,29.136399999999995,72.77766,235.86572
372,6A,Rochester,0.9,0.6000000000000001,127.69547,32.43008,75.88132,236.00687
373,6A,Rochester,0.9,0.65,124.39436,34.42529,77.65484,236.47449
374,6A,Rochester,0.9,0.7000000000000001,121.73685,36.04046,79.01665,236.79396
375,6A,Rochester,0.9,0.75,119.09847,37.75064,80.53680999999999,237.38592
376,6A,Rochester,0.9,0.8500000000000001,113.65592,41.32935,83.95717,238.94244000000003
377,6A,Rochester,0.9,0.8,116.60186,39.5875,82.24699,238.43635
378,6A,Rochester,0.9,0.95,108.96941,45.16142,87.44086999999999,241.5717
379,6A,Rochester,0.9,0.9,111.12424,43.22955,85.69901999999999,240.05281
0,6B,GreatFalls,0.01,0.01,62.8527,12.16128,41.64605,116.66003
1,6B,GreatFalls,0.01,0.15,52.33,18.55862,49.46854,120.35716
2,6B,GreatFalls,0.01,0.1,56.03283,16.088359999999998,46.45989,118.58108
3,6B,GreatFalls,0.01,0.25,45.95159,23.40413,54.40906,123.76478
4,6B,GreatFalls,0.01,0.2,49.05992,20.9022,51.93879999999999,121.90092
5,6B,GreatFalls,0.01,0.3,42.92998,26.03274,56.91098999999999,125.87371
6,6B,GreatFalls,0.01,0.35,40.10094,28.78803,59.44459,128.33356
7,6B,GreatFalls,0.01,0.45,34.63713,35.09036,64.48012,134.20761
8,6B,GreatFalls,0.01,0.4,37.27275,31.82835,61.94651999999999,131.04762
9,6B,GreatFalls,0.01,0.55,30.23437,41.83607,69.70567,141.77611
10,6B,GreatFalls,0.01,0.5,32.30822,38.38404,67.07705999999999,137.76932
11,6B,GreatFalls,0.01,0.6000000000000001,28.38306,45.41478,72.36595,146.16379
12,6B,GreatFalls,0.01,0.65,26.829320000000003,49.0885,75.05789999999999,150.97572
13,6B,GreatFalls,0.01,0.7000000000000001,25.28472,52.92057,77.81318999999999,156.01847999999998
14,6B,GreatFalls,0.01,0.75,23.99518,56.84765,80.56848,161.41131
15,6B,GreatFalls,0.01,0.8500000000000001,21.75533,64.98684,86.20573999999999,172.94790999999998
16,6B,GreatFalls,0.01,0.8,22.81149,60.86973999999999,83.35544,167.03667000000002
17,6B,GreatFalls,0.01,0.95,19.972250000000003,73.44273,91.93801,185.35299
18,6B,GreatFalls,0.01,0.9,20.8267,69.16727999999999,89.05604,179.05002
19,6B,GreatFalls,0.05,0.01,67.48267,11.55955,41.86774,120.90996
20,6B,GreatFalls,0.05,0.15,56.74806,17.7352,49.81691,124.30017
21,6B,GreatFalls,0.05,0.1,60.52847,15.39162,46.74491999999999,122.66501
22,6B,GreatFalls,0.05,0.25,50.22703,22.39069,54.72576,127.34348
23,6B,GreatFalls,0.05,0.2,53.401250000000005,19.98377,52.2555,125.64052
24,6B,GreatFalls,0.05,0.3,47.14038,24.89262,57.22769,129.26069
25,6B,GreatFalls,0.05,0.35,44.26798,27.5529,59.72962,131.5505
26,6B,GreatFalls,0.05,0.45,38.49321,33.60187,64.79682,136.8919
27,6B,GreatFalls,0.05,0.4,41.30057,30.466539999999995,62.26322,134.03033
28,6B,GreatFalls,0.05,0.55,33.79373,40.03088,70.05404,143.87865
29,6B,GreatFalls,0.05,0.5,36.03762,36.7372,67.42542999999999,140.20024999999998
30,6B,GreatFalls,0.05,0.6000000000000001,31.74071,43.48291,72.68265,147.90627
31,6B,GreatFalls,0.05,0.65,29.86857,47.02995,75.31126,152.20978000000002
32,6B,GreatFalls,0.05,0.7000000000000001,28.239799999999995,50.70367,77.97154,156.91501
33,6B,GreatFalls,0.05,0.75,26.78107,54.50407,80.72682999999999,162.01197
34,6B,GreatFalls,0.05,0.8500000000000001,24.23366,62.35823,86.26907999999999,172.86097
35,6B,GreatFalls,0.05,0.8,25.43818,58.36781,83.48212,167.28811
36,6B,GreatFalls,0.05,0.95,22.15301,70.56076,91.93801,184.65178
37,6B,GreatFalls,0.05,0.9,23.16666,66.41198999999999,89.08770999999999,178.66635999999997
38,6B,GreatFalls,0.15,0.01,78.27488,10.4511,42.46947,131.19545
39,6B,GreatFalls,0.15,0.15,67.02059,16.151699999999998,50.54532,133.71761
40,6B,GreatFalls,0.15,0.1,70.93618,13.96647,47.40999,132.31264
41,6B,GreatFalls,0.15,0.25,60.09508,20.36381,55.51751,135.9764
42,6B,GreatFalls,0.15,0.2,63.48695,18.17858,53.01557999999999,134.68111
43,6B,GreatFalls,0.15,0.3,56.93085,22.64405,58.01944,137.59434
44,6B,GreatFalls,0.15,0.35,53.87417000000001,25.05097,60.52137,139.44651
45,6B,GreatFalls,0.15,0.45,47.7234,30.59322,65.5569,143.87351999999998
46,6B,GreatFalls,0.15,0.4,50.71249,27.71125,63.02329999999999,141.44704000000002
47,6B,GreatFalls,0.15,0.55,42.43622,36.45217,70.78245,149.67084
48,6B,GreatFalls,0.15,0.5,44.93602,33.44352,68.15383999999999,146.53337999999997
49,6B,GreatFalls,0.15,0.6000000000000001,39.96979,39.5875,73.44273,153.00002
50,6B,GreatFalls,0.15,0.65,37.73504,42.84951,76.07133999999999,156.65589
51,6B,GreatFalls,0.15,0.7000000000000001,35.72538,46.20653,78.76329,160.6952
52,6B,GreatFalls,0.15,0.75,33.88406,49.69022999999999,81.39189999999999,164.96618999999998
53,6B,GreatFalls,0.15,0.8500000000000001,30.605690000000003,56.94266,86.74413,174.29248
54,6B,GreatFalls,0.15,0.8,32.23446,53.26894,84.08385,169.58724999999998
55,6B,GreatFalls,0.15,0.95,27.86741,64.57513,92.22304,184.66558
56,6B,GreatFalls,0.15,0.9,29.18862,60.71139,89.46775,179.36776
57,6B,GreatFalls,0.1,0.01,73.08803,10.95782,42.15277,126.19862
58,6B,GreatFalls,0.1,0.15,62.02227,16.88011,50.16528,129.06766
59,6B,GreatFalls,0.1,0.1,65.84859,14.59987,47.09329,127.54175
60,6B,GreatFalls,0.1,0.25,55.31526,21.28224,55.13747,131.73497
61,6B,GreatFalls,0.1,0.2,58.55537,19.002,52.63554,130.19290999999998
62,6B,GreatFalls,0.1,0.3,52.22691,23.68916,57.6394,133.55547
63,6B,GreatFalls,0.1,0.35,49.2036,26.19109,60.14132999999999,135.53601999999998
64,6B,GreatFalls,0.1,0.45,43.1929,31.986699999999995,65.20853,140.38813
65,6B,GreatFalls,0.1,0.4,46.14947,28.97805,62.64326,137.77078
66,6B,GreatFalls,0.1,0.55,38.14165,38.09900999999999,70.40241,146.64307
67,6B,GreatFalls,0.1,0.5,40.65144,34.96368,67.80547,143.42059
68,6B,GreatFalls,0.1,0.6000000000000001,35.88692,41.39269,73.06269,150.34230000000002
69,6B,GreatFalls,0.1,0.65,33.8339,44.78138,75.72296999999999,154.33825
70,6B,GreatFalls,0.1,0.7000000000000001,32.004270000000005,48.29675,78.35157999999998,158.65259999999998
71,6B,GreatFalls,0.1,0.75,30.34383,51.90713,81.04352999999999,163.29449
72,6B,GreatFalls,0.1,0.8500000000000001,27.37217,59.44459,86.45909999999999,173.27586
73,6B,GreatFalls,0.1,0.8,28.74673,55.64419,83.70380999999999,168.09472999999997
74,6B,GreatFalls,0.1,0.95,25.01648,67.36209,92.03302,184.41159
75,6B,GreatFalls,0.1,0.9,26.12514,63.37167,89.24606,178.74287
76,6B,GreatFalls,0.25,0.01,87.95503,9.69102,43.26122,140.90726999999998
77,6B,GreatFalls,0.25,0.15,76.0361,14.97991,51.43207999999999,142.44809
78,6B,GreatFalls,0.25,0.1,80.2669,12.92136,48.26508,141.45334000000005
79,6B,GreatFalls,0.25,0.25,69.13631000000001,18.87532,56.34092999999999,144.35256
80,6B,GreatFalls,0.25,0.2,72.47653,16.88011,53.87067,143.22731
81,6B,GreatFalls,0.25,0.3,65.76527,20.96554,58.84286,145.57367
82,6B,GreatFalls,0.25,0.35,62.4276,23.21411,61.34479,146.98649999999998
83,6B,GreatFalls,0.25,0.45,56.07172,28.344649999999994,66.41198999999999,150.82835999999998
84,6B,GreatFalls,0.25,0.4,59.26592,25.6527,63.87839,148.79701
85,6B,GreatFalls,0.25,0.55,50.50695,33.76022,71.5742,155.84136999999998
86,6B,GreatFalls,0.25,0.5,53.17679,31.004929999999995,68.97726,153.15898
87,6B,GreatFalls,0.25,0.6000000000000001,47.8471,36.67386,74.17114,158.69209999999998
88,6B,GreatFalls,0.25,0.65,45.37897,39.68250999999999,76.79974999999999,161.86122999999998
89,6B,GreatFalls,0.25,0.7000000000000001,43.13423,42.78617,79.46002999999999,165.38043
90,6B,GreatFalls,0.25,0.75,40.92201,46.04818,82.12030999999999,169.0905
91,6B,GreatFalls,0.25,0.8500000000000001,37.17603,52.793890000000005,87.44086999999999,177.41079
92,6B,GreatFalls,0.25,0.8,38.91065,49.37353,84.78058999999999,173.06476999999998
93,6B,GreatFalls,0.25,0.95,33.77927,59.88797,92.7931,186.46034
94,6B,GreatFalls,0.25,0.9,35.49476,56.30926,90.13282,181.93684
95,6B,GreatFalls,0.2,0.01,83.30338,10.03939,42.88117999999999,136.22395
96,6B,GreatFalls,0.2,0.15,71.7105,15.5183,50.95703,138.18582999999998
97,6B,GreatFalls,0.2,0.1,75.75702000000001,13.39641,47.82169999999999,136.97513
98,6B,GreatFalls,0.2,0.25,64.67319,19.54039,55.92922,140.1428
99,6B,GreatFalls,0.2,0.2,68.19599,17.48184,53.42729,139.10512
100,6B,GreatFalls,0.2,0.3,61.40056,21.75729,58.43115,141.589
101,6B,GreatFalls,0.2,0.35,58.27884,24.0692,60.93307999999999,143.28112
102,6B,GreatFalls,0.2,0.45,51.95633000000001,29.389759999999995,66.00027999999999,147.34636999999998
103,6B,GreatFalls,0.2,0.4,55.09548,26.6028,63.43501,145.13329
104,6B,GreatFalls,0.2,0.55,46.48742,35.02702,71.16248999999999,152.67693
105,6B,GreatFalls,0.2,0.5,49.07224,32.14505,68.56554999999999,149.78283999999996
106,6B,GreatFalls,0.2,0.6000000000000001,43.98762,38.03567,73.7911,155.81439
107,6B,GreatFalls,0.2,0.65,41.60536,41.13933,76.41971,159.1644
108,6B,GreatFalls,0.2,0.7000000000000001,39.44649,44.40134,79.07999,162.92782
109,6B,GreatFalls,0.2,0.75,37.40261,47.75836,81.77194,166.93291
110,6B,GreatFalls,0.2,0.8500000000000001,33.96589,54.75742999999999,87.12417,175.84749
111,6B,GreatFalls,0.2,0.8,35.62633,51.21039,84.43222,171.26894
112,6B,GreatFalls,0.2,0.95,30.81335,62.10486999999999,92.50807,185.42629
113,6B,GreatFalls,0.2,0.9,32.29376,58.36781,89.78444999999999,180.44602
114,6B,GreatFalls,0.3,0.01,92.56672,9.34265,43.64126,145.55063
115,6B,GreatFalls,0.3,0.15,80.38508,14.568199999999996,51.90713,146.86041
116,6B,GreatFalls,0.3,0.1,84.5959,12.54132,48.70846,145.84568000000002
117,6B,GreatFalls,0.3,0.25,72.99005,18.43194,56.91098999999999,148.33298
118,6B,GreatFalls,0.3,0.2,76.6763,16.43673,54.40906,147.52209
119,6B,GreatFalls,0.3,0.3,69.63983999999999,20.49049,59.44459,149.57492
120,6B,GreatFalls,0.3,0.35,66.24797000000001,22.70739,62.00985999999999,150.96522
121,6B,GreatFalls,0.3,0.45,59.97371,27.48956,67.1404,154.60367
122,6B,GreatFalls,0.3,0.4,63.0204,25.05097,64.57513,152.6465
123,6B,GreatFalls,0.3,0.55,54.29225,32.68344,72.01758,158.99327
124,6B,GreatFalls,0.3,0.5,57.03542,30.05483,69.70567,156.79592
125,6B,GreatFalls,0.3,0.6000000000000001,51.57905,35.4704,74.58285,161.6323
126,6B,GreatFalls,0.3,0.65,48.95002,38.38404,77.17979,164.51385
127,6B,GreatFalls,0.3,0.7000000000000001,46.67446,41.39269,79.80839999999999,167.87554999999998
128,6B,GreatFalls,0.3,0.75,44.42887,44.52802,82.46867999999999,171.42557
129,6B,GreatFalls,0.3,0.8500000000000001,40.3003,51.08371,87.78923999999999,179.17325
130,6B,GreatFalls,0.3,0.8,42.24832,47.75836,85.12895999999999,175.13563999999997
131,6B,GreatFalls,0.3,0.95,36.86273,57.92443,93.1098,187.89696
132,6B,GreatFalls,0.3,0.9,38.64071,54.47239999999999,90.48119,183.5943
133,6B,GreatFalls,0.35,0.01,96.79561,9.120959999999998,44.46468,150.38125
134,6B,GreatFalls,0.35,0.15,84.39143,14.18816,52.38217999999999,150.96177
135,6B,GreatFalls,0.35,0.1,88.73317999999999,12.19295,49.12017,150.04629999999997
136,6B,GreatFalls,0.35,0.25,77.03806,17.92522,57.38604,152.34932
137,6B,GreatFalls,0.35,0.2,80.74599,15.993349999999998,54.88410999999999,151.62345
138,6B,GreatFalls,0.35,0.3,73.63195,19.92043,59.88797,153.44035
139,6B,GreatFalls,0.35,0.35,70.12169,22.04232,62.45324,154.61725
140,6B,GreatFalls,0.35,0.45,63.78238999999999,26.66614,67.61545,158.06398
141,6B,GreatFalls,0.35,0.4,66.97829,24.32256,65.01851,156.31936000000002
142,6B,GreatFalls,0.35,0.55,57.82993,31.70167,72.46095999999999,161.99255999999997
143,6B,GreatFalls,0.35,0.5,60.82157000000001,29.16807,70.18072,160.17036000000002
144,6B,GreatFalls,0.35,0.6000000000000001,55.18177,34.39362,75.05789999999999,164.63329
145,6B,GreatFalls,0.35,0.65,52.56443,37.21225,77.62317,167.39985
146,6B,GreatFalls,0.35,0.7000000000000001,50.03211,40.12589,80.22010999999999,170.37811
147,6B,GreatFalls,0.35,0.75,47.69151,43.16621,82.84872,173.70644
148,6B,GreatFalls,0.35,0.8500000000000001,43.40374,49.53188,88.13761,181.07323
149,6B,GreatFalls,0.35,0.8,45.58514,46.30154,85.509,177.39567999999997
150,6B,GreatFalls,0.35,0.95,39.83864,56.15091,93.39482999999998,189.38438
151,6B,GreatFalls,0.35,0.9,41.54159,52.82556,90.79789,185.16504
152,6B,GreatFalls,0.45,0.01,104.73626,8.74092,47.06162,160.5388
153,6B,GreatFalls,0.45,0.15,92.08488,13.55476,53.33228,158.97192
154,6B,GreatFalls,0.45,0.1,96.44746,11.65456,50.26029,158.36231
155,6B,GreatFalls,0.45,0.25,84.56721,17.07013,58.33614,159.97348
156,6B,GreatFalls,0.45,0.2,88.26599999999999,15.26494,55.80254,159.33347999999998
157,6B,GreatFalls,0.45,0.3,81.00934,18.97033,60.83807,160.81774
158,6B,GreatFalls,0.45,0.35,77.49823,20.96554,63.37167,161.83544
159,6B,GreatFalls,0.45,0.45,70.96211,25.30433,68.50220999999999,164.76864999999998
160,6B,GreatFalls,0.45,0.4,74.20307,23.08743,65.90526999999999,163.19576999999998
161,6B,GreatFalls,0.45,0.55,64.65533,30.05483,73.37939,168.08955
162,6B,GreatFalls,0.45,0.5,67.83954,27.64791,71.06748,166.55493
163,6B,GreatFalls,0.45,0.6000000000000001,62.028000000000006,32.6201,75.94466,170.59276
164,6B,GreatFalls,0.45,0.65,59.23892,35.28038,78.5416,173.0609
165,6B,GreatFalls,0.45,0.7000000000000001,56.57822,38.03567,81.10686999999999,175.72075999999998
166,6B,GreatFalls,0.45,0.75,54.09925,40.88597,83.70380999999999,178.68903
167,6B,GreatFalls,0.45,0.8500000000000001,49.58809,46.8716,88.89769,185.35738
168,6B,GreatFalls,0.45,0.8,51.80116,43.83128,86.26907999999999,181.90152
169,6B,GreatFalls,0.45,0.95,45.65209,53.01557999999999,93.96489,192.63256
170,6B,GreatFalls,0.45,0.9,47.5559,50.00693,91.5263,189.08913
171,6B,GreatFalls,0.4,0.01,100.77178,8.89927,45.63647,155.30752
172,6B,GreatFalls,0.4,0.15,88.42116,13.83979,52.85723,155.11818
173,6B,GreatFalls,0.4,0.1,92.75292,11.90792,49.56355,154.22439
174,6B,GreatFalls,0.4,0.25,80.89265,17.45017,57.86109,156.20391
175,6B,GreatFalls,0.4,0.2,84.62311,15.581639999999998,55.35916,155.56391
176,6B,GreatFalls,0.4,0.3,77.37984,19.41371,60.36301999999999,157.15657
177,6B,GreatFalls,0.4,0.35,73.93292,21.47226,62.89661999999999,158.3018
178,6B,GreatFalls,0.4,0.45,67.451,25.9694,68.05882999999999,161.47922999999997
179,6B,GreatFalls,0.4,0.4,70.58441,23.65749,65.46189,159.70379
180,6B,GreatFalls,0.4,0.55,61.46857,30.84658,72.93601,165.25116
181,6B,GreatFalls,0.4,0.5,64.40516,28.37632,70.6241,163.40558
182,6B,GreatFalls,0.4,0.6000000000000001,58.62614000000001,33.47519,75.50128,167.60261
183,6B,GreatFalls,0.4,0.65,55.96459,36.19881,78.06654999999999,170.22994999999997
184,6B,GreatFalls,0.4,0.7000000000000001,53.44396,39.01744,80.66349,173.12489
185,6B,GreatFalls,0.4,0.75,50.97498,41.96275,83.26043,176.19816
186,6B,GreatFalls,0.4,0.8500000000000001,46.51717,48.1384,88.51764999999999,183.17322
187,6B,GreatFalls,0.4,0.8,48.7736,45.00307,85.88904,179.66571
188,6B,GreatFalls,0.4,0.95,42.81455,54.50407,93.64819,190.96681
189,6B,GreatFalls,0.4,0.9,44.54917,51.33707,91.14626,187.0325
190,6B,GreatFalls,0.55,0.01,112.03905,8.519229999999999,49.97525999999999,170.53354
191,6B,GreatFalls,0.55,0.15,99.06884,13.11138,54.69409,166.87430999999998
192,6B,GreatFalls,0.55,0.1,103.37722,11.27452,51.65377,166.30550999999997
193,6B,GreatFalls,0.55,0.25,91.42364,16.40506,59.25457,167.08327
194,6B,GreatFalls,0.55,0.2,95.25166,14.694879999999998,56.87932,166.82585999999998
195,6B,GreatFalls,0.55,0.3,87.83325,18.21025,61.7565,167.8
196,6B,GreatFalls,0.55,0.35,84.26539,20.11045,64.2901,168.66593999999998
197,6B,GreatFalls,0.55,0.45,77.55668,24.25922,69.38897,171.20487
198,6B,GreatFalls,0.55,0.4,80.77681000000001,22.13733,66.85537,169.76951
199,6B,GreatFalls,0.55,0.55,71.22907,28.72469,74.23448,174.18824
200,6B,GreatFalls,0.55,0.5,74.41328,26.44445,71.95424,172.81197
201,6B,GreatFalls,0.55,0.6000000000000001,68.15985,31.16328,76.79974999999999,176.12288
202,6B,GreatFalls,0.55,0.65,65.46663,33.69688,79.39668999999999,178.5602
203,6B,GreatFalls,0.55,0.7000000000000001,62.76342,36.32549,81.96195999999999,181.05087
204,6B,GreatFalls,0.55,0.75,60.16606,39.01744,84.5589,183.7424
205,6B,GreatFalls,0.55,0.8500000000000001,55.34649,44.71804,89.68943999999999,189.75397
206,6B,GreatFalls,0.55,0.8,57.69793,41.8044,87.12417,186.6265
207,6B,GreatFalls,0.55,0.95,51.292950000000005,50.45031,94.53495,196.27821
208,6B,GreatFalls,0.55,0.9,53.1009,47.66335,92.25471,193.01896
209,6B,GreatFalls,0.5,0.01,108.30136,8.61424,48.51844,165.43403999999998
210,6B,GreatFalls,0.5,0.15,95.65274,13.3014,53.96567999999999,162.91982
211,6B,GreatFalls,0.5,0.1,99.94858,11.46454,50.95703,162.37015
212,6B,GreatFalls,0.5,0.25,88.02752,16.72176,58.77951999999999,163.5288
213,6B,GreatFalls,0.5,0.2,91.71632,14.948239999999998,56.24592,162.91048
214,6B,GreatFalls,0.5,0.3,84.51216000000001,18.55862,61.28145,164.35223000000002
215,6B,GreatFalls,0.5,0.35,80.93431,20.52216,63.84672,165.30319
216,6B,GreatFalls,0.5,0.45,74.20477,24.73427,68.94559,167.88463
217,6B,GreatFalls,0.5,0.4,77.59664000000001,22.58071,66.38032,166.55767
218,6B,GreatFalls,0.5,0.55,68.00639,29.35809,73.7911,171.15558
219,6B,GreatFalls,0.5,0.5,71.23311,27.01451,71.51086,169.75848
220,6B,GreatFalls,0.5,0.6000000000000001,65.07639,31.86002,76.38804,173.32445
221,6B,GreatFalls,0.5,0.65,62.38487,34.45696,78.95330999999999,175.79514
222,6B,GreatFalls,0.5,0.7000000000000001,59.71248,37.11724,81.55024999999999,178.37997
223,6B,GreatFalls,0.5,0.75,57.20184,39.9042,84.14719,181.25323
224,6B,GreatFalls,0.5,0.8500000000000001,52.49896,45.73148,89.27773,187.50817
225,6B,GreatFalls,0.5,0.8,54.77707,42.78617,86.71246,184.2757
226,6B,GreatFalls,0.5,0.95,48.48707999999999,51.68544,94.24992,194.42244
227,6B,GreatFalls,0.5,0.9,50.349230000000006,48.7718,91.90634,191.02737
228,6B,GreatFalls,0.6000000000000001,0.01,115.56334,8.39255,51.33707,175.29296
229,6B,GreatFalls,0.6000000000000001,0.15,102.32404,12.953029999999998,55.454170000000005,170.73124
230,6B,GreatFalls,0.6000000000000001,0.1,106.68237,11.14784,52.60386999999999,170.43408
231,6B,GreatFalls,0.6000000000000001,0.25,94.71221,16.151699999999998,59.79296,170.65687
232,6B,GreatFalls,0.6000000000000001,0.2,98.32258,14.50486,57.60773,170.43517
233,6B,GreatFalls,0.6000000000000001,0.3,91.01597,17.92522,62.19988,171.14107
234,6B,GreatFalls,0.6000000000000001,0.35,87.3497,19.79375,64.76514999999999,171.90859999999998
235,6B,GreatFalls,0.6000000000000001,0.45,80.59678,23.81584,69.89569,174.30831
236,6B,GreatFalls,0.6000000000000001,0.4,84.03286,21.72562,67.33042,173.0889
237,6B,GreatFalls,0.6000000000000001,0.55,74.14993,28.1863,74.70953,177.04576
238,6B,GreatFalls,0.6000000000000001,0.5,77.30247,25.9694,72.42929,175.70116
239,6B,GreatFalls,0.6000000000000001,0.6000000000000001,71.1991,30.56155,77.27479999999998,179.03544999999997
240,6B,GreatFalls,0.6000000000000001,0.65,68.44339,33.03181,79.80839999999999,181.2836
241,6B,GreatFalls,0.6000000000000001,0.7000000000000001,65.72849000000001,35.56541,82.40534,183.69924
242,6B,GreatFalls,0.6000000000000001,0.75,63.089470000000006,38.22569,84.97061,186.28577
243,6B,GreatFalls,0.6000000000000001,0.8500000000000001,58.24737,43.76794,90.10115,192.11646
244,6B,GreatFalls,0.6000000000000001,0.8,60.58797,40.94931,87.53587999999999,189.07316
245,6B,GreatFalls,0.6000000000000001,0.95,53.96959,49.31019,94.81998,198.09976
246,6B,GreatFalls,0.6000000000000001,0.9,55.85172,46.64991,92.63475,195.13638
247,6B,GreatFalls,0.65,0.01,118.97263999999998,8.32921,52.63554,179.93739
248,6B,GreatFalls,0.65,0.15,105.38582,12.858019999999998,56.34092999999999,174.58477
249,6B,GreatFalls,0.65,0.1,109.80324,11.084499999999998,53.839,174.72673999999998
250,6B,GreatFalls,0.65,0.25,97.21626,16.21504,61.09143,174.52273
251,6B,GreatFalls,0.65,0.2,101.13674,14.50486,58.74785,174.38944999999998
252,6B,GreatFalls,0.65,0.3,93.50918,18.02023,63.49835,175.02776
253,6B,GreatFalls,0.65,0.35,89.92134000000001,19.92043,66.1903,176.03207
254,6B,GreatFalls,0.65,0.45,82.94247999999999,23.97419,71.38417999999999,178.30084999999997
255,6B,GreatFalls,0.65,0.4,86.35688,21.91564,68.78724,177.05975999999998
256,6B,GreatFalls,0.65,0.55,76.58149999999999,28.24964,76.16635,180.99749
257,6B,GreatFalls,0.65,0.5,79.72405,26.09608,73.91778,179.73791
258,6B,GreatFalls,0.65,0.6000000000000001,73.59985,30.56155,78.63660999999999,182.79801
259,6B,GreatFalls,0.65,0.65,70.54231999999999,33.06348,81.17021,184.77601
260,6B,GreatFalls,0.65,0.7000000000000001,67.95750000000001,35.50207,83.54545999999999,187.00503
261,6B,GreatFalls,0.65,0.75,65.39265999999999,38.03567,85.95237999999999,189.38071
262,6B,GreatFalls,0.65,0.8500000000000001,60.51889,43.41957,90.95624,194.8947
263,6B,GreatFalls,0.65,0.8,62.88117,40.69595,88.45430999999999,192.03143
264,6B,GreatFalls,0.65,0.95,56.22028,48.89847999999999,95.61173,200.73049
265,6B,GreatFalls,0.65,0.9,58.17829,46.2382,93.39482999999998,197.81132
266,6B,GreatFalls,0.7000000000000001,0.01,122.15345,8.2342,53.93401,184.32166
267,6B,GreatFalls,0.7000000000000001,0.15,108.09328,12.826349999999998,57.25936,178.17898999999997
268,6B,GreatFalls,0.7000000000000001,0.1,112.86247,11.05283,55.01079,178.92609
269,6B,GreatFalls,0.7000000000000001,0.25,99.732,16.34172,62.48491,178.55863
270,6B,GreatFalls,0.7000000000000001,0.2,103.6833,14.53653,59.91964,178.13947000000002
271,6B,GreatFalls,0.7000000000000001,0.3,95.76646,18.21025,65.01851,178.99522000000002
272,6B,GreatFalls,0.7000000000000001,0.35,92.07362,20.14212,67.71046,179.9262
273,6B,GreatFalls,0.7000000000000001,0.45,85.08561999999999,24.19588,72.99934999999999,182.28085
274,6B,GreatFalls,0.7000000000000001,0.4,88.51001,22.13733,70.37074,181.01808
275,6B,GreatFalls,0.7000000000000001,0.55,78.68128,28.43966,77.74985,184.87079
276,6B,GreatFalls,0.7000000000000001,0.5,82.00726,26.31777,75.53295,183.85798
277,6B,GreatFalls,0.7000000000000001,0.6000000000000001,75.88306,30.65656,80.09343,186.63305
278,6B,GreatFalls,0.7000000000000001,0.65,72.82723,33.15849,82.56369,188.54941
279,6B,GreatFalls,0.7000000000000001,0.7000000000000001,70.11233,35.4704,84.71724999999999,190.29998
280,6B,GreatFalls,0.7000000000000001,0.75,67.52580999999999,37.90899,86.99748999999998,192.43229
281,6B,GreatFalls,0.7000000000000001,0.8500000000000001,62.65204,43.13454,91.77966,197.56624
282,6B,GreatFalls,0.7000000000000001,0.8,64.98264999999999,40.50592999999999,89.37274,194.86132
283,6B,GreatFalls,0.7000000000000001,0.95,58.26756,48.51844,96.34014,203.12614
284,6B,GreatFalls,0.7000000000000001,0.9,60.482330000000005,45.85816,94.12324,200.46373
285,6B,GreatFalls,0.75,0.01,125.16592,8.17086,55.16914,188.50592
286,6B,GreatFalls,0.75,0.15,110.6832,12.79468,58.17779,181.65567
287,6B,GreatFalls,0.75,0.1,115.41732,11.05283,56.15091,182.62106
288,6B,GreatFalls,0.75,0.25,102.14848,16.500069999999997,63.97339999999999,182.62195
289,6B,GreatFalls,0.75,0.2,106.30659,14.63154,61.09143,182.02956
290,6B,GreatFalls,0.75,0.3,98.16551,18.46361,66.69702,183.32614
291,6B,GreatFalls,0.75,0.35,94.10751,20.42715,69.3573,183.89196
292,6B,GreatFalls,0.75,0.45,87.15373,24.57592,74.77287,186.50252
293,6B,GreatFalls,0.75,0.4,90.60979,22.4857,72.11259,185.20808
294,6B,GreatFalls,0.75,0.55,80.79445,28.75636,79.52337,189.07418
295,6B,GreatFalls,0.75,0.5,83.7761,26.66614,77.24313,187.68537
296,6B,GreatFalls,0.75,0.6000000000000001,78.03789,30.90992,81.7086,190.65641
297,6B,GreatFalls,0.75,0.65,74.76696000000001,33.38018,84.02051,192.16765
298,6B,GreatFalls,0.75,0.7000000000000001,72.12794,35.56541,85.98405,193.6774
299,6B,GreatFalls,0.75,0.75,69.7782,37.87732,88.07426999999998,195.72979
300,6B,GreatFalls,0.75,0.8500000000000001,64.68933,42.91285,92.57141,200.17359
301,6B,GreatFalls,0.75,0.8,67.15916,40.34758,90.32284,197.82958
302,6B,GreatFalls,0.75,0.95,60.42409,48.17007,97.03688,205.63104
303,6B,GreatFalls,0.75,0.9,62.58381,45.54146,94.81998,202.94525
304,6B,GreatFalls,0.8500000000000001,0.01,130.75981000000002,8.044179999999999,57.51272,196.31671000000003
305,6B,GreatFalls,0.8500000000000001,0.15,116.48836,12.57299,59.66627999999999,188.72763
306,6B,GreatFalls,0.8500000000000001,0.1,121.09559,10.86281,58.20945999999999,190.16786
307,6B,GreatFalls,0.8500000000000001,0.25,107.35914,16.31005,65.65191,189.3211
308,6B,GreatFalls,0.8500000000000001,0.2,111.64732999999998,14.40985,62.61158999999999,188.66877
309,6B,GreatFalls,0.8500000000000001,0.3,103.05522,18.27359,68.50220999999999,189.83102
310,6B,GreatFalls,0.8500000000000001,0.35,99.35409,20.2688,71.19416,190.81705
311,6B,GreatFalls,0.8500000000000001,0.45,92.11273,24.29089,76.41971,192.82333
312,6B,GreatFalls,0.8500000000000001,0.4,95.63213,22.26401,73.75943,191.65557
313,6B,GreatFalls,0.8500000000000001,0.55,85.56917,28.40799,81.17021,195.14737
314,6B,GreatFalls,0.8500000000000001,0.5,88.75507999999999,26.34944,78.88996999999999,193.99449
315,6B,GreatFalls,0.8500000000000001,0.6000000000000001,82.84683,30.43487,83.26043,196.54213
316,6B,GreatFalls,0.8500000000000001,0.65,79.3642,32.87346,85.47733,197.71499
317,6B,GreatFalls,0.8500000000000001,0.7000000000000001,76.87439,34.90034,87.25085,199.02558
318,6B,GreatFalls,0.8500000000000001,0.75,74.26704,37.08557,89.18271999999999,200.53533
319,6B,GreatFalls,0.8500000000000001,0.8500000000000001,69.40496,41.86774,93.45817,204.73087
320,6B,GreatFalls,0.8500000000000001,0.8,71.80975000000001,39.46082,91.33628,202.60685
321,6B,GreatFalls,0.8500000000000001,0.95,64.92376999999999,46.8716,97.76529,209.56066
322,6B,GreatFalls,0.8500000000000001,0.9,67.0735,44.36967,95.61173,207.0549
323,6B,GreatFalls,0.8,0.01,128.24343,8.10752,56.3726,192.72355
324,6B,GreatFalls,0.8,0.15,113.73584,12.60466,58.74785,185.08835
325,6B,GreatFalls,0.8,0.1,118.59494,10.92615,57.16435,186.68544
326,6B,GreatFalls,0.8,0.25,104.85594,16.40506,64.86016,186.12116
327,6B,GreatFalls,0.8,0.2,109.04487,14.47319,61.88318,185.40124
328,6B,GreatFalls,0.8,0.3,100.68869,18.3686,67.71046,186.76775
329,6B,GreatFalls,0.8,0.35,96.83835,20.36381,70.37074,187.5729
330,6B,GreatFalls,0.8,0.45,89.61612,24.48091,75.78631,189.88334
331,6B,GreatFalls,0.8,0.4,93.09301,22.42236,73.12603,188.6414
332,6B,GreatFalls,0.8,0.55,83.28935999999999,28.66135,80.56848,192.51919
333,6B,GreatFalls,0.8,0.5,86.4419,26.57113,78.28823999999999,191.30127
334,6B,GreatFalls,0.8,0.6000000000000001,80.38189,30.75157,82.72203999999999,193.8555
335,6B,GreatFalls,0.8,0.65,76.89841,33.253499999999995,84.97061,195.12252
336,6B,GreatFalls,0.8,0.7000000000000001,74.20434,35.34372,86.80747,196.35553
337,6B,GreatFalls,0.8,0.75,71.79126,37.59229,88.80268,198.18623
338,6B,GreatFalls,0.8,0.8500000000000001,66.9617,42.53281,93.14147,202.63598
339,6B,GreatFalls,0.8,0.8,69.38817,40.03088,90.92457,200.34362
340,6B,GreatFalls,0.8,0.95,62.6531,47.66335,97.51193,207.82838
341,6B,GreatFalls,0.8,0.9,64.71611,45.06641,95.3267,205.10922
342,6B,GreatFalls,0.95,0.01,136.34052,7.917499999999999,59.69795,203.95597
343,6B,GreatFalls,0.95,0.15,121.14129,12.50965,61.50314,195.15408
344,6B,GreatFalls,0.95,0.1,126.28202,10.79947,60.20467,197.28616
345,6B,GreatFalls,0.95,0.25,112.18976,16.21504,67.23541,195.64021
346,6B,GreatFalls,0.95,0.2,116.66053,14.314839999999998,64.13175,195.10712
347,6B,GreatFalls,0.95,0.3,107.92665,18.17858,70.14904999999999,196.25428
348,6B,GreatFalls,0.95,0.35,104.00043,20.11045,72.87267,196.98355
349,6B,GreatFalls,0.95,0.45,96.80498,24.03753,77.71817999999999,198.56069
350,6B,GreatFalls,0.95,0.4,100.1926,22.07399,75.34293,197.60952
351,6B,GreatFalls,0.95,0.55,90.17725,27.99628,82.40534,200.57887
352,6B,GreatFalls,0.95,0.5,93.49239,26.03274,80.18844,199.71357
353,6B,GreatFalls,0.95,0.6000000000000001,87.32312999999999,29.928149999999995,84.43222,201.6835
354,6B,GreatFalls,0.95,0.65,83.97143,32.27173,86.55411,202.79727
355,6B,GreatFalls,0.95,0.7000000000000001,81.3424,34.17193,88.16928,203.68361
356,6B,GreatFalls,0.95,0.75,78.84175,36.23047999999999,90.00614,205.07837
357,6B,GreatFalls,0.95,0.8500000000000001,73.87212,40.75928999999999,94.15491,208.78632
358,6B,GreatFalls,0.95,0.8,76.25523,38.44738,92.09636,206.79897
359,6B,GreatFalls,0.95,0.95,69.43514,45.44645,98.27201,213.1536
360,6B,GreatFalls,0.95,0.9,71.63821999999999,43.0712,96.21346,210.92288
361,6B,GreatFalls,0.9,0.01,133.67982,7.98084,58.62117,200.28183
362,6B,GreatFalls,0.9,0.15,118.90483999999998,12.54132,60.61638,192.06254
363,6B,GreatFalls,0.9,0.1,123.71888,10.83114,59.15956,193.70958
364,6B,GreatFalls,0.9,0.25,109.86489,16.24671,66.44366,192.55526
365,6B,GreatFalls,0.9,0.2,114.14564,14.34651,63.34,191.83215
366,6B,GreatFalls,0.9,0.3,105.67936,18.21025,69.32563,193.21524
367,6B,GreatFalls,0.9,0.35,101.75144,20.17379,72.01758,193.94281
368,6B,GreatFalls,0.9,0.45,94.51348,24.16421,77.05310999999999,195.7308
369,6B,GreatFalls,0.9,0.4,97.89111,22.13733,74.48783999999999,194.51628
370,6B,GreatFalls,0.9,0.55,87.86321999999998,28.1863,81.77194,197.82146
371,6B,GreatFalls,0.9,0.5,91.15498,26.19109,79.52337,196.86944
372,6B,GreatFalls,0.9,0.6000000000000001,85.21421,30.18151,83.86216,199.25788
373,6B,GreatFalls,0.9,0.65,81.52647,32.55676,85.98405,200.06728
374,6B,GreatFalls,0.9,0.7000000000000001,79.17758,34.5203,87.69423,201.39211
375,6B,GreatFalls,0.9,0.75,76.58192,36.64219,89.59442999999999,202.81854
376,6B,GreatFalls,0.9,0.8500000000000001,71.79402,41.29767999999999,93.83821,206.92991
377,6B,GreatFalls,0.9,0.8,74.12293,38.92243,91.71632,204.76168
378,6B,GreatFalls,0.9,0.95,67.10857,46.11152,98.01865,211.23874
379,6B,GreatFalls,0.9,0.9,69.38838,43.7046,95.89676,208.98974
0,7,InternationalFalls,0.01,0.01,110.04098,10.73613,36.19881,156.97591999999997
1,7,InternationalFalls,0.01,0.15,98.81051,16.18337,43.3879,158.38178
2,7,InternationalFalls,0.01,0.1,102.80155,14.12482,40.66428,157.59064999999998
3,7,InternationalFalls,0.01,0.25,91.62825,20.14212,47.79003,159.56040000000002
4,7,InternationalFalls,0.01,0.2,95.1689,18.14691,45.57313,158.88894
5,7,InternationalFalls,0.01,0.3,88.01277999999999,22.13733,50.0386,160.18871
6,7,InternationalFalls,0.01,0.35,84.66895,24.29089,52.35051,161.31034999999997
7,7,InternationalFalls,0.01,0.45,77.69051999999999,29.10473,56.75264,163.54789
8,7,InternationalFalls,0.01,0.4,81.20014,26.63447,54.53573999999999,162.37034999999997
9,7,InternationalFalls,0.01,0.55,71.2373,34.04525,61.37646,166.65901
10,7,InternationalFalls,0.01,0.5,74.46933,31.54332,59.06454999999999,165.0772
11,7,InternationalFalls,0.01,0.6000000000000001,68.14448999999999,36.61052,63.72004,168.47505
12,7,InternationalFalls,0.01,0.65,65.17007000000001,39.2708,66.09529,170.53616000000002
13,7,InternationalFalls,0.01,0.7000000000000001,62.24815,41.96275,68.47054,172.68144
14,7,InternationalFalls,0.01,0.75,59.44547,44.6547,70.87746,174.97762999999998
15,7,InternationalFalls,0.01,0.8500000000000001,54.23354,50.45031,75.72296999999999,180.40682
16,7,InternationalFalls,0.01,0.8,56.78116,47.505,73.28438,177.57054
17,7,InternationalFalls,0.01,0.95,49.49092,56.56262,80.60015,186.65369
18,7,InternationalFalls,0.01,0.9,51.84682,53.45895999999999,78.16156,183.46734
19,7,InternationalFalls,0.05,0.01,116.78475,10.22941,36.57885,163.59301
20,7,InternationalFalls,0.05,0.15,105.31155,15.486629999999998,43.83128,164.62946
21,7,InternationalFalls,0.05,0.1,109.36933,13.491419999999998,41.04432,163.90507
22,7,InternationalFalls,0.05,0.25,98.08338,19.28703,48.26508,165.63549
23,7,InternationalFalls,0.05,0.2,101.64826,17.35516,46.04818,165.05159999999998
24,7,InternationalFalls,0.05,0.3,94.43454,21.25057,50.48197999999999,166.16708999999997
25,7,InternationalFalls,0.05,0.35,90.96063,23.30912,52.76222,167.03197
26,7,InternationalFalls,0.05,0.45,84.06701,27.99628,57.16435,169.22764
27,7,InternationalFalls,0.05,0.4,87.43677,25.55769,54.94745,167.94191
28,7,InternationalFalls,0.05,0.55,77.43886,32.74678,61.78817,171.97381
29,7,InternationalFalls,0.05,0.5,80.70425999999999,30.30819,59.47626,170.48871
30,7,InternationalFalls,0.05,0.6000000000000001,74.33606,35.24871,64.13175,173.71652
31,7,InternationalFalls,0.05,0.65,71.1899,37.78231,66.44366,175.41586999999998
32,7,InternationalFalls,0.05,0.7000000000000001,68.27882,40.41092,68.81891,177.50865
33,7,InternationalFalls,0.05,0.75,65.33691999999999,42.97619,71.19416,179.50727
34,7,InternationalFalls,0.05,0.8500000000000001,59.93242,48.58178,76.03967,184.55387
35,7,InternationalFalls,0.05,0.8,62.56421,45.76315,73.60108,181.92844
36,7,InternationalFalls,0.05,0.95,54.95472,54.47239999999999,80.88517999999999,190.3123
37,7,InternationalFalls,0.05,0.9,57.41732,51.49542,78.47826,187.391
38,7,InternationalFalls,0.15,0.01,132.06217,9.15263,37.84564999999999,179.06045
39,7,InternationalFalls,0.15,0.15,120.19108,14.09315,45.00307,179.28730000000002
40,7,InternationalFalls,0.15,0.1,124.41996,12.224619999999998,42.15277,178.79735
41,7,InternationalFalls,0.15,0.25,112.6985,17.60852,49.46854,179.77555999999998
42,7,InternationalFalls,0.15,0.2,116.52524,15.835,47.25164,179.61188
43,7,InternationalFalls,0.15,0.3,109.05859,19.47705,51.68544,180.22108
44,7,InternationalFalls,0.15,0.35,105.70052,21.37725,53.96567999999999,181.04345
45,7,InternationalFalls,0.15,0.45,98.26086,25.68437,58.43115,182.37638
46,7,InternationalFalls,0.15,0.4,101.98983,23.46747,56.18258,181.63988
47,7,InternationalFalls,0.15,0.55,91.54748,30.14984,62.95996,184.65728
48,7,InternationalFalls,0.15,0.5,94.89875,27.8696,60.67972,183.44807
49,7,InternationalFalls,0.15,0.6000000000000001,88.25976,32.43008,65.30354,185.99338
50,7,InternationalFalls,0.15,0.65,85.0052,34.80533,67.58377999999999,187.39431
51,7,InternationalFalls,0.15,0.7000000000000001,81.95575,37.24392,69.89569,189.09536
52,7,InternationalFalls,0.15,0.75,78.84296,39.61917,72.23926999999999,190.7014
53,7,InternationalFalls,0.15,0.8500000000000001,73.16002,44.81305,76.9581,194.93117
54,7,InternationalFalls,0.15,0.8,75.98523,42.18444,74.58285,192.75252
55,7,InternationalFalls,0.15,0.95,67.76551,50.26029,81.7086,199.7344
56,7,InternationalFalls,0.15,0.9,70.399,47.505,79.33335,197.23735
57,7,InternationalFalls,0.1,0.01,124.55981,9.62768,37.0539,171.24139
58,7,InternationalFalls,0.1,0.15,113.0356,14.72655,44.43301,172.19516
59,7,InternationalFalls,0.1,0.1,117.14099000000002,12.79468,41.61438,171.55005
60,7,InternationalFalls,0.1,0.25,105.63229,18.3686,48.86681,172.8677
61,7,InternationalFalls,0.1,0.2,109.28474,16.53174,46.61824,172.43472
62,7,InternationalFalls,0.1,0.3,102.06911,20.30047,51.08371,173.45328999999998
63,7,InternationalFalls,0.1,0.35,98.39944,22.23234,53.36395,173.99572999999998
64,7,InternationalFalls,0.1,0.45,91.42739,26.76115,57.76608,175.95462
65,7,InternationalFalls,0.1,0.4,95.00375,24.48091,55.54917999999999,175.03384
66,7,InternationalFalls,0.1,0.55,84.63748999999999,31.32163,62.35823,178.31734999999998
67,7,InternationalFalls,0.1,0.5,88.03276,29.04139,60.04632,177.12047
68,7,InternationalFalls,0.1,0.6000000000000001,81.47963999999999,33.72855,64.67014,179.87833
69,7,InternationalFalls,0.1,0.65,78.35516,36.19881,66.98204999999999,181.53602
70,7,InternationalFalls,0.1,0.7000000000000001,75.29401999999999,38.73241,69.32563,183.35206
71,7,InternationalFalls,0.1,0.75,72.28792999999999,41.20267,71.63754,185.12814
72,7,InternationalFalls,0.1,0.8500000000000001,66.73422,46.5549,76.45138,189.7405
73,7,InternationalFalls,0.1,0.8,69.50608,43.83128,74.04445999999999,187.38182
74,7,InternationalFalls,0.1,0.95,61.49976,52.22382999999999,81.26522,194.98881
75,7,InternationalFalls,0.1,0.9,64.05822,49.37353,78.82663,192.25838
76,7,InternationalFalls,0.25,0.01,145.69723,8.48756,41.13933,195.32412
77,7,InternationalFalls,0.25,0.15,133.45332000000002,13.07971,46.5549,193.08793000000003
78,7,InternationalFalls,0.25,0.1,137.81802000000002,11.30619,43.95796,193.08217
79,7,InternationalFalls,0.25,0.25,126.02153,16.34172,50.76701,193.13026
80,7,InternationalFalls,0.25,0.2,129.58407,14.66321,48.51844,192.76572
81,7,InternationalFalls,0.25,0.3,122.37907,18.08357,53.01557999999999,193.47822
82,7,InternationalFalls,0.25,0.35,118.77912,19.88876,55.26415,193.93203
83,7,InternationalFalls,0.25,0.45,111.2927,23.94252,59.72962,194.96484
84,7,InternationalFalls,0.25,0.4,115.08756,21.8523,57.51272,194.45258
85,7,InternationalFalls,0.25,0.55,104.32575,28.12296,64.2901,196.73881
86,7,InternationalFalls,0.25,0.5,107.72208,26.00107,62.00985999999999,195.73301
87,7,InternationalFalls,0.25,0.6000000000000001,100.96279,30.27652,66.60200999999999,197.84132
88,7,InternationalFalls,0.25,0.65,97.7941,32.52509,68.88225,199.20144
89,7,InternationalFalls,0.25,0.7000000000000001,94.39968,34.80533,71.22582999999999,200.43084
90,7,InternationalFalls,0.25,0.75,91.29773,37.02222999999999,73.50607,201.82603
91,7,InternationalFalls,0.25,0.8500000000000001,85.25133,41.93108,78.16156,205.34397
92,7,InternationalFalls,0.25,0.8,88.24743000000001,39.46082,75.84965,203.5579
93,7,InternationalFalls,0.25,0.95,79.61005,46.99828,82.84872,209.45705
94,7,InternationalFalls,0.25,0.9,82.39359999999999,44.43301,80.50514,207.33175
95,7,InternationalFalls,0.2,0.01,139.03741,8.77259,39.14412,186.95412
96,7,InternationalFalls,0.2,0.15,127.16823,13.55476,45.63647,186.35946
97,7,InternationalFalls,0.2,0.1,131.38371999999998,11.7179,42.91285,186.01447
98,7,InternationalFalls,0.2,0.25,119.52049,16.91178,50.10194,186.53421
99,7,InternationalFalls,0.2,0.2,123.33724,15.2016,47.85337,186.39221
100,7,InternationalFalls,0.2,0.3,116.0181,18.71697,52.35051,187.08558
101,7,InternationalFalls,0.2,0.35,112.44238,20.5855,54.59908,187.62696
102,7,InternationalFalls,0.2,0.45,104.90601,24.76594,59.06454999999999,188.7365
103,7,InternationalFalls,0.2,0.4,108.68918,22.61238,56.81598,188.11754
104,7,InternationalFalls,0.2,0.55,98.13418,29.07306,63.6567,190.86394
105,7,InternationalFalls,0.2,0.5,101.47631,26.88783,61.34479,189.70893
106,7,InternationalFalls,0.2,0.6000000000000001,94.86963,31.28996,65.93693999999999,192.09653
107,7,InternationalFalls,0.2,0.65,91.50603,33.5702,68.21718,193.29341
108,7,InternationalFalls,0.2,0.7000000000000001,88.34903,35.945449999999994,70.56076,194.85524
109,7,InternationalFalls,0.2,0.75,85.18289,38.25736,72.87267,196.31292
110,7,InternationalFalls,0.2,0.8500000000000001,79.34989,43.29289,77.55982999999999,200.20261
111,7,InternationalFalls,0.2,0.8,82.18679,40.75928999999999,75.21625,198.16233
112,7,InternationalFalls,0.2,0.95,73.80617000000001,48.55011,82.24699,204.60327
113,7,InternationalFalls,0.2,0.9,76.50300000000001,45.88983,79.90341,202.29624
114,7,InternationalFalls,0.3,0.01,152.19615,8.2342,43.22955,203.6599
115,7,InternationalFalls,0.3,0.15,139.66253,12.731339999999998,47.69502,200.08889
116,7,InternationalFalls,0.3,0.1,143.88630999999998,10.95782,45.03474,199.87887
117,7,InternationalFalls,0.3,0.25,131.91149,15.96168,51.65377,199.52694
118,7,InternationalFalls,0.3,0.2,135.69402000000002,14.314839999999998,49.65856,199.66742
119,7,InternationalFalls,0.3,0.3,128.05138,17.67186,53.87067,199.59391
120,7,InternationalFalls,0.3,0.35,124.32305,19.47705,56.11923999999999,199.91934
121,7,InternationalFalls,0.3,0.45,117.22836,23.27745,60.74305999999999,201.24887
122,7,InternationalFalls,0.3,0.4,120.91907,21.34558,58.46282,200.72747
123,7,InternationalFalls,0.3,0.55,110.31391,27.267869999999995,65.05018,202.63196
124,7,InternationalFalls,0.3,0.5,113.61629,25.20932,63.08664,201.91225000000003
125,7,InternationalFalls,0.3,0.6000000000000001,106.83171,29.389759999999995,67.33042,203.55189
126,7,InternationalFalls,0.3,0.65,103.6305,31.57499,69.61066,204.81615
127,7,InternationalFalls,0.3,0.7000000000000001,100.33173,33.791889999999995,71.89089999999999,206.01452
128,7,InternationalFalls,0.3,0.75,97.03487,36.07213,74.20281,207.30981000000003
129,7,InternationalFalls,0.3,0.8500000000000001,90.9043,40.69595,78.85829999999999,210.45855
130,7,InternationalFalls,0.3,0.8,93.9546,38.28903,76.54639,208.79002
131,7,InternationalFalls,0.3,0.95,85.29724,45.63647,83.48212,214.41583
132,7,InternationalFalls,0.3,0.9,88.01405,43.16621,81.20188,212.38214
133,7,InternationalFalls,0.35,0.01,158.44915,8.012509999999999,45.22476,211.68642
134,7,InternationalFalls,0.35,0.15,145.43984,12.38297,48.80347,206.62628
135,7,InternationalFalls,0.35,0.1,149.80709000000002,10.64112,46.14319,206.5914
136,7,InternationalFalls,0.35,0.25,137.66711999999998,15.5183,52.76222,205.94764
137,7,InternationalFalls,0.35,0.2,141.59142,13.9348,50.76701,206.29323
138,7,InternationalFalls,0.35,0.3,133.96132,17.165139999999997,54.75742999999999,205.88389
139,7,InternationalFalls,0.35,0.35,130.22385,18.90699,56.91098999999999,206.04183
140,7,InternationalFalls,0.35,0.45,123.00567,22.61238,61.53480999999999,207.15286
141,7,InternationalFalls,0.35,0.4,126.60477,20.74385,59.2229,206.57152
142,7,InternationalFalls,0.35,0.55,115.88611,26.50779,65.81026,208.20416
143,7,InternationalFalls,0.35,0.5,119.19933,24.51258,63.84672,207.55863
144,7,InternationalFalls,0.35,0.6000000000000001,112.5748,28.56634,68.12217,209.26331
145,7,InternationalFalls,0.35,0.65,109.201,30.68823,70.37074,210.25997
146,7,InternationalFalls,0.35,0.7000000000000001,105.79468,32.87346,72.65098,211.31912
147,7,InternationalFalls,0.35,0.75,102.65766,35.09036,74.93122,212.67924
148,7,InternationalFalls,0.35,0.8500000000000001,96.38638,39.5875,79.61838,215.59226
149,7,InternationalFalls,0.35,0.8,99.43838,37.24392,77.27479999999998,213.9571
150,7,InternationalFalls,0.35,0.95,90.55253,44.36967,84.14719,219.06939
151,7,InternationalFalls,0.35,0.9,93.49698,41.99442,81.93029,217.42169
152,7,InternationalFalls,0.45,0.01,169.94639,7.66414,48.99349,226.60402
153,7,InternationalFalls,0.45,0.15,156.53195,11.78124,50.83035,219.14354
154,7,InternationalFalls,0.45,0.1,161.06626999999995,10.19774,49.43686999999999,220.70088
155,7,InternationalFalls,0.45,0.25,148.45146,14.821559999999998,54.85244,218.12546
156,7,InternationalFalls,0.45,0.2,152.39914,13.3014,52.82556,218.5261
157,7,InternationalFalls,0.45,0.3,144.80815,16.40506,56.91098999999999,218.1242
158,7,InternationalFalls,0.45,0.35,140.9965,18.0519,58.9062,217.9546
159,7,InternationalFalls,0.45,0.45,133.69925,21.50393,63.02329999999999,218.22648
160,7,InternationalFalls,0.45,0.4,137.21567,19.76208,60.96475,217.9425
161,7,InternationalFalls,0.45,0.55,126.6154,25.20932,67.39376,219.21848
162,7,InternationalFalls,0.45,0.5,130.19856,23.34079,65.36688,218.90623
163,7,InternationalFalls,0.45,0.6000000000000001,123.09728,27.17286,69.67399999999999,219.94414
164,7,InternationalFalls,0.45,0.65,119.76514,29.19974,71.95424,220.91912
165,7,InternationalFalls,0.45,0.7000000000000001,116.34713,31.258289999999995,74.23448,221.8399
166,7,InternationalFalls,0.45,0.75,113.03667000000002,33.41185,76.51472,222.96324000000004
167,7,InternationalFalls,0.45,0.8500000000000001,106.55029,37.6873,81.10686999999999,225.34446
168,7,InternationalFalls,0.45,0.8,109.89221,35.4704,78.82663,224.18924
169,7,InternationalFalls,0.45,0.95,100.74896,42.18444,85.54067,228.47407
170,7,InternationalFalls,0.45,0.9,103.47916,39.96753999999999,83.38710999999999,226.83381
171,7,InternationalFalls,0.4,0.01,164.37036,7.82249,47.12496,219.31781
172,7,InternationalFalls,0.4,0.15,151.21226,12.06627,49.84858,213.12711
173,7,InternationalFalls,0.4,0.1,155.51256,10.41943,47.82169999999999,213.75369
174,7,InternationalFalls,0.4,0.25,143.25356,15.16993,53.839,212.26249
175,7,InternationalFalls,0.4,0.2,147.06861,13.58643,51.84379,212.49883
176,7,InternationalFalls,0.4,0.3,139.41513,16.753429999999998,55.86588,212.03444
177,7,InternationalFalls,0.4,0.35,135.80944,18.46361,57.86109,212.13414
178,7,InternationalFalls,0.4,0.45,128.41038,22.04232,62.29489,212.74759
179,7,InternationalFalls,0.4,0.4,132.18292,20.20546,59.95130999999999,212.33969
180,7,InternationalFalls,0.4,0.55,121.42664,25.84272,66.60200999999999,213.87137
181,7,InternationalFalls,0.4,0.5,124.93307,23.91085,64.60679999999999,213.45072
182,7,InternationalFalls,0.4,0.6000000000000001,117.92106,27.83793,68.88225,214.64124
183,7,InternationalFalls,0.4,0.65,114.51474,29.928149999999995,71.16248999999999,215.60538
184,7,InternationalFalls,0.4,0.7000000000000001,111.21512,32.01837,73.47439999999999,216.70789
185,7,InternationalFalls,0.4,0.75,108.05727,34.2036,75.72296999999999,217.98384
186,7,InternationalFalls,0.4,0.8500000000000001,101.6134,38.60573,80.34679,220.56592
187,7,InternationalFalls,0.4,0.8,104.74043,36.32549,78.03488,219.1008
188,7,InternationalFalls,0.4,0.95,95.74788,43.22955,84.81226,223.78969
189,7,InternationalFalls,0.4,0.9,98.5614,40.91764,82.69036999999999,222.16941
190,7,InternationalFalls,0.55,0.01,180.38747,7.37911,52.41385,240.18043
191,7,InternationalFalls,0.55,0.15,166.36151999999998,11.4012,53.55397,231.31669
192,7,InternationalFalls,0.55,0.1,171.19915,9.84937,52.44552,233.49404
193,7,InternationalFalls,0.55,0.25,158.60559,14.2515,56.84765,229.70474
194,7,InternationalFalls,0.55,0.2,162.55157,12.79468,54.85244,230.19869
195,7,InternationalFalls,0.55,0.3,154.72465,15.77166,58.9062,229.40251
196,7,InternationalFalls,0.55,0.35,150.84626000000003,17.35516,60.93307999999999,229.13450000000003
197,7,InternationalFalls,0.55,0.45,143.59811,20.68051,65.05018,229.3288
198,7,InternationalFalls,0.55,0.4,147.19380999999998,19.002,62.99163,229.18744
199,7,InternationalFalls,0.55,0.55,136.37355,24.16421,68.85058,229.38834
200,7,InternationalFalls,0.55,0.5,139.97499,22.39069,67.07705999999999,229.44274
201,7,InternationalFalls,0.55,0.6000000000000001,132.76701,26.03274,71.13082,229.93057
202,7,InternationalFalls,0.55,0.65,129.41064,27.99628,73.41105999999999,230.81798
203,7,InternationalFalls,0.55,0.7000000000000001,126.04428,29.95982,75.72296999999999,231.72707
204,7,InternationalFalls,0.55,0.75,122.85136,31.986699999999995,78.00321,232.84127
205,7,InternationalFalls,0.55,0.8500000000000001,116.33225,36.13547,82.59535999999999,235.06308
206,7,InternationalFalls,0.55,0.8,119.53176,33.98191,80.31512,233.82879
207,7,InternationalFalls,0.55,0.95,110.35769,40.31591,86.90248,237.57608
208,7,InternationalFalls,0.55,0.9,113.2269,38.3207,84.90727,236.45487
209,7,InternationalFalls,0.5,0.01,175.35408,7.50579,50.73534,233.59521
210,7,InternationalFalls,0.5,0.15,161.6189,11.59122,52.19216,225.40228
211,7,InternationalFalls,0.5,0.1,166.00975,10.00772,50.95703,226.9745
212,7,InternationalFalls,0.5,0.25,153.79283,14.53653,55.86588,224.19524
213,7,InternationalFalls,0.5,0.2,157.62212,13.01637,53.80732999999999,224.44582
214,7,InternationalFalls,0.5,0.3,149.55671999999998,16.05669,57.89276,223.50617
215,7,InternationalFalls,0.5,0.35,146.27028,17.67186,59.95130999999999,223.89345000000003
216,7,InternationalFalls,0.5,0.45,138.7354,21.06055,64.06841,223.86436
217,7,InternationalFalls,0.5,0.4,142.32684999999998,19.35037,62.00985999999999,223.68708
218,7,InternationalFalls,0.5,0.55,131.47322,24.67093,68.09049999999999,224.23465
219,7,InternationalFalls,0.5,0.5,135.25979,22.83407,66.12696,224.22082
220,7,InternationalFalls,0.5,0.6000000000000001,128.10516,26.6028,70.40241,225.11037
221,7,InternationalFalls,0.5,0.65,124.76877,28.56634,72.74598999999999,226.0811
222,7,InternationalFalls,0.5,0.7000000000000001,121.35076,30.59322,74.99455999999999,226.93854
223,7,InternationalFalls,0.5,0.75,117.99694,32.68344,77.24313,227.92351
224,7,InternationalFalls,0.5,0.8500000000000001,111.59622,36.89555,81.86695,230.35872
225,7,InternationalFalls,0.5,0.8,114.75492,34.71032,79.58671,229.05195
226,7,InternationalFalls,0.5,0.95,105.6342,41.20267,86.23741,233.07428
227,7,InternationalFalls,0.5,0.9,108.4711,39.11245,84.17885999999999,231.76241
228,7,InternationalFalls,0.6000000000000001,0.01,185.09736,7.252429999999999,54.02902,246.37881
229,7,InternationalFalls,0.6000000000000001,0.15,171.38173,11.24285,55.04245999999999,237.66704
230,7,InternationalFalls,0.6000000000000001,0.1,175.68905,9.722689999999998,53.99735,239.40909
231,7,InternationalFalls,0.6000000000000001,0.25,163.23746999999997,14.029809999999998,57.76608,235.03336
232,7,InternationalFalls,0.6000000000000001,0.2,167.31097999999997,12.60466,56.08757,236.00321
233,7,InternationalFalls,0.6000000000000001,0.3,159.55909,15.5183,59.85629999999999,234.93369
234,7,InternationalFalls,0.6000000000000001,0.35,155.6248,17.07013,61.91485,234.60978
235,7,InternationalFalls,0.6000000000000001,0.45,148.06739,20.33214,66.03195,234.43148
236,7,InternationalFalls,0.6000000000000001,0.4,151.70475,18.6853,63.97339999999999,234.36345
237,7,InternationalFalls,0.6000000000000001,0.55,141.15124,23.7525,69.86402,234.76776
238,7,InternationalFalls,0.6000000000000001,0.5,144.57094999999998,22.01065,68.15383999999999,234.73544
239,7,InternationalFalls,0.6000000000000001,0.6000000000000001,137.47137,25.55769,71.92257,234.95163
240,7,InternationalFalls,0.6000000000000001,0.65,134.12754,27.45789,74.1078,235.69323
241,7,InternationalFalls,0.6000000000000001,0.7000000000000001,130.74949,29.389759999999995,76.41971,236.55896
242,7,InternationalFalls,0.6000000000000001,0.75,127.33977,31.38497,78.73161999999999,237.45636
243,7,InternationalFalls,0.6000000000000001,0.8500000000000001,120.85233,35.43873,83.29209999999999,239.58316
244,7,InternationalFalls,0.6000000000000001,0.8,123.95853,33.31684,80.98019,238.25556
245,7,InternationalFalls,0.6000000000000001,0.95,114.71772,39.49249,87.56755,241.77776
246,7,InternationalFalls,0.6000000000000001,0.9,117.73529,37.56061999999999,85.60401,240.89992
247,7,InternationalFalls,0.65,0.01,190.10822,7.12575,55.64419,252.87816000000004
248,7,InternationalFalls,0.65,0.15,175.29731999999998,11.17951,56.46760999999999,242.94444
249,7,InternationalFalls,0.65,0.1,180.35069,9.659349999999998,55.64419,245.65423
250,7,InternationalFalls,0.65,0.25,167.13563,14.06148,59.2229,240.42001
251,7,InternationalFalls,0.65,0.2,171.32413000000005,12.57299,57.60773,241.50485000000003
252,7,InternationalFalls,0.65,0.3,163.05532,15.581639999999998,61.50314,240.1401
253,7,InternationalFalls,0.65,0.35,159.27194,17.165139999999997,63.72004,240.15712
254,7,InternationalFalls,0.65,0.45,151.692,20.42715,67.96382,240.08297
255,7,InternationalFalls,0.65,0.4,155.30938,18.78031,65.84192999999999,239.93162
256,7,InternationalFalls,0.65,0.55,144.84089,23.81584,71.76422,240.42095
257,7,InternationalFalls,0.65,0.5,148.30311,22.10566,69.9907,240.39947
258,7,InternationalFalls,0.65,0.6000000000000001,141.53128,25.55769,73.72776,240.81673
259,7,InternationalFalls,0.65,0.65,137.71389,27.45789,75.65962999999999,240.83141
260,7,InternationalFalls,0.65,0.7000000000000001,134.55349,29.32642,77.78151999999999,241.66143
261,7,InternationalFalls,0.65,0.75,131.22050000000002,31.258289999999995,79.99842,242.47721
262,7,InternationalFalls,0.65,0.8500000000000001,124.77387,35.18537,84.40055,244.35979
263,7,InternationalFalls,0.65,0.8,127.8467,33.12682,82.18364999999999,243.15717
264,7,InternationalFalls,0.65,0.95,118.72428,39.17578999999999,88.58098999999999,246.48106
265,7,InternationalFalls,0.65,0.9,121.59179,37.27559,86.58578,245.45316
266,7,InternationalFalls,0.7000000000000001,0.01,194.47463,7.06241,57.13267999999999,258.66972
267,7,InternationalFalls,0.7000000000000001,0.15,179.44799,11.14784,57.89276,248.48859
268,7,InternationalFalls,0.7000000000000001,0.1,184.71476,9.59601,57.16435,251.47512
269,7,InternationalFalls,0.7000000000000001,0.25,170.89372,14.12482,60.74305999999999,245.7616
270,7,InternationalFalls,0.7000000000000001,0.2,175.03546,12.60466,59.09622,246.73634
271,7,InternationalFalls,0.7000000000000001,0.3,166.83339,15.70832,63.24499,245.7867
272,7,InternationalFalls,0.7000000000000001,0.35,162.95585,17.35516,65.5569,245.86791
273,7,InternationalFalls,0.7000000000000001,0.45,155.39504,20.61717,69.95903,245.97124
274,7,InternationalFalls,0.7000000000000001,0.4,159.00073,18.97033,67.83714,245.8082
275,7,InternationalFalls,0.7000000000000001,0.55,148.49142999999998,23.94252,73.69609,246.13004
276,7,InternationalFalls,0.7000000000000001,0.5,151.80189,22.29568,71.98591,246.08348
277,7,InternationalFalls,0.7000000000000001,0.6000000000000001,144.82664999999997,25.6527,75.53295,246.01229999999995
278,7,InternationalFalls,0.7000000000000001,0.65,141.46369,27.5529,77.43315,246.44974
279,7,InternationalFalls,0.7000000000000001,0.7000000000000001,138.12071,29.29475,79.175,246.59046
280,7,InternationalFalls,0.7000000000000001,0.75,134.81025,31.16328,81.20188,247.17541
281,7,InternationalFalls,0.7000000000000001,0.8500000000000001,128.35193,34.99535,85.44565999999999,248.79294
282,7,InternationalFalls,0.7000000000000001,0.8,131.67323,33.000139999999995,83.35544,248.02881
283,7,InternationalFalls,0.7000000000000001,0.95,122.59141,38.9541,89.49942,251.04493
284,7,InternationalFalls,0.7000000000000001,0.9,125.62173,36.99056,87.56755,250.17984
285,7,InternationalFalls,0.75,0.01,198.8878,6.9674000000000005,58.5895,264.4447
286,7,InternationalFalls,0.75,0.15,183.22011,11.11617,59.28623999999999,253.62252
287,7,InternationalFalls,0.75,0.1,188.22842,9.56434,58.5895,256.38226
288,7,InternationalFalls,0.75,0.25,174.6042,14.2515,62.45324,251.30894
289,7,InternationalFalls,0.75,0.2,178.9519,12.63633,60.61638,252.20461
290,7,InternationalFalls,0.75,0.3,169.90452,15.898339999999996,64.98684,250.7897
291,7,InternationalFalls,0.75,0.35,166.01933000000002,17.576849999999997,67.55210999999998,251.14829000000003
292,7,InternationalFalls,0.75,0.45,158.59199999999998,20.9022,72.04925,251.54345
293,7,InternationalFalls,0.75,0.4,162.33776,19.25536,69.89569,251.48881
294,7,InternationalFalls,0.75,0.55,151.39656,24.16421,75.78631,251.34708
295,7,InternationalFalls,0.75,0.5,154.93296,22.54904,74.07612999999999,251.55813
296,7,InternationalFalls,0.75,0.6000000000000001,148.16368,25.81105,77.46482,251.43955
297,7,InternationalFalls,0.75,0.65,144.73737999999997,27.71125,79.23834,251.68697
298,7,InternationalFalls,0.75,0.7000000000000001,141.62288999999998,29.35809,80.69516,251.67614
299,7,InternationalFalls,0.75,0.75,138.27161999999998,31.13161,82.40534,251.80857
300,7,InternationalFalls,0.75,0.8500000000000001,132.09174000000002,34.80533,86.49077,253.38784
301,7,InternationalFalls,0.75,0.8,134.98539,32.90513,84.43222,252.32274
302,7,InternationalFalls,0.75,0.95,126.20199,38.70074,90.41785,255.32058
303,7,InternationalFalls,0.75,0.9,129.08225,36.76886999999999,88.51764999999999,254.36877
304,7,InternationalFalls,0.8500000000000001,0.01,207.29308000000003,6.77738,61.34479,275.41525
305,7,InternationalFalls,0.8500000000000001,0.15,190.97881,10.89448,61.66148999999999,263.53478
306,7,InternationalFalls,0.8500000000000001,0.1,196.62052,9.40599,61.37646,267.40297
307,7,InternationalFalls,0.8500000000000001,0.25,181.7193,14.06148,64.82848999999999,260.6092699999999
308,7,InternationalFalls,0.8500000000000001,0.2,186.75566,12.44631,62.89661999999999,262.09859
309,7,InternationalFalls,0.8500000000000001,0.3,178.09937,15.70832,67.17207,260.97976
310,7,InternationalFalls,0.8500000000000001,0.35,173.81990000000002,17.38683,69.76901,260.97574000000003
311,7,InternationalFalls,0.8500000000000001,0.45,165.92475,20.64884,74.4245,260.99809
312,7,InternationalFalls,0.8500000000000001,0.4,169.42629,19.03367,72.17593,260.63589
313,7,InternationalFalls,0.8500000000000001,0.55,159.02029000000002,23.87918,78.25657,261.15604
314,7,InternationalFalls,0.8500000000000001,0.5,162.29993000000002,22.29568,76.41971,261.01532000000003
315,7,InternationalFalls,0.8500000000000001,0.6000000000000001,155.66562,25.462679999999995,79.93507999999999,261.06338
316,7,InternationalFalls,0.8500000000000001,0.65,151.85673,27.33121,81.55024999999999,260.73819
317,7,InternationalFalls,0.8500000000000001,0.7000000000000001,148.99071,28.91471,82.81705,260.72247
318,7,InternationalFalls,0.8500000000000001,0.75,145.76867,30.52988,84.27386999999999,260.57242
319,7,InternationalFalls,0.8500000000000001,0.8500000000000001,139.61471999999998,34.01358,87.75757,261.38586999999995
320,7,InternationalFalls,0.8500000000000001,0.8,142.49412999999998,32.20839,85.88904,260.59156
321,7,InternationalFalls,0.8500000000000001,0.95,133.77832,37.75064,91.62131,263.15027
322,7,InternationalFalls,0.8500000000000001,0.9,136.50767000000002,35.88211,89.68943999999999,262.07922
323,7,InternationalFalls,0.8,0.01,203.11584,6.872389999999999,59.98298,269.97121
324,7,InternationalFalls,0.8,0.15,187.31828,10.95782,60.4897,258.7658
325,7,InternationalFalls,0.8,0.1,192.62501,9.43766,59.98298,262.04565
326,7,InternationalFalls,0.8,0.25,178.30554,14.12482,63.68836999999999,256.11873
327,7,InternationalFalls,0.8,0.2,182.82328,12.50965,61.78817,257.1211
328,7,InternationalFalls,0.8,0.3,173.91852,15.835,66.22197,255.97549
329,7,InternationalFalls,0.8,0.35,170.11261000000002,17.48184,68.85058,256.44503000000003
330,7,InternationalFalls,0.8,0.45,162.18494,20.80719,73.47439999999999,256.46653
331,7,InternationalFalls,0.8,0.4,165.88989,19.16035,71.22582999999999,256.27607
332,7,InternationalFalls,0.8,0.55,155.14381,24.10087,77.27479999999998,256.51948
333,7,InternationalFalls,0.8,0.5,158.70103999999998,22.45403,75.43794,256.59300999999994
334,7,InternationalFalls,0.8,0.6000000000000001,151.86119,25.68437,78.95330999999999,256.49887
335,7,InternationalFalls,0.8,0.65,148.0861,27.64791,80.60015,256.33416
336,7,InternationalFalls,0.8,0.7000000000000001,145.11253,29.23141,81.93029,256.27423
337,7,InternationalFalls,0.8,0.75,141.85882,30.90992,83.38710999999999,256.15585
338,7,InternationalFalls,0.8,0.8500000000000001,135.49062,34.5203,87.15584,257.16676
339,7,InternationalFalls,0.8,0.8,138.84359,32.65177,85.22397,256.71933
340,7,InternationalFalls,0.8,0.95,129.78005,38.3207,91.11459,259.21534
341,7,InternationalFalls,0.8,0.9,132.80123000000003,36.4205,89.18271999999999,258.40445
342,7,InternationalFalls,0.95,0.01,215.17485,6.6507,63.94173,285.76728
343,7,InternationalFalls,0.95,0.15,198.26225,10.79947,64.03674,273.09846
344,7,InternationalFalls,0.95,0.1,203.37025,9.31098,63.94173,276.62296
345,7,InternationalFalls,0.95,0.25,189.02038,13.96647,67.07705999999999,270.06391
346,7,InternationalFalls,0.95,0.2,193.65311,12.351299999999998,65.27186999999999,271.27628
347,7,InternationalFalls,0.95,0.3,184.84123,15.581639999999998,68.97726,269.40013
348,7,InternationalFalls,0.95,0.35,180.71097,17.22848,71.60587,269.54531999999995
349,7,InternationalFalls,0.95,0.45,172.89659,20.45882,76.3247,269.68011
350,7,InternationalFalls,0.95,0.4,176.77328,18.84365,74.13947,269.7564
351,7,InternationalFalls,0.95,0.55,165.92793999999998,23.56248,80.15677,269.64719
352,7,InternationalFalls,0.95,0.5,169.20758,22.04232,78.35157999999998,269.60148
353,7,InternationalFalls,0.95,0.6000000000000001,162.49739,25.08264,81.74027,269.3203
354,7,InternationalFalls,0.95,0.65,158.84855,26.88783,83.35544,269.09182
355,7,InternationalFalls,0.95,0.7000000000000001,155.93832000000003,28.344649999999994,84.5589,268.84187000000003
356,7,InternationalFalls,0.95,0.75,152.86633999999998,29.89648,85.92070999999999,268.68353
357,7,InternationalFalls,0.95,0.8500000000000001,146.67413,33.19016,89.05604,268.92033
358,7,InternationalFalls,0.95,0.8,149.8052,31.57499,87.47254,268.85273
359,7,InternationalFalls,0.95,0.95,141.21543,36.64219,92.4764,270.33402
360,7,InternationalFalls,0.95,0.9,143.98814000000002,34.90034,90.67121,269.55969
361,7,InternationalFalls,0.9,0.01,211.22355,6.71404,62.64326,280.58085
362,7,InternationalFalls,0.9,0.15,194.69014,10.83114,62.86495,268.38623
363,7,InternationalFalls,0.9,0.1,200.27765,9.34265,62.64326,272.26356
364,7,InternationalFalls,0.9,0.25,185.56496,13.99814,65.93693999999999,265.50004
365,7,InternationalFalls,0.9,0.2,189.95262,12.38297,64.06841,266.404
366,7,InternationalFalls,0.9,0.3,181.54076,15.64498,68.05882999999999,265.24456999999995
367,7,InternationalFalls,0.9,0.35,177.08870000000002,17.291819999999998,70.68744,265.06796
368,7,InternationalFalls,0.9,0.45,169.37358,20.52216,75.34293,265.23867
369,7,InternationalFalls,0.9,0.4,173.23943,18.93866,73.12603,265.30412
370,7,InternationalFalls,0.9,0.55,162.68337000000002,23.72083,79.20667,265.61087000000003
371,7,InternationalFalls,0.9,0.5,165.70625,22.13733,77.36981,265.21339
372,7,InternationalFalls,0.9,0.6000000000000001,159.42541,25.27266,80.85351,265.55158
373,7,InternationalFalls,0.9,0.65,155.41226,27.10952,82.43701,264.95879
374,7,InternationalFalls,0.9,0.7000000000000001,152.46781,28.598009999999995,83.70380999999999,264.76962999999995
375,7,InternationalFalls,0.9,0.75,149.33418999999998,30.213179999999998,85.09729,264.64466
376,7,InternationalFalls,0.9,0.8500000000000001,143.37706,33.5702,88.35929999999999,265.30656
377,7,InternationalFalls,0.9,0.8,146.36891,31.92336,86.71246,265.00473
378,7,InternationalFalls,0.9,0.95,137.50729,37.18058,92.03302,266.72089
379,7,InternationalFalls,0.9,0.9,140.31167,35.37539,90.19616,265.88321999999994
0,8,Fairbanks,0.01,0.01,143.0568,4.33879,34.01358,181.40917
1,8,Fairbanks,0.01,0.15,133.12375,9.43766,44.24299,186.8044
2,8,Fairbanks,0.01,0.1,136.58341,7.37911,40.34758,184.3101
3,8,Fairbanks,0.01,0.25,127.04293,13.71311,50.45031,191.20635
4,8,Fairbanks,0.01,0.2,130.0437,11.49621,47.34665,188.88656
5,8,Fairbanks,0.01,0.3,124.22984,16.088359999999998,53.61731,193.93551
6,8,Fairbanks,0.01,0.35,121.48349000000002,18.59029,56.75264,196.82642000000004
7,8,Fairbanks,0.01,0.45,116.0943,24.32256,63.27666,203.69352
8,8,Fairbanks,0.01,0.4,118.77221000000002,21.37725,59.98298,200.13244
9,8,Fairbanks,0.01,0.55,111.07707,30.18151,69.80068,211.05926
10,8,Fairbanks,0.01,0.5,113.61236,27.20453,66.57034,207.38723
11,8,Fairbanks,0.01,0.6000000000000001,108.71352,33.22183,73.09436,215.02971
12,8,Fairbanks,0.01,0.65,106.45837,36.32549,76.41971,219.20357
13,8,Fairbanks,0.01,0.7000000000000001,104.20322000000002,39.49249,79.77673,223.47244
14,8,Fairbanks,0.01,0.75,102.06646,42.69116,83.07041,227.82803
15,8,Fairbanks,0.01,0.8500000000000001,97.98551,49.37353,89.81612,237.17516
16,8,Fairbanks,0.01,0.8,100.0364,46.01651,86.42742999999999,232.48034
17,8,Fairbanks,0.01,0.95,94.31308,56.21425,96.65684,247.18417
18,8,Fairbanks,0.01,0.9,96.17055,52.76222,93.23648,242.16925
19,8,Fairbanks,0.05,0.01,152.07739,3.89541,34.42529,190.39809
20,8,Fairbanks,0.05,0.15,141.7998,8.709249999999999,44.84472,195.35377
21,8,Fairbanks,0.05,0.1,145.47052000000002,6.77738,40.8543,193.1022
22,8,Fairbanks,0.05,0.25,135.64969000000002,12.76301,51.14704999999999,199.55975
23,8,Fairbanks,0.05,0.2,138.78224,10.67279,47.98005,197.43508
24,8,Fairbanks,0.05,0.3,132.80153,15.04325,54.31405,202.15883
25,8,Fairbanks,0.05,0.35,129.93509,17.45017,57.51272,204.89798
26,8,Fairbanks,0.05,0.45,124.49999,22.96075,64.06841,211.52915
27,8,Fairbanks,0.05,0.4,127.24294,20.11045,60.77473,208.12812
28,8,Fairbanks,0.05,0.55,119.37266,28.62968,70.68744,218.68978
29,8,Fairbanks,0.05,0.5,121.86629,25.77938,67.39376,215.03943
30,8,Fairbanks,0.05,0.6000000000000001,116.84736,31.57499,73.94945,222.3718
31,8,Fairbanks,0.05,0.65,114.47382,34.615309999999994,77.27479999999998,226.36393
32,8,Fairbanks,0.05,0.7000000000000001,112.17531,37.6873,80.63182,230.49443
33,8,Fairbanks,0.05,0.75,109.95268000000002,40.82263,83.98884,234.76415000000003
34,8,Fairbanks,0.05,0.8500000000000001,105.72167000000002,47.31498,90.73454999999998,243.7712
35,8,Fairbanks,0.05,0.8,107.80508,44.0213,87.31419,239.14057
36,8,Fairbanks,0.05,0.95,101.92001,53.99735,97.60694,253.5243
37,8,Fairbanks,0.05,0.9,103.70245,50.64033,94.09157,248.43435
38,8,Fairbanks,0.15,0.01,171.92376000000002,3.167,37.30725999999999,212.39802
39,8,Fairbanks,0.15,0.15,161.42979,7.31577,46.36488,215.11044
40,8,Fairbanks,0.15,0.1,165.18383000000003,5.63726,42.69116,213.51225
41,8,Fairbanks,0.15,0.25,155.23526,10.92615,52.69888,218.86029
42,8,Fairbanks,0.15,0.2,158.15951,9.02595,49.46854,216.654
43,8,Fairbanks,0.15,0.3,151.99346000000003,12.953029999999998,55.89755,220.84404000000004
44,8,Fairbanks,0.15,0.35,149.05518,15.106589999999995,59.25457,223.41634
45,8,Fairbanks,0.15,0.45,143.13887,20.17379,66.00027999999999,229.31294
46,8,Fairbanks,0.15,0.4,145.97194000000002,17.54518,62.54825,226.06537
47,8,Fairbanks,0.15,0.55,137.76966,25.462679999999995,72.71432,235.94666
48,8,Fairbanks,0.15,0.5,140.43843,22.77073,69.29396,232.50312
49,8,Fairbanks,0.15,0.6000000000000001,135.30855,28.21797,76.03967,239.56619
50,8,Fairbanks,0.15,0.65,132.66401000000002,31.0366,79.36501999999999,243.06563
51,8,Fairbanks,0.15,0.7000000000000001,130.19291,33.95024,82.69036999999999,246.83352
52,8,Fairbanks,0.15,0.75,127.77516,36.89555,86.11073,250.78144000000003
53,8,Fairbanks,0.15,0.8500000000000001,123.1673,43.00786,92.88810999999998,259.06327
54,8,Fairbanks,0.15,0.8,125.46581,39.93587,89.43607999999999,254.83776
55,8,Fairbanks,0.15,0.95,118.88209,49.31019,99.7605,267.95278
56,8,Fairbanks,0.15,0.9,121.08389,46.11152,96.34014,263.53555
57,8,Fairbanks,0.1,0.01,162.42259,3.4837,35.56541,201.4717
58,8,Fairbanks,0.1,0.15,152.10589000000002,7.949169999999999,45.57313,205.62819
59,8,Fairbanks,0.1,0.1,155.77002,6.112309999999999,41.4877,203.37003
60,8,Fairbanks,0.1,0.25,145.79722,11.78124,51.90713,209.48559
61,8,Fairbanks,0.1,0.2,148.77141999999998,9.75436,48.70846,207.23424
62,8,Fairbanks,0.1,0.3,142.73056,13.903129999999996,55.13747,211.77116
63,8,Fairbanks,0.1,0.35,139.88240000000002,16.18337,58.33614,214.40191
64,8,Fairbanks,0.1,0.45,134.14293,21.47226,64.98684,220.60203
65,8,Fairbanks,0.1,0.4,136.97345,18.71697,61.62982,217.32024
66,8,Fairbanks,0.1,0.55,129.01305000000002,26.95117,71.60587,227.57009
67,8,Fairbanks,0.1,0.5,131.53006,24.16421,68.24885,223.94312
68,8,Fairbanks,0.1,0.6000000000000001,126.47691,29.80147,74.93122,231.2096
69,8,Fairbanks,0.1,0.65,124.04832,32.71511,78.31991,235.08334
70,8,Fairbanks,0.1,0.7000000000000001,121.55554,35.69208999999999,81.64526,238.89289
71,8,Fairbanks,0.1,0.75,119.24619,38.73241,84.93894,242.91754000000003
72,8,Fairbanks,0.1,0.8500000000000001,114.83345,45.00307,91.68465,251.52117
73,8,Fairbanks,0.1,0.8,117.00188,41.83607,88.39097,247.22892
74,8,Fairbanks,0.1,0.95,110.60159000000002,51.49542,98.4937,260.59071
75,8,Fairbanks,0.1,0.9,112.69584,48.23341,95.13668,256.06593
76,8,Fairbanks,0.25,0.01,189.74157,2.72362,42.31112,234.77631
77,8,Fairbanks,0.25,0.15,178.31875000000002,6.39734,49.02516,233.74125
78,8,Fairbanks,0.25,0.1,182.66155,4.84551,45.19309,232.70015
79,8,Fairbanks,0.25,0.25,172.17183,9.56434,54.82077,236.55694
80,8,Fairbanks,0.25,0.2,175.35029,7.917499999999999,51.97047,235.23826
81,8,Fairbanks,0.25,0.3,168.88837,11.4012,57.73441,238.02398
82,8,Fairbanks,0.25,0.35,165.80831999999998,13.39641,60.96475,240.16948
83,8,Fairbanks,0.25,0.45,159.76512,18.0519,67.90048,245.7175
84,8,Fairbanks,0.25,0.4,162.96845000000002,15.613309999999998,64.41678,242.99854000000005
85,8,Fairbanks,0.25,0.55,154.14149,22.99242,74.7412,251.87511
86,8,Fairbanks,0.25,0.5,156.94119,20.49049,71.32083999999999,248.75252
87,8,Fairbanks,0.25,0.6000000000000001,151.3843,25.58936,78.25657,255.23023
88,8,Fairbanks,0.25,0.65,148.79481,28.24964,81.61358999999999,258.65804
89,8,Fairbanks,0.25,0.7000000000000001,146.05271000000002,31.004929999999995,85.06562,262.12326
90,8,Fairbanks,0.25,0.75,143.91425,33.791889999999995,88.54932,266.25546
91,8,Fairbanks,0.25,0.8500000000000001,138.91955000000002,39.5875,95.3267,273.83375
92,8,Fairbanks,0.25,0.8,141.42147,36.67386,91.87467,269.97
93,8,Fairbanks,0.25,0.95,134.45091,45.54146,102.13575,282.12812
94,8,Fairbanks,0.25,0.9,136.8253,42.53281,98.74706,278.10517
95,8,Fairbanks,0.2,0.01,180.83022,2.91364,39.68250999999999,223.42637
96,8,Fairbanks,0.2,0.15,170.34411,6.809049999999999,47.69502,224.84818
97,8,Fairbanks,0.2,0.1,174.21909,5.193879999999999,43.92629,223.33926
98,8,Fairbanks,0.2,0.25,163.67028,10.16607,53.5223,227.35865
99,8,Fairbanks,0.2,0.2,166.72036000000003,8.39255,50.54532,225.65823000000003
100,8,Fairbanks,0.2,0.3,160.82361,12.12961,56.81598,229.7692
101,8,Fairbanks,0.2,0.35,157.72358,14.18816,60.04632,231.95806
102,8,Fairbanks,0.2,0.45,151.82385,19.06534,66.91870999999999,237.8079
103,8,Fairbanks,0.2,0.4,154.83206,16.53174,63.43501,234.79881000000003
104,8,Fairbanks,0.2,0.55,145.87842,24.16421,73.69609,243.73872
105,8,Fairbanks,0.2,0.5,149.07835,21.56727,70.24405999999999,240.88968
106,8,Fairbanks,0.2,0.6000000000000001,143.5899,26.82449,77.08478,247.49917
107,8,Fairbanks,0.2,0.65,141.10711,29.57978,80.47346999999999,251.16036
108,8,Fairbanks,0.2,0.7000000000000001,138.46257,32.39841,83.79881999999999,254.6598
109,8,Fairbanks,0.2,0.75,136.07734,35.28038,87.21918,258.5769
110,8,Fairbanks,0.2,0.8500000000000001,131.38446,41.20267,94.02823,266.61536
111,8,Fairbanks,0.2,0.8,133.69296,38.22569,90.60787,262.52652
112,8,Fairbanks,0.2,0.95,126.73239,47.34665,100.80561,274.88465
113,8,Fairbanks,0.2,0.9,128.90167,44.24299,97.41692,270.56158
114,8,Fairbanks,0.3,0.01,197.86925,2.5336,44.84472,245.24757
115,8,Fairbanks,0.3,0.15,186.96632,6.04897,50.41864,243.43393
116,8,Fairbanks,0.3,0.1,190.843,4.560479999999999,46.64991,242.05339000000004
117,8,Fairbanks,0.3,0.25,179.92138,9.1843,56.30926,245.41494
118,8,Fairbanks,0.3,0.2,183.4684,7.537459999999999,53.36395,244.36981000000003
119,8,Fairbanks,0.3,0.3,176.68702000000002,10.95782,59.31791,246.96275000000003
120,8,Fairbanks,0.3,0.35,173.69964000000002,12.92136,62.26322,248.88422
121,8,Fairbanks,0.3,0.45,167.67387,17.19681,68.97726,253.84794
122,8,Fairbanks,0.3,0.4,170.59876,14.97991,65.5569,251.13557
123,8,Fairbanks,0.3,0.55,161.81176,21.97898,75.84965,259.64039
124,8,Fairbanks,0.3,0.5,164.7307,19.54039,72.49262999999999,256.76372000000003
125,8,Fairbanks,0.3,0.6000000000000001,159.0229,24.51258,79.30167999999999,262.83716
126,8,Fairbanks,0.3,0.65,156.41917,27.07785,82.81705,266.31407
127,8,Fairbanks,0.3,0.7000000000000001,153.54784,29.73813,86.20573999999999,269.49171
128,8,Fairbanks,0.3,0.75,151.23509,32.49342,89.75278,273.48129000000006
129,8,Fairbanks,0.3,0.8500000000000001,146.22785000000002,38.13068,96.5935,280.95203000000004
130,8,Fairbanks,0.3,0.8,148.75400000000002,35.28038,93.20481,277.23919
131,8,Fairbanks,0.3,0.95,141.65421,43.92629,103.37088,288.95138
132,8,Fairbanks,0.3,0.9,143.88768,41.01265,100.0772,284.97753
133,8,Fairbanks,0.35,0.01,205.67513,2.37525,47.25164,255.30202000000003
134,8,Fairbanks,0.35,0.15,194.04804,5.76394,51.68544,251.49742
135,8,Fairbanks,0.35,0.1,198.05884,4.30712,48.20174,250.5677
136,8,Fairbanks,0.35,0.25,187.44329,8.74092,57.70273999999999,253.88695
137,8,Fairbanks,0.35,0.2,190.75353,7.157419999999999,54.69409,252.60504
138,8,Fairbanks,0.35,0.3,184.27482,10.4511,60.64804999999999,255.37397
139,8,Fairbanks,0.35,0.35,180.91463,12.31963,63.72004,256.9543
140,8,Fairbanks,0.35,0.45,174.97239000000002,16.43673,69.95903,261.36815
141,8,Fairbanks,0.35,0.4,178.0907,14.314839999999998,66.69702,259.10256
142,8,Fairbanks,0.35,0.55,168.96341,21.06055,76.86309,266.88705000000004
143,8,Fairbanks,0.35,0.5,171.87491,18.6853,73.47439999999999,264.03461
144,8,Fairbanks,0.35,0.6000000000000001,166.35883,23.49914,80.34679,270.20476
145,8,Fairbanks,0.35,0.65,163.65754,26.03274,83.9255,273.61578
146,8,Fairbanks,0.35,0.7000000000000001,161.12968999999998,28.62968,87.4092,277.16857
147,8,Fairbanks,0.35,0.75,158.28918,31.28996,90.82956,280.4087
148,8,Fairbanks,0.35,0.8500000000000001,153.13677,36.80054,97.8603,287.79761
149,8,Fairbanks,0.35,0.8,155.78301000000002,34.01358,94.43994,284.23653
150,8,Fairbanks,0.35,0.95,148.65984,42.4378,104.60601,295.70365000000004
151,8,Fairbanks,0.35,0.9,150.89416,39.61917,101.24899,291.76232
152,8,Fairbanks,0.45,0.01,220.093,2.12189,51.84379,274.05868
153,8,Fairbanks,0.45,0.15,208.70672,5.257219999999999,54.377390000000005,268.34133
154,8,Fairbanks,0.45,0.1,212.05607000000003,3.92708,51.84379,267.82694000000004
155,8,Fairbanks,0.45,0.25,201.35911,8.012509999999999,60.23634,269.60796
156,8,Fairbanks,0.45,0.2,204.73864,6.555689999999999,57.16435,268.45868
157,8,Fairbanks,0.45,0.3,198.11391,9.59601,63.27666,270.98658
158,8,Fairbanks,0.45,0.35,194.74033,11.33786,66.38032,272.45851
159,8,Fairbanks,0.45,0.45,188.71626,15.16993,72.55597,276.44216
160,8,Fairbanks,0.45,0.4,191.59864,13.20639,69.45231,274.25734
161,8,Fairbanks,0.45,0.55,182.6975,19.47705,78.73161999999999,280.90617
162,8,Fairbanks,0.45,0.5,185.42302,17.26015,75.62795999999999,278.31113
163,8,Fairbanks,0.45,0.6000000000000001,179.91693,21.82063,82.342,284.07956
164,8,Fairbanks,0.45,0.65,176.8254,24.22755,85.85736999999999,286.91032
165,8,Fairbanks,0.45,0.7000000000000001,174.37173,26.66614,89.40441,290.44228
166,8,Fairbanks,0.45,0.75,171.7121,29.19974,92.95145,293.86329
167,8,Fairbanks,0.45,0.8500000000000001,166.32291,34.48863,100.01386,300.8254
168,8,Fairbanks,0.45,0.8,169.02505000000002,31.796679999999995,96.40348,297.22521
169,8,Fairbanks,0.45,0.95,161.68168,39.80919,106.82290999999998,308.31377999999995
170,8,Fairbanks,0.45,0.9,164.16447,37.18058,103.59257,304.93762
171,8,Fairbanks,0.4,0.01,212.92158,2.24857,49.59522,264.76537
172,8,Fairbanks,0.4,0.15,201.47749,5.47891,52.95224,259.90864000000005
173,8,Fairbanks,0.4,0.1,205.17138,4.1171,49.75357,259.04205
174,8,Fairbanks,0.4,0.25,194.46996,8.36088,59.00120999999999,261.83205000000004
175,8,Fairbanks,0.4,0.2,197.95534000000004,6.84072,55.92922,260.72528000000005
176,8,Fairbanks,0.4,0.3,190.67447,9.97605,61.97819,262.62871
177,8,Fairbanks,0.4,0.35,188.05969,11.78124,65.08185,264.92278
178,8,Fairbanks,0.4,0.45,181.954,15.77166,71.16248999999999,268.88815
179,8,Fairbanks,0.4,0.4,185.00472,13.71311,68.12217,266.84000000000003
180,8,Fairbanks,0.4,0.55,175.97265,20.23713,77.78151999999999,273.9913
181,8,Fairbanks,0.4,0.5,178.8291,17.89355,74.36116,271.08381
182,8,Fairbanks,0.4,0.6000000000000001,173.1704,22.61238,81.39189999999999,277.17468
183,8,Fairbanks,0.4,0.65,170.3148,25.08264,84.87559999999999,280.27304
184,8,Fairbanks,0.4,0.7000000000000001,167.82117,27.61624,88.39097,283.82838
185,8,Fairbanks,0.4,0.75,164.9373,30.18151,91.96968,287.08849
186,8,Fairbanks,0.4,0.8500000000000001,159.96917000000002,35.59708,99.03209,294.59834
187,8,Fairbanks,0.4,0.8,162.38692,32.87346,95.45338,290.71376
188,8,Fairbanks,0.4,0.95,155.05439,41.07599,105.80946999999998,301.93985
189,8,Fairbanks,0.4,0.9,157.64728000000002,38.35236999999999,102.45245,298.45210000000003
190,8,Fairbanks,0.55,0.01,233.19689,1.93187,56.08757,291.21633
191,8,Fairbanks,0.55,0.15,220.64647,4.90885,57.13267999999999,282.688
192,8,Fairbanks,0.55,0.1,224.83242,3.67372,56.08757,284.59371
193,8,Fairbanks,0.55,0.25,213.75839,7.474119999999999,62.57992,283.81243
194,8,Fairbanks,0.55,0.2,217.19212,6.112309999999999,59.47626,282.78069000000005
195,8,Fairbanks,0.55,0.3,210.36972000000003,8.93094,65.68357999999999,284.98424
196,8,Fairbanks,0.55,0.35,207.55472,10.57778,68.91392,287.04642
197,8,Fairbanks,0.55,0.45,200.70936,14.18816,75.18458,290.0821
198,8,Fairbanks,0.55,0.4,203.9044,12.31963,72.01758,288.24161
199,8,Fairbanks,0.55,0.55,195.15906,18.27359,81.48691,294.91955999999993
200,8,Fairbanks,0.55,0.5,197.78702,16.151699999999998,78.31991,292.25863
201,8,Fairbanks,0.55,0.6000000000000001,192.06009,20.45882,84.52723,297.04614000000004
202,8,Fairbanks,0.55,0.65,189.39472,22.70739,87.7259,299.82801
203,8,Fairbanks,0.55,0.7000000000000001,186.62669,25.08264,91.27294,302.98227
204,8,Fairbanks,0.55,0.75,183.75196,27.48956,94.81998,306.0615
205,8,Fairbanks,0.55,0.8500000000000001,178.4344,32.52509,101.94572999999998,312.90522
206,8,Fairbanks,0.55,0.8,180.95141,29.95982,98.39869,309.30992000000003
207,8,Fairbanks,0.55,0.95,173.43460000000002,37.52895,108.69144,319.65499
208,8,Fairbanks,0.55,0.9,175.69230000000002,35.122029999999995,105.49277,316.3071
209,8,Fairbanks,0.5,0.01,227.0185,2.02688,53.99735,283.04273
210,8,Fairbanks,0.5,0.15,214.73292000000004,5.0672,55.77087,275.57099000000005
211,8,Fairbanks,0.5,0.1,219.09167,3.8004,54.02902,276.92109
212,8,Fairbanks,0.5,0.25,207.91052,7.727479999999999,61.47147,277.10947
213,8,Fairbanks,0.5,0.2,210.89322,6.334,58.33614,275.56336
214,8,Fairbanks,0.5,0.3,204.01747,9.24764,64.51179,277.7769
215,8,Fairbanks,0.5,0.35,201.14912,10.92615,67.71046,279.78573
216,8,Fairbanks,0.5,0.45,194.83662,14.66321,73.91778,283.41761
217,8,Fairbanks,0.5,0.4,197.93984,12.731339999999998,70.81411999999999,281.4853
218,8,Fairbanks,0.5,0.55,188.80277,18.84365,80.15677,287.80319
219,8,Fairbanks,0.5,0.5,191.58249,16.65842,76.9581,285.19901000000004
220,8,Fairbanks,0.5,0.6000000000000001,185.99478,21.06055,83.22876,290.28409
221,8,Fairbanks,0.5,0.65,183.08583,23.4358,86.83914,293.36077
222,8,Fairbanks,0.5,0.7000000000000001,180.49294,25.84272,90.38618,296.72184
223,8,Fairbanks,0.5,0.75,177.83076,28.31298,93.99656,300.1403
224,8,Fairbanks,0.5,0.8500000000000001,172.5166,33.44352,101.02729999999998,306.98742
225,8,Fairbanks,0.5,0.8,175.13032,30.84658,97.48026,303.45716
226,8,Fairbanks,0.5,0.95,167.86028,38.63739999999999,107.83634999999998,314.33403
227,8,Fairbanks,0.5,0.9,169.87121,36.1038,104.57434,310.54935
228,8,Fairbanks,0.6000000000000001,0.01,238.95932000000005,1.83686,58.08278,298.87896000000006
229,8,Fairbanks,0.6000000000000001,0.15,226.86524,4.7505,58.46282,290.07856
230,8,Fairbanks,0.6000000000000001,0.1,230.93833000000004,3.57871,58.11445,292.63149000000004
231,8,Fairbanks,0.6000000000000001,0.25,219.83050000000003,7.252429999999999,63.68836999999999,290.7713
232,8,Fairbanks,0.6000000000000001,0.2,223.57009,5.92229,60.83807,290.33045000000004
233,8,Fairbanks,0.6000000000000001,0.3,216.4142,8.67758,66.91870999999999,292.01049
234,8,Fairbanks,0.6000000000000001,0.35,213.39494,10.26108,70.08570999999999,293.74173
235,8,Fairbanks,0.6000000000000001,0.45,206.48454,13.77645,76.38804,296.64903000000004
236,8,Fairbanks,0.6000000000000001,0.4,210.28067,11.93959,73.28438,295.50464
237,8,Fairbanks,0.6000000000000001,0.55,200.61818,17.7352,82.78538,301.13876
238,8,Fairbanks,0.6000000000000001,0.5,203.74308,15.67665,79.58671,299.00643999999994
239,8,Fairbanks,0.6000000000000001,0.6000000000000001,197.73091,19.88876,85.95237999999999,303.57205
240,8,Fairbanks,0.6000000000000001,0.65,195.03302,22.10566,89.02436999999999,306.16305
241,8,Fairbanks,0.6000000000000001,0.7000000000000001,192.10834,24.3859,92.1597,308.65394
242,8,Fairbanks,0.6000000000000001,0.75,189.37538,26.729479999999995,95.70674,311.8116
243,8,Fairbanks,0.6000000000000001,0.8500000000000001,184.09863,31.67,102.99084,318.75947
244,8,Fairbanks,0.6000000000000001,0.8,186.51234,29.16807,99.28545,314.96586
245,8,Fairbanks,0.6000000000000001,0.95,179.40893999999997,36.54718,109.67321,325.62933
246,8,Fairbanks,0.6000000000000001,0.9,181.49575,34.2036,106.56955,322.26890000000003
247,8,Fairbanks,0.65,0.01,245.2561,1.77352,60.07798999999999,307.10761
248,8,Fairbanks,0.65,0.15,232.22595,4.68716,60.10966,297.02277000000004
249,8,Fairbanks,0.65,0.1,236.85677,3.51537,60.07798999999999,300.45012999999994
250,8,Fairbanks,0.65,0.25,224.84093,7.252429999999999,65.65191,297.74527
251,8,Fairbanks,0.65,0.2,228.50974,5.89062,62.57992,296.98028
252,8,Fairbanks,0.65,0.3,221.54812,8.74092,69.10394,299.39298
253,8,Fairbanks,0.65,0.35,218.41876,10.324419999999998,72.46095999999999,301.20413999999994
254,8,Fairbanks,0.65,0.45,211.68924,13.87146,79.01665,304.57735
255,8,Fairbanks,0.65,0.4,214.92764000000005,12.06627,75.75464,302.74855
256,8,Fairbanks,0.65,0.55,205.46112,17.7352,85.12895999999999,308.32528
257,8,Fairbanks,0.65,0.5,208.47592,15.77166,82.15198,306.39956
258,8,Fairbanks,0.65,0.6000000000000001,202.77152,19.79375,88.23262,310.79789
259,8,Fairbanks,0.65,0.65,199.98946,22.07399,91.27294,313.33639
260,8,Fairbanks,0.65,0.7000000000000001,197.30071,24.25922,94.18658,315.74651
261,8,Fairbanks,0.65,0.75,194.67615,26.50779,97.32191,318.50585
262,8,Fairbanks,0.65,0.8500000000000001,189.38941,31.28996,104.28931,324.96868
263,8,Fairbanks,0.65,0.8,192.12407,28.88304,100.77394,321.78105
264,8,Fairbanks,0.65,0.95,184.63638,36.1038,110.845,331.58518000000004
265,8,Fairbanks,0.65,0.9,186.91576000000003,33.791889999999995,107.64633,328.35398000000004
266,8,Fairbanks,0.7000000000000001,0.01,250.65252,1.71018,61.88318,314.24588
267,8,Fairbanks,0.7000000000000001,0.15,237.87509000000003,4.623819999999999,61.91485,304.41376
268,8,Fairbanks,0.7000000000000001,0.1,241.81215000000003,3.4837,61.91485,307.21070000000003
269,8,Fairbanks,0.7000000000000001,0.25,230.10408,7.31577,67.74213,305.16198
270,8,Fairbanks,0.7000000000000001,0.2,233.62368000000004,5.89062,64.32176999999999,303.83607000000006
271,8,Fairbanks,0.7000000000000001,0.3,226.2935,8.83593,71.38417999999999,306.51361
272,8,Fairbanks,0.7000000000000001,0.35,223.00409,10.48277,74.93122,308.41808000000003
273,8,Fairbanks,0.7000000000000001,0.45,216.17701,14.06148,81.58192,311.82041000000004
274,8,Fairbanks,0.7000000000000001,0.4,219.31870000000004,12.224619999999998,78.28823999999999,309.83156
275,8,Fairbanks,0.7000000000000001,0.55,210.09895,17.830209999999997,87.69423,315.62339
276,8,Fairbanks,0.7000000000000001,0.5,212.97453,15.93001,84.71724999999999,313.62179000000003
277,8,Fairbanks,0.7000000000000001,0.6000000000000001,206.97745,19.82542,90.54453,317.3474
278,8,Fairbanks,0.7000000000000001,0.65,204.47383,22.10566,93.61652,320.19601
279,8,Fairbanks,0.7000000000000001,0.7000000000000001,201.89518,24.16421,96.2768,322.33619
280,8,Fairbanks,0.7000000000000001,0.75,199.14564,26.34944,98.96875,324.46383
281,8,Fairbanks,0.7000000000000001,0.8500000000000001,194.05827,30.97326,105.61945,330.65098
282,8,Fairbanks,0.7000000000000001,0.8,196.6078,28.62968,102.26243,327.49991
283,8,Fairbanks,0.7000000000000001,0.95,189.33776,35.72376,112.1118,337.17332
284,8,Fairbanks,0.7000000000000001,0.9,191.62713,33.38018,108.9448,333.95211
285,8,Fairbanks,0.75,0.01,256.24576,1.64684,63.68836999999999,321.58097
286,8,Fairbanks,0.75,0.15,242.70549,4.623819999999999,63.68836999999999,311.01768
287,8,Fairbanks,0.75,0.1,246.97774,3.45203,63.6567,314.08647
288,8,Fairbanks,0.75,0.25,234.8637,7.410779999999999,69.76901,312.04349
289,8,Fairbanks,0.75,0.2,238.93104,5.92229,66.12696,310.98029
290,8,Fairbanks,0.75,0.3,230.66862000000003,9.02595,73.82276999999999,313.51734
291,8,Fairbanks,0.75,0.35,227.4976,10.70446,77.55982999999999,315.76189
292,8,Fairbanks,0.75,0.45,220.78232000000003,14.314839999999998,84.36887999999999,319.46604
293,8,Fairbanks,0.75,0.4,224.28917,12.50965,81.0752,317.87402
294,8,Fairbanks,0.75,0.55,214.79268,18.0519,90.35451,323.19909
295,8,Fairbanks,0.75,0.5,217.78665,16.18337,87.50420999999999,321.47423
296,8,Fairbanks,0.75,0.6000000000000001,212.27737,19.98377,93.04646,325.3076
297,8,Fairbanks,0.75,0.65,209.24599,22.23234,95.9601,327.43843
298,8,Fairbanks,0.75,0.7000000000000001,206.55979,24.19588,98.30368,329.05934999999994
299,8,Fairbanks,0.75,0.75,203.93948,26.25443,100.83728,331.03119
300,8,Fairbanks,0.75,0.8500000000000001,199.12481,30.7199,106.88625,336.73096
301,8,Fairbanks,0.75,0.8,201.63183,28.43966,103.59257,333.66405999999995
302,8,Fairbanks,0.75,0.95,194.4009,35.31205,113.15690999999998,342.86986
303,8,Fairbanks,0.75,0.9,196.67029,33.03181,110.05325,339.75535
304,8,Fairbanks,0.8500000000000001,0.01,266.71765000000005,1.5518299999999998,67.04539,335.31487000000004
305,8,Fairbanks,0.8500000000000001,0.15,253.18503,4.4338,67.04539,324.66422
306,8,Fairbanks,0.8500000000000001,0.1,257.72658,3.29368,67.04539,328.06565
307,8,Fairbanks,0.8500000000000001,0.25,244.38549,7.189089999999999,72.2076,323.78218
308,8,Fairbanks,0.8500000000000001,0.2,248.53211,5.73227,68.53388,322.79826
309,8,Fairbanks,0.8500000000000001,0.3,240.75494000000003,8.80426,76.45138,326.01058
310,8,Fairbanks,0.8500000000000001,0.35,236.81513,10.48277,80.34679,327.64469
311,8,Fairbanks,0.8500000000000001,0.45,230.30326,14.029809999999998,87.4092,331.74227
312,8,Fairbanks,0.8500000000000001,0.4,233.70171,12.25629,84.05217999999999,330.01018
313,8,Fairbanks,0.8500000000000001,0.55,224.13104,17.64019,93.36316,335.13438999999994
314,8,Fairbanks,0.8500000000000001,0.5,227.11247,15.835,90.48119,333.42866000000004
315,8,Fairbanks,0.8500000000000001,0.6000000000000001,221.39808,19.47705,95.9601,336.83523
316,8,Fairbanks,0.8500000000000001,0.65,218.09995,21.69395,98.74706,338.54096
317,8,Fairbanks,0.8500000000000001,0.7000000000000001,215.67136,23.53081,100.86895,340.07112
318,8,Fairbanks,0.8500000000000001,0.75,213.13692000000003,25.49435,103.18086,341.81213
319,8,Fairbanks,0.8500000000000001,0.8500000000000001,208.53501,29.70646,108.46975,346.71122
320,8,Fairbanks,0.8500000000000001,0.8,210.52915,27.5529,105.77779999999998,343.85985
321,8,Fairbanks,0.8500000000000001,0.95,204.0313,34.076919999999994,114.29703,352.40525
322,8,Fairbanks,0.8500000000000001,0.9,206.27986000000004,31.89169,111.25671,349.42826
323,8,Fairbanks,0.8,0.01,261.86302,1.5835,65.46189,328.90841
324,8,Fairbanks,0.8,0.15,247.9002,4.49714,65.39854999999999,317.79589
325,8,Fairbanks,0.8,0.1,252.45174,3.35702,65.43021999999999,321.23898
326,8,Fairbanks,0.8,0.25,239.64500000000004,7.284099999999999,71.09915,318.02825
327,8,Fairbanks,0.8,0.2,243.89917000000003,5.79561,67.33042,317.02520000000004
328,8,Fairbanks,0.8,0.3,235.72007,8.89927,75.27959,319.89893
329,8,Fairbanks,0.8,0.35,231.97623000000004,10.60945,79.175,321.76068000000004
330,8,Fairbanks,0.8,0.45,225.33513,14.18816,86.17407,325.69736
331,8,Fairbanks,0.8,0.4,228.60435,12.38297,82.78538,323.7727
332,8,Fairbanks,0.8,0.55,219.58482,17.89355,92.09636,329.57473
333,8,Fairbanks,0.8,0.5,222.55626,16.05669,89.27773,327.89068000000003
334,8,Fairbanks,0.8,0.6000000000000001,216.48585000000003,19.76208,94.72497,330.97290000000004
335,8,Fairbanks,0.8,0.65,213.57371,22.07399,97.63861,333.28631
336,8,Fairbanks,0.8,0.7000000000000001,211.11515000000003,23.94252,99.82384,334.88151000000005
337,8,Fairbanks,0.8,0.75,208.80835,25.93773,102.19909,336.94517
338,8,Fairbanks,0.8,0.8500000000000001,203.58941,30.27652,107.51965,341.38558
339,8,Fairbanks,0.8,0.8,206.39230000000003,28.09129,104.85937,339.34296
340,8,Fairbanks,0.8,0.95,198.92884,34.80533,113.82197999999998,347.55615
341,8,Fairbanks,0.8,0.9,201.39335,32.52509,110.74999,344.66843
342,8,Fairbanks,0.95,0.01,276.34997000000004,1.45682,70.21239,348.01918
343,8,Fairbanks,0.95,0.15,262.00116,4.37046,70.24405999999999,336.61568
344,8,Fairbanks,0.95,0.1,266.36502,3.23034,70.24405999999999,339.83942
345,8,Fairbanks,0.95,0.25,252.99438000000004,7.09408,74.45617,334.54463000000004
346,8,Fairbanks,0.95,0.2,257.46025,5.63726,70.90913,334.00664
347,8,Fairbanks,0.95,0.3,249.35299,8.645909999999999,78.66828,336.66718
348,8,Fairbanks,0.95,0.35,245.74837,10.324419999999998,82.6587,338.73149
349,8,Fairbanks,0.95,0.45,238.79291,13.74478,89.78444999999999,342.32214
350,8,Fairbanks,0.95,0.4,242.10974000000004,12.0346,86.36408999999999,340.50843000000003
351,8,Fairbanks,0.95,0.55,232.8258,17.26015,95.73841,345.82436
352,8,Fairbanks,0.95,0.5,235.75473,15.5183,92.95145,344.22448
353,8,Fairbanks,0.95,0.6000000000000001,230.29625,18.97033,98.30368,347.57026
354,8,Fairbanks,0.95,0.65,227.37327,21.12389,101.12231,349.61947
355,8,Fairbanks,0.95,0.7000000000000001,225.08815,22.83407,103.08584999999998,351.00807
356,8,Fairbanks,0.95,0.75,222.60706,24.67093,105.27108,352.54907000000003
357,8,Fairbanks,0.95,0.8500000000000001,217.85913,28.66135,110.36995,356.89043000000004
358,8,Fairbanks,0.95,0.8,220.13766,26.66614,107.83634999999998,354.64015
359,8,Fairbanks,0.95,0.95,213.10291,32.77845,115.46882,361.35018
360,8,Fairbanks,0.95,0.9,215.19376,30.7199,112.90355,358.81721
361,8,Fairbanks,0.9,0.01,271.69386000000003,1.52016,68.69223,341.90625
362,8,Fairbanks,0.9,0.15,257.5051,4.40213,68.69223,330.59946
363,8,Fairbanks,0.9,0.1,262.02412000000004,3.26201,68.69223,333.97836
364,8,Fairbanks,0.9,0.25,249.37615,7.12575,73.28438,329.78628
365,8,Fairbanks,0.9,0.2,253.3234,5.66893,69.80068,328.79301
366,8,Fairbanks,0.9,0.3,245.20105,8.709249999999999,77.62317,331.53347
367,8,Fairbanks,0.9,0.35,241.22957,10.387759999999998,81.61358999999999,333.23092
368,8,Fairbanks,0.9,0.45,234.75447000000003,13.87146,88.61265999999999,337.23859000000004
369,8,Fairbanks,0.9,0.4,237.89021,12.12961,85.25564,335.27546000000007
370,8,Fairbanks,0.9,0.55,228.72062,17.418499999999998,94.56662,340.70574
371,8,Fairbanks,0.9,0.5,231.4336,15.64498,91.71632,338.7949
372,8,Fairbanks,0.9,0.6000000000000001,226.20616,19.19202,97.06855,342.46673
373,8,Fairbanks,0.9,0.65,223.33653,21.37725,99.91885,344.63262999999995
374,8,Fairbanks,0.9,0.7000000000000001,220.70368,23.15077,102.00907,345.86352
375,8,Fairbanks,0.9,0.75,218.26425,25.05097,104.28931,347.60453
376,8,Fairbanks,0.9,0.8500000000000001,213.41302,29.16807,109.41984999999998,352.00094
377,8,Fairbanks,0.9,0.8,215.66647,27.07785,106.82290999999998,349.56723
378,8,Fairbanks,0.9,0.95,208.44744000000003,33.41185,114.80375,356.66304
379,8,Fairbanks,0.9,0.9,210.71513,31.28996,112.01679,354.02188
