,Climate Zone,City,U,SHGC,HeatingSource,CoolingSource,FanSource,TotalSource
0,4B,Albuquerque,0.01,0.01,242.1114,2691.03157,1806.4251299999999,4739.5680999999995
1,4B,Albuquerque,0.01,0.15000000000000002,523.3877200000001,2785.21815,1936.2721299999998,5244.878000000001
2,4B,Albuquerque,0.01,0.1,451.22584,2776.1922,1887.43699,5114.85503
3,4B,Albuquerque,0.01,0.25,520.3742000000001,3009.8851299999997,2033.0239800000002,5563.28331
4,4B,Albuquerque,0.01,0.2,533.46892,2888.96907,1984.7589,5407.19689
5,4B,Albuquerque,0.01,0.30000000000000004,517.19808,3141.2839599999998,2078.7871299999997,5737.26917
6,4B,Albuquerque,0.01,0.35000000000000003,511.57212000000004,3273.0944999999997,2123.22014,5907.886759999999
7,4B,Albuquerque,0.01,0.45,500.7538,3551.82217,2237.86554,6290.44151
8,4B,Albuquerque,0.01,0.4,506.03288000000003,3411.39739,2178.95934,6096.38961
9,4B,Albuquerque,0.01,0.55,489.81624000000005,3805.4671999999996,2350.64241,6645.92585
10,4B,Albuquerque,0.01,0.5,495.73488000000003,3680.3390299999996,2293.7947599999998,6469.86867
11,4B,Albuquerque,0.01,0.6000000000000001,484.74312000000003,3928.60016,2408.44016,6821.78344
12,4B,Albuquerque,0.01,0.65,480.67812000000004,4050.0546099999997,2466.93465,6997.66738
13,4B,Albuquerque,0.01,0.7000000000000001,476.59144000000003,4169.07047,2525.7458399999996,7171.407749999999
14,4B,Albuquerque,0.01,0.75,471.95192000000003,4285.71108,2584.8420599999995,7342.5050599999995
15,4B,Albuquerque,0.01,0.8500000000000001,463.50756,4527.70155,2703.8262499999996,7695.03536
16,4B,Albuquerque,0.01,0.8,468.23380000000003,4403.55515,2644.22331,7516.0122599999995
17,4B,Albuquerque,0.01,0.9500000000000001,453.74072,4786.6038,2824.29893,8064.64345
18,4B,Albuquerque,0.01,0.9,458.29352,4647.952539999999,2764.06259,7870.308649999999
19,4B,Albuquerque,0.05,0.01,278.52296,2635.22903,1790.6851399999998,4704.437129999999
20,4B,Albuquerque,0.05,0.15000000000000002,538.35776,2714.4990399999997,1916.7950799999999,5169.651879999999
21,4B,Albuquerque,0.05,0.1,474.67276000000004,2706.9615799999997,1869.7017899999998,5051.33613
22,4B,Albuquerque,0.05,0.25,528.7101600000001,2939.4510499999997,2011.4250399999999,5479.586249999999
23,4B,Albuquerque,0.05,0.2,543.39836,2820.94191,1963.92004,5328.26031
24,4B,Albuquerque,0.05,0.30000000000000004,525.6532800000001,3070.1214699999996,2057.21986,5652.99461
25,4B,Albuquerque,0.05,0.35000000000000003,521.77256,3200.72855,2101.11448,5823.615589999999
26,4B,Albuquerque,0.05,0.45,508.67784,3478.60113,2213.4796399999996,6200.758609999999
27,4B,Albuquerque,0.05,0.4,514.50976,3338.68307,2155.7135599999997,6008.90639
28,4B,Albuquerque,0.05,0.55,497.48012000000006,3732.3095,2324.22963,6554.019249999999
29,4B,Albuquerque,0.05,0.5,503.34456,3606.99131,2268.3320799999997,6378.667949999999
30,4B,Albuquerque,0.05,0.6000000000000001,490.98696,3855.66415,2380.91893,6727.57004
31,4B,Albuquerque,0.05,0.65,486.09812000000005,3976.99192,2438.3049699999997,6901.39501
32,4B,Albuquerque,0.05,0.7000000000000001,482.07648000000006,4095.3110399999996,2496.3244099999997,7073.7119299999995
33,4B,Albuquerque,0.05,0.75,477.43696000000006,4212.173339999999,2554.6288799999998,7244.239179999999
34,4B,Albuquerque,0.05,0.8500000000000001,468.63488,4448.74824,2672.02957,7589.412689999999
35,4B,Albuquerque,0.05,0.8,472.93836000000005,4329.38401,2613.1550399999996,7415.4774099999995
36,4B,Albuquerque,0.05,0.9500000000000001,458.7488,4707.33379,2790.88708,7956.96967
37,4B,Albuquerque,0.05,0.9,463.6268,4573.1796699999995,2731.1891299999997,7767.995599999999
38,4B,Albuquerque,0.15000000000000002,0.01,383.30240000000003,2543.4177,1765.53916,4692.25926
39,4B,Albuquerque,0.15000000000000002,0.15000000000000002,591.1052,2574.92935,1881.2613399999998,5047.295889999999
40,4B,Albuquerque,0.15000000000000002,0.1,551.11644,2553.74212,1836.6066399999997,4941.4652
41,4B,Albuquerque,0.15000000000000002,0.25,565.7396,2794.43412,1969.5256299999999,5329.69935
42,4B,Albuquerque,0.15000000000000002,0.2,584.67708,2680.1370899999997,1924.2692,5189.083369999999
43,4B,Albuquerque,0.15000000000000002,0.30000000000000004,558.0432,2917.94712,2014.27534,5490.26566
44,4B,Albuquerque,0.15000000000000002,0.35000000000000003,551.9186,3045.89392,2057.4098799999997,5655.2224
45,4B,Albuquerque,0.15000000000000002,0.45,536.31984,3318.92099,2163.72607,6018.9669
46,4B,Albuquerque,0.15000000000000002,0.4,544.62328,3181.06148,2108.4619199999997,5834.14668
47,4B,Albuquerque,0.15000000000000002,0.55,522.6180800000001,3570.60248,2269.85224,6363.0728
48,4B,Albuquerque,0.15000000000000002,0.5,529.263,3445.56932,2216.45662,6191.28894
49,4B,Albuquerque,0.15000000000000002,0.6000000000000001,515.10596,3693.3554,2324.00794,6532.469300000001
50,4B,Albuquerque,0.15000000000000002,0.65,507.08436000000006,3814.68317,2378.8603799999996,6700.627909999999
51,4B,Albuquerque,0.15000000000000002,0.7000000000000001,500.4502800000001,3932.0205199999996,2434.34622,6866.81702
52,4B,Albuquerque,0.15000000000000002,0.75,495.0953200000001,4047.8377100000002,2490.46546,7033.39849
53,4B,Albuquerque,0.15000000000000002,0.8500000000000001,483.96264,4280.35885,2603.8123899999996,7368.133879999999
54,4B,Albuquerque,0.15000000000000002,0.8,489.18752,4164.06661,2546.86973,7200.12386
55,4B,Albuquerque,0.15000000000000002,0.9500000000000001,473.27440000000007,4526.30807,2718.5528,7718.135270000001
56,4B,Albuquerque,0.15000000000000002,0.9,478.72692,4404.44191,2660.81839,7543.987219999999
57,4B,Albuquerque,0.1,0.01,329.50348,2581.39003,1775.9585899999997,4686.8521
58,4B,Albuquerque,0.1,0.15000000000000002,561.9456,2638.5227099999997,1897.0646699999998,5097.53298
59,4B,Albuquerque,0.1,0.1,510.7266,2630.28851,1851.6182199999998,4992.63333
60,4B,Albuquerque,0.1,0.25,545.5772000000001,2862.17625,1988.5593,5396.31275
61,4B,Albuquerque,0.1,0.2,561.241,2745.72566,1942.0044,5248.97106
62,4B,Albuquerque,0.1,0.30000000000000004,539.2032800000001,2989.67967,2034.0057499999998,5562.8886999999995
63,4B,Albuquerque,0.1,0.35000000000000003,534.78056,3119.1782999999996,2077.39365,5731.35251
64,4B,Albuquerque,0.1,0.45,520.6994000000001,3394.67563,2186.7184899999997,6102.09352
65,4B,Albuquerque,0.1,0.4,528.9486400000001,3255.4226400000002,2130.18754,5914.55882
66,4B,Albuquerque,0.1,0.55,508.37432000000007,3647.9089499999995,2295.0615599999996,6451.34483
67,4B,Albuquerque,0.1,0.5,514.91084,3522.24239,2240.52582,6277.67905
68,4B,Albuquerque,0.1,0.6000000000000001,501.46924000000007,3770.78855,2350.4840599999998,6622.74185
69,4B,Albuquerque,0.1,0.65,494.96524000000005,3892.3380099999995,2406.6032999999998,6793.90655
70,4B,Albuquerque,0.1,0.7000000000000001,489.6644800000001,4010.21375,2463.16592,6963.04415
71,4B,Albuquerque,0.1,0.75,485.5778,4126.949369999999,2520.52029,7133.04746
72,4B,Albuquerque,0.1,0.8500000000000001,475.13888000000003,4363.84097,2635.8624299999997,7474.842280000001
73,4B,Albuquerque,0.1,0.8,479.82176000000004,4242.576539999999,2578.06468,7300.462979999998
74,4B,Albuquerque,0.1,0.9500000000000001,466.13084000000003,4612.6088199999995,2752.7563999999998,7831.4960599999995
75,4B,Albuquerque,0.1,0.9,470.01156000000003,4484.94705,2694.0085499999996,7648.967159999999
76,4B,Albuquerque,0.25,0.01,498.75924000000003,2491.19387,1751.9210599999997,4741.874169999999
77,4B,Albuquerque,0.25,0.15000000000000002,661.0557200000001,2471.65348,1857.25548,4989.96468
78,4B,Albuquerque,0.25,0.1,646.29164,2420.88647,1815.0710399999998,4882.24915
79,4B,Albuquerque,0.25,0.25,618.9098000000001,2683.36743,1940.04086,5242.31809
80,4B,Albuquerque,0.25,0.2,640.4272,2570.27386,1897.4763799999998,5108.1774399999995
81,4B,Albuquerque,0.25,0.30000000000000004,605.7934,2800.41975,1983.4604299999999,5389.67358
82,4B,Albuquerque,0.25,0.35000000000000003,594.87752,2922.2542399999998,2025.6448699999999,5542.776629999999
83,4B,Albuquerque,0.25,0.45,574.7259600000001,3189.9924199999996,2127.24223,5891.96061
84,4B,Albuquerque,0.25,0.4,584.91556,3054.03311,2073.94162,5712.890289999999
85,4B,Albuquerque,0.25,0.55,556.40636,3437.74683,2229.12462,6223.27781
86,4B,Albuquerque,0.25,0.5,565.5986800000001,3313.8537899999997,2177.6608699999997,6057.11334
87,4B,Albuquerque,0.25,0.6000000000000001,547.8536,3558.9479199999996,2281.00008,6387.8016
88,4B,Albuquerque,0.25,0.65,539.84284,3678.5971799999998,2333.7939699999997,6552.23399
89,4B,Albuquerque,0.25,0.7000000000000001,531.96216,3795.9345299999995,2387.12625,6715.022939999999
90,4B,Albuquerque,0.25,0.75,522.759,3910.6115999999997,2440.99692,6874.36752
91,4B,Albuquerque,0.25,0.8500000000000001,508.40684000000005,4137.87552,2550.29009,7196.57245
92,4B,Albuquerque,0.25,0.8,515.2577200000001,4024.7502799999993,2495.46932,7035.47732
93,4B,Albuquerque,0.25,0.9500000000000001,494.53164000000004,4380.151019999999,2660.97674,7535.6594
94,4B,Albuquerque,0.25,0.9,500.74296000000004,4257.04973,2605.52257,7363.31526
95,4B,Albuquerque,0.2,0.01,440.07148000000007,2514.85136,1757.93836,4712.8612
96,4B,Albuquerque,0.2,0.15000000000000002,623.93956,2519.8868899999998,1868.14996,5011.976409999999
97,4B,Albuquerque,0.2,0.1,596.65528,2480.0777,1824.3820199999998,4901.115
98,4B,Albuquerque,0.2,0.25,590.9426,2735.46458,1953.53228,5279.93946
99,4B,Albuquerque,0.2,0.2,612.1564800000001,2622.18099,1909.6376599999999,5143.97513
100,4B,Albuquerque,0.2,0.30000000000000004,579.96168,2856.0006,1997.5852499999999,5433.54753
101,4B,Albuquerque,0.2,0.35000000000000003,571.22464,2980.7804,2040.27641,5592.28145
102,4B,Albuquerque,0.2,0.45,554.0432400000001,3251.0521799999997,2144.1540099999997,5949.24943
103,4B,Albuquerque,0.2,0.4,563.58244,3113.6993899999998,2089.93497,5767.2168
104,4B,Albuquerque,0.2,0.55,538.54204,3501.3085199999996,2247.99994,6287.8505000000005
105,4B,Albuquerque,0.2,0.5,546.2818,3376.49705,2195.6811,6118.4599499999995
106,4B,Albuquerque,0.2,0.6000000000000001,530.8022800000001,3623.23802,2301.11053,6455.15083
107,4B,Albuquerque,0.2,0.65,523.05168,3743.3306599999996,2354.91786,6621.3002
108,4B,Albuquerque,0.2,0.7000000000000001,514.01112,3860.9530399999994,2409.2952499999997,6784.259409999999
109,4B,Albuquerque,0.2,0.75,507.81064000000003,3976.5485399999993,2464.17936,6948.53854
110,4B,Albuquerque,0.2,0.8500000000000001,494.75928000000005,4206.28272,2575.37273,7276.41473
111,4B,Albuquerque,0.2,0.8,500.94892000000004,4091.2889499999997,2519.6018599999998,7111.83973
112,4B,Albuquerque,0.2,0.9500000000000001,482.86780000000005,4447.7348,2688.02292,7618.62552
113,4B,Albuquerque,0.2,0.9,488.62384000000003,4326.18534,2631.52364,7446.33282
114,4B,Albuquerque,0.30000000000000004,0.01,557.63128,2470.98841,1747.1705599999998,4775.79025
115,4B,Albuquerque,0.30000000000000004,0.15000000000000002,700.0688800000001,2435.9297199999996,1849.9080399999998,4985.906639999999
116,4B,Albuquerque,0.30000000000000004,0.1,697.4239200000001,2370.9112099999998,1808.4836799999998,4876.81881
117,4B,Albuquerque,0.30000000000000004,0.25,647.4840399999999,2649.95558,1933.9918899999998,5231.431509999999
118,4B,Albuquerque,0.30000000000000004,0.2,665.2399600000001,2533.82169,1890.66733,5089.728980000001
119,4B,Albuquerque,0.30000000000000004,0.30000000000000004,631.6576400000001,2767.13458,1977.9181799999997,5376.7104
120,4B,Albuquerque,0.30000000000000004,0.35000000000000003,619.2566800000001,2890.36255,2021.5277699999997,5531.146999999999
121,4B,Albuquerque,0.30000000000000004,0.45,597.94524,3136.2800999999995,2115.20763,5849.43297
122,4B,Albuquerque,0.30000000000000004,0.4,609.2838800000001,3014.00223,2066.81587,5690.1019799999995
123,4B,Albuquerque,0.30000000000000004,0.55,576.8506,3379.91741,2212.37119,6169.1392
124,4B,Albuquerque,0.30000000000000004,0.5,587.3545600000001,3257.95624,2163.97943,6009.2902300000005
125,4B,Albuquerque,0.30000000000000004,0.6000000000000001,567.35476,3500.6434499999996,2263.48657,6331.48478
126,4B,Albuquerque,0.30000000000000004,0.65,557.8480800000001,3620.0710199999994,2315.23535,6493.154449999999
127,4B,Albuquerque,0.30000000000000004,0.7000000000000001,548.9918,3736.4266,2367.6492,6653.067599999999
128,4B,Albuquerque,0.30000000000000004,0.75,541.60976,3850.4385999999995,2420.60144,6812.649799999999
129,4B,Albuquerque,0.30000000000000004,0.8500000000000001,523.9514,4076.0556799999995,2528.02608,7128.033159999999
130,4B,Albuquerque,0.30000000000000004,0.8,532.3090400000001,3963.46883,2474.09207,6969.8699400000005
131,4B,Albuquerque,0.30000000000000004,0.9500000000000001,508.12500000000006,4311.83883,2636.59084,7456.5546699999995
132,4B,Albuquerque,0.30000000000000004,0.9,516.3200400000001,4191.99955,2582.4351399999996,7290.754730000001
133,4B,Albuquerque,0.35000000000000003,0.01,617.7174000000001,2452.65148,1743.68686,4814.05574
134,4B,Albuquerque,0.35000000000000003,0.15000000000000002,739.9926,2403.3729599999997,1842.68728,4986.05284
135,4B,Albuquerque,0.35000000000000003,0.1,742.69176,2338.06942,1802.81475,4883.57593
136,4B,Albuquerque,0.35000000000000003,0.25,678.70324,2608.68957,1924.2375299999999,5211.63034
137,4B,Albuquerque,0.35000000000000003,0.2,698.638,2496.19773,1882.0214199999998,5076.85715
138,4B,Albuquerque,0.35000000000000003,0.30000000000000004,661.3267200000001,2723.62,1967.3404,5352.28712
139,4B,Albuquerque,0.35000000000000003,0.35000000000000003,646.4759200000001,2843.80765,2010.47494,5500.758510000001
140,4B,Albuquerque,0.35000000000000003,0.45,622.7038000000001,3086.3681799999995,2102.31794,5811.38992
141,4B,Albuquerque,0.35000000000000003,0.4,635.21316,2965.5788,2054.71793,5655.509889999999
142,4B,Albuquerque,0.35000000000000003,0.55,597.9018800000001,3327.40855,2197.83466,6123.14509
143,4B,Albuquerque,0.35000000000000003,0.5,610.31368,3206.49249,2150.3613299999997,5967.1675
144,4B,Albuquerque,0.35000000000000003,0.6000000000000001,587.7881600000001,3447.4061799999995,2248.03161,6283.22595
145,4B,Albuquerque,0.35000000000000003,0.65,578.2598,3566.3270299999995,2298.67194,6443.2587699999995
146,4B,Albuquerque,0.35000000000000003,0.7000000000000001,568.35204,3682.6192699999997,2350.2940399999998,6601.26535
147,4B,Albuquerque,0.35000000000000003,0.75,559.10552,3795.1427799999997,2402.3595199999995,6756.607819999999
148,4B,Albuquerque,0.35000000000000003,0.8500000000000001,542.1192400000001,4018.98634,2508.23233,7069.33791
149,4B,Albuquerque,0.35000000000000003,0.8,551.88608,3908.0463299999997,2455.02673,6914.959139999999
150,4B,Albuquerque,0.35000000000000003,0.9500000000000001,524.5476,4247.48539,2614.80188,7386.83487
151,4B,Albuquerque,0.35000000000000003,0.9,533.02448,4132.39661,2561.7862999999998,7227.20739
152,4B,Albuquerque,0.45,0.01,740.07932,2423.92679,1739.0947099999998,4903.10082
153,4B,Albuquerque,0.45,0.15000000000000002,810.9404000000001,2353.4610399999997,1832.33119,4996.7326299999995
154,4B,Albuquerque,0.45,0.1,829.1299200000001,2295.50494,1795.11894,4919.7538
155,4B,Albuquerque,0.45,0.25,743.2879600000001,2540.28237,1908.84591,5192.4162400000005
156,4B,Albuquerque,0.45,0.2,767.39612,2438.3049699999997,1869.0050499999998,5074.706139999999
157,4B,Albuquerque,0.45,0.30000000000000004,722.36676,2649.1955,1950.2069299999998,5321.769189999999
158,4B,Albuquerque,0.45,0.35000000000000003,703.65692,2764.1259299999997,1992.3913699999998,5460.174219999999
159,4B,Albuquerque,0.45,0.45,675.7005600000001,2999.9407499999998,2081.0673699999998,5756.70868
160,4B,Albuquerque,0.45,0.4,688.37252,2882.25503,2034.8291699999997,5605.456719999999
161,4B,Albuquerque,0.45,0.55,645.5328400000001,3236.29396,2173.57544,6055.402239999999
162,4B,Albuquerque,0.45,0.5,660.9473200000001,3118.1015199999997,2127.68561,5906.73445
163,4B,Albuquerque,0.45,0.6000000000000001,632.64408,3354.1063599999998,2222.2839,6209.03434
164,4B,Albuquerque,0.45,0.65,620.2539600000001,3471.3803699999994,2271.40407,6363.0383999999995
165,4B,Albuquerque,0.45,0.7000000000000001,609.03456,3586.53249,2321.1259699999996,6516.693019999999
166,4B,Albuquerque,0.45,0.75,598.9642,3697.1558,2371.7029599999996,6667.8229599999995
167,4B,Albuquerque,0.45,0.8500000000000001,581.0456800000001,3918.94081,2474.3137599999995,6974.30025
168,4B,Albuquerque,0.45,0.8,589.3924800000001,3807.7791099999995,2422.81834,6819.98993
169,4B,Albuquerque,0.45,0.9500000000000001,562.1190399999999,4139.20566,2576.9562300000002,7278.280929999999
170,4B,Albuquerque,0.45,0.9,571.92924,4028.04396,2526.3792399999998,7126.352440000001
171,4B,Albuquerque,0.4,0.01,680.51352,2436.3097599999996,1740.99491,4857.81819
172,4B,Albuquerque,0.4,0.15000000000000002,775.78628,2377.18187,1836.86,4989.828149999999
173,4B,Albuquerque,0.4,0.1,786.6479600000001,2312.7967599999997,1798.5076299999998,4897.95235
174,4B,Albuquerque,0.4,0.25,710.75712,2572.07905,1915.90832,5198.744489999999
175,4B,Albuquerque,0.4,0.2,733.1417200000001,2465.09779,1874.9273399999997,5073.16685
176,4B,Albuquerque,0.4,0.30000000000000004,691.7004000000001,2684.28586,1958.1877699999998,5334.17403
177,4B,Albuquerque,0.4,0.35000000000000003,674.8984,2801.7498899999996,2000.8472599999998,5477.49555
178,4B,Albuquerque,0.4,0.45,648.87156,3041.1750899999997,2091.04342,5781.09007
179,4B,Albuquerque,0.4,0.4,661.28336,2921.81086,2044.2034899999999,5627.29771
180,4B,Albuquerque,0.4,0.55,620.8501600000001,3279.99856,2185.0083099999997,6085.857029999999
181,4B,Albuquerque,0.4,0.5,635.4516400000001,3159.87425,2138.3584,5933.68429
182,4B,Albuquerque,0.4,0.6000000000000001,609.3055600000001,3398.8877399999997,2234.38184,6242.57514
183,4B,Albuquerque,0.4,0.65,598.12952,3516.73181,2284.23042,6399.09175
184,4B,Albuquerque,0.4,0.7000000000000001,588.5469600000001,3632.35898,2334.90242,6555.808360000001
185,4B,Albuquerque,0.4,0.75,578.57416,3744.05907,2386.20782,6708.841049999999
186,4B,Albuquerque,0.4,0.8500000000000001,561.86972,3966.60416,2490.37045,7018.84433
187,4B,Albuquerque,0.4,0.8,569.40352,3855.66415,2437.98827,6863.05594
188,4B,Albuquerque,0.4,0.9500000000000001,542.58536,4192.4746,2595.07147,7330.131429999999
189,4B,Albuquerque,0.4,0.9,552.37388,4077.95588,2543.13267,7173.46243
190,4B,Albuquerque,0.55,0.01,857.7908800000001,2398.1157399999997,1736.3710899999999,4992.277709999999
191,4B,Albuquerque,0.55,0.15000000000000002,872.7826,2319.79583,1826.0288600000001,5018.60729
192,4B,Albuquerque,0.55,0.1,912.9339600000001,2266.5902300000002,1790.43178,4969.95597
193,4B,Albuquerque,0.55,0.25,806.78868,2489.07198,1897.79308,5193.65374
194,4B,Albuquerque,0.55,0.2,832.97812,2397.64069,1860.16912,5090.78793
195,4B,Albuquerque,0.55,0.30000000000000004,784.04636,2590.38431,1937.38058,5311.81125
196,4B,Albuquerque,0.55,0.35000000000000003,763.2444,2699.8991699999997,1978.4249,5441.56847
197,4B,Albuquerque,0.55,0.45,729.05504,2928.80993,2064.40895,5722.27392
198,4B,Albuquerque,0.55,0.4,744.06844,2814.10119,2019.2475299999999,5577.41716
199,4B,Albuquerque,0.55,0.55,695.8738000000001,3159.84258,2154.1934,6009.90978
200,4B,Albuquerque,0.55,0.5,713.73812,3043.77203,2109.7287199999996,5867.238869999999
201,4B,Albuquerque,0.55,0.6000000000000001,681.6734,3275.8181199999995,2201.73007,6159.221589999999
202,4B,Albuquerque,0.55,0.65,667.4188000000001,3391.3819499999995,2249.67845,6308.4792
203,4B,Albuquerque,0.55,0.7000000000000001,654.20484,3504.31717,2297.91186,6456.43387
204,4B,Albuquerque,0.55,0.75,641.7280000000001,3615.0354899999998,2346.96869,6603.732179999999
205,4B,Albuquerque,0.55,0.8500000000000001,620.2648,3832.4500399999993,2446.91921,6899.63405
206,4B,Albuquerque,0.55,0.8,630.1508800000001,3723.31522,2396.88061,6750.34671
207,4B,Albuquerque,0.55,0.9500000000000001,601.6742,4044.2273299999997,2545.15955,7191.0610799999995
208,4B,Albuquerque,0.55,0.9,611.28928,3938.9562499999997,2497.43286,7047.67839
209,4B,Albuquerque,0.5,0.01,799.1464800000001,2410.49871,1737.6378899999997,4947.28308
210,4B,Albuquerque,0.5,0.15000000000000002,842.8208400000001,2335.25079,1828.6257999999998,5006.69743
211,4B,Albuquerque,0.5,0.1,870.8314,2280.11332,1792.522,4943.46672
212,4B,Albuquerque,0.5,0.25,774.8540399999999,2512.7611399999996,1902.79694,5190.41212
213,4B,Albuquerque,0.5,0.2,800.83752,2416.0726299999997,1864.12787,5081.03802
214,4B,Albuquerque,0.5,0.30000000000000004,753.2174000000001,2618.06389,1943.2712,5314.55249
215,4B,Albuquerque,0.5,0.35000000000000003,733.23928,2730.36571,1984.9489199999998,5448.55391
216,4B,Albuquerque,0.5,0.45,702.03092,2962.8235099999997,2072.1997699999997,5737.0542
217,4B,Albuquerque,0.5,0.4,715.99284,2846.43626,2026.53163,5588.96073
218,4B,Albuquerque,0.5,0.55,670.3347600000001,3196.3897599999996,2163.34603,6030.07055
219,4B,Albuquerque,0.5,0.5,687.1909600000001,3079.2740999999996,2118.21628,5884.681339999999
220,4B,Albuquerque,0.5,0.6000000000000001,656.82812,3313.34707,2211.57944,6181.754629999999
221,4B,Albuquerque,0.5,0.65,644.36212,3429.76599,2259.93953,6334.067639999999
222,4B,Albuquerque,0.5,0.7000000000000001,630.6928800000001,3544.0630199999996,2308.99636,6483.75226
223,4B,Albuquerque,0.5,0.75,620.0046400000001,3654.81301,2358.7816,6633.599249999999
224,4B,Albuquerque,0.5,0.8500000000000001,600.1349200000001,3873.1143199999997,2459.9672499999997,6933.21649
225,4B,Albuquerque,0.5,0.8,609.1646400000001,3763.88449,2409.1369,6782.186030000001
226,4B,Albuquerque,0.5,0.9500000000000001,582.3573200000001,4090.68722,2560.42449,7233.46903
227,4B,Albuquerque,0.5,0.9,591.04016,3981.36238,2511.24098,7083.64352
228,4B,Albuquerque,0.6000000000000001,0.01,914.8418000000001,2380.69724,1735.54767,5031.08671
229,4B,Albuquerque,0.6000000000000001,0.15000000000000002,902.2565600000001,2308.45797,1824.16033,5034.87486
230,4B,Albuquerque,0.6000000000000001,0.1,952.30484,2254.04891,1788.87995,4995.233700000001
231,4B,Albuquerque,0.6000000000000001,0.25,838.0837600000001,2469.43658,1893.70765,5201.22799
232,4B,Albuquerque,0.6000000000000001,0.2,865.8666800000001,2382.62911,1857.1921399999997,5105.68793
233,4B,Albuquerque,0.6000000000000001,0.30000000000000004,814.1598800000002,2566.4734599999997,1932.4400599999997,5313.073399999999
234,4B,Albuquerque,0.6000000000000001,0.35000000000000003,791.8186400000001,2673.1063499999996,1972.8193099999996,5437.744299999999
235,4B,Albuquerque,0.6000000000000001,0.45,755.7864800000001,2898.3433899999995,2057.5365599999996,5711.666429999999
236,4B,Albuquerque,0.6000000000000001,0.4,772.11152,2784.9331199999997,2012.9451999999999,5569.989839999999
237,4B,Albuquerque,0.6000000000000001,0.55,720.8816800000001,3126.84244,2146.0858799999996,5993.8099999999995
238,4B,Albuquerque,0.6000000000000001,0.5,739.8408400000001,3011.7853299999997,2102.2862699999996,5853.912439999999
239,4B,Albuquerque,0.6000000000000001,0.6000000000000001,706.2476800000001,3241.4244999999996,2193.02082,6140.692999999999
240,4B,Albuquerque,0.6000000000000001,0.65,691.7112400000001,3356.03823,2240.52582,6288.27529
241,4B,Albuquerque,0.6000000000000001,0.7000000000000001,677.67344,3468.1500299999993,2288.03082,6433.854289999999
242,4B,Albuquerque,0.6000000000000001,0.75,663.6681600000001,3578.45664,2336.54926,6578.674059999999
243,4B,Albuquerque,0.6000000000000001,0.8500000000000001,640.92584,3792.7991999999995,2435.1696399999996,6868.894679999999
244,4B,Albuquerque,0.6000000000000001,0.8,651.85256,3685.9129499999995,2385.66943,6723.434939999999
245,4B,Albuquerque,0.6000000000000001,0.9500000000000001,621.8799600000001,4000.42772,2531.41477,7153.722449999999
246,4B,Albuquerque,0.6000000000000001,0.9,630.8121199999999,3899.2737399999996,2485.04989,7015.1357499999995
247,4B,Albuquerque,0.65,0.01,969.3778400000001,2368.75765,1735.10429,5073.23978
248,4B,Albuquerque,0.65,0.15000000000000002,930.1587200000001,2302.28232,1824.47703,5056.91807
249,4B,Albuquerque,0.65,0.1,990.2014800000001,2245.02296,1789.0699699999998,5024.2944099999995
250,4B,Albuquerque,0.65,0.25,866.4845600000001,2465.1928,1896.0829,5227.76026
251,4B,Albuquerque,0.65,0.2,895.7850800000001,2378.22698,1858.64896,5132.66102
252,4B,Albuquerque,0.65,0.30000000000000004,841.4333200000001,2564.3199,1936.08211,5341.83533
253,4B,Albuquerque,0.65,0.35000000000000003,818.49588,2671.5545199999997,1976.9680799999999,5467.01848
254,4B,Albuquerque,0.65,0.45,781.4014000000001,2896.56987,2063.17382,5741.14509
255,4B,Albuquerque,0.65,0.4,798.2034000000001,2783.38129,2018.45578,5600.04047
256,4B,Albuquerque,0.65,0.55,745.2066400000001,3120.6984599999996,2150.51968,6016.424779999999
257,4B,Albuquerque,0.65,0.5,764.1983200000001,3008.80835,2107.7335099999996,5880.740179999999
258,4B,Albuquerque,0.65,0.6000000000000001,730.3992,3232.7469199999996,2196.53619,6159.682309999999
259,4B,Albuquerque,0.65,0.65,713.9224,3352.83956,2245.5296799999996,6312.2916399999995
260,4B,Albuquerque,0.65,0.7000000000000001,699.20168,3461.8160299999995,2292.02124,6453.038949999999
261,4B,Albuquerque,0.65,0.75,684.15576,3570.9508499999997,2339.58958,6594.69619
262,4B,Albuquerque,0.65,0.8500000000000001,660.6980000000001,3783.0448399999996,2437.03817,6880.78101
263,4B,Albuquerque,0.65,0.8,672.4268800000001,3676.82366,2388.13969,6737.39023
264,4B,Albuquerque,0.65,0.9500000000000001,640.1020000000001,3993.0169399999995,2533.3466399999998,7166.465579999999
265,4B,Albuquerque,0.65,0.9,649.68456,3888.69596,2486.31669,7024.69721
266,4B,Albuquerque,0.7000000000000001,0.01,1024.40168,2359.03496,1734.8825999999997,5118.31924
267,4B,Albuquerque,0.7000000000000001,0.15000000000000002,960.5432400000001,2297.4368099999997,1825.33212,5083.312169999999
268,4B,Albuquerque,0.7000000000000001,0.1,1026.9816,2236.12369,1789.7350399999998,5052.84033
269,4B,Albuquerque,0.7000000000000001,0.25,894.1048800000001,2464.68608,1899.62994,5258.4209
270,4B,Albuquerque,0.7000000000000001,0.2,924.5436000000001,2376.01008,1860.89753,5161.45121
271,4B,Albuquerque,0.7000000000000001,0.30000000000000004,867.5577200000001,2566.06175,1940.92762,5374.54709
272,4B,Albuquerque,0.7000000000000001,0.35000000000000003,844.15416,2674.15146,1982.6686799999998,5500.9743
273,4B,Albuquerque,0.7000000000000001,0.45,805.7914000000001,2899.00846,2070.52126,5775.3211200000005
274,4B,Albuquerque,0.7000000000000001,0.4,823.80748,2786.99167,2025.7398799999999,5636.53903
275,4B,Albuquerque,0.7000000000000001,0.55,769.66168,3119.5266699999997,2157.17038,6046.35873
276,4B,Albuquerque,0.7000000000000001,0.5,788.0246400000001,3010.7402199999997,2114.98594,5913.7508
277,4B,Albuquerque,0.7000000000000001,0.6000000000000001,753.13068,3229.99163,2202.0784400000002,6185.20075
278,4B,Albuquerque,0.7000000000000001,0.65,735.9709600000001,3352.6495399999994,2252.08537,6340.70587
279,4B,Albuquerque,0.7000000000000001,0.7000000000000001,720.6323600000001,3459.3140999999996,2297.27846,6477.224919999999
280,4B,Albuquerque,0.7000000000000001,0.75,705.67316,3566.13701,2343.7700199999995,6615.580189999999
281,4B,Albuquerque,0.7000000000000001,0.8500000000000001,680.32924,3775.8557499999997,2439.8567999999996,6896.041789999999
282,4B,Albuquerque,0.7000000000000001,0.8,692.8386,3671.5664399999996,2391.6233899999997,6756.028429999999
283,4B,Albuquerque,0.7000000000000001,0.9500000000000001,658.3348800000001,3989.27988,2536.1335999999997,7183.74836
284,4B,Albuquerque,0.7000000000000001,0.9,668.43776,3880.93681,2488.53359,7037.90816
285,4B,Albuquerque,0.75,0.01,1078.9268800000002,2337.7210499999997,1734.9142699999998,5151.5622
286,4B,Albuquerque,0.75,0.15000000000000002,990.67844,2295.0615599999996,1826.7889400000001,5112.52894
287,4B,Albuquerque,0.75,0.1,1061.6045600000002,2230.96148,1790.84349,5083.40953
288,4B,Albuquerque,0.75,0.25,920.78212,2468.42314,1904.3487699999996,5293.554029999999
289,4B,Albuquerque,0.75,0.2,952.08804,2376.4534599999997,1864.06453,5192.60603
290,4B,Albuquerque,0.75,0.30000000000000004,892.7065200000001,2571.604,1947.16661,5411.47713
291,4B,Albuquerque,0.75,0.35000000000000003,868.86936,2681.72059,1989.7944299999997,5540.3843799999995
292,4B,Albuquerque,0.75,0.45,829.2058000000001,2907.05264,2079.70556,5815.964
293,4B,Albuquerque,0.75,0.4,848.2191600000001,2795.16253,2034.7658299999998,5678.14752
294,4B,Albuquerque,0.75,0.55,792.74004,3124.84723,2166.25967,6083.846939999999
295,4B,Albuquerque,0.75,0.5,810.6694000000001,3017.77096,2124.0118899999998,5952.45225
296,4B,Albuquerque,0.75,0.6000000000000001,775.873,3233.5703399999998,2209.80592,6219.24926
297,4B,Albuquerque,0.75,0.65,757.1306400000001,3357.1150099999995,2260.35124,6374.59689
298,4B,Albuquerque,0.75,0.7000000000000001,741.4776800000001,3460.8659299999995,2303.92916,6506.27277
299,4B,Albuquerque,0.75,0.75,726.9737600000001,3564.11013,2349.1855899999996,6640.269479999999
300,4B,Albuquerque,0.75,0.8500000000000001,700.17728,3771.4536199999993,2443.68887,6915.319769999999
301,4B,Albuquerque,0.75,0.8,713.47796,3668.3994399999997,2396.18387,6778.061269999999
302,4B,Albuquerque,0.75,0.9500000000000001,676.61112,3982.40749,2538.76221,7197.78082
303,4B,Albuquerque,0.75,0.9,687.9172400000001,3876.6930299999995,2491.32055,7055.93082
304,4B,Albuquerque,0.8500000000000001,0.01,1182.2646000000002,2307.76123,1734.78759,5224.81342
305,4B,Albuquerque,0.8500000000000001,0.15000000000000002,1052.92172,2282.04519,1825.1737699999996,5160.1406799999995
306,4B,Albuquerque,0.8500000000000001,0.1,1126.8288400000001,2215.66487,1789.79838,5132.29209
307,4B,Albuquerque,0.8500000000000001,0.25,977.7571600000001,2451.35301,1903.0186299999998,5332.1287999999995
308,4B,Albuquerque,0.8500000000000001,0.2,1012.05492,2362.01194,1862.9244099999999,5236.9912699999995
309,4B,Albuquerque,0.8500000000000001,0.30000000000000004,947.5786,2550.7651399999995,1945.55144,5443.8951799999995
310,4B,Albuquerque,0.8500000000000001,0.35000000000000003,921.9311600000001,2658.60149,1988.40095,5568.9336
311,4B,Albuquerque,0.8500000000000001,0.45,880.0562400000001,2878.8346699999997,2078.1220599999997,5837.01297
312,4B,Albuquerque,0.8500000000000001,0.4,900.4788000000001,2768.49639,2033.43569,5702.41088
313,4B,Albuquerque,0.8500000000000001,0.55,842.60404,3095.5208099999995,2165.08788,6103.212729999999
314,4B,Albuquerque,0.8500000000000001,0.5,860.66348,2987.96949,2122.11169,5970.74466
315,4B,Albuquerque,0.8500000000000001,0.6000000000000001,824.08932,3200.7602199999997,2207.11397,6231.96351
316,4B,Albuquerque,0.8500000000000001,0.65,801.63968,3328.0419499999994,2258.1026699999998,6387.784299999999
317,4B,Albuquerque,0.8500000000000001,0.7000000000000001,786.16016,3428.87923,2300.41379,6515.45318
318,4B,Albuquerque,0.8500000000000001,0.75,771.00584,3529.24146,2344.34008,6644.58738
319,4B,Albuquerque,0.8500000000000001,0.8500000000000001,742.36656,3733.5446300000003,2436.56312,6912.4743100000005
320,4B,Albuquerque,0.8500000000000001,0.8,757.15232,3631.9789399999995,2390.22991,6779.361169999999
321,4B,Albuquerque,0.8500000000000001,0.9500000000000001,717.0118000000001,3944.0551199999995,2529.7679299999995,7190.834849999999
322,4B,Albuquerque,0.8500000000000001,0.9,729.4561199999999,3837.9289499999995,2483.11802,7050.503089999999
323,4B,Albuquerque,0.8,0.01,1132.05372,2321.4743399999998,1734.69258,5188.22064
324,4B,Albuquerque,0.8,0.15000000000000002,1022.7214800000002,2286.2889699999996,1824.95208,5133.96253
325,4B,Albuquerque,0.8,0.1,1097.31152,2222.8856299999998,1789.70337,5109.90052
326,4B,Albuquerque,0.8,0.25,950.0934800000001,2458.63711,1903.3353299999999,5312.06592
327,4B,Albuquerque,0.8,0.2,983.5565600000001,2367.4908499999997,1862.86107,5213.90848
328,4B,Albuquerque,0.8,0.30000000000000004,921.41084,2560.36115,1946.34319,5428.115180000001
329,4B,Albuquerque,0.8,0.35000000000000003,896.2837200000001,2670.38273,1989.54107,5556.20752
330,4B,Albuquerque,0.8,0.45,855.0917200000001,2894.1946199999998,2080.0222599999997,5829.308599999999
331,4B,Albuquerque,0.8,0.4,875.48176,2782.55787,2034.89251,5692.93214
332,4B,Albuquerque,0.8,0.55,818.02976,3113.76273,2168.03319,6099.82568
333,4B,Albuquerque,0.8,0.5,836.0024800000001,3004.78626,2124.4235999999996,5965.21234
334,4B,Albuquerque,0.8,0.6000000000000001,800.7399600000001,3220.93401,2210.8827,6232.55667
335,4B,Albuquerque,0.8,0.65,779.40684,3348.8491400000003,2262.8215,6391.07748
336,4B,Albuquerque,0.8,0.7000000000000001,763.59128,3451.9349899999997,2305.9243699999997,6521.450639999999
337,4B,Albuquerque,0.8,0.75,748.40444,3554.0074,2350.64241,6653.054249999999
338,4B,Albuquerque,0.8,0.8500000000000001,720.92504,3761.2242100000003,2444.38561,6926.53486
339,4B,Albuquerque,0.8,0.8,734.5726000000001,3657.9166699999996,2397.1973099999996,6789.68658
340,4B,Albuquerque,0.8,0.9500000000000001,695.67868,3975.09172,2539.2689299999997,7210.03933
341,4B,Albuquerque,0.8,0.9,707.9278800000001,3867.38205,2491.6372499999998,7066.94718
342,4B,Albuquerque,0.9500000000000001,0.01,1278.7622800000001,2280.01831,1735.2309699999998,5294.01156
343,4B,Albuquerque,0.9500000000000001,0.15000000000000002,1111.3276400000002,2275.42616,1826.47224,5213.2260400000005
344,4B,Albuquerque,0.9500000000000001,0.1,1180.5844,2206.86061,1790.90683,5178.35184
345,4B,Albuquerque,0.9500000000000001,0.25,1030.67804,2441.0919299999996,1903.8737199999998,5375.643689999999
346,4B,Albuquerque,0.9500000000000001,0.2,1067.1438,2354.6011599999997,1864.0962,5285.84116
347,4B,Albuquerque,0.9500000000000001,0.30000000000000004,998.8518000000001,2537.3053899999995,1945.58311,5481.7402999999995
348,4B,Albuquerque,0.9500000000000001,0.35000000000000003,971.8927200000002,2640.99297,1987.89423,5600.77992
349,4B,Albuquerque,0.9500000000000001,0.45,928.45684,2854.95549,2076.25353,5859.66586
350,4B,Albuquerque,0.9500000000000001,0.4,948.8468800000002,2747.4358399999996,2032.35891,5728.64163
351,4B,Albuquerque,0.9500000000000001,0.55,888.6632,3064.92759,2161.09746,6114.688249999999
352,4B,Albuquerque,0.9500000000000001,0.5,907.9692400000001,2960.8282999999997,2119.22972,5988.027259999999
353,4B,Albuquerque,0.9500000000000001,0.6000000000000001,870.7988800000002,3166.9683299999997,2201.73007,6239.49728
354,4B,Albuquerque,0.9500000000000001,0.65,847.2327200000001,3291.24141,2250.88191,6389.356040000001
355,4B,Albuquerque,0.9500000000000001,0.7000000000000001,830.0079600000001,3387.8982499999997,2291.4195099999997,6509.32572
356,4B,Albuquerque,0.9500000000000001,0.75,814.5934800000001,3485.5685299999996,2333.54061,6633.70262
357,4B,Albuquerque,0.9500000000000001,0.8500000000000001,785.6832,3685.27955,2422.8500099999997,6893.812760000001
358,4B,Albuquerque,0.9500000000000001,0.8,800.6207200000001,3586.0257699999997,2378.03696,6764.68345
359,4B,Albuquerque,0.9500000000000001,0.9500000000000001,758.30136,3886.8590999999997,2512.7611399999996,7157.9216
360,4B,Albuquerque,0.9500000000000001,0.9,771.2334800000001,3785.6417799999995,2467.7264,7024.60166
361,4B,Albuquerque,0.9,0.01,1230.97956,2293.7314199999996,1735.00928,5259.72026
362,4B,Albuquerque,0.9,0.15000000000000002,1082.61248,2278.46648,1825.74383,5186.82279
363,4B,Albuquerque,0.9,0.1,1153.7987600000001,2211.13606,1790.2734299999997,5155.20825
364,4B,Albuquerque,0.9,0.25,1004.60784,2445.52573,1903.24032,5353.37389
365,4B,Albuquerque,0.9,0.2,1040.14136,2357.98985,1863.36779,5261.499
366,4B,Albuquerque,0.9,0.30000000000000004,973.6488000000002,2543.16434,1945.29808,5462.111220000001
367,4B,Albuquerque,0.9,0.35000000000000003,947.3618000000001,2648.43542,1987.8308899999997,5583.62811
368,4B,Albuquerque,0.9,0.45,904.77144,2865.5015999999996,2076.82359,5847.09663
369,4B,Albuquerque,0.9,0.4,924.84712,2756.81016,2032.5805999999998,5714.23788
370,4B,Albuquerque,0.9,0.55,866.0834800000001,3079.11575,2162.7443,6107.9435300000005
371,4B,Albuquerque,0.9,0.5,884.72828,2973.33795,2120.33817,5978.4044
372,4B,Albuquerque,0.9,0.6000000000000001,847.8506,3182.835,2204.04198,6234.72758
373,4B,Albuquerque,0.9,0.65,825.06492,3308.7865899999997,2254.17559,6388.027099999999
374,4B,Albuquerque,0.9,0.7000000000000001,808.3496400000001,3407.59699,2295.69496,6511.64159
375,4B,Albuquerque,0.9,0.75,793.1628000000001,3506.56574,2338.63948,6638.36802
376,4B,Albuquerque,0.9,0.8500000000000001,763.8839600000001,3708.0819499999993,2429.34236,6901.3082699999995
377,4B,Albuquerque,0.9,0.8,778.87568,3608.1630999999998,2383.83257,6770.871349999999
378,4B,Albuquerque,0.9,0.9500000000000001,737.31512,3914.82371,2520.9636699999996,7173.102499999999
379,4B,Albuquerque,0.9,0.9,750.5616,3810.75609,2475.1371799999997,7036.45487
380,3A,Atlanta,0.01,0.01,243.91084,4569.5692899999995,1797.3041699999999,6610.784299999999
381,3A,Atlanta,0.01,0.15000000000000002,301.38452,4623.43996,1884.9033899999997,6809.727869999999
382,3A,Atlanta,0.01,0.1,310.75028000000003,4542.6497899999995,1852.15661,6705.55668
383,3A,Atlanta,0.01,0.25,272.897,4809.279519999999,1946.1531699999998,7028.329689999999
384,3A,Atlanta,0.01,0.2,290.82636,4713.446099999999,1915.24325,6919.51571
385,3A,Atlanta,0.01,0.30000000000000004,263.75888000000003,4913.53716,1976.87307,7154.169110000001
386,3A,Atlanta,0.01,0.35000000000000003,260.24672000000004,5022.73532,2006.8645599999998,7289.8466
387,3A,Atlanta,0.01,0.45,253.51508,5262.85726,2069.60283,7585.97517
388,3A,Atlanta,0.01,0.4,257.56924000000004,5141.24446,2037.42611,7436.23981
389,3A,Atlanta,0.01,0.55,249.09236,5479.92344,2137.725,7866.7408
390,3A,Atlanta,0.01,0.5,251.14112000000003,5371.70705,2103.3313799999996,7726.17955
391,3A,Atlanta,0.01,0.6000000000000001,247.50972000000004,5587.8548,2172.3086399999997,8007.67316
392,3A,Atlanta,0.01,0.65,245.32004,5695.15276,2206.86061,8147.333409999999
393,3A,Atlanta,0.01,0.7000000000000001,243.31464000000003,5801.50062,2241.44425,8286.25951
394,3A,Atlanta,0.01,0.75,242.30652,5907.97516,2276.2495799999997,8426.53126
395,3A,Atlanta,0.01,0.8500000000000001,240.2144,6117.53555,2346.3986299999997,8704.14858
396,3A,Atlanta,0.01,0.8,241.66696000000002,6013.4362599999995,2311.24493,8566.348149999998
397,3A,Atlanta,0.01,0.9500000000000001,238.72932,6323.07385,2417.18108,8978.98425
398,3A,Atlanta,0.01,0.9,239.08704000000003,6220.906429999999,2381.64734,8841.640809999999
399,3A,Atlanta,0.05,0.01,274.88072000000005,4525.70634,1794.1688399999998,6594.7559
400,3A,Atlanta,0.05,0.15000000000000002,317.17840000000007,4577.993509999999,1880.65961,6775.831519999999
401,3A,Atlanta,0.05,0.1,332.64708,4496.31658,1848.1345199999996,6677.098179999999
402,3A,Atlanta,0.05,0.25,283.11912,4761.64784,1940.95929,6985.72625
403,3A,Atlanta,0.05,0.2,302.63112,4667.17623,1910.5560899999998,6880.36344
404,3A,Atlanta,0.05,0.30000000000000004,275.5528,4866.15884,1971.42583,7113.137470000001
405,3A,Atlanta,0.05,0.35000000000000003,271.08672,4973.773499999999,2001.3223099999998,7246.182529999999
406,3A,Atlanta,0.05,0.45,263.47704000000004,5212.72365,2063.52219,7539.722879999999
407,3A,Atlanta,0.05,0.4,267.50952,5091.2692,2031.7255099999998,7390.504229999999
408,3A,Atlanta,0.05,0.55,257.41748,5428.80806,2130.6942599999998,7816.9198
409,3A,Atlanta,0.05,0.5,260.14916000000005,5321.06672,2096.83903,7678.05491
410,3A,Atlanta,0.05,0.6000000000000001,255.05436,5536.106019999999,2164.86619,7956.02657
411,3A,Atlanta,0.05,0.65,253.00560000000002,5642.80225,2199.19647,8095.00432
412,3A,Atlanta,0.05,0.7000000000000001,250.57744000000002,5748.67506,2233.3684,8232.6209
413,3A,Atlanta,0.05,0.75,249.07068000000004,5854.89624,2267.69868,8371.6656
414,3A,Atlanta,0.05,0.8500000000000001,245.95960000000002,6064.329949999999,2336.99264,8647.28219
415,3A,Atlanta,0.05,0.8,247.3688,5960.325669999999,2302.31399,8510.00846
416,3A,Atlanta,0.05,0.9500000000000001,244.06260000000003,6269.5832199999995,2406.92,8920.56582
417,3A,Atlanta,0.05,0.9,244.74552000000003,6167.162439999999,2371.86131,8783.769269999999
418,3A,Atlanta,0.15000000000000002,0.01,361.10208000000006,4425.05908,1789.16498,6575.326139999999
419,3A,Atlanta,0.15000000000000002,0.15000000000000002,365.29716,4485.9604899999995,1873.2804999999998,6724.538149999999
420,3A,Atlanta,0.15000000000000002,0.1,388.98256,4407.41889,1841.67384,6638.075290000001
421,3A,Atlanta,0.15000000000000002,0.25,322.69596,4663.43917,1931.1732599999998,6917.308389999999
422,3A,Atlanta,0.15000000000000002,0.2,340.48440000000005,4569.31593,1901.8785099999998,6811.67884
423,3A,Atlanta,0.15000000000000002,0.30000000000000004,313.4928,4765.004859999999,1960.8163799999998,7039.314039999999
424,3A,Atlanta,0.15000000000000002,0.35000000000000003,305.3628,4868.91413,1990.2378099999996,7164.51474
425,3A,Atlanta,0.15000000000000002,0.45,294.1976,5102.25869,2051.2025599999997,7447.65885
426,3A,Atlanta,0.15000000000000002,0.4,299.47668,4982.92613,2020.3876500000001,7302.79046
427,3A,Atlanta,0.15000000000000002,0.55,284.38740000000007,5315.01775,2116.22107,7715.62622
428,3A,Atlanta,0.15000000000000002,0.5,288.79928,5208.7649,2083.60097,7581.165150000001
429,3A,Atlanta,0.15000000000000002,0.6000000000000001,280.83188,5420.92223,2149.3162199999997,7851.07033
430,3A,Atlanta,0.15000000000000002,0.65,277.49316000000005,5526.38333,2182.75974,7986.63623
431,3A,Atlanta,0.15000000000000002,0.7000000000000001,273.80756,5631.2110299999995,2216.32994,8121.348529999999
432,3A,Atlanta,0.15000000000000002,0.75,270.76152,5736.26042,2249.74179,8256.763729999999
433,3A,Atlanta,0.15000000000000002,0.8500000000000001,266.31712000000005,5944.4273299999995,2317.04054,8527.78499
434,3A,Atlanta,0.15000000000000002,0.8,268.86452,5840.92977,2283.31199,8393.10628
435,3A,Atlanta,0.15000000000000002,0.9500000000000001,262.62068000000005,6148.38213,2384.9410199999998,8795.94383
436,3A,Atlanta,0.15000000000000002,0.9,264.45264000000003,6046.81644,2350.99078,8662.25986
437,3A,Atlanta,0.1,0.01,317.57948000000005,4474.52762,1791.1918600000001,6583.29896
438,3A,Atlanta,0.1,0.15000000000000002,340.62532000000004,4528.08159,1876.3841599999998,6745.0910699999995
439,3A,Atlanta,0.1,0.1,360.28908,4448.17818,1844.4291299999998,6652.896389999999
440,3A,Atlanta,0.1,0.25,300.74496,4708.66393,1935.4803799999997,6944.88927
441,3A,Atlanta,0.1,0.2,320.13772,4615.1740899999995,1905.7739199999999,6841.085729999999
442,3A,Atlanta,0.1,0.30000000000000004,292.65832000000006,4813.07992,1965.6618899999999,7071.40013
443,3A,Atlanta,0.1,0.35000000000000003,287.08656,4918.47768,1995.3366799999997,7200.900919999999
444,3A,Atlanta,0.1,0.45,277.69912000000005,5154.609199999999,2056.83982,7489.148139999999
445,3A,Atlanta,0.1,0.4,281.99176,5034.073179999999,2025.6132,7341.678139999999
446,3A,Atlanta,0.1,0.55,270.25204,5369.3318,2122.8717699999997,7762.45561
447,3A,Atlanta,0.1,0.5,273.31976000000003,5262.223859999999,2089.68161,7625.22523
448,3A,Atlanta,0.1,0.6000000000000001,267.01088,5476.24972,2156.60032,7899.860919999999
449,3A,Atlanta,0.1,0.65,263.48788,5582.28088,2190.48722,8036.25598
450,3A,Atlanta,0.1,0.7000000000000001,261.15728,5687.77365,2224.34245,8173.2733800000005
451,3A,Atlanta,0.1,0.75,258.54484,5793.01306,2258.16601,8309.72391
452,3A,Atlanta,0.1,0.8500000000000001,255.3904,6001.94005,2326.4782,8583.80865
453,3A,Atlanta,0.1,0.8,256.908,5897.9041,2292.24293,8447.05503
454,3A,Atlanta,0.1,0.9500000000000001,252.36604000000003,6206.623259999999,2395.32878,8854.31808
455,3A,Atlanta,0.1,0.9,253.45004000000003,6104.86755,2360.80848,8719.12607
456,3A,Atlanta,0.25,0.01,448.91692,4363.99932,1787.4864699999998,6600.402709999999
457,3A,Atlanta,0.25,0.15000000000000002,416.46196000000003,4417.67997,1869.19507,6703.3369999999995
458,3A,Atlanta,0.25,0.1,446.10936000000004,4341.83032,1837.96845,6625.908130000001
459,3A,Atlanta,0.25,0.25,370.57624000000004,4588.79298,1924.8392599999997,6884.20848
460,3A,Atlanta,0.25,0.2,387.41076000000004,4496.60161,1896.7162999999998,6780.7286699999995
461,3A,Atlanta,0.25,0.30000000000000004,358.47880000000004,4685.35481,1953.50061,6997.33422
462,3A,Atlanta,0.25,0.35000000000000003,347.8556,4785.0519699999995,1982.3203099999998,7115.2278799999995
463,3A,Atlanta,0.25,0.45,330.88016000000005,5011.3341199999995,2042.4616399999998,7384.675919999999
464,3A,Atlanta,0.25,0.4,338.43564,4895.2002299999995,2012.12178,7245.75765
465,3A,Atlanta,0.25,0.55,318.73936000000003,5220.76783,2105.7383,7645.24549
466,3A,Atlanta,0.25,0.5,324.85312000000005,5116.541859999999,2073.94162,7515.336599999999
467,3A,Atlanta,0.25,0.6000000000000001,314.09984000000003,5324.55042,2137.69333,7776.3435899999995
468,3A,Atlanta,0.25,0.65,309.82888,5428.333009999999,2170.12341,7908.2853
469,3A,Atlanta,0.25,0.7000000000000001,305.09180000000003,5531.9572499999995,2202.87019,8039.919239999999
470,3A,Atlanta,0.25,0.75,301.20024,5635.45481,2235.6803099999997,8172.33536
471,3A,Atlanta,0.25,0.8500000000000001,293.91576,5841.59484,2301.23721,8436.747809999999
472,3A,Atlanta,0.25,0.8,296.745,5738.57233,2268.3320799999997,8303.64941
473,3A,Atlanta,0.25,0.9500000000000001,287.60688,6043.554429999999,2367.3008299999997,8698.46214
474,3A,Atlanta,0.25,0.9,290.41444000000007,5943.0021799999995,2334.23735,8567.65397
475,3A,Atlanta,0.2,0.01,404.18024,4389.68369,1787.9298499999998,6581.793779999999
476,3A,Atlanta,0.2,0.15000000000000002,390.50016000000005,4449.41331,1870.9369199999999,6710.85039
477,3A,Atlanta,0.2,0.1,417.76276,4372.83525,1839.5836199999999,6630.181629999999
478,3A,Atlanta,0.2,0.25,345.70928000000004,4623.1866,1927.5312099999999,6896.42709
479,3A,Atlanta,0.2,0.2,363.34596000000005,4530.6151899999995,1898.9332,6792.894349999999
480,3A,Atlanta,0.2,0.30000000000000004,335.02104,4722.88376,1956.82596,7014.7307599999995
481,3A,Atlanta,0.2,0.35000000000000003,326.1756,4824.32277,1985.8673499999998,7136.365719999999
482,3A,Atlanta,0.2,0.45,312.01856,5054.75369,2046.4520599999996,7413.22431
483,3A,Atlanta,0.2,0.4,318.0456,4936.624589999999,2015.9221799999998,7270.592369999999
484,3A,Atlanta,0.2,0.55,300.87504,5265.73923,2110.5838099999996,7677.19808
485,3A,Atlanta,0.2,0.5,306.29504000000003,5160.34147,2078.37542,7545.011930000001
486,3A,Atlanta,0.2,0.6000000000000001,297.22196,5370.598599999999,2143.07723,7810.897789999999
487,3A,Atlanta,0.2,0.65,292.63664,5475.0779299999995,2176.01403,7943.728599999999
488,3A,Atlanta,0.2,0.7000000000000001,288.73424000000006,5579.430579999999,2209.14085,8077.305669999999
489,3A,Atlanta,0.2,0.75,284.88604000000004,5684.03659,2242.29934,8211.22197
490,3A,Atlanta,0.2,0.8500000000000001,279.35764,5890.96837,2308.61632,8478.94233
491,3A,Atlanta,0.2,0.8,282.39284000000004,5787.94586,2275.36282,8345.70152
492,3A,Atlanta,0.2,0.9500000000000001,273.95932,6094.384779999999,2375.8200599999996,8744.164159999998
493,3A,Atlanta,0.2,0.9,276.50672000000003,5993.040779999999,2342.1231799999996,8611.67068
494,3A,Atlanta,0.30000000000000004,0.01,494.23896,4336.95314,1787.35979,6618.551889999999
495,3A,Atlanta,0.30000000000000004,0.15000000000000002,442.07688,4392.945699999999,1869.19507,6704.217649999999
496,3A,Atlanta,0.30000000000000004,0.1,474.82452,4318.0778199999995,1837.8417699999998,6630.74411
497,3A,Atlanta,0.30000000000000004,0.25,394.32668,4568.619189999999,1926.20107,6889.14694
498,3A,Atlanta,0.30000000000000004,0.2,409.92544000000004,4473.3558299999995,1897.3813699999998,6780.66264
499,3A,Atlanta,0.30000000000000004,0.30000000000000004,381.16692,4665.307699999999,1955.4008099999996,7001.875429999998
500,3A,Atlanta,0.30000000000000004,0.35000000000000003,369.68736000000007,4766.11331,1984.91725,7120.717919999999
501,3A,Atlanta,0.30000000000000004,0.45,352.75528,4973.773499999999,2043.09504,7369.62382
502,3A,Atlanta,0.30000000000000004,0.4,360.31076,4869.2308299999995,2014.212,7243.75359
503,3A,Atlanta,0.30000000000000004,0.55,338.39228,5179.72351,2101.4311799999996,7619.546969999999
504,3A,Atlanta,0.30000000000000004,0.5,345.87188000000003,5077.081039999999,2073.08653,7496.039449999998
505,3A,Atlanta,0.30000000000000004,0.6000000000000001,332.33272,5282.74602,2133.1011799999997,7748.17992
506,3A,Atlanta,0.30000000000000004,0.65,327.37884,5385.388489999999,2164.99287,7877.7602
507,3A,Atlanta,0.30000000000000004,0.7000000000000001,323.10788,5488.22098,2197.20126,8008.530119999999
508,3A,Atlanta,0.30000000000000004,0.75,317.76376,5590.99013,2229.6630099999998,8138.4169
509,3A,Atlanta,0.30000000000000004,0.8500000000000001,310.1324,5795.51499,2294.55484,8400.202229999999
510,3A,Atlanta,0.30000000000000004,0.8,313.67708000000005,5693.9493,2262.1564299999995,8269.78281
511,3A,Atlanta,0.30000000000000004,0.9500000000000001,302.40348000000006,5995.66939,2359.6050199999995,8657.677889999999
512,3A,Atlanta,0.30000000000000004,0.9,306.18664,5896.70064,2327.23828,8530.12556
513,3A,Atlanta,0.35000000000000003,0.01,537.2954400000001,4318.7428899999995,1787.58148,6643.619809999999
514,3A,Atlanta,0.35000000000000003,0.15000000000000002,469.38284000000004,4369.00318,1868.46666,6706.85268
515,3A,Atlanta,0.35000000000000003,0.1,505.55592,4295.592119999999,1837.3667199999998,6638.514759999999
516,3A,Atlanta,0.35000000000000003,0.25,419.70312,4542.14307,1924.64924,6886.49543
517,3A,Atlanta,0.35000000000000003,0.2,436.80864,4448.90659,1896.1779099999999,6781.89314
518,3A,Atlanta,0.35000000000000003,0.30000000000000004,406.02304000000004,4636.29798,1953.2789199999997,6995.59994
519,3A,Atlanta,0.35000000000000003,0.35000000000000003,393.75216000000006,4734.31663,1982.38365,7110.45244
520,3A,Atlanta,0.35000000000000003,0.45,374.38108000000005,4938.5247899999995,2040.1180599999998,7353.023929999999
521,3A,Atlanta,0.35000000000000003,0.4,383.06392,4835.66063,2011.5200499999999,7230.2446
522,3A,Atlanta,0.35000000000000003,0.55,358.34872,5142.2579,2097.7891299999997,7598.39575
523,3A,Atlanta,0.35000000000000003,0.5,367.17248000000006,5040.85056,2069.7295099999997,7477.752549999999
524,3A,Atlanta,0.35000000000000003,0.6000000000000001,352.00732000000005,5244.552,2129.04742,7725.606739999999
525,3A,Atlanta,0.35000000000000003,0.65,346.0128,5346.30771,2160.46406,7852.78457
526,3A,Atlanta,0.35000000000000003,0.7000000000000001,341.38412000000005,5448.221769999999,2192.29241,7981.898299999999
527,3A,Atlanta,0.35000000000000003,0.75,336.18092,5550.135829999999,2224.34245,8110.659199999999
528,3A,Atlanta,0.35000000000000003,0.8500000000000001,326.54416000000003,5753.33055,2288.60088,8368.47559
529,3A,Atlanta,0.35000000000000003,0.8,331.25956,5652.27158,2256.55084,8240.081979999999
530,3A,Atlanta,0.35000000000000003,0.9500000000000001,318.86944000000005,5951.67976,2352.73263,8623.28183
531,3A,Atlanta,0.35000000000000003,0.9,322.73932,5853.53443,2320.8092699999997,8497.083019999998
532,3A,Atlanta,0.45,0.01,621.14284,4284.60263,1788.6899299999998,6694.435399999999
533,3A,Atlanta,0.45,0.15000000000000002,521.5991200000001,4330.65081,1868.2133,6720.463229999999
534,3A,Atlanta,0.45,0.1,566.119,4262.59198,1837.65175,6666.36273
535,3A,Atlanta,0.45,0.25,472.9492,4497.805069999999,1922.7173699999998,6893.47164
536,3A,Atlanta,0.45,0.2,491.50728000000004,4409.47744,1895.1011299999998,6796.0858499999995
537,3A,Atlanta,0.45,0.30000000000000004,456.64584,4588.06457,1950.5552999999998,6995.26571
538,3A,Atlanta,0.45,0.35000000000000003,442.26116,4681.807769999999,1979.0266299999998,7103.09556
539,3A,Atlanta,0.45,0.45,419.65976,4877.8134,2035.5259099999998,7332.99907
540,3A,Atlanta,0.45,0.4,430.0444800000001,4778.591289999999,2007.40295,7216.03872
541,3A,Atlanta,0.45,0.55,400.54884000000004,5077.397739999999,2091.83517,7569.78175
542,3A,Atlanta,0.45,0.5,410.836,4978.112289999999,2064.44062,7453.38891
543,3A,Atlanta,0.45,0.6000000000000001,393.221,5177.6016199999995,2122.4283899999996,7693.251009999998
544,3A,Atlanta,0.45,0.65,385.43788,5277.64715,2153.17996,7816.26499
545,3A,Atlanta,0.45,0.7000000000000001,379.04228000000006,5377.85103,2184.1848899999995,7941.078199999999
546,3A,Atlanta,0.45,0.75,373.53556,5478.466619999999,2215.4748499999996,8067.477029999999
547,3A,Atlanta,0.45,0.8500000000000001,363.10748000000007,5677.987619999999,2278.6248299999997,8319.71993
548,3A,Atlanta,0.45,0.8,368.27816,5578.3538,2246.9865,8193.61846
549,3A,Atlanta,0.45,0.9500000000000001,353.49240000000003,5871.776349999999,2340.5080099999996,8565.776759999999
550,3A,Atlanta,0.45,0.9,357.70916000000005,5776.988039999999,2310.0731399999995,8444.77034
551,3A,Atlanta,0.4,0.01,580.34108,4302.27449,1788.05653,6670.6721
552,3A,Atlanta,0.4,0.15000000000000002,495.57228000000003,4347.87929,1868.05495,6711.50652
553,3A,Atlanta,0.4,0.1,536.2764800000001,4277.6669,1837.33505,6651.27843
554,3A,Atlanta,0.4,0.25,446.33700000000005,4518.29556,1923.41411,6888.04667
555,3A,Atlanta,0.4,0.2,464.19048000000004,4427.97272,1895.5128399999999,6787.67604
556,3A,Atlanta,0.4,0.30000000000000004,430.81412000000006,4610.64528,1951.66375,6993.123149999999
557,3A,Atlanta,0.4,0.35000000000000003,417.61100000000005,4706.66872,1980.51512,7104.79484
558,3A,Atlanta,0.4,0.45,396.45132000000007,4906.79145,2037.5844599999998,7340.82723
559,3A,Atlanta,0.4,0.4,406.42412,4805.479119999999,2009.2081399999997,7221.1113799999985
560,3A,Atlanta,0.4,0.55,379.3458,5108.18098,2094.5271199999997,7582.0539
561,3A,Atlanta,0.4,0.5,388.80912,5007.9137599999995,2066.8475399999998,7463.570419999999
562,3A,Atlanta,0.4,0.6000000000000001,372.18056,5209.3983,2125.53205,7707.110909999999
563,3A,Atlanta,0.4,0.65,365.96924,5310.7423,2156.56865,7833.28019
564,3A,Atlanta,0.4,0.7000000000000001,359.53028000000006,5411.48457,2188.01696,7959.0318099999995
565,3A,Atlanta,0.4,0.75,354.81488,5512.891909999999,2219.68696,8087.393749999999
566,3A,Atlanta,0.4,0.8500000000000001,344.89628000000005,5714.313109999999,2283.4069999999997,8342.61639
567,3A,Atlanta,0.4,0.8,349.68756,5613.855869999999,2251.5153099999998,8215.05874
568,3A,Atlanta,0.4,0.9500000000000001,335.57388000000003,5910.540429999999,2346.3986299999997,8592.512939999999
569,3A,Atlanta,0.4,0.9,340.34348000000006,5813.8835899999995,2315.14034,8469.367409999999
570,3A,Atlanta,0.55,0.01,699.4076400000001,4246.15525,1790.08341,6735.6463
571,3A,Atlanta,0.55,0.15000000000000002,574.09724,4304.45972,1869.35342,6747.910379999999
572,3A,Atlanta,0.55,0.1,624.3298000000001,4237.88938,1838.9502199999997,6701.1694
573,3A,Atlanta,0.55,0.25,525.8484000000001,4464.804929999999,1922.30566,6912.958989999999
574,3A,Atlanta,0.55,0.2,547.2682400000001,4380.341039999999,1895.32282,6822.9321
575,3A,Atlanta,0.55,0.30000000000000004,508.40684000000005,4550.503949999999,1949.4151799999997,7008.325969999999
576,3A,Atlanta,0.55,0.35000000000000003,491.64820000000003,4640.4784199999995,1977.1580999999996,7109.284719999999
577,3A,Atlanta,0.55,0.45,465.78396000000004,4829.3266300000005,2032.5489299999997,7327.65952
578,3A,Atlanta,0.55,0.4,477.1984800000001,4733.65156,2004.93269,7215.782730000001
579,3A,Atlanta,0.55,0.55,444.08228,5023.5587399999995,2087.5597199999997,7555.200739999998
580,3A,Atlanta,0.55,0.5,455.75696000000005,4926.363509999999,2060.6718899999996,7442.792359999999
581,3A,Atlanta,0.55,0.6000000000000001,434.66232,5121.9574299999995,2117.51954,7674.139289999999
582,3A,Atlanta,0.55,0.65,426.7166,5220.00775,2147.6060399999997,7794.330389999999
583,3A,Atlanta,0.55,0.7000000000000001,419.22616000000005,5318.40644,2177.9459,7915.5785
584,3A,Atlanta,0.55,0.75,411.7574000000001,5417.18517,2208.50745,8037.45002
585,3A,Atlanta,0.55,0.8500000000000001,400.71144000000004,5613.729189999999,2270.35896,8284.799589999999
586,3A,Atlanta,0.55,0.8,406.54336000000006,5516.05891,2239.3857,8161.987969999999
587,3A,Atlanta,0.55,0.9500000000000001,390.12076,5801.3739399999995,2330.08858,8521.583279999999
588,3A,Atlanta,0.55,0.9,395.45404,5711.3678,2301.33222,8408.154059999999
589,3A,Atlanta,0.5,0.01,661.3267200000001,4270.667829999999,1789.2916599999999,6721.286209999999
590,3A,Atlanta,0.5,0.15000000000000002,547.49588,4316.1776199999995,1868.6250099999997,6732.29851
591,3A,Atlanta,0.5,0.1,594.22712,4249.38559,1838.1584699999999,6681.77118
592,3A,Atlanta,0.5,0.25,499.65896000000004,4480.16488,1922.369,6902.19284
593,3A,Atlanta,0.5,0.2,519.5503600000001,4393.99081,1895.1011299999998,6808.6423
594,3A,Atlanta,0.5,0.30000000000000004,482.68352,4567.859109999999,1949.7952199999997,7000.337849999999
595,3A,Atlanta,0.5,0.35000000000000003,466.81376,4660.11382,1977.9498499999997,7104.87743
596,3A,Atlanta,0.5,0.45,442.73812000000004,4852.224039999999,2033.87907,7328.841229999999
597,3A,Atlanta,0.5,0.4,453.72988000000004,4755.1871599999995,2006.0411399999998,7214.95818
598,3A,Atlanta,0.5,0.55,422.14212000000003,5049.148099999999,2089.4915899999996,7560.7818099999995
599,3A,Atlanta,0.5,0.5,433.37236000000007,4950.59106,2062.2870599999997,7446.25048
600,3A,Atlanta,0.5,0.6000000000000001,413.78448000000003,5148.40188,2119.79978,7681.986140000001
601,3A,Atlanta,0.5,0.65,406.2832,5247.59232,2150.20298,7804.0785
602,3A,Atlanta,0.5,0.7000000000000001,399.19384,5346.719419999999,2180.82787,7926.741129999999
603,3A,Atlanta,0.5,0.75,392.91748000000007,5446.4482499999995,2211.8327999999997,8051.19853
604,3A,Atlanta,0.5,0.8500000000000001,382.07748000000004,5644.5757699999995,2274.28604,8300.939289999998
605,3A,Atlanta,0.5,0.8,386.988,5545.89205,2242.96441,8175.84446
606,3A,Atlanta,0.5,0.9500000000000001,371.84452,5835.32418,2335.12411,8542.292809999999
607,3A,Atlanta,0.5,0.9,376.61412,5742.81611,2305.51266,8424.94289
608,3A,Atlanta,0.6000000000000001,0.01,736.80564,4220.78758,1790.90683,6748.500050000001
609,3A,Atlanta,0.6000000000000001,0.15000000000000002,600.67692,4294.547009999999,1870.33519,6765.559119999999
610,3A,Atlanta,0.6000000000000001,0.1,653.71704,4227.75498,1840.0269999999998,6721.499019999999
611,3A,Atlanta,0.6000000000000001,0.25,552.0053200000001,4451.40852,1922.59069,6926.00453
612,3A,Atlanta,0.6000000000000001,0.2,574.2273200000001,4369.35155,1895.9562199999998,6839.53509
613,3A,Atlanta,0.6000000000000001,0.30000000000000004,533.67488,4535.524039999999,1949.4151799999997,7018.614099999999
614,3A,Atlanta,0.6000000000000001,0.35000000000000003,516.50432,4623.47163,1976.80973,7116.78568
615,3A,Atlanta,0.6000000000000001,0.45,488.33116000000007,4809.216179999999,2031.6621699999998,7329.209509999999
616,3A,Atlanta,0.6000000000000001,0.4,501.31748000000005,4714.83958,2004.3309599999998,7220.488019999999
617,3A,Atlanta,0.6000000000000001,0.55,466.0116,5000.43964,2085.9762199999996,7552.427459999999
618,3A,Atlanta,0.6000000000000001,0.5,478.16324000000003,4904.76457,2059.5000999999997,7442.42791
619,3A,Atlanta,0.6000000000000001,0.6000000000000001,455.96292000000005,5097.666539999999,2115.68268,7669.312139999999
620,3A,Atlanta,0.6000000000000001,0.65,447.86544000000004,5194.6717499999995,2145.45248,7787.989669999999
621,3A,Atlanta,0.6000000000000001,0.7000000000000001,439.76796,5292.4053699999995,2175.5073099999995,7907.680639999999
622,3A,Atlanta,0.6000000000000001,0.75,431.96316,5390.10732,2205.62548,8027.695960000001
623,3A,Atlanta,0.6000000000000001,0.8500000000000001,419.3996,5584.78281,2266.84359,8271.026
624,3A,Atlanta,0.6000000000000001,0.8,425.37244000000004,5488.03096,2236.15536,8149.55876
625,3A,Atlanta,0.6000000000000001,0.9500000000000001,408.86312000000004,5769.418909999999,2325.59144,8503.873469999999
626,3A,Atlanta,0.6000000000000001,0.9,413.94708,5681.914699999999,2297.59516,8393.45694
627,3A,Atlanta,0.65,0.01,772.54512,4184.08205,1792.1102899999998,6748.737459999999
628,3A,Atlanta,0.65,0.15000000000000002,627.08316,4290.20822,1873.0588099999998,6790.35019
629,3A,Atlanta,0.65,0.1,679.73304,4220.85092,1842.4972599999999,6743.08122
630,3A,Atlanta,0.65,0.25,577.0890800000001,4451.37685,1927.7529,6956.21883
631,3A,Atlanta,0.65,0.2,599.9398000000001,4367.79972,1900.00998,6867.7495
632,3A,Atlanta,0.65,0.30000000000000004,557.447,4537.867619999999,1955.7175099999997,7051.032129999999
633,3A,Atlanta,0.65,0.35000000000000003,539.9512400000001,4626.9236599999995,1983.77713,7150.652029999999
634,3A,Atlanta,0.65,0.45,510.5423200000001,4813.04825,2039.07295,7362.66352
635,3A,Atlanta,0.65,0.4,524.2549200000001,4718.76666,2011.6467300000002,7254.668310000001
636,3A,Atlanta,0.65,0.55,487.82168,5000.281289999999,2093.5136799999996,7581.616649999998
637,3A,Atlanta,0.65,0.5,500.20096,4907.70988,2067.38593,7475.296770000001
638,3A,Atlanta,0.65,0.6000000000000001,477.53452,5095.766339999999,2122.6817499999997,7695.982609999999
639,3A,Atlanta,0.65,0.65,467.62676,5196.85698,2153.05328,7817.53702
640,3A,Atlanta,0.65,0.7000000000000001,459.31248000000005,5292.373699999999,2182.18968,7933.875859999998
641,3A,Atlanta,0.65,0.75,451.4318,5388.618829999999,2211.67445,8051.72508
642,3A,Atlanta,0.65,0.8500000000000001,438.18532000000005,5581.77416,2272.0691399999996,8292.02862
643,3A,Atlanta,0.65,0.8,444.26656,5485.18066,2241.7926199999997,8171.23984
644,3A,Atlanta,0.65,0.9500000000000001,427.096,5767.20201,2330.97534,8525.27335
645,3A,Atlanta,0.65,0.9,432.36424000000005,5677.734259999999,2302.44067,8412.53917
646,3A,Atlanta,0.7000000000000001,0.01,808.30628,4151.33527,1793.21874,6752.86029
647,3A,Atlanta,0.7000000000000001,0.15000000000000002,653.69536,4287.19957,1875.94078,6816.835709999999
648,3A,Atlanta,0.7000000000000001,0.1,705.66232,4215.403679999999,1845.2208799999999,6766.28688
649,3A,Atlanta,0.7000000000000001,0.25,601.1864,4454.32216,1933.6118499999998,6989.1204099999995
650,3A,Atlanta,0.7000000000000001,0.2,625.1428000000001,4368.05308,1904.5387899999998,6897.734669999999
651,3A,Atlanta,0.7000000000000001,0.30000000000000004,580.8830800000001,4543.378199999999,1962.8432599999999,7087.104539999998
652,3A,Atlanta,0.7000000000000001,0.35000000000000003,562.9212,4634.17609,1991.6946299999997,7188.79192
653,3A,Atlanta,0.7000000000000001,0.45,533.07868,4820.870739999999,2047.5288399999997,7401.478259999999
654,3A,Atlanta,0.7000000000000001,0.4,546.74792,4726.9375199999995,2019.9442699999997,7293.629709999999
655,3A,Atlanta,0.7000000000000001,0.55,509.72932000000003,5004.841769999999,2102.50796,7617.079049999999
656,3A,Atlanta,0.7000000000000001,0.5,521.6316400000001,4914.32891,2076.34854,7512.30909
657,3A,Atlanta,0.7000000000000001,0.6000000000000001,498.99772,5098.29994,2130.91595,7728.213610000001
658,3A,Atlanta,0.7000000000000001,0.65,487.9084000000001,5202.27255,2161.5408399999997,7851.72179
659,3A,Atlanta,0.7000000000000001,0.7000000000000001,479.03044000000006,5295.16066,2189.53712,7963.72822
660,3A,Atlanta,0.7000000000000001,0.75,471.01968,5389.31557,2218.2301399999997,8078.56539
661,3A,Atlanta,0.7000000000000001,0.8500000000000001,456.73256,5580.190659999999,2277.64306,8314.56628
662,3A,Atlanta,0.7000000000000001,0.8,463.42084,5485.05398,2247.8099199999997,8196.28474
663,3A,Atlanta,0.7000000000000001,0.9500000000000001,444.9278,5766.31525,2336.54926,8547.79231
664,3A,Atlanta,0.7000000000000001,0.9,450.944,5674.788949999999,2307.4445299999998,8433.177479999998
665,3A,Atlanta,0.75,0.01,840.43604,4134.26514,1794.48554,6769.18672
666,3A,Atlanta,0.75,0.15000000000000002,679.8197600000001,4286.37615,1879.32947,6845.52538
667,3A,Atlanta,0.75,0.1,728.6864800000001,4211.603279999999,1848.1028499999998,6788.392609999999
668,3A,Atlanta,0.75,0.25,624.28644,4459.7694,1940.1992099999998,7024.25505
669,3A,Atlanta,0.75,0.2,649.5219600000001,4370.491669999999,1909.6376599999999,6929.65129
670,3A,Atlanta,0.75,0.30000000000000004,603.85304,4552.30914,1970.8557699999997,7127.0179499999995
671,3A,Atlanta,0.75,0.35000000000000003,585.28412,4645.10224,2000.4988899999998,7230.88525
672,3A,Atlanta,0.75,0.45,555.18144,4832.842,2057.1248499999997,7445.148289999999
673,3A,Atlanta,0.75,0.4,568.81816,4738.940449999999,2029.2235799999999,7336.982189999999
674,3A,Atlanta,0.75,0.55,531.1925200000001,5014.81782,2113.30743,7659.317770000001
675,3A,Atlanta,0.75,0.5,543.2466000000001,4925.0017,2086.54628,7554.79458
676,3A,Atlanta,0.75,0.6000000000000001,520.3742000000001,5105.520699999999,2140.73365,7766.628549999999
677,3A,Atlanta,0.75,0.65,507.78896000000003,5210.88679,2170.9784999999997,7889.65425
678,3A,Atlanta,0.75,0.7000000000000001,498.84596000000005,5300.86126,2197.73965,7997.44687
679,3A,Atlanta,0.75,0.75,490.23900000000003,5392.5142399999995,2225.41923,8108.1724699999995
680,3A,Atlanta,0.75,0.8500000000000001,475.33400000000006,5580.41235,2283.5020099999997,8339.24836
681,3A,Atlanta,0.75,0.8,482.14152,5486.76416,2254.2706,8223.17628
682,3A,Atlanta,0.75,0.9500000000000001,462.93304000000006,5764.51006,2341.64813,8569.09123
683,3A,Atlanta,0.75,0.9,469.0468,5673.42714,2312.63841,8455.11235
684,3A,Atlanta,0.8500000000000001,0.01,905.20504,4114.43972,1796.38574,6816.0305
685,3A,Atlanta,0.8500000000000001,0.15000000000000002,734.76772,4275.671689999999,1881.7363899999998,6892.175799999999
686,3A,Atlanta,0.8500000000000001,0.1,780.07892,4200.45544,1850.63645,6831.17081
687,3A,Atlanta,0.8500000000000001,0.25,674.44312,4449.03327,1944.3163099999997,7067.7927
688,3A,Atlanta,0.8500000000000001,0.2,701.4347200000001,4360.9273299999995,1913.15303,6975.515079999999
689,3A,Atlanta,0.8500000000000001,0.30000000000000004,652.19944,4541.57301,1975.5745999999997,7169.34705
690,3A,Atlanta,0.8500000000000001,0.35000000000000003,632.66576,4634.08108,2005.6927699999997,7272.439609999999
691,3A,Atlanta,0.8500000000000001,0.45,600.6986,4819.00221,2062.82545,7482.526259999999
692,3A,Atlanta,0.8500000000000001,0.4,615.5494000000001,4726.87418,2034.70249,7377.126069999999
693,3A,Atlanta,0.8500000000000001,0.55,575.31132,4999.39453,2119.95813,7694.663979999999
694,3A,Atlanta,0.8500000000000001,0.5,587.02936,4909.26171,2091.93018,7588.221249999999
695,3A,Atlanta,0.8500000000000001,0.6000000000000001,563.3981600000001,5087.50047,2146.62427,7797.5229
696,3A,Atlanta,0.8500000000000001,0.65,548.63408,5194.60841,2176.48908,7919.73157
697,3A,Atlanta,0.8500000000000001,0.7000000000000001,538.76968,5281.70091,2202.0784400000002,8022.54903
698,3A,Atlanta,0.8500000000000001,0.75,529.33888,5371.10532,2228.7129099999997,8129.15711
699,3A,Atlanta,0.8500000000000001,0.8500000000000001,513.274,5554.25293,2285.0538399999996,8352.58077
700,3A,Atlanta,0.8500000000000001,0.8,520.79696,5463.17001,2256.77253,8240.7395
701,3A,Atlanta,0.8500000000000001,0.9500000000000001,499.45300000000003,5736.16541,2341.9964999999997,8577.61491
702,3A,Atlanta,0.8500000000000001,0.9,505.9028,5645.68422,2313.4935,8465.08052
703,3A,Atlanta,0.8,0.01,873.4872,4121.31211,1795.27729,6790.0766
704,3A,Atlanta,0.8,0.15000000000000002,708.4807200000001,4278.712009999999,1879.83619,6867.02892
705,3A,Atlanta,0.8,0.1,755.7322800000001,4204.477529999999,1848.8629299999998,6809.07274
706,3A,Atlanta,0.8,0.25,650.41084,4453.118699999999,1942.2894299999998,7045.818969999999
707,3A,Atlanta,0.8,0.2,676.4918800000002,4364.03099,1911.0628099999997,6951.58568
708,3A,Atlanta,0.8,0.30000000000000004,629.01268,4546.608539999999,1973.5793899999996,7149.200609999999
709,3A,Atlanta,0.8,0.35000000000000003,609.8258800000001,4639.908359999999,2003.6975599999996,7253.431799999999
710,3A,Atlanta,0.8,0.45,578.7476,4827.10973,2061.0519299999996,7466.909259999999
711,3A,Atlanta,0.8,0.4,592.9371600000001,4733.55655,2032.77062,7359.264330000001
712,3A,Atlanta,0.8,0.55,554.02156,5010.257339999999,2118.84968,7683.128579999999
713,3A,Atlanta,0.8,0.5,565.6312,4919.04774,2090.50503,7575.18397
714,3A,Atlanta,0.8,0.6000000000000001,542.89972,5099.756759999999,2145.89586,7788.55234
715,3A,Atlanta,0.8,0.65,528.5042000000001,5209.01826,2176.5207499999997,7914.04321
716,3A,Atlanta,0.8,0.7000000000000001,518.8566,5297.63092,2202.6485,8019.13602
717,3A,Atlanta,0.8,0.75,510.05452,5388.42881,2229.82136,8128.30469
718,3A,Atlanta,0.8,0.8500000000000001,494.47744000000006,5574.74342,2287.11239,8356.33325
719,3A,Atlanta,0.8,0.8,501.5668,5481.79197,2258.3876999999998,8241.74647
720,3A,Atlanta,0.8,0.9500000000000001,481.19844000000006,5759.4745299999995,2345.19517,8585.868139999999
721,3A,Atlanta,0.8,0.9,487.38808000000006,5667.3465,2316.15378,8470.888359999999
722,3A,Atlanta,0.9500000000000001,0.01,965.86568,4103.1651999999995,1798.66598,6867.696859999999
723,3A,Atlanta,0.9500000000000001,0.15000000000000002,785.0436400000001,4272.82139,1886.17019,6944.03522
724,3A,Atlanta,0.9500000000000001,0.1,830.1055200000001,4194.62816,1854.53186,6879.26554
725,3A,Atlanta,0.9500000000000001,0.25,721.2936,4445.1061899999995,1949.2884999999999,7115.688289999999
726,3A,Atlanta,0.9500000000000001,0.2,750.3339600000002,4357.09526,1917.87186,7025.30108
727,3A,Atlanta,0.9500000000000001,0.30000000000000004,697.45644,4535.334019999999,1980.38844,7213.178899999999
728,3A,Atlanta,0.9500000000000001,0.35000000000000003,677.40244,4626.6703,2010.53828,7314.611019999999
729,3A,Atlanta,0.9500000000000001,0.45,643.8960000000001,4807.44266,2067.29092,7518.629579999999
730,3A,Atlanta,0.9500000000000001,0.4,659.3430000000001,4717.91157,2039.2629699999998,7416.51754
731,3A,Atlanta,0.9500000000000001,0.55,616.10224,4982.54609,2122.99845,7721.64678
732,3A,Atlanta,0.9500000000000001,0.5,629.50048,4895.70695,2095.82559,7621.033019999999
733,3A,Atlanta,0.9500000000000001,0.6000000000000001,604.12404,5067.77006,2148.9678499999995,7820.861949999999
734,3A,Atlanta,0.9500000000000001,0.65,588.26512,5171.10927,2177.69254,7937.06693
735,3A,Atlanta,0.9500000000000001,0.7000000000000001,577.63108,5254.62306,2201.95176,8034.2059
736,3A,Atlanta,0.9500000000000001,0.75,567.67996,5340.41709,2227.3194299999996,8135.41648
737,3A,Atlanta,0.9500000000000001,0.8500000000000001,549.7506,5518.43416,2281.6018099999997,8349.78657
738,3A,Atlanta,0.9500000000000001,0.8,558.2058000000001,5429.663149999999,2254.36561,8242.234559999999
739,3A,Atlanta,0.9500000000000001,0.9500000000000001,534.94316,5693.91763,2336.4859199999996,8565.34671
740,3A,Atlanta,0.9500000000000001,0.9,542.4878,5606.445089999999,2308.99636,8457.92925
741,3A,Atlanta,0.9,0.01,935.9798000000001,4108.29574,1797.4941900000001,6841.76973
742,3A,Atlanta,0.9,0.15000000000000002,760.1875200000001,4273.92984,1883.9216199999998,6918.03898
743,3A,Atlanta,0.9,0.1,804.9892400000001,4197.16176,1852.5049800000002,6854.6559799999995
744,3A,Atlanta,0.9,0.25,698.3236400000001,4446.40466,1946.6598899999997,7091.388190000001
745,3A,Atlanta,0.9,0.2,726.04152,4358.52041,1915.4015999999997,6999.963529999999
746,3A,Atlanta,0.9,0.30000000000000004,674.9200800000001,4537.64593,1977.8865099999998,7190.452519999999
747,3A,Atlanta,0.9,0.35000000000000003,655.24548,4629.552269999999,2007.9730099999997,7292.770759999999
748,3A,Atlanta,0.9,0.45,622.46532,4812.5732,2064.9473399999997,7499.98586
749,3A,Atlanta,0.9,0.4,637.9665200000001,4721.585289999999,2036.8243799999998,7396.376189999999
750,3A,Atlanta,0.9,0.55,596.1783200000001,4990.33691,2121.31994,7707.83517
751,3A,Atlanta,0.9,0.5,608.2866,4901.724249999999,2093.7037,7603.71455
752,3A,Atlanta,0.9,0.6000000000000001,583.76652,5076.66933,2147.63771,7808.07356
753,3A,Atlanta,0.9,0.65,568.7097600000001,5182.1621,2176.96413,7927.83599
754,3A,Atlanta,0.9,0.7000000000000001,558.2491600000001,5267.25939,2201.85675,8027.3653
755,3A,Atlanta,0.9,0.75,548.7750000000001,5354.89028,2227.88949,8131.554769999999
756,3A,Atlanta,0.9,0.8500000000000001,531.79956,5535.78932,2283.18531,8350.77419
757,3A,Atlanta,0.9,0.8,539.5718400000001,5445.593159999999,2255.41072,8240.575719999999
758,3A,Atlanta,0.9,0.9500000000000001,517.2306,5714.313109999999,2339.17787,8570.72158
759,3A,Atlanta,0.9,0.9,524.18988,5625.47876,2311.0865799999997,8460.75522
760,5A,Buffalo,0.01,0.01,395.74672,2057.5999,1766.74262,4220.08924
761,5A,Buffalo,0.01,0.15000000000000002,549.49044,2066.2141399999996,1858.23725,4473.94183
762,5A,Buffalo,0.01,0.1,523.25764,2095.9522699999998,1824.03365,4443.24356
763,5A,Buffalo,0.01,0.25,547.18152,2217.05835,1920.27878,4684.51865
764,5A,Buffalo,0.01,0.2,552.82916,2137.8516799999998,1888.98882,4579.66966
765,5A,Buffalo,0.01,0.30000000000000004,539.09488,2299.97041,1952.1071299999999,4791.17242
766,5A,Buffalo,0.01,0.35000000000000003,533.42556,2384.4659699999997,1984.2205099999999,4902.11204
767,5A,Buffalo,0.01,0.45,520.1574,2564.5732599999997,2060.0701599999998,5144.8008199999995
768,5A,Buffalo,0.01,0.4,526.03268,2472.54024,2021.4327599999997,5020.005679999999
769,5A,Buffalo,0.01,0.55,514.7699200000001,2736.8580599999996,2133.63957,5385.26755
770,5A,Buffalo,0.01,0.5,517.1872400000001,2650.58898,2096.93404,5264.71026
771,5A,Buffalo,0.01,0.6000000000000001,512.71032,2823.0638,2170.0284,5505.80252
772,5A,Buffalo,0.01,0.65,513.1114,2909.5229,2206.1955399999997,5628.829839999999
773,5A,Buffalo,0.01,0.7000000000000001,519.64792,2994.84188,2242.20433,5756.69413
774,5A,Buffalo,0.01,0.75,523.65872,3080.57257,2278.14978,5882.381069999999
775,5A,Buffalo,0.01,0.8500000000000001,529.34972,3252.5723399999997,2349.69231,6131.614369999999
776,5A,Buffalo,0.01,0.8,525.7942,3165.51151,2313.9685499999996,6005.274259999999
777,5A,Buffalo,0.01,0.9500000000000001,538.40112,3418.3014499999995,2420.9498099999996,6377.6523799999995
778,5A,Buffalo,0.01,0.9,533.64236,3335.32605,2385.3210599999998,6254.28947
779,5A,Buffalo,0.05,0.01,460.08212000000003,2019.4058799999998,1763.44894,4242.93694
780,5A,Buffalo,0.05,0.15000000000000002,599.1159600000001,2015.0670899999998,1852.7266699999998,4466.90972
781,5A,Buffalo,0.05,0.1,578.98608,2049.1123399999997,1818.96645,4447.06487
782,5A,Buffalo,0.05,0.25,590.80168,2157.5187499999997,1913.2797099999998,4661.60014
783,5A,Buffalo,0.05,0.2,599.8314,2083.37928,1882.81317,4566.02385
784,5A,Buffalo,0.05,0.30000000000000004,580.2326800000001,2235.1102499999997,1944.1896299999999,4759.53256
785,5A,Buffalo,0.05,0.35000000000000003,572.95904,2315.45704,1975.5745999999997,4863.99068
786,5A,Buffalo,0.05,0.45,555.6367200000001,2489.92707,2049.80908,5095.37287
787,5A,Buffalo,0.05,0.4,563.96184,2400.586,2011.8050799999999,4976.352919999999
788,5A,Buffalo,0.05,0.55,547.61512,2658.72817,2122.17503,5328.518319999999
789,5A,Buffalo,0.05,0.5,550.92132,2574.1375999999996,2086.0395599999997,5211.098479999999
790,5A,Buffalo,0.05,0.6000000000000001,544.46068,2743.8887999999997,2158.21549,5446.564969999999
791,5A,Buffalo,0.05,0.65,543.32248,2829.4928099999997,2193.90758,5566.72287
792,5A,Buffalo,0.05,0.7000000000000001,547.4742,2913.13328,2229.50466,5690.11214
793,5A,Buffalo,0.05,0.75,553.2194000000001,2997.9455399999997,2265.0384,5816.20334
794,5A,Buffalo,0.05,0.8500000000000001,557.72884,3167.88676,2335.7891799999998,6061.40478
795,5A,Buffalo,0.05,0.8,554.82372,3082.09273,2300.44546,5937.36191
796,5A,Buffalo,0.05,0.9500000000000001,565.16508,3333.48919,2406.3182699999998,6304.97254
797,5A,Buffalo,0.05,0.9,560.73152,3251.49556,2371.10123,6183.32831
798,5A,Buffalo,0.15000000000000002,0.01,640.0694800000001,1950.39695,1760.9153399999998,4351.38177
799,5A,Buffalo,0.15000000000000002,0.15000000000000002,739.9926,1918.8219599999998,1844.01742,4502.83198
800,5A,Buffalo,0.15000000000000002,0.1,736.37204,1955.8125199999997,1812.5057699999998,4504.690329999999
801,5A,Buffalo,0.15000000000000002,0.25,711.8628000000001,2045.15359,1901.0550899999998,4658.07148
802,5A,Buffalo,0.15000000000000002,0.2,730.4534000000001,1978.7415999999998,1872.0453699999998,4581.2403699999995
803,5A,Buffalo,0.15000000000000002,0.30000000000000004,696.58924,2114.8592599999997,1930.4448499999996,4741.893349999999
804,5A,Buffalo,0.15000000000000002,0.35000000000000003,685.4348800000001,2186.65515,1960.34133,4832.4313600000005
805,5A,Buffalo,0.15000000000000002,0.45,662.30232,2343.83336,2030.8070799999998,5036.94276
806,5A,Buffalo,0.15000000000000002,0.4,673.61928,2263.07486,1994.4815899999999,4931.17573
807,5A,Buffalo,0.15000000000000002,0.55,645.83636,2499.3013899999996,2100.13271,5245.27046
808,5A,Buffalo,0.15000000000000002,0.5,653.57612,2420.60144,2065.39072,5139.5682799999995
809,5A,Buffalo,0.15000000000000002,0.6000000000000001,641.6846400000001,2579.04645,2134.84303,5355.574119999999
810,5A,Buffalo,0.15000000000000002,0.65,637.56544,2660.24833,2169.42667,5467.24044
811,5A,Buffalo,0.15000000000000002,0.7000000000000001,637.663,2740.24675,2203.88363,5581.793379999999
812,5A,Buffalo,0.15000000000000002,0.75,640.14536,2821.60698,2238.30892,5700.06126
813,5A,Buffalo,0.15000000000000002,0.8500000000000001,644.5572400000001,2985.68925,2307.12783,5937.37432
814,5A,Buffalo,0.15000000000000002,0.8,642.2049600000001,2903.1255599999995,2272.73421,5818.06473
815,5A,Buffalo,0.15000000000000002,0.9500000000000001,646.3133200000001,3148.78975,2375.8834,6170.98647
816,5A,Buffalo,0.15000000000000002,0.9,645.8146800000001,3067.77789,2341.48978,6055.08235
817,5A,Buffalo,0.1,0.01,548.90508,1980.86349,1761.54874,4291.31731
818,5A,Buffalo,0.1,0.15000000000000002,666.84428,1961.79815,1847.37444,4476.0168699999995
819,5A,Buffalo,0.1,0.1,654.5625600000001,1999.7388099999998,1814.7226699999999,4469.02404
820,5A,Buffalo,0.1,0.25,649.2943200000001,2096.42732,1906.4389899999999,4652.160629999999
821,5A,Buffalo,0.1,0.2,663.4296800000001,2026.2782699999998,1876.6058499999997,4566.3138
822,5A,Buffalo,0.1,0.30000000000000004,637.92316,2169.77504,1936.58883,4744.2870299999995
823,5A,Buffalo,0.1,0.35000000000000003,627.37584,2244.51624,1967.08704,4838.97912
824,5A,Buffalo,0.1,0.45,607.02916,2410.21368,2039.35798,5056.60082
825,5A,Buffalo,0.1,0.4,616.8068400000001,2324.7363499999997,2002.14573,4943.68892
826,5A,Buffalo,0.1,0.55,593.78268,2572.5857699999997,2110.1721,5276.54055
827,5A,Buffalo,0.1,0.5,599.1268000000001,2490.9088399999996,2074.7017,5164.73734
828,5A,Buffalo,0.1,0.6000000000000001,590.9426,2655.37115,2145.48415,5391.7979
829,5A,Buffalo,0.1,0.65,587.7556400000001,2739.1066299999998,2180.66952,5507.531789999999
830,5A,Buffalo,0.1,0.7000000000000001,589.9236400000001,2821.0052499999997,2215.7282099999998,5626.657099999999
831,5A,Buffalo,0.1,0.75,594.1295600000001,2905.1207699999995,2250.62855,5749.87888
832,5A,Buffalo,0.1,0.8500000000000001,598.6932,3072.24336,2320.39756,5991.3341199999995
833,5A,Buffalo,0.1,0.8,596.4601600000001,2987.55778,2285.4972199999997,5869.51516
834,5A,Buffalo,0.1,0.9500000000000001,603.43028,3236.3889699999995,2390.0398899999996,6229.859139999999
835,5A,Buffalo,0.1,0.9,600.89372,3154.55369,2355.26623,6110.71364
836,5A,Buffalo,0.25,0.01,821.6286400000001,1903.3353299999999,1760.6303099999998,4485.594279999999
837,5A,Buffalo,0.25,0.15000000000000002,901.2809600000002,1855.41862,1841.45215,4598.15173
838,5A,Buffalo,0.25,0.1,907.1996,1888.4504299999999,1810.8272599999998,4606.47729
839,5A,Buffalo,0.25,0.25,849.0213200000001,1966.1052699999998,1894.68942,4709.81601
840,5A,Buffalo,0.25,0.2,878.9397200000001,1907.0407199999997,1867.6432399999999,4653.62368
841,5A,Buffalo,0.25,0.30000000000000004,828.3386,2028.49517,1922.3373299999998,4779.1711
842,5A,Buffalo,0.25,0.35000000000000003,810.5501600000001,2093.45034,1950.6186399999997,4854.61914
843,5A,Buffalo,0.25,0.45,779.6453200000001,2240.6524999999997,2018.0124,5038.310219999999
844,5A,Buffalo,0.25,0.4,794.42024,2165.08788,1982.92204,4942.43016
845,5A,Buffalo,0.25,0.55,760.13332,2382.78746,2084.48773,5227.408509999999
846,5A,Buffalo,0.25,0.5,768.6860800000001,2310.9599,2051.17089,5130.81687
847,5A,Buffalo,0.25,0.6000000000000001,753.3474800000001,2456.0401699999998,2117.96292,5327.35057
848,5A,Buffalo,0.25,0.65,747.7974,2532.1431799999996,2151.43811,5431.37869
849,5A,Buffalo,0.25,0.7000000000000001,744.2744000000001,2607.67613,2184.88163,5536.83216
850,5A,Buffalo,0.25,0.75,743.0386400000001,2684.31753,2218.38849,5645.74466
851,5A,Buffalo,0.25,0.8500000000000001,743.3313200000001,2841.17904,2285.27553,5869.78589
852,5A,Buffalo,0.25,0.8,741.86792,2762.22573,2251.89535,5755.989
853,5A,Buffalo,0.25,0.9500000000000001,744.07928,2998.76896,2352.25758,6095.10582
854,5A,Buffalo,0.25,0.9,744.9248000000001,2920.6390699999997,2318.8140599999997,5984.37793
855,5A,Buffalo,0.2,0.01,731.03876,1923.92083,1760.50363,4415.46322
856,5A,Buffalo,0.2,0.15000000000000002,819.6449200000001,1883.7315999999998,1842.33891,4545.71543
857,5A,Buffalo,0.2,0.1,821.0866400000001,1921.45057,1811.46066,4553.99787
858,5A,Buffalo,0.2,0.25,778.041,2002.14573,1897.1913499999998,4677.3780799999995
859,5A,Buffalo,0.2,0.2,803.244,1939.34412,1869.25841,4611.84653
860,5A,Buffalo,0.2,0.30000000000000004,761.55336,2067.98766,1925.7260199999996,4755.267039999999
861,5A,Buffalo,0.2,0.35000000000000003,746.6917200000001,2136.42653,1954.79908,4837.91733
862,5A,Buffalo,0.2,0.45,719.8844,2288.4742,2023.8080099999997,5032.16661
863,5A,Buffalo,0.2,0.4,732.5888800000001,2210.85103,1988.0525799999998,4931.49249
864,5A,Buffalo,0.2,0.55,702.2043600000001,2436.18308,2091.61348,5230.00092
865,5A,Buffalo,0.2,0.5,710.1826,2361.3152,2057.63157,5129.129370000001
866,5A,Buffalo,0.2,0.6000000000000001,696.1339600000001,2512.98283,2125.75374,5334.87053
867,5A,Buffalo,0.2,0.65,690.97412,2591.99948,2159.76732,5442.74092
868,5A,Buffalo,0.2,0.7000000000000001,689.4998800000001,2669.87601,2193.7175599999996,5553.09345
869,5A,Buffalo,0.2,0.75,689.90096,2748.76598,2227.6994699999996,5666.36641
870,5A,Buffalo,0.2,0.8500000000000001,692.39416,2909.2062,2295.56828,5897.16864
871,5A,Buffalo,0.2,0.8,690.03104,2828.47937,2261.58637,5780.09678
872,5A,Buffalo,0.2,0.9500000000000001,694.3995600000001,3069.93145,2363.43709,6127.768099999999
873,5A,Buffalo,0.2,0.9,694.5404800000001,2989.99637,2329.5185199999996,6014.05537
874,5A,Buffalo,0.30000000000000004,0.01,911.90416,1885.50512,1761.13703,4558.54631
875,5A,Buffalo,0.30000000000000004,0.15000000000000002,982.7760800000001,1834.73811,1842.4655899999998,4659.97978
876,5A,Buffalo,0.30000000000000004,0.1,993.6052400000001,1849.1479599999998,1811.7140199999997,4654.4672199999995
877,5A,Buffalo,0.30000000000000004,0.25,922.13712,1942.6694699999998,1897.0646699999998,4761.87126
878,5A,Buffalo,0.30000000000000004,0.2,952.2506400000001,1884.42834,1869.3217499999998,4706.00073
879,5A,Buffalo,0.30000000000000004,0.30000000000000004,897.86636,2004.55265,1925.3776500000001,4827.79666
880,5A,Buffalo,0.30000000000000004,0.35000000000000003,877.89908,2068.84275,1954.0706699999998,4900.8125
881,5A,Buffalo,0.30000000000000004,0.45,846.62568,2200.4316,2016.99896,5064.05624
882,5A,Buffalo,0.30000000000000004,0.4,861.3680800000001,2134.43132,1984.5688799999998,4980.368280000001
883,5A,Buffalo,0.30000000000000004,0.55,820.49044,2336.1058799999996,2078.5020999999997,5235.098419999999
884,5A,Buffalo,0.30000000000000004,0.5,834.70168,2268.17373,2049.4923799999997,5152.36779
885,5A,Buffalo,0.30000000000000004,0.6000000000000001,811.5366,2407.14169,2111.4072300000003,5330.0855200000005
886,5A,Buffalo,0.30000000000000004,0.65,805.2168800000001,2479.79267,2144.31236,5429.32191
887,5A,Buffalo,0.30000000000000004,0.7000000000000001,801.6722,2552.95037,2177.21749,5531.84006
888,5A,Buffalo,0.30000000000000004,0.75,797.7156,2627.27986,2210.2493,5635.24476
889,5A,Buffalo,0.30000000000000004,0.8500000000000001,794.5069600000002,2780.2776299999996,2276.31292,5851.09751
890,5A,Buffalo,0.30000000000000004,0.8,795.3524800000001,2703.00283,2243.3127799999997,5741.668089999999
891,5A,Buffalo,0.30000000000000004,0.9500000000000001,796.26304,2934.1938299999997,2342.05984,6072.51671
892,5A,Buffalo,0.30000000000000004,0.9,795.9812000000001,2857.80579,2309.3764,5963.16339
893,5A,Buffalo,0.35000000000000003,0.01,1000.97644,1870.8419099999999,1761.89711,4633.71546
894,5A,Buffalo,0.35000000000000003,0.15000000000000002,1061.97312,1813.01249,1842.33891,4717.32452
895,5A,Buffalo,0.35000000000000003,0.1,1077.40928,1814.94436,1811.8407,4704.19434
896,5A,Buffalo,0.35000000000000003,0.25,996.4236400000001,1916.6684,1896.0195599999997,4809.1116
897,5A,Buffalo,0.35000000000000003,0.2,1028.13064,1861.21423,1868.81503,4758.1599
898,5A,Buffalo,0.35000000000000003,0.30000000000000004,970.2884000000001,1974.84619,1923.76248,4868.89707
899,5A,Buffalo,0.35000000000000003,0.35000000000000003,947.5460800000001,2037.3627699999997,1952.04379,4936.9526399999995
900,5A,Buffalo,0.35000000000000003,0.45,912.21852,2163.09267,2013.1035499999998,5088.41474
901,5A,Buffalo,0.35000000000000003,0.4,928.4351600000001,2099.75267,1981.5285599999997,5009.71639
902,5A,Buffalo,0.35000000000000003,0.55,880.7066400000001,2294.83987,2073.3715599999996,5248.91807
903,5A,Buffalo,0.35000000000000003,0.5,897.9314,2228.8395899999996,2044.96357,5171.734559999999
904,5A,Buffalo,0.35000000000000003,0.6000000000000001,871.40592,2363.4687599999997,2105.67496,5340.549639999999
905,5A,Buffalo,0.35000000000000003,0.65,863.64448,2434.12453,2138.20005,5435.969059999999
906,5A,Buffalo,0.35000000000000003,0.7000000000000001,859.6987200000001,2505.31869,2170.63013,5535.64754
907,5A,Buffalo,0.35000000000000003,0.75,855.34104,2577.24126,2203.1552199999996,5635.73752
908,5A,Buffalo,0.35000000000000003,0.8500000000000001,848.24084,2725.26684,2268.39542,5841.9030999999995
909,5A,Buffalo,0.35000000000000003,0.8,850.71236,2650.39896,2235.74365,5736.85497
910,5A,Buffalo,0.35000000000000003,0.9500000000000001,849.30316,2875.7943499999997,2333.1289,6058.226409999999
911,5A,Buffalo,0.35000000000000003,0.9,848.19748,2801.6548799999996,2300.9838499999996,5950.8362099999995
912,5A,Buffalo,0.45,0.01,1174.9367600000003,1846.20265,1763.6706299999998,4784.81004
913,5A,Buffalo,0.45,0.15000000000000002,1220.29132,1777.9537999999998,1843.13066,4841.375779999999
914,5A,Buffalo,0.45,0.1,1241.57024,1769.14954,1813.39253,4824.11231
915,5A,Buffalo,0.45,0.25,1145.65792,1874.8639999999998,1895.2278099999996,4915.7497299999995
916,5A,Buffalo,0.45,0.2,1179.43536,1823.3685799999998,1868.8467,4871.65064
917,5A,Buffalo,0.45,0.30000000000000004,1116.3032,1928.0695999999998,1922.0522999999998,4966.4251
918,5A,Buffalo,0.45,0.35000000000000003,1089.30076,1984.98059,1949.4151799999997,5023.69653
919,5A,Buffalo,0.45,0.45,1046.0925200000001,2102.2545999999998,2008.0046799999998,5156.3517999999995
920,5A,Buffalo,0.45,0.4,1066.13568,2044.0451399999997,1977.7914999999998,5087.972319999999
921,5A,Buffalo,0.45,0.55,1005.8869600000002,2225.10253,2065.77076,5296.76025
922,5A,Buffalo,0.45,0.5,1028.8569200000002,2162.55428,2038.5028899999998,5229.91409
923,5A,Buffalo,0.45,0.6000000000000001,993.24752,2290.3110599999995,2096.90237,5380.460949999999
924,5A,Buffalo,0.45,0.65,982.8736400000001,2357.26144,2128.28734,5468.422420000001
925,5A,Buffalo,0.45,0.7000000000000001,975.4157200000001,2424.6552,2159.83066,5559.90158
926,5A,Buffalo,0.45,0.75,970.9604800000001,2492.49234,2191.43732,5654.8901399999995
927,5A,Buffalo,0.45,0.8500000000000001,958.42944,2632.2520499999996,2255.03068,5845.712169999999
928,5A,Buffalo,0.45,0.8,963.7627200000001,2561.91298,2223.234,5748.9097
929,5A,Buffalo,0.45,0.9500000000000001,954.8305600000001,2774.79872,2317.5789299999997,6047.20821
930,5A,Buffalo,0.45,0.9,954.2018400000001,2705.8848,2286.85903,5946.94567
931,5A,Buffalo,0.4,0.01,1088.74792,1857.7622,1762.7522,4709.26232
932,5A,Buffalo,0.4,0.15000000000000002,1141.67964,1794.35886,1842.5605999999998,4778.599099999999
933,5A,Buffalo,0.4,0.1,1160.94232,1788.6582599999997,1812.5691100000001,4762.16969
934,5A,Buffalo,0.4,0.25,1071.21964,1893.9926799999998,1895.4178299999999,4860.630149999999
935,5A,Buffalo,0.4,0.2,1104.0756800000001,1841.13545,1868.7200199999997,4813.93115
936,5A,Buffalo,0.4,0.30000000000000004,1043.1874,1949.7318799999998,1922.7173699999998,4915.63665
937,5A,Buffalo,0.4,0.35000000000000003,1018.51556,2009.68319,1950.52363,4978.72238
938,5A,Buffalo,0.4,0.45,978.1148800000001,2130.47257,2010.1899099999998,5118.77736
939,5A,Buffalo,0.4,0.4,997.5401600000001,2070.2679,1979.4066699999998,5047.21473
940,5A,Buffalo,0.4,0.55,943.0149600000001,2258.1343399999996,2069.15945,5270.30875
941,5A,Buffalo,0.4,0.5,962.8413200000001,2193.6225499999996,2041.3215199999997,5197.785389999999
942,5A,Buffalo,0.4,0.6000000000000001,931.5787600000001,2325.08472,2100.86112,5357.524600000001
943,5A,Buffalo,0.4,0.65,922.5056800000001,2393.6186,2132.81615,5448.940430000001
944,5A,Buffalo,0.4,0.7000000000000001,917.4976,2462.6592,2164.83452,5544.99132
945,5A,Buffalo,0.4,0.75,912.84724,2532.45988,2196.8845599999995,5642.19168
946,5A,Buffalo,0.4,0.8500000000000001,903.1237600000001,2676.08333,2261.33301,5840.5401
947,5A,Buffalo,0.4,0.8,906.8635600000001,2603.7807199999997,2229.12462,5739.7689
948,5A,Buffalo,0.4,0.9500000000000001,902.60344,2823.0954699999998,2325.0213799999997,6050.720289999999
949,5A,Buffalo,0.4,0.9,900.3704000000001,2751.0778899999996,2293.50973,5944.95802
950,5A,Buffalo,0.55,0.01,1341.1681600000002,1826.44057,1765.66584,4933.27457
951,5A,Buffalo,0.55,0.15000000000000002,1372.615,1751.8893899999998,1845.25255,4969.75694
952,5A,Buffalo,0.55,0.1,1399.96432,1729.8154,1815.3244,4945.10412
953,5A,Buffalo,0.55,0.25,1290.8272,1842.7822899999999,1895.5761799999998,5029.18567
954,5A,Buffalo,0.55,0.2,1327.15204,1794.2638499999998,1869.95515,4991.37104
955,5A,Buffalo,0.55,0.30000000000000004,1259.1743999999999,1892.4725199999998,1921.5772499999998,5073.2241699999995
956,5A,Buffalo,0.55,0.35000000000000003,1230.2749600000002,1945.13973,1948.2750599999997,5123.6897500000005
957,5A,Buffalo,0.55,0.45,1180.9746400000001,2054.46457,2005.0276999999999,5240.46691
958,5A,Buffalo,0.55,0.4,1204.324,1999.83382,1975.6062699999998,5179.764090000001
959,5A,Buffalo,0.55,0.55,1134.9696800000002,2169.49001,2061.02026,5365.47995
960,5A,Buffalo,0.55,0.5,1159.79328,2111.18554,2034.6074800000001,5305.586300000001
961,5A,Buffalo,0.55,0.6000000000000001,1116.9861200000003,2231.18317,2091.1067599999997,5439.2760499999995
962,5A,Buffalo,0.55,0.65,1103.73964,2294.64985,2121.4466199999997,5519.836109999999
963,5A,Buffalo,0.55,0.7000000000000001,1094.11372,2358.93995,2151.9764999999998,5605.03017
964,5A,Buffalo,0.55,0.75,1085.53928,2423.5150799999997,2182.6964,5691.750759999999
965,5A,Buffalo,0.55,0.8500000000000001,1069.61532,2556.90912,2244.51624,5871.04068
966,5A,Buffalo,0.55,0.8,1078.2439600000002,2490.1487599999996,2213.54298,5781.9357
967,5A,Buffalo,0.55,0.9500000000000001,1060.50972,2691.09491,2304.68924,6056.2938699999995
968,5A,Buffalo,0.55,0.9,1063.33896,2626.74147,2275.52117,5965.6016
969,5A,Buffalo,0.5,0.01,1259.5212800000002,1835.56153,1764.5890599999998,4859.67187
970,5A,Buffalo,0.5,0.15000000000000002,1297.17944,1763.6389599999998,1844.0490899999998,4904.86749
971,5A,Buffalo,0.5,0.1,1321.9922000000001,1749.00742,1814.27929,4885.27891
972,5A,Buffalo,0.5,0.25,1218.6870000000001,1857.95222,1895.2594800000002,4971.8987
973,5A,Buffalo,0.5,0.2,1253.65684,1807.59692,1869.22674,4930.4805
974,5A,Buffalo,0.5,0.30000000000000004,1188.0856800000001,1908.9725899999999,1921.6405899999997,5018.6988599999995
975,5A,Buffalo,0.5,0.35000000000000003,1159.9342,1963.6666799999998,1948.6867699999998,5072.28765
976,5A,Buffalo,0.5,0.45,1114.11352,2077.1719599999997,2006.3261699999998,5197.611649999999
977,5A,Buffalo,0.5,0.4,1135.29488,2020.6093399999997,1976.5247,5132.428919999999
978,5A,Buffalo,0.5,0.55,1070.24404,2195.77611,2063.14215,5329.1623
979,5A,Buffalo,0.5,0.5,1093.7776800000001,2135.34975,2036.31766,5265.44509
980,5A,Buffalo,0.5,0.6000000000000001,1054.9488000000001,2259.08444,2093.67203,5407.70527
981,5A,Buffalo,0.5,0.65,1042.60204,2324.3563099999997,2124.51861,5491.47696
982,5A,Buffalo,0.5,0.7000000000000001,1034.3202800000001,2390.1349,2155.55521,5580.0103899999995
983,5A,Buffalo,0.5,0.75,1028.3366,2456.3251999999998,2186.7184899999997,5671.380289999999
984,5A,Buffalo,0.5,0.8500000000000001,1013.4316,2592.7595599999995,2249.4250899999997,5855.616249999999
985,5A,Buffalo,0.5,0.8,1020.8353200000001,2524.06733,2218.00845,5762.911099999999
986,5A,Buffalo,0.5,0.9500000000000001,1007.2744800000002,2731.15746,2310.76988,6049.20182
987,5A,Buffalo,0.5,0.9,1008.38016,2664.04873,2280.90507,5953.33396
988,5A,Buffalo,0.6000000000000001,0.01,1419.75816,1818.2063699999999,1766.8692999999998,5004.83383
989,5A,Buffalo,0.6000000000000001,0.15000000000000002,1447.0641200000002,1741.56497,1846.6460299999999,5035.27512
990,5A,Buffalo,0.6000000000000001,0.1,1476.41884,1718.03416,1816.6862099999998,5011.139209999999
991,5A,Buffalo,0.6000000000000001,0.25,1362.3278400000002,1828.5624599999999,1896.0195599999997,5086.90986
992,5A,Buffalo,0.6000000000000001,0.2,1399.0429200000003,1782.3242599999999,1870.9685899999997,5052.33577
993,5A,Buffalo,0.6000000000000001,0.30000000000000004,1329.4826400000002,1877.9993299999999,1921.92562,5129.40759
994,5A,Buffalo,0.6000000000000001,0.35000000000000003,1299.42332,1928.57632,1948.1800499999997,5176.17969
995,5A,Buffalo,0.6000000000000001,0.45,1246.73008,2034.70249,2004.20428,5285.63685
996,5A,Buffalo,0.6000000000000001,0.4,1272.2582800000002,1981.9719400000001,1975.09955,5229.32977
997,5A,Buffalo,0.6000000000000001,0.55,1198.73056,2146.0858799999996,2059.4050899999997,5404.221529999999
998,5A,Buffalo,0.6000000000000001,0.5,1225.72216,2089.6499400000002,2033.4040199999997,5348.77612
999,5A,Buffalo,0.6000000000000001,0.6000000000000001,1180.60608,2206.0055199999997,2089.1115499999996,5475.72315
1000,5A,Buffalo,0.6000000000000001,0.65,1164.7471600000001,2268.11039,2119.00803,5551.86558
1001,5A,Buffalo,0.6000000000000001,0.7000000000000001,1153.89632,2330.6586399999997,2149.09453,5633.64949
1002,5A,Buffalo,0.6000000000000001,0.75,1143.9126800000001,2393.77695,2179.33938,5717.02901
1003,5A,Buffalo,0.6000000000000001,0.8500000000000001,1125.85324,2524.32069,2240.20912,5890.38305
1004,5A,Buffalo,0.6000000000000001,0.8,1134.8396000000002,2458.9538099999995,2209.71091,5803.50432
1005,5A,Buffalo,0.6000000000000001,0.9500000000000001,1114.21108,2654.5477300000002,2299.17866,6067.937470000001
1006,5A,Buffalo,0.6000000000000001,0.9,1118.53624,2592.56954,2270.8340099999996,5981.939789999999
1007,5A,Buffalo,0.65,0.01,1494.9877600000002,1811.08062,1768.23111,5074.29949
1008,5A,Buffalo,0.65,0.15000000000000002,1519.26936,1734.02751,1849.78136,5103.07823
1009,5A,Buffalo,0.65,0.1,1551.16064,1704.3210499999998,1819.4731699999998,5074.95486
1010,5A,Buffalo,0.65,0.25,1430.79328,1823.40025,1901.7834999999998,5155.97703
1011,5A,Buffalo,0.65,0.2,1468.6790799999999,1776.59199,1875.6240799999998,5120.895149999999
1012,5A,Buffalo,0.65,0.30000000000000004,1396.9941600000002,1873.8505599999996,1928.92469,5199.76941
1013,5A,Buffalo,0.65,0.35000000000000003,1366.8698000000002,1924.7759199999998,1955.87586,5247.5215800000005
1014,5A,Buffalo,0.65,0.45,1312.85408,2029.25525,2012.97687,5355.0862
1015,5A,Buffalo,0.65,0.4,1338.7942,1977.28478,1983.77713,5299.856110000001
1016,5A,Buffalo,0.65,0.55,1264.84372,2137.97836,2067.86098,5470.683059999999
1017,5A,Buffalo,0.65,0.5,1291.1849200000001,2083.47429,2042.1449400000001,5416.80415
1018,5A,Buffalo,0.65,0.6000000000000001,1245.4401200000002,2195.80778,2096.77569,5538.023590000001
1019,5A,Buffalo,0.65,0.65,1228.1286400000001,2259.8445199999996,2127.40058,5615.373739999999
1020,5A,Buffalo,0.65,0.7000000000000001,1216.6707600000002,2320.7142599999997,2156.56865,5693.95367
1021,5A,Buffalo,0.65,0.75,1205.3754800000002,2383.6108799999997,2186.0534199999997,5775.039779999999
1022,5A,Buffalo,0.65,0.8500000000000001,1185.55996,2512.47611,2246.06807,5944.1041399999995
1023,5A,Buffalo,0.65,0.8,1194.4596000000001,2447.20424,2216.0132399999998,5857.6770799999995
1024,5A,Buffalo,0.65,0.9500000000000001,1170.2322,2641.49969,2304.9426,6116.674489999999
1025,5A,Buffalo,0.65,0.9,1175.87984,2578.4130499999997,2276.28125,6030.57414
1026,5A,Buffalo,0.7000000000000001,0.01,1568.3854000000001,1804.46159,1769.7195999999997,5142.566589999999
1027,5A,Buffalo,0.7000000000000001,0.15000000000000002,1587.1169200000002,1727.3451399999997,1853.1383799999999,5167.60044
1028,5A,Buffalo,0.7000000000000001,0.1,1622.0434,1693.77494,1822.41848,5138.23682
1029,5A,Buffalo,0.7000000000000001,0.25,1498.4132,1819.31482,1908.1174999999998,5225.84552
1030,5A,Buffalo,0.7000000000000001,0.2,1537.0252800000003,1772.0315099999998,1880.62794,5189.68473
1031,5A,Buffalo,0.7000000000000001,0.30000000000000004,1462.9122,1871.53865,1936.52549,5270.97634
1032,5A,Buffalo,0.7000000000000001,0.35000000000000003,1432.6902800000003,1922.8123799999998,1964.3317499999998,5319.8344099999995
1033,5A,Buffalo,0.7000000000000001,0.45,1377.6556000000003,2026.4049499999999,2022.6995599999998,5426.76011
1034,5A,Buffalo,0.7000000000000001,0.4,1404.06184,1974.24446,1993.2464599999998,5371.5527600000005
1035,5A,Buffalo,0.7000000000000001,0.55,1330.05716,2132.9745,2077.6470099999997,5540.678669999999
1036,5A,Buffalo,0.7000000000000001,0.5,1355.69376,2079.99059,2051.7726199999997,5487.456969999999
1037,5A,Buffalo,0.7000000000000001,0.6000000000000001,1310.45844,2189.3471,2105.76997,5605.575510000001
1038,5A,Buffalo,0.7000000000000001,0.65,1291.78112,2254.6823099999997,2136.6165499999997,5683.0799799999995
1039,5A,Buffalo,0.7000000000000001,0.7000000000000001,1279.3151200000002,2313.90521,2164.7711799999997,5757.99151
1040,5A,Buffalo,0.7000000000000001,0.75,1266.1336800000001,2375.34501,2193.43253,5834.91122
1041,5A,Buffalo,0.7000000000000001,0.8500000000000001,1244.20436,2502.0883499999995,2252.43374,5998.72645
1042,5A,Buffalo,0.7000000000000001,0.8,1253.8519600000002,2437.70324,2222.8856299999998,5914.44083
1043,5A,Buffalo,0.7000000000000001,0.9500000000000001,1225.6246,2631.01692,2311.02324,6167.66476
1044,5A,Buffalo,0.7000000000000001,0.9,1234.2966000000001,2567.29688,2282.10853,6083.70201
1045,5A,Buffalo,0.75,0.01,1639.40908,1798.4126199999998,1771.3030999999999,5209.1248
1046,5A,Buffalo,0.75,0.15000000000000002,1652.1786000000002,1722.1195899999998,1856.8120999999996,5231.11029
1047,5A,Buffalo,0.75,0.1,1691.4194,1685.85744,1825.61715,5202.8939900000005
1048,5A,Buffalo,0.75,0.25,1564.0927600000002,1817.858,1915.2749199999998,5297.22568
1049,5A,Buffalo,0.75,0.2,1603.53952,1768.9595199999997,1886.17019,5258.6692299999995
1050,5A,Buffalo,0.75,0.30000000000000004,1527.2259200000003,1870.49354,1944.79136,5342.51082
1051,5A,Buffalo,0.75,0.35000000000000003,1496.54872,1923.41411,1973.70607,5393.6689
1052,5A,Buffalo,0.75,0.45,1441.1129600000002,2025.67654,2033.43569,5500.22519
1053,5A,Buffalo,0.75,0.4,1468.10456,1973.80108,2003.79257,5445.6982100000005
1054,5A,Buffalo,0.75,0.55,1394.8912,2131.45434,2088.88986,5615.2354
1055,5A,Buffalo,0.75,0.5,1418.78256,2078.85047,2062.50875,5560.14178
1056,5A,Buffalo,0.75,0.6000000000000001,1374.2952,2185.73672,2116.0943899999997,5676.12631
1057,5A,Buffalo,0.75,0.65,1355.0,2251.70533,2146.87763,5753.58296
1058,5A,Buffalo,0.75,0.7000000000000001,1340.8429600000002,2309.40807,2173.70212,5823.95315
1059,5A,Buffalo,0.75,0.75,1326.18728,2369.20103,2201.47671,5896.86502
1060,5A,Buffalo,0.75,0.8500000000000001,1302.82708,2493.91749,2259.2744599999996,6056.0190299999995
1061,5A,Buffalo,0.75,0.8,1313.63456,2430.92586,2230.3280799999998,5974.888499999999
1062,5A,Buffalo,0.75,0.9500000000000001,1281.03868,2621.04087,2317.00887,6219.08842
1063,5A,Buffalo,0.75,0.9,1291.315,2557.57419,2288.25251,6137.1417
1064,5A,Buffalo,0.8500000000000001,0.01,1775.92804,1787.04309,1774.3117499999998,5337.28288
1065,5A,Buffalo,0.8500000000000001,0.15000000000000002,1786.82224,1708.05811,1859.72574,5354.60609
1066,5A,Buffalo,0.8500000000000001,0.1,1830.19308,1674.0762,1828.4674499999999,5332.73673
1067,5A,Buffalo,0.8500000000000001,0.25,1696.75268,1803.41648,1920.31045,5420.47961
1068,5A,Buffalo,0.8500000000000001,0.2,1737.5436000000002,1754.92971,1890.3822999999998,5382.8556100000005
1069,5A,Buffalo,0.8500000000000001,0.30000000000000004,1658.80184,1853.5817599999998,1949.89023,5462.27383
1070,5A,Buffalo,0.8500000000000001,0.35000000000000003,1625.98916,1907.13573,1979.5016799999999,5512.62657
1071,5A,Buffalo,0.8500000000000001,0.45,1568.277,2005.15438,2039.2313,5612.662679999999
1072,5A,Buffalo,0.8500000000000001,0.4,1595.8106000000002,1955.52749,2009.74653,5561.08462
1073,5A,Buffalo,0.8500000000000001,0.55,1519.99564,2109.82373,2095.7622499999998,5725.58162
1074,5A,Buffalo,0.8500000000000001,0.5,1543.0631600000002,2056.71314,2068.01933,5667.7956300000005
1075,5A,Buffalo,0.8500000000000001,0.6000000000000001,1499.46468,2161.9208799999997,2122.27004,5783.6556
1076,5A,Buffalo,0.8500000000000001,0.65,1476.68984,2227.06607,2152.9266,5856.68251
1077,5A,Buffalo,0.8500000000000001,0.7000000000000001,1459.3892,2282.33022,2178.6426399999996,5920.3620599999995
1078,5A,Buffalo,0.8500000000000001,0.75,1442.7606400000002,2339.43123,2205.40379,5987.595660000001
1079,5A,Buffalo,0.8500000000000001,0.8500000000000001,1416.4953200000002,2461.04403,2261.83973,6139.379080000001
1080,5A,Buffalo,0.8500000000000001,0.8,1428.4301600000001,2399.50922,2233.5900899999997,6061.5294699999995
1081,5A,Buffalo,0.8500000000000001,0.9500000000000001,1390.16496,2584.17699,2318.2439999999997,6292.58595
1082,5A,Buffalo,0.8500000000000001,0.9,1403.4222800000002,2521.97711,2290.0577,6215.45709
1083,5A,Buffalo,0.8,0.01,1708.2647600000003,1792.3003099999996,1772.63324,5273.19831
1084,5A,Buffalo,0.8,0.15000000000000002,1721.94484,1713.6003600000001,1857.6038499999997,5293.14905
1085,5A,Buffalo,0.8,0.1,1762.7357600000003,1678.6683499999997,1826.53558,5267.93969
1086,5A,Buffalo,0.8,0.25,1632.5256800000002,1809.9088299999999,1917.96687,5360.40138
1087,5A,Buffalo,0.8,0.2,1672.7204,1760.8519999999999,1888.0703899999999,5321.64279
1088,5A,Buffalo,0.8,0.30000000000000004,1595.3770000000002,1861.34091,1947.8000099999997,5404.51792
1089,5A,Buffalo,0.8,0.35000000000000003,1563.5941200000002,1915.3699299999998,1977.4747999999997,5456.43885
1090,5A,Buffalo,0.8,0.45,1506.80336,2015.7955,2037.6477999999997,5560.24666
1091,5A,Buffalo,0.8,0.4,1534.36948,1964.8701399999998,2007.878,5507.11762
1092,5A,Buffalo,0.8,0.55,1460.33228,2122.61841,2094.84382,5677.79451
1093,5A,Buffalo,0.8,0.5,1483.17216,2068.77941,2066.87921,5618.83078
1094,5A,Buffalo,0.8,0.6000000000000001,1439.94224,2176.01403,2121.76332,5737.71959
1095,5A,Buffalo,0.8,0.65,1418.04544,2242.9327399999997,2152.98994,5813.9681199999995
1096,5A,Buffalo,0.8,0.7000000000000001,1401.883,2300.0970899999998,2179.33938,5881.31947
1097,5A,Buffalo,0.8,0.75,1386.4360000000001,2358.68659,2206.60725,5951.72984
1098,5A,Buffalo,0.8,0.8500000000000001,1362.13272,2483.21303,2264.0883,6109.43405
1099,5A,Buffalo,0.8,0.8,1373.22204,2420.1580599999998,2235.33194,6028.71204
1100,5A,Buffalo,0.8,0.9500000000000001,1336.65872,2609.19629,2321.6010199999996,6267.456029999999
1101,5A,Buffalo,0.8,0.9,1348.9512800000002,2545.5712599999997,2292.78132,6187.30386
1102,5A,Buffalo,0.9500000000000001,0.01,1922.4089600000002,1778.20716,1777.92213,5478.53825
1103,5A,Buffalo,0.9500000000000001,0.15000000000000002,1913.33588,1698.20874,1864.3495599999997,5475.894179999999
1104,5A,Buffalo,0.9500000000000001,0.1,1962.12672,1662.9917,1832.7429,5457.86132
1105,5A,Buffalo,0.9500000000000001,0.25,1821.2067200000001,1792.8387,1925.6626799999997,5539.7081
1106,5A,Buffalo,0.9500000000000001,0.2,1863.8946400000002,1745.1436799999997,1895.4811699999998,5504.51949
1107,5A,Buffalo,0.9500000000000001,0.30000000000000004,1781.7491200000002,1842.0222099999999,1955.14745,5578.91878
1108,5A,Buffalo,0.9500000000000001,0.35000000000000003,1747.18036,1891.74411,1984.0304899999999,5622.95496
1109,5A,Buffalo,0.9500000000000001,0.45,1687.32188,1988.0525799999998,2043.2850599999997,5718.659519999999
1110,5A,Buffalo,0.9500000000000001,0.4,1715.9503200000001,1940.64259,2014.3386799999998,5670.93159
1111,5A,Buffalo,0.9500000000000001,0.55,1635.39828,2087.71807,2098.39086,5821.50721
1112,5A,Buffalo,0.9500000000000001,0.5,1659.7557600000002,2037.2677599999997,2071.47136,5768.49488
1113,5A,Buffalo,0.9500000000000001,0.6000000000000001,1614.6505200000001,2137.4082999999996,2124.0435599999996,5876.102379999999
1114,5A,Buffalo,0.9500000000000001,0.65,1589.78356,2200.0198899999996,2153.81336,5943.6168099999995
1115,5A,Buffalo,0.9500000000000001,0.7000000000000001,1571.3989200000003,2251.76867,2178.2309299999997,6001.39852
1116,5A,Buffalo,0.9500000000000001,0.75,1553.8164400000003,2305.7343499999997,2203.85196,6063.40275
1117,5A,Buffalo,0.9500000000000001,0.8500000000000001,1525.5132,2421.64655,2258.2293499999996,6205.389099999999
1118,5A,Buffalo,0.9500000000000001,0.8,1537.9900400000001,2362.7086799999997,2231.02482,6131.72354
1119,5A,Buffalo,0.9500000000000001,0.9500000000000001,1496.7980400000001,2539.04724,2312.48006,6348.325339999999
1120,5A,Buffalo,0.9500000000000001,0.9,1510.7057600000003,2479.9193499999997,2285.46555,6276.09066
1121,5A,Buffalo,0.9,0.01,1842.8325200000002,1782.48261,1776.0219299999999,5401.33706
1122,5A,Buffalo,0.9,0.15000000000000002,1850.7132000000001,1702.8959,1862.0059800000001,5415.6150800000005
1123,5A,Buffalo,0.9,0.1,1895.8834800000002,1668.7239699999998,1830.5259999999998,5395.133449999999
1124,5A,Buffalo,0.9,0.25,1759.89568,1797.4941900000001,1922.84405,5480.23392
1125,5A,Buffalo,0.9,0.2,1801.41288,1749.5141399999998,1892.8525599999998,5443.77958
1126,5A,Buffalo,0.9,0.30000000000000004,1720.8174800000002,1847.37444,1952.3921599999999,5520.5840800000005
1127,5A,Buffalo,0.9,0.35000000000000003,1687.1809600000001,1899.3765799999999,1981.71858,5568.2761199999995
1128,5A,Buffalo,0.9,0.45,1628.55824,1996.0334199999998,2041.1315,5665.72316
1129,5A,Buffalo,0.9,0.4,1656.38452,1947.64166,2011.9000899999999,5615.92627
1130,5A,Buffalo,0.9,0.55,1578.42324,2097.7891299999997,2096.8707,5773.08307
1131,5A,Buffalo,0.9,0.5,1601.5341200000003,2046.5154,2069.60283,5717.65235
1132,5A,Buffalo,0.9,0.6000000000000001,1557.28524,2149.1262,2122.99845,5829.40989
1133,5A,Buffalo,0.9,0.65,1533.2529600000003,2212.6878899999997,2153.21163,5899.15248
1134,5A,Buffalo,0.9,0.7000000000000001,1515.5078800000001,2266.1785199999995,2178.2625999999996,5959.948999999999
1135,5A,Buffalo,0.9,0.75,1498.6191600000002,2321.91772,2204.51703,6025.0539100000005
1136,5A,Buffalo,0.9,0.8500000000000001,1471.51916,2440.61688,2259.93953,6172.075570000001
1137,5A,Buffalo,0.9,0.8,1483.46484,2380.28553,2232.13327,6095.88364
1138,5A,Buffalo,0.9,0.9500000000000001,1443.84464,2560.89954,2315.2036799999996,6319.947859999999
1139,5A,Buffalo,0.9,0.9,1457.44884,2499.93479,2287.61911,6245.00274
1140,5B,Denver,0.01,0.01,278.45792,2152.67324,1754.32798,4185.45914
1141,5B,Denver,0.01,0.15000000000000002,647.06128,2246.92316,1879.2027899999998,4773.1872299999995
1142,5B,Denver,0.01,0.1,524.5367600000001,2287.36575,1831.95115,4643.85366
1143,5B,Denver,0.01,0.25,657.2834,2462.7225399999998,1973.5160499999997,5093.521989999999
1144,5B,Denver,0.01,0.2,666.96352,2342.69324,1926.1377300000001,4935.79449
1145,5B,Denver,0.01,0.30000000000000004,650.942,2593.3929599999997,2019.8175899999999,5264.15255
1146,5B,Denver,0.01,0.35000000000000003,646.61684,2724.22173,2065.89744,5436.7360100000005
1147,5B,Denver,0.01,0.45,635.2998800000001,3001.8726199999996,2177.43918,5814.61168
1148,5B,Denver,0.01,0.4,641.4028000000001,2861.7012,2120.24316,5623.34716
1149,5B,Denver,0.01,0.55,624.17804,3253.9974899999997,2287.9358099999995,6166.1113399999995
1150,5B,Denver,0.01,0.5,630.4544000000001,3129.4710499999997,2232.19661,5992.12206
1151,5B,Denver,0.01,0.6000000000000001,621.3921600000001,3375.4836099999998,2344.08672,6340.96249
1152,5B,Denver,0.01,0.65,617.76076,3494.84784,2400.77602,6513.384619999999
1153,5B,Denver,0.01,0.7000000000000001,614.7364000000001,3611.4567799999995,2457.9720399999997,6684.165219999999
1154,5B,Denver,0.01,0.75,608.9261600000001,3728.5090999999998,2515.26307,6852.69833
1155,5B,Denver,0.01,0.8500000000000001,600.0915600000001,3976.77023,2631.1119299999996,7207.97372
1156,5B,Denver,0.01,0.8,604.89368,3847.1765899999996,2573.09249,7025.162759999999
1157,5B,Denver,0.01,0.9500000000000001,590.0862400000001,4243.1466,2748.16425,7581.39709
1158,5B,Denver,0.01,0.9,594.8558400000001,4102.025079999999,2689.5747499999998,7386.455669999999
1159,5B,Denver,0.05,0.01,327.93168000000003,2096.30064,1739.03137,4163.26369
1160,5B,Denver,0.05,0.15000000000000002,676.56776,2169.20498,1859.1556799999998,4704.92842
1161,5B,Denver,0.05,0.1,563.6149600000001,2208.41244,1813.51921,4585.546609999999
1162,5B,Denver,0.05,0.25,679.60296,2381.67901,1951.22037,5012.50234
1163,5B,Denver,0.05,0.2,692.0798000000001,2263.42323,1904.6337999999998,4860.1368299999995
1164,5B,Denver,0.05,0.30000000000000004,673.60844,2509.08742,1997.14187,5179.837729999999
1165,5B,Denver,0.05,0.35000000000000003,665.6844000000001,2637.69929,2042.20828,5345.59197
1166,5B,Denver,0.05,0.45,653.8796400000001,2913.3866399999997,2151.91316,5719.17944
1167,5B,Denver,0.05,0.4,659.9392,2774.6086999999998,2095.82559,5530.37349
1168,5B,Denver,0.05,0.55,643.1372,3163.70632,2260.06621,6066.909729999999
1169,5B,Denver,0.05,0.5,648.65476,3040.2249899999997,2205.5621399999995,5894.441889999999
1170,5B,Denver,0.05,0.6000000000000001,637.3594800000001,3285.95252,2315.45704,6238.769039999999
1171,5B,Denver,0.05,0.65,632.243,3405.00005,2371.22791,6408.470960000001
1172,5B,Denver,0.05,0.7000000000000001,628.4056400000001,3521.7356699999996,2427.34715,6577.4884600000005
1173,5B,Denver,0.05,0.75,624.25392,3637.90123,2483.97311,6746.1282599999995
1174,5B,Denver,0.05,0.8500000000000001,612.90444,3882.2352799999994,2597.9217699999995,7093.061489999998
1175,5B,Denver,0.05,0.8,619.26752,3756.4420399999995,2540.8840999999998,6916.593659999999
1176,5B,Denver,0.05,0.9500000000000001,603.4844800000001,4145.31797,2713.54894,7462.35139
1177,5B,Denver,0.05,0.9,608.86112,4008.34522,2655.5294999999996,7272.73584
1178,5B,Denver,0.15000000000000002,0.01,468.16876,2007.2445999999998,1716.41899,4191.83235
1179,5B,Denver,0.15000000000000002,0.15000000000000002,768.9137200000001,2012.12178,1822.7985199999998,4603.83402
1180,5B,Denver,0.15000000000000002,0.1,676.6328000000001,2087.9397599999998,1780.2340399999998,4544.8066
1181,5B,Denver,0.15000000000000002,0.25,756.7295600000001,2214.9681299999997,1907.92748,4879.62517
1182,5B,Denver,0.15000000000000002,0.2,772.92452,2104.31315,1864.06453,4741.3022
1183,5B,Denver,0.15000000000000002,0.30000000000000004,746.0521600000001,2334.80741,1952.26548,5033.125050000001
1184,5B,Denver,0.15000000000000002,0.35000000000000003,736.06852,2457.5919999999996,1995.9700799999998,5189.6305999999995
1185,5B,Denver,0.15000000000000002,0.45,715.9169600000001,2726.09026,2100.76611,5542.77333
1186,5B,Denver,0.15000000000000002,0.4,724.02528,2590.7326799999996,2046.8004299999998,5361.558389999999
1187,5B,Denver,0.15000000000000002,0.55,699.4726800000001,2972.19783,2203.88363,5875.55414
1188,5B,Denver,0.15000000000000002,0.5,707.42924,2849.6665999999996,2152.00817,5709.104009999999
1189,5B,Denver,0.15000000000000002,0.6000000000000001,693.0987600000001,3092.10045,2256.77253,6041.97174
1190,5B,Denver,0.15000000000000002,0.65,685.82512,3210.9896299999996,2310.3264999999997,6207.141249999999
1191,5B,Denver,0.15000000000000002,0.7000000000000001,678.45392,3325.85672,2364.3238499999998,6368.63449
1192,5B,Denver,0.15000000000000002,0.75,671.45128,3440.75548,2418.89126,6531.098019999999
1193,5B,Denver,0.15000000000000002,0.8500000000000001,660.3619600000001,3673.8783499999995,2528.94451,6863.184819999999
1194,5B,Denver,0.15000000000000002,0.8,665.26164,3555.0208399999997,2473.68036,6693.96284
1195,5B,Denver,0.15000000000000002,0.9500000000000001,644.438,3930.9437399999997,2640.51792,7215.899659999999
1196,5B,Denver,0.15000000000000002,0.9,652.30784,3799.0698599999996,2584.49369,7035.87139
1197,5B,Denver,0.1,0.01,395.389,2045.34361,1725.6982999999998,4166.43091
1198,5B,Denver,0.1,0.15000000000000002,718.4752,2085.7862,1838.72853,4642.98993
1199,5B,Denver,0.1,0.1,617.38136,2144.85075,1794.70723,4556.93934
1200,5B,Denver,0.1,0.25,715.02808,2292.05291,1927.37286,4934.45385
1201,5B,Denver,0.1,0.2,729.32604,2176.77411,1882.2431100000001,4788.34326
1202,5B,Denver,0.1,0.30000000000000004,707.07152,2415.75593,1972.7876399999998,5095.615089999999
1203,5B,Denver,0.1,0.35000000000000003,698.76808,2541.8342,2016.93562,5257.5379
1204,5B,Denver,0.1,0.45,682.00944,2814.16453,2124.39193,5620.5659
1205,5B,Denver,0.1,0.4,689.99852,2676.84341,2069.38114,5436.22307
1206,5B,Denver,0.1,0.55,669.33748,3062.5840099999996,2229.9480399999998,5961.86953
1207,5B,Denver,0.1,0.5,675.78728,2939.79942,2176.74244,5792.32914
1208,5B,Denver,0.1,0.6000000000000001,663.1370000000001,3183.3100499999996,2283.94539,6130.39244
1209,5B,Denver,0.1,0.65,656.3186400000001,3302.8643,2338.5761399999997,6297.75908
1210,5B,Denver,0.1,0.7000000000000001,650.21572,3418.68149,2393.80862,6462.70583
1211,5B,Denver,0.1,0.75,645.0558800000001,3534.372,2449.23112,6628.659
1212,5B,Denver,0.1,0.8500000000000001,634.47604,3770.3134999999997,2561.18457,6965.974109999999
1213,5B,Denver,0.1,0.8,641.33776,3650.9175999999998,2505.16034,6797.4157
1214,5B,Denver,0.1,0.9500000000000001,622.3352400000001,4033.01615,2674.5948399999997,7329.94623
1215,5B,Denver,0.1,0.9,627.5709600000001,3898.19696,2617.8105299999997,7143.57845
1216,5B,Denver,0.25,0.01,622.3027200000001,1952.96222,1704.92278,4280.18772
1217,5B,Denver,0.25,0.15000000000000002,883.0589200000001,1907.1674,1800.2178099999996,4590.44413
1218,5B,Denver,0.25,0.1,805.17352,1990.83954,1761.3903899999998,4557.40345
1219,5B,Denver,0.25,0.25,849.21644,2093.8620499999997,1878.5693899999997,4821.6478799999995
1220,5B,Denver,0.25,0.2,869.51976,1990.7762,1837.6834199999998,4697.97938
1221,5B,Denver,0.25,0.30000000000000004,833.9537200000001,2205.27711,1920.8488399999999,4960.07967
1222,5B,Denver,0.25,0.35000000000000003,821.14084,2320.6192499999997,1963.06495,5104.82504
1223,5B,Denver,0.25,0.45,792.21972,2578.38138,2063.0471399999997,5433.6482399999995
1224,5B,Denver,0.25,0.4,806.5718800000001,2447.52094,2010.88665,5264.97947
1225,5B,Denver,0.25,0.55,771.28768,2818.15495,2161.98422,5751.42685
1226,5B,Denver,0.25,0.5,782.6696800000001,2698.44235,2112.1039699999997,5593.215999999999
1227,5B,Denver,0.25,0.6000000000000001,762.18208,2936.6007499999996,2212.7829,5911.56573
1228,5B,Denver,0.25,0.65,752.8380000000001,3053.43138,2264.1516399999996,6070.42102
1229,5B,Denver,0.25,0.7000000000000001,744.8380800000001,3166.42994,2316.21712,6227.48514
1230,5B,Denver,0.25,0.75,735.46148,3279.55518,2368.72598,6383.74264
1231,5B,Denver,0.25,0.8500000000000001,718.5836,3505.5523000000003,2475.26386,6699.39976
1232,5B,Denver,0.25,0.8,726.009,3391.12859,2421.83657,6538.97416
1233,5B,Denver,0.25,0.9500000000000001,702.4211600000001,3754.7001899999996,2583.1952199999996,7040.316569999999
1234,5B,Denver,0.25,0.9,709.75984,3629.00196,2529.10286,6867.86466
1235,5B,Denver,0.2,0.01,544.26556,1977.1580999999996,1709.5782699999997,4231.001929999999
1236,5B,Denver,0.2,0.15000000000000002,826.53916,1953.65896,1810.22553,4590.42365
1237,5B,Denver,0.2,0.1,738.8218800000001,2032.5172599999999,1769.56125,4540.90039
1238,5B,Denver,0.2,0.25,801.26028,2149.47457,1891.9024599999998,4842.63731
1239,5B,Denver,0.2,0.2,819.6449200000001,2042.96836,1849.4646599999999,4712.07794
1240,5B,Denver,0.2,0.30000000000000004,789.06528,2264.8800499999998,1935.1003399999997,4989.0456699999995
1241,5B,Denver,0.2,0.35000000000000003,777.65076,2384.05426,1978.13987,5139.84489
1242,5B,Denver,0.2,0.45,752.06836,2647.51699,2080.52898,5480.11433
1243,5B,Denver,0.2,0.4,763.4828800000001,2514.47132,2027.48173,5305.43593
1244,5B,Denver,0.2,0.55,734.0956400000001,2890.99595,2181.55628,5806.64787
1245,5B,Denver,0.2,0.5,742.80016,2769.76319,2130.5992499999998,5643.1626
1246,5B,Denver,0.2,0.6000000000000001,726.2474800000001,3010.29684,2233.2100499999997,5969.75437
1247,5B,Denver,0.2,0.65,718.48604,3128.0142299999998,2285.59223,6132.0925
1248,5B,Denver,0.2,0.7000000000000001,710.06336,3242.34293,2338.6078099999995,6291.014099999999
1249,5B,Denver,0.2,0.75,701.8900000000001,3356.4499399999995,2392.16178,6450.50172
1250,5B,Denver,0.2,0.8500000000000001,686.6923200000001,3588.3693499999995,2500.4415099999997,6775.503179999999
1251,5B,Denver,0.2,0.8,694.0093200000001,3469.16347,2446.1908,6609.363590000001
1252,5B,Denver,0.2,0.9500000000000001,672.1342,3837.7706,2610.2414,7120.1462
1253,5B,Denver,0.2,0.9,680.66528,3709.8238,2555.1039299999998,6945.5930100000005
1254,5B,Denver,0.30000000000000004,0.01,703.91708,1932.6934199999998,1701.9774699999998,4338.58797
1255,5B,Denver,0.30000000000000004,0.15000000000000002,943.4268800000001,1873.3755099999998,1793.94715,4610.74954
1256,5B,Denver,0.30000000000000004,0.1,878.8963600000001,1957.6493799999998,1756.16484,4592.71058
1257,5B,Denver,0.30000000000000004,0.25,897.8230000000001,2058.6766799999996,1872.36207,4828.86175
1258,5B,Denver,0.30000000000000004,0.2,917.4434000000001,1952.4871699999999,1831.19107,4701.12164
1259,5B,Denver,0.30000000000000004,0.30000000000000004,879.7202,2167.6214800000002,1914.7998699999998,4962.14155
1260,5B,Denver,0.30000000000000004,0.35000000000000003,866.3328000000001,2282.07686,1958.1560999999997,5106.5657599999995
1261,5B,Denver,0.30000000000000004,0.45,836.9022,2516.24484,2050.56916,5403.7162
1262,5B,Denver,0.30000000000000004,0.4,851.54704,2399.5408899999998,2002.8741399999997,5253.96207
1263,5B,Denver,0.30000000000000004,0.55,811.01628,2752.62972,2144.88242,5708.52842
1264,5B,Denver,0.30000000000000004,0.5,825.1733200000001,2633.1388099999995,2098.35919,5556.6713199999995
1265,5B,Denver,0.30000000000000004,0.6000000000000001,800.16544,2869.84039,2194.66766,5864.67349
1266,5B,Denver,0.30000000000000004,0.65,790.14928,2986.1009599999998,2245.1813099999995,6021.431549999999
1267,5B,Denver,0.30000000000000004,0.7000000000000001,780.0897600000001,3097.7693799999997,2296.29669,6174.15583
1268,5B,Denver,0.30000000000000004,0.75,771.6779200000001,3209.78617,2348.0137999999997,6329.47789
1269,5B,Denver,0.30000000000000004,0.8500000000000001,751.2662,3433.12301,2452.9365099999995,6637.325719999999
1270,5B,Denver,0.30000000000000004,0.8,761.80268,3320.8528599999995,2400.2693,6482.92484
1271,5B,Denver,0.30000000000000004,0.9500000000000001,734.07396,3676.60197,2558.80932,6969.48525
1272,5B,Denver,0.30000000000000004,0.9,743.12536,3554.0707399999997,2505.88875,6803.084849999999
1273,5B,Denver,0.35000000000000003,0.01,784.72928,1915.49661,1699.95059,4400.17648
1274,5B,Denver,0.35000000000000003,0.15000000000000002,1001.10652,1842.2439,1787.9615199999996,4631.31194
1275,5B,Denver,0.35000000000000003,0.1,949.00948,1931.29994,1751.73104,4632.04046
1276,5B,Denver,0.35000000000000003,0.25,947.2208800000001,2017.63236,1863.05109,4827.90433
1277,5B,Denver,0.35000000000000003,0.2,969.0309600000002,1917.3334699999998,1823.65361,4710.01804
1278,5B,Denver,0.35000000000000003,0.30000000000000004,928.37012,2122.49173,1904.2854299999997,4955.14728
1279,5B,Denver,0.35000000000000003,0.35000000000000003,911.6223200000001,2232.98836,1947.0082599999998,5091.618939999999
1280,5B,Denver,0.35000000000000003,0.45,881.5088000000001,2461.4874099999997,2037.2044199999998,5380.200629999999
1281,5B,Denver,0.35000000000000003,0.4,896.4354800000001,2347.5387499999997,1990.4278299999999,5234.402059999999
1282,5B,Denver,0.35000000000000003,0.55,852.15408,2693.78686,2129.90251,5675.84345
1283,5B,Denver,0.35000000000000003,0.5,867.18916,2576.1011399999998,2084.26604,5527.556339999999
1284,5B,Denver,0.35000000000000003,0.6000000000000001,839.02684,2809.5723799999996,2178.67431,5827.2735299999995
1285,5B,Denver,0.35000000000000003,0.65,828.6529600000001,2924.69283,2228.3328699999997,5981.67866
1286,5B,Denver,0.35000000000000003,0.7000000000000001,818.06228,3035.4428199999998,2278.6248299999997,6132.129929999999
1287,5B,Denver,0.35000000000000003,0.75,807.7859600000002,3145.9711199999997,2329.55019,6283.307269999999
1288,5B,Denver,0.35000000000000003,0.8500000000000001,787.92708,3366.8693699999994,2432.9527399999997,6587.7491899999995
1289,5B,Denver,0.35000000000000003,0.8,798.7345600000001,3256.0243699999996,2380.9822699999995,6435.7411999999995
1290,5B,Denver,0.35000000000000003,0.9500000000000001,768.64272,3608.3214499999995,2537.05203,6914.016199999999
1291,5B,Denver,0.35000000000000003,0.9,777.53152,3486.83533,2485.20824,6749.57509
1292,5B,Denver,0.45,0.01,945.4539600000002,1886.9619400000001,1697.8287,4530.2446
1293,5B,Denver,0.45,0.15000000000000002,1120.88852,1795.65733,1779.82233,4696.3681799999995
1294,5B,Denver,0.45,0.1,1092.0216,1868.46666,1746.2838,4706.77206
1295,5B,Denver,0.45,0.25,1047.85944,1953.2155799999998,1849.4646599999999,4850.53968
1296,5B,Denver,0.45,0.2,1073.0516,1863.4944699999999,1812.9491500000001,4749.49522
1297,5B,Denver,0.45,0.30000000000000004,1026.51548,2049.74574,1888.2604099999999,4964.521629999999
1298,5B,Denver,0.45,0.35000000000000003,1005.45336,2152.4832199999996,1928.95636,5086.89294
1299,5B,Denver,0.45,0.45,969.7247200000002,2369.13769,2015.3837899999999,5354.2462
1300,5B,Denver,0.45,0.4,987.86004,2260.95297,1970.57074,5219.38375
1301,5B,Denver,0.45,0.55,936.01232,2593.36129,2104.97822,5634.35183
1302,5B,Denver,0.45,0.5,953.11784,2479.1592699999997,2060.7352300000002,5493.012339999999
1303,5B,Denver,0.45,0.6000000000000001,922.0937600000001,2706.61321,2152.0715099999998,5780.77848
1304,5B,Denver,0.45,0.65,908.4895600000001,2818.3449699999996,2200.05156,5926.88609
1305,5B,Denver,0.45,0.7000000000000001,897.4110800000001,2926.24466,2248.82336,6072.4791000000005
1306,5B,Denver,0.45,0.75,884.68492,3035.2844699999996,2298.35524,6218.324629999999
1307,5B,Denver,0.45,0.8500000000000001,861.6499200000001,3251.7172499999997,2398.74914,6512.116309999999
1308,5B,Denver,0.45,0.8,872.8259600000001,3143.2475,2348.4255099999996,6364.49897
1309,5B,Denver,0.45,0.9500000000000001,840.23008,3478.8544899999997,2498.9846900000002,6818.06926
1310,5B,Denver,0.45,0.9,851.9264400000001,3365.1908599999997,2449.80118,6666.91848
1311,5B,Denver,0.4,0.01,865.56316,1900.3900199999998,1698.5254400000001,4464.47862
1312,5B,Denver,0.4,0.15000000000000002,1061.2902,1817.4462899999999,1783.3377,4662.074189999999
1313,5B,Denver,0.4,0.1,1019.90308,1899.40825,1748.56404,4667.87537
1314,5B,Denver,0.4,0.25,998.1905600000001,1982.92204,1855.45029,4836.56289
1315,5B,Denver,0.4,0.2,1021.8868000000001,1887.78536,1817.6046399999998,4727.2768
1316,5B,Denver,0.4,0.30000000000000004,977.5728800000002,2083.5692999999997,1895.6395199999997,4956.7817
1317,5B,Denver,0.4,0.35000000000000003,958.1909600000001,2189.75881,1937.2539,5085.20367
1318,5B,Denver,0.4,0.45,925.7034800000001,2412.6205999999997,2025.54986,5363.8739399999995
1319,5B,Denver,0.4,0.4,942.0935600000001,2301.58558,1979.81838,5223.49752
1320,5B,Denver,0.4,0.55,894.1807600000001,2641.0246399999996,2116.7911299999996,5651.996529999999
1321,5B,Denver,0.4,0.5,910.3648800000001,2525.11244,2071.7563899999996,5507.2337099999995
1322,5B,Denver,0.4,0.6000000000000001,880.9993200000001,2755.4483499999997,2164.54949,5800.997159999999
1323,5B,Denver,0.4,0.65,869.02112,2868.76361,2213.38463,5951.16936
1324,5B,Denver,0.4,0.7000000000000001,857.2922400000001,2978.2784699999997,2262.9165099999996,6098.487219999999
1325,5B,Denver,0.4,0.75,845.58504,3088.2367099999997,2313.0817899999997,6246.903539999999
1326,5B,Denver,0.4,0.8500000000000001,825.3576,3306.22132,2414.9325099999996,6546.51143
1327,5B,Denver,0.4,0.8,834.63664,3197.43487,2363.81713,6395.88864
1328,5B,Denver,0.4,0.9500000000000001,803.80768,3540.2626199999995,2517.19494,6861.265239999999
1329,5B,Denver,0.4,0.9,814.0514800000001,3423.7803599999997,2466.61795,6704.44979
1330,5B,Denver,0.55,0.01,1100.0648800000001,1864.2545499999999,1697.03695,4661.35638
1331,5B,Denver,0.55,0.15000000000000002,1231.67332,1765.12745,1776.24362,4773.04439
1332,5B,Denver,0.55,0.1,1228.3129200000003,1790.7168099999997,1744.09857,4763.1283
1333,5B,Denver,0.55,0.25,1146.68772,1906.1222899999998,1840.7870799999998,4893.597089999999
1334,5B,Denver,0.55,0.2,1177.0072,1825.68049,1806.67849,4809.36618
1335,5B,Denver,0.55,0.30000000000000004,1123.65272,1994.5449299999998,1877.3025899999998,4995.500239999999
1336,5B,Denver,0.55,0.35000000000000003,1101.20308,2090.06165,1916.06667,5107.3314
1337,5B,Denver,0.55,0.45,1060.9108,2295.7266299999997,1999.07374,5355.71117
1338,5B,Denver,0.55,0.4,1079.3388000000002,2192.79913,1955.84419,5227.98212
1339,5B,Denver,0.55,0.55,1021.6266400000001,2511.36766,2085.37449,5618.36879
1340,5B,Denver,0.55,0.5,1041.90828,2400.9977099999996,2042.7783399999998,5485.68433
1341,5B,Denver,0.55,0.6000000000000001,1007.10104,2621.1675499999997,2131.23265,5759.50124
1342,5B,Denver,0.55,0.65,991.3180000000001,2729.98567,2177.59753,5898.9012
1343,5B,Denver,0.55,0.7000000000000001,976.9008000000001,2836.33353,2224.97585,6038.21018
1344,5B,Denver,0.55,0.75,963.87112,2942.1113299999997,2272.9559,6178.938349999999
1345,5B,Denver,0.55,0.8500000000000001,938.1911600000001,3154.3953399999996,2370.84787,6463.434369999999
1346,5B,Denver,0.55,0.8,950.7872400000001,3048.3641799999996,2321.66436,6320.81578
1347,5B,Denver,0.55,0.9500000000000001,916.17512,3371.14482,2466.8396399999997,6754.15958
1348,5B,Denver,0.55,0.9,925.5408800000001,3262.2950299999998,2420.41142,6608.24733
1349,5B,Denver,0.5,0.01,1023.3827200000001,1874.9906799999999,1697.2586399999998,4595.6320399999995
1350,5B,Denver,0.5,0.15000000000000002,1176.80124,1779.5056299999999,1777.6370999999997,4733.943969999999
1351,5B,Denver,0.5,0.1,1160.8556,1830.7160199999996,1744.92199,4736.4936099999995
1352,5B,Denver,0.5,0.25,1098.3521600000001,1927.72123,1844.5874800000001,4870.660870000001
1353,5B,Denver,0.5,0.2,1124.6391600000002,1842.9089699999997,1809.40211,4776.95024
1354,5B,Denver,0.5,0.30000000000000004,1074.8402,2020.13429,1882.1797699999997,4977.154259999999
1355,5B,Denver,0.5,0.35000000000000003,1052.8892,2119.2930599999995,1921.92562,5094.10788
1356,5B,Denver,0.5,0.45,1015.3394400000001,2330.40528,2006.67454,5352.419260000001
1357,5B,Denver,0.5,0.4,1034.5696,2224.72249,1962.5265599999998,5221.818649999999
1358,5B,Denver,0.5,0.55,978.91704,2550.32176,2094.55879,5623.79759
1359,5B,Denver,0.5,0.5,997.1607600000001,2437.8299199999997,2051.17089,5486.16157
1360,5B,Denver,0.5,0.6000000000000001,964.5865600000001,2661.89517,2141.0186799999997,5767.50041
1361,5B,Denver,0.5,0.65,949.2804800000001,2772.48681,2188.1753099999996,5909.942599999999
1362,5B,Denver,0.5,0.7000000000000001,936.89036,2879.1196999999997,2236.2187,6052.22876
1363,5B,Denver,0.5,0.75,924.3159600000001,2986.5760099999998,2284.95883,6195.8508
1364,5B,Denver,0.5,0.8500000000000001,899.3839600000001,3201.36195,2384.18094,6484.92685
1365,5B,Denver,0.5,0.8,912.3919600000002,3093.58894,2334.33236,6340.313260000001
1366,5B,Denver,0.5,0.9500000000000001,878.0074800000001,3422.8619299999996,2482.26293,6783.132339999999
1367,5B,Denver,0.5,0.9,888.7390800000001,3314.39218,2434.34622,6637.47748
1368,5B,Denver,0.6000000000000001,0.01,1176.53024,1854.4685199999997,1696.97361,4727.9723699999995
1369,5B,Denver,0.6000000000000001,0.15000000000000002,1283.9112800000003,1752.04774,1775.35686,4811.31588
1370,5B,Denver,0.6000000000000001,0.1,1293.3854400000002,1754.2329699999998,1743.71853,4791.33694
1371,5B,Denver,0.6000000000000001,0.25,1196.71432,1887.532,1837.93678,4922.1831
1372,5B,Denver,0.6000000000000001,0.2,1230.15572,1811.08062,1804.9049699999998,4846.14131
1373,5B,Denver,0.6000000000000001,0.30000000000000004,1171.9774400000001,1972.3125899999998,1873.3755099999998,5017.66554
1374,5B,Denver,0.6000000000000001,0.35000000000000003,1148.73648,2064.6623099999997,1911.18949,5124.58828
1375,5B,Denver,0.6000000000000001,0.45,1105.87512,2265.00673,1992.83475,5363.7166
1376,5B,Denver,0.6000000000000001,0.4,1125.65812,2164.16945,1950.2702699999998,5240.097839999999
1377,5B,Denver,0.6000000000000001,0.55,1064.22784,2476.7523499999998,2077.42532,5618.40551
1378,5B,Denver,0.6000000000000001,0.5,1086.52572,2368.2825999999995,2035.7159299999998,5490.5242499999995
1379,5B,Denver,0.6000000000000001,0.6000000000000001,1049.82148,2584.62037,2122.5234,5756.96525
1380,5B,Denver,0.6000000000000001,0.65,1032.8894,2692.2667,2168.34989,5893.50599
1381,5B,Denver,0.6000000000000001,0.7000000000000001,1017.10636,2796.90438,2214.93646,6028.9472
1382,5B,Denver,0.6000000000000001,0.75,1003.1878000000002,2901.5420599999998,2262.28311,6167.01297
1383,5B,Denver,0.6000000000000001,0.8500000000000001,976.6298000000002,3111.03911,2358.84494,6446.51385
1384,5B,Denver,0.6000000000000001,0.8,990.2448400000001,3006.49644,2310.26316,6307.004440000001
1385,5B,Denver,0.6000000000000001,0.9500000000000001,952.76012,3323.73483,2452.77816,6729.27311
1386,5B,Denver,0.6000000000000001,0.9,963.6651600000001,3218.2103899999997,2407.74342,6589.6189699999995
1387,5B,Denver,0.65,0.01,1251.41296,1846.1393099999998,1697.1952999999999,4794.7475699999995
1388,5B,Denver,0.65,0.15000000000000002,1330.52328,1741.0582499999998,1776.56032,4848.14185
1389,5B,Denver,0.65,0.1,1365.7749600000002,1721.8345599999998,1744.82698,4832.4365
1390,5B,Denver,0.65,0.25,1244.6488000000002,1882.65482,1841.2304599999998,4968.534079999999
1391,5B,Denver,0.65,0.2,1280.46416,1805.2533399999998,1807.21688,4892.93438
1392,5B,Denver,0.65,0.30000000000000004,1218.00408,1968.63887,1877.7459699999997,5064.388919999999
1393,5B,Denver,0.65,0.35000000000000003,1193.5924,2061.30529,1916.1933499999998,5171.091039999999
1394,5B,Denver,0.65,0.45,1149.39772,2259.78118,1998.75704,5407.935939999999
1395,5B,Denver,0.65,0.4,1170.4381600000002,2160.0206799999996,1955.6541699999998,5286.113009999999
1396,5B,Denver,0.65,0.55,1107.9022,2465.47783,2081.8274499999998,5655.207479999999
1397,5B,Denver,0.65,0.5,1130.2434400000002,2361.41021,2041.1948399999999,5532.84849
1398,5B,Denver,0.65,0.6000000000000001,1091.40372,2571.44565,2125.97543,5788.8248
1399,5B,Denver,0.65,0.65,1073.431,2682.3223199999998,2173.32208,5929.0754
1400,5B,Denver,0.65,0.7000000000000001,1057.21436,2784.33139,2218.5151699999997,6060.06092
1401,5B,Denver,0.65,0.75,1042.68876,2887.6705999999995,2264.81671,6195.1760699999995
1402,5B,Denver,0.65,0.8500000000000001,1014.5806400000001,3095.26745,2360.0484,6469.896489999999
1403,5B,Denver,0.65,0.8,1028.67264,2991.5481999999997,2312.16336,6332.3842
1404,5B,Denver,0.65,0.9500000000000001,988.40204,3309.8950399999994,2454.1083,6752.405379999999
1405,5B,Denver,0.65,0.9,1000.8680400000001,3201.29861,2408.34515,6610.5118
1406,5B,Denver,0.7000000000000001,0.01,1324.49624,1838.1901399999997,1697.44866,4860.135039999999
1407,5B,Denver,0.7000000000000001,0.15000000000000002,1375.4334,1734.0591799999997,1778.30217,4887.794749999999
1408,5B,Denver,0.7000000000000001,0.1,1429.55752,1706.56962,1746.3154699999998,4882.44261
1409,5B,Denver,0.7000000000000001,0.25,1291.43424,1880.78629,1845.47424,5017.69477
1410,5B,Denver,0.7000000000000001,0.2,1329.2116400000002,1802.023,1810.4155499999997,4941.65019
1411,5B,Denver,0.7000000000000001,0.30000000000000004,1263.6513200000002,1967.94213,1883.3198899999998,5114.91334
1412,5B,Denver,0.7000000000000001,0.35000000000000003,1238.01472,2062.09704,1922.59069,5222.70245
1413,5B,Denver,0.7000000000000001,0.45,1192.9203200000002,2258.64106,2006.3261699999998,5457.8875499999995
1414,5B,Denver,0.7000000000000001,0.4,1214.4052,2159.79899,1963.50833,5337.712519999999
1415,5B,Denver,0.7000000000000001,0.55,1150.92616,2461.0757,2088.6998399999998,5700.7017
1416,5B,Denver,0.7000000000000001,0.5,1173.0939600000002,2359.22498,2048.63729,5580.95623
1417,5B,Denver,0.7000000000000001,0.6000000000000001,1133.5388,2563.4331399999996,2131.7077,5828.679639999999
1418,5B,Denver,0.7000000000000001,0.65,1114.8072800000002,2676.2416799999996,2179.7827599999996,5970.83172
1419,5B,Denver,0.7000000000000001,0.7000000000000001,1096.7261600000002,2775.9705099999996,2223.61404,6096.31071
1420,5B,Denver,0.7000000000000001,0.75,1082.03796,2877.06115,2268.68045,6227.77956
1421,5B,Denver,0.7000000000000001,0.8500000000000001,1052.15208,3082.53611,2362.2652999999996,6496.95349
1422,5B,Denver,0.7000000000000001,0.8,1066.5150800000001,2979.86197,2315.17201,6361.549059999999
1423,5B,Denver,0.7000000000000001,0.9500000000000001,1024.28244,3300.2356899999995,2456.23019,6780.74832
1424,5B,Denver,0.7000000000000001,0.9,1037.7457200000001,3191.0692,2409.83364,6638.64856
1425,5B,Denver,0.75,0.01,1395.95352,1831.22274,1697.9553799999999,4925.13164
1426,5B,Denver,0.75,0.15000000000000002,1423.2920000000001,1728.77029,1780.51907,4932.58136
1427,5B,Denver,0.75,0.1,1494.27232,1693.9649599999998,1748.2790099999997,4936.51629
1428,5B,Denver,0.75,0.25,1337.6234800000002,1881.6413799999998,1850.98482,5070.24968
1429,5B,Denver,0.75,0.2,1376.5932800000003,1801.3579299999997,1814.4376399999999,4992.38885
1430,5B,Denver,0.75,0.30000000000000004,1307.93272,1970.5074,1890.22395,5168.664070000001
1431,5B,Denver,0.75,0.35000000000000003,1281.3313600000001,2066.0874599999997,1930.53986,5277.95868
1432,5B,Denver,0.75,0.45,1235.2396800000001,2262.1564299999995,2015.8271699999998,5513.223279999999
1433,5B,Denver,0.75,0.4,1257.41832,2163.75774,1972.97766,5394.15372
1434,5B,Denver,0.75,0.55,1193.50568,2462.12081,2098.10583,5753.732319999999
1435,5B,Denver,0.75,0.5,1213.87404,2362.01194,2057.94827,5633.83425
1436,5B,Denver,0.75,0.6000000000000001,1175.07768,2561.18457,2139.59353,5875.85578
1437,5B,Denver,0.75,0.65,1154.0914400000001,2675.0065499999996,2187.95362,6017.0516099999995
1438,5B,Denver,0.75,0.7000000000000001,1136.02116,2772.01176,2230.0430499999998,6138.07597
1439,5B,Denver,0.75,0.75,1121.1270000000002,2870.9171699999997,2273.6843099999996,6265.72848
1440,5B,Denver,0.75,0.8500000000000001,1089.8536000000001,3074.8719699999997,2365.5273099999995,6530.252879999999
1441,5B,Denver,0.75,0.8,1104.4225600000002,2972.3878499999996,2319.35245,6396.16286
1442,5B,Denver,0.75,0.9500000000000001,1060.6398000000002,3289.84793,2458.28874,6808.77647
1443,5B,Denver,0.75,0.9,1074.41744,3183.34172,2412.01887,6669.7780299999995
1444,5B,Denver,0.8500000000000001,0.01,1531.26924,1817.5096299999998,1698.81047,5047.58934
1445,5B,Denver,0.8500000000000001,0.15000000000000002,1528.0606000000002,1712.9986299999998,1780.7090899999998,5021.768319999999
1446,5B,Denver,0.8500000000000001,0.1,1612.56924,1674.5829199999998,1749.00742,5036.15958
1447,5B,Denver,0.8500000000000001,0.25,1432.8528800000001,1864.3178899999998,1851.9032499999998,5149.07402
1448,5B,Denver,0.8500000000000001,0.2,1475.324,1785.36458,1815.19772,5075.8863
1449,5B,Denver,0.8500000000000001,0.30000000000000004,1400.99412,1950.2702699999998,1890.8256799999997,5242.090069999999
1450,5B,Denver,0.8500000000000001,0.35000000000000003,1371.79116,2042.8100099999997,1931.1415899999997,5345.742759999999
1451,5B,Denver,0.8500000000000001,0.45,1321.9922000000001,2232.54498,2015.3837899999999,5569.92097
1452,5B,Denver,0.8500000000000001,0.4,1346.3280000000002,2136.7749,1973.041,5456.1439
1453,5B,Denver,0.8500000000000001,0.55,1278.39372,2427.91721,2097.85247,5804.1633999999995
1454,5B,Denver,0.8500000000000001,0.5,1298.3176400000002,2329.67687,2057.21986,5685.21437
1455,5B,Denver,0.8500000000000001,0.6000000000000001,1257.67848,2523.59228,2137.91502,5919.18578
1456,5B,Denver,0.8500000000000001,0.65,1234.03644,2639.6945,2186.1800999999996,6059.91104
1457,5B,Denver,0.8500000000000001,0.7000000000000001,1215.26156,2734.0710999999997,2226.65436,6175.98702
1458,5B,Denver,0.8500000000000001,0.75,1197.74412,2830.2528899999998,2268.9021399999997,6296.899149999999
1459,5B,Denver,0.8500000000000001,0.8500000000000001,1164.99648,3030.85067,2358.1482,6553.995349999999
1460,5B,Denver,0.8500000000000001,0.8,1181.80932,2928.58824,2313.39849,6423.796050000001
1461,5B,Denver,0.8500000000000001,0.9500000000000001,1133.8206400000001,3244.0847799999997,2448.7244,6826.62982
1462,5B,Denver,0.8500000000000001,0.9,1149.05084,3138.84537,2403.27795,6691.1741600000005
1463,5B,Denver,0.8,0.01,1464.13712,1823.7486199999998,1698.17707,4986.062809999999
1464,5B,Denver,0.8,0.15000000000000002,1477.9581200000002,1719.3326299999999,1779.8539999999998,4977.1447499999995
1465,5B,Denver,0.8,0.1,1556.2662800000003,1682.9754699999999,1748.15233,4987.39408
1466,5B,Denver,0.8,0.25,1386.9346400000002,1871.95036,1851.2065099999998,5110.09151
1467,5B,Denver,0.8,0.2,1427.7364,1791.7935899999998,1814.3426299999999,5033.87262
1468,5B,Denver,0.8,0.30000000000000004,1355.5420000000001,1959.3595599999996,1890.63566,5205.53722
1469,5B,Denver,0.8,0.35000000000000003,1327.75908,2054.0528600000002,1931.2682699999998,5313.08021
1470,5B,Denver,0.8,0.45,1279.933,2247.77825,2016.6505899999997,5544.36184
1471,5B,Denver,0.8,0.4,1303.33656,2150.4880099999996,1973.80108,5427.62565
1472,5B,Denver,0.8,0.55,1237.93884,2447.33092,2100.41774,5785.6875
1473,5B,Denver,0.8,0.5,1257.1039600000001,2346.71533,2058.96171,5662.781000000001
1474,5B,Denver,0.8,0.6000000000000001,1218.0474400000003,2544.8111799999997,2141.11369,5903.97231
1475,5B,Denver,0.8,0.65,1194.568,2662.37022,2190.39221,6047.33043
1476,5B,Denver,0.8,0.7000000000000001,1176.27008,2758.5203399999996,2231.9749199999997,6166.765339999999
1477,5B,Denver,0.8,0.75,1159.9016800000002,2856.7923499999997,2274.8244299999997,6291.518459999999
1478,5B,Denver,0.8,0.8500000000000001,1127.59848,3060.87383,2365.7806699999996,6554.252979999999
1479,5B,Denver,0.8,0.8,1142.60104,2956.74287,2320.1441999999997,6419.488109999999
1480,5B,Denver,0.8,0.9500000000000001,1097.15976,3278.38339,2458.0670499999997,6833.610199999999
1481,5B,Denver,0.8,0.9,1111.8046000000002,3169.2169,2411.92386,6692.94536
1482,5B,Denver,0.9500000000000001,0.01,1659.7557600000002,1806.29845,1700.10894,5166.16315
1483,5B,Denver,0.9500000000000001,0.15000000000000002,1624.68836,1704.3843899999997,1783.5593899999997,5112.63214
1484,5B,Denver,0.9500000000000001,0.1,1719.56004,1662.0099299999997,1751.69937,5133.26934
1485,5B,Denver,0.9500000000000001,0.25,1521.79508,1852.53665,1854.53186,5228.86359
1486,5B,Denver,0.9500000000000001,0.2,1568.5263200000002,1775.2935199999997,1817.9846799999998,5161.80452
1487,5B,Denver,0.9500000000000001,0.30000000000000004,1488.2778,1935.6070599999998,1892.6942099999999,5316.57907
1488,5B,Denver,0.9500000000000001,0.35000000000000003,1457.0911200000003,2024.6947699999996,1932.15503,5413.94092
1489,5B,Denver,0.9500000000000001,0.45,1403.8125200000002,2207.87405,2014.8454,5626.53197
1490,5B,Denver,0.9500000000000001,0.4,1429.11308,2115.49266,1973.4527099999998,5518.0584499999995
1491,5B,Denver,0.9500000000000001,0.55,1357.17884,2396.84894,2095.06551,5849.09329
1492,5B,Denver,0.9500000000000001,0.5,1378.9997600000002,2301.71226,2055.47801,5736.19003
1493,5B,Denver,0.9500000000000001,0.6000000000000001,1336.31184,2488.1218799999997,2133.57623,5958.00995
1494,5B,Denver,0.9500000000000001,0.65,1310.35004,2600.86708,2179.90944,6091.126560000001
1495,5B,Denver,0.9500000000000001,0.7000000000000001,1291.9112,2691.15825,2218.35682,6201.42627
1496,5B,Denver,0.9500000000000001,0.75,1274.03604,2783.76133,2258.92609,6316.723459999999
1497,5B,Denver,0.9500000000000001,0.8500000000000001,1238.6434400000003,2977.8350899999996,2345.03682,6561.51535
1498,5B,Denver,0.9500000000000001,0.8,1255.78148,2880.0697999999998,2301.71226,6437.563539999999
1499,5B,Denver,0.9500000000000001,0.9500000000000001,1205.9066400000002,3182.96168,2431.9076299999997,6820.775949999999
1500,5B,Denver,0.9500000000000001,0.9,1222.61108,3081.33265,2388.20303,6692.14676
1501,5B,Denver,0.9,0.01,1596.32008,1811.55567,1699.4122,5107.28795
1502,5B,Denver,0.9,0.15000000000000002,1576.6671600000002,1708.3748099999998,1782.0075599999998,5067.04953
1503,5B,Denver,0.9,0.1,1667.01856,1668.6289599999998,1750.2742199999998,5085.92174
1504,5B,Denver,0.9,0.25,1478.0014800000001,1857.85721,1853.0117,5188.87039
1505,5B,Denver,0.9,0.2,1522.48884,1780.0440199999998,1816.4645199999998,5118.99738
1506,5B,Denver,0.9,0.30000000000000004,1445.01536,1942.0044,1891.5857599999997,5278.60552
1507,5B,Denver,0.9,0.35000000000000003,1414.7717600000003,2032.8972999999999,1931.3949499999999,5379.06401
1508,5B,Denver,0.9,0.45,1363.3901600000002,2219.2752499999997,2014.7820599999998,5597.447469999999
1509,5B,Denver,0.9,0.4,1388.13788,2125.43704,1972.88265,5486.4575700000005
1510,5B,Denver,0.9,0.55,1318.2957600000002,2411.10044,2096.14229,5825.53849
1511,5B,Denver,0.9,0.5,1339.3904,2314.4435999999996,2056.0164,5709.850399999999
1512,5B,Denver,0.9,0.6000000000000001,1297.3854,2504.8119699999997,2135.41309,5937.61046
1513,5B,Denver,0.9,0.65,1273.14716,2619.14067,2182.6330599999997,6074.920889999999
1514,5B,Denver,0.9,0.7000000000000001,1253.375,2711.4587199999996,2222.1255499999997,6186.959269999999
1515,5B,Denver,0.9,0.75,1236.2044400000002,2806.0570099999995,2263.6449199999997,6305.90637
1516,5B,Denver,0.9,0.8500000000000001,1201.6573600000002,3004.02618,2351.24414,6556.92768
1517,5B,Denver,0.9,0.8,1218.9146400000002,2904.01232,2307.2861799999996,6430.21314
1518,5B,Denver,0.9,0.9500000000000001,1169.98288,3210.45124,2439.98348,6820.4176
1519,5B,Denver,0.9,0.9,1186.1670000000001,3109.83565,2395.39212,6691.394770000001
1520,3B,ElPaso,0.01,0.01,230.49092000000002,3927.52338,1849.33798,6007.35228
1521,3B,ElPaso,0.01,0.15000000000000002,290.11092,4043.11888,1975.32124,6308.55104
1522,3B,ElPaso,0.01,0.1,298.66368,4003.7530699999998,1928.54465,6230.961399999999
1523,3B,ElPaso,0.01,0.25,252.86468000000002,4282.702429999999,2066.7842,6602.351309999999
1524,3B,ElPaso,0.01,0.2,273.63412000000005,4158.39768,2021.65445,6453.68625
1525,3B,ElPaso,0.01,0.30000000000000004,236.08436,4410.64923,2110.2671100000002,6757.0007000000005
1526,3B,ElPaso,0.01,0.35000000000000003,233.33100000000002,4543.72657,2152.38821,6929.44578
1527,3B,ElPaso,0.01,0.45,226.92456,4827.584779999999,2254.4922899999997,7309.001629999999
1528,3B,ElPaso,0.01,0.4,229.66708000000003,4685.5765,2198.8797699999996,7114.12335
1529,3B,ElPaso,0.01,0.55,220.46392,5085.28357,2359.9850599999995,7665.732549999999
1530,3B,ElPaso,0.01,0.5,223.56416000000002,4957.21009,2306.9061399999996,7487.6803899999995
1531,3B,ElPaso,0.01,0.6000000000000001,216.99512000000001,5212.31194,2413.6973799999996,7843.004439999999
1532,3B,ElPaso,0.01,0.65,213.87320000000003,5337.59846,2468.23312,8019.70478
1533,3B,ElPaso,0.01,0.7000000000000001,211.01144000000002,5460.8580999999995,2523.18057,8195.05011
1534,3B,ElPaso,0.01,0.75,208.81092,5583.07263,2578.5714,8370.45495
1535,3B,ElPaso,0.01,0.8500000000000001,203.82452,5823.76463,2690.4615099999996,8718.050659999999
1536,3B,ElPaso,0.01,0.8,206.18764000000002,5703.6403199999995,2634.40561,8544.23357
1537,3B,ElPaso,0.01,0.9500000000000001,198.35032,6061.35297,2803.23838,9062.94167
1538,3B,ElPaso,0.01,0.9,201.01696,5943.223869999999,2746.7707699999996,8891.011599999998
1539,3B,ElPaso,0.05,0.01,257.46084,3881.19017,1839.90032,5978.551329999999
1540,3B,ElPaso,0.05,0.15000000000000002,294.58784,3993.7453499999997,1963.6983499999997,6252.031539999999
1541,3B,ElPaso,0.05,0.1,310.00232000000005,3927.7134,1917.8401900000001,6155.55591
1542,3B,ElPaso,0.05,0.25,252.74544,4232.79051,2053.9895199999996,6539.525469999999
1543,3B,ElPaso,0.05,0.2,274.99996000000004,4111.62109,2009.01812,6395.6391699999995
1544,3B,ElPaso,0.05,0.30000000000000004,240.34448,4361.1173499999995,2097.34575,6698.807579999999
1545,3B,ElPaso,0.05,0.35000000000000003,237.0166,4493.149579999999,2139.37184,6869.538019999999
1546,3B,ElPaso,0.05,0.45,230.01396000000003,4776.62775,2239.3857,7246.02741
1547,3B,ElPaso,0.05,0.4,234.02476000000001,4634.5878,2185.16666,7053.77922
1548,3B,ElPaso,0.05,0.55,223.77012000000002,5034.04151,2343.2632999999996,7601.07493
1549,3B,ElPaso,0.05,0.5,227.11968000000002,4906.09471,2291.10281,7424.3171999999995
1550,3B,ElPaso,0.05,0.6000000000000001,220.49644,5160.75318,2396.24721,7777.49683
1551,3B,ElPaso,0.05,0.65,217.03848000000002,5286.22972,2449.95953,7953.2277300000005
1552,3B,ElPaso,0.05,0.7000000000000001,214.27428,5409.39435,2504.17857,8127.847199999999
1553,3B,ElPaso,0.05,0.75,211.651,5531.67222,2559.1260199999997,8302.44924
1554,3B,ElPaso,0.05,0.8500000000000001,206.70796,5772.26921,2669.52764,8648.50481
1555,3B,ElPaso,0.05,0.8,209.14696,5652.08156,2614.16848,8475.396999999999
1556,3B,ElPaso,0.05,0.9500000000000001,201.67820000000003,6009.76254,2781.1327199999996,8992.57346
1557,3B,ElPaso,0.05,0.9,204.39904,5891.53843,2725.10849,8821.04596
1558,3B,ElPaso,0.15000000000000002,0.01,332.22432000000003,3775.66573,1822.9252,5930.81525
1559,3B,ElPaso,0.15000000000000002,0.15000000000000002,313.02668,3893.3831199999995,1941.71937,6148.129169999999
1560,3B,ElPaso,0.15000000000000002,0.1,340.57112,3786.75023,1897.5713899999998,6024.89274
1561,3B,ElPaso,0.15000000000000002,0.25,262.51228000000003,4126.949369999999,2028.33682,6417.79847
1562,3B,ElPaso,0.15000000000000002,0.2,285.17872,4008.5352399999997,1984.34719,6278.0611499999995
1563,3B,ElPaso,0.15000000000000002,0.30000000000000004,256.61532,4253.281,2071.02798,6580.9243
1564,3B,ElPaso,0.15000000000000002,0.35000000000000003,251.61808000000002,4382.11456,2112.73737,6746.47001
1565,3B,ElPaso,0.15000000000000002,0.45,242.47996,4664.70597,2208.6974699999996,7115.883399999999
1566,3B,ElPaso,0.15000000000000002,0.4,246.85932,4522.476,2157.6137599999997,6926.9490799999985
1567,3B,ElPaso,0.15000000000000002,0.55,235.08708000000001,4919.58613,2309.2813899999996,7463.954599999999
1568,3B,ElPaso,0.15000000000000002,0.5,239.07620000000003,4792.74778,2258.5777199999998,7290.4017
1569,3B,ElPaso,0.15000000000000002,0.6000000000000001,230.91368000000003,5045.347699999999,2360.39677,7636.658149999999
1570,3B,ElPaso,0.15000000000000002,0.65,227.22808000000003,5170.1275,2411.92386,7809.279439999999
1571,3B,ElPaso,0.15000000000000002,0.7000000000000001,223.39072000000002,5293.3238,2464.40105,7981.11557
1572,3B,ElPaso,0.15000000000000002,0.75,220.61568000000003,5414.55656,2517.38496,8152.557199999999
1573,3B,ElPaso,0.15000000000000002,0.8500000000000001,215.09812000000002,5654.29846,2624.90461,8494.30119
1574,3B,ElPaso,0.15000000000000002,0.8,217.79728,5534.8075499999995,2571.06561,8323.67044
1575,3B,ElPaso,0.15000000000000002,0.9500000000000001,209.55888000000002,5891.2534,2733.40603,8834.21831
1576,3B,ElPaso,0.15000000000000002,0.9,212.07376,5772.87094,2679.0286399999995,8663.97334
1577,3B,ElPaso,0.1,0.01,295.41168,3828.01624,1829.9876100000001,5953.41553
1578,3B,ElPaso,0.1,0.15000000000000002,302.53355999999997,3940.5714199999998,1951.4737300000002,6194.57871
1579,3B,ElPaso,0.1,0.1,324.66884,3845.3714,1906.6606799999997,6076.70092
1580,3B,ElPaso,0.1,0.25,254.79420000000002,4176.57626,2040.0863899999997,6471.45685
1581,3B,ElPaso,0.1,0.2,278.55548000000005,4057.0536799999995,1995.55837,6331.16753
1582,3B,ElPaso,0.1,0.30000000000000004,247.98668000000004,4304.42805,2083.12592,6635.540650000001
1583,3B,ElPaso,0.1,0.35000000000000003,243.36884,4435.09847,2125.0886699999996,6803.555979999999
1584,3B,ElPaso,0.1,0.45,235.97596000000001,4717.94324,2222.85396,7176.773159999999
1585,3B,ElPaso,0.1,0.4,239.62904000000003,4576.09331,2170.3450999999995,6986.06745
1586,3B,ElPaso,0.1,0.55,228.74568000000002,4974.34356,2325.1163899999997,7528.20563
1587,3B,ElPaso,0.1,0.5,232.39876,4846.87181,2273.71598,7352.98655
1588,3B,ElPaso,0.1,0.6000000000000001,225.46116000000004,5101.02356,2376.9285099999997,7703.413229999999
1589,3B,ElPaso,0.1,0.65,221.87312000000003,5225.77169,2429.56405,7877.20886
1590,3B,ElPaso,0.1,0.7000000000000001,218.66448000000003,5349.253019999999,2483.02301,8050.940509999999
1591,3B,ElPaso,0.1,0.75,215.97616000000002,5471.245859999999,2536.95702,8224.179039999999
1592,3B,ElPaso,0.1,0.8500000000000001,210.35020000000003,5711.30446,2645.99683,8567.65149
1593,3B,ElPaso,0.1,0.8,212.99516000000003,5591.4968499999995,2591.46109,8395.953099999999
1594,3B,ElPaso,0.1,0.9500000000000001,205.65648000000002,5948.481089999999,2755.9234,8910.060969999999
1595,3B,ElPaso,0.1,0.9,208.30144,5830.5736799999995,2700.72259,8739.59771
1596,3B,ElPaso,0.25,0.01,401.03664,3695.3506099999995,1814.3109599999998,5910.69821
1597,3B,ElPaso,0.25,0.15000000000000002,338.22968000000003,3817.4384600000003,1927.6262199999999,6083.294360000001
1598,3B,ElPaso,0.25,0.1,377.25368000000003,3703.58481,1884.3966699999999,5965.23516
1599,3B,ElPaso,0.25,0.25,287.49848000000003,4044.5440299999996,2010.2849199999998,6342.327429999999
1600,3B,ElPaso,0.25,0.2,303.71512,3926.73163,1968.10048,6198.54723
1601,3B,ElPaso,0.25,0.30000000000000004,279.62864,4166.1885,2052.08932,6497.90646
1602,3B,ElPaso,0.25,0.35000000000000003,272.7344,4291.47502,2093.0703,6657.27972
1603,3B,ElPaso,0.25,0.45,260.30092,4570.9311,2185.8000599999996,7017.032079999999
1604,3B,ElPaso,0.25,0.4,265.72092000000004,4429.14451,2137.1232699999996,6831.9887
1605,3B,ElPaso,0.25,0.55,250.53408000000002,4822.89762,2283.1219699999997,7356.553669999999
1606,3B,ElPaso,0.25,0.5,255.01100000000002,4697.48442,2234.16015,7186.655570000001
1607,3B,ElPaso,0.25,0.6000000000000001,245.79700000000003,4947.83577,2332.8438699999997,7526.47664
1608,3B,ElPaso,0.25,0.65,241.38512000000003,5071.69714,2382.9458099999997,7696.02807
1609,3B,ElPaso,0.25,0.7000000000000001,236.77812000000003,5193.9116699999995,2433.4277899999997,7864.117579999999
1610,3B,ElPaso,0.25,0.75,232.47464000000002,5314.35268,2484.79653,8031.62385
1611,3B,ElPaso,0.25,0.8500000000000001,225.97064000000003,5551.81434,2589.05417,8366.83915
1612,3B,ElPaso,0.25,0.8,228.73484000000002,5433.5585599999995,2536.73533,8199.02873
1613,3B,ElPaso,0.25,0.9500000000000001,219.80268000000004,5786.55238,2694.51527,8700.87033
1614,3B,ElPaso,0.25,0.9,223.03300000000002,5669.50006,2641.6897099999996,8534.22277
1615,3B,ElPaso,0.2,0.01,366.90148000000005,3733.67131,1817.8263299999999,5918.39912
1616,3B,ElPaso,0.2,0.15000000000000002,324.46288000000004,3853.0355399999994,1933.9285499999999,6111.4269699999995
1617,3B,ElPaso,0.2,0.1,358.43544,3740.2903399999996,1890.25562,5988.9814
1618,3B,ElPaso,0.2,0.25,273.71000000000004,4083.02308,2018.39244,6375.12552
1619,3B,ElPaso,0.2,0.2,294.06752,3965.084,1975.38458,6234.536099999999
1620,3B,ElPaso,0.2,0.30000000000000004,267.56372000000005,4207.422839999999,2060.6718899999996,6535.658449999999
1621,3B,ElPaso,0.2,0.35000000000000003,261.11392,4334.73624,2102.0645799999998,6697.91474
1622,3B,ElPaso,0.2,0.45,250.70752000000002,4615.71248,2196.40951,7062.82951
1623,3B,ElPaso,0.2,0.4,255.85652000000002,4473.57752,2146.5609299999996,6875.99497
1624,3B,ElPaso,0.2,0.55,242.25232,4869.07248,2295.31492,7406.639719999999
1625,3B,ElPaso,0.2,0.5,246.2306,4743.08922,2245.49801,7234.81783
1626,3B,ElPaso,0.2,0.6000000000000001,238.12228,4994.39067,2345.70189,7578.214839999999
1627,3B,ElPaso,0.2,0.65,233.78628,5118.980449999999,2396.53224,7749.29897
1628,3B,ElPaso,0.2,0.7000000000000001,229.50448,5241.7017,2447.93265,7919.13883
1629,3B,ElPaso,0.2,0.75,225.84056,5362.3643999999995,2500.12481,8088.3297699999985
1630,3B,ElPaso,0.2,0.8500000000000001,220.38804000000002,5601.124529999999,2605.96595,8427.478519999999
1631,3B,ElPaso,0.2,0.8,223.18476,5482.076999999999,2552.82369,8258.085449999999
1632,3B,ElPaso,0.2,0.9500000000000001,214.04664000000002,5837.25605,2712.9788799999997,8764.28157
1633,3B,ElPaso,0.2,0.9,217.12520000000004,5719.25363,2659.36157,8595.7404
1634,3B,ElPaso,0.30000000000000004,0.01,434.99836000000005,3668.90616,1811.80903,5915.71355
1635,3B,ElPaso,0.30000000000000004,0.15000000000000002,352.31084000000004,3789.18882,1924.20586,6065.7055199999995
1636,3B,ElPaso,0.30000000000000004,0.1,393.28604,3675.01847,1880.78629,5949.0908
1637,3B,ElPaso,0.30000000000000004,0.25,300.94008,4024.4969199999996,2008.7014199999999,6334.138419999999
1638,3B,ElPaso,0.30000000000000004,0.2,314.20824000000005,3903.07414,1965.6302199999998,6182.912600000001
1639,3B,ElPaso,0.30000000000000004,0.30000000000000004,291.7044,4147.0598199999995,2051.29757,6490.06179
1640,3B,ElPaso,0.30000000000000004,0.35000000000000003,283.85624,4274.30988,2093.54535,6651.71147
1641,3B,ElPaso,0.30000000000000004,0.45,270.96748,4531.977,2178.92767,6981.87215
1642,3B,ElPaso,0.30000000000000004,0.4,276.86444,4403.33346,2135.34975,6815.54765
1643,3B,ElPaso,0.30000000000000004,0.55,259.73724000000004,4780.9032,2272.67087,7313.31131
1644,3B,ElPaso,0.30000000000000004,0.5,265.69924000000003,4656.5984499999995,2226.0526299999997,7148.35032
1645,3B,ElPaso,0.30000000000000004,0.6000000000000001,254.74,4904.7329,2321.6010199999996,7481.073919999999
1646,3B,ElPaso,0.30000000000000004,0.65,249.73192,5028.05588,2371.0378899999996,7648.82569
1647,3B,ElPaso,0.30000000000000004,0.7000000000000001,245.15744,5149.795359999999,2420.7281199999998,7815.680919999999
1648,3B,ElPaso,0.30000000000000004,0.75,240.30112000000003,5270.014679999999,2471.1467599999996,7981.462559999999
1649,3B,ElPaso,0.30000000000000004,0.8500000000000001,232.16028,5506.209539999999,2573.88424,8312.25406
1650,3B,ElPaso,0.30000000000000004,0.8,235.73748,5388.74551,2522.26214,8146.745129999999
1651,3B,ElPaso,0.30000000000000004,0.9500000000000001,226.19828,5738.41398,2677.60349,8642.21575
1652,3B,ElPaso,0.30000000000000004,0.9,228.98416000000003,5623.26186,2625.8547099999996,8478.100729999998
1653,3B,ElPaso,0.35000000000000003,0.01,468.89504000000005,3649.80915,1810.0355099999997,5928.7397
1654,3B,ElPaso,0.35000000000000003,0.15000000000000002,367.17248000000006,3761.4458999999997,1920.1837699999996,6048.8021499999995
1655,3B,ElPaso,0.35000000000000003,0.1,410.07720000000006,3650.9175999999998,1877.3025899999998,5938.29739
1656,3B,ElPaso,0.35000000000000003,0.25,317.30848000000003,3994.2203999999997,2003.1274999999998,6314.656379999999
1657,3B,ElPaso,0.35000000000000003,0.2,331.80156,3874.60281,1960.8480499999998,6167.25242
1658,3B,ElPaso,0.35000000000000003,0.30000000000000004,305.53624,4114.69308,2045.1219199999998,6465.35124
1659,3B,ElPaso,0.35000000000000003,0.35000000000000003,296.77752,4239.9796,2086.9896599999997,6623.7467799999995
1660,3B,ElPaso,0.35000000000000003,0.45,282.66384,4494.98644,2171.1685199999997,6948.818799999999
1661,3B,ElPaso,0.35000000000000003,0.4,289.41716,4367.38801,2128.50903,6785.3142
1662,3B,ElPaso,0.35000000000000003,0.55,270.44716000000005,4742.5824999999995,2263.58158,7276.611239999999
1663,3B,ElPaso,0.35000000000000003,0.5,276.6368,4619.00616,2217.59674,7113.2397
1664,3B,ElPaso,0.35000000000000003,0.6000000000000001,264.69112,4865.588779999999,2311.75165,7442.03155
1665,3B,ElPaso,0.35000000000000003,0.65,259.37952,4988.21502,2360.58679,7608.181329999999
1666,3B,ElPaso,0.35000000000000003,0.7000000000000001,253.94868000000002,5109.19442,2409.64362,7772.78672
1667,3B,ElPaso,0.35000000000000003,0.75,248.9948,5228.65366,2459.23884,7936.8873
1668,3B,ElPaso,0.35000000000000003,0.8500000000000001,239.66156,5463.961759999999,2560.32948,8263.9528
1669,3B,ElPaso,0.35000000000000003,0.8,244.09512000000004,5347.067789999999,2509.46746,8100.630369999999
1670,3B,ElPaso,0.35000000000000003,0.9500000000000001,232.31204000000002,5694.70938,2662.3068799999996,8589.3283
1671,3B,ElPaso,0.35000000000000003,0.9,235.97596000000001,5580.34901,2611.53987,8427.86484
1672,3B,ElPaso,0.45,0.01,533.4038800000001,3591.7263699999994,1808.0719699999997,5933.202219999999
1673,3B,ElPaso,0.45,0.15000000000000002,395.5516,3717.83631,1914.4198299999998,6027.80774
1674,3B,ElPaso,0.45,0.1,447.86544000000004,3615.2571799999996,1873.0588099999998,5936.18143
1675,3B,ElPaso,0.45,0.25,351.35692,3943.2633699999997,1994.8932999999997,6289.51359
1676,3B,ElPaso,0.45,0.2,368.49496000000005,3828.2695999999996,1953.91232,6150.676879999999
1677,3B,ElPaso,0.45,0.30000000000000004,337.51424000000003,4059.99899,2035.7792699999998,6433.2925000000005
1678,3B,ElPaso,0.45,0.35000000000000003,325.69864,4181.548449999999,2076.7919199999997,6584.039009999999
1679,3B,ElPaso,0.45,0.45,308.37632,4430.91803,2158.4688499999997,6897.763199999999
1680,3B,ElPaso,0.45,0.4,315.89928000000003,4305.631509999999,2117.55121,6739.0819999999985
1681,3B,ElPaso,0.45,0.55,293.90492,4675.69546,2248.82336,7218.42374
1682,3B,ElPaso,0.45,0.5,301.26528,4553.41759,2203.97864,7058.66151
1683,3B,ElPaso,0.45,0.6000000000000001,287.23832000000004,4797.02323,2295.66329,7379.92484
1684,3B,ElPaso,0.45,0.65,280.52836,4918.00263,2343.1366199999998,7541.66761
1685,3B,ElPaso,0.45,0.7000000000000001,274.39292,5037.271849999999,2391.11667,7702.781439999999
1686,3B,ElPaso,0.45,0.75,268.65856,5155.81266,2439.4450899999997,7863.916309999999
1687,3B,ElPaso,0.45,0.8500000000000001,257.5042,5388.68217,2537.33706,8183.52343
1688,3B,ElPaso,0.45,0.8,262.55564000000004,5273.02333,2488.1218799999997,8023.70085
1689,3B,ElPaso,0.45,0.9500000000000001,248.56120000000004,5614.29925,2635.83076,8498.69121
1690,3B,ElPaso,0.45,0.9,252.38772000000003,5503.64427,2587.439,8343.47099
1691,3B,ElPaso,0.4,0.01,501.45840000000004,3633.94248,1808.8320499999998,5944.23293
1692,3B,ElPaso,0.4,0.15000000000000002,381.86068,3737.6934,1916.9534299999998,6036.5075099999995
1693,3B,ElPaso,0.4,0.1,428.53772000000004,3631.1238499999995,1874.8956699999999,5934.557239999999
1694,3B,ElPaso,0.4,0.25,334.07796,3967.11088,1998.59869,6299.78753
1695,3B,ElPaso,0.4,0.2,350.11032000000006,3849.8368699999996,1956.9526399999997,6156.899829999999
1696,3B,ElPaso,0.4,0.30000000000000004,321.14584,4085.7150299999994,2040.0863899999997,6446.947259999999
1697,3B,ElPaso,0.4,0.35000000000000003,310.84784,4209.16469,2081.41574,6601.42827
1698,3B,ElPaso,0.4,0.45,295.20572,4461.3529,2164.35947,6920.918089999999
1699,3B,ElPaso,0.4,0.4,302.06744000000003,4334.86292,2122.5234,6759.453759999999
1700,3B,ElPaso,0.4,0.55,281.93756,4707.61882,2255.7274199999997,7245.283799999999
1701,3B,ElPaso,0.4,0.5,288.65836,4584.73922,2210.3126399999996,7083.710220000001
1702,3B,ElPaso,0.4,0.6000000000000001,275.61784,4829.865019999999,2303.20075,7408.683609999999
1703,3B,ElPaso,0.4,0.65,269.55828,4951.762849999999,2351.43416,7572.755289999999
1704,3B,ElPaso,0.4,0.7000000000000001,263.8998,5071.76048,2399.9209299999998,7735.58121
1705,3B,ElPaso,0.4,0.75,258.32804000000004,5190.681329999999,2448.75607,7897.765439999999
1706,3B,ElPaso,0.4,0.8500000000000001,248.10592000000003,5424.91265,2548.2315399999998,8221.25011
1707,3B,ElPaso,0.4,0.8,253.24408000000003,5308.5253999999995,2498.0662599999996,8059.8357399999995
1708,3B,ElPaso,0.4,0.9500000000000001,239.86752,5653.285019999999,2648.49876,8541.6513
1709,3B,ElPaso,0.4,0.9,243.7374,5540.571489999999,2598.87187,8383.18076
1710,3B,ElPaso,0.55,0.01,589.0889600000002,3498.67991,1807.6285899999998,5895.39746
1711,3B,ElPaso,0.55,0.15000000000000002,428.86292000000003,3691.1068299999997,1912.04458,6032.01433
1712,3B,ElPaso,0.55,0.1,483.97348000000005,3590.99796,1871.50698,5946.47842
1713,3B,ElPaso,0.55,0.25,386.37012000000004,3903.86589,1989.4143899999997,6279.6504
1714,3B,ElPaso,0.55,0.2,405.66532000000007,3793.2425799999996,1949.66854,6148.57644
1715,3B,ElPaso,0.55,0.30000000000000004,370.69548000000003,4016.7694399999996,2029.2869199999998,6416.751839999999
1716,3B,ElPaso,0.55,0.35000000000000003,356.45172,4134.99355,2069.7295099999997,6561.174779999999
1717,3B,ElPaso,0.55,0.45,335.16196,4378.40917,2149.7279299999996,6863.299059999999
1718,3B,ElPaso,0.55,0.4,344.77704,4255.592909999999,2109.6020399999998,6709.971989999999
1719,3B,ElPaso,0.55,0.55,319.1838,4620.20962,2237.54884,7176.94226
1720,3B,ElPaso,0.55,0.5,327.21624,4499.19855,2193.65422,7020.069009999999
1721,3B,ElPaso,0.55,0.6000000000000001,311.43320000000006,4739.92222,2283.37533,7334.730750000001
1722,3B,ElPaso,0.55,0.65,304.17040000000003,4859.19144,2329.6452,7493.0070399999995
1723,3B,ElPaso,0.55,0.7000000000000001,297.08104000000003,4977.03551,2376.42179,7650.538339999999
1724,3B,ElPaso,0.55,0.75,290.2952,5093.64445,2423.7050999999997,7807.6447499999995
1725,3B,ElPaso,0.55,0.8500000000000001,277.4498,5324.20205,2519.15848,8120.81033
1726,3B,ElPaso,0.55,0.8,283.42264,5209.42997,2471.27344,7964.12605
1727,3B,ElPaso,0.55,0.9500000000000001,266.72904,5543.67515,2613.66176,8424.06595
1728,3B,ElPaso,0.55,0.9,271.4878,5437.707329999999,2567.67692,8276.872049999998
1729,3B,ElPaso,0.5,0.01,562.31416,3539.72423,1807.7235999999998,5909.761989999999
1730,3B,ElPaso,0.5,0.15000000000000002,410.82516000000004,3703.10976,1912.8996699999998,6026.8345899999995
1731,3B,ElPaso,0.5,0.1,465.25280000000004,3602.36749,1872.0137,5939.63399
1732,3B,ElPaso,0.5,0.25,369.02612000000005,3922.13948,1991.8213099999998,6282.98691
1733,3B,ElPaso,0.5,0.2,386.7712,3809.4259499999994,1951.5054,6147.702549999999
1734,3B,ElPaso,0.5,0.30000000000000004,354.1428,4036.87989,2032.1055499999998,6423.12824
1735,3B,ElPaso,0.5,0.35000000000000003,340.65784,4156.87752,2072.92818,6570.46354
1736,3B,ElPaso,0.5,0.45,321.66616000000005,4403.36513,2153.7183499999996,6878.74964
1737,3B,ElPaso,0.5,0.4,329.98044000000004,4279.06038,2113.2440899999997,6722.28491
1738,3B,ElPaso,0.5,0.55,306.45764,4646.59073,2242.7743899999996,7195.822759999999
1739,3B,ElPaso,0.5,0.5,314.06732000000005,4524.914589999999,2198.4680599999997,7037.44997
1740,3B,ElPaso,0.5,0.6000000000000001,298.90216000000004,4766.9684,2289.1076,7354.978159999999
1741,3B,ElPaso,0.5,0.65,292.21388,4887.21939,2335.94753,7515.380800000001
1742,3B,ElPaso,0.5,0.7000000000000001,285.51476,5005.98189,2383.45253,7674.94918
1743,3B,ElPaso,0.5,0.75,278.92404000000005,5123.44592,2431.08421,7833.45417
1744,3B,ElPaso,0.5,0.8500000000000001,267.11928,5355.0803,2527.7410499999996,8149.940629999999
1745,3B,ElPaso,0.5,0.8,273.24388,5239.70649,2479.1592699999997,7992.109639999999
1746,3B,ElPaso,0.5,0.9500000000000001,257.31992,5577.75207,2624.23954,8459.311529999999
1747,3B,ElPaso,0.5,0.9,262.0028,5469.409,2577.08291,8308.494709999999
1748,3B,ElPaso,0.6000000000000001,0.01,613.83668,3469.16347,1807.7552699999997,5890.7554199999995
1749,3B,ElPaso,0.6000000000000001,0.15000000000000002,448.23400000000004,3681.1307799999995,1911.6962099999998,6041.06099
1750,3B,ElPaso,0.6000000000000001,0.1,500.58036000000004,3581.90867,1871.4436399999997,5953.932669999999
1751,3B,ElPaso,0.6000000000000001,0.25,404.10436000000004,3887.8408699999995,1987.64087,6279.5860999999995
1752,3B,ElPaso,0.6000000000000001,0.2,424.49440000000004,3779.71949,1948.4967499999998,6152.710639999999
1753,3B,ElPaso,0.6000000000000001,0.30000000000000004,387.50832,3999.25593,2027.16503,6413.92928
1754,3B,ElPaso,0.6000000000000001,0.35000000000000003,372.18056,4115.35815,2067.13257,6554.6712800000005
1755,3B,ElPaso,0.6000000000000001,0.45,349.22144000000003,4356.49353,2146.49759,6852.21256
1756,3B,ElPaso,0.6000000000000001,0.4,359.62784,4235.13409,2106.75174,6701.51367
1757,3B,ElPaso,0.6000000000000001,0.55,331.88828000000007,4596.457119999999,2233.1150399999997,7161.460439999999
1758,3B,ElPaso,0.6000000000000001,0.5,340.58196000000004,4476.26947,2189.79048,7006.64191
1759,3B,ElPaso,0.6000000000000001,0.6000000000000001,324.28944000000007,4715.251289999999,2278.40314,7317.943869999999
1760,3B,ElPaso,0.6000000000000001,0.65,316.30036000000007,4833.63375,2324.22963,7474.16374
1761,3B,ElPaso,0.6000000000000001,0.7000000000000001,309.0484000000001,4950.749409999999,2370.37282,7630.170629999999
1762,3B,ElPaso,0.6000000000000001,0.75,301.74224000000004,5066.6932799999995,2417.2127499999997,7785.648269999999
1763,3B,ElPaso,0.6000000000000001,0.8500000000000001,288.1272,5295.984079999999,2511.46267,8095.573949999999
1764,3B,ElPaso,0.6000000000000001,0.8,294.72876,5181.560369999999,2464.1160199999995,7940.405149999999
1765,3B,ElPaso,0.6000000000000001,0.9500000000000001,276.57176,5512.385189999999,2604.00241,8392.959359999999
1766,3B,ElPaso,0.6000000000000001,0.9,281.90504000000004,5408.12755,2559.2527,8249.28529
1767,3B,ElPaso,0.65,0.01,637.1210000000001,3457.19221,1808.19865,5902.5118600000005
1768,3B,ElPaso,0.65,0.15000000000000002,466.33680000000004,3677.6470799999997,1913.56474,6057.54862
1769,3B,ElPaso,0.65,0.1,513.19812,3577.0631599999997,1873.09048,5963.35176
1770,3B,ElPaso,0.65,0.25,419.91992000000005,3889.3293599999997,1992.26469,6301.51397
1771,3B,ElPaso,0.65,0.2,441.54572,3778.92774,1951.7587599999997,6172.23222
1772,3B,ElPaso,0.65,0.30000000000000004,401.99056,4004.38647,2033.0239800000002,6439.40101
1773,3B,ElPaso,0.65,0.35000000000000003,386.175,4122.64225,2073.81494,6582.63219
1774,3B,ElPaso,0.65,0.45,362.4354000000001,4364.82274,2154.22507,6881.48321
1775,3B,ElPaso,0.65,0.4,372.70088000000004,4243.43163,2113.90916,6730.0416700000005
1776,3B,ElPaso,0.65,0.55,344.26756,4600.63756,2240.30413,7185.20925
1777,3B,ElPaso,0.65,0.5,352.96124000000003,4484.060289999999,2198.15136,7035.172889999999
1778,3B,ElPaso,0.65,0.6000000000000001,335.89908,4717.436519999999,2284.83215,7338.16775
1779,3B,ElPaso,0.65,0.65,327.77992,4840.854509999999,2332.2738099999997,7500.908239999999
1780,3B,ElPaso,0.65,0.7000000000000001,319.96428000000003,4955.53158,2377.24521,7652.74107
1781,3B,ElPaso,0.65,0.75,312.10528000000005,5070.27199,2423.16671,7805.54398
1782,3B,ElPaso,0.65,0.8500000000000001,297.64472,5297.40923,2516.52987,8111.58382
1783,3B,ElPaso,0.65,0.8,304.90752,5183.87228,2469.65827,7958.438069999999
1784,3B,ElPaso,0.65,0.9500000000000001,285.21124000000003,5515.3305,2609.1329499999997,8409.67469
1785,3B,ElPaso,0.65,0.9,291.29248000000007,5409.14099,2563.8131799999996,8264.24665
1786,3B,ElPaso,0.7000000000000001,0.01,657.9338000000001,3450.7948699999993,1808.95873,5917.6874
1787,3B,ElPaso,0.7000000000000001,0.15000000000000002,483.80004,3676.09525,1916.00333,6075.89862
1788,3B,ElPaso,0.7000000000000001,0.1,524.61264,3575.6696799999995,1875.3073799999997,5975.589699999999
1789,3B,ElPaso,0.7000000000000001,0.25,435.48616000000004,3894.4599,1997.9652899999999,6327.91135
1790,3B,ElPaso,0.7000000000000001,0.2,458.14176000000003,3780.7329299999997,1955.90753,6194.782219999999
1791,3B,ElPaso,0.7000000000000001,0.30000000000000004,416.44028000000003,4013.28574,2040.1814,6469.90742
1792,3B,ElPaso,0.7000000000000001,0.35000000000000003,400.28868,4134.043449999999,2081.79578,6616.127909999999
1793,3B,ElPaso,0.7000000000000001,0.45,375.60600000000005,4377.680759999999,2164.10611,6917.39287
1794,3B,ElPaso,0.7000000000000001,0.4,386.0774400000001,4256.543009999999,2122.4283899999996,6765.0488399999995
1795,3B,ElPaso,0.7000000000000001,0.55,356.53844000000004,4610.17023,2249.74179,7216.45046
1796,3B,ElPaso,0.7000000000000001,0.5,365.86084,4495.99988,2207.9373899999996,7069.79811
1797,3B,ElPaso,0.7000000000000001,0.6000000000000001,347.82308,4724.81563,2293.19303,7365.83174
1798,3B,ElPaso,0.7000000000000001,0.65,338.92344,4851.970679999999,2341.64813,7532.542249999999
1799,3B,ElPaso,0.7000000000000001,0.7000000000000001,330.5658,4963.544089999999,2385.4160699999998,7679.525959999999
1800,3B,ElPaso,0.7000000000000001,0.75,322.54420000000005,5075.972589999999,2430.19745,7828.714239999999
1801,3B,ElPaso,0.7000000000000001,0.8500000000000001,307.60668,5300.89293,2522.35715,8130.85676
1802,3B,ElPaso,0.7000000000000001,0.8,315.01040000000006,5188.78113,2476.0872799999997,7979.87881
1803,3B,ElPaso,0.7000000000000001,0.9500000000000001,294.42524000000003,5519.320919999999,2614.80188,8428.548039999998
1804,3B,ElPaso,0.7000000000000001,0.9,300.7124400000001,5412.11797,2568.91205,8281.742460000001
1805,3B,ElPaso,0.75,0.01,677.84688,3444.58755,1809.87716,5932.31159
1806,3B,ElPaso,0.75,0.15000000000000002,501.10068,3676.66531,1918.9486399999998,6096.7146299999995
1807,3B,ElPaso,0.75,0.1,538.57456,3575.7646899999995,1877.8409800000002,5992.180229999999
1808,3B,ElPaso,0.75,0.25,450.32612000000006,3903.04247,2004.7109999999998,6358.079589999999
1809,3B,ElPaso,0.75,0.2,473.80556,3785.35675,1960.9747300000001,6220.13704
1810,3B,ElPaso,0.75,0.30000000000000004,430.10952,4026.1120899999996,2048.47894,6504.70055
1811,3B,ElPaso,0.75,0.35000000000000003,413.66524000000004,4150.06847,2091.07509,6654.808800000001
1812,3B,ElPaso,0.75,0.45,388.15872,4395.289279999999,2175.729,6959.177
1813,3B,ElPaso,0.75,0.4,399.28056,4274.6582499999995,2132.43611,6806.37492
1814,3B,ElPaso,0.75,0.55,368.54916000000003,4625.87855,2261.3963499999995,7255.824059999999
1815,3B,ElPaso,0.75,0.5,378.24012000000005,4513.228359999999,2219.59195,7111.0604299999995
1816,3B,ElPaso,0.75,0.6000000000000001,359.67120000000006,4737.80033,2303.6441299999997,7401.1156599999995
1817,3B,ElPaso,0.75,0.65,349.61168,4866.82391,2352.57428,7569.00987
1818,3B,ElPaso,0.75,0.7000000000000001,341.53588,4974.913619999999,2394.66371,7711.1132099999995
1819,3B,ElPaso,0.75,0.75,333.11320000000006,5084.27013,2438.08328,7855.4666099999995
1820,3B,ElPaso,0.75,0.8500000000000001,317.63368,5306.3401699999995,2528.78616,8152.76001
1821,3B,ElPaso,0.75,0.8,325.17832000000004,5196.06523,2483.2446999999997,8004.48825
1822,3B,ElPaso,0.75,0.9500000000000001,303.49832000000004,5523.43802,2620.28079,8447.217129999999
1823,3B,ElPaso,0.75,0.9,310.30584,5415.98171,2574.4859699999997,8300.773519999999
1824,3B,ElPaso,0.8500000000000001,0.01,719.9928000000001,3435.81496,1811.33398,5967.141740000001
1825,3B,ElPaso,0.8500000000000001,0.15000000000000002,537.94584,3666.5942499999996,1919.8354,6124.375489999999
1826,3B,ElPaso,0.8500000000000001,0.1,575.6148400000001,3568.2589,1879.07611,6022.94985
1827,3B,ElPaso,0.8500000000000001,0.25,483.90844000000004,3890.8178499999995,2006.57953,6381.30582
1828,3B,ElPaso,0.8500000000000001,0.2,508.46104,3774.2405799999997,1962.4315499999998,6245.133169999999
1829,3B,ElPaso,0.8500000000000001,0.30000000000000004,461.7514800000001,4013.79246,2050.98087,6526.524810000001
1830,3B,ElPaso,0.8500000000000001,0.35000000000000003,443.82212000000004,4138.09721,2094.08374,6676.00307
1831,3B,ElPaso,0.8500000000000001,0.45,416.10424000000006,4382.241239999999,2179.2760399999997,6977.621519999999
1832,3B,ElPaso,0.8500000000000001,0.4,428.451,4262.6236499999995,2135.7614599999997,6826.836109999999
1833,3B,ElPaso,0.8500000000000001,0.55,395.04212,4612.45047,2265.13341,7272.626
1834,3B,ElPaso,0.8500000000000001,0.5,405.24256,4499.103539999999,2222.7906199999998,7127.136719999999
1835,3B,ElPaso,0.8500000000000001,0.6000000000000001,385.17772,4722.377039999999,2306.55777,7414.1125299999985
1836,3B,ElPaso,0.8500000000000001,0.65,373.6548,4853.90255,2355.9629699999996,7583.52032
1837,3B,ElPaso,0.8500000000000001,0.7000000000000001,364.6034,4959.49033,2396.5955799999997,7720.68931
1838,3B,ElPaso,0.8500000000000001,0.75,356.18072,5066.7882899999995,2438.7800199999997,7861.749029999999
1839,3B,ElPaso,0.8500000000000001,0.8500000000000001,339.2378,5285.279619999999,2527.4560199999996,8151.973439999999
1840,3B,ElPaso,0.8500000000000001,0.8,347.50872,5176.619849999999,2482.83299,8006.961559999999
1841,3B,ElPaso,0.8500000000000001,0.9500000000000001,323.99676,5499.337149999999,2617.0504499999997,8440.38436
1842,3B,ElPaso,0.8500000000000001,0.9,331.44384,5393.59102,2572.1107199999997,8297.14558
1843,3B,ElPaso,0.8,0.01,699.2667200000001,3439.96373,1810.3522099999998,5949.58266
1844,3B,ElPaso,0.8,0.15000000000000002,520.38504,3668.58946,1918.28357,6107.25807
1845,3B,ElPaso,0.8,0.1,557.8047200000001,3569.87407,1877.6826299999998,6005.361419999999
1846,3B,ElPaso,0.8,0.25,467.91944000000007,3895.5366799999997,2005.2810599999998,6368.73718
1847,3B,ElPaso,0.8,0.2,492.14684,3777.53426,1961.0064,6230.6875
1848,3B,ElPaso,0.8,0.30000000000000004,446.3912,4019.46139,2049.77741,6515.630000000001
1849,3B,ElPaso,0.8,0.35000000000000003,428.83040000000005,4144.62123,2092.94362,6666.39525
1850,3B,ElPaso,0.8,0.45,402.56508,4390.53878,2178.6109699999997,6971.71483
1851,3B,ElPaso,0.8,0.4,414.10968,4269.68606,2134.7480199999995,6818.543759999999
1852,3B,ElPaso,0.8,0.55,381.76312,4623.05992,2265.3867699999996,7270.2098099999985
1853,3B,ElPaso,0.8,0.5,391.83348000000007,4508.69955,2222.5372599999996,7123.07029
1854,3B,ElPaso,0.8,0.6000000000000001,372.2456,4734.56999,2307.4445299999998,7414.26012
1855,3B,ElPaso,0.8,0.65,361.4164400000001,4867.74234,2357.6414800000002,7586.80026
1856,3B,ElPaso,0.8,0.7000000000000001,352.83116,4975.357,2399.12918,7727.31734
1857,3B,ElPaso,0.8,0.75,344.23504,5084.08011,2441.97869,7870.29384
1858,3B,ElPaso,0.8,0.8500000000000001,327.87748000000005,5305.16838,2532.17485,8165.22071
1859,3B,ElPaso,0.8,0.8,335.82320000000004,5195.11513,2486.8867499999997,8017.82508
1860,3B,ElPaso,0.8,0.9500000000000001,313.28684,5522.26623,2623.47946,8459.03253
1861,3B,ElPaso,0.8,0.9,320.15940000000006,5414.873259999999,2577.58963,8312.62229
1862,3B,ElPaso,0.9500000000000001,0.01,757.3366,3430.8110999999994,1813.4875399999999,6001.63524
1863,3B,ElPaso,0.9500000000000001,0.15000000000000002,571.58236,3664.9790799999996,1923.60413,6160.165569999999
1864,3B,ElPaso,0.9500000000000001,0.1,610.86652,3567.40381,1882.4964699999998,6060.766799999999
1865,3B,ElPaso,0.9500000000000001,0.25,514.6073200000001,3886.2256999999995,2010.50661,6411.33963
1866,3B,ElPaso,0.9500000000000001,0.2,540.5908000000001,3771.2952699999996,1966.3269599999999,6278.213029999999
1867,3B,ElPaso,0.9500000000000001,0.30000000000000004,491.74576,4007.4584600000003,2054.68626,6553.89048
1868,3B,ElPaso,0.9500000000000001,0.35000000000000003,472.33132000000006,4130.87645,2097.75746,6700.96523
1869,3B,ElPaso,0.9500000000000001,0.45,443.22592000000003,4370.80837,2182.2530199999997,6996.28731
1870,3B,ElPaso,0.9500000000000001,0.4,456.07132000000007,4253.69271,2139.11848,6848.88251
1871,3B,ElPaso,0.9500000000000001,0.55,420.70040000000006,4597.217199999999,2266.3052,7284.222799999999
1872,3B,ElPaso,0.9500000000000001,0.5,431.44284000000005,4485.61212,2224.84917,7141.904129999999
1873,3B,ElPaso,0.9500000000000001,0.6000000000000001,410.5324800000001,4703.24836,2306.24107,7420.0219099999995
1874,3B,ElPaso,0.9500000000000001,0.65,397.90388,4831.67021,2354.3161299999997,7583.890219999999
1875,3B,ElPaso,0.9500000000000001,0.7000000000000001,388.84164,4933.17256,2393.14355,7715.157749999999
1876,3B,ElPaso,0.9500000000000001,0.75,379.4542,5037.08183,2433.6178099999997,7850.15384
1877,3B,ElPaso,0.9500000000000001,0.8500000000000001,362.24028000000004,5249.524189999999,2519.25349,8131.017959999999
1878,3B,ElPaso,0.9500000000000001,0.8,370.8364,5144.09476,2476.24563,7991.1767899999995
1879,3B,ElPaso,0.9500000000000001,0.9500000000000001,345.9694400000001,5457.40607,2605.7125899999996,8409.088099999999
1880,3B,ElPaso,0.9500000000000001,0.9,353.82844000000006,5354.858609999999,2562.51471,8271.20176
1881,3B,ElPaso,0.9,0.01,738.8218800000001,3433.0596699999996,1812.37909,5984.26064
1882,3B,ElPaso,0.9,0.15000000000000002,555.09472,3665.0424199999998,1921.51391,6141.6510499999995
1883,3B,ElPaso,0.9,0.1,593.28404,3567.59383,1880.7229499999999,6041.60082
1884,3B,ElPaso,0.9,0.25,499.37712000000005,3887.7775299999994,2008.3530499999997,6395.507699999999
1885,3B,ElPaso,0.9,0.2,524.8728,3772.02368,1964.14173,6261.03821
1886,3B,ElPaso,0.9,0.30000000000000004,476.92748000000006,4009.7386999999994,2052.6277099999998,6539.293889999999
1887,3B,ElPaso,0.9,0.35000000000000003,458.1526,4133.948439999999,2095.6672399999998,6687.768279999999
1888,3B,ElPaso,0.9,0.45,429.73012000000006,4375.62221,2180.5428399999996,6985.89517
1889,3B,ElPaso,0.9,0.4,442.30452,4257.52478,2137.15494,6836.98424
1890,3B,ElPaso,0.9,0.55,407.98508000000004,4604.08959,2265.48178,7277.55645
1891,3B,ElPaso,0.9,0.5,418.49988,4491.56608,2223.5507,7133.61666
1892,3B,ElPaso,0.9,0.6000000000000001,397.86052,4711.830929999999,2306.17773,7415.86918
1893,3B,ElPaso,0.9,0.65,385.8714800000001,4841.8362799999995,2354.7911799999997,7582.4989399999995
1894,3B,ElPaso,0.9,0.7000000000000001,376.62496000000004,4945.618869999999,2394.60037,7716.8442
1895,3B,ElPaso,0.9,0.75,367.67112000000003,5051.17498,2435.96139,7854.807489999999
1896,3B,ElPaso,0.9,0.8500000000000001,350.7282,5266.75267,2523.18057,8140.66144
1897,3B,ElPaso,0.9,0.8,359.38936000000007,5159.54972,2479.31762,7998.2567
1898,3B,ElPaso,0.9,0.9500000000000001,334.83676,5477.8332199999995,2611.2548399999996,8423.92482
1899,3B,ElPaso,0.9,0.9,342.72828000000004,5373.543909999999,2567.07519,8283.34738
1900,8,Fairbanks,0.01,0.01,2877.19616,882.19952,1613.4598199999998,5372.8555
1901,8,Fairbanks,0.01,0.15000000000000002,2806.17248,1043.93821,1711.98519,5562.095880000001
1902,8,Fairbanks,0.01,0.1,2788.6658800000005,1033.0437299999999,1674.77294,5496.482550000001
1903,8,Fairbanks,0.01,0.25,2510.94508,1091.79158,1782.2925899999998,5385.02925
1904,8,Fairbanks,0.01,0.2,2724.5256000000004,1044.25491,1747.20223,5515.98274
1905,8,Fairbanks,0.01,0.30000000000000004,2424.6803600000003,1171.2832799999999,1817.5729699999997,5413.536609999999
1906,8,Fairbanks,0.01,0.35000000000000003,2432.2792000000004,1251.72508,1853.2650599999997,5537.26934
1907,8,Fairbanks,0.01,0.45,2452.84268,1427.62026,1934.0552300000002,5814.51817
1908,8,Fairbanks,0.01,0.4,2442.06772,1338.75424,1892.2191599999999,5673.04112
1909,8,Fairbanks,0.01,0.55,2473.0376,1589.96068,2013.32524,6076.32352
1910,8,Fairbanks,0.01,0.5,2462.8588400000003,1509.26552,1973.73774,5945.8621
1911,8,Fairbanks,0.01,0.6000000000000001,2482.7285600000005,1670.49749,2052.94441,6206.17046
1912,8,Fairbanks,0.01,0.65,2494.97776,1747.5822699999997,2092.56358,6335.12361
1913,8,Fairbanks,0.01,0.7000000000000001,2505.75272,1822.86186,2132.2460899999996,6460.860669999999
1914,8,Fairbanks,0.01,0.75,2518.55476,1897.28636,2172.53033,6588.371450000001
1915,8,Fairbanks,0.01,0.8500000000000001,2545.96912,2043.95013,2254.08058,6843.99983
1916,8,Fairbanks,0.01,0.8,2531.7904,1971.04579,2213.16294,6715.99913
1917,8,Fairbanks,0.01,0.9500000000000001,2573.2642400000004,2197.29627,2337.21433,7107.77484
1918,8,Fairbanks,0.01,0.9,2560.48388,2119.00803,2295.59995,6975.09186
1919,8,Fairbanks,0.05,0.01,3048.3489200000004,840.2051,1611.33793,5499.89195
1920,8,Fairbanks,0.05,0.15000000000000002,2957.0978,1001.2470499999998,1709.1348899999998,5667.47974
1921,8,Fairbanks,0.05,0.1,2948.87024,983.0051299999999,1672.04932,5603.92469
1922,8,Fairbanks,0.05,0.25,2643.10636,1032.60035,1778.2704999999999,5453.97721
1923,8,Fairbanks,0.05,0.2,2860.36164,991.99941,1743.78187,5596.14292
1924,8,Fairbanks,0.05,0.30000000000000004,2561.57872,1108.9250499999998,1813.1074999999998,5483.611269999999
1925,8,Fairbanks,0.05,0.35000000000000003,2566.4784,1185.7881399999999,1848.22953,5600.496069999999
1926,8,Fairbanks,0.05,0.45,2583.41048,1356.33109,1927.6895599999998,5867.43113
1927,8,Fairbanks,0.05,0.4,2574.0338800000004,1269.61863,1886.61357,5730.26608
1928,8,Fairbanks,0.05,0.55,2600.8954,1516.0745699999998,2006.23116,6123.20113
1929,8,Fairbanks,0.05,0.5,2591.4429200000004,1436.48786,1966.92869,5994.85947
1930,8,Fairbanks,0.05,0.6000000000000001,2609.8709200000003,1596.00965,2045.5019599999998,6251.38253
1931,8,Fairbanks,0.05,0.65,2619.9738,1673.03109,2084.89944,6377.90433
1932,8,Fairbanks,0.05,0.7000000000000001,2630.99808,1747.2972399999999,2124.4235999999996,6502.718919999999
1933,8,Fairbanks,0.05,0.75,2641.1443200000003,1821.1516799999997,2164.16945,6626.46545
1934,8,Fairbanks,0.05,0.8500000000000001,2666.24976,1965.9469199999999,2244.99129,6877.18797
1935,8,Fairbanks,0.05,0.8,2653.6862000000006,1893.5493,2204.5487,6751.7842
1936,8,Fairbanks,0.05,0.9500000000000001,2693.6532800000004,2115.2709699999996,2327.4282999999996,7136.35255
1937,8,Fairbanks,0.05,0.9,2679.09516,2038.97794,2286.0672799999998,7004.140379999999
1938,8,Fairbanks,0.15000000000000002,0.01,3458.6429200000002,762.55026,1609.3110499999998,5830.5042300000005
1939,8,Fairbanks,0.15000000000000002,0.15000000000000002,3317.4519200000004,925.55575,1705.30282,5948.310490000001
1940,8,Fairbanks,0.15000000000000002,0.1,3330.3948800000003,891.7955299999999,1669.1040099999998,5891.29442
1941,8,Fairbanks,0.15000000000000002,0.25,2972.14372,920.6152299999999,1771.5881299999999,5664.34708
1942,8,Fairbanks,0.15000000000000002,0.2,3192.5426,894.89919,1738.3663,5825.80809
1943,8,Fairbanks,0.15000000000000002,0.30000000000000004,2900.7081200000002,990.19422,1805.2533399999998,5696.15568
1944,8,Fairbanks,0.15000000000000002,0.35000000000000003,2900.1878,1061.07168,1839.2669199999998,5800.5264
1945,8,Fairbanks,0.15000000000000002,0.45,2907.85168,1219.80172,1916.1300099999999,6043.78341
1946,8,Fairbanks,0.15000000000000002,0.4,2902.3558,1139.10656,1876.6058499999997,5918.068209999999
1947,8,Fairbanks,0.15000000000000002,0.55,2920.5886800000003,1369.15744,1992.45471,6282.20083
1948,8,Fairbanks,0.15000000000000002,0.5,2912.58876,1293.9728599999999,1954.10234,6160.66396
1949,8,Fairbanks,0.15000000000000002,0.6000000000000001,2926.49648,1445.79884,2031.0287699999997,6403.324089999999
1950,8,Fairbanks,0.15000000000000002,0.65,2932.39344,1521.2367799999997,2069.6344999999997,6523.264719999999
1951,8,Fairbanks,0.15000000000000002,0.7000000000000001,2941.29308,1594.29947,2108.3669099999997,6643.959459999999
1952,8,Fairbanks,0.15000000000000002,0.75,2949.6615600000005,1665.81033,2147.06765,6762.539540000001
1953,8,Fairbanks,0.15000000000000002,0.8500000000000001,2966.1383600000004,1808.26199,2226.11597,7000.51632
1954,8,Fairbanks,0.15000000000000002,0.8,2957.3146,1737.1945099999998,2186.30678,6880.81589
1955,8,Fairbanks,0.15000000000000002,0.9500000000000001,2988.317,1951.56874,2306.3994199999997,7246.285159999999
1956,8,Fairbanks,0.15000000000000002,0.9,2975.98108,1878.85442,2265.89349,7120.72899
1957,8,Fairbanks,0.1,0.01,3257.2790800000002,797.26058,1609.84944,5664.3891
1958,8,Fairbanks,0.1,0.15000000000000002,3141.06344,963.7180999999999,1706.63296,5811.4145
1959,8,Fairbanks,0.1,0.1,3143.3073200000003,932.61816,1669.9590999999998,5745.88458
1960,8,Fairbanks,0.1,0.25,2809.15348,971.60393,1774.5017699999996,5555.25918
1961,8,Fairbanks,0.1,0.2,3028.54424,939.0788399999999,1740.6148699999999,5708.237950000001
1962,8,Fairbanks,0.1,0.30000000000000004,2731.63664,1044.28658,1808.6103600000001,5584.53358
1963,8,Fairbanks,0.1,0.35000000000000003,2734.2165600000003,1118.2360299999998,1843.194,5695.64659
1964,8,Fairbanks,0.1,0.45,2745.85872,1281.87492,1921.4189000000001,5949.152540000001
1965,8,Fairbanks,0.1,0.4,2739.25716,1198.6778299999999,1881.1029899999999,5819.037979999999
1966,8,Fairbanks,0.1,0.55,2761.5333600000004,1436.83623,1998.9153899999997,6197.28498
1967,8,Fairbanks,0.1,0.5,2752.9914400000002,1359.14972,1960.0562999999997,6072.197459999999
1968,8,Fairbanks,0.1,0.6000000000000001,2768.8612000000003,1515.2511499999998,2037.7428099999997,6321.85516
1969,8,Fairbanks,0.1,0.65,2775.89636,1591.6391899999999,2076.63357,6444.1691200000005
1970,8,Fairbanks,0.1,0.7000000000000001,2786.2160400000002,1665.65198,2115.556,6567.42402
1971,8,Fairbanks,0.1,0.75,2794.96392,1738.14461,2154.63678,6687.74531
1972,8,Fairbanks,0.1,0.8500000000000001,2815.8092400000005,1882.0847599999997,2234.76188,6932.65588
1973,8,Fairbanks,0.1,0.8,2805.29444,1810.1305199999997,2194.54098,6809.96594
1974,8,Fairbanks,0.1,0.9500000000000001,2840.81712,2027.16503,2316.24879,7184.2309399999995
1975,8,Fairbanks,0.1,0.9,2828.5028800000005,1953.0255599999998,2275.2361399999995,7056.764579999999
1976,8,Fairbanks,0.25,0.01,3840.65536,714.63355,1611.55962,6166.84853
1977,8,Fairbanks,0.25,0.15000000000000002,3645.5462,871.1783599999999,1705.49284,6222.2174
1978,8,Fairbanks,0.25,0.1,3683.2694,828.36052,1669.9274299999997,6181.55735
1979,8,Fairbanks,0.25,0.25,3292.30312,841.1235299999998,1768.0727599999998,5901.499409999999
1980,8,Fairbanks,0.25,0.2,3505.385,821.36145,1736.4660999999996,6063.21255
1981,8,Fairbanks,0.25,0.30000000000000004,3230.7752800000003,903.8301299999999,1800.4078299999999,5935.01324
1982,8,Fairbanks,0.25,0.35000000000000003,3225.8539200000005,968.7536299999999,1833.3763,6027.9838500000005
1983,8,Fairbanks,0.25,0.45,3224.59648,1118.39438,1908.37086,6251.36172
1984,8,Fairbanks,0.25,0.4,3224.29296,1041.68964,1869.8601399999998,6135.84274
1985,8,Fairbanks,0.25,0.55,3229.74548,1260.27598,1982.82703,6472.84849
1986,8,Fairbanks,0.25,0.5,3226.6018800000006,1189.01848,1945.4564299999997,6361.076790000001
1987,8,Fairbanks,0.25,0.6000000000000001,3234.37416,1332.89529,2020.3243099999997,6587.59376
1988,8,Fairbanks,0.25,0.65,3237.99472,1404.8812,2058.01161,6700.88753
1989,8,Fairbanks,0.25,0.7000000000000001,3243.12204,1475.47363,2095.8572599999998,6814.45293
1990,8,Fairbanks,0.25,0.75,3248.9648,1545.3059799999999,2134.08295,6928.35373
1991,8,Fairbanks,0.25,0.8500000000000001,3261.5066800000004,1684.49563,2211.42109,7157.4234
1992,8,Fairbanks,0.25,0.8,3254.7316800000003,1615.07499,2172.43532,7042.24199
1993,8,Fairbanks,0.25,0.9500000000000001,3278.47128,1823.9386399999999,2290.0577,7392.467619999999
1994,8,Fairbanks,0.25,0.9,3268.99712,1752.9978399999998,2250.7869,7272.78186
1995,8,Fairbanks,0.2,0.01,3653.05832,735.9791299999999,1609.8811099999998,5998.91856
1996,8,Fairbanks,0.2,0.15000000000000002,3486.11148,897.40112,1705.1127999999999,6088.6254
1997,8,Fairbanks,0.2,0.1,3511.2602800000004,857.27523,1669.1040099999998,6037.639520000001
1998,8,Fairbanks,0.2,0.25,3133.1610800000003,877.5757,1769.46624,5780.20302
1999,8,Fairbanks,0.2,0.2,3352.06404,856.6735,1737.00449,5945.74203
2000,8,Fairbanks,0.2,0.30000000000000004,3067.1129600000004,943.4492999999999,1802.4347099999998,5812.99697
2001,8,Fairbanks,0.2,0.35000000000000003,3064.72816,1011.7298199999999,1836.0049099999999,5912.46289
2002,8,Fairbanks,0.2,0.45,3068.44628,1166.12107,1911.98124,6146.54859
2003,8,Fairbanks,0.2,0.4,3064.7932000000005,1087.13609,1872.93213,6024.86142
2004,8,Fairbanks,0.2,0.55,3075.3188400000004,1311.138,1987.10248,6373.55932
2005,8,Fairbanks,0.2,0.5,3071.75248,1238.3920099999998,1949.4151799999997,6259.55967
2006,8,Fairbanks,0.2,0.6000000000000001,3081.2916800000003,1385.37248,2025.0748099999996,6491.73897
2007,8,Fairbanks,0.2,0.65,3086.02876,1459.19525,2063.3005,6608.524509999999
2008,8,Fairbanks,0.2,0.7000000000000001,3093.72516,1531.30784,2101.7795499999997,6726.812549999999
2009,8,Fairbanks,0.2,0.75,3100.84704,1602.1852999999999,2140.2902699999995,6843.322609999999
2010,8,Fairbanks,0.2,0.8500000000000001,3115.1450000000004,1743.02179,2218.42016,7076.586950000001
2011,8,Fairbanks,0.2,0.8,3107.10172,1672.7143899999999,2178.8959999999997,6958.7121099999995
2012,8,Fairbanks,0.2,0.9500000000000001,3135.1773200000002,1884.42834,2297.8168499999997,7317.42251
2013,8,Fairbanks,0.2,0.9,3123.6869200000006,1812.66412,2257.97599,7194.32703
2014,8,Fairbanks,0.30000000000000004,0.01,4020.41508,697.24672,1614.94831,6332.61011
2015,8,Fairbanks,0.30000000000000004,0.15000000000000002,3791.9078800000007,846.12739,1707.1713499999998,6345.20662
2016,8,Fairbanks,0.30000000000000004,0.1,3837.62016,804.32299,1672.01765,6313.9608
2017,8,Fairbanks,0.30000000000000004,0.25,3442.0468800000003,815.62918,1770.5113499999998,6028.18741
2018,8,Fairbanks,0.30000000000000004,0.2,3644.93916,783.32578,1738.7146699999998,6166.97961
2019,8,Fairbanks,0.30000000000000004,0.30000000000000004,3390.09076,876.5622599999998,1802.4347099999998,6069.087729999999
2020,8,Fairbanks,0.30000000000000004,0.35000000000000003,3383.31576,940.94737,1835.87823,6160.1413600000005
2021,8,Fairbanks,0.30000000000000004,0.45,3376.2155600000006,1075.10149,1904.41211,6355.729160000001
2022,8,Fairbanks,0.30000000000000004,0.4,3378.8930400000004,1007.106,1869.8601399999998,6255.85918
2023,8,Fairbanks,0.30000000000000004,0.55,3380.8225600000005,1214.70285,1978.9949599999998,6574.52037
2024,8,Fairbanks,0.30000000000000004,0.5,3376.29144,1143.06531,1940.2942199999998,6459.65097
2025,8,Fairbanks,0.30000000000000004,0.6000000000000001,3384.37808,1286.0553599999998,2016.2705499999997,6686.70399
2026,8,Fairbanks,0.30000000000000004,0.65,3386.8170800000003,1356.80614,2053.70449,6797.3277100000005
2027,8,Fairbanks,0.30000000000000004,0.7000000000000001,3391.3265200000005,1426.2267799999997,2091.23344,6908.7867400000005
2028,8,Fairbanks,0.30000000000000004,0.75,3395.4890800000003,1494.8239999999998,2128.88907,7019.20215
2029,8,Fairbanks,0.30000000000000004,0.8500000000000001,3405.47272,1631.25836,2204.99208,7241.7231600000005
2030,8,Fairbanks,0.30000000000000004,0.8,3399.81424,1563.1995299999999,2166.6713799999998,7129.685149999999
2031,8,Fairbanks,0.30000000000000004,0.9500000000000001,3419.0335600000003,1768.6744899999999,2282.93195,7470.64
2032,8,Fairbanks,0.30000000000000004,0.9,3411.1528800000006,1699.6022199999998,2244.10453,7354.859630000001
2033,8,Fairbanks,0.35000000000000003,0.01,4193.30224,682.5835099999999,1618.1786499999998,6494.064399999999
2034,8,Fairbanks,0.35000000000000003,0.15000000000000002,3924.7846000000004,824.75014,1708.6598399999998,6458.194579999999
2035,8,Fairbanks,0.35000000000000003,0.1,3987.8625600000005,783.42079,1673.9495199999997,6445.23287
2036,8,Fairbanks,0.35000000000000003,0.25,3595.27028,787.69624,1770.5113499999998,6153.47787
2037,8,Fairbanks,0.35000000000000003,0.2,3788.21144,754.91779,1739.3164,6282.44563
2038,8,Fairbanks,0.35000000000000003,0.30000000000000004,3545.764,846.5707699999999,1801.73797,6194.0727400000005
2039,8,Fairbanks,0.35000000000000003,0.35000000000000003,3536.2464800000002,908.67564,1834.42141,6279.34353
2040,8,Fairbanks,0.35000000000000003,0.45,3526.83736,1038.11093,1902.13187,6467.08016
2041,8,Fairbanks,0.35000000000000003,0.4,3530.2736400000003,972.4273499999999,1867.95994,6370.66093
2042,8,Fairbanks,0.35000000000000003,0.55,3527.59616,1174.03857,1975.79629,6677.43102
2043,8,Fairbanks,0.35000000000000003,0.5,3524.3008,1104.07954,1937.4755899999998,6565.85593
2044,8,Fairbanks,0.35000000000000003,0.6000000000000001,3530.4037200000002,1243.58589,2012.6601699999999,6786.649780000001
2045,8,Fairbanks,0.35000000000000003,0.65,3532.92944,1313.41824,2049.80908,6896.15676
2046,8,Fairbanks,0.35000000000000003,0.7000000000000001,3535.5852400000003,1381.8254399999998,2087.11634,7004.5270199999995
2047,8,Fairbanks,0.35000000000000003,0.75,3537.8833200000004,1449.56757,2124.55028,7112.00117
2048,8,Fairbanks,0.35000000000000003,0.8500000000000001,3546.2192800000003,1584.00672,2199.67152,7329.89752
2049,8,Fairbanks,0.35000000000000003,0.8,3541.0702800000004,1517.2146899999998,2162.0158899999997,7220.30086
2050,8,Fairbanks,0.35000000000000003,0.9500000000000001,3556.9508800000003,1717.4007599999998,2276.4395999999997,7550.79124
2051,8,Fairbanks,0.35000000000000003,0.9,3551.0105600000006,1651.3371399999999,2238.18224,7440.52994
2052,8,Fairbanks,0.45,0.01,4521.103840000001,661.1429199999999,1625.2410599999998,6807.48782
2053,8,Fairbanks,0.45,0.15000000000000002,4193.9418000000005,787.98127,1712.65026,6694.573330000001
2054,8,Fairbanks,0.45,0.1,4281.51816,750.8006899999999,1678.06662,6710.385469999999
2055,8,Fairbanks,0.45,0.25,3889.4028400000007,740.7296299999999,1772.3165399999998,6402.44901
2056,8,Fairbanks,0.45,0.2,4058.1382800000006,705.76595,1742.2933799999998,6506.19761
2057,8,Fairbanks,0.45,0.30000000000000004,3844.49272,796.1838,1802.1813499999998,6442.85787
2058,8,Fairbanks,0.45,0.35000000000000003,3830.71508,854.61495,1833.50298,6518.83301
2059,8,Fairbanks,0.45,0.45,3814.867,976.2277499999999,1898.9965399999999,6690.09129
2060,8,Fairbanks,0.45,0.4,3821.02412,914.7562799999998,1865.8380499999998,6601.61845
2061,8,Fairbanks,0.45,0.55,3810.9212400000006,1104.45958,1971.0141199999998,6886.39494
2062,8,Fairbanks,0.45,0.5,3811.5499600000003,1038.23761,1933.35849,6783.146060000001
2063,8,Fairbanks,0.45,0.6000000000000001,3810.3575600000004,1170.77656,2007.1495899999998,6988.283710000001
2064,8,Fairbanks,0.45,0.65,3812.2328800000005,1238.3286699999999,2043.5384199999999,7094.09997
2065,8,Fairbanks,0.45,0.7000000000000001,3813.70712,1304.6773199999998,2080.21228,7198.59672
2066,8,Fairbanks,0.45,0.75,3814.9103600000003,1370.42424,2117.01282,7302.34742
2067,8,Fairbanks,0.45,0.8500000000000001,3817.2409600000005,1501.7913999999998,2191.05728,7510.08964
2068,8,Fairbanks,0.45,0.8,3815.2464,1436.20283,2153.97171,7405.42094
2069,8,Fairbanks,0.45,0.9500000000000001,3825.8154,1629.80154,2265.22842,7720.845359999999
2070,8,Fairbanks,0.45,0.9,3821.12168,1567.6966699999998,2228.39621,7617.214559999999
2071,8,Fairbanks,0.4,0.01,4360.1298400000005,670.80227,1621.59901,6652.531120000001
2072,8,Fairbanks,0.4,0.15000000000000002,4058.26836,804.79804,1710.5600399999998,6573.62644
2073,8,Fairbanks,0.4,0.1,4137.367840000001,766.35066,1675.9764,6579.6949
2074,8,Fairbanks,0.4,0.25,3744.4612000000006,762.8986299999999,1771.1130799999999,6278.47291
2075,8,Fairbanks,0.4,0.2,3925.28324,728.37833,1740.6782099999998,6394.33978
2076,8,Fairbanks,0.4,0.30000000000000004,3697.06872,819.96797,1801.6112899999998,6318.64798
2077,8,Fairbanks,0.4,0.35000000000000003,3685.6975600000005,880.14097,1833.62966,6399.468190000001
2078,8,Fairbanks,0.4,0.45,3672.7762800000005,1005.26914,1900.2633399999997,6578.30876
2079,8,Fairbanks,0.4,0.4,3677.94696,941.9608099999999,1866.5981299999999,6486.5059
2080,8,Fairbanks,0.4,0.55,3670.84676,1137.49139,1973.1993499999996,6781.537499999999
2081,8,Fairbanks,0.4,0.5,3669.8928400000004,1069.30588,1935.1953499999997,6674.39407
2082,8,Fairbanks,0.4,0.6000000000000001,3672.11504,1205.23352,2009.6198499999998,6886.96841
2083,8,Fairbanks,0.4,0.65,3674.6299200000003,1274.0841,2046.4203899999998,6995.134410000001
2084,8,Fairbanks,0.4,0.7000000000000001,3676.5269200000002,1341.41452,2083.37928,7101.320720000001
2085,8,Fairbanks,0.4,0.75,3678.4456000000005,1408.14321,2120.52819,7207.117
2086,8,Fairbanks,0.4,0.8500000000000001,3683.6054400000003,1541.2205499999998,2195.17438,7420.00037
2087,8,Fairbanks,0.4,0.8,3680.08244,1475.22027,2157.80378,7313.10649
2088,8,Fairbanks,0.4,0.9500000000000001,3693.1988400000005,1671.9859800000002,2270.739,7635.92382
2089,8,Fairbanks,0.4,0.9,3687.42112,1607.7275499999998,2233.1150399999997,7528.263709999999
2090,8,Fairbanks,0.55,0.01,4825.40432,645.56128,1634.5520399999998,7105.517639999999
2091,8,Fairbanks,0.55,0.15000000000000002,4458.12344,753.3976299999999,1717.7174599999998,6929.2385300000005
2092,8,Fairbanks,0.55,0.1,4555.921920000001,728.18831,1683.8305599999997,6967.94079
2093,8,Fairbanks,0.55,0.25,4168.17512,704.0241,1775.35686,6647.556079999999
2094,8,Fairbanks,0.55,0.2,4312.46636,668.8703999999999,1746.2838,6727.62056
2095,8,Fairbanks,0.55,0.30000000000000004,4127.33,755.8678899999999,1804.5565999999997,6687.754489999999
2096,8,Fairbanks,0.55,0.35000000000000003,4107.93724,811.1637099999999,1834.9281299999998,6754.02908
2097,8,Fairbanks,0.55,0.45,4087.63392,926.72754,1898.07811,6912.4395700000005
2098,8,Fairbanks,0.55,0.4,4096.33844,868.2330499999998,1866.15475,6830.72624
2099,8,Fairbanks,0.55,0.55,4078.90772,1048.3720099999998,1968.0688099999998,7095.34854
2100,8,Fairbanks,0.55,0.5,4081.5418400000003,985.72875,1931.33161,6998.6022
2101,8,Fairbanks,0.55,0.6000000000000001,4076.8806400000003,1111.04694,2003.41253,7191.340110000001
2102,8,Fairbanks,0.55,0.65,4075.26548,1176.00211,2039.1046199999998,7290.3722099999995
2103,8,Fairbanks,0.55,0.7000000000000001,4076.71804,1240.26054,2075.14508,7392.123659999999
2104,8,Fairbanks,0.55,0.75,4076.6855200000005,1304.51897,2111.3755599999995,7492.58005
2105,8,Fairbanks,0.55,0.8500000000000001,4073.7478800000004,1432.3074199999999,2184.1532199999997,7690.20852
2106,8,Fairbanks,0.55,0.8,4075.2112800000004,1368.52404,2147.73272,7591.468040000001
2107,8,Fairbanks,0.55,0.9500000000000001,4079.6882000000005,1555.8837599999997,2255.3473799999997,7890.91934
2108,8,Fairbanks,0.55,0.9,4076.3928400000004,1496.37583,2220.76374,7793.53241
2109,8,Fairbanks,0.5,0.01,4675.95324,652.8137099999999,1629.6115199999997,6958.378469999999
2110,8,Fairbanks,0.5,0.15000000000000002,4327.56648,772.05126,1714.9305,6814.54824
2111,8,Fairbanks,0.5,0.1,4420.909720000001,738.8611,1680.8852499999998,6840.656070000001
2112,8,Fairbanks,0.5,0.25,4030.3228400000007,721.1258999999999,1773.7100199999998,6525.15876
2113,8,Fairbanks,0.5,0.2,4186.819920000001,686.1938899999999,1744.1935799999999,6617.2073900000005
2114,8,Fairbanks,0.5,0.30000000000000004,3987.4072800000004,774.9649,1803.2897999999998,6565.66198
2115,8,Fairbanks,0.5,0.35000000000000003,3971.2990400000003,831.68587,1834.04137,6637.02628
2116,8,Fairbanks,0.5,0.45,3953.5322800000004,950.1950099999999,1898.20479,6801.9320800000005
2117,8,Fairbanks,0.5,0.4,3960.81676,890.37038,1865.6797,6716.86684
2118,8,Fairbanks,0.5,0.55,3946.54048,1074.97481,1969.30394,6990.81923
2119,8,Fairbanks,0.5,0.5,3948.6326000000004,1010.5580299999999,1932.0600199999997,6891.25065
2120,8,Fairbanks,0.5,0.6000000000000001,3945.76,1139.3599199999999,2005.0276999999999,7090.14762
2121,8,Fairbanks,0.5,0.65,3945.2505200000005,1205.6769,2041.0998299999999,7192.02725
2122,8,Fairbanks,0.5,0.7000000000000001,3946.74644,1271.10712,2077.48866,7295.3422199999995
2123,8,Fairbanks,0.5,0.75,3947.4944,1336.18897,2114.0041699999997,7397.687539999999
2124,8,Fairbanks,0.5,0.8500000000000001,3947.4510400000004,1465.5925899999997,2187.41523,7600.458860000001
2125,8,Fairbanks,0.5,0.8,3946.8548400000004,1401.0808,2150.64636,7498.582
2126,8,Fairbanks,0.5,0.9500000000000001,3954.87644,1591.6391899999999,2260.06621,7806.58184
2127,8,Fairbanks,0.5,0.9,3950.3236400000005,1530.76945,2224.27911,7705.3722
2128,8,Fairbanks,0.6000000000000001,0.01,4968.74164,639.79734,1641.0760599999996,7249.61504
2129,8,Fairbanks,0.6000000000000001,0.15000000000000002,4584.8864,742.8831899999999,1720.56776,7048.33735
2130,8,Fairbanks,0.6000000000000001,0.1,4685.568319999999,718.52896,1687.2192499999999,7091.316529999999
2131,8,Fairbanks,0.6000000000000001,0.25,4301.53964,688.66415,1777.5104199999998,6767.714209999999
2132,8,Fairbanks,0.6000000000000001,0.2,4434.77408,653.3521,1749.0390899999998,6837.1652699999995
2133,8,Fairbanks,0.6000000000000001,0.30000000000000004,4262.591520000001,738.8927699999999,1806.20344,6807.687730000001
2134,8,Fairbanks,0.6000000000000001,0.35000000000000003,4241.225880000001,792.76344,1836.2265999999997,6870.215920000001
2135,8,Fairbanks,0.6000000000000001,0.45,4217.70308,905.762,1898.6164999999999,7022.08158
2136,8,Fairbanks,0.6000000000000001,0.4,4228.142000000001,848.53431,1867.1048499999997,6943.78116
2137,8,Fairbanks,0.6000000000000001,0.55,4207.30752,1024.6195099999998,1967.49875,7199.42578
2138,8,Fairbanks,0.6000000000000001,0.5,4210.65708,963.49641,1931.29994,7105.45343
2139,8,Fairbanks,0.6000000000000001,0.6000000000000001,4204.42408,1085.26756,2002.4307599999997,7292.1224
2140,8,Fairbanks,0.6000000000000001,0.65,4202.429520000001,1149.14595,2037.6161299999999,7389.1916
2141,8,Fairbanks,0.6000000000000001,0.7000000000000001,4202.537920000001,1212.0425699999998,2073.21321,7487.7937
2142,8,Fairbanks,0.6000000000000001,0.75,4202.548760000001,1275.41424,2109.1269899999998,7587.08999
2143,8,Fairbanks,0.6000000000000001,0.8500000000000001,4197.20464,1401.55585,2181.3979299999996,7780.15842
2144,8,Fairbanks,0.6000000000000001,0.8,4199.76288,1338.62756,2145.26246,7683.6529
2145,8,Fairbanks,0.6000000000000001,0.9500000000000001,4201.82248,1522.66193,2250.97692,7975.46133
2146,8,Fairbanks,0.6000000000000001,0.9,4198.12604,1464.5791499999998,2217.56507,7880.270259999999
2147,8,Fairbanks,0.65,0.01,5104.523480000001,635.8702599999999,1650.70374,7391.09748
2148,8,Fairbanks,0.65,0.15000000000000002,4703.5302,728.12497,1725.28659,7156.94176
2149,8,Fairbanks,0.65,0.1,4803.431640000001,712.06828,1691.7480599999997,7207.24798
2150,8,Fairbanks,0.65,0.25,4425.364960000001,681.79176,1784.7311799999998,6891.887900000001
2151,8,Fairbanks,0.65,0.2,4532.9628,639.98736,1755.0563899999997,6928.00655
2152,8,Fairbanks,0.65,0.30000000000000004,4392.422200000001,732.4004199999999,1814.4693099999997,6939.29193
2153,8,Fairbanks,0.65,0.35000000000000003,4371.24084,786.46111,1845.1892099999998,7002.89116
2154,8,Fairbanks,0.65,0.45,4346.850840000001,898.8262699999999,1908.1174999999998,7153.794610000001
2155,8,Fairbanks,0.65,0.4,4357.1922,842.13697,1876.4475,7075.776670000001
2156,8,Fairbanks,0.65,0.55,4334.374000000001,1014.01006,1975.22623,7323.6102900000005
2157,8,Fairbanks,0.65,0.5,4338.93764,955.5155699999999,1940.7059299999999,7235.15914
2158,8,Fairbanks,0.65,0.6000000000000001,4330.43908,1073.48632,2008.95478,7412.88018
2159,8,Fairbanks,0.65,0.65,4327.64236,1138.4098199999999,2045.05858,7511.11076
2160,8,Fairbanks,0.65,0.7000000000000001,4325.528560000001,1199.12121,2079.10383,7603.753600000001
2161,8,Fairbanks,0.65,0.75,4324.05432,1260.7193599999998,2113.78248,7698.55616
2162,8,Fairbanks,0.65,0.8500000000000001,4316.50968,1384.80242,2184.5649299999995,7885.87703
2163,8,Fairbanks,0.65,0.8,4320.6072,1322.91924,2149.1262,7792.65264
2164,8,Fairbanks,0.65,0.9500000000000001,4318.3524800000005,1505.52846,2253.9539,8077.834840000001
2165,8,Fairbanks,0.65,0.9,4316.14112,1446.8122799999999,2220.067,7983.0204
2166,8,Fairbanks,0.7000000000000001,0.01,5231.14552,632.48157,1660.29975,7523.92684
2167,8,Fairbanks,0.7000000000000001,0.15000000000000002,4814.98708,715.3936299999999,1730.25878,7260.63949
2168,8,Fairbanks,0.7000000000000001,0.1,4916.55788,706.33601,1696.53023,7319.424120000001
2169,8,Fairbanks,0.7000000000000001,0.25,4548.05208,676.18617,1792.6170099999997,7016.85526
2170,8,Fairbanks,0.7000000000000001,0.2,4629.79652,631.1514299999999,1761.7387599999997,7022.68671
2171,8,Fairbanks,0.7000000000000001,0.30000000000000004,4518.350480000001,728.1566399999999,1823.71695,7070.224070000001
2172,8,Fairbanks,0.7000000000000001,0.35000000000000003,4497.5160000000005,782.5340299999999,1855.1969299999998,7135.24696
2173,8,Fairbanks,0.7000000000000001,0.45,4472.02032,894.5508199999999,1918.6002699999997,7285.17141
2174,8,Fairbanks,0.7000000000000001,0.4,4483.05544,838.3365699999999,1886.8985999999998,7208.290609999999
2175,8,Fairbanks,0.7000000000000001,0.55,4458.4486400000005,1006.8843099999999,1984.37886,7449.71181
2176,8,Fairbanks,0.7000000000000001,0.5,4464.226360000001,950.3533599999998,1951.28371,7365.86343
2177,8,Fairbanks,0.7000000000000001,0.6000000000000001,4452.84436,1064.6820599999999,2016.93562,7534.46204
2178,8,Fairbanks,0.7000000000000001,0.65,4449.32136,1130.4923199999998,2053.5144699999996,7633.328149999999
2179,8,Fairbanks,0.7000000000000001,0.7000000000000001,4444.68184,1188.8601299999998,2085.81787,7719.35984
2180,8,Fairbanks,0.7000000000000001,0.75,4441.73336,1248.2730499999998,2119.07137,7809.07778
2181,8,Fairbanks,0.7000000000000001,0.8500000000000001,4432.3676000000005,1370.17088,2188.04863,7990.58711
2182,8,Fairbanks,0.7000000000000001,0.8,4437.05048,1309.17446,2153.46499,7899.6899300000005
2183,8,Fairbanks,0.7000000000000001,0.9500000000000001,4431.20772,1490.20018,2257.1209,8178.5288
2184,8,Fairbanks,0.7000000000000001,0.9,4430.27548,1430.81893,2222.56893,8083.663339999999
2185,8,Fairbanks,0.75,0.01,5349.99528,629.53626,1669.8957599999999,7649.427299999999
2186,8,Fairbanks,0.75,0.15000000000000002,4920.80716,701.36382,1735.5793399999998,7357.750320000001
2187,8,Fairbanks,0.75,0.1,5025.575760000001,702.09223,1701.5340899999999,7429.202080000001
2188,8,Fairbanks,0.75,0.25,4667.975,673.05084,1801.4212699999998,7142.44711
2189,8,Fairbanks,0.75,0.2,4730.89036,626.2109099999999,1769.02286,7126.12413
2190,8,Fairbanks,0.75,0.30000000000000004,4639.9861200000005,726.09809,1833.97803,7200.062240000001
2191,8,Fairbanks,0.75,0.35000000000000003,4619.83456,781.2672299999999,1866.40811,7267.509900000001
2192,8,Fairbanks,0.75,0.45,4594.176280000001,892.9039799999999,1930.4765199999997,7417.556780000001
2193,8,Fairbanks,0.75,0.4,4605.5366,837.19645,1898.52149,7341.254540000001
2194,8,Fairbanks,0.75,0.55,4578.62088,1003.0205699999999,1995.17833,7576.81978
2195,8,Fairbanks,0.75,0.5,4586.30644,947.9781099999999,1963.15996,7497.44451
2196,8,Fairbanks,0.75,0.6000000000000001,4571.466480000001,1059.42484,2026.37328,7657.2646
2197,8,Fairbanks,0.75,0.65,4566.957040000001,1125.1400899999999,2063.01547,7755.1126
2198,8,Fairbanks,0.75,0.7000000000000001,4560.68068,1180.8792899999999,2093.35533,7834.915300000001
2199,8,Fairbanks,0.75,0.75,4556.00864,1238.3286699999999,2125.057,7919.39431
2200,8,Fairbanks,0.75,0.8500000000000001,4544.20388,1356.90115,2191.75402,8092.859049999999
2201,8,Fairbanks,0.75,0.8,4550.2742800000005,1297.77326,2158.34217,8006.38971
2202,8,Fairbanks,0.75,0.9500000000000001,4540.334000000001,1475.3152799999998,2259.40114,8275.05042
2203,8,Fairbanks,0.75,0.9,4541.418000000001,1415.9657,2225.41923,8182.80293
2204,8,Fairbanks,0.8500000000000001,0.01,5558.66528,623.77232,1688.0426699999998,7870.48027
2205,8,Fairbanks,0.8500000000000001,0.15000000000000002,5142.9296,686.8906299999999,1741.5016299999997,7571.32186
2206,8,Fairbanks,0.8500000000000001,0.1,5281.313040000001,690.1526399999999,1709.70495,7681.170630000001
2207,8,Fairbanks,0.8500000000000001,0.25,4905.21924,655.94904,1809.43378,7370.60206
2208,8,Fairbanks,0.8500000000000001,0.2,4956.23228,609.1724499999999,1775.9902599999998,7341.39499
2209,8,Fairbanks,0.8500000000000001,0.30000000000000004,4875.13824,707.28611,1842.30724,7424.73159
2210,8,Fairbanks,0.8500000000000001,0.35000000000000003,4853.79428,760.99843,1875.0223499999997,7489.815059999999
2211,8,Fairbanks,0.8500000000000001,0.45,4826.17396,869.75321,1938.5523699999999,7634.47954
2212,8,Fairbanks,0.8500000000000001,0.4,4838.1630000000005,815.5658399999999,1906.9140399999999,7560.64288
2213,8,Fairbanks,0.8500000000000001,0.55,4806.022400000001,977.14618,2001.79736,7784.96594
2214,8,Fairbanks,0.8500000000000001,0.5,4816.049400000001,923.52887,1970.57074,7710.149010000001
2215,8,Fairbanks,0.8500000000000001,0.6000000000000001,4796.50488,1031.84027,2031.88386,7860.22901
2216,8,Fairbanks,0.8500000000000001,0.65,4788.64588,1097.20715,2068.8744199999996,7954.72745
2217,8,Fairbanks,0.8500000000000001,0.7000000000000001,4781.3072,1150.12772,2097.4090899999997,8028.844009999999
2218,8,Fairbanks,0.8500000000000001,0.75,4774.7706800000005,1204.85348,2127.30557,8106.92973
2219,8,Fairbanks,0.8500000000000001,0.8500000000000001,4760.1692,1319.0238299999999,2191.40565,8270.598680000001
2220,8,Fairbanks,0.8500000000000001,0.8,4767.5946,1262.08117,2159.32394,8188.99971
2221,8,Fairbanks,0.8500000000000001,0.9500000000000001,4751.8766,1433.8909199999998,2256.70919,8442.476709999999
2222,8,Fairbanks,0.8500000000000001,0.9,4755.33456,1375.83981,2223.7723899999996,8354.94676
2223,8,Fairbanks,0.8,0.01,5457.734040000001,626.3692599999999,1679.1434000000002,7763.246700000001
2224,8,Fairbanks,0.8,0.15000000000000002,5038.659640000001,695.6632199999999,1737.54288,7471.86574
2225,8,Fairbanks,0.8,0.1,5157.498560000001,694.4914299999999,1705.27115,7557.2611400000005
2226,8,Fairbanks,0.8,0.25,4789.513080000001,663.77153,1805.3166799999997,7258.6012900000005
2227,8,Fairbanks,0.8,0.2,4846.96508,616.2982,1771.9364999999998,7235.19978
2228,8,Fairbanks,0.8,0.30000000000000004,4760.74372,715.99536,1838.34849,7315.087570000001
2229,8,Fairbanks,0.8,0.35000000000000003,4739.74664,770.78446,1871.12694,7381.65804
2230,8,Fairbanks,0.8,0.45,4713.26452,881.4394399999999,1935.32203,7530.02599
2231,8,Fairbanks,0.8,0.4,4725.12348,826.2702999999999,1903.3353299999999,7454.72911
2232,8,Fairbanks,0.8,0.55,4694.76064,990.82762,1999.51712,7685.105380000001
2233,8,Fairbanks,0.8,0.5,4704.26732,936.1335299999998,1967.81545,7608.2163
2234,8,Fairbanks,0.8,0.6000000000000001,4685.95856,1046.3767999999998,2029.9836599999999,7762.31902
2235,8,Fairbanks,0.8,0.65,4679.67136,1113.4538599999998,2067.57595,7860.70117
2236,8,Fairbanks,0.8,0.7000000000000001,4673.10232,1167.8945899999999,2096.83903,7937.83594
2237,8,Fairbanks,0.8,0.75,4666.31648,1224.14051,2127.52726,8017.98425
2238,8,Fairbanks,0.8,0.8500000000000001,4652.91824,1340.71778,2192.79913,8186.435149999999
2239,8,Fairbanks,0.8,0.8,4659.8233199999995,1282.57166,2160.11569,8102.51067
2240,8,Fairbanks,0.8,0.9500000000000001,4646.16492,1457.86511,2259.55949,8363.58952
2241,8,Fairbanks,0.8,0.9,4648.66896,1398.80056,2226.0843,8273.55382
2242,8,Fairbanks,0.9500000000000001,0.01,5806.97716,613.38456,1704.22604,8124.58776
2243,8,Fairbanks,0.9500000000000001,0.15000000000000002,5337.182400000001,648.2848999999999,1749.38746,7734.85476
2244,8,Fairbanks,0.9500000000000001,0.1,5498.048000000001,684.26202,1720.78945,7903.099470000001
2245,8,Fairbanks,0.9500000000000001,0.25,5126.7563199999995,644.0094499999999,1818.3013799999999,7589.067149999999
2246,8,Fairbanks,0.9500000000000001,0.2,5169.50928,597.9296,1784.3828099999998,7551.821690000001
2247,8,Fairbanks,0.9500000000000001,0.30000000000000004,5094.89756,692.87626,1851.2381799999998,7639.012000000001
2248,8,Fairbanks,0.9500000000000001,0.35000000000000003,5071.689120000001,744.8783999999999,1883.6365899999998,7700.204110000001
2249,8,Fairbanks,0.9500000000000001,0.45,5041.58644,850.3394999999999,1946.18484,7838.11078
2250,8,Fairbanks,0.9500000000000001,0.4,5054.832920000001,797.9256499999999,1915.1799099999998,7767.938480000001
2251,8,Fairbanks,0.9500000000000001,0.55,5019.16932,954.5021299999999,2007.5296299999998,7981.20108
2252,8,Fairbanks,0.9500000000000001,0.5,5030.11772,902.37331,1977.28478,7909.77581
2253,8,Fairbanks,0.9500000000000001,0.6000000000000001,5008.27512,1006.44093,2036.4760099999999,8051.192059999999
2254,8,Fairbanks,0.9500000000000001,0.65,4998.89852,1069.1792,2072.42146,8140.499179999999
2255,8,Fairbanks,0.9500000000000001,0.7000000000000001,4989.576120000001,1118.9961099999998,2099.4993099999997,8208.07154
2256,8,Fairbanks,0.9500000000000001,0.75,4981.24016,1170.93491,2127.9706399999995,8280.14571
2257,8,Fairbanks,0.9500000000000001,0.8500000000000001,4966.172560000001,1280.06973,2189.53712,8435.779410000001
2258,8,Fairbanks,0.9500000000000001,0.8,4973.814760000001,1225.56566,2158.69054,8358.070960000001
2259,8,Fairbanks,0.9500000000000001,0.9500000000000001,4954.281080000001,1390.3763399999998,2251.8320099999996,8596.48943
2260,8,Fairbanks,0.9500000000000001,0.9,4959.82032,1334.51046,2220.32036,8514.65114
2261,8,Fairbanks,0.9,0.01,5680.47436,621.49208,1696.27687,7998.24331
2262,8,Fairbanks,0.9,0.15000000000000002,5242.104760000001,672.16408,1745.42871,7659.697550000001
2263,8,Fairbanks,0.9,0.1,5406.916120000001,686.63727,1714.07541,7807.6288
2264,8,Fairbanks,0.9,0.25,5017.662560000001,649.64671,1813.7409,7481.05017
2265,8,Fairbanks,0.9,0.2,5062.843680000001,602.64843,1780.0756900000001,7445.567800000001
2266,8,Fairbanks,0.9,0.30000000000000004,4986.55176,699.5269599999999,1846.61436,7532.693080000001
2267,8,Fairbanks,0.9,0.35000000000000003,4964.318920000001,752.32085,1879.10778,7595.747550000001
2268,8,Fairbanks,0.9,0.45,4935.246040000001,859.4604599999999,1942.16275,7736.869250000002
2269,8,Fairbanks,0.9,0.4,4948.12396,806.1281799999999,1910.90446,7665.156599999999
2270,8,Fairbanks,0.9,0.55,4914.30316,965.1749199999999,2004.4259699999998,7883.904050000001
2271,8,Fairbanks,0.9,0.5,4924.86132,912.31769,1973.7694099999999,7810.94842
2272,8,Fairbanks,0.9,0.6000000000000001,4903.755840000001,1018.4438599999999,2034.0057499999998,7956.205450000001
2273,8,Fairbanks,0.9,0.65,4895.21392,1082.44893,2070.52126,8048.18411
2274,8,Fairbanks,0.9,0.7000000000000001,4886.8346,1133.81767,2098.2641799999997,8118.916450000001
2275,8,Fairbanks,0.9,0.75,4879.691040000001,1187.11828,2127.52726,8194.33658
2276,8,Fairbanks,0.9,0.8500000000000001,4865.046200000001,1298.85004,2190.2972,8354.193440000001
2277,8,Fairbanks,0.9,0.8,4872.135560000001,1243.1108399999998,2158.81722,8274.06362
2278,8,Fairbanks,0.9,0.9500000000000001,4854.33628,1411.43689,2254.1122499999997,8519.88542
2279,8,Fairbanks,0.9,0.9,4858.58556,1354.5258999999999,2221.8405199999997,8434.95198
2280,6B,GreatFalls,0.01,0.01,746.61584,1565.32142,1643.7680099999998,3955.70527
2281,6B,GreatFalls,0.01,0.15000000000000002,935.28604,1799.8377699999996,1754.6763499999997,4489.800159999999
2282,6B,GreatFalls,0.01,0.1,744.8380800000001,1755.8481399999998,1712.3335599999998,4213.01978
2283,6B,GreatFalls,0.01,0.25,1083.9241200000001,1847.2794299999998,1838.03179,4769.23534
2284,6B,GreatFalls,0.01,0.2,1057.7997200000002,1775.80024,1795.7523399999998,4629.3523000000005
2285,6B,GreatFalls,0.01,0.30000000000000004,1084.73712,1948.0533699999999,1881.2930099999999,4914.0835
2286,6B,GreatFalls,0.01,0.35000000000000003,1077.53936,2060.5452099999998,1925.3776500000001,5063.46222
2287,6B,GreatFalls,0.01,0.45,1069.43104,2308.45797,2029.9836599999999,5407.87267
2288,6B,GreatFalls,0.01,0.4,1073.0624400000002,2181.7779699999996,1976.42969,5231.2701
2289,6B,GreatFalls,0.01,0.55,1061.6045600000002,2542.1192300000002,2130.53591,5734.2597000000005
2290,6B,GreatFalls,0.01,0.5,1065.6804000000002,2426.0803499999997,2080.1172699999997,5571.87802
2291,6B,GreatFalls,0.01,0.6000000000000001,1060.08696,2655.27614,2180.76453,5896.12763
2292,6B,GreatFalls,0.01,0.65,1060.11948,2766.4061699999997,2230.99315,6057.5188
2293,6B,GreatFalls,0.01,0.7000000000000001,1056.78076,2876.01604,2281.57014,6214.36694
2294,6B,GreatFalls,0.01,0.75,1055.88104,2983.78905,2332.24214,6371.91223
2295,6B,GreatFalls,0.01,0.8500000000000001,1049.94072,3196.19974,2434.25121,6680.391670000001
2296,6B,GreatFalls,0.01,0.8,1052.87836,3090.16858,2383.07249,6526.119430000001
2297,6B,GreatFalls,0.01,0.9500000000000001,1042.50448,3416.30624,2536.67199,6995.482709999999
2298,6B,GreatFalls,0.01,0.9,1046.6562000000001,3305.9362899999996,2485.4932699999995,6838.08576
2299,6B,GreatFalls,0.05,0.01,818.0948000000001,1512.4958599999998,1632.24013,3962.83079
2300,6B,GreatFalls,0.05,0.15000000000000002,989.8762800000001,1714.2654299999997,1738.3663,4442.50801
2301,6B,GreatFalls,0.05,0.1,804.1979200000001,1687.09257,1697.3219800000002,4188.61247
2302,6B,GreatFalls,0.05,0.25,1123.5118000000002,1761.8020999999997,1818.3330499999997,4703.64695
2303,6B,GreatFalls,0.05,0.2,1103.4794800000002,1695.2950999999998,1777.5104199999998,4576.285
2304,6B,GreatFalls,0.05,0.30000000000000004,1122.2652,1859.75741,1860.51749,4842.5401
2305,6B,GreatFalls,0.05,0.35000000000000003,1116.04304,1970.15903,1903.71537,4989.91744
2306,6B,GreatFalls,0.05,0.45,1105.52824,2214.2397199999996,2006.54786,5326.31582
2307,6B,GreatFalls,0.05,0.4,1111.14336,2089.30157,1953.6906299999998,5154.13556
2308,6B,GreatFalls,0.05,0.55,1097.1164,2445.01901,2105.64329,5647.7787
2309,6B,GreatFalls,0.05,0.5,1102.6014400000001,2330.6586399999997,2055.8897199999997,5489.149799999999
2310,6B,GreatFalls,0.05,0.6000000000000001,1093.35492,2557.73254,2155.39686,5806.48432
2311,6B,GreatFalls,0.05,0.65,1091.2736400000001,2668.1974999999998,2204.8654,5964.33654
2312,6B,GreatFalls,0.05,0.7000000000000001,1088.42272,2777.42733,2254.74565,6120.5957
2313,6B,GreatFalls,0.05,0.75,1086.0054,2884.8203,2304.75258,6275.57828
2314,6B,GreatFalls,0.05,0.8500000000000001,1079.4688800000001,3095.58415,2405.55819,6580.611220000001
2315,6B,GreatFalls,0.05,0.8,1083.49052,2990.5980999999997,2354.94953,6429.038149999999
2316,6B,GreatFalls,0.05,0.9500000000000001,1072.1193600000001,3312.74534,2507.09221,6891.95691
2317,6B,GreatFalls,0.05,0.9,1076.71552,3203.0404599999997,2456.29353,6736.04951
2318,6B,GreatFalls,0.15000000000000002,0.01,1006.9276000000001,1423.50316,1615.8033999999998,4046.23416
2319,6B,GreatFalls,0.15000000000000002,0.15000000000000002,1151.97764,1565.1314,1711.0667599999997,4428.1758
2320,6B,GreatFalls,0.15000000000000002,0.1,980.21784,1563.5478999999998,1673.5378099999998,4217.30355
2321,6B,GreatFalls,0.15000000000000002,0.25,1244.30192,1596.4213599999998,1782.7359699999997,4623.45925
2322,6B,GreatFalls,0.15000000000000002,0.2,1238.16648,1540.36546,1746.1571199999998,4524.68906
2323,6B,GreatFalls,0.15000000000000002,0.30000000000000004,1238.31824,1682.84879,1821.5633899999998,4742.73042
2324,6B,GreatFalls,0.15000000000000002,0.35000000000000003,1230.1774,1782.64096,1861.72095,4874.53931
2325,6B,GreatFalls,0.15000000000000002,0.45,1212.5624,2014.6870499999998,1958.72616,5185.9756099999995
2326,6B,GreatFalls,0.15000000000000002,0.4,1222.05824,1894.7527599999999,1907.9591500000001,5024.77015
2327,6B,GreatFalls,0.15000000000000002,0.55,1199.5544,2236.40872,2054.1162,5490.07932
2328,6B,GreatFalls,0.15000000000000002,0.5,1205.9066400000002,2125.43704,2006.4211799999998,5337.764859999999
2329,6B,GreatFalls,0.15000000000000002,0.6000000000000001,1192.08564,2346.8736799999997,2102.12792,5641.08724
2330,6B,GreatFalls,0.15000000000000002,0.65,1186.67648,2455.5651199999998,2150.23465,5792.47625
2331,6B,GreatFalls,0.15000000000000002,0.7000000000000001,1182.5898000000002,2562.7364,2198.56307,5943.88927
2332,6B,GreatFalls,0.15000000000000002,0.75,1176.80124,2669.1476,2247.0498399999997,6092.99868
2333,6B,GreatFalls,0.15000000000000002,0.8500000000000001,1166.7959200000003,2877.44119,2344.81513,6389.05224
2334,6B,GreatFalls,0.15000000000000002,0.8,1172.8012800000001,2773.9752999999996,2295.7583,6242.534879999999
2335,6B,GreatFalls,0.15000000000000002,0.9500000000000001,1157.02908,3090.48528,2443.4988499999995,6691.013209999999
2336,6B,GreatFalls,0.15000000000000002,0.9,1161.7228000000002,2982.3005599999997,2394.0303099999996,6538.053669999999
2337,6B,GreatFalls,0.1,0.01,911.14536,1462.17223,1622.20074,3995.51833
2338,6B,GreatFalls,0.1,0.15000000000000002,1065.48528,1633.7919599999998,1722.4996299999998,4421.77687
2339,6B,GreatFalls,0.1,0.1,888.7174000000001,1616.46847,1683.29217,4188.47804
2340,6B,GreatFalls,0.1,0.25,1179.03428,1671.5742699999998,1798.28594,4648.89449
2341,6B,GreatFalls,0.1,0.2,1166.0262800000003,1611.8763199999999,1759.6168699999998,4537.51947
2342,6B,GreatFalls,0.1,0.30000000000000004,1177.0614,1762.9738899999998,1838.7602,4778.7954899999995
2343,6B,GreatFalls,0.1,0.35000000000000003,1171.2620000000002,1868.97338,1880.5329299999999,4920.7683099999995
2344,6B,GreatFalls,0.1,0.45,1157.8204,2108.11355,1980.76848,5246.70243
2345,6B,GreatFalls,0.1,0.4,1163.8582800000001,1985.4556399999997,1928.76634,5078.08026
2346,6B,GreatFalls,0.1,0.55,1146.61184,2335.18745,2078.0270499999997,5559.82634
2347,6B,GreatFalls,0.1,0.5,1151.68496,2222.1255499999997,2029.3502599999997,5403.1607699999995
2348,6B,GreatFalls,0.1,0.6000000000000001,1140.2704400000002,2446.6975199999997,2127.05221,5714.02017
2349,6B,GreatFalls,0.1,0.65,1137.0943200000002,2556.46574,2175.8556799999997,5869.41574
2350,6B,GreatFalls,0.1,0.7000000000000001,1132.70412,2664.74547,2224.94418,6022.393770000001
2351,6B,GreatFalls,0.1,0.75,1129.4412800000002,2771.63172,2274.15936,6175.23236
2352,6B,GreatFalls,0.1,0.8500000000000001,1120.87768,2981.03376,2373.4131399999997,6475.3245799999995
2353,6B,GreatFalls,0.1,0.8,1125.18116,2877.2194999999997,2323.65957,6326.060229999999
2354,6B,GreatFalls,0.1,0.9500000000000001,1113.47396,3196.0097199999996,2473.5536799999995,6783.037359999998
2355,6B,GreatFalls,0.1,0.9,1116.7584800000002,3088.26838,2423.3250599999997,6628.351919999999
2356,6B,GreatFalls,0.25,0.01,1202.3728,1370.0125299999997,1609.7861,4182.17143
2357,6B,GreatFalls,0.25,0.15000000000000002,1331.6614800000002,1470.18474,1696.37188,4498.2181
2358,6B,GreatFalls,0.25,0.1,1165.8636800000002,1487.8565999999998,1662.61166,4316.33194
2359,6B,GreatFalls,0.25,0.25,1392.5064,1480.44582,1761.8337699999997,4634.78599
2360,6B,GreatFalls,0.25,0.2,1400.87488,1429.4887899999999,1728.2319,4558.5955699999995
2361,6B,GreatFalls,0.25,0.30000000000000004,1376.32228,1558.32235,1797.08248,4731.72711
2362,6B,GreatFalls,0.25,0.35000000000000003,1362.1544,1648.1067999999998,1834.35807,4844.61927
2363,6B,GreatFalls,0.25,0.45,1338.26304,1860.2957999999999,1924.8392599999997,5123.398099999999
2364,6B,GreatFalls,0.25,0.4,1348.7128000000002,1750.4959099999999,1876.82754,4976.03625
2365,6B,GreatFalls,0.25,0.55,1316.7131200000001,2070.0145399999997,2015.8588399999999,5402.586499999999
2366,6B,GreatFalls,0.25,0.5,1327.17372,1964.30008,1969.9056699999999,5261.37947
2367,6B,GreatFalls,0.25,0.6000000000000001,1306.9029200000002,2176.5207499999997,2061.8120099999996,5545.23568
2368,6B,GreatFalls,0.25,0.65,1298.61032,2282.4569,2108.14522,5689.212439999999
2369,6B,GreatFalls,0.25,0.7000000000000001,1289.9708400000002,2387.12625,2154.8268,5831.92389
2370,6B,GreatFalls,0.25,0.75,1283.44516,2491.2888799999996,2201.82508,5976.55912
2371,6B,GreatFalls,0.25,0.8500000000000001,1269.9602,2696.5421499999998,2296.55005,6263.0524
2372,6B,GreatFalls,0.25,0.8,1278.15524,2594.56475,2249.0450499999997,6121.76504
2373,6B,GreatFalls,0.25,0.9500000000000001,1255.57552,2905.0890999999997,2392.54182,6553.20644
2374,6B,GreatFalls,0.25,0.9,1263.0551200000002,2798.9629299999997,2344.4984299999996,6406.516479999999
2375,6B,GreatFalls,0.2,0.01,1104.0756800000001,1393.92338,1612.0663399999999,4110.0653999999995
2376,6B,GreatFalls,0.2,0.15000000000000002,1241.58108,1512.0524799999998,1702.51586,4456.14942
2377,6B,GreatFalls,0.2,0.1,1072.87816,1521.52181,1666.85544,4261.25541
2378,6B,GreatFalls,0.2,0.25,1315.03292,1533.39806,1770.8280499999998,4619.25903
2379,6B,GreatFalls,0.2,0.2,1317.5586400000002,1478.32393,1736.0227199999997,4531.90529
2380,6B,GreatFalls,0.2,0.30000000000000004,1305.17936,1615.32835,1807.81861,4728.32632
2381,6B,GreatFalls,0.2,0.35000000000000003,1293.7106400000002,1710.1799999999998,1846.58269,4850.47333
2382,6B,GreatFalls,0.2,0.45,1273.6458000000002,1931.5849699999999,1940.2942199999998,5145.52499
2383,6B,GreatFalls,0.2,0.4,1284.9194,1816.8445599999998,1890.9206900000001,4992.68465
2384,6B,GreatFalls,0.2,0.55,1256.1283600000002,2148.4928,2033.46736,5438.08852
2385,6B,GreatFalls,0.2,0.5,1264.4751600000002,2039.89637,1986.6907699999997,5291.0623
2386,6B,GreatFalls,0.2,0.6000000000000001,1248.26936,2257.02589,2080.4973099999997,5585.79256
2387,6B,GreatFalls,0.2,0.65,1239.58652,2364.4822,2127.74895,5731.81767
2388,6B,GreatFalls,0.2,0.7000000000000001,1234.7085200000001,2470.7667199999996,2175.19061,5880.665849999999
2389,6B,GreatFalls,0.2,0.75,1228.96332,2576.1328099999996,2222.94897,6028.045099999999
2390,6B,GreatFalls,0.2,0.8500000000000001,1216.7900000000002,2783.00125,2319.28911,6319.08036
2391,6B,GreatFalls,0.2,0.8,1223.80348,2680.1370899999997,2270.96069,6174.90126
2392,6B,GreatFalls,0.2,0.9500000000000001,1204.6708800000001,2993.1317,2416.5793499999995,6614.38193
2393,6B,GreatFalls,0.2,0.9,1210.286,2886.62549,2367.93423,6464.84572
2394,6B,GreatFalls,0.30000000000000004,0.01,1300.9084,1350.7255,1608.7726599999999,4260.406559999999
2395,6B,GreatFalls,0.30000000000000004,0.15000000000000002,1430.73908,1444.1519999999998,1693.6482599999997,4568.539339999999
2396,6B,GreatFalls,0.30000000000000004,0.1,1269.2014,1462.8056299999998,1660.7431299999998,4392.75016
2397,6B,GreatFalls,0.30000000000000004,0.25,1474.5435200000002,1442.28347,1759.17349,4676.000480000001
2398,6B,GreatFalls,0.30000000000000004,0.2,1486.53256,1388.06443,1725.3499299999999,4599.94692
2399,6B,GreatFalls,0.30000000000000004,0.30000000000000004,1449.4706,1522.2185499999998,1794.51721,4766.20636
2400,6B,GreatFalls,0.30000000000000004,0.35000000000000003,1434.09948,1610.2611499999998,1831.69779,4876.05842
2401,6B,GreatFalls,0.30000000000000004,0.45,1407.5306400000002,1798.91934,1913.3430499999997,5119.79303
2402,6B,GreatFalls,0.30000000000000004,0.4,1419.1728,1703.1175899999998,1870.6202199999998,4992.91061
2403,6B,GreatFalls,0.30000000000000004,0.55,1380.6149200000002,2000.56223,2000.5939,5381.77105
2404,6B,GreatFalls,0.30000000000000004,0.5,1396.58224,1897.4763799999998,1956.92097,5250.97959
2405,6B,GreatFalls,0.30000000000000004,0.6000000000000001,1369.62316,2104.81987,2045.78699,5520.23002
2406,6B,GreatFalls,0.30000000000000004,0.65,1359.3902,2208.5707899999998,2091.2017699999997,5659.162759999999
2407,6B,GreatFalls,0.30000000000000004,0.7000000000000001,1349.67756,2311.91,2136.93325,5798.52081
2408,6B,GreatFalls,0.30000000000000004,0.75,1341.4391600000001,2414.26744,2183.10811,5938.814710000001
2409,6B,GreatFalls,0.30000000000000004,0.8500000000000001,1327.05448,2617.2404699999997,2276.40793,6220.702879999999
2410,6B,GreatFalls,0.30000000000000004,0.8,1334.15468,2516.4982,2229.72635,6080.3792300000005
2411,6B,GreatFalls,0.30000000000000004,0.9500000000000001,1310.02484,2821.1002599999997,2370.37282,6501.49792
2412,6B,GreatFalls,0.30000000000000004,0.9,1317.41772,2718.9011699999996,2323.6279,6359.94679
2413,6B,GreatFalls,0.35000000000000003,0.01,1399.0862800000002,1334.38378,1608.70932,4342.17938
2414,6B,GreatFalls,0.35000000000000003,0.15000000000000002,1527.37768,1421.9513299999999,1691.1779999999999,4640.507009999999
2415,6B,GreatFalls,0.35000000000000003,0.1,1368.4307600000002,1439.68653,1659.1596299999999,4467.27692
2416,6B,GreatFalls,0.35000000000000003,0.25,1554.17416,1404.5961699999998,1753.7579199999998,4712.528249999999
2417,6B,GreatFalls,0.35000000000000003,0.2,1568.4612800000002,1352.49902,1720.85279,4641.81309
2418,6B,GreatFalls,0.35000000000000003,0.30000000000000004,1524.3533200000002,1480.6041699999998,1787.70816,4792.66565
2419,6B,GreatFalls,0.35000000000000003,0.35000000000000003,1505.8711200000002,1565.38476,1824.03365,4895.28953
2420,6B,GreatFalls,0.35000000000000003,0.45,1476.06112,1745.3337,1902.7335999999998,5124.12842
2421,6B,GreatFalls,0.35000000000000003,0.4,1490.9986400000003,1653.6490499999998,1861.5942699999998,5006.241959999999
2422,6B,GreatFalls,0.35000000000000003,0.55,1446.67388,1939.72416,1987.6091999999999,5374.00724
2423,6B,GreatFalls,0.35000000000000003,0.5,1463.0964800000002,1839.83698,1945.13973,5248.07319
2424,6B,GreatFalls,0.35000000000000003,0.6000000000000001,1433.70924,2040.8781399999998,2031.91553,5506.50291
2425,6B,GreatFalls,0.35000000000000003,0.65,1422.6199200000003,2142.41216,2076.47522,5641.507299999999
2426,6B,GreatFalls,0.35000000000000003,0.7000000000000001,1410.56584,2243.94618,2121.35161,5775.86363
2427,6B,GreatFalls,0.35000000000000003,0.75,1401.5144400000001,2344.4034199999996,2166.7980599999996,5912.715919999999
2428,6B,GreatFalls,0.35000000000000003,0.8500000000000001,1384.78832,2544.87452,2258.76774,6188.43058
2429,6B,GreatFalls,0.35000000000000003,0.8,1392.8207600000003,2445.90577,2212.5928799999997,6051.31941
2430,6B,GreatFalls,0.35000000000000003,0.9500000000000001,1365.7532800000001,2744.3955199999996,2350.61074,6460.75954
2431,6B,GreatFalls,0.35000000000000003,0.9,1375.8128000000002,2644.9200499999997,2304.9426,6325.67545
2432,6B,GreatFalls,0.45,0.01,1590.8025200000002,1307.93933,1609.7861,4508.527950000001
2433,6B,GreatFalls,0.45,0.15000000000000002,1720.2754800000002,1378.18339,1688.4860499999998,4786.94492
2434,6B,GreatFalls,0.45,0.1,1565.3393600000002,1406.30635,1658.0828499999998,4629.72856
2435,6B,GreatFalls,0.45,0.25,1712.27556,1346.9251,1746.50549,4805.70615
2436,6B,GreatFalls,0.45,0.2,1738.9311200000002,1304.39229,1716.4823299999998,4759.80574
2437,6B,GreatFalls,0.45,0.30000000000000004,1675.8206400000001,1416.31407,1778.7138799999998,4870.84859
2438,6B,GreatFalls,0.45,0.35000000000000003,1652.5905200000002,1492.1953899999999,1812.4740999999997,4957.26001
2439,6B,GreatFalls,0.45,0.45,1617.2738000000002,1657.89283,1886.5819000000001,5161.748530000001
2440,6B,GreatFalls,0.45,0.4,1634.26008,1574.25236,1848.22953,5056.74197
2441,6B,GreatFalls,0.45,0.55,1581.7728000000002,1839.3619299999998,1967.37207,5388.506799999999
2442,6B,GreatFalls,0.45,0.5,1601.5558,1746.3154699999998,1926.7711299999999,5274.6424
2443,6B,GreatFalls,0.45,0.6000000000000001,1566.1632,1933.32682,2009.6198499999998,5509.10987
2444,6B,GreatFalls,0.45,0.65,1551.56172,2029.4135999999996,2052.43769,5633.41301
2445,6B,GreatFalls,0.45,0.7000000000000001,1537.8599600000002,2127.11555,2095.7622499999998,5760.73776
2446,6B,GreatFalls,0.45,0.75,1525.3831200000002,2224.27911,2139.56186,5889.22409
2447,6B,GreatFalls,0.45,0.8500000000000001,1504.92804,2419.23963,2228.58623,6152.7539
2448,6B,GreatFalls,0.45,0.8,1514.64068,2322.83615,2183.89986,6021.37669
2449,6B,GreatFalls,0.45,0.9500000000000001,1483.30224,2611.6348799999996,2317.26223,6412.199349999999
2450,6B,GreatFalls,0.45,0.9,1494.0772,2517.1315999999997,2273.5892999999996,6284.798099999999
2451,6B,GreatFalls,0.4,0.01,1496.2018400000002,1320.3222999999998,1609.1210299999998,4425.64517
2452,6B,GreatFalls,0.4,0.15000000000000002,1623.4742800000001,1399.1806,1689.49949,4712.15437
2453,6B,GreatFalls,0.4,0.1,1466.5652800000003,1422.2997,1658.3678799999998,4547.23286
2454,6B,GreatFalls,0.4,0.25,1634.89964,1373.8446,1749.60915,4758.35339
2455,6B,GreatFalls,0.4,0.2,1653.3059600000001,1325.95956,1718.2558499999998,4697.5213699999995
2456,6B,GreatFalls,0.4,0.30000000000000004,1600.07072,1445.64049,1782.51428,4828.22549
2457,6B,GreatFalls,0.4,0.35000000000000003,1579.46388,1526.494,1817.6363099999996,4923.59419
2458,6B,GreatFalls,0.4,0.45,1547.0306000000003,1698.58878,1893.83433,5139.45371
2459,6B,GreatFalls,0.4,0.4,1562.315,1611.17958,1854.2468299999998,5027.74141
2460,6B,GreatFalls,0.4,0.55,1514.04448,1886.2018600000001,1976.61971,5376.8660500000005
2461,6B,GreatFalls,0.4,0.5,1531.692,1790.02007,1935.1320099999998,5256.84408
2462,6B,GreatFalls,0.4,0.6000000000000001,1499.7790400000001,1983.8404699999999,2019.9442699999997,5503.5637799999995
2463,6B,GreatFalls,0.4,0.65,1486.47836,2082.8092199999996,2063.68054,5632.9681199999995
2464,6B,GreatFalls,0.4,0.7000000000000001,1474.08824,2182.56972,2107.7968499999997,5764.454809999999
2465,6B,GreatFalls,0.4,0.75,1462.7279200000003,2281.1901,2152.2615299999998,5896.17955
2466,6B,GreatFalls,0.4,0.8500000000000001,1444.0831200000002,2479.41263,2242.83773,6166.33348
2467,6B,GreatFalls,0.4,0.8,1453.8608000000002,2381.42565,2197.35961,6032.646060000001
2468,6B,GreatFalls,0.4,0.9500000000000001,1424.1158400000002,2675.41826,2333.19224,6432.726339999999
2469,6B,GreatFalls,0.4,0.9,1433.8501600000002,2578.28637,2288.5692099999997,6300.705739999999
2470,6B,GreatFalls,0.55,0.01,1773.9118,1288.0188999999998,1612.47805,4674.40875
2471,6B,GreatFalls,0.55,0.15000000000000002,1907.1354000000001,1338.5008799999998,1688.45438,4934.09066
2472,6B,GreatFalls,0.55,0.1,1763.41868,1380.4952999999998,1659.4446599999999,4803.3586399999995
2473,6B,GreatFalls,0.55,0.25,1863.2767600000002,1307.6226299999998,1743.4334999999999,4914.33289
2474,6B,GreatFalls,0.55,0.2,1907.8074800000002,1266.9583499999999,1714.9621699999998,4889.728
2475,6B,GreatFalls,0.55,0.30000000000000004,1828.0576000000003,1368.4290299999998,1773.48833,4969.9749600000005
2476,6B,GreatFalls,0.55,0.35000000000000003,1799.77604,1438.35639,1805.88674,5044.01917
2477,6B,GreatFalls,0.55,0.45,1757.3699600000002,1591.0691299999999,1875.56074,5223.99983
2478,6B,GreatFalls,0.55,0.4,1776.7844,1512.84423,1839.4252699999997,5129.0539
2479,6B,GreatFalls,0.55,0.55,1716.2972,1761.54874,1952.86721,5430.71315
2480,6B,GreatFalls,0.55,0.5,1739.9609200000002,1674.0762,1913.94478,5327.9819
2481,6B,GreatFalls,0.55,0.6000000000000001,1698.5521200000003,1849.1479599999998,1993.08811,5540.78819
2482,6B,GreatFalls,0.55,0.65,1681.68508,1939.5974800000001,2034.32245,5655.60501
2483,6B,GreatFalls,0.55,0.7000000000000001,1665.85868,2032.39058,2076.0318399999996,5774.2811
2484,6B,GreatFalls,0.55,0.75,1651.3981200000003,2125.81708,2118.37463,5895.58983
2485,6B,GreatFalls,0.55,0.8500000000000001,1626.5420000000001,2314.28525,2204.70705,6145.5343
2486,6B,GreatFalls,0.55,0.8,1637.8372800000002,2220.44704,2161.31915,6019.60347
2487,6B,GreatFalls,0.55,0.9500000000000001,1604.13572,2497.90791,2289.55098,6391.59461
2488,6B,GreatFalls,0.55,0.9,1614.44456,2408.9152099999997,2248.44332,6271.803089999999
2489,6B,GreatFalls,0.5,0.01,1683.44116,1297.3615499999999,1610.98956,4591.79227
2490,6B,GreatFalls,0.5,0.15000000000000002,1816.1227600000002,1359.05471,1688.2643600000001,4863.44183
2491,6B,GreatFalls,0.5,0.1,1665.12156,1393.5750099999998,1658.5579,4717.25447
2492,6B,GreatFalls,0.5,0.25,1788.1989200000003,1325.64286,1744.60529,4858.44707
2493,6B,GreatFalls,0.5,0.2,1824.1552000000001,1284.3768499999999,1715.4055499999997,4823.937599999999
2494,6B,GreatFalls,0.5,0.30000000000000004,1752.05836,1390.47135,1775.7369,4918.26661
2495,6B,GreatFalls,0.5,0.35000000000000003,1726.2374800000002,1463.3756899999998,1808.7687099999998,4998.38188
2496,6B,GreatFalls,0.5,0.45,1687.1918,1622.4540999999997,1880.5329299999999,5190.178829999999
2497,6B,GreatFalls,0.5,0.4,1705.50056,1541.4105699999998,1843.2573399999999,5090.16847
2498,6B,GreatFalls,0.5,0.55,1649.3168400000002,1797.8108899999997,1959.48624,5406.61397
2499,6B,GreatFalls,0.5,0.5,1670.84508,1708.1214499999999,1919.93041,5298.89694
2500,6B,GreatFalls,0.5,0.6000000000000001,1631.8536000000001,1888.7354599999999,2000.65724,5521.246300000001
2501,6B,GreatFalls,0.5,0.65,1617.1003600000001,1982.00361,2042.7466699999998,5641.85064
2502,6B,GreatFalls,0.5,0.7000000000000001,1601.881,2077.33031,2085.2161399999995,5764.427449999999
2503,6B,GreatFalls,0.5,0.75,1588.03832,2172.6886799999997,2128.38235,5889.10935
2504,6B,GreatFalls,0.5,0.8500000000000001,1565.8922,2364.45053,2216.04491,6146.387640000001
2505,6B,GreatFalls,0.5,0.8,1576.14684,2269.34552,2171.9602699999996,6017.45263
2506,6B,GreatFalls,0.5,0.9500000000000001,1543.19324,2552.66534,2302.5990199999997,6398.4576
2507,6B,GreatFalls,0.5,0.9,1554.6294400000002,2460.4739699999996,2260.2245599999997,6275.327969999999
2508,6B,GreatFalls,0.6000000000000001,0.01,1862.11688,1279.5313399999998,1614.2198999999998,4755.86812
2509,6B,GreatFalls,0.6000000000000001,0.15000000000000002,1994.4949600000002,1309.0477799999999,1689.2461299999998,4992.788869999999
2510,6B,GreatFalls,0.6000000000000001,0.1,1861.9434400000002,1369.53748,1660.8064699999998,4892.2873899999995
2511,6B,GreatFalls,0.6000000000000001,0.25,1938.9399600000002,1292.4527,1742.92678,4974.31944
2512,6B,GreatFalls,0.6000000000000001,0.2,1990.5817200000001,1250.90166,1715.0571799999998,4956.5405599999995
2513,6B,GreatFalls,0.6000000000000001,0.30000000000000004,1904.16524,1350.12377,1772.22153,5026.51054
2514,6B,GreatFalls,0.6000000000000001,0.35000000000000003,1873.9650000000001,1416.4724199999998,1803.82819,5094.26561
2515,6B,GreatFalls,0.6000000000000001,0.45,1827.28796,1563.3895499999999,1871.63366,5262.31117
2516,6B,GreatFalls,0.6000000000000001,0.4,1847.59128,1488.29998,1836.73332,5172.624580000001
2517,6B,GreatFalls,0.6000000000000001,0.55,1783.71116,1729.02365,1947.2932899999998,5460.0280999999995
2518,6B,GreatFalls,0.6000000000000001,0.5,1808.6540000000002,1643.57799,1909.13094,5361.36293
2519,6B,GreatFalls,0.6000000000000001,0.6000000000000001,1764.8604,1813.9625899999999,1986.78578,5565.60877
2520,6B,GreatFalls,0.6000000000000001,0.65,1746.17224,1901.68849,2027.10169,5674.96242
2521,6B,GreatFalls,0.6000000000000001,0.7000000000000001,1730.18324,1991.91632,2068.01933,5790.11889
2522,6B,GreatFalls,0.6000000000000001,0.75,1714.47608,2083.2842699999997,2109.63371,5907.39406
2523,6B,GreatFalls,0.6000000000000001,0.8500000000000001,1686.9966800000002,2268.1420599999997,2194.50931,6149.64805
2524,6B,GreatFalls,0.6000000000000001,0.8,1699.0832800000003,2176.7107699999997,2151.84982,6027.64387
2525,6B,GreatFalls,0.6000000000000001,0.9500000000000001,1663.87496,2447.67929,2277.7697399999997,6389.32399
2526,6B,GreatFalls,0.6000000000000001,0.9,1674.44396,2361.44188,2237.64385,6273.529689999999
2527,6B,GreatFalls,0.65,0.01,1947.3626400000003,1272.65895,1616.72183,4836.743420000001
2528,6B,GreatFalls,0.65,0.15000000000000002,2088.1634,1257.5840299999998,1692.03309,5037.780519999999
2529,6B,GreatFalls,0.65,0.1,1968.7174400000001,1361.14493,1663.49842,4993.36079
2530,6B,GreatFalls,0.65,0.25,2013.84436,1286.02369,1747.61394,5047.48199
2531,6B,GreatFalls,0.65,0.2,2072.61884,1240.00718,1718.7309,5031.35692
2532,6B,GreatFalls,0.65,0.30000000000000004,1977.8989200000003,1344.3915,1777.9537999999998,5100.2442200000005
2533,6B,GreatFalls,0.65,0.35000000000000003,1946.36536,1409.82172,1809.9721699999998,5166.15925
2534,6B,GreatFalls,0.65,0.45,1898.1382,1555.6303999999998,1878.4743799999999,5332.24298
2535,6B,GreatFalls,0.65,0.4,1919.1894800000002,1481.5542699999999,1843.2890099999997,5244.03276
2536,6B,GreatFalls,0.65,0.55,1852.6318800000001,1715.18386,1952.29715,5520.11289
2537,6B,GreatFalls,0.65,0.5,1877.6506000000002,1634.7420599999998,1915.52828,5427.92094
2538,6B,GreatFalls,0.65,0.6000000000000001,1832.4694800000002,1797.11415,1990.74453,5620.32816
2539,6B,GreatFalls,0.65,0.65,1810.89788,1887.78536,2032.2005599999998,5730.8838
2540,6B,GreatFalls,0.65,0.7000000000000001,1793.7923600000001,1975.3529099999998,2071.97808,5841.12335
2541,6B,GreatFalls,0.65,0.75,1776.9361600000002,2065.48573,2112.5790199999997,5955.00091
2542,6B,GreatFalls,0.65,0.8500000000000001,1747.0286000000003,2246.1947499999997,2196.21949,6189.44284
2543,6B,GreatFalls,0.65,0.8,1759.89568,2156.53698,2154.1300599999995,6070.56272
2544,6B,GreatFalls,0.65,0.9500000000000001,1721.3486400000002,2426.1120199999996,2279.06821,6426.52887
2545,6B,GreatFalls,0.65,0.9,1733.0558400000002,2338.70282,2238.65729,6310.4159500000005
2546,6B,GreatFalls,0.7000000000000001,0.01,2030.0068,1266.32495,1619.2237599999999,4915.55551
2547,6B,GreatFalls,0.7000000000000001,0.15000000000000002,2177.34408,1220.5301299999999,1695.2634299999997,5093.13764
2548,6B,GreatFalls,0.7000000000000001,0.1,2078.4616,1349.39536,1666.57041,5094.42737
2549,6B,GreatFalls,0.7000000000000001,0.25,2087.95744,1281.65323,1753.18786,5122.79853
2550,6B,GreatFalls,0.7000000000000001,0.2,2148.6397600000005,1230.4745099999998,1723.13303,5102.2473
2551,6B,GreatFalls,0.7000000000000001,0.30000000000000004,2050.02828,1341.2561699999999,1784.6045,5175.8889500000005
2552,6B,GreatFalls,0.7000000000000001,0.35000000000000003,2017.9960800000001,1406.49637,1817.38295,5241.8754
2553,6B,GreatFalls,0.7000000000000001,0.45,1968.01284,1551.00658,1886.55023,5405.56965
2554,6B,GreatFalls,0.7000000000000001,0.4,1989.6278000000002,1477.75387,1851.17484,5318.55651
2555,6B,GreatFalls,0.7000000000000001,0.55,1920.69624,1705.5245099999997,1959.20121,5585.42196
2556,6B,GreatFalls,0.7000000000000001,0.5,1946.13772,1628.53474,1923.41411,5498.0865699999995
2557,6B,GreatFalls,0.7000000000000001,0.6000000000000001,1899.3197600000003,1785.1428899999999,1996.5401399999998,5681.0027900000005
2558,6B,GreatFalls,0.7000000000000001,0.65,1874.9839600000003,1877.87265,2038.7879199999998,5791.64453
2559,6B,GreatFalls,0.7000000000000001,0.7000000000000001,1856.2307600000001,1962.3682099999999,2077.01361,5895.61258
2560,6B,GreatFalls,0.7000000000000001,0.75,1838.9084400000002,2050.9492,2116.53777,6006.39541
2561,6B,GreatFalls,0.7000000000000001,0.8500000000000001,1806.29088,2228.1745199999996,2198.81643,6233.28183
2562,6B,GreatFalls,0.7000000000000001,0.8,1820.56716,2139.56186,2157.48708,6117.616099999999
2563,6B,GreatFalls,0.7000000000000001,0.9500000000000001,1778.28032,2407.7750899999996,2281.09509,6467.1505
2564,6B,GreatFalls,0.7000000000000001,0.9,1791.28832,2319.54247,2240.52582,6351.35661
2565,6B,GreatFalls,0.75,0.01,2111.9572000000003,1260.94105,1621.8523699999998,4994.75062
2566,6B,GreatFalls,0.75,0.15000000000000002,2261.01804,1203.5550099999998,1698.81047,5163.383519999999
2567,6B,GreatFalls,0.75,0.1,2184.9646000000002,1331.7234999999998,1669.9590999999998,5186.6472
2568,6B,GreatFalls,0.75,0.25,2160.31444,1279.87971,1759.8068899999998,5200.00104
2569,6B,GreatFalls,0.75,0.2,2211.3925200000003,1224.33053,1728.32691,5164.04996
2570,6B,GreatFalls,0.75,0.30000000000000004,2120.5641600000004,1340.4960899999999,1792.39532,5253.45557
2571,6B,GreatFalls,0.75,0.35000000000000003,2087.87072,1405.8312999999998,1825.9021799999998,5319.6042
2572,6B,GreatFalls,0.75,0.45,2036.2398000000003,1550.7215499999998,1896.2729199999999,5483.23427
2573,6B,GreatFalls,0.75,0.4,2059.28564,1477.24715,1860.3908099999996,5396.9236
2574,6B,GreatFalls,0.75,0.55,1987.7633200000002,1700.4573099999998,1968.1321500000001,5656.35278
2575,6B,GreatFalls,0.75,0.5,2013.51916,1626.09615,1932.8517699999998,5572.46708
2576,6B,GreatFalls,0.75,0.6000000000000001,1965.4329200000002,1777.6687699999998,2004.23595,5747.33764
2577,6B,GreatFalls,0.75,0.65,1938.3762800000002,1871.6653299999998,2046.7687599999997,5856.81037
2578,6B,GreatFalls,0.75,0.7000000000000001,1918.98352,1953.3105899999998,2083.47429,5955.7684
2579,6B,GreatFalls,0.75,0.75,1899.9051200000001,2039.00961,2121.60497,6060.519700000001
2580,6B,GreatFalls,0.75,0.8500000000000001,1864.88108,2213.28962,2202.26846,6280.43916
2581,6B,GreatFalls,0.75,0.8,1880.9893200000001,2125.5637199999996,2161.5408399999997,6168.093879999999
2582,6B,GreatFalls,0.75,0.9500000000000001,1835.0819200000003,2392.7001699999996,2283.56535,6511.34744
2583,6B,GreatFalls,0.75,0.9,1849.2281200000002,2302.63069,2242.99608,6394.85489
2584,6B,GreatFalls,0.8500000000000001,0.01,2307.7817999999997,1249.72987,1626.4445199999998,5183.95619
2585,6B,GreatFalls,0.8500000000000001,0.15000000000000002,2419.5530400000002,1184.7430299999999,1702.29417,5306.59024
2586,6B,GreatFalls,0.8500000000000001,0.1,2359.4127200000003,1306.26082,1673.66449,5339.33803
2587,6B,GreatFalls,0.8500000000000001,0.25,2305.7764,1263.82302,1764.08234,5333.68176
2588,6B,GreatFalls,0.8500000000000001,0.2,2354.91412,1209.82567,1732.3806699999998,5297.120459999999
2589,6B,GreatFalls,0.8500000000000001,0.30000000000000004,2263.92316,1322.12749,1796.5440899999999,5382.5947400000005
2590,6B,GreatFalls,0.8500000000000001,0.35000000000000003,2227.8368,1384.77075,1829.67091,5442.2784599999995
2591,6B,GreatFalls,0.8500000000000001,0.45,2170.9159600000003,1523.45368,1899.0598799999998,5593.42952
2592,6B,GreatFalls,0.8500000000000001,0.4,2196.5308800000003,1452.8929199999998,1863.58948,5513.01328
2593,6B,GreatFalls,0.8500000000000001,0.55,2119.71864,1667.5521799999997,1969.9373399999997,5757.208159999999
2594,6B,GreatFalls,0.8500000000000001,0.5,2145.9297600000004,1594.96454,1934.53028,5675.424580000001
2595,6B,GreatFalls,0.8500000000000001,0.6000000000000001,2095.49124,1740.7732199999998,2004.4576399999999,5840.722099999999
2596,6B,GreatFalls,0.8500000000000001,0.65,2064.94412,1834.89646,2047.4654999999998,5947.30608
2597,6B,GreatFalls,0.8500000000000001,0.7000000000000001,2041.39964,1914.2298099999998,2082.3341699999996,6037.9636199999995
2598,6B,GreatFalls,0.8500000000000001,0.75,2021.12884,1995.3366799999997,2118.9130199999995,6135.37854
2599,6B,GreatFalls,0.8500000000000001,0.8500000000000001,1981.2593200000001,2163.88442,2196.72621,6341.869949999999
2600,6B,GreatFalls,0.8500000000000001,0.8,2000.64124,2078.85047,2157.48708,6236.978789999999
2601,6B,GreatFalls,0.8500000000000001,0.9500000000000001,1947.5577600000001,2338.70282,2276.18624,6562.44682
2602,6B,GreatFalls,0.8500000000000001,0.9,1963.9261600000002,2249.64678,2236.3453799999997,6449.91832
2603,6B,GreatFalls,0.8,0.01,2204.4224,1254.8920799999999,1624.10094,5083.41542
2604,6B,GreatFalls,0.8,0.15000000000000002,2342.7516400000004,1193.86399,1699.88725,5236.50288
2605,6B,GreatFalls,0.8,0.1,2272.606,1324.2810499999998,1671.3842499999998,5268.2713
2606,6B,GreatFalls,0.8,0.25,2235.5332000000003,1271.01211,1761.92878,5268.474090000001
2607,6B,GreatFalls,0.8,0.2,2284.70344,1215.5262699999998,1729.91041,5230.14012
2608,6B,GreatFalls,0.8,0.30000000000000004,2195.2842800000003,1330.9634199999998,1794.77057,5321.01827
2609,6B,GreatFalls,0.8,0.35000000000000003,2160.683,1394.81014,1828.21409,5383.70723
2610,6B,GreatFalls,0.8,0.45,2105.85428,1537.3884799999998,1898.7115099999999,5541.95427
2611,6B,GreatFalls,0.8,0.4,2130.73208,1464.8008399999999,1862.67105,5458.2039700000005
2612,6B,GreatFalls,0.8,0.55,2056.2396000000003,1685.3190499999998,1970.8557699999997,5712.414419999999
2613,6B,GreatFalls,0.8,0.5,2081.83284,1610.92622,1934.84698,5627.606040000001
2614,6B,GreatFalls,0.8,0.6000000000000001,2032.9661200000003,1760.66198,2006.2945,5799.9226
2615,6B,GreatFalls,0.8,0.65,2002.6358000000002,1857.1921399999997,2050.06244,5909.890380000001
2616,6B,GreatFalls,0.8,0.7000000000000001,1981.29184,1938.6473799999999,2085.7862,6005.725420000001
2617,6B,GreatFalls,0.8,0.75,1961.2053200000003,2022.09783,2123.34682,6106.64997
2618,6B,GreatFalls,0.8,0.8500000000000001,1922.7341600000002,2194.66766,2202.9652,6320.36702
2619,6B,GreatFalls,0.8,0.8,1941.2163600000001,2107.6068299999997,2162.8076399999995,6211.63083
2620,6B,GreatFalls,0.8,0.9500000000000001,1891.39572,2373.63483,2284.1670799999997,6549.197629999999
2621,6B,GreatFalls,0.8,0.9,1906.4850000000001,2282.23521,2243.4077899999997,6432.127999999999
2622,6B,GreatFalls,0.9500000000000001,0.01,2531.6277999999998,1240.45056,1631.0683399999998,5403.146699999999
2623,6B,GreatFalls,0.9500000000000001,0.15000000000000002,2568.5488400000004,1169.92147,1707.6464,5446.11671
2624,6B,GreatFalls,0.9500000000000001,0.1,2531.3242800000003,1279.1512999999998,1678.57334,5489.04892
2625,6B,GreatFalls,0.9500000000000001,0.25,2442.49048,1252.26347,1769.2128799999998,5463.96683
2626,6B,GreatFalls,0.9500000000000001,0.2,2494.3165200000003,1200.6097,1737.98626,5432.91248
2627,6B,GreatFalls,0.9500000000000001,0.30000000000000004,2398.5342800000003,1309.1427899999999,1801.4529400000001,5509.130010000001
2628,6B,GreatFalls,0.9500000000000001,0.35000000000000003,2359.39104,1369.3157899999999,1833.97803,5562.68486
2629,6B,GreatFalls,0.9500000000000001,0.45,2297.1044,1500.7462899999998,1901.1817699999997,5699.03246
2630,6B,GreatFalls,0.9500000000000001,0.4,2326.5675200000005,1434.0809399999998,1866.9464999999998,5627.59496
2631,6B,GreatFalls,0.9500000000000001,0.55,2242.92608,1637.0856399999998,1969.5256299999999,5849.53735
2632,6B,GreatFalls,0.9500000000000001,0.5,2269.41904,1568.39341,1935.5753899999997,5773.38784
2633,6B,GreatFalls,0.9500000000000001,0.6000000000000001,2216.89924,1707.26636,2002.8741399999997,5927.03974
2634,6B,GreatFalls,0.9500000000000001,0.65,2185.0730000000003,1797.3358399999997,2044.10848,6026.51732
2635,6B,GreatFalls,0.9500000000000001,0.7000000000000001,2160.1735200000003,1871.91869,2077.2669699999997,6109.3591799999995
2636,6B,GreatFalls,0.9500000000000001,0.75,2137.0951600000003,1949.22516,2112.04063,6198.36095
2637,6B,GreatFalls,0.9500000000000001,0.8500000000000001,2095.5562800000002,2109.91874,2186.30678,6391.7818
2638,6B,GreatFalls,0.9500000000000001,0.8,2116.47748,2028.8435399999998,2148.9678499999995,6294.2888699999985
2639,6B,GreatFalls,0.9500000000000001,0.9500000000000001,2059.20976,2275.64785,2262.31478,6597.17239
2640,6B,GreatFalls,0.9500000000000001,0.9,2075.79496,2191.8807,2224.1841,6491.859760000001
2641,6B,GreatFalls,0.9,0.01,2418.98936,1244.6309999999999,1628.7247599999998,5292.34512
2642,6B,GreatFalls,0.9,0.15000000000000002,2495.50892,1177.0155499999998,1704.92278,5377.44725
2643,6B,GreatFalls,0.9,0.1,2445.5690400000003,1295.14465,1676.07141,5416.785100000001
2644,6B,GreatFalls,0.9,0.25,2375.2066000000004,1257.42568,1766.42592,5399.0582
2645,6B,GreatFalls,0.9,0.2,2425.4825200000005,1204.8851499999998,1735.10429,5365.471960000001
2646,6B,GreatFalls,0.9,0.30000000000000004,2331.9658400000003,1315.22343,1798.82433,5446.0136
2647,6B,GreatFalls,0.9,0.35000000000000003,2293.7982,1376.40987,1831.6661199999999,5501.87419
2648,6B,GreatFalls,0.9,0.45,2234.46004,1511.41908,1899.9149699999998,5645.794089999999
2649,6B,GreatFalls,0.9,0.4,2262.35136,1442.8852,1865.0779699999998,5570.31453
2650,6B,GreatFalls,0.9,0.55,2182.13536,1651.5904999999998,1969.5256299999999,5803.25149
2651,6B,GreatFalls,0.9,0.5,2208.04296,1581.12475,1934.84698,5724.01469
2652,6B,GreatFalls,0.9,0.6000000000000001,2157.1600000000003,1723.10136,2003.41253,5883.67389
2653,6B,GreatFalls,0.9,0.65,2125.31208,1815.0710399999998,2045.47029,5985.85341
2654,6B,GreatFalls,0.9,0.7000000000000001,2101.01964,1892.09248,2079.51554,6072.62766
2655,6B,GreatFalls,0.9,0.75,2079.5456000000004,1971.39416,2115.2392999999997,6166.17906
2656,6B,GreatFalls,0.9,0.8500000000000001,2038.54872,2135.8881399999996,2191.27897,6365.715829999999
2657,6B,GreatFalls,0.9,0.8,2058.9387600000005,2052.65938,2152.89493,6264.49307
2658,6B,GreatFalls,0.9,0.9500000000000001,2003.62224,2305.7660199999996,2268.9338099999995,6578.322069999999
2659,6B,GreatFalls,0.9,0.9,2020.23996,2219.6552899999997,2229.9480399999998,6469.843289999999
2660,7,InternationalFalls,0.01,0.01,1737.8904800000003,1598.85995,1660.20474,4996.95517
2661,7,InternationalFalls,0.01,0.15000000000000002,1692.21072,1717.1474,1744.3835999999997,5153.74172
2662,7,InternationalFalls,0.01,0.1,1656.8723200000002,1730.6388200000001,1711.66849,5099.1796300000005
2663,7,InternationalFalls,0.01,0.25,1574.7593200000001,1776.8453499999998,1806.36179,5157.96646
2664,7,InternationalFalls,0.01,0.2,1655.6799200000003,1710.3383499999998,1775.4202,5141.43847
2665,7,InternationalFalls,0.01,0.30000000000000004,1515.20436,1858.14224,1837.1767,5210.5233
2666,7,InternationalFalls,0.01,0.35000000000000003,1505.5567600000002,1942.06774,1869.35342,5316.977919999999
2667,7,InternationalFalls,0.01,0.45,1493.1883200000002,2126.8305199999995,1945.99482,5566.01366
2668,7,InternationalFalls,0.01,0.4,1497.9904400000003,2031.8205199999998,1906.88237,5436.69333
2669,7,InternationalFalls,0.01,0.55,1485.66536,2306.17773,2018.9624999999999,5810.80559
2670,7,InternationalFalls,0.01,0.5,1489.50272,2216.1399199999996,1982.6053399999998,5688.247979999999
2671,7,InternationalFalls,0.01,0.6000000000000001,1485.2426000000003,2396.9756199999997,2055.0346299999997,5937.252849999999
2672,7,InternationalFalls,0.01,0.65,1483.52988,2487.9952,2090.79006,6062.31514
2673,7,InternationalFalls,0.01,0.7000000000000001,1480.7114800000002,2578.85643,2126.35547,6185.92338
2674,7,InternationalFalls,0.01,0.75,1479.63832,2670.82611,2161.88921,6312.353639999999
2675,7,InternationalFalls,0.01,0.8500000000000001,1478.4567600000003,2848.7165,2233.17838,6560.351640000001
2676,7,InternationalFalls,0.01,0.8,1478.7386000000001,2759.47044,2197.5179599999997,6435.726999999999
2677,7,InternationalFalls,0.01,0.9500000000000001,1482.8252800000002,3022.0780799999998,2304.84759,6809.75095
2678,7,InternationalFalls,0.01,0.9,1480.19116,2935.1755999999996,2268.9338099999995,6684.300569999999
2679,7,InternationalFalls,0.05,0.01,1863.97052,1559.7475,1658.5579,5082.27592
2680,7,InternationalFalls,0.05,0.15000000000000002,1794.54032,1670.81419,1740.96324,5206.31775
2681,7,InternationalFalls,0.05,0.1,1769.64084,1688.61273,1709.1348899999998,5167.38846
2682,7,InternationalFalls,0.05,0.25,1655.82084,1714.9938399999999,1799.58441,5170.39909
2683,7,InternationalFalls,0.05,0.2,1743.3538400000002,1655.4859099999999,1770.32133,5169.16108
2684,7,InternationalFalls,0.05,0.30000000000000004,1597.0572,1790.9385,1829.41755,5217.41325
2685,7,InternationalFalls,0.05,0.35000000000000003,1585.17656,1869.98682,1860.45415,5315.6175299999995
2686,7,InternationalFalls,0.05,0.45,1566.1090000000002,2046.1987,1935.4170399999998,5547.72474
2687,7,InternationalFalls,0.05,0.4,1574.59672,1955.3691399999998,1897.0963399999998,5427.062199999999
2688,7,InternationalFalls,0.05,0.55,1555.4099200000003,2219.49694,2007.2445999999998,5782.15146
2689,7,InternationalFalls,0.05,0.5,1560.13616,2132.05607,1971.33082,5663.52305
2690,7,InternationalFalls,0.05,0.6000000000000001,1551.8977600000003,2308.07793,2042.7783399999998,5902.75403
2691,7,InternationalFalls,0.05,0.65,1550.03328,2396.94395,2078.24874,6025.2259699999995
2692,7,InternationalFalls,0.05,0.7000000000000001,1547.94116,2485.58828,2113.49745,6147.02689
2693,7,InternationalFalls,0.05,0.75,1544.7433600000002,2575.97446,2148.61948,6269.337299999999
2694,7,InternationalFalls,0.05,0.8500000000000001,1543.6268400000001,2751.3312499999997,2218.9902199999997,6513.94831
2695,7,InternationalFalls,0.05,0.8,1544.46152,2663.89038,2183.70984,6392.061739999999
2696,7,InternationalFalls,0.05,0.9500000000000001,1544.78672,2924.62949,2289.7093299999997,6759.125539999999
2697,7,InternationalFalls,0.05,0.9,1542.3910799999999,2838.80379,2254.3022699999997,6635.4971399999995
2698,7,InternationalFalls,0.15000000000000002,0.01,2172.6286800000003,1491.0552699999998,1658.3678799999998,5322.05183
2699,7,InternationalFalls,0.15000000000000002,0.15000000000000002,2062.9170400000003,1589.80233,1738.3346299999998,5391.054
2700,7,InternationalFalls,0.15000000000000002,0.1,2059.10136,1604.21218,1707.1396799999998,5370.453219999999
2701,7,InternationalFalls,0.15000000000000002,0.25,1884.7616400000002,1605.79568,1791.8252599999998,5282.3825799999995
2702,7,InternationalFalls,0.15000000000000002,0.2,1986.8852800000002,1558.164,1765.47582,5310.525100000001
2703,7,InternationalFalls,0.15000000000000002,0.30000000000000004,1826.1497600000002,1669.5790599999998,1818.61808,5314.3469000000005
2704,7,InternationalFalls,0.15000000000000002,0.35000000000000003,1802.3017600000003,1737.89125,1846.39267,5386.58568
2705,7,InternationalFalls,0.15000000000000002,0.45,1763.5921200000003,1893.4226199999998,1916.00333,5573.01807
2706,7,InternationalFalls,0.15000000000000002,0.4,1779.42936,1812.31575,1880.0262099999998,5471.77132
2707,7,InternationalFalls,0.15000000000000002,0.55,1741.9338000000002,2049.6824,1984.3155199999997,5775.9317200000005
2708,7,InternationalFalls,0.15000000000000002,0.5,1752.3076800000001,1970.47573,1949.98524,5672.76865
2709,7,InternationalFalls,0.15000000000000002,0.6000000000000001,1735.4081200000003,2131.04263,2018.77248,5885.22323
2710,7,InternationalFalls,0.15000000000000002,0.65,1730.96372,2213.63799,2053.1344299999996,5997.736139999999
2711,7,InternationalFalls,0.15000000000000002,0.7000000000000001,1728.3296000000003,2298.89363,2087.52805,6114.75128
2712,7,InternationalFalls,0.15000000000000002,0.75,1724.60064,2383.42086,2121.79499,6229.816490000001
2713,7,InternationalFalls,0.15000000000000002,0.8500000000000001,1717.84732,2551.8735899999997,2190.23386,6459.95477
2714,7,InternationalFalls,0.15000000000000002,0.8,1721.2836000000002,2467.093,2156.03026,6344.406859999999
2715,7,InternationalFalls,0.15000000000000002,0.9500000000000001,1714.86632,2720.83304,2258.95776,6694.65712
2716,7,InternationalFalls,0.15000000000000002,0.9,1715.2457200000001,2637.92098,2224.59581,6577.76251
2717,7,InternationalFalls,0.1,0.01,2020.2074400000001,1522.15521,1657.95617,5200.31882
2718,7,InternationalFalls,0.1,0.15000000000000002,1927.96988,1626.60287,1738.9997,5293.572450000001
2719,7,InternationalFalls,0.1,0.1,1914.4957600000002,1643.3563,1707.61473,5265.46679
2720,7,InternationalFalls,0.1,0.25,1766.39968,1654.21911,1794.51721,5215.136
2721,7,InternationalFalls,0.1,0.2,1863.41768,1601.10852,1766.9326399999998,5231.45884
2722,7,InternationalFalls,0.1,0.30000000000000004,1707.5384800000002,1723.06969,1822.54516,5253.15333
2723,7,InternationalFalls,0.1,0.35000000000000003,1689.0996400000001,1796.5440899999999,1851.83991,5337.4836399999995
2724,7,InternationalFalls,0.1,0.45,1662.4657600000003,1962.4315499999998,1924.4908899999998,5549.3882
2725,7,InternationalFalls,0.1,0.4,1673.9344800000001,1876.6058499999997,1887.15196,5437.69229
2726,7,InternationalFalls,0.1,0.55,1647.0296000000003,2127.14722,1994.7666199999999,5768.94344
2727,7,InternationalFalls,0.1,0.5,1654.4550000000002,2043.8867899999998,1959.58125,5657.92304
2728,7,InternationalFalls,0.1,0.6000000000000001,1641.24104,2212.3078499999997,2029.7936399999996,5883.34253
2729,7,InternationalFalls,0.1,0.65,1639.2464800000002,2298.2919,2064.69398,6002.23236
2730,7,InternationalFalls,0.1,0.7000000000000001,1635.55004,2384.8776799999996,2099.4993099999997,6119.927029999999
2731,7,InternationalFalls,0.1,0.75,1633.2302800000002,2472.7935999999995,2134.2412999999997,6240.265179999999
2732,7,InternationalFalls,0.1,0.8500000000000001,1628.8184,2644.98339,2203.5352599999997,6477.337049999999
2733,7,InternationalFalls,0.1,0.8,1630.7696000000003,2559.0626799999995,2168.88828,6358.72056
2734,7,InternationalFalls,0.1,0.9500000000000001,1627.1056800000001,2816.38143,2273.2092599999996,6716.69637
2735,7,InternationalFalls,0.1,0.9,1628.1138,2731.7275199999995,2238.34059,6598.181909999999
2736,7,InternationalFalls,0.25,0.01,2463.1081599999998,1443.10689,1660.99649,5567.21154
2737,7,InternationalFalls,0.25,0.15000000000000002,2327.9225200000005,1533.9997899999998,1738.96803,5600.89034
2738,7,InternationalFalls,0.25,0.1,2329.6244,1547.80791,1708.7548499999998,5586.1871599999995
2739,7,InternationalFalls,0.25,0.25,2131.2524,1532.54297,1790.17842,5453.97379
2740,7,InternationalFalls,0.25,0.2,2236.27032,1488.10996,1764.9057599999999,5489.28604
2741,7,InternationalFalls,0.25,0.30000000000000004,2071.92508,1590.0240199999998,1815.5460899999998,5477.49519
2742,7,InternationalFalls,0.25,0.35000000000000003,2040.0338000000002,1650.4503799999998,1841.2621299999998,5531.7463099999995
2743,7,InternationalFalls,0.25,0.45,1979.2756000000002,1788.2148799999998,1905.55223,5673.04271
2744,7,InternationalFalls,0.25,0.4,2007.42708,1716.35565,1872.0453699999998,5595.8281
2745,7,InternationalFalls,0.25,0.55,1946.36536,1928.7980099999997,1969.74732,5844.91069
2746,7,InternationalFalls,0.25,0.5,1961.25952,1857.03379,1937.44392,5755.73723
2747,7,InternationalFalls,0.25,0.6000000000000001,1933.7584400000003,2003.2541799999997,2002.4940999999997,5939.506719999999
2748,7,InternationalFalls,0.25,0.65,1922.19216,2078.75546,2035.46257,6036.41019
2749,7,InternationalFalls,0.25,0.7000000000000001,1915.1570000000002,2158.05714,2068.52605,6141.74019
2750,7,InternationalFalls,0.25,0.75,1910.64756,2238.18224,2101.71621,6250.54601
2751,7,InternationalFalls,0.25,0.8500000000000001,1901.0758400000002,2396.56391,2168.4449,6466.084650000001
2752,7,InternationalFalls,0.25,0.8,1905.6069600000003,2316.7238399999997,2135.06472,6357.39552
2753,7,InternationalFalls,0.25,0.9500000000000001,1893.1626400000002,2560.0761199999997,2235.2686,6688.50736
2754,7,InternationalFalls,0.25,0.9,1896.1328,2479.50764,2201.82508,6577.46552
2755,7,InternationalFalls,0.2,0.01,2320.8982000000005,1464.7691699999998,1659.38132,5445.04869
2756,7,InternationalFalls,0.2,0.15000000000000002,2196.52004,1560.4759099999999,1738.49298,5495.4889299999995
2757,7,InternationalFalls,0.2,0.1,2197.39808,1573.30226,1707.5197199999998,5478.22006
2758,7,InternationalFalls,0.2,0.25,2007.49212,1566.7149,1790.6218,5364.82882
2759,7,InternationalFalls,0.2,0.2,2112.2498800000003,1520.2550099999999,1765.0007699999996,5397.50566
2760,7,InternationalFalls,0.2,0.30000000000000004,1948.8260400000001,1626.1911599999999,1816.4645199999998,5391.48172
2761,7,InternationalFalls,0.2,0.35000000000000003,1919.79652,1690.0378799999999,1843.13066,5452.9650599999995
2762,7,InternationalFalls,0.2,0.45,1869.1195200000002,1835.94157,1909.92269,5614.9837800000005
2763,7,InternationalFalls,0.2,0.4,1892.3279600000003,1759.8068899999998,1875.2440399999998,5527.37889
2764,7,InternationalFalls,0.2,0.55,1842.84336,1984.2838499999998,1976.14466,5803.27187
2765,7,InternationalFalls,0.2,0.5,1854.7456800000002,1909.16261,1942.82782,5706.73611
2766,7,InternationalFalls,0.2,0.6000000000000001,1832.9572800000003,2061.9070199999996,2009.6515199999997,5904.51582
2767,7,InternationalFalls,0.2,0.65,1825.6294400000002,2141.0503499999995,2043.38007,6010.059859999999
2768,7,InternationalFalls,0.2,0.7000000000000001,1820.50212,2223.3923499999996,2077.10862,6121.00309
2769,7,InternationalFalls,0.2,0.75,1817.9222,2305.79769,2110.9638499999996,6234.68374
2770,7,InternationalFalls,0.2,0.8500000000000001,1809.9114400000003,2469.4999199999997,2178.5793,6457.9906599999995
2771,7,InternationalFalls,0.2,0.8,1813.4669600000002,2386.68287,2144.78741,6344.93724
2772,7,InternationalFalls,0.2,0.9500000000000001,1804.24212,2636.11579,2246.47978,6686.83769
2773,7,InternationalFalls,0.2,0.9,1804.6215200000001,2554.31218,2212.4662,6571.399899999999
2774,7,InternationalFalls,0.30000000000000004,0.01,2602.6948400000006,1424.54827,1662.96003,5690.2031400000005
2775,7,InternationalFalls,0.30000000000000004,0.15000000000000002,2454.51204,1507.4603299999999,1741.56497,5703.53734
2776,7,InternationalFalls,0.30000000000000004,0.1,2457.85076,1528.80591,1711.63682,5698.29349
2777,7,InternationalFalls,0.30000000000000004,0.25,2246.6442,1509.6138899999999,1793.7887999999998,5550.04689
2778,7,InternationalFalls,0.30000000000000004,0.2,2350.04696,1461.69718,1767.78773,5579.53187
2779,7,InternationalFalls,0.30000000000000004,0.30000000000000004,2193.5173600000003,1566.6832299999999,1819.5998499999998,5579.80044
2780,7,InternationalFalls,0.30000000000000004,0.35000000000000003,2158.8076800000003,1627.26794,1846.1393099999998,5632.21493
2781,7,InternationalFalls,0.30000000000000004,0.45,2097.84352,1749.00742,1904.5387899999998,5751.38973
2782,7,InternationalFalls,0.30000000000000004,0.4,2126.5261600000003,1687.4092699999997,1874.6106399999996,5688.546069999999
2783,7,InternationalFalls,0.30000000000000004,0.55,2051.7518400000004,1881.03965,1964.9334800000001,5897.724970000001
2784,7,InternationalFalls,0.30000000000000004,0.5,2073.4210000000003,1813.39253,1935.00533,5821.81886
2785,7,InternationalFalls,0.30000000000000004,0.6000000000000001,2036.59752,1952.2338099999997,1996.85684,5985.688169999999
2786,7,InternationalFalls,0.30000000000000004,0.65,2023.7954800000002,2024.85312,2029.0969,6077.745500000001
2787,7,InternationalFalls,0.30000000000000004,0.7000000000000001,2011.5571200000002,2101.6845399999997,2061.52698,6174.76864
2788,7,InternationalFalls,0.30000000000000004,0.75,2006.55988,2178.6109699999997,2094.11541,6279.286259999999
2789,7,InternationalFalls,0.30000000000000004,0.8500000000000001,1993.28088,2331.95711,2159.67231,6484.9103
2790,7,InternationalFalls,0.30000000000000004,0.8,1998.8743200000001,2254.52396,2126.89386,6380.2921400000005
2791,7,InternationalFalls,0.30000000000000004,0.9500000000000001,1982.8636400000003,2491.19387,2225.35589,6699.4134
2792,7,InternationalFalls,0.30000000000000004,0.9,1988.02348,2413.0323099999996,2192.60911,6593.6649
2793,7,InternationalFalls,0.35000000000000003,0.01,2739.08372,1408.83995,1664.9869099999999,5812.91058
2794,7,InternationalFalls,0.35000000000000003,0.15000000000000002,2575.21544,1484.97463,1743.24348,5803.43355
2795,7,InternationalFalls,0.35000000000000003,0.1,2581.51348,1509.45554,1713.8853899999997,5804.85441
2796,7,InternationalFalls,0.35000000000000003,0.25,2368.0088400000004,1483.2327799999998,1793.9154800000001,5645.1571
2797,7,InternationalFalls,0.35000000000000003,0.2,2468.62572,1437.72299,1768.4844699999999,5674.83318
2798,7,InternationalFalls,0.35000000000000003,0.30000000000000004,2313.9064,1537.99021,1819.4415,5671.33811
2799,7,InternationalFalls,0.35000000000000003,0.35000000000000003,2277.54904,1597.46647,1845.7275999999997,5720.743109999999
2800,7,InternationalFalls,0.35000000000000003,0.45,2212.1621600000003,1714.39211,1902.60692,5829.161190000001
2801,7,InternationalFalls,0.35000000000000003,0.4,2242.7309600000003,1655.5492499999998,1873.3755099999998,5771.65572
2802,7,InternationalFalls,0.35000000000000003,0.55,2157.35512,1840.37537,1961.38644,5959.11693
2803,7,InternationalFalls,0.35000000000000003,0.5,2183.84808,1775.7369,1932.3767199999998,5891.9617
2804,7,InternationalFalls,0.35000000000000003,0.6000000000000001,2140.087,1907.9591500000001,1992.42304,6040.46919
2805,7,InternationalFalls,0.35000000000000003,0.65,2124.7050400000003,1977.9181799999997,2024.06137,6126.684589999999
2806,7,InternationalFalls,0.35000000000000003,0.7000000000000001,2110.88404,2051.93097,2055.85805,6218.67306
2807,7,InternationalFalls,0.35000000000000003,0.75,2101.72424,2126.67217,2087.8447499999997,6316.24116
2808,7,InternationalFalls,0.35000000000000003,0.8500000000000001,2086.4832,2275.93288,2152.3565399999998,6514.77262
2809,7,InternationalFalls,0.35000000000000003,0.8,2094.5481600000003,2200.1782399999997,2119.95813,6414.6845299999995
2810,7,InternationalFalls,0.35000000000000003,0.9500000000000001,2074.46164,2429.2473499999996,2216.64664,6720.355629999999
2811,7,InternationalFalls,0.35000000000000003,0.9,2080.0334000000003,2353.49271,2184.72328,6618.249390000001
2812,7,InternationalFalls,0.45,0.01,3000.21932,1383.50395,1671.8592999999998,6055.5825700000005
2813,7,InternationalFalls,0.45,0.15000000000000002,2806.62776,1449.2192,1747.1705599999998,6003.017519999999
2814,7,InternationalFalls,0.45,0.1,2823.8742,1478.0705699999999,1718.2875199999996,6020.23229
2815,7,InternationalFalls,0.45,0.25,2607.21512,1440.2249199999999,1795.4356399999997,5842.875679999999
2816,7,InternationalFalls,0.45,0.2,2697.71828,1398.89557,1771.2397599999997,5867.853609999999
2817,7,InternationalFalls,0.45,0.30000000000000004,2550.3810000000003,1491.1502799999998,1820.10657,5861.63785
2818,7,InternationalFalls,0.45,0.35000000000000003,2510.52232,1546.5094399999998,1845.6642599999998,5902.696019999999
2819,7,InternationalFalls,0.45,0.45,2437.9918800000005,1657.73448,1900.61171,5996.338070000001
2820,7,InternationalFalls,0.45,0.4,2472.8966800000003,1602.7236899999998,1872.39374,5948.01411
2821,7,InternationalFalls,0.45,0.55,2371.5752,1773.74169,1957.0159800000001,6102.33287
2822,7,InternationalFalls,0.45,0.5,2405.75372,1714.2654299999997,1929.1147099999998,6049.13386
2823,7,InternationalFalls,0.45,0.6000000000000001,2348.4318,1836.1632599999998,1986.8491199999999,6171.4441799999995
2824,7,InternationalFalls,0.45,0.65,2327.6732,1899.9149699999998,2016.9672899999998,6244.55546
2825,7,InternationalFalls,0.45,0.7000000000000001,2310.56768,1969.1455899999999,2047.6555199999998,6327.36879
2826,7,InternationalFalls,0.45,0.75,2296.8008800000002,2039.07295,2078.56544,6414.439270000001
2827,7,InternationalFalls,0.45,0.8500000000000001,2275.27264,2180.09946,2140.95534,6596.327440000001
2828,7,InternationalFalls,0.45,0.8,2284.9094,2108.9369699999997,2109.6970499999998,6503.543419999999
2829,7,InternationalFalls,0.45,0.9500000000000001,2257.7118400000004,2324.13462,2202.7751799999996,6784.62164
2830,7,InternationalFalls,0.45,0.9,2264.88792,2253.57386,2172.3403099999996,6690.802089999999
2831,7,InternationalFalls,0.4,0.01,2871.7002800000005,1395.50688,1667.9005499999998,5935.10771
2832,7,InternationalFalls,0.4,0.15000000000000002,2691.4636000000005,1466.89106,1745.0803399999998,5903.435
2833,7,InternationalFalls,0.4,0.1,2704.55832,1492.25873,1715.94394,5912.76099
2834,7,InternationalFalls,0.4,0.25,2487.5632000000005,1460.33537,1794.48554,5742.38411
2835,7,InternationalFalls,0.4,0.2,2584.7438,1416.40908,1769.6562599999997,5770.809139999999
2836,7,InternationalFalls,0.4,0.30000000000000004,2433.2222800000004,1513.22427,1819.5998499999998,5766.0464
2837,7,InternationalFalls,0.4,0.35000000000000003,2394.9896000000003,1570.73699,1845.5692499999998,5811.29584
2838,7,InternationalFalls,0.4,0.45,2325.22336,1684.0205799999999,1901.3401199999998,5910.584059999999
2839,7,InternationalFalls,0.4,0.4,2358.3178800000005,1627.7113200000001,1872.74211,5858.771310000001
2840,7,InternationalFalls,0.4,0.55,2265.1589200000003,1804.8732999999997,1958.8528399999998,6028.88506
2841,7,InternationalFalls,0.4,0.5,2295.57596,1742.89511,1930.4765199999997,5968.94759
2842,7,InternationalFalls,0.4,0.6000000000000001,2243.8258,1869.9234800000002,1989.16103,6102.91031
2843,7,InternationalFalls,0.4,0.65,2225.7772000000004,1936.2721299999998,2020.10262,6182.1519499999995
2844,7,InternationalFalls,0.4,0.7000000000000001,2210.5036400000004,2008.1947,2051.2659,6269.964240000001
2845,7,InternationalFalls,0.4,0.75,2198.87232,2080.4022999999997,2082.74588,6362.0205000000005
2846,7,InternationalFalls,0.4,0.8500000000000001,2180.3467600000004,2225.48257,2146.11755,6551.94688
2847,7,InternationalFalls,0.4,0.8,2190.0377200000003,2152.38821,2114.3842099999997,6456.81014
2848,7,InternationalFalls,0.4,0.9500000000000001,2166.55828,2373.72984,2209.20419,6749.49231
2849,7,InternationalFalls,0.4,0.9,2172.13004,2301.20554,2178.00924,6651.34482
2850,7,InternationalFalls,0.55,0.01,3245.6369200000004,1364.09024,1679.0800599999998,6288.807220000001
2851,7,InternationalFalls,0.55,0.15000000000000002,3027.2109200000004,1416.78912,1752.01607,6196.0161100000005
2852,7,InternationalFalls,0.55,0.1,3054.43016,1454.2547299999999,1723.51307,6232.1979599999995
2853,7,InternationalFalls,0.55,0.25,2837.3700000000003,1408.0482,1798.38095,6043.79915
2854,7,InternationalFalls,0.55,0.2,2918.44236,1369.98086,1775.1985099999997,6063.621729999999
2855,7,InternationalFalls,0.55,0.30000000000000004,2779.2892800000004,1454.9198,1822.13345,6056.342530000001
2856,7,InternationalFalls,0.55,0.35000000000000003,2734.6826800000003,1506.3835499999998,1846.83605,6087.90228
2857,7,InternationalFalls,0.55,0.45,2657.0249200000003,1612.76308,1900.1999999999998,6169.988
2858,7,InternationalFalls,0.55,0.4,2694.88904,1559.9058499999999,1872.6787699999998,6127.47366
2859,7,InternationalFalls,0.55,0.55,2584.22348,1721.8345599999998,1954.6724,6260.730439999999
2860,7,InternationalFalls,0.55,0.5,2621.58896,1666.25371,1928.0062599999999,6215.84893
2861,7,InternationalFalls,0.55,0.6000000000000001,2555.88772,1779.9173399999997,1983.6504499999999,6319.45551
2862,7,InternationalFalls,0.55,0.65,2531.7145200000004,1839.48861,2013.0085399999998,6384.211670000001
2863,7,InternationalFalls,0.55,0.7000000000000001,2509.31908,1903.9370599999997,2042.61999,6455.87613
2864,7,InternationalFalls,0.55,0.75,2491.1404,1969.1772599999997,2072.5798099999997,6532.89747
2865,7,InternationalFalls,0.55,0.8500000000000001,2461.1352800000004,2102.60297,2133.0061699999997,6696.74442
2866,7,InternationalFalls,0.55,0.8,2476.3112800000004,2035.3042199999998,2102.69798,6614.31348
2867,7,InternationalFalls,0.55,0.9500000000000001,2439.94308,2237.26381,2192.5141,6869.72099
2868,7,InternationalFalls,0.55,0.9,2449.2763200000004,2171.67524,2163.5360499999997,6784.48761
2869,7,InternationalFalls,0.5,0.01,3124.5541200000002,1373.24287,1675.62803,6173.425020000001
2870,7,InternationalFalls,0.5,0.15000000000000002,2917.9328800000003,1433.19418,1749.4824699999997,6100.609530000001
2871,7,InternationalFalls,0.5,0.1,2940.6752000000006,1465.3709,1720.85279,6126.89889
2872,7,InternationalFalls,0.5,0.25,2724.34132,1422.55306,1796.6074299999998,5943.50181
2873,7,InternationalFalls,0.5,0.2,2809.6846400000004,1383.5989599999998,1773.04495,5966.32855
2874,7,InternationalFalls,0.5,0.30000000000000004,2666.2064,1471.98993,1820.96166,5959.15799
2875,7,InternationalFalls,0.5,0.35000000000000003,2623.6268800000003,1525.5122299999998,1846.17098,5995.31009
2876,7,InternationalFalls,0.5,0.45,2548.6682800000003,1634.14033,1900.2633399999997,6083.07195
2877,7,InternationalFalls,0.5,0.4,2585.30748,1580.26966,1872.39374,6037.970879999999
2878,7,InternationalFalls,0.5,0.55,2478.17576,1746.18879,1955.5908299999999,6179.95538
2879,7,InternationalFalls,0.5,0.5,2514.3813600000003,1688.8977599999998,1928.32296,6131.602080000001
2880,7,InternationalFalls,0.5,0.6000000000000001,2452.61504,1806.3301199999999,1985.0439299999998,6243.98909
2881,7,InternationalFalls,0.5,0.65,2430.14372,1867.95994,2014.7820599999998,6312.885719999999
2882,7,InternationalFalls,0.5,0.7000000000000001,2410.34988,1934.5936199999999,2044.8052199999997,6389.74872
2883,7,InternationalFalls,0.5,0.75,2393.98148,2002.0190499999999,2075.17675,6471.17728
2884,7,InternationalFalls,0.5,0.8500000000000001,2368.5616800000003,2138.80178,2136.67989,6644.04335
2885,7,InternationalFalls,0.5,0.8,2380.5398800000003,2069.8245199999997,2105.76997,6556.13437
2886,7,InternationalFalls,0.5,0.9500000000000001,2349.36404,2278.8465199999996,2197.2329299999997,6825.44349
2887,7,InternationalFalls,0.5,0.9,2357.65664,2211.16773,2167.52647,6736.35084
2888,7,InternationalFalls,0.6000000000000001,0.01,3366.2102400000003,1356.01439,1682.5637599999998,6404.788390000001
2889,7,InternationalFalls,0.6000000000000001,0.15000000000000002,3132.3806000000004,1393.25831,1754.7080199999998,6280.346930000001
2890,7,InternationalFalls,0.6000000000000001,0.1,3164.72716,1444.5320399999998,1726.4583799999998,6335.7175799999995
2891,7,InternationalFalls,0.6000000000000001,0.25,2945.97596,1394.93682,1800.5345099999997,6141.44729
2892,7,InternationalFalls,0.6000000000000001,0.2,3024.7936000000004,1358.0729399999998,1777.6687699999998,6160.535309999999
2893,7,InternationalFalls,0.6000000000000001,0.30000000000000004,2889.3478,1440.3516,1823.8119599999998,6153.5113599999995
2894,7,InternationalFalls,0.6000000000000001,0.35000000000000003,2842.8008400000003,1489.94682,1848.0078399999998,6180.755499999999
2895,7,InternationalFalls,0.6000000000000001,0.45,2763.4845600000003,1593.44438,1900.5800399999998,6257.50898
2896,7,InternationalFalls,0.6000000000000001,0.4,2801.47876,1542.07564,1873.3755099999998,6216.92991
2897,7,InternationalFalls,0.6000000000000001,0.55,2687.6154,1700.23562,1954.4507099999998,6342.30173
2898,7,InternationalFalls,0.6000000000000001,0.5,2726.7152800000003,1646.0482499999998,1928.0695999999998,6300.83313
2899,7,InternationalFalls,0.6000000000000001,0.6000000000000001,2656.9924,1756.54488,1982.82703,6396.364310000001
2900,7,InternationalFalls,0.6000000000000001,0.65,2631.3449600000004,1814.0892699999997,2011.6467300000002,6457.08096
2901,7,InternationalFalls,0.6000000000000001,0.7000000000000001,2607.4536000000003,1876.7642,2040.9098099999997,6525.12761
2902,7,InternationalFalls,0.6000000000000001,0.75,2587.90908,1939.69249,2070.39458,6597.99615
2903,7,InternationalFalls,0.6000000000000001,0.8500000000000001,2555.00968,2069.15945,2130.02919,6754.19832
2904,7,InternationalFalls,0.6000000000000001,0.8,2570.8144,2004.14094,2100.22772,6675.18306
2905,7,InternationalFalls,0.6000000000000001,0.9500000000000001,2530.79312,2199.2281399999997,2188.33366,6918.35492
2906,7,InternationalFalls,0.6000000000000001,0.9,2540.12636,2136.42653,2160.08402,6836.636910000001
2907,7,InternationalFalls,0.65,0.01,3495.6615200000006,1348.85697,1686.30082,6530.819310000001
2908,7,InternationalFalls,0.65,0.15000000000000002,3230.74276,1354.36755,1759.0468099999998,6344.15712
2909,7,InternationalFalls,0.65,0.1,3274.28704,1437.818,1730.57548,6442.68052
2910,7,InternationalFalls,0.65,0.25,3046.37604,1389.48958,1807.3435599999998,6243.20918
2911,7,InternationalFalls,0.65,0.2,3121.4538800000005,1350.31379,1783.30603,6255.0737
2912,7,InternationalFalls,0.65,0.30000000000000004,2993.54188,1435.82279,1831.57111,6260.93578
2913,7,InternationalFalls,0.65,0.35000000000000003,2946.2036000000003,1485.8930599999999,1856.55874,6288.6554
2914,7,InternationalFalls,0.65,0.45,2865.5323200000003,1587.6171,1909.7960099999998,6362.94543
2915,7,InternationalFalls,0.65,0.4,2904.1118800000004,1536.9451,1882.5598099999997,6323.61679
2916,7,InternationalFalls,0.65,0.55,2790.4978400000005,1692.1597699999998,1962.96994,6445.62755
2917,7,InternationalFalls,0.65,0.5,2828.427,1639.8092599999998,1937.1272199999999,6405.36348
2918,7,InternationalFalls,0.65,0.6000000000000001,2758.70412,1747.0122099999999,1990.5861799999998,6496.3025099999995
2919,7,InternationalFalls,0.65,0.65,2730.0323200000003,1806.61515,2020.19763,6556.8451
2920,7,InternationalFalls,0.65,0.7000000000000001,2705.1220000000003,1867.29487,2048.32059,6620.73746
2921,7,InternationalFalls,0.65,0.75,2685.1222000000002,1928.703,2077.01361,6690.83881
2922,7,InternationalFalls,0.65,0.8500000000000001,2647.4640400000003,2054.55958,2135.7614599999997,6837.78508
2923,7,InternationalFalls,0.65,0.8,2666.22808,1990.4595,2106.24502,6762.9326
2924,7,InternationalFalls,0.65,0.9500000000000001,2620.6675600000003,2183.0447699999995,2193.4958699999997,6997.2082
2925,7,InternationalFalls,0.65,0.9,2631.8327600000002,2120.4965199999997,2165.1828899999996,6917.51217
2926,7,InternationalFalls,0.7000000000000001,0.01,3628.88512,1342.9030099999998,1689.97454,6661.76267
2927,7,InternationalFalls,0.7000000000000001,0.15000000000000002,3323.61988,1326.71964,1763.6706299999998,6414.01015
2928,7,InternationalFalls,0.7000000000000001,0.1,3382.4594,1432.3707599999998,1734.9142699999998,6549.744429999999
2929,7,InternationalFalls,0.7000000000000001,0.25,3147.5349200000005,1385.7841899999999,1814.6909999999998,6348.01011
2930,7,InternationalFalls,0.7000000000000001,0.2,3221.29028,1342.99802,1789.32333,6353.61163
2931,7,InternationalFalls,0.7000000000000001,0.30000000000000004,3095.06932,1433.35253,1840.05867,6368.480519999999
2932,7,InternationalFalls,0.7000000000000001,0.35000000000000003,3046.72292,1483.9928599999998,1865.8380499999998,6396.553830000001
2933,7,InternationalFalls,0.7000000000000001,0.45,2964.56656,1584.64012,1920.0887599999999,6469.29544
2934,7,InternationalFalls,0.7000000000000001,0.4,3003.9266000000002,1533.9997899999998,1892.7575499999998,6430.683940000001
2935,7,InternationalFalls,0.7000000000000001,0.55,2890.5510400000003,1687.0609,1972.7242999999999,6550.3362400000005
2936,7,InternationalFalls,0.7000000000000001,0.5,2927.5262800000005,1636.10387,1947.26162,6510.891770000001
2937,7,InternationalFalls,0.7000000000000001,0.6000000000000001,2858.5080000000003,1740.2348299999999,1999.5487899999998,6598.29162
2938,7,InternationalFalls,0.7000000000000001,0.65,2826.8010000000004,1802.1496799999998,2029.54028,6658.49096
2939,7,InternationalFalls,0.7000000000000001,0.7000000000000001,2800.86088,1860.2007899999999,2056.45978,6717.52145
2940,7,InternationalFalls,0.7000000000000001,0.75,2779.34348,1919.48703,2084.17103,6783.001539999999
2941,7,InternationalFalls,0.7000000000000001,0.8500000000000001,2739.33304,2042.3666299999998,2141.8104299999995,6923.5100999999995
2942,7,InternationalFalls,0.7000000000000001,0.8,2759.8965200000002,1979.8500499999998,2112.8640499999997,6852.6106199999995
2943,7,InternationalFalls,0.7000000000000001,0.9500000000000001,2709.4905200000003,2169.29999,2198.8480999999997,7077.63861
2944,7,InternationalFalls,0.7000000000000001,0.9,2722.6502800000003,2106.30836,2170.75681,6999.715450000001
2945,7,InternationalFalls,0.75,0.01,3762.9108800000004,1337.86748,1693.5215799999999,6794.29994
2946,7,InternationalFalls,0.75,0.15000000000000002,3414.39404,1309.49116,1768.57948,6492.464680000001
2947,7,InternationalFalls,0.75,0.1,3489.16836,1420.8112099999998,1740.0131399999998,6649.9927099999995
2948,7,InternationalFalls,0.75,0.25,3246.49328,1383.88399,1822.7351799999997,6453.11245
2949,7,InternationalFalls,0.75,0.2,3317.24596,1337.23408,1795.8473499999998,6450.32739
2950,7,InternationalFalls,0.75,0.30000000000000004,3192.79192,1432.9408199999998,1849.36965,6475.10239
2951,7,InternationalFalls,0.75,0.35000000000000003,3143.75176,1484.27789,1876.0041199999998,6504.03377
2952,7,InternationalFalls,0.75,0.45,3061.2268400000003,1584.26008,1931.4899599999999,6576.97688
2953,7,InternationalFalls,0.75,0.4,3100.8362,1533.6830899999998,1903.96873,6538.488020000001
2954,7,InternationalFalls,0.75,0.55,2988.1110400000002,1685.7624299999998,1983.93548,6657.808950000001
2955,7,InternationalFalls,0.75,0.5,3024.05648,1635.21711,1958.5044699999999,6617.778060000001
2956,7,InternationalFalls,0.75,0.6000000000000001,2956.0463200000004,1736.4977699999997,2009.74653,6702.29062
2957,7,InternationalFalls,0.75,0.65,2920.82716,1801.48461,2039.89637,6762.208140000001
2958,7,InternationalFalls,0.75,0.7000000000000001,2894.7461200000002,1856.0520199999996,2065.4223899999997,6816.22053
2959,7,InternationalFalls,0.75,0.75,2872.25312,1912.5512999999999,2092.02519,6876.829609999999
2960,7,InternationalFalls,0.75,0.8500000000000001,2830.07468,2032.1688899999997,2148.2077699999995,7010.45134
2961,7,InternationalFalls,0.75,0.8,2851.15848,1971.29915,2120.0214699999997,6942.4791
2962,7,InternationalFalls,0.75,0.9500000000000001,2796.6983200000004,2156.6636599999997,2204.232,7157.59398
2963,7,InternationalFalls,0.75,0.9,2811.59248,2094.43211,2176.45741,7082.482
2964,7,InternationalFalls,0.8500000000000001,0.01,3988.4804400000003,1289.8240899999998,1709.76829,6988.07282
2965,7,InternationalFalls,0.8500000000000001,0.15000000000000002,3607.0425200000004,1291.85097,1774.0900599999998,6672.98355
2966,7,InternationalFalls,0.8500000000000001,0.1,3691.5078,1400.32072,1745.6504,6837.47892
2967,7,InternationalFalls,0.8500000000000001,0.25,3446.0468400000004,1368.7774,1830.1459599999998,6644.9702
2968,7,InternationalFalls,0.8500000000000001,0.2,3516.07324,1321.8424599999998,1802.4347099999998,6640.350409999999
2969,7,InternationalFalls,0.8500000000000001,0.30000000000000004,3390.481,1417.39085,1857.3821599999999,6665.254010000001
2970,7,InternationalFalls,0.8500000000000001,0.35000000000000003,3339.8148400000005,1467.42945,1884.3016599999999,6691.545950000001
2971,7,InternationalFalls,0.8500000000000001,0.45,3254.0812800000003,1564.4979999999998,1939.5024699999997,6758.081749999999
2972,7,InternationalFalls,0.8500000000000001,0.4,3294.0917200000004,1515.6945299999998,1912.2029299999997,6721.98918
2973,7,InternationalFalls,0.8500000000000001,0.55,3179.06848,1664.5752,1992.1696799999997,6835.81336
2974,7,InternationalFalls,0.8500000000000001,0.5,3214.62368,1614.82163,1966.3902999999998,6795.83561
2975,7,InternationalFalls,0.8500000000000001,0.6000000000000001,3144.58644,1713.41034,2017.0622999999998,6875.059079999999
2976,7,InternationalFalls,0.8500000000000001,0.65,3105.8876400000004,1778.61887,2047.1804699999998,6931.68698
2977,7,InternationalFalls,0.8500000000000001,0.7000000000000001,3077.4326400000004,1830.11429,2071.3446799999997,6978.891610000001
2978,7,InternationalFalls,0.8500000000000001,0.75,3051.5142000000005,1883.95329,2096.8707,7032.33819
2979,7,InternationalFalls,0.8500000000000001,0.8500000000000001,3005.53092,1997.93362,2151.2480899999996,7154.71263
2980,7,InternationalFalls,0.8500000000000001,0.8,3028.71768,1939.8508399999998,2123.98022,7092.54874
2981,7,InternationalFalls,0.8500000000000001,0.9500000000000001,2967.6668,2116.91781,2205.84717,7290.43178
2982,7,InternationalFalls,0.8500000000000001,0.9,2985.16256,2057.25153,2178.5793,7220.99339
2983,7,InternationalFalls,0.8,0.01,3885.1318800000004,1320.25896,1701.5024199999998,6906.89326
2984,7,InternationalFalls,0.8,0.15000000000000002,3515.13016,1299.99016,1770.7330399999998,6585.85336
2985,7,InternationalFalls,0.8,0.1,3591.6714,1412.7987,1742.3883899999998,6746.8584900000005
2986,7,InternationalFalls,0.8,0.25,3349.7551200000003,1375.77647,1826.5672499999998,6552.098840000001
2987,7,InternationalFalls,0.8,0.2,3420.73544,1328.39815,1798.91934,6548.05293
2988,7,InternationalFalls,0.8,0.30000000000000004,3294.77464,1424.7699599999999,1853.8667899999998,6573.41139
2989,7,InternationalFalls,0.8,0.35000000000000003,3244.6288,1475.66365,1880.8179599999999,6601.110409999999
2990,7,InternationalFalls,0.8,0.45,3160.6513200000004,1574.79075,1936.7471799999998,6672.189249999999
2991,7,InternationalFalls,0.8,0.4,3200.4883200000004,1525.03718,1909.0675999999999,6634.5931
2992,7,InternationalFalls,0.8,0.55,3087.02604,1676.6097999999997,1990.0477899999998,6753.6836299999995
2993,7,InternationalFalls,0.8,0.5,3122.1910000000003,1625.74778,1963.76169,6711.700470000001
2994,7,InternationalFalls,0.8,0.6000000000000001,3053.5196,1726.77508,2015.3837899999999,6795.67847
2995,7,InternationalFalls,0.8,0.65,3015.94816,1793.3770899999997,2046.1036900000001,6855.42894
2996,7,InternationalFalls,0.8,0.7000000000000001,2988.6638800000005,1846.8043799999998,2071.02798,6906.49624
2997,7,InternationalFalls,0.8,0.75,2964.07876,1901.9735199999998,2097.1240599999996,6963.17634
2998,7,InternationalFalls,0.8,0.8500000000000001,2919.38544,2019.3425399999999,2152.57823,7091.30621
2999,7,InternationalFalls,0.8,0.8,2941.68332,1959.6445899999999,2124.8036399999996,7026.13155
3000,7,InternationalFalls,0.8,0.9500000000000001,2883.5917600000002,2142.57051,2208.2857599999998,7234.4480300000005
3001,7,InternationalFalls,0.8,0.9,2899.4506800000004,2080.46564,2180.4161599999998,7160.33248
3002,7,InternationalFalls,0.9500000000000001,0.01,4168.793000000001,1247.2596099999998,1725.50828,7141.560890000001
3003,7,InternationalFalls,0.9500000000000001,0.15000000000000002,3788.2006000000006,1278.1378599999998,1780.9941199999998,6847.33258
3004,7,InternationalFalls,0.9500000000000001,0.1,3901.7821200000003,1339.6409999999998,1753.5045599999996,6994.92768
3005,7,InternationalFalls,0.9500000000000001,0.25,3630.1425600000002,1357.8195799999999,1837.8417699999998,6825.80391
3006,7,InternationalFalls,0.9500000000000001,0.2,3700.2665200000006,1311.4547,1809.78215,6821.50337
3007,7,InternationalFalls,0.9500000000000001,0.30000000000000004,3574.219,1405.1662299999998,1865.0462999999997,6844.43153
3008,7,InternationalFalls,0.9500000000000001,0.35000000000000003,3522.5338800000004,1454.15972,1891.8391199999999,6868.53272
3009,7,InternationalFalls,0.9500000000000001,0.45,3432.8112000000006,1547.49121,1946.08983,6926.39224
3010,7,InternationalFalls,0.9500000000000001,0.4,3474.8053600000003,1500.9363099999998,1919.48703,6895.228700000001
3011,7,InternationalFalls,0.9500000000000001,0.55,3355.15344,1643.0395999999998,1997.2685499999998,6995.46159
3012,7,InternationalFalls,0.9500000000000001,0.5,3392.44304,1595.5662699999998,1972.2492499999998,6960.258559999999
3013,7,InternationalFalls,0.9500000000000001,0.6000000000000001,3319.8475600000006,1690.98798,2021.3060799999998,7032.14162
3014,7,InternationalFalls,0.9500000000000001,0.65,3279.89132,1753.3145399999999,2050.3158,7083.52166
3015,7,InternationalFalls,0.9500000000000001,0.7000000000000001,3250.4173600000004,1801.73797,2073.1182,7125.27353
3016,7,InternationalFalls,0.9500000000000001,0.75,3222.7862000000005,1852.695,2097.37742,7172.85862
3017,7,InternationalFalls,0.9500000000000001,0.8500000000000001,3173.49672,1960.1513099999997,2149.4429,7283.09093
3018,7,InternationalFalls,0.9500000000000001,0.8,3197.3555600000004,1905.1088499999998,2123.34682,7225.811230000001
3019,7,InternationalFalls,0.9500000000000001,0.9500000000000001,3130.0933600000003,2072.64315,2201.7934099999998,7404.529920000001
3020,7,InternationalFalls,0.9500000000000001,0.9,3151.7516800000003,2016.2705499999997,2175.66566,7343.687890000001
3021,7,InternationalFalls,0.9,0.01,4082.3656800000003,1271.8672,1717.8124699999998,7072.04535
3022,7,InternationalFalls,0.9,0.15000000000000002,3698.8248,1284.0601499999998,1777.54209,6760.42704
3023,7,InternationalFalls,0.9,0.1,3802.5094000000004,1354.3358799999999,1749.98919,6906.834470000001
3024,7,InternationalFalls,0.9,0.25,3538.70716,1362.85511,1833.91469,6735.47696
3025,7,InternationalFalls,0.9,0.2,3609.6116,1316.42689,1805.98175,6732.02024
3026,7,InternationalFalls,0.9,0.30000000000000004,3483.3472800000004,1410.83516,1861.1192199999998,6755.30166
3027,7,InternationalFalls,0.9,0.35000000000000003,3432.62692,1460.4303799999998,1887.9753799999999,6781.03268
3028,7,InternationalFalls,0.9,0.45,3344.4652000000006,1555.4403799999998,1942.6377999999997,6842.54338
3029,7,InternationalFalls,0.9,0.4,3385.8089600000003,1507.7770299999997,1915.7499699999998,6809.335959999999
3030,7,InternationalFalls,0.9,0.55,3268.16244,1653.61738,1994.6082699999997,6916.3880899999995
3031,7,InternationalFalls,0.9,0.5,3304.61736,1604.0538299999998,1969.1139199999998,6877.78511
3032,7,InternationalFalls,0.9,0.6000000000000001,3233.32268,1701.5340899999999,2018.9624999999999,6953.81927
3033,7,InternationalFalls,0.9,0.65,3194.0168400000002,1765.3174699999997,2048.66896,7008.00327
3034,7,InternationalFalls,0.9,0.7000000000000001,3164.8572400000003,1815.1343799999997,2072.07309,7052.06471
3035,7,InternationalFalls,0.9,0.75,3138.3426000000004,1867.3265399999998,2096.90237,7102.57151
3036,7,InternationalFalls,0.9,0.8500000000000001,3090.3539200000005,1978.20321,2150.20298,7218.76011
3037,7,InternationalFalls,0.9,0.8,3113.8658800000003,1921.7989400000001,2123.50517,7159.16999
3038,7,InternationalFalls,0.9,0.9500000000000001,3049.7798,2093.9570599999997,2203.69361,7347.430469999999
3039,7,InternationalFalls,0.9,0.9,3069.1942400000003,2035.87428,2176.9957999999997,7282.06432
3040,1A,Miami,0.01,0.01,2.93764,9178.40938,1804.5882699999997,10985.93529
3041,1A,Miami,0.01,0.15000000000000002,0.9756000000000001,9467.144769999999,1890.28729,11358.407659999999
3042,1A,Miami,0.01,0.1,1.1924000000000001,9364.40729,1858.7123,11224.311989999998
3043,1A,Miami,0.01,0.25,0.7804800000000001,9656.34135,1951.28371,11608.40554
3044,1A,Miami,0.01,0.2,0.8672000000000001,9561.01465,1921.03886,11482.92071
3045,1A,Miami,0.01,0.30000000000000004,0.9972800000000002,9763.70265,1980.38844,11745.08837
3046,1A,Miami,0.01,0.35000000000000003,2.1246400000000003,9874.99103,2008.7647599999998,11885.88043
3047,1A,Miami,0.01,0.45,6.0053600000000005,10119.071719999998,2072.8965099999996,12197.973589999998
3048,1A,Miami,0.01,0.4,4.05416,9995.24202,2039.83303,12039.12921
3049,1A,Miami,0.01,0.55,9.1056,10345.86059,2138.6434299999996,12493.609620000001
3050,1A,Miami,0.01,0.5,7.642200000000001,10233.90714,2103.64808,12345.19742
3051,1A,Miami,0.01,0.6000000000000001,10.363040000000002,10456.8006,2175.1589400000003,12642.32258
3052,1A,Miami,0.01,0.65,11.392840000000001,10567.0122,2211.5477699999997,12789.952809999999
3053,1A,Miami,0.01,0.7000000000000001,12.357600000000001,10677.38215,2247.74658,12937.48633
3054,1A,Miami,0.01,0.75,13.279000000000002,10787.688760000001,2283.75537,13084.723130000002
3055,1A,Miami,0.01,0.8500000000000001,14.7424,11007.82693,2355.74128,13378.310609999999
3056,1A,Miami,0.01,0.8,14.07032,10897.773679999998,2319.70082,13231.54482
3057,1A,Miami,0.01,0.9500000000000001,15.73968,11227.30003,2427.4104899999998,13670.450200000001
3058,1A,Miami,0.01,0.9,15.273560000000002,11117.50014,2391.6550599999996,13524.428759999999
3059,1A,Miami,0.05,0.01,3.4796400000000003,9167.578239999999,1804.01821,10975.076089999999
3060,1A,Miami,0.05,0.15000000000000002,1.14904,9456.313629999999,1889.7489,11347.21157
3061,1A,Miami,0.05,0.1,1.4308800000000002,9353.576149999999,1858.2055799999998,11213.212609999999
3062,1A,Miami,0.05,0.25,0.8672000000000001,9645.066829999998,1950.30194,11596.235969999998
3063,1A,Miami,0.05,0.2,1.0081200000000001,9549.930149999998,1920.1837699999996,11471.122039999998
3064,1A,Miami,0.05,0.30000000000000004,1.05148,9754.6767,1979.27999,11735.008170000001
3065,1A,Miami,0.05,0.35000000000000003,2.1138,9865.775059999998,2007.5296299999998,11875.418489999996
3066,1A,Miami,0.05,0.45,5.9945200000000005,10109.50738,2071.3446799999997,12186.84658
3067,1A,Miami,0.05,0.4,4.0216400000000005,9985.74102,2038.4395499999998,12028.20221
3068,1A,Miami,0.05,0.55,9.14896,10335.78953,2136.48987,12481.42836
3069,1A,Miami,0.05,0.5,7.663880000000001,10224.08944,2101.90623,12333.65955
3070,1A,Miami,0.05,0.6000000000000001,10.438920000000001,10446.47618,2172.81536,12629.73046
3071,1A,Miami,0.05,0.65,11.479560000000001,10556.49776,2208.9825,12776.95982
3072,1A,Miami,0.05,0.7000000000000001,12.466000000000001,10666.58268,2244.95962,12924.0083
3073,1A,Miami,0.05,0.75,13.419920000000001,10776.635929999999,2280.71505,13070.7709
3074,1A,Miami,0.05,0.8500000000000001,14.948360000000001,10996.17237,2352.25758,13363.37831
3075,1A,Miami,0.05,0.8,14.243760000000002,10886.404149999998,2316.47048,13217.118389999998
3076,1A,Miami,0.05,0.9500000000000001,16.01068,11214.75871,2423.5150799999997,13654.284469999999
3077,1A,Miami,0.05,0.9,15.501200000000003,11105.37053,2387.94967,13508.8214
3078,1A,Miami,0.15000000000000002,0.01,5.224880000000001,9142.938979999999,1802.9414299999999,10951.10529
3079,1A,Miami,0.15000000000000002,0.15000000000000002,1.7344000000000002,9432.054409999999,1888.8621399999997,11322.650949999997
3080,1A,Miami,0.15000000000000002,0.1,2.2547200000000003,9328.81021,1857.35049,11188.415420000001
3081,1A,Miami,0.15000000000000002,0.25,1.20324,9625.36809,1948.40174,11574.97307
3082,1A,Miami,0.15000000000000002,0.2,1.4200400000000002,9525.22755,1918.7586199999998,11445.406210000001
3083,1A,Miami,0.15000000000000002,0.30000000000000004,1.32248,9734.75627,1977.1264299999998,11713.20518
3084,1A,Miami,0.15000000000000002,0.35000000000000003,2.2330400000000004,9844.74618,2005.0910399999998,11852.070259999999
3085,1A,Miami,0.15000000000000002,0.45,6.02704,10088.13013,2068.051,12162.20817
3086,1A,Miami,0.15000000000000002,0.4,4.0216400000000005,9964.52212,2035.65259,12004.19635
3087,1A,Miami,0.15000000000000002,0.55,9.279040000000002,10313.17715,2131.92939,12454.385579999998
3088,1A,Miami,0.15000000000000002,0.5,7.76144,10201.98378,2098.23251,12307.97773
3089,1A,Miami,0.15000000000000002,0.6000000000000001,10.63404,10423.230399999999,2167.68482,12601.54926
3090,1A,Miami,0.15000000000000002,0.65,11.718040000000002,10532.555239999998,2203.40858,12747.681859999997
3091,1A,Miami,0.15000000000000002,0.7000000000000001,12.74784,10642.0701,2238.91065,12893.72859
3092,1A,Miami,0.15000000000000002,0.75,13.75596,10751.45828,2274.12769,13039.34193
3093,1A,Miami,0.15000000000000002,0.8500000000000001,15.436160000000001,10969.15786,2344.5300999999995,13329.124119999999
3094,1A,Miami,0.15000000000000002,0.8,14.66652,10860.403079999998,2309.3447300000003,13184.41433
3095,1A,Miami,0.15000000000000002,0.9500000000000001,16.62856,11186.25571,2414.67915,13617.563419999999
3096,1A,Miami,0.15000000000000002,0.9,16.0974,11077.72262,2379.74714,13473.56716
3097,1A,Miami,0.1,0.01,4.30348,9154.878569999999,1803.44815,10962.6302
3098,1A,Miami,0.1,0.15000000000000002,1.39836,9443.6773,1889.1788399999998,11334.2545
3099,1A,Miami,0.1,0.1,1.8102800000000001,9340.78147,1857.69886,11200.29061
3100,1A,Miami,0.1,0.25,1.0081200000000001,9634.48905,1949.2568299999998,11584.754
3101,1A,Miami,0.1,0.2,1.1924000000000001,9537.04046,1919.3920199999998,11457.62488
3102,1A,Miami,0.1,0.30000000000000004,1.14904,9744.162260000001,1978.07653,11723.387830000001
3103,1A,Miami,0.1,0.35000000000000003,2.15716,9854.7539,2006.19949,11863.110550000001
3104,1A,Miami,0.1,0.45,6.0053600000000005,10098.45455,2069.57116,12174.031069999999
3105,1A,Miami,0.1,0.4,4.0216400000000005,9974.656519999999,2036.9193899999998,12015.597549999999
3106,1A,Miami,0.1,0.55,9.214,10324.103299999999,2134.08295,12467.400249999999
3107,1A,Miami,0.1,0.5,7.696400000000001,10212.52989,2099.94269,12320.16898
3108,1A,Miami,0.1,0.6000000000000001,10.547320000000001,10434.47325,2170.12341,12615.143979999999
3109,1A,Miami,0.1,0.65,11.5988,10544.051449999999,2206.06886,12761.719109999998
3110,1A,Miami,0.1,0.7000000000000001,12.59608,10653.81967,2241.7926199999997,12908.20837
3111,1A,Miami,0.1,0.75,13.58252,10763.556219999999,2277.26302,13054.401759999999
3112,1A,Miami,0.1,0.8500000000000001,15.19768,10982.26924,2348.2988299999997,13345.765749999999
3113,1A,Miami,0.1,0.8,14.471400000000001,10873.071079999998,2312.73342,13200.275899999999
3114,1A,Miami,0.1,0.9500000000000001,16.32504,11200.0955,2418.9545999999996,13635.375139999998
3115,1A,Miami,0.1,0.9,15.793880000000001,11091.05569,2383.6425499999996,13490.492119999999
3116,1A,Miami,0.25,0.01,7.54464,9121.30837,1802.24469,10931.0977
3117,1A,Miami,0.25,0.15000000000000002,2.57992,9411.500579999998,1888.6404499999999,11302.720949999999
3118,1A,Miami,0.25,0.1,3.4688000000000003,9307.33795,1857.1287999999997,11167.93555
3119,1A,Miami,0.25,0.25,1.7127200000000002,9609.913129999999,1947.2932899999998,11558.919139999998
3120,1A,Miami,0.25,0.2,2.0596,9504.673719999999,1918.12522,11424.85854
3121,1A,Miami,0.25,0.30000000000000004,1.7886,9718.41455,1975.76462,11695.96777
3122,1A,Miami,0.25,0.35000000000000003,2.53656,9827.67605,2003.4442,11833.65681
3123,1A,Miami,0.25,0.45,6.15712,10070.046559999999,2065.8340999999996,12142.037779999999
3124,1A,Miami,0.25,0.4,4.16256,9946.75525,2033.7207199999998,11984.63853
3125,1A,Miami,0.25,0.55,9.495840000000001,10294.143479999999,2128.28734,12431.926659999997
3126,1A,Miami,0.25,0.5,7.934880000000001,10183.235139999999,2095.4772199999998,12286.647239999998
3127,1A,Miami,0.25,0.6000000000000001,10.87252,10403.309969999998,2163.66273,12577.84522
3128,1A,Miami,0.25,0.65,12.021560000000001,10512.191429999999,2198.8797699999996,12723.092759999998
3129,1A,Miami,0.25,0.7000000000000001,13.10556,10620.91454,2233.93846,12867.95856
3130,1A,Miami,0.25,0.75,14.146200000000002,10729.51097,2268.7121199999997,13012.369289999999
3131,1A,Miami,0.25,0.8500000000000001,15.934800000000001,10945.88041,2338.13276,13299.947970000001
3132,1A,Miami,0.25,0.8,15.07844,10837.75903,2303.3907699999995,13156.228239999999
3133,1A,Miami,0.25,0.9500000000000001,17.21392,11161.01472,2407.14169,13585.37033
3134,1A,Miami,0.25,0.9,16.62856,11053.65342,2372.81141,13443.09339
3135,1A,Miami,0.2,0.01,6.3414,9132.01283,1802.5930599999997,10940.947289999998
3136,1A,Miami,0.2,0.15000000000000002,2.1138,9421.31828,1888.6404499999999,11312.072529999998
3137,1A,Miami,0.2,0.1,2.8184000000000005,9317.6307,1857.1921399999997,11177.641239999999
3138,1A,Miami,0.2,0.25,1.4200400000000002,9617.292239999999,1947.7683399999999,11566.48062
3139,1A,Miami,0.2,0.2,1.7018800000000003,9514.55476,1918.34691,11434.603550000002
3140,1A,Miami,0.2,0.30000000000000004,1.53928,9726.110359999999,1976.3346799999997,11703.98432
3141,1A,Miami,0.2,0.35000000000000003,2.3631200000000003,9835.7519,2004.17261,11842.287629999999
3142,1A,Miami,0.2,0.45,6.0704,10078.72414,2066.81587,12151.610410000001
3143,1A,Miami,0.2,0.4,4.07584,9955.27448,2034.5758099999998,11993.92613
3144,1A,Miami,0.2,0.55,9.387440000000002,10303.232769999999,2129.99752,12442.617729999998
3145,1A,Miami,0.2,0.5,7.837320000000001,10192.102739999998,2096.7440199999996,12296.684079999999
3146,1A,Miami,0.2,0.6000000000000001,10.74244,10412.7793,2165.5629299999996,12589.08467
3147,1A,Miami,0.2,0.65,11.85896,10521.94579,2201.00166,12734.80641
3148,1A,Miami,0.2,0.7000000000000001,12.910440000000001,10630.9856,2236.28204,12880.17808
3149,1A,Miami,0.2,0.75,13.95108,10740.057079999999,2271.3090599999996,13025.317219999999
3150,1A,Miami,0.2,0.8500000000000001,15.685480000000002,10957.12326,2341.26809,13314.07683
3151,1A,Miami,0.2,0.8,14.872480000000001,10848.65351,2306.2094,13169.73539
3152,1A,Miami,0.2,0.9500000000000001,16.92124,11173.33435,2410.84708,13601.102669999998
3153,1A,Miami,0.2,0.9,16.3684,11065.27631,2376.10509,13457.749799999998
3154,1A,Miami,0.30000000000000004,0.01,8.86712,9111.87071,1802.1496799999998,10922.88751
3155,1A,Miami,0.30000000000000004,0.15000000000000002,3.1110800000000003,9405.92666,1890.0339299999998,11299.07167
3156,1A,Miami,0.30000000000000004,0.1,4.1734,9300.24387,1858.0155599999998,11162.43283
3157,1A,Miami,0.30000000000000004,0.25,2.04876,9615.67707,1950.77699,11568.50282
3158,1A,Miami,0.30000000000000004,0.2,2.439,9504.38869,1920.5638099999996,11427.3915
3159,1A,Miami,0.30000000000000004,0.30000000000000004,2.08128,9726.1737,1979.81838,11708.07336
3160,1A,Miami,0.30000000000000004,0.35000000000000003,2.85092,9838.69721,2008.47973,11850.027860000002
3161,1A,Miami,0.30000000000000004,0.45,6.25468,10063.585879999999,2065.54907,12135.389629999998
3162,1A,Miami,0.30000000000000004,0.4,4.36852,9951.347399999999,2036.9193899999998,11992.635309999998
3163,1A,Miami,0.30000000000000004,0.55,9.63676,10285.84594,2126.7988499999997,12422.281549999998
3164,1A,Miami,0.30000000000000004,0.5,8.032440000000001,10175.571,2094.6221299999997,12278.22557
3165,1A,Miami,0.30000000000000004,0.6000000000000001,11.013440000000001,10394.56905,2161.98422,12567.566710000001
3166,1A,Miami,0.30000000000000004,0.65,12.20584,10503.260489999999,2196.97957,12712.445899999999
3167,1A,Miami,0.30000000000000004,0.7000000000000001,13.30068,10611.57189,2231.84824,12856.720809999999
3168,1A,Miami,0.30000000000000004,0.75,14.330480000000001,10719.69327,2266.40021,13000.42396
3169,1A,Miami,0.30000000000000004,0.8500000000000001,16.16244,10935.39764,2335.3457999999996,13286.905879999998
3170,1A,Miami,0.30000000000000004,0.8,15.284400000000002,10827.78298,2300.79383,13143.861210000001
3171,1A,Miami,0.30000000000000004,0.9500000000000001,17.51744,11149.043459999999,2403.62632,13570.187219999998
3172,1A,Miami,0.30000000000000004,0.9,16.9104,11042.75894,2369.7710899999997,13429.44043
3173,1A,Miami,0.35000000000000003,0.01,10.30884,9102.30637,1801.92799,10914.5432
3174,1A,Miami,0.35000000000000003,0.15000000000000002,3.7289600000000003,9397.88248,1890.3189599999998,11291.930400000001
3175,1A,Miami,0.35000000000000003,0.1,5.0080800000000005,9291.692969999998,1858.17391,11154.874959999997
3176,1A,Miami,0.35000000000000003,0.25,2.47152,9609.88146,1950.68198,11563.034959999999
3177,1A,Miami,0.35000000000000003,0.2,2.9051200000000006,9499.03646,1920.62715,11422.568729999999
3178,1A,Miami,0.35000000000000003,0.30000000000000004,2.44984,9720.12473,1979.5333499999997,11702.107919999999
3179,1A,Miami,0.35000000000000003,0.35000000000000003,3.1436,9832.14152,2008.09969,11843.38481
3180,1A,Miami,0.35000000000000003,0.45,6.417280000000001,10056.42846,2064.82066,12127.666399999998
3181,1A,Miami,0.35000000000000003,0.4,4.585320000000001,9944.506679999999,2036.3809999999999,11985.472999999998
3182,1A,Miami,0.35000000000000003,0.55,9.810200000000002,10278.245139999999,2125.50038,12413.555719999998
3183,1A,Miami,0.35000000000000003,0.5,8.1842,10167.87519,2093.67203,12269.73142
3184,1A,Miami,0.35000000000000003,0.6000000000000001,11.176040000000002,10386.65155,2160.49573,12558.323320000001
3185,1A,Miami,0.35000000000000003,0.65,12.4118,10494.899609999999,2195.30106,12702.612469999998
3186,1A,Miami,0.35000000000000003,0.7000000000000001,13.51748,10603.05266,2229.97971,12846.54985
3187,1A,Miami,0.35000000000000003,0.75,14.53644,10710.73066,2264.34166,12989.60876
3188,1A,Miami,0.35000000000000003,0.8500000000000001,16.400920000000003,10925.64328,2332.6538499999997,13274.698049999999
3189,1A,Miami,0.35000000000000003,0.8,15.501200000000003,10818.376989999999,2298.4819199999997,13132.36011
3190,1A,Miami,0.35000000000000003,0.9500000000000001,17.820960000000003,11137.7056,2400.3959800000002,13555.92254
3191,1A,Miami,0.35000000000000003,0.9,17.15972,11032.78289,2366.98413,13416.926739999999
3192,1A,Miami,0.45,0.01,13.66924,9086.53471,1801.95966,10902.16361
3193,1A,Miami,0.45,0.15000000000000002,5.224880000000001,9384.454399999999,1891.3324,11281.011679999998
3194,1A,Miami,0.45,0.1,6.948440000000001,9276.903079999998,1858.87065,11142.72217
3195,1A,Miami,0.45,0.25,3.53384,9600.79217,1950.8719999999998,11555.19801
3196,1A,Miami,0.45,0.2,4.18424,9490.51723,1921.2922199999998,11415.99369
3197,1A,Miami,0.45,0.30000000000000004,3.39292,9710.148679999998,1979.4066699999998,11692.948269999999
3198,1A,Miami,0.45,0.35000000000000003,3.89156,9821.27871,2007.75132,11832.92159
3199,1A,Miami,0.45,0.45,6.905080000000001,10044.077159999999,2063.8388899999995,12114.821129999998
3200,1A,Miami,0.45,0.4,5.181520000000001,9932.947129999999,2035.7159299999998,11973.844579999999
3201,1A,Miami,0.45,0.55,10.20044,10265.292109999999,2123.4418299999998,12398.934379999999
3202,1A,Miami,0.45,0.5,8.60696,10154.890489999998,2092.27855,12255.775999999998
3203,1A,Miami,0.45,0.6000000000000001,11.58796,10373.033449999999,2158.0254699999996,12542.64688
3204,1A,Miami,0.45,0.65,12.899600000000001,10480.36308,2192.4824299999996,12685.74511
3205,1A,Miami,0.45,0.7000000000000001,14.02696,10587.787719999998,2226.84438,12828.659059999998
3206,1A,Miami,0.45,0.75,15.0134,10694.958999999999,2260.79462,12970.76702
3207,1A,Miami,0.45,0.8500000000000001,16.87788,10908.383129999998,2328.1883799999996,13253.449389999998
3208,1A,Miami,0.45,0.8,15.956480000000003,10801.845249999998,2294.55484,13112.35657
3209,1A,Miami,0.45,0.9500000000000001,18.39548,11116.26501,2394.3153399999997,13528.975829999998
3210,1A,Miami,0.45,0.9,17.680039999999998,11014.5093,2361.9485999999997,13394.137939999999
3211,1A,Miami,0.4,0.01,11.934840000000001,9093.69213,1801.86465,10907.491619999999
3212,1A,Miami,0.4,0.15000000000000002,4.43356,9390.725059999999,1890.73067,11285.88929
3213,1A,Miami,0.4,0.1,5.940320000000001,9283.902149999998,1858.45894,11148.301409999998
3214,1A,Miami,0.4,0.25,2.9593200000000004,9604.94094,1950.68198,11558.58224
3215,1A,Miami,0.4,0.2,3.50132,9494.380969999998,1920.8805099999997,11418.762799999997
3216,1A,Miami,0.4,0.30000000000000004,2.89428,9714.80417,1979.4066699999998,11697.10512
3217,1A,Miami,0.4,0.35000000000000003,3.4796400000000003,9826.377579999998,2007.8463299999999,11837.703549999998
3218,1A,Miami,0.4,0.45,6.623240000000001,10049.936109999999,2064.2506,12120.809949999999
3219,1A,Miami,0.4,0.4,4.856320000000001,9938.33103,2035.96929,11979.156640000001
3220,1A,Miami,0.4,0.55,9.994480000000001,10271.46776,2124.39193,12405.854169999999
3221,1A,Miami,0.4,0.5,8.36848,10160.97113,2092.91195,12262.251559999999
3222,1A,Miami,0.4,0.6000000000000001,11.371160000000001,10379.49413,2159.1655899999996,12550.030879999998
3223,1A,Miami,0.4,0.65,12.65028,10487.42549,2193.81257,12693.88834
3224,1A,Miami,0.4,0.7000000000000001,13.75596,10594.976809999998,2228.3012,12837.033969999999
3225,1A,Miami,0.4,0.75,14.76408,10702.464789999998,2262.44146,12979.670329999999
3226,1A,Miami,0.4,0.8500000000000001,16.62856,10916.775679999999,2330.3419400000002,13263.746179999998
3227,1A,Miami,0.4,0.8,15.728840000000002,10809.79442,2296.3917,13121.91496
3228,1A,Miami,0.4,0.9500000000000001,18.12448,11126.90613,2397.3556599999997,13542.386269999999
3229,1A,Miami,0.4,0.9,17.43072,11023.345229999999,2364.38719,13405.163139999999
3230,1A,Miami,0.55,0.01,17.24644,9074.120069999999,1802.27636,10893.64287
3231,1A,Miami,0.55,0.15000000000000002,7.01348,9376.25187,1892.8525599999998,11276.117909999999
3232,1A,Miami,0.55,0.1,9.170640000000002,9264.86848,1859.8840899999998,11133.923209999999
3233,1A,Miami,0.55,0.25,4.89968,9594.45817,1951.6320799999999,11550.98993
3234,1A,Miami,0.55,0.2,5.723520000000001,9484.879969999998,1922.4640099999997,11413.067499999997
3235,1A,Miami,0.55,0.30000000000000004,4.585320000000001,9702.801239999999,1979.81838,11687.20494
3236,1A,Miami,0.55,0.35000000000000003,4.964720000000001,9813.36121,2007.9730099999997,11826.298939999999
3237,1A,Miami,0.55,0.45,7.620520000000001,10034.576159999999,2063.52219,12105.718869999999
3238,1A,Miami,0.55,0.4,6.03788,9924.20621,2035.6209199999998,11965.86501
3239,1A,Miami,0.55,0.55,10.7858,10254.96769,2122.11169,12387.865179999999
3240,1A,Miami,0.55,0.5,9.24652,10144.566069999999,2091.55014,12245.362729999999
3241,1A,Miami,0.55,0.6000000000000001,12.173320000000002,10361.75893,2156.25195,12530.1842
3242,1A,Miami,0.55,0.65,13.506640000000003,10468.74019,2190.3605399999997,12672.60737
3243,1A,Miami,0.55,0.7000000000000001,14.62316,10575.40475,2224.27911,12814.307019999998
3244,1A,Miami,0.55,0.75,15.57708,10681.6576,2257.94432,12955.179
3245,1A,Miami,0.55,0.8500000000000001,17.38736,10893.30821,2324.45132,13235.14689
3246,1A,Miami,0.55,0.8,16.49848,10787.562079999998,2291.29283,13095.353389999998
3247,1A,Miami,0.55,0.9500000000000001,18.970000000000002,11096.66128,2388.80476,13504.43604
3248,1A,Miami,0.55,0.9,18.23288,10998.705969999999,2357.60981,13374.548659999999
3249,1A,Miami,0.5,0.01,15.414480000000001,9080.13737,1802.11801,10897.66986
3250,1A,Miami,0.5,0.15000000000000002,6.09208,9378.94382,1891.9974699999998,11277.033370000001
3251,1A,Miami,0.5,0.1,7.99992,9270.47407,1859.31403,11137.78802
3252,1A,Miami,0.5,0.25,4.15172,9597.24513,1951.1887,11552.58555
3253,1A,Miami,0.5,0.2,4.92136,9487.35023,1921.83061,11414.102200000001
3254,1A,Miami,0.5,0.30000000000000004,3.9674400000000003,9706.189929999999,1979.5650199999998,11689.722389999999
3255,1A,Miami,0.5,0.35000000000000003,4.3902,9816.97159,2007.78299,11829.144779999999
3256,1A,Miami,0.5,0.45,7.2302800000000005,10039.00996,2063.6172,12109.85744
3257,1A,Miami,0.5,0.4,5.57176,9928.16496,2035.6209199999998,11969.35764
3258,1A,Miami,0.5,0.55,10.471440000000001,10259.78153,2122.6817499999997,12392.93472
3259,1A,Miami,0.5,0.5,8.899640000000002,10149.37991,2091.83517,12250.11472
3260,1A,Miami,0.5,0.6000000000000001,11.8698,10367.01615,2157.07537,12535.96132
3261,1A,Miami,0.5,0.65,13.19228,10474.282439999999,2191.3423099999995,12678.817029999998
3262,1A,Miami,0.5,0.7000000000000001,14.3088,10581.390379999999,2225.4509,12821.15008
3263,1A,Miami,0.5,0.75,15.284400000000002,10687.959929999999,2259.2744599999996,12962.518789999998
3264,1A,Miami,0.5,0.8500000000000001,17.127200000000002,10900.687319999999,2326.22484,13244.039359999999
3265,1A,Miami,0.5,0.8,16.227480000000003,10794.46614,2292.81299,13103.50661
3266,1A,Miami,0.5,0.9500000000000001,18.67732,11106.16228,2391.4333699999997,13516.272970000002
3267,1A,Miami,0.5,0.9,17.95104,11006.40178,2359.70003,13384.05285
3268,1A,Miami,0.6000000000000001,0.01,19.078400000000002,9068.3878,1802.4663799999998,10889.93258
3269,1A,Miami,0.6000000000000001,0.15000000000000002,8.01076,9374.6367,1893.83433,11276.481789999998
3270,1A,Miami,0.6000000000000001,0.1,10.42808,9259.927959999999,1860.51749,11130.873529999999
3271,1A,Miami,0.6000000000000001,0.25,5.680160000000001,9592.431289999999,1952.29715,11550.408599999999
3272,1A,Miami,0.6000000000000001,0.2,6.623240000000001,9483.233129999999,1923.2874299999999,11413.1438
3273,1A,Miami,0.6000000000000001,0.30000000000000004,5.30076,9700.64768,1980.2934299999997,11686.24187
3274,1A,Miami,0.6000000000000001,0.35000000000000003,5.582600000000001,9810.98596,2008.3213799999999,11824.88994
3275,1A,Miami,0.6000000000000001,0.45,8.097480000000001,10031.377489999999,2063.55386,12103.02883
3276,1A,Miami,0.6000000000000001,0.4,6.59072,9921.2609,2035.87428,11963.7259
3277,1A,Miami,0.6000000000000001,0.55,11.176040000000002,10250.97727,2121.76332,12383.91663
3278,1A,Miami,0.6000000000000001,0.5,9.66928,10140.76567,2091.45513,12241.890080000001
3279,1A,Miami,0.6000000000000001,0.6000000000000001,12.5744,10357.388469999998,2155.68189,12525.644759999997
3280,1A,Miami,0.6000000000000001,0.65,13.886040000000001,10463.92635,2189.6004599999997,12667.412849999999
3281,1A,Miami,0.6000000000000001,0.7000000000000001,14.98088,10570.210869999999,2223.2973399999996,12808.489089999997
3282,1A,Miami,0.6000000000000001,0.75,15.913120000000001,10675.89366,2256.74086,12948.547639999999
3283,1A,Miami,0.6000000000000001,0.8500000000000001,17.680039999999998,10886.84753,2322.89949,13227.427059999998
3284,1A,Miami,0.6000000000000001,0.8,16.81284,10781.386429999999,2289.8993499999997,13088.098619999999
3285,1A,Miami,0.6000000000000001,0.9500000000000001,19.26268,11087.793679999999,2386.3345,13493.39086
3286,1A,Miami,0.6000000000000001,0.9,18.536400000000004,10991.7069,2355.86796,13366.11126
3287,1A,Miami,0.65,0.01,20.93204,9064.33404,1802.9414299999999,10888.20751
3288,1A,Miami,0.65,0.15000000000000002,8.97552,9378.53211,1896.1779099999999,11283.68554
3289,1A,Miami,0.65,0.1,11.55544,9258.85118,1862.2593399999998,11132.66596
3290,1A,Miami,0.65,0.25,6.471480000000001,9605.63768,1956.3509099999999,11568.46007
3291,1A,Miami,0.65,0.2,7.4687600000000005,9492.00572,1926.6761199999999,11426.150599999999
3292,1A,Miami,0.65,0.30000000000000004,6.15712,9718.28787,1985.0439299999998,11709.48892
3293,1A,Miami,0.65,0.35000000000000003,6.60156,9831.159749999999,2013.3885799999998,11851.149889999997
3294,1A,Miami,0.65,0.45,9.25736,10054.02154,2069.06444,12132.34334
3295,1A,Miami,0.65,0.4,7.750600000000001,9943.23988,2041.1948399999999,11992.185319999999
3296,1A,Miami,0.65,0.55,12.0866,10269.91593,2127.87563,12409.87816
3297,1A,Miami,0.65,0.5,10.709920000000002,10163.59974,2097.25074,12271.560399999998
3298,1A,Miami,0.65,0.6000000000000001,13.387400000000001,10375.313689999999,2161.28748,12549.988569999998
3299,1A,Miami,0.65,0.65,14.65568,10486.85543,2196.7578799999997,12698.268989999999
3300,1A,Miami,0.65,0.7000000000000001,15.620440000000002,10591.33476,2229.82136,12836.77656
3301,1A,Miami,0.65,0.75,16.487640000000003,10696.067449999999,2262.8215,12975.376589999998
3302,1A,Miami,0.65,0.8500000000000001,18.17868,10905.976209999999,2328.6317599999998,13252.78665
3303,1A,Miami,0.65,0.8,17.344,10801.021829999998,2295.7583,13114.124129999997
3304,1A,Miami,0.65,0.9500000000000001,19.69628,11108.220829999998,2392.22512,13520.142229999998
3305,1A,Miami,0.65,0.9,18.991680000000002,11010.392199999998,2361.28353,13390.667409999998
3306,1A,Miami,0.7000000000000001,0.01,22.764000000000003,9060.565309999998,1803.44815,10886.777459999998
3307,1A,Miami,0.7000000000000001,0.15000000000000002,9.9728,9383.694319999999,1898.8065199999996,11292.473639999998
3308,1A,Miami,0.7000000000000001,0.1,12.74784,9258.94619,1864.2545499999999,11135.94858
3309,1A,Miami,0.7000000000000001,0.25,7.33868,9621.40934,1960.8797199999997,11589.62774
3310,1A,Miami,0.7000000000000001,0.2,8.335960000000002,9502.615170000001,1930.4448499999996,11441.395980000001
3311,1A,Miami,0.7000000000000001,0.30000000000000004,7.1544,9738.58834,1990.2694800000002,11736.01222
3312,1A,Miami,0.7000000000000001,0.35000000000000003,7.77228,9854.437199999998,2019.0575099999999,11881.266989999998
3313,1A,Miami,0.7000000000000001,0.45,10.471440000000001,10079.6109,2075.30343,12165.385769999999
3314,1A,Miami,0.7000000000000001,0.4,9.051400000000001,9968.32252,2047.1804699999998,12024.55439
3315,1A,Miami,0.7000000000000001,0.55,13.10556,10292.94002,2135.25474,12441.30032
3316,1A,Miami,0.7000000000000001,0.5,11.837280000000002,10189.284109999999,2103.7114199999996,12304.832809999998
3317,1A,Miami,0.7000000000000001,0.6000000000000001,14.28712,10396.69094,2167.9381799999996,12578.91624
3318,1A,Miami,0.7000000000000001,0.65,15.47952,10511.93807,2204.51703,12731.93462
3319,1A,Miami,0.7000000000000001,0.7000000000000001,16.314200000000003,10614.26384,2236.78876,12867.3668
3320,1A,Miami,0.7000000000000001,0.75,17.073,10717.34969,2269.21884,13003.641529999999
3321,1A,Miami,0.7000000000000001,0.8500000000000001,18.67732,10925.64328,2334.42737,13278.74797
3322,1A,Miami,0.7000000000000001,0.8,17.90768,10821.575659999999,2301.87061,13141.353949999999
3323,1A,Miami,0.7000000000000001,0.9500000000000001,20.12988,11128.86967,2398.24242,13547.241970000001
3324,1A,Miami,0.7000000000000001,0.9,19.446960000000004,11029.04583,2366.82578,13415.31857
3325,1A,Miami,0.75,0.01,24.574280000000005,9057.524989999998,1804.0498799999998,10886.14915
3326,1A,Miami,0.75,0.15000000000000002,10.980920000000001,9390.02832,1901.65682,11302.66606
3327,1A,Miami,0.75,0.1,13.907720000000001,9260.56136,1866.47145,11140.94053
3328,1A,Miami,0.75,0.25,8.27092,9639.77794,1965.9469199999999,11613.995780000001
3329,1A,Miami,0.75,0.2,9.214,9515.31484,1934.56195,11459.090789999998
3330,1A,Miami,0.75,0.30000000000000004,8.24924,9761.86579,1996.1917699999997,11766.306799999998
3331,1A,Miami,0.75,0.35000000000000003,9.09476,9881.07167,2025.3598399999998,11915.526269999998
3332,1A,Miami,0.75,0.45,11.804760000000002,10108.68396,2082.36584,12202.854560000002
3333,1A,Miami,0.75,0.4,10.4064,9996.69884,2053.8945099999996,12060.999749999999
3334,1A,Miami,0.75,0.55,14.21124,10320.49292,2143.7423,12478.446460000001
3335,1A,Miami,0.75,0.5,13.02968,10218.07214,2111.6289199999997,12342.730739999999
3336,1A,Miami,0.75,0.6000000000000001,15.273560000000002,10421.9636,2175.66566,12612.90282
3337,1A,Miami,0.75,0.65,16.34672,10539.839339999999,2212.9729199999997,12769.158979999998
3338,1A,Miami,0.75,0.7000000000000001,17.02964,10639.09312,2244.23121,12900.35397
3339,1A,Miami,0.75,0.75,17.71256,10739.898729999999,2275.9645499999997,13033.575839999998
3340,1A,Miami,0.75,0.8500000000000001,19.20848,10945.84874,2340.3813299999997,13305.438549999999
3341,1A,Miami,0.75,0.8,18.47136,10843.14293,2308.23628,13169.850569999999
3342,1A,Miami,0.75,0.9500000000000001,20.57432,11148.283379999999,2403.97469,13572.83239
3343,1A,Miami,0.75,0.9,19.92392,11047.921149999998,2372.46304,13440.308109999998
3344,1A,Miami,0.8500000000000001,0.01,28.3466,9049.607489999999,1804.4932599999997,10882.447349999999
3345,1A,Miami,0.8500000000000001,0.15000000000000002,13.344040000000001,9386.63963,1902.98696,11302.97063
3346,1A,Miami,0.8500000000000001,0.1,16.661080000000002,9256.34925,1867.5165599999998,11140.52689
3347,1A,Miami,0.8500000000000001,0.25,10.276320000000002,9644.65512,1968.70221,11623.63365
3348,1A,Miami,0.8500000000000001,0.2,11.31696,9516.70832,1936.84219,11464.86747
3349,1A,Miami,0.8500000000000001,0.30000000000000004,10.22212,9769.97331,1999.3904400000001,11779.585869999999
3350,1A,Miami,0.8500000000000001,0.35000000000000003,11.013440000000001,9891.01605,2028.81187,11930.84136
3351,1A,Miami,0.8500000000000001,0.45,13.495800000000001,10120.24351,2086.19791,12219.93722
3352,1A,Miami,0.8500000000000001,0.4,12.22752,10007.78334,2057.69491,12077.70577
3353,1A,Miami,0.8500000000000001,0.55,15.718000000000002,10333.12925,2148.33445,12497.181700000001
3354,1A,Miami,0.8500000000000001,0.5,14.634,10229.251649999998,2116.22107,12360.106719999998
3355,1A,Miami,0.8500000000000001,0.6000000000000001,16.60688,10433.39647,2179.62441,12629.62776
3356,1A,Miami,0.8500000000000001,0.65,17.5608,10554.75591,2217.8500999999997,12790.166809999999
3357,1A,Miami,0.8500000000000001,0.7000000000000001,18.102800000000002,10651.98281,2248.41165,12918.49726
3358,1A,Miami,0.8500000000000001,0.75,18.68816,10750.91989,2279.54326,13049.15131
3359,1A,Miami,0.8500000000000001,0.8500000000000001,20.064840000000004,10954.39964,2343.19996,13317.664439999999
3360,1A,Miami,0.8500000000000001,0.8,19.371080000000003,10852.833949999998,2311.43495,13183.63998
3361,1A,Miami,0.8500000000000001,0.9500000000000001,21.37648,11155.472469999999,2406.2232599999998,13583.072209999998
3362,1A,Miami,0.8500000000000001,0.9,20.73692,11055.26859,2374.86996,13450.875469999999
3363,1A,Miami,0.8,0.01,26.503800000000002,9052.93284,1804.1132199999997,10883.54986
3364,1A,Miami,0.8,0.15000000000000002,12.21668,9384.92945,1901.4668,11298.61293
3365,1A,Miami,0.8,0.1,15.360280000000001,9255.81086,1866.3447699999997,11137.51591
3366,1A,Miami,0.8,0.25,9.279040000000002,9640.918059999998,1966.92869,11617.125789999998
3367,1A,Miami,0.8,0.2,10.28716,9513.63633,1935.1320099999998,11459.055499999999
3368,1A,Miami,0.8,0.30000000000000004,9.268200000000002,9765.571179999999,1997.55358,11772.39296
3369,1A,Miami,0.8,0.35000000000000003,10.167920000000002,9886.487239999999,2026.9750099999999,11923.630169999999
3370,1A,Miami,0.8,0.45,12.737,10116.28476,2084.48773,12213.50949
3371,1A,Miami,0.8,0.4,11.41452,10003.44455,2055.8897199999997,12070.74879
3372,1A,Miami,0.8,0.55,15.03508,10330.373959999999,2146.9093,12492.318339999998
3373,1A,Miami,0.8,0.5,13.907720000000001,10226.05298,2114.5108899999996,12354.47159
3374,1A,Miami,0.8,0.6000000000000001,15.99984,10431.65462,2178.54763,12626.202089999999
3375,1A,Miami,0.8,0.65,17.0188,10554.24919,2217.24837,12788.51636
3376,1A,Miami,0.8,0.7000000000000001,17.615000000000002,10652.90124,2248.2849699999997,12918.801209999998
3377,1A,Miami,0.8,0.75,18.23288,10753.168459999999,2279.82829,13051.229629999998
3378,1A,Miami,0.8,0.8500000000000001,19.674599999999998,10958.89678,2344.2134,13322.78478
3379,1A,Miami,0.8,0.8,18.948320000000002,10856.254309999998,2312.0683499999996,13187.270979999998
3380,1A,Miami,0.8,0.9500000000000001,21.00792,11162.24985,2408.12346,13591.381229999999
3381,1A,Miami,0.8,0.9,20.35752,11060.84251,2376.23177,13457.4318
3382,1A,Miami,0.9500000000000001,0.01,32.05388,9044.065239999998,1805.4116900000001,10881.530809999998
3383,1A,Miami,0.9500000000000001,0.15000000000000002,15.587920000000002,9392.245219999999,1906.34398,11314.177119999998
3384,1A,Miami,0.9500000000000001,0.1,19.20848,9258.94619,1870.1135,11148.26817
3385,1A,Miami,0.9500000000000001,0.25,12.29256,9654.789519999998,1972.7242999999999,11639.806379999998
3386,1A,Miami,0.9500000000000001,0.2,13.40908,9524.87918,1940.64259,11478.930849999999
3387,1A,Miami,0.9500000000000001,0.30000000000000004,12.162480000000002,9781.121149999999,2003.53921,11796.82284
3388,1A,Miami,0.9500000000000001,0.35000000000000003,12.86708,9902.54393,2033.0239800000002,11948.43499
3389,1A,Miami,0.9500000000000001,0.45,15.143480000000002,10131.13799,2090.2516699999996,12236.53314
3390,1A,Miami,0.9500000000000001,0.4,13.972760000000001,10019.31122,2061.93869,12095.22267
3391,1A,Miami,0.9500000000000001,0.55,17.19224,10340.983409999999,2151.84982,12510.025469999999
3392,1A,Miami,0.9500000000000001,0.5,16.227480000000003,10238.784319999999,2120.36984,12375.381639999998
3393,1A,Miami,0.9500000000000001,0.6000000000000001,17.9402,10439.160409999999,2182.28469,12639.385299999998
3394,1A,Miami,0.9500000000000001,0.65,18.74236,10558.049589999999,2219.6552899999997,12796.447239999998
3395,1A,Miami,0.9500000000000001,0.7000000000000001,19.1868,10652.077819999999,2249.2034,12920.468019999998
3396,1A,Miami,0.9500000000000001,0.75,19.69628,10748.03792,2279.41658,13047.15078
3397,1A,Miami,0.9500000000000001,0.8500000000000001,20.921200000000002,10946.925519999999,2341.6164599999997,13309.463179999999
3398,1A,Miami,0.9500000000000001,0.8,20.303320000000003,10847.671739999998,2310.61153,13178.586589999999
3399,1A,Miami,0.9500000000000001,0.9500000000000001,22.1678,11143.4062,2403.0879299999997,13568.661929999998
3400,1A,Miami,0.9500000000000001,0.9,21.54992,11045.38755,2372.36803,13439.305499999999
3401,1A,Miami,0.9,0.01,30.232760000000003,9046.8522,1804.9683099999997,10882.05327
3402,1A,Miami,0.9,0.15000000000000002,14.438880000000001,9388.951539999998,1904.6021299999998,11307.992549999997
3403,1A,Miami,0.9,0.1,17.9402,9257.42603,1868.7833600000001,11144.149589999999
3404,1A,Miami,0.9,0.25,11.273600000000002,9649.310609999999,1970.6340799999998,11631.218289999999
3405,1A,Miami,0.9,0.2,12.346760000000002,9520.382039999999,1938.6790499999997,11471.40785
3406,1A,Miami,0.9,0.30000000000000004,11.18688,9775.04051,2001.38565,11787.61304
3407,1A,Miami,0.9,0.35000000000000003,11.924000000000001,9896.27327,2030.83875,11939.03602
3408,1A,Miami,0.9,0.45,14.29796,10125.12069,2088.1297799999998,12227.548429999999
3409,1A,Miami,0.9,0.4,13.09472,10013.04056,2059.72179,12085.857069999998
3410,1A,Miami,0.9,0.55,16.444280000000003,10336.612949999999,2150.01296,12503.070189999999
3411,1A,Miami,0.9,0.5,15.414480000000001,10233.59044,2118.18461,12367.18953
3412,1A,Miami,0.9,0.6000000000000001,17.26812,10435.86673,2180.85954,12633.99439
3413,1A,Miami,0.9,0.65,18.13532,10556.02271,2218.6418499999995,12792.799879999999
3414,1A,Miami,0.9,0.7000000000000001,18.62312,10651.76112,2248.6966799999996,12919.080919999999
3415,1A,Miami,0.9,0.75,19.16512,10749.24138,2279.3849099999998,13047.791409999998
3416,1A,Miami,0.9,0.8500000000000001,20.476760000000002,10950.37755,2342.3765399999997,13313.230849999998
3417,1A,Miami,0.9,0.8,19.815520000000003,10850.015319999999,2310.92823,13180.759069999998
3418,1A,Miami,0.9,0.9500000000000001,21.75588,11149.233479999999,2404.57642,13575.565779999999
3419,1A,Miami,0.9,0.9,21.138,11050.074709999999,2373.53982,13444.75253
3420,4A,NewYork,0.01,0.01,268.58268000000004,3150.5632699999996,1791.1918600000001,5210.33781
3421,4A,NewYork,0.01,0.15000000000000002,499.87576,3200.09515,1882.0214199999998,5581.99233
3422,4A,NewYork,0.01,0.1,440.35332000000005,3182.4232899999997,1848.0395099999998,5470.8161199999995
3423,4A,NewYork,0.01,0.25,497.65356,3370.47975,1945.8681399999998,5814.00145
3424,4A,NewYork,0.01,0.2,501.71856,3281.58206,1913.62808,5696.9287
3425,4A,NewYork,0.01,0.30000000000000004,494.14140000000003,3467.16826,1978.7099299999998,5940.01959
3426,4A,NewYork,0.01,0.35000000000000003,491.2362800000001,3564.7118599999994,2012.0267699999997,6067.974909999999
3427,4A,NewYork,0.01,0.45,482.17404000000005,3773.860539999999,2090.09332,6346.1278999999995
3428,4A,NewYork,0.01,0.4,485.95720000000006,3667.386,2050.15745,6203.50065
3429,4A,NewYork,0.01,0.55,483.25804000000005,3973.1915199999994,2163.72607,6620.17563
3430,4A,NewYork,0.01,0.5,481.78380000000004,3873.3993499999997,2127.11555,6482.298699999999
3431,4A,NewYork,0.01,0.6000000000000001,485.28512000000006,4072.82534,2200.05156,6758.16202
3432,4A,NewYork,0.01,0.65,487.22548000000006,4172.42749,2236.3770499999996,6896.03002
3433,4A,NewYork,0.01,0.7000000000000001,489.22004000000004,4271.36457,2273.05091,7033.63552
3434,4A,NewYork,0.01,0.75,492.40700000000004,4370.016619999999,2309.75644,7172.18006
3435,4A,NewYork,0.01,0.8500000000000001,497.58852,4564.5971,2383.10416,7445.28978
3436,4A,NewYork,0.01,0.8,495.21456,4467.845249999999,2346.4303,7309.49011
3437,4A,NewYork,0.01,0.9500000000000001,500.62372,4752.27352,2456.48355,7709.380789999999
3438,4A,NewYork,0.01,0.9,498.61832000000004,4659.41708,2419.80969,7577.845090000001
3439,4A,NewYork,0.05,0.01,316.37624000000005,3116.4230099999995,1788.7215999999999,5221.520849999999
3440,4A,NewYork,0.05,0.15000000000000002,535.225,3147.64963,1877.49261,5560.36724
3441,4A,NewYork,0.05,0.1,483.76752,3124.62554,1843.89074,5452.2838
3442,4A,NewYork,0.05,0.25,525.1112800000001,3311.89025,1939.9458499999998,5776.94738
3443,4A,NewYork,0.05,0.2,534.07596,3225.39948,1908.4342,5667.90964
3444,4A,NewYork,0.05,0.30000000000000004,520.8078,3406.96359,1972.28092,5900.05231
3445,4A,NewYork,0.05,0.35000000000000003,515.59376,3502.9236899999996,2004.99603,6023.51348
3446,4A,NewYork,0.05,0.45,505.29576000000003,3709.4754299999995,2081.76411,6296.5353
3447,4A,NewYork,0.05,0.4,509.55588,3604.1093399999995,2042.4616399999998,6156.126859999999
3448,4A,NewYork,0.05,0.55,503.66976,3906.39949,2154.79513,6564.864379999999
3449,4A,NewYork,0.05,0.5,503.10608,3807.7791099999995,2118.56465,6429.449839999999
3450,4A,NewYork,0.05,0.6000000000000001,503.74564000000004,4005.27323,2190.77225,6699.79112
3451,4A,NewYork,0.05,0.65,505.19820000000004,4103.7352599999995,2226.65436,6835.587819999999
3452,4A,NewYork,0.05,0.7000000000000001,506.2713600000001,4201.943929999999,2262.72649,6970.941779999999
3453,4A,NewYork,0.05,0.75,508.73204000000004,4300.310949999999,2298.9886399999996,7108.031629999999
3454,4A,NewYork,0.05,0.8500000000000001,513.03552,4493.94133,2371.5762799999998,7378.55313
3455,4A,NewYork,0.05,0.8,511.38784000000004,4397.09447,2335.25079,7243.7331
3456,4A,NewYork,0.05,0.9500000000000001,516.0924000000001,4681.712759999999,2444.2272599999997,7642.03242
3457,4A,NewYork,0.05,0.9,515.4203200000001,4588.85632,2407.9017699999995,7512.1784099999995
3458,4A,NewYork,0.15000000000000002,0.01,449.54564,3051.4044999999996,1785.7129499999999,5286.663089999999
3459,4A,NewYork,0.15000000000000002,0.15000000000000002,635.1589600000001,3054.6665099999996,1871.0319299999999,5560.8574
3460,4A,NewYork,0.15000000000000002,0.1,601.8368,3022.14142,1838.72853,5462.70675
3461,4A,NewYork,0.15000000000000002,0.25,610.9966000000001,3197.1181699999997,1929.81145,5737.926219999999
3462,4A,NewYork,0.15000000000000002,0.2,627.51676,3118.16486,1899.8832999999997,5645.56492
3463,4A,NewYork,0.15000000000000002,0.30000000000000004,601.48992,3284.2740099999996,1960.4996799999997,5846.263609999999
3464,4A,NewYork,0.15000000000000002,0.35000000000000003,593.6309200000001,3373.6784199999997,1991.88465,5959.19399
3465,4A,NewYork,0.15000000000000002,0.45,577.4359600000001,3571.6159199999997,2065.35905,6214.41093
3466,4A,NewYork,0.15000000000000002,0.4,585.01312,3470.4619399999997,2027.2283699999998,6082.70343
3467,4A,NewYork,0.15000000000000002,0.55,569.59864,3762.2059799999997,2136.7749,6468.579519999999
3468,4A,NewYork,0.15000000000000002,0.5,573.3276,3666.5942499999996,2101.27283,6341.19468
3469,4A,NewYork,0.15000000000000002,0.6000000000000001,567.43064,3858.38777,2171.9602699999996,6597.778679999999
3470,4A,NewYork,0.15000000000000002,0.65,566.43336,3954.2528599999996,2206.7972699999996,6727.483489999999
3471,4A,NewYork,0.15000000000000002,0.7000000000000001,566.2599200000001,4050.40298,2241.82429,6858.48719
3472,4A,NewYork,0.15000000000000002,0.75,565.10004,4146.71145,2276.8196399999997,6988.63113
3473,4A,NewYork,0.15000000000000002,0.8500000000000001,567.0078800000001,4337.491529999999,2347.3804,7251.879809999999
3474,4A,NewYork,0.15000000000000002,0.8,566.41168,4242.133159999999,2312.10002,7120.644859999999
3475,4A,NewYork,0.15000000000000002,0.9500000000000001,566.97536,4524.154509999999,2418.3212,7509.451069999999
3476,4A,NewYork,0.15000000000000002,0.9,566.97536,4431.3614099999995,2382.91414,7381.25091
3477,4A,NewYork,0.1,0.01,381.16692,3081.5543399999997,1786.8530700000001,5249.5743299999995
3478,4A,NewYork,0.1,0.15000000000000002,583.734,3094.82407,1873.56553,5552.1236
3479,4A,NewYork,0.1,0.1,541.5013600000001,3070.4698399999997,1840.6604,5452.6316
3480,4A,NewYork,0.1,0.25,566.1948800000001,3249.31033,1934.2135799999999,5749.71879
3481,4A,NewYork,0.1,0.2,578.7259200000001,3165.98656,1903.3353299999999,5648.04781
3482,4A,NewYork,0.1,0.30000000000000004,558.48764,3340.5516,1965.72523,5864.76447
3483,4A,NewYork,0.1,0.35000000000000003,552.63404,3433.56639,1997.87028,5984.07071
3484,4A,NewYork,0.1,0.45,539.32252,3636.3494,2072.8965099999996,6248.568429999999
3485,4A,NewYork,0.1,0.4,546.1192000000001,3533.1368699999994,2034.29078,6113.54685
3486,4A,NewYork,0.1,0.55,533.5014400000001,3830.5815099999995,2145.10411,6509.18706
3487,4A,NewYork,0.1,0.5,535.31172,3733.06958,2109.19033,6377.57163
3488,4A,NewYork,0.1,0.6000000000000001,533.6098400000001,3928.2201199999995,2180.6378499999996,6642.467809999998
3489,4A,NewYork,0.1,0.65,533.23044,4025.3836799999995,2216.04491,6774.659029999999
3490,4A,NewYork,0.1,0.7000000000000001,533.71824,4122.54724,2251.4519699999996,6907.71745
3491,4A,NewYork,0.1,0.75,534.56376,4219.7108,2287.0490499999996,7041.3236099999995
3492,4A,NewYork,0.1,0.8500000000000001,537.64232,4412.16939,2358.74993,7308.56164
3493,4A,NewYork,0.1,0.8,536.5258,4315.95593,2322.83615,7175.3178800000005
3494,4A,NewYork,0.1,0.9500000000000001,540.74256,4599.68746,2430.4191399999995,7570.84916
3495,4A,NewYork,0.1,0.9,538.8347200000001,4506.41931,2394.5687,7439.82273
3496,4A,NewYork,0.25,0.01,590.70412,3011.43696,1786.12466,5388.26574
3497,4A,NewYork,0.25,0.15000000000000002,746.2256,2994.9368899999995,1868.75169,5609.91418
3498,4A,NewYork,0.25,0.1,725.80304,2952.08738,1837.33505,5515.225469999999
3499,4A,NewYork,0.25,0.25,711.02812,3120.6667899999998,1924.1108499999998,5755.805759999999
3500,4A,NewYork,0.25,0.2,732.00352,3051.21448,1896.11457,5679.33257
3501,4A,NewYork,0.25,0.30000000000000004,696.3290800000001,3197.2765199999994,1953.2155799999998,5846.821179999999
3502,4A,NewYork,0.25,0.35000000000000003,684.0581999999999,3278.70009,1983.1120599999997,5945.870349999999
3503,4A,NewYork,0.25,0.45,663.0286,3464.0012599999995,2053.67282,6180.702679999999
3504,4A,NewYork,0.25,0.4,672.6762,3368.67456,2016.7772699999998,6058.12803
3505,4A,NewYork,0.25,0.55,651.5382,3646.1987699999995,2123.2518099999998,6420.98878
3506,4A,NewYork,0.25,0.5,656.26444,3554.3241,2088.6048299999998,6299.193369999999
3507,4A,NewYork,0.25,0.6000000000000001,647.01792,3739.46692,2157.6137599999997,6544.098599999999
3508,4A,NewYork,0.25,0.65,642.69276,3832.8617499999996,2191.84903,6667.403539999999
3509,4A,NewYork,0.25,0.7000000000000001,639.86352,3926.2882499999996,2225.95762,6792.10939
3510,4A,NewYork,0.25,0.75,638.50852,4019.9047699999996,2259.93953,6918.35282
3511,4A,NewYork,0.25,0.8500000000000001,634.96384,4206.852779999999,2328.7267699999998,7170.543389999999
3512,4A,NewYork,0.25,0.8,636.1779200000001,4113.23626,2294.26981,7043.6839899999995
3513,4A,NewYork,0.25,0.9500000000000001,633.98824,4391.20385,2397.8307099999997,7423.022799999999
3514,4A,NewYork,0.25,0.9,634.48688,4299.392519999999,2363.31041,7297.18981
3515,4A,NewYork,0.2,0.01,519.1818000000001,3028.72878,1785.45959,5333.37017
3516,4A,NewYork,0.2,0.15000000000000002,689.99852,3022.23643,1869.5434400000001,5581.77839
3517,4A,NewYork,0.2,0.1,662.61668,2984.54913,1837.6834199999998,5484.84923
3518,4A,NewYork,0.2,0.25,660.29692,3154.30033,1926.32775,5740.924999999999
3519,4A,NewYork,0.2,0.2,679.2235600000001,3080.92094,1897.3813699999998,5657.52587
3520,4A,NewYork,0.2,0.30000000000000004,646.7144000000001,3236.61066,1956.31924,5839.6443
3521,4A,NewYork,0.2,0.35000000000000003,637.4462,3322.2463399999997,1986.9124599999998,5946.605
3522,4A,NewYork,0.2,0.45,619.6035600000001,3514.26155,2058.96171,6192.82682
3523,4A,NewYork,0.2,0.4,628.4056400000001,3415.8628599999997,2021.4644299999998,6065.732929999999
3524,4A,NewYork,0.2,0.55,609.5548800000001,3701.33624,2129.52247,6440.41359
3525,4A,NewYork,0.2,0.5,613.96676,3607.08632,2094.43211,6315.485189999999
3526,4A,NewYork,0.2,0.6000000000000001,605.64164,3795.8711899999994,2164.2961299999997,6565.808959999999
3527,4A,NewYork,0.2,0.65,603.04004,3890.40614,2198.8797699999996,6692.3259499999995
3528,4A,NewYork,0.2,0.7000000000000001,601.5983200000001,3985.3528,2233.3684,6820.319519999999
3529,4A,NewYork,0.2,0.75,601.4357200000001,4080.1727799999994,2267.79369,6949.402189999999
3530,4A,NewYork,0.2,0.8500000000000001,599.6796400000001,4269.08433,2337.53103,7206.295
3531,4A,NewYork,0.2,0.8,599.33276,4174.61272,2302.63069,7076.57617
3532,4A,NewYork,0.2,0.9500000000000001,599.0075600000001,4454.95556,2407.5534,7461.51652
3533,4A,NewYork,0.2,0.9,600.08072,4362.57417,2372.49471,7335.1496
3534,4A,NewYork,0.30000000000000004,0.01,664.26436,2997.02711,1787.3914599999998,5448.68293
3535,4A,NewYork,0.30000000000000004,0.15000000000000002,806.6044,2973.74966,1869.7967999999998,5650.15086
3536,4A,NewYork,0.30000000000000004,0.1,793.82404,2928.90494,1838.25348,5560.98246
3537,4A,NewYork,0.30000000000000004,0.25,762.5723200000001,3101.94982,1926.61278,5791.13492
3538,4A,NewYork,0.30000000000000004,0.2,783.2333600000001,3030.1539299999995,1897.82475,5711.212039999999
3539,4A,NewYork,0.30000000000000004,0.30000000000000004,746.50744,3176.0259499999997,1955.9708699999999,5878.50426
3540,4A,NewYork,0.30000000000000004,0.35000000000000003,732.7514800000001,3256.15105,1986.43741,5975.33994
3541,4A,NewYork,0.30000000000000004,0.45,712.1880000000001,3422.2918699999996,2053.03942,6187.519289999999
3542,4A,NewYork,0.30000000000000004,0.4,720.5239600000001,3338.71474,2018.7408099999998,6077.979509999999
3543,4A,NewYork,0.30000000000000004,0.55,695.3209600000001,3597.52198,2117.86791,6410.71085
3544,4A,NewYork,0.30000000000000004,0.5,704.4265600000001,3508.75097,2087.40137,6300.5789
3545,4A,NewYork,0.30000000000000004,0.6000000000000001,689.9118000000001,3688.66824,2151.84982,6530.42986
3546,4A,NewYork,0.30000000000000004,0.65,683.91728,3780.4479,2185.7050499999996,6650.070229999999
3547,4A,NewYork,0.30000000000000004,0.7000000000000001,681.1314000000001,3872.4492499999997,2219.4336,6773.01425
3548,4A,NewYork,0.30000000000000004,0.75,678.4647600000001,3964.73563,2253.0671399999997,6896.267529999999
3549,4A,NewYork,0.30000000000000004,0.8500000000000001,672.5569600000001,4149.65676,2320.9042799999997,7143.1179999999995
3550,4A,NewYork,0.30000000000000004,0.8,674.8984,4057.43372,2286.79569,7019.12781
3551,4A,NewYork,0.30000000000000004,0.9500000000000001,669.94452,4331.60091,2388.83643,7390.3818599999995
3552,4A,NewYork,0.30000000000000004,0.9,671.85236,4241.468089999999,2355.10788,7268.428329999999
3553,4A,NewYork,0.35000000000000003,0.01,737.4668800000001,2984.2957699999997,1788.7532699999997,5510.51592
3554,4A,NewYork,0.35000000000000003,0.15000000000000002,865.8016400000001,2953.03748,1869.9234800000002,5688.7626
3555,4A,NewYork,0.35000000000000003,0.1,858.4846400000001,2907.81272,1838.66519,5604.96255
3556,4A,NewYork,0.35000000000000003,0.25,815.26556,3078.6407,1925.7576900000001,5819.66395
3557,4A,NewYork,0.35000000000000003,0.2,838.2030000000001,3009.2834,1897.5713899999998,5745.05779
3558,4A,NewYork,0.35000000000000003,0.30000000000000004,797.46628,3149.45482,1954.6090599999998,5901.53016
3559,4A,NewYork,0.35000000000000003,0.35000000000000003,781.71576,3225.24113,1984.2521799999997,5991.20907
3560,4A,NewYork,0.35000000000000003,0.45,758.7674800000001,3384.54123,2049.42904,6192.73775
3561,4A,NewYork,0.35000000000000003,0.4,768.5234800000001,3304.38446,2015.73216,6088.6401000000005
3562,4A,NewYork,0.35000000000000003,0.55,740.2852800000001,3554.57746,2113.3390999999997,6408.20184
3563,4A,NewYork,0.35000000000000003,0.5,750.6049600000001,3468.0233499999995,2083.22093,6301.84924
3564,4A,NewYork,0.35000000000000003,0.6000000000000001,733.49944,3643.1584499999994,2146.78262,6523.440509999999
3565,4A,NewYork,0.35000000000000003,0.65,727.7976,3733.2912699999997,2180.2578099999996,6641.346679999999
3566,4A,NewYork,0.35000000000000003,0.7000000000000001,722.50768,3823.86747,2213.7329999999997,6760.10815
3567,4A,NewYork,0.35000000000000003,0.75,719.00636,3914.91872,2247.01817,6880.94325
3568,4A,NewYork,0.35000000000000003,0.8500000000000001,711.6026400000001,4097.559609999999,2313.90521,7123.067459999999
3569,4A,NewYork,0.35000000000000003,0.8,715.9386400000001,4006.31834,2280.39835,7002.65533
3570,4A,NewYork,0.35000000000000003,0.9500000000000001,707.7436,4276.8434799999995,2380.9822699999995,7365.569349999999
3571,4A,NewYork,0.35000000000000003,0.9,709.6080800000001,4188.26249,2347.76044,7245.63101
3572,4A,NewYork,0.45,0.01,881.60636,2964.0586399999997,1791.76192,5637.42692
3573,4A,NewYork,0.45,0.15000000000000002,981.7679600000001,2920.2590299999997,1871.2852899999998,5773.31228
3574,4A,NewYork,0.45,0.1,987.7408000000001,2875.6043299999997,1840.75541,5704.1005399999995
3575,4A,NewYork,0.45,0.25,921.5084,3041.39678,1925.44099,5888.346170000001
3576,4A,NewYork,0.45,0.2,949.0528400000001,2975.45984,1898.1414499999998,5822.65413
3577,4A,NewYork,0.45,0.30000000000000004,901.06416,3107.7137599999996,1953.2155799999998,5961.9935
3578,4A,NewYork,0.45,0.35000000000000003,882.4518800000001,3177.2927499999996,1981.8135899999997,6041.558219999999
3579,4A,NewYork,0.45,0.45,853.4657200000001,3323.2597799999994,2044.10848,6220.833979999999
3580,4A,NewYork,0.45,0.4,867.64444,3249.4686799999995,2011.74174,6128.8548599999995
3581,4A,NewYork,0.45,0.55,829.03236,3482.7499,2106.02333,6417.80559
3582,4A,NewYork,0.45,0.5,842.8967200000001,3400.9462899999994,2076.82359,6320.6666
3583,4A,NewYork,0.45,0.6000000000000001,822.76684,3566.89709,2138.86512,6528.529049999999
3584,4A,NewYork,0.45,0.65,815.8075600000001,3652.78613,2171.4535499999997,6640.04724
3585,4A,NewYork,0.45,0.7000000000000001,808.8699600000001,3739.7836199999992,2204.0103099999997,6752.663889999999
3586,4A,NewYork,0.45,0.75,803.0272,3828.3012699999995,2236.7570899999996,6868.0855599999995
3587,4A,NewYork,0.45,0.8500000000000001,793.6506,4005.8116199999995,2302.25065,7101.712869999999
3588,4A,NewYork,0.45,0.8,798.8538000000001,3916.8505899999996,2269.4722,6985.17659
3589,4A,NewYork,0.45,0.9500000000000001,786.2468800000001,4179.36322,2367.14248,7332.75258
3590,4A,NewYork,0.45,0.9,789.3254400000001,4094.55096,2335.25079,7219.12719
3591,4A,NewYork,0.4,0.01,810.11656,2972.95791,1790.1467499999999,5573.221219999999
3592,4A,NewYork,0.4,0.15000000000000002,923.2428000000001,2935.39729,1870.39853,5729.038619999999
3593,4A,NewYork,0.4,0.1,923.6872400000001,2890.33088,1839.52028,5653.5384
3594,4A,NewYork,0.4,0.25,868.14308,3058.46691,1925.3776500000001,5851.98764
3595,4A,NewYork,0.4,0.2,892.9124800000001,2991.2315,1897.6664,5781.81038
3596,4A,NewYork,0.4,0.30000000000000004,848.9346,3126.93745,1953.65896,5929.53101
3597,4A,NewYork,0.4,0.35000000000000003,832.3385600000001,3199.49342,1982.82703,6014.659009999999
3598,4A,NewYork,0.4,0.45,805.6504800000001,3351.7627799999996,2046.4520599999996,6203.865319999999
3599,4A,NewYork,0.4,0.4,817.8129600000001,3274.7413399999996,2013.32524,6105.87954
3600,4A,NewYork,0.4,0.55,785.0328000000001,3516.3834399999996,2109.4120199999998,6410.828259999999
3601,4A,NewYork,0.4,0.5,796.50152,3432.26792,2079.6738899999996,6308.44333
3602,4A,NewYork,0.4,0.6000000000000001,778.4312400000001,3602.9058800000003,2142.50717,6523.84429
3603,4A,NewYork,0.4,0.65,772.06816,3690.88514,2175.57065,6638.523950000001
3604,4A,NewYork,0.4,0.7000000000000001,765.1522400000001,3779.75116,2208.5707899999998,6753.47419
3605,4A,NewYork,0.4,0.75,761.0980800000001,3869.5672799999993,2241.57093,6872.236289999999
3606,4A,NewYork,0.4,0.8500000000000001,752.1225600000001,4049.73791,2307.8245699999998,7109.685039999999
3607,4A,NewYork,0.4,0.8,756.903,3959.7000999999996,2274.60274,6991.205839999999
3608,4A,NewYork,0.4,0.9500000000000001,747.59144,4226.70987,2373.7931799999997,7348.0944899999995
3609,4A,NewYork,0.4,0.9,749.2499600000001,4139.74405,2341.17308,7230.167090000001
3610,4A,NewYork,0.55,0.01,1022.22284,2948.69869,1794.89725,5765.81878
3611,4A,NewYork,0.55,0.15000000000000002,1100.5960400000001,2895.39808,1873.9139,5869.908020000001
3612,4A,NewYork,0.55,0.1,1115.6311200000002,2852.35855,1843.7007199999998,5811.69039
3613,4A,NewYork,0.55,0.25,1030.1035200000001,3012.60875,1926.4227599999997,5969.1350299999995
3614,4A,NewYork,0.55,0.2,1061.14928,2948.95205,1899.69328,5909.79461
3615,4A,NewYork,0.55,0.30000000000000004,1004.3476800000001,3076.58215,1953.4372699999997,6034.3670999999995
3616,4A,NewYork,0.55,0.35000000000000003,983.9468000000002,3142.2974,1981.2118600000001,6107.45606
3617,4A,NewYork,0.55,0.45,950.3211200000001,3277.5283,2041.06816,6268.91758
3618,4A,NewYork,0.55,0.4,966.6461600000001,3209.69116,2009.87321,6186.210529999999
3619,4A,NewYork,0.55,0.55,919.40544,3425.96559,2100.95613,6446.327160000001
3620,4A,NewYork,0.55,0.5,936.1424000000001,3348.94415,2072.61148,6357.69803
3621,4A,NewYork,0.55,0.6000000000000001,910.9177200000001,3506.02735,2132.91116,6549.856229999999
3622,4A,NewYork,0.55,0.65,903.2863600000001,3587.86263,2164.83452,6655.98351
3623,4A,NewYork,0.55,0.7000000000000001,895.51408,3671.28141,2196.66287,6763.4583600000005
3624,4A,NewYork,0.55,0.75,888.53312,3756.4103699999996,2228.5545599999996,6873.498049999999
3625,4A,NewYork,0.55,0.8500000000000001,877.27036,3928.31513,2292.87633,7098.4618199999995
3626,4A,NewYork,0.55,0.8,882.1266800000001,3841.98271,2260.69961,6984.809000000001
3627,4A,NewYork,0.55,0.9500000000000001,867.06992,4094.83599,2355.26623,7317.172140000001
3628,4A,NewYork,0.55,0.9,870.09428,4014.8059,2325.1480599999995,7210.048239999999
3629,4A,NewYork,0.5,0.01,952.93356,2955.88778,1793.3137499999998,5702.13509
3630,4A,NewYork,0.5,0.15000000000000002,1040.8134400000001,2906.92596,1872.42541,5820.16481
3631,4A,NewYork,0.5,0.1,1051.8594,2863.56973,1842.21223,5757.6413600000005
3632,4A,NewYork,0.5,0.25,975.7626,3026.0051599999997,1925.82103,5927.58879
3633,4A,NewYork,0.5,0.2,1004.9438800000001,2961.01832,1898.7431799999997,5864.70538
3634,4A,NewYork,0.5,0.30000000000000004,952.4240800000001,3091.1820199999997,1953.18391,5996.79001
3635,4A,NewYork,0.5,0.35000000000000003,933.47576,3158.73413,1981.3702099999998,6073.5801
3636,4A,NewYork,0.5,0.45,901.9747200000002,3298.7155299999995,2042.3666299999998,6243.056879999999
3637,4A,NewYork,0.5,0.4,917.21576,3227.77473,2010.53828,6155.52877
3638,4A,NewYork,0.5,0.55,873.6606400000001,3452.6634,2103.23637,6429.56041
3639,4A,NewYork,0.5,0.5,889.29192,3373.33005,2074.41667,6337.038640000001
3640,4A,NewYork,0.5,0.6000000000000001,866.7555600000001,3534.7203699999995,2135.63478,6537.110709999999
3641,4A,NewYork,0.5,0.65,859.60116,3618.677539999999,2167.90651,6646.185209999999
3642,4A,NewYork,0.5,0.7000000000000001,852.4142400000001,3703.86984,2200.08323,6756.36731
3643,4A,NewYork,0.5,0.75,845.6175600000001,3790.55063,2232.4183,6868.58649
3644,4A,NewYork,0.5,0.8500000000000001,835.7531600000001,3965.4006999999997,2297.3734699999995,7098.527329999999
3645,4A,NewYork,0.5,0.8,840.00244,3877.70647,2264.8800499999998,6982.58896
3646,4A,NewYork,0.5,0.9500000000000001,826.7126000000001,4135.81697,2360.90349,7323.433059999999
3647,4A,NewYork,0.5,0.9,829.0106800000001,4052.87324,2329.93023,7211.81415
3648,4A,NewYork,0.6000000000000001,0.01,1090.8834000000002,2942.4597,1796.4490799999999,5829.79218
3649,4A,NewYork,0.6000000000000001,0.15000000000000002,1159.0236400000001,2885.86541,1875.68742,5920.57647
3650,4A,NewYork,0.6000000000000001,0.1,1180.4109600000002,2843.42761,1845.3475599999997,5869.18613
3651,4A,NewYork,0.6000000000000001,0.25,1084.3902400000002,3000.28912,1927.3095199999998,6011.98888
3652,4A,NewYork,0.6000000000000001,0.2,1116.55252,2938.5959599999996,1900.9600799999998,5956.10856
3653,4A,NewYork,0.6000000000000001,0.30000000000000004,1056.8458,3063.6924599999998,1954.10234,6074.640599999999
3654,4A,NewYork,0.6000000000000001,0.35000000000000003,1034.17936,3128.45761,1981.4968899999997,6144.133859999999
3655,4A,NewYork,0.6000000000000001,0.45,997.80032,3259.34972,2040.30808,6297.45812
3656,4A,NewYork,0.6000000000000001,0.4,1015.4044800000001,3193.9195,2009.55651,6218.88049
3657,4A,NewYork,0.6000000000000001,0.55,965.34536,3402.4347799999996,2099.24595,6467.026089999999
3658,4A,NewYork,0.6000000000000001,0.5,982.9928800000001,3328.48533,2071.40802,6382.88623
3659,4A,NewYork,0.6000000000000001,0.6000000000000001,955.6218800000001,3480.533,2130.7259299999996,6566.88081
3660,4A,NewYork,0.6000000000000001,0.65,946.9282000000001,3560.30973,2162.3009199999997,6669.53885
3661,4A,NewYork,0.6000000000000001,0.7000000000000001,939.1234000000001,3642.2400199999997,2193.7809,6775.144319999999
3662,4A,NewYork,0.6000000000000001,0.75,931.1234800000001,3725.3104299999995,2225.22921,6881.663119999999
3663,4A,NewYork,0.6000000000000001,0.8500000000000001,918.1046400000001,3894.4599,2288.85424,7101.41878
3664,4A,NewYork,0.6000000000000001,0.8,924.37016,3809.5209600000003,2256.9942199999996,6990.88534
3665,4A,NewYork,0.6000000000000001,0.9500000000000001,906.6142400000001,4057.5920699999997,2350.1040199999998,7314.310329999999
3666,4A,NewYork,0.6000000000000001,0.9,911.9908800000001,3979.7788800000003,2320.7459299999996,7212.51569
3667,4A,NewYork,0.65,0.01,1157.0724400000001,2936.72743,1798.1275899999998,5891.92746
3668,4A,NewYork,0.65,0.15000000000000002,1212.03124,2879.6897599999998,1879.07611,5970.7971099999995
3669,4A,NewYork,0.65,0.1,1243.4130400000001,2836.0485,1848.3245399999998,5927.78608
3670,4A,NewYork,0.65,0.25,1137.61464,2998.8006299999997,1933.39016,6069.805429999999
3671,4A,NewYork,0.65,0.2,1171.28368,2935.5239699999997,1905.8689299999999,6012.676579999999
3672,4A,NewYork,0.65,0.30000000000000004,1108.50924,3063.8508099999995,1961.38644,6133.7464899999995
3673,4A,NewYork,0.65,0.35000000000000003,1084.31436,3128.80598,1989.3827199999998,6202.50306
3674,4A,NewYork,0.65,0.45,1046.7754400000001,3258.81133,2049.33403,6354.9208
3675,4A,NewYork,0.65,0.4,1064.31456,3193.85616,2018.5824599999999,6276.75318
3676,4A,NewYork,0.65,0.55,1013.56168,3397.3675799999996,2107.76518,6518.694439999999
3677,4A,NewYork,0.65,0.5,1031.72952,3326.87016,2080.24395,6438.84363
3678,4A,NewYork,0.65,0.6000000000000001,1003.8382,3472.52049,2138.51675,6614.87544
3679,4A,NewYork,0.65,0.65,992.68384,3555.46422,2170.6618,6718.809859999999
3680,4A,NewYork,0.65,0.7000000000000001,983.79504,3635.1142699999996,2201.2233499999998,6820.132659999999
3681,4A,NewYork,0.65,0.75,975.25312,3716.6961899999997,2232.1015999999995,6924.05091
3682,4A,NewYork,0.65,0.8500000000000001,960.4998800000001,3883.18538,2294.90321,7138.588470000001
3683,4A,NewYork,0.65,0.8,967.37244,3799.5449099999996,2263.48657,7030.40392
3684,4A,NewYork,0.65,0.9500000000000001,948.7384800000001,4046.0325199999997,2356.27967,7351.05067
3685,4A,NewYork,0.65,0.9,953.84412,3966.8891899999994,2326.44653,7247.17984
3686,4A,NewYork,0.7000000000000001,0.01,1222.32924,2932.54699,1799.8377699999996,5954.714
3687,4A,NewYork,0.7000000000000001,0.15000000000000002,1266.84912,2874.78091,1882.81317,6024.4432
3688,4A,NewYork,0.7000000000000001,0.1,1303.62924,2830.09454,1851.5865499999998,5985.31033
3689,4A,NewYork,0.7000000000000001,0.25,1189.21304,2999.11733,1940.04086,6128.37123
3690,4A,NewYork,0.7000000000000001,0.2,1224.6706800000002,2933.65544,1911.12615,6069.45227
3691,4A,NewYork,0.7000000000000001,0.30000000000000004,1158.77432,3065.49765,1969.30394,6193.57591
3692,4A,NewYork,0.7000000000000001,0.35000000000000003,1133.76644,3131.8779699999996,1998.18698,6263.831389999999
3693,4A,NewYork,0.7000000000000001,0.45,1095.2519200000002,3261.12324,2059.5000999999997,6415.875259999999
3694,4A,NewYork,0.7000000000000001,0.4,1113.23548,3196.6431199999997,2028.6851900000001,6338.56379
3695,4A,NewYork,0.7000000000000001,0.55,1062.39588,3396.41748,2117.70956,6576.522919999999
3696,4A,NewYork,0.7000000000000001,0.5,1079.84828,3327.9786099999997,2090.09332,6497.920209999999
3697,4A,NewYork,0.7000000000000001,0.6000000000000001,1051.17648,3469.1001300000003,2147.63771,6667.914320000001
3698,4A,NewYork,0.7000000000000001,0.65,1037.96252,3553.6590299999993,2180.00445,6771.626
3699,4A,NewYork,0.7000000000000001,0.7000000000000001,1028.36912,3630.9971699999996,2209.4575499999996,6868.823839999999
3700,4A,NewYork,0.7000000000000001,0.75,1019.14428,3710.74223,2239.57572,6969.46223
3701,4A,NewYork,0.7000000000000001,0.8500000000000001,1002.9601600000001,3874.3494499999997,2301.4272300000002,7178.7368400000005
3702,4A,NewYork,0.7000000000000001,0.8,1010.1037200000001,3792.19747,2270.4539699999996,7072.75516
3703,4A,NewYork,0.7000000000000001,0.9500000000000001,990.68928,4036.6265299999995,2362.6453399999996,7389.961149999999
3704,4A,NewYork,0.7000000000000001,0.9,995.53476,3956.6281099999997,2332.40049,7284.56336
3705,4A,NewYork,0.75,0.01,1287.05488,2928.0815199999997,1801.54795,6016.6843499999995
3706,4A,NewYork,0.75,0.15000000000000002,1320.2036000000003,2871.0438499999996,1886.8035899999998,6078.051039999999
3707,4A,NewYork,0.75,0.1,1361.15712,2824.29893,1854.97524,6040.4312899999995
3708,4A,NewYork,0.75,0.25,1239.96592,3001.46091,1947.5149800000002,6188.94181
3709,4A,NewYork,0.75,0.2,1277.2880400000001,2933.84546,1916.8900899999999,6128.02359
3710,4A,NewYork,0.75,0.30000000000000004,1208.39984,3069.42473,1977.9815199999998,6255.80609
3711,4A,NewYork,0.75,0.35000000000000003,1183.55456,3137.3885499999997,2007.9413399999999,6328.88445
3712,4A,NewYork,0.75,0.45,1143.8368,3266.3487899999996,2070.71128,6480.896869999999
3713,4A,NewYork,0.75,0.4,1161.8312,3201.33028,2039.6746799999999,6402.836160000001
3714,4A,NewYork,0.75,0.55,1110.7964800000002,3399.80617,2129.23744,6639.84009
3715,4A,NewYork,0.75,0.5,1126.89388,3332.7607799999996,2101.17782,6560.83248
3716,4A,NewYork,0.75,0.6000000000000001,1098.81828,3469.8285399999995,2158.12048,6726.7672999999995
3717,4A,NewYork,0.75,0.65,1082.93768,3554.83082,2190.26553,6828.034030000001
3718,4A,NewYork,0.75,0.7000000000000001,1073.20336,3629.3819999999996,2218.42016,6921.005519999999
3719,4A,NewYork,0.75,0.75,1062.4717600000001,3706.59346,2247.5565599999995,7016.6217799999995
3720,4A,NewYork,0.75,0.8500000000000001,1044.40148,3867.2870399999993,2308.33129,7220.01981
3721,4A,NewYork,0.75,0.8,1053.3228000000001,3786.9402499999997,2277.92809,7118.191139999999
3722,4A,NewYork,0.75,0.9500000000000001,1031.59944,4027.7589299999995,2368.72598,7428.08435
3723,4A,NewYork,0.75,0.9,1036.96524,3947.8238499999998,2338.67115,7323.46024
3724,4A,NewYork,0.8500000000000001,0.01,1411.3680000000002,2917.1237,1804.27157,6132.76327
3725,4A,NewYork,0.8500000000000001,0.15000000000000002,1429.92608,2858.4075199999997,1889.97059,6178.30419
3726,4A,NewYork,0.8500000000000001,0.1,1477.21016,2811.37757,1858.3639299999998,6146.95166
3727,4A,NewYork,0.8500000000000001,0.25,1345.64508,2988.5078799999997,1952.74053,6286.8934899999995
3728,4A,NewYork,0.8500000000000001,0.2,1384.539,2923.07766,1921.60892,6229.225579999999
3729,4A,NewYork,0.8500000000000001,0.30000000000000004,1311.1305200000002,3057.48514,1983.8721399999997,6352.487799999999
3730,4A,NewYork,0.8500000000000001,0.35000000000000003,1284.6917600000002,3124.4355199999995,2014.43369,6423.5609699999995
3731,4A,NewYork,0.8500000000000001,0.45,1239.43476,3250.9255,2076.95027,6567.310529999999
3732,4A,NewYork,0.8500000000000001,0.4,1260.48604,3188.02888,2046.2620399999998,6494.776959999999
3733,4A,NewYork,0.8500000000000001,0.55,1203.43512,3381.56425,2136.1414999999997,6721.140869999999
3734,4A,NewYork,0.8500000000000001,0.5,1220.55148,3316.1023599999994,2107.13178,6643.785619999999
3735,4A,NewYork,0.8500000000000001,0.6000000000000001,1190.1452800000002,3448.1345899999997,2164.13778,6802.41765
3736,4A,NewYork,0.8500000000000001,0.65,1171.4571200000003,3532.9151799999995,2196.21949,6900.59179
3737,4A,NewYork,0.8500000000000001,0.7000000000000001,1159.68488,3604.046,2223.26567,6986.99655
3738,4A,NewYork,0.8500000000000001,0.75,1147.7175200000001,3677.80543,2251.35696,7076.879910000001
3739,4A,NewYork,0.8500000000000001,0.8500000000000001,1126.78548,3833.3368,2310.6432,7270.76548
3740,4A,NewYork,0.8500000000000001,0.8,1137.3219600000002,3755.20691,2281.00008,7173.52895
3741,4A,NewYork,0.8500000000000001,0.9500000000000001,1110.4496000000001,3990.26165,2369.70775,7470.419
3742,4A,NewYork,0.8500000000000001,0.9,1118.9156400000002,3911.68838,2340.15964,7370.7636600000005
3743,4A,NewYork,0.8,0.01,1349.9377200000001,2922.95098,1802.78308,6075.671780000001
3744,4A,NewYork,0.8,0.15000000000000002,1376.951,2862.9996699999997,1887.7220199999997,6127.672689999999
3745,4A,NewYork,0.8,0.1,1420.43024,2817.01483,1856.1787,6093.62377
3746,4A,NewYork,0.8,0.25,1294.36104,2994.27182,1950.2702699999998,6238.90313
3747,4A,NewYork,0.8,0.2,1332.1926400000002,2927.19476,1919.01198,6178.39938
3748,4A,NewYork,0.8,0.30000000000000004,1261.41828,3063.09073,1981.33854,6305.8475499999995
3749,4A,NewYork,0.8,0.35000000000000003,1236.11772,3131.14956,2012.09011,6379.35739
3750,4A,NewYork,0.8,0.45,1193.57072,3259.5397399999997,2075.17675,6528.28721
3751,4A,NewYork,0.8,0.4,1213.1586000000002,3195.2496399999995,2044.0768099999998,6452.485049999999
3752,4A,NewYork,0.8,0.55,1159.91252,3392.6804199999997,2135.15973,6687.75267
3753,4A,NewYork,0.8,0.5,1175.13188,3325.6983699999996,2105.64329,6606.473539999999
3754,4A,NewYork,0.8,0.6000000000000001,1146.7202399999999,3461.0876199999993,2163.66273,6771.470589999999
3755,4A,NewYork,0.8,0.65,1129.06188,3548.3068000000003,2196.34617,6873.71485
3756,4A,NewYork,0.8,0.7000000000000001,1118.2869200000002,3621.40116,2223.96241,6963.65049
3757,4A,NewYork,0.8,0.75,1106.29788,3697.37749,2252.7504400000003,7056.425810000001
3758,4A,NewYork,0.8,0.8500000000000001,1086.2764000000002,3856.39256,2313.0817899999997,7255.750749999999
3759,4A,NewYork,0.8,0.8,1096.32508,3776.9008599999997,2282.86861,7156.09455
3760,4A,NewYork,0.8,0.9500000000000001,1071.73996,4016.23105,2373.15978,7461.13079
3761,4A,NewYork,0.8,0.9,1078.9052,3936.20096,2343.10495,7358.21111
3762,4A,NewYork,0.9500000000000001,0.01,1531.3776400000002,2907.21099,1807.0901999999999,6245.67883
3763,4A,NewYork,0.9500000000000001,0.15000000000000002,1533.2312800000002,2852.2952099999998,1895.00612,6280.53261
3764,4A,NewYork,0.9500000000000001,0.1,1586.4665200000002,2803.01669,1862.9244099999999,6252.40762
3765,4A,NewYork,0.9500000000000001,0.25,1445.4814800000001,2981.0970999999995,1958.37779,6384.95637
3766,4A,NewYork,0.9500000000000001,0.2,1486.0339200000003,2916.807,1927.1194999999998,6329.96042
3767,4A,NewYork,0.9500000000000001,0.30000000000000004,1409.6119200000003,3048.5542,1989.54107,6447.70719
3768,4A,NewYork,0.9500000000000001,0.35000000000000003,1380.1162800000002,3114.26945,2020.03928,6514.42501
3769,4A,NewYork,0.9500000000000001,0.45,1331.39048,3238.79589,2081.79578,6651.98215
3770,4A,NewYork,0.9500000000000001,0.4,1354.1111200000003,3176.72269,2051.55093,6582.3847399999995
3771,4A,NewYork,0.9500000000000001,0.55,1291.40172,3363.6706999999997,2139.21349,6794.28591
3772,4A,NewYork,0.9500000000000001,0.5,1309.76468,3301.1224499999994,2111.09053,6721.977659999999
3773,4A,NewYork,0.9500000000000001,0.6000000000000001,1275.5319600000003,3427.0423699999997,2166.16466,6868.73899
3774,4A,NewYork,0.9500000000000001,0.65,1255.6622399999999,3507.6425199999994,2197.01124,6960.315999999999
3775,4A,NewYork,0.9500000000000001,0.7000000000000001,1241.26672,3574.3712100000002,2222.72728,7038.365210000001
3776,4A,NewYork,0.9500000000000001,0.75,1229.76548,3644.0135399999995,2249.58344,7123.36246
3777,4A,NewYork,0.9500000000000001,0.8500000000000001,1206.84972,3792.4508299999998,2306.6844499999997,7305.985
3778,4A,NewYork,0.9500000000000001,0.8,1217.53796,3717.89965,2278.14978,7213.587390000001
3779,4A,NewYork,0.9500000000000001,0.9500000000000001,1188.59516,3942.915,2363.5637699999997,7495.07393
3780,4A,NewYork,0.9500000000000001,0.9,1196.97448,3867.41372,2335.15578,7399.54398
3781,4A,NewYork,0.9,0.01,1472.05032,2912.9432599999996,1805.7283899999998,6190.721969999999
3782,4A,NewYork,0.9,0.15000000000000002,1481.64372,2855.0505,1892.4091799999999,6229.103399999999
3783,4A,NewYork,0.9,0.1,1533.0253200000002,2806.8804299999997,1860.5808299999999,6200.48658
3784,4A,NewYork,0.9,0.25,1395.9318400000002,2984.54913,1955.46415,6335.94512
3785,4A,NewYork,0.9,0.2,1436.1374,2919.4989499999997,1924.30087,6279.93722
3786,4A,NewYork,0.9,0.30000000000000004,1360.99452,3052.82965,1986.6274299999998,6400.451599999999
3787,4A,NewYork,0.9,0.35000000000000003,1332.9948000000002,3118.8932699999996,2017.0622999999998,6468.95037
3788,4A,NewYork,0.9,0.45,1285.59148,3244.30647,2079.23051,6609.12846
3789,4A,NewYork,0.9,0.4,1307.67256,3182.10659,2048.76397,6538.54312
3790,4A,NewYork,0.9,0.55,1248.0092,3371.99991,2137.56665,6757.57576
3791,4A,NewYork,0.9,0.5,1265.2014400000003,3307.70981,2108.9053,6681.81655
3792,4A,NewYork,0.9,0.6000000000000001,1232.7898400000001,3436.92341,2165.0562099999997,6834.7694599999995
3793,4A,NewYork,0.9,0.65,1213.7548000000002,3519.36042,2196.44118,6929.5563999999995
3794,4A,NewYork,0.9,0.7000000000000001,1200.35656,3588.3693499999995,2222.85396,7011.57987
3795,4A,NewYork,0.9,0.75,1189.27808,3660.3235899999995,2250.3118499999996,7099.91352
3796,4A,NewYork,0.9,0.8500000000000001,1167.3379200000002,3812.08623,2308.48964,7287.91379
3797,4A,NewYork,0.9,0.8,1177.51668,3735.6031799999996,2279.3849099999998,7192.50477
3798,4A,NewYork,0.9,0.9500000000000001,1149.30016,3965.7174,2366.47741,7481.49497
3799,4A,NewYork,0.9,0.9,1157.8637600000002,3888.82264,2337.5627,7384.249100000001
3800,6A,Rochester,0.01,0.01,1021.3339600000002,2098.1691699999997,1669.76908,4789.27221
3801,6A,Rochester,0.01,0.15000000000000002,1015.979,2226.27432,1750.3375599999997,4992.59088
3802,6A,Rochester,0.01,0.1,1003.7514800000001,2232.38663,1719.2376199999999,4955.37573
3803,6A,Rochester,0.01,0.25,990.1689600000001,2295.1249,1809.6237999999998,5094.917659999999
3804,6A,Rochester,0.01,0.2,1014.12536,2218.07179,1779.6323099999997,5011.82946
3805,6A,Rochester,0.01,0.30000000000000004,981.3343600000001,2382.34408,1839.6786299999999,5203.35707
3806,6A,Rochester,0.01,0.35000000000000003,972.3588400000001,2471.11509,1871.8870199999997,5315.36095
3807,6A,Rochester,0.01,0.45,954.72216,2667.4690899999996,1944.7280199999998,5566.919269999999
3808,6A,Rochester,0.01,0.4,962.7546000000001,2566.91684,1907.64245,5437.31389
3809,6A,Rochester,0.01,0.55,949.07452,2856.6023299999997,2014.18033,5819.85718
3810,6A,Rochester,0.01,0.5,951.8820800000001,2761.68734,1979.72337,5693.2927899999995
3811,6A,Rochester,0.01,0.6000000000000001,947.5027200000001,2951.92903,2048.38393,5947.81568
3812,6A,Rochester,0.01,0.65,946.21276,3046.49565,2082.49252,6075.200929999999
3813,6A,Rochester,0.01,0.7000000000000001,945.8875600000001,3142.5824299999995,2116.53777,6205.0077599999995
3814,6A,Rochester,0.01,0.75,947.06912,3238.1624899999997,2150.67803,6335.90964
3815,6A,Rochester,0.01,0.8500000000000001,949.9634000000001,3430.58941,2219.33859,6599.8914
3816,6A,Rochester,0.01,0.8,948.3916,3335.2310399999997,2184.97664,6468.599279999999
3817,6A,Rochester,0.01,0.9500000000000001,951.90376,3619.0575799999997,2288.50587,6859.46721
3818,6A,Rochester,0.01,0.9,950.76556,3526.29615,2253.79555,6730.85726
3819,6A,Rochester,0.05,0.01,1116.44412,2058.10662,1667.83721,4842.38795
3820,6A,Rochester,0.05,0.15000000000000002,1088.35768,2181.84131,1745.9670999999998,5016.16609
3821,6A,Rochester,0.05,0.1,1085.87532,2191.3423099999995,1715.7222499999998,4992.93988
3822,6A,Rochester,0.05,0.25,1049.94072,2232.22828,1802.9097599999998,5085.078759999999
3823,6A,Rochester,0.05,0.2,1076.18436,2160.3057099999996,1773.9317099999998,5010.42178
3824,6A,Rochester,0.05,0.30000000000000004,1041.26872,2313.87354,1831.98282,5187.12508
3825,6A,Rochester,0.05,0.35000000000000003,1029.6590800000001,2398.4007699999997,1862.9877499999998,5291.0476
3826,6A,Rochester,0.05,0.45,1005.0739600000002,2588.57912,1934.4035999999996,5528.05668
3827,6A,Rochester,0.05,0.4,1017.1822400000001,2490.5287999999996,1898.0147699999998,5405.72581
3828,6A,Rochester,0.05,0.55,998.01712,2773.7536099999998,2003.00082,5774.7715499999995
3829,6A,Rochester,0.05,0.5,1000.3802400000001,2680.77049,1968.9239,5650.07463
3830,6A,Rochester,0.05,0.6000000000000001,995.4046800000001,2867.21178,2036.8877199999997,5899.50418
3831,6A,Rochester,0.05,0.65,991.7949600000002,2960.4482599999997,2070.5845999999997,6022.8278199999995
3832,6A,Rochester,0.05,0.7000000000000001,990.7326400000001,3054.41315,2104.21814,6149.3639299999995
3833,6A,Rochester,0.05,0.75,990.8844000000001,3148.7264099999998,2137.91502,6277.5258300000005
3834,6A,Rochester,0.05,0.8500000000000001,991.07952,3338.90476,2205.46713,6535.45141
3835,6A,Rochester,0.05,0.8,990.63508,3244.5598299999997,2171.64357,6406.83848
3836,6A,Rochester,0.05,0.9500000000000001,992.4995600000001,3527.1512399999997,2273.6843099999996,6793.335109999999
3837,6A,Rochester,0.05,0.9,992.3586400000002,3433.1863499999995,2239.54405,6665.089039999999
3838,6A,Rochester,0.15000000000000002,0.01,1361.22216,1988.93934,1667.9322199999997,5018.09372
3839,6A,Rochester,0.15000000000000002,0.15000000000000002,1294.5128000000002,2092.02519,1741.2165999999997,5127.75459
3840,6A,Rochester,0.15000000000000002,0.1,1314.12236,2106.4667099999997,1712.7452699999997,5133.334339999999
3841,6A,Rochester,0.15000000000000002,0.25,1224.22624,2118.7863399999997,1793.1554,5136.16798
3842,6A,Rochester,0.15000000000000002,0.2,1261.1364400000002,2058.5499999999997,1767.05932,5086.74576
3843,6A,Rochester,0.15000000000000002,0.30000000000000004,1204.56248,2188.1753099999996,1819.28315,5212.020939999999
3844,6A,Rochester,0.15000000000000002,0.35000000000000003,1185.2456000000002,2261.96641,1847.2794299999998,5294.49144
3845,6A,Rochester,0.15000000000000002,0.45,1154.7093200000002,2431.1792199999995,1914.73653,5500.62507
3846,6A,Rochester,0.15000000000000002,0.4,1168.85552,2343.00994,1880.1212199999998,5391.98668
3847,6A,Rochester,0.15000000000000002,0.55,1133.2244400000002,2602.2605599999997,1980.6417999999999,5716.1268
3848,6A,Rochester,0.15000000000000002,0.5,1142.1891200000002,2515.5164299999997,1947.57832,5605.283869999999
3849,6A,Rochester,0.15000000000000002,0.6000000000000001,1128.67164,2690.5565199999996,2013.5785999999998,5832.8067599999995
3850,6A,Rochester,0.15000000000000002,0.65,1124.42236,2779.8659199999997,2046.29371,5950.58199
3851,6A,Rochester,0.15000000000000002,0.7000000000000001,1119.69612,2869.96707,2079.1671699999997,6068.83036
3852,6A,Rochester,0.15000000000000002,0.75,1116.34656,2960.5116,2111.81894,6188.6771
3853,6A,Rochester,0.15000000000000002,0.8500000000000001,1112.6501200000002,3144.73599,2177.53419,6434.9203
3854,6A,Rochester,0.15000000000000002,0.8,1114.36284,3052.79798,2144.59739,6311.75821
3855,6A,Rochester,0.15000000000000002,0.9500000000000001,1111.1000000000001,3329.6571199999994,2243.5978099999998,6684.3549299999995
3856,6A,Rochester,0.15000000000000002,0.9,1110.1677600000003,3236.61066,2210.43932,6557.21774
3857,6A,Rochester,0.1,0.01,1239.95508,2017.98073,1667.2038099999997,4925.13962
3858,6A,Rochester,0.1,0.15000000000000002,1187.87972,2136.67989,1742.7367599999998,5067.29637
3859,6A,Rochester,0.1,0.1,1197.9934400000002,2143.0455599999996,1713.4420099999998,5054.4810099999995
3860,6A,Rochester,0.1,0.25,1132.31388,2169.395,1796.73411,5098.4429900000005
3861,6A,Rochester,0.1,0.2,1164.46532,2104.6615199999997,1769.4345700000001,5038.56141
3862,6A,Rochester,0.1,0.30000000000000004,1119.2733600000001,2243.8828399999998,1824.41369,5187.56989
3863,6A,Rochester,0.1,0.35000000000000003,1105.18136,2322.9945,1854.0251399999997,5282.200999999999
3864,6A,Rochester,0.1,0.45,1077.47432,2502.94344,1923.54079,5503.95855
3865,6A,Rochester,0.1,0.4,1090.37392,2409.4536,1888.0070499999997,5387.834569999999
3866,6A,Rochester,0.1,0.55,1063.58828,2682.0689599999996,1990.9978899999996,5736.655129999999
3867,6A,Rochester,0.1,0.5,1067.80504,2591.5877699999996,1957.30101,5616.6938199999995
3868,6A,Rochester,0.1,0.6000000000000001,1060.73736,2773.3735699999997,2024.40974,5858.52067
3869,6A,Rochester,0.1,0.65,1056.1737200000002,2864.67818,2057.5999,5978.451800000001
3870,6A,Rochester,0.1,0.7000000000000001,1052.06536,2956.64786,2090.79006,6099.50328
3871,6A,Rochester,0.1,0.75,1049.4312400000001,3049.3776199999998,2123.9168799999998,6222.72574
3872,6A,Rochester,0.1,0.8500000000000001,1048.9759600000002,3236.57899,2190.6139,6476.16885
3873,6A,Rochester,0.1,0.8,1050.14668,3143.18416,2157.20205,6350.5328899999995
3874,6A,Rochester,0.1,0.9500000000000001,1050.35264,3423.2103,2257.65929,6731.222229999999
3875,6A,Rochester,0.1,0.9,1048.3038800000002,3329.5937799999997,2224.0574199999996,6601.95508
3876,6A,Rochester,0.25,0.01,1594.57484,1944.1896299999999,1670.7191799999998,5209.48365
3877,6A,Rochester,0.25,0.15000000000000002,1512.35344,2020.10262,1741.1532599999998,5273.60932
3878,6A,Rochester,0.25,0.1,1543.9195200000001,2049.2073499999997,1713.5053499999997,5306.6322199999995
3879,6A,Rochester,0.25,0.25,1425.22152,2039.51633,1789.8617199999999,5254.59957
3880,6A,Rochester,0.25,0.2,1465.4487600000002,1987.8308899999997,1765.44415,5218.7238
3881,6A,Rochester,0.25,0.30000000000000004,1394.33836,2102.6663099999996,1814.21595,5311.220619999999
3882,6A,Rochester,0.25,0.35000000000000003,1367.97548,2169.5533499999997,1839.7419699999998,5377.270799999999
3883,6A,Rochester,0.25,0.45,1319.46648,2320.84094,1902.6385899999998,5542.94601
3884,6A,Rochester,0.25,0.4,1341.2332000000001,2241.7926199999997,1870.2401799999998,5453.266
3885,6A,Rochester,0.25,0.55,1287.5752,2475.20052,1964.8067999999998,5727.58252
3886,6A,Rochester,0.25,0.5,1302.9246400000002,2396.75393,1933.5168399999998,5633.19541
3887,6A,Rochester,0.25,0.6000000000000001,1277.9384400000001,2556.46574,1996.4451299999998,5830.8493100000005
3888,6A,Rochester,0.25,0.65,1269.67836,2639.91619,2028.2101399999997,5937.804689999999
3889,6A,Rochester,0.25,0.7000000000000001,1263.7163600000001,2725.01348,2060.00682,6048.7366600000005
3890,6A,Rochester,0.25,0.75,1257.48336,2810.58582,2091.8668399999997,6159.936019999999
3891,6A,Rochester,0.25,0.8500000000000001,1250.05796,2987.4627699999996,2155.7135599999997,6393.23429
3892,6A,Rochester,0.25,0.8,1252.41024,2898.5017399999997,2123.75853,6274.67051
3893,6A,Rochester,0.25,0.9500000000000001,1243.2287600000002,3166.49328,2219.90865,6629.63069
3894,6A,Rochester,0.25,0.9,1246.3615200000002,3076.3921299999997,2187.73193,6510.48558
3895,6A,Rochester,0.2,0.01,1478.97708,1964.9334800000001,1669.1356799999999,5113.04624
3896,6A,Rochester,0.2,0.15000000000000002,1403.60656,2055.1929800000003,1740.8999000000001,5199.69944
3897,6A,Rochester,0.2,0.1,1429.9477600000002,2074.41667,1712.7452699999997,5217.1097
3898,6A,Rochester,0.2,0.25,1323.35804,2076.1585199999995,1791.00184,5190.518399999999
3899,6A,Rochester,0.2,0.2,1361.9484400000001,2019.69091,1765.7925199999997,5147.43187
3900,6A,Rochester,0.2,0.30000000000000004,1297.4396000000002,2142.0637899999997,1816.21116,5255.71455
3901,6A,Rochester,0.2,0.35000000000000003,1274.1769600000002,2211.89614,1842.8772999999999,5328.9504
3902,6A,Rochester,0.2,0.45,1234.6760000000002,2371.2912499999998,1907.76913,5513.736379999999
3903,6A,Rochester,0.2,0.4,1252.57284,2287.8091299999996,1874.2622699999997,5414.64424
3904,6A,Rochester,0.2,0.55,1208.77924,2533.82169,1971.90088,5714.501810000001
3905,6A,Rochester,0.2,0.5,1220.3021600000002,2451.16299,1939.62915,5611.0943
3906,6A,Rochester,0.2,0.6000000000000001,1201.84164,2618.9506499999998,2004.29929,5825.09158
3907,6A,Rochester,0.2,0.65,1196.31324,2705.5680999999995,2036.5710199999996,5938.452359999999
3908,6A,Rochester,0.2,0.7000000000000001,1190.3946,2792.75561,2068.8744199999996,6052.02463
3909,6A,Rochester,0.2,0.75,1185.9285200000002,2881.08324,2101.20949,6168.2212500000005
3910,6A,Rochester,0.2,0.8500000000000001,1180.0857600000002,3061.8556,2165.9112999999998,6407.85266
3911,6A,Rochester,0.2,0.8,1182.3188000000002,2971.46942,2133.51289,6287.30111
3912,6A,Rochester,0.2,0.9500000000000001,1176.8554400000003,3244.52816,2231.11983,6652.503430000001
3913,6A,Rochester,0.2,0.9,1177.0830799999999,3152.4951399999995,2198.4680599999997,6528.046279999999
3914,6A,Rochester,0.30000000000000004,0.01,1710.7579600000001,1926.23274,1672.5243699999999,5309.51507
3915,6A,Rochester,0.30000000000000004,0.15000000000000002,1618.94316,1970.5074,1743.2118099999998,5332.66237
3916,6A,Rochester,0.30000000000000004,0.1,1655.62572,2029.7619699999998,1715.7855899999997,5401.173279999999
3917,6A,Rochester,0.30000000000000004,0.25,1529.06872,2015.28878,1792.9970499999997,5337.35455
3918,6A,Rochester,0.30000000000000004,0.2,1570.19568,1958.3144499999999,1768.1044299999999,5296.61456
3919,6A,Rochester,0.30000000000000004,0.30000000000000004,1492.4295200000001,2077.58367,1817.76299,5387.77618
3920,6A,Rochester,0.30000000000000004,0.35000000000000003,1463.4,2145.54749,1843.4473600000001,5452.394850000001
3921,6A,Rochester,0.30000000000000004,0.45,1411.9642000000001,2279.5749299999998,1901.5301399999998,5593.06927
3922,6A,Rochester,0.30000000000000004,0.4,1434.98836,2211.26274,1872.2353899999998,5518.48649
3923,6A,Rochester,0.30000000000000004,0.55,1370.72884,2425.16192,1959.2328799999998,5755.12364
3924,6A,Rochester,0.30000000000000004,0.5,1392.73404,2350.8641,1931.4582899999998,5675.05643
3925,6A,Rochester,0.30000000000000004,0.6000000000000001,1358.00268,2502.75342,1990.07946,5850.8355599999995
3926,6A,Rochester,0.30000000000000004,0.65,1347.8672800000002,2582.8785199999998,2021.27441,5952.02021
3927,6A,Rochester,0.30000000000000004,0.7000000000000001,1338.49068,2665.5688899999996,2052.5326999999997,6056.592269999999
3928,6A,Rochester,0.30000000000000004,0.75,1331.6940000000002,2748.03757,2083.85433,6163.5859
3929,6A,Rochester,0.30000000000000004,0.8500000000000001,1320.6372000000001,2920.0690099999997,2146.68761,6387.39382
3930,6A,Rochester,0.30000000000000004,0.8,1325.00572,2833.38822,2115.20763,6273.60157
3931,6A,Rochester,0.30000000000000004,0.9500000000000001,1313.1684400000001,3095.26745,2209.74258,6618.17847
3932,6A,Rochester,0.30000000000000004,0.9,1316.27952,3007.82658,2178.32594,6502.43204
3933,6A,Rochester,0.35000000000000003,0.01,1825.1091200000003,1909.8276799999999,1674.36123,5409.29803
3934,6A,Rochester,0.35000000000000003,0.15000000000000002,1724.13452,1935.0369999999998,1744.3519299999998,5403.52345
3935,6A,Rochester,0.35000000000000003,0.1,1765.66256,2012.59683,1717.52744,5495.78683
3936,6A,Rochester,0.35000000000000003,0.25,1632.30888,1988.0525799999998,1792.90204,5413.2635
3937,6A,Rochester,0.35000000000000003,0.2,1673.9236400000002,1934.24525,1768.57948,5376.74837
3938,6A,Rochester,0.35000000000000003,0.30000000000000004,1592.74288,2047.9405499999998,1817.09792,5457.78135
3939,6A,Rochester,0.35000000000000003,0.35000000000000003,1560.98168,2112.99073,1842.1805599999998,5516.15297
3940,6A,Rochester,0.35000000000000003,0.45,1502.6624800000002,2242.2676699999997,1898.7431799999997,5643.67333
3941,6A,Rochester,0.35000000000000003,0.4,1529.80584,2176.6474299999995,1870.2718499999999,5576.725119999999
3942,6A,Rochester,0.35000000000000003,0.55,1455.99628,2381.48899,1954.79908,5792.28435
3943,6A,Rochester,0.35000000000000003,0.5,1480.4188000000001,2310.35817,1927.84791,5718.624879999999
3944,6A,Rochester,0.35000000000000003,0.6000000000000001,1440.2782800000002,2455.9451599999998,1984.98059,5881.20403
3945,6A,Rochester,0.35000000000000003,0.65,1428.2784,2532.9032599999996,2015.4471299999998,5976.628789999999
3946,6A,Rochester,0.35000000000000003,0.7000000000000001,1416.80968,2612.9650199999996,2046.23037,6076.00507
3947,6A,Rochester,0.35000000000000003,0.75,1408.0292800000002,2692.71008,2077.10862,6177.84798
3948,6A,Rochester,0.35000000000000003,0.8500000000000001,1392.46304,2860.14937,2138.92846,6391.54087
3949,6A,Rochester,0.35000000000000003,0.8,1399.3898000000002,2776.0021799999995,2107.9868699999997,6283.378849999999
3950,6A,Rochester,0.35000000000000003,0.9500000000000001,1383.9319600000001,3029.96391,2200.71663,6614.6125
3951,6A,Rochester,0.35000000000000003,0.9,1387.9427600000001,2944.6766,2169.9650599999995,6502.584419999999
3952,6A,Rochester,0.45,0.01,2044.49988,1883.2248799999998,1678.8267,5606.551460000001
3953,6A,Rochester,0.45,0.15000000000000002,1929.83436,1880.62794,1748.02565,5558.487950000001
3954,6A,Rochester,0.45,0.1,1978.5059600000002,1983.58711,1721.8028899999997,5683.89596
3955,6A,Rochester,0.45,0.25,1834.8326000000002,1943.96794,1793.8838099999998,5572.6843499999995
3956,6A,Rochester,0.45,0.2,1878.4961200000002,1894.59441,1770.5430199999996,5543.6335500000005
3957,6A,Rochester,0.45,0.30000000000000004,1791.6026800000002,1999.51712,1817.1929299999997,5608.31273
3958,6A,Rochester,0.45,0.35000000000000003,1754.26972,2059.6901199999998,1841.2938,5655.253639999999
3959,6A,Rochester,0.45,0.45,1689.9776800000002,2180.38449,1895.2594800000002,5765.621650000001
3960,6A,Rochester,0.45,0.4,1721.16436,2118.65966,1867.76992,5707.59394
3961,6A,Rochester,0.45,0.55,1630.53112,2309.6930999999995,1948.8767899999998,5889.101009999999
3962,6A,Rochester,0.45,0.5,1661.34924,2243.9778499999998,1923.06574,5828.39283
3963,6A,Rochester,0.45,0.6000000000000001,1610.1194,2378.76537,1977.60148,5966.48625
3964,6A,Rochester,0.45,0.65,1592.9054800000001,2450.05454,2006.8012199999998,6049.76124
3965,6A,Rochester,0.45,0.7000000000000001,1578.36904,2524.76407,2036.41267,6139.54578
3966,6A,Rochester,0.45,0.75,1564.5372,2599.85364,2066.34082,6230.7316599999995
3967,6A,Rochester,0.45,0.8500000000000001,1544.1796800000002,2757.7602599999996,2126.54549,6428.485430000001
3968,6A,Rochester,0.45,0.8,1553.8056000000001,2678.0468699999997,2096.39565,6328.24812
3969,6A,Rochester,0.45,0.9500000000000001,1529.58904,2918.0737999999997,2185.99008,6633.65292
3970,6A,Rochester,0.45,0.9,1534.9223200000001,2838.83546,2156.82201,6530.57979
3971,6A,Rochester,0.4,0.01,1936.295,1896.0195599999997,1676.51479,5508.82935
3972,6A,Rochester,0.4,0.15000000000000002,1827.93836,1907.5157699999997,1746.03044,5481.4845700000005
3973,6A,Rochester,0.4,0.1,1873.01108,1997.4269,1719.49098,5589.928959999999
3974,6A,Rochester,0.4,0.25,1734.2807600000003,1964.5217699999996,1793.18707,5491.9896
3975,6A,Rochester,0.4,0.2,1776.3182800000002,1912.2979400000002,1769.46624,5458.0824600000005
3976,6A,Rochester,0.4,0.30000000000000004,1692.4492,2022.19284,1816.97124,5531.61328
3977,6A,Rochester,0.4,0.35000000000000003,1657.4902,2084.2027,1841.48382,5583.1767199999995
3978,6A,Rochester,0.4,0.45,1596.2333600000002,2209.33087,1896.74797,5702.3122
3979,6A,Rochester,0.4,0.4,1625.6206000000002,2145.8641900000002,1868.75169,5640.2364800000005
3980,6A,Rochester,0.4,0.55,1542.2935200000002,2343.3583099999996,1951.4103899999998,5837.06222
3981,6A,Rochester,0.4,0.5,1570.1740000000002,2274.98278,1925.06095,5770.21773
3982,6A,Rochester,0.4,0.6000000000000001,1524.3099600000003,2414.90084,1980.83182,5920.04262
3983,6A,Rochester,0.4,0.65,1510.09872,2488.9769699999997,2010.6649599999998,6009.74065
3984,6A,Rochester,0.4,0.7000000000000001,1497.13408,2566.41012,2040.8464699999997,6104.39067
3985,6A,Rochester,0.4,0.75,1485.8713200000002,2643.33655,2071.3446799999997,6200.55255
3986,6A,Rochester,0.4,0.8500000000000001,1467.58424,2806.4053799999997,2132.27776,6406.267379999999
3987,6A,Rochester,0.4,0.8,1476.72236,2724.5067599999998,2101.84289,6303.07201
3988,6A,Rochester,0.4,0.9500000000000001,1456.3106400000001,2971.5960999999998,2192.8624699999996,6620.76921
3989,6A,Rochester,0.4,0.9,1460.7984,2889.0640799999996,2162.90265,6512.76513
3990,6A,Rochester,0.55,0.01,2252.73628,1860.7391799999998,1683.51386,5796.98932
3991,6A,Rochester,0.55,0.15000000000000002,2128.73752,1845.82261,1752.6811399999997,5727.2412699999995
3992,6A,Rochester,0.55,0.1,2184.0432,1947.0399299999997,1726.5850599999997,5857.668189999999
3993,6A,Rochester,0.55,0.25,2033.7249200000003,1909.28929,1796.1323799999998,5739.14659
3994,6A,Rochester,0.55,0.2,2077.93044,1867.1048499999997,1774.21674,5719.25203
3995,6A,Rochester,0.55,0.30000000000000004,1986.1156400000002,1962.2731999999999,1818.77643,5767.1652699999995
3996,6A,Rochester,0.55,0.35000000000000003,1945.4331200000001,2018.39244,1841.95887,5805.78443
3997,6A,Rochester,0.55,0.45,1875.2874800000002,2130.9792899999998,1893.5493,5899.81607
3998,6A,Rochester,0.55,0.4,1909.1624800000002,2074.03663,1867.16819,5850.367300000001
3999,6A,Rochester,0.55,0.55,1808.0252800000003,2253.4471799999997,1945.4880999999998,6006.9605599999995
4000,6A,Rochester,0.55,0.5,1844.43684,2190.2972,1920.40546,5955.1395
4001,6A,Rochester,0.55,0.6000000000000001,1783.27756,2317.8639599999997,1973.1360099999997,6074.277529999999
4002,6A,Rochester,0.55,0.65,1760.4702,2384.56098,2001.2589699999999,6146.29015
4003,6A,Rochester,0.55,0.7000000000000001,1741.03408,2454.64669,2029.6986299999999,6225.3794
4004,6A,Rochester,0.55,0.75,1724.90416,2524.9857599999996,2058.51833,6308.4082499999995
4005,6A,Rochester,0.55,0.8500000000000001,1696.3299200000001,2673.67641,2117.10783,6487.11416
4006,6A,Rochester,0.55,0.8,1709.54388,2598.23847,2087.71807,6395.500419999999
4007,6A,Rochester,0.55,0.9500000000000001,1676.74204,2824.5522899999996,2174.17717,6675.4715
4008,6A,Rochester,0.55,0.9,1684.8612,2750.6978499999996,2146.52926,6582.088309999999
4009,6A,Rochester,0.5,0.01,2149.59368,1871.6653299999998,1681.13861,5702.39762
4010,6A,Rochester,0.5,0.15000000000000002,2030.39704,1860.7075099999997,1750.3375599999997,5641.44211
4011,6A,Rochester,0.5,0.1,2082.7867600000004,1966.92869,1724.1781399999998,5773.893590000001
4012,6A,Rochester,0.5,0.25,1935.5362,1925.78936,1794.83391,5656.1594700000005
4013,6A,Rochester,0.5,0.2,1978.1916000000003,1880.1212199999998,1772.28487,5630.5976900000005
4014,6A,Rochester,0.5,0.30000000000000004,1889.4553600000002,1979.81838,1817.76299,5687.03673
4015,6A,Rochester,0.5,0.35000000000000003,1850.9083200000002,2037.7111399999997,1841.45215,5730.07161
4016,6A,Rochester,0.5,0.45,1782.72472,2154.0033799999997,1894.1827,5830.9108
4017,6A,Rochester,0.5,0.4,1815.83008,2095.06551,1867.29487,5778.19046
4018,6A,Rochester,0.5,0.55,1719.6684400000001,2279.8916299999996,1946.9132499999998,5946.473319999999
4019,6A,Rochester,0.5,0.5,1752.7738000000002,2215.91823,1921.5772499999998,5890.26928
4020,6A,Rochester,0.5,0.6000000000000001,1696.46,2346.68366,1975.0678799999998,6018.21154
4021,6A,Rochester,0.5,0.65,1676.41684,2415.72426,2003.6975599999996,6095.838659999999
4022,6A,Rochester,0.5,0.7000000000000001,1659.2137600000003,2487.77351,2032.70728,6179.69455
4023,6A,Rochester,0.5,0.75,1644.3629600000002,2560.2661399999997,2062.09704,6266.726140000001
4024,6A,Rochester,0.5,0.8500000000000001,1620.94856,2713.61228,2121.4466199999997,6456.00746
4025,6A,Rochester,0.5,0.8,1630.9322,2635.83076,2091.74016,6358.503119999999
4026,6A,Rochester,0.5,0.9500000000000001,1602.61812,2869.36534,2179.7827599999996,6651.7662199999995
4027,6A,Rochester,0.5,0.9,1609.7833600000001,2792.81895,2151.27976,6553.88207
4028,6A,Rochester,0.6000000000000001,0.01,2354.0144,1852.0932699999996,1686.5541799999999,5892.6618499999995
4029,6A,Rochester,0.6000000000000001,0.15000000000000002,2224.6281599999998,1831.53944,1755.1197300000001,5811.28733
4030,6A,Rochester,0.6000000000000001,0.1,2283.34844,1929.90646,1729.08699,5942.34189
4031,6A,Rochester,0.6000000000000001,0.25,2129.33372,1896.6212899999998,1797.96924,5823.92425
4032,6A,Rochester,0.6000000000000001,0.2,2174.775,1855.89367,1776.3702999999998,5807.03897
4033,6A,Rochester,0.6000000000000001,0.30000000000000004,2081.7136,1946.56488,1820.0749,5848.3533800000005
4034,6A,Rochester,0.6000000000000001,0.35000000000000003,2039.35088,2001.41732,1842.9406399999998,5883.708839999999
4035,6A,Rochester,0.6000000000000001,0.45,1966.1592,2110.71049,1893.5493,5970.41899
4036,6A,Rochester,0.6000000000000001,0.4,2000.53284,2055.66803,1867.6432399999999,5923.84411
4037,6A,Rochester,0.6000000000000001,0.55,1896.26288,2229.15629,1944.5379999999998,6069.95717
4038,6A,Rochester,0.6000000000000001,0.5,1934.11616,2168.41323,1919.8987399999999,6022.428129999999
4039,6A,Rochester,0.6000000000000001,0.6000000000000001,1869.5314400000002,2292.14792,1971.80587,6133.48523
4040,6A,Rochester,0.6000000000000001,0.65,1845.2173200000002,2356.94474,1999.42211,6201.58417
4041,6A,Rochester,0.6000000000000001,0.7000000000000001,1823.84084,2425.06691,2027.3867199999997,6276.29447
4042,6A,Rochester,0.6000000000000001,0.75,1804.95756,2493.82248,2055.63636,6354.4164
4043,6A,Rochester,0.6000000000000001,0.8500000000000001,1773.6191200000003,2637.69929,2113.18075,6524.499159999999
4044,6A,Rochester,0.6000000000000001,0.8,1787.72196,2564.98497,2084.2027,6436.90963
4045,6A,Rochester,0.6000000000000001,0.9500000000000001,1750.70336,2783.8880099999997,2169.29999,6703.89136
4046,6A,Rochester,0.6000000000000001,0.9,1761.25068,2712.5988399999997,2142.2538099999997,6616.10333
4047,6A,Rochester,0.65,0.01,2460.49572,1843.9857499999998,1690.0378799999999,5994.51935
4048,6A,Rochester,0.65,0.15000000000000002,2316.0202000000004,1821.69007,1759.0784800000001,5896.788750000001
4049,6A,Rochester,0.65,0.1,2380.2905600000004,1907.19907,1732.7923799999999,6020.28201
4050,6A,Rochester,0.65,0.25,2219.20816,1891.6490999999996,1804.1448899999998,5915.002149999999
4051,6A,Rochester,0.65,0.2,2271.2618400000006,1847.2477599999997,1781.34249,5899.85209
4052,6A,Rochester,0.65,0.30000000000000004,2173.07312,1941.8143799999998,1827.0106299999998,5941.89813
4053,6A,Rochester,0.65,0.35000000000000003,2129.9407600000004,1997.23688,1850.54144,5977.71908
4054,6A,Rochester,0.65,0.45,2054.9388000000004,2105.00989,1902.03686,6061.98555
4055,6A,Rochester,0.65,0.4,2090.58072,2050.3791399999996,1875.94078,6016.900639999999
4056,6A,Rochester,0.65,0.55,1985.2701200000001,2219.94032,1952.2338099999997,6157.4442500000005
4057,6A,Rochester,0.65,0.5,2021.8551200000002,2161.69919,1928.16461,6111.718919999999
4058,6A,Rochester,0.65,0.6000000000000001,1956.71756,2281.1901,1978.83661,6216.74427
4059,6A,Rochester,0.65,0.65,1929.8994,2349.8189899999998,2007.2445999999998,6286.96299
4060,6A,Rochester,0.65,0.7000000000000001,1906.84272,2415.59758,2034.3857899999998,6356.8260900000005
4061,6A,Rochester,0.65,0.75,1885.7914400000002,2482.3262699999996,2061.93869,6430.0563999999995
4062,6A,Rochester,0.65,0.8500000000000001,1851.4394800000002,2623.47946,2118.65966,6593.578600000001
4063,6A,Rochester,0.65,0.8,1867.3526000000002,2552.2852999999996,2090.12499,6509.76289
4064,6A,Rochester,0.65,0.9500000000000001,1826.1606000000002,2768.46472,2174.7789,6769.40422
4065,6A,Rochester,0.65,0.9,1837.22824,2696.4471399999998,2147.35268,6681.02806
4066,6A,Rochester,0.7000000000000001,0.01,2578.44576,1836.2899400000001,1694.1233099999997,6108.85901
4067,6A,Rochester,0.7000000000000001,0.15000000000000002,2409.6236000000004,1809.78215,1763.10057,5982.50632
4068,6A,Rochester,0.7000000000000001,0.1,2474.8804,1890.7623399999998,1736.68779,6102.330529999999
4069,6A,Rochester,0.7000000000000001,0.25,2309.55956,1888.4820999999997,1810.79559,6008.83725
4070,6A,Rochester,0.7000000000000001,0.2,2367.16332,1841.19879,1786.7263899999998,5995.0885
4071,6A,Rochester,0.7000000000000001,0.30000000000000004,2262.1562400000003,1939.3757899999998,1834.5480899999998,6036.0801200000005
4072,6A,Rochester,0.7000000000000001,0.35000000000000003,2218.2759200000005,1994.8616299999999,1858.8073099999997,6071.94486
4073,6A,Rochester,0.7000000000000001,0.45,2141.9298000000003,2101.33617,1911.18949,6154.45546
4074,6A,Rochester,0.7000000000000001,0.4,2178.20044,2047.5921799999999,1885.09341,6110.88603
4075,6A,Rochester,0.7000000000000001,0.55,2072.40204,2213.9230199999997,1961.1964199999998,6247.521479999999
4076,6A,Rochester,0.7000000000000001,0.5,2107.57784,2157.6137599999997,1937.2539,6202.4455
4077,6A,Rochester,0.7000000000000001,0.6000000000000001,2042.9822800000002,2273.43095,1987.16582,6303.57905
4078,6A,Rochester,0.7000000000000001,0.65,2012.4026400000002,2344.1817300000002,2015.9221799999998,6372.50655
4079,6A,Rochester,0.7000000000000001,0.7000000000000001,1988.5221200000003,2407.52173,2042.0499299999997,6438.093779999999
4080,6A,Rochester,0.7000000000000001,0.75,1966.1592,2472.85694,2068.90609,6507.92223
4081,6A,Rochester,0.7000000000000001,0.8500000000000001,1928.6961600000002,2611.3498499999996,2124.61362,6664.65963
4082,6A,Rochester,0.7000000000000001,0.8,1946.2027600000004,2541.7075199999995,2096.61734,6584.52762
4083,6A,Rochester,0.7000000000000001,0.9500000000000001,1901.19508,2755.98674,2180.6061799999998,6837.788
4084,6A,Rochester,0.7000000000000001,0.9,1912.9348000000002,2683.74747,2152.9266,6749.60887
4085,6A,Rochester,0.75,0.01,2698.9648800000004,1830.2726399999997,1697.76536,6227.002880000001
4086,6A,Rochester,0.75,0.15000000000000002,2501.86116,1801.6112899999998,1767.3443499999998,6070.816799999999
4087,6A,Rochester,0.75,0.1,2565.91472,1870.71523,1740.5832,6177.2131500000005
4088,6A,Rochester,0.75,0.25,2397.1576000000005,1887.05695,1817.9530099999997,6102.16756
4089,6A,Rochester,0.75,0.2,2455.531,1837.1767,1792.522,6085.2297
4090,6A,Rochester,0.75,0.30000000000000004,2348.74616,1939.1540999999997,1842.8456299999998,6130.74589
4091,6A,Rochester,0.75,0.35000000000000003,2304.08536,1994.03821,1868.37165,6166.49522
4092,6A,Rochester,0.75,0.45,2226.73112,2100.79778,1921.45057,6248.979469999999
4093,6A,Rochester,0.75,0.4,2263.6196400000003,2047.2438099999997,1895.29115,6206.1546
4094,6A,Rochester,0.75,0.55,2157.71284,2211.86447,1971.6475199999998,6341.22483
4095,6A,Rochester,0.75,0.5,2192.3249600000004,2156.44197,1947.4199699999997,6296.1869
4096,6A,Rochester,0.75,0.6000000000000001,2127.8920000000003,2269.3138499999995,1996.7301599999998,6393.93601
4097,6A,Rochester,0.75,0.65,2094.62404,2341.2364199999997,2025.4548499999999,6461.31531
4098,6A,Rochester,0.75,0.7000000000000001,2068.78148,2402.7078899999997,2050.53749,6522.02686
4099,6A,Rochester,0.75,0.75,2045.5838800000001,2466.30125,2076.5385599999995,6588.42369
4100,6A,Rochester,0.75,0.8500000000000001,2004.70624,2602.48225,2131.1693099999998,6738.3578
4101,6A,Rochester,0.75,0.8,2023.94724,2534.20173,2103.67975,6661.8287199999995
4102,6A,Rochester,0.75,0.9500000000000001,1975.60084,2743.85713,2186.30678,6905.764749999999
4103,6A,Rochester,0.75,0.9,1989.1942000000001,2672.09291,2158.72221,6820.00932
4104,6A,Rochester,0.8500000000000001,0.01,2935.42864,1813.1708399999998,1703.33928,6451.93876
4105,6A,Rochester,0.8500000000000001,0.15000000000000002,2683.47452,1783.78108,1771.99984,6239.255440000001
4106,6A,Rochester,0.8500000000000001,0.1,2743.3113200000003,1848.19786,1745.0803399999998,6336.5895199999995
4107,6A,Rochester,0.8500000000000001,0.25,2574.5867200000002,1872.10871,1824.192,6270.88743
4108,6A,Rochester,0.8500000000000001,0.2,2631.3016000000002,1821.81675,1798.0325799999998,6251.150930000001
4109,6A,Rochester,0.8500000000000001,0.30000000000000004,2524.07232,1923.98417,1849.7180199999998,6297.774509999999
4110,6A,Rochester,0.8500000000000001,0.35000000000000003,2478.36004,1975.7329499999998,1875.3390499999998,6329.43204
4111,6A,Rochester,0.8500000000000001,0.45,2397.50448,2080.4022999999997,1928.3546299999998,6406.261409999999
4112,6A,Rochester,0.8500000000000001,0.4,2435.67212,2028.2418099999998,1902.3218899999997,6366.23582
4113,6A,Rochester,0.8500000000000001,0.55,2326.5350000000003,2188.2386500000002,1978.89995,6493.673600000001
4114,6A,Rochester,0.8500000000000001,0.5,2360.7352000000005,2133.98794,1954.00733,6448.73047
4115,6A,Rochester,0.8500000000000001,0.6000000000000001,2293.4188,2243.9145099999996,2003.1274999999998,6540.46081
4116,6A,Rochester,0.8500000000000001,0.65,2255.3378800000005,2314.91865,2031.9472,6602.203730000001
4117,6A,Rochester,0.8500000000000001,0.7000000000000001,2227.2189200000003,2373.76151,2055.85805,6656.838479999999
4118,6A,Rochester,0.8500000000000001,0.75,2201.7557600000005,2436.53145,2081.00403,6719.2912400000005
4119,6A,Rochester,0.8500000000000001,0.8500000000000001,2155.95676,2566.25177,2134.11462,6856.32315
4120,6A,Rochester,0.8500000000000001,0.8,2176.7804,2500.63153,2107.48015,6784.89208
4121,6A,Rochester,0.8500000000000001,0.9500000000000001,2121.97336,2702.43277,2187.82694,7012.233069999999
4122,6A,Rochester,0.8500000000000001,0.9,2137.0518,2634.05724,2160.93911,6932.0481500000005
4123,6A,Rochester,0.8,0.01,2822.94196,1824.2870099999998,1700.3622999999998,6347.59127
4124,6A,Rochester,0.8,0.15000000000000002,2594.43476,1791.38188,1769.14954,6154.966179999999
4125,6A,Rochester,0.8,0.1,2657.82708,1860.8025199999997,1742.45173,6261.08133
4126,6A,Rochester,0.8,0.25,2489.2434000000003,1878.85442,1821.24669,6189.34451
4127,6A,Rochester,0.8,0.2,2546.24012,1828.37244,1795.11894,6169.7315
4128,6A,Rochester,0.8,0.30000000000000004,2439.62872,1931.1732599999998,1846.77271,6217.57469
4129,6A,Rochester,0.8,0.35000000000000003,2394.24164,1984.6005499999999,1872.55209,6251.39428
4130,6A,Rochester,0.8,0.45,2315.0229200000003,2090.82173,1926.0427199999997,6331.88737
4131,6A,Rochester,0.8,0.4,2352.57268,2037.77448,1899.66161,6290.00877
4132,6A,Rochester,0.8,0.55,2245.9179200000003,2201.57172,1977.3481199999999,6424.837759999999
4133,6A,Rochester,0.8,0.5,2278.92572,2145.89586,1951.98045,6376.80203
4134,6A,Rochester,0.8,0.6000000000000001,2213.5822000000003,2259.14778,2002.0823899999998,6474.81237
4135,6A,Rochester,0.8,0.65,2177.2356800000002,2331.5454,2031.3771399999998,6540.15822
4136,6A,Rochester,0.8,0.7000000000000001,2149.79964,2392.47848,2056.0164,6598.294520000001
4137,6A,Rochester,0.8,0.75,2125.22536,2456.6419,2081.70077,6663.56803
4138,6A,Rochester,0.8,0.8500000000000001,2081.89788,2589.62423,2135.79313,6807.31524
4139,6A,Rochester,0.8,0.8,2101.73508,2522.38882,2108.62027,6732.74417
4140,6A,Rochester,0.8,0.9500000000000001,2049.9524,2729.6373,2190.67724,6970.26694
4141,6A,Rochester,0.8,0.9,2064.94412,2659.1715499999996,2163.1560099999997,6887.271679999999
4142,6A,Rochester,0.9500000000000001,0.01,3131.11232,1757.1149400000002,1709.1348899999998,6597.362150000001
4143,6A,Rochester,0.9500000000000001,0.15000000000000002,2854.36712,1770.4480099999998,1777.9537999999998,6402.76893
4144,6A,Rochester,0.9500000000000001,0.1,2907.46144,1826.06053,1750.52758,6484.04955
4145,6A,Rochester,0.9500000000000001,0.25,2739.9726000000005,1861.27757,1830.6210099999998,6431.87118
4146,6A,Rochester,0.9500000000000001,0.2,2796.80672,1810.8905999999997,1804.27157,6411.968889999999
4147,6A,Rochester,0.9500000000000001,0.30000000000000004,2687.16012,1912.2345999999998,1856.27371,6455.66843
4148,6A,Rochester,0.9500000000000001,0.35000000000000003,2640.2012400000003,1962.4948899999997,1881.7680599999997,6484.46419
4149,6A,Rochester,0.9500000000000001,0.45,2556.51644,2062.76211,1933.86521,6553.14376
4150,6A,Rochester,0.9500000000000001,0.4,2595.49708,2011.77341,1908.2125099999998,6515.483
4151,6A,Rochester,0.9500000000000001,0.55,2483.4114799999998,2165.9429699999996,1983.0487199999998,6632.403169999999
4152,6A,Rochester,0.9500000000000001,0.5,2518.9992,2114.19419,1958.8845099999999,6592.0779
4153,6A,Rochester,0.9500000000000001,0.6000000000000001,2448.6476000000002,2218.8002,2006.23116,6673.67896
4154,6A,Rochester,0.9500000000000001,0.65,2407.26048,2286.2889699999996,2034.0690899999997,6727.6185399999995
4155,6A,Rochester,0.9500000000000001,0.7000000000000001,2378.31768,2341.96483,2056.61813,6776.90064
4156,6A,Rochester,0.9500000000000001,0.75,2350.5456000000004,2401.18773,2080.52898,6832.262310000001
4157,6A,Rochester,0.9500000000000001,0.8500000000000001,2300.9309200000002,2524.9857599999996,2131.80271,6957.71939
4158,6A,Rochester,0.9500000000000001,0.8,2324.35616,2462.3424999999997,2106.11834,6892.817
4159,6A,Rochester,0.9500000000000001,0.9500000000000001,2263.0993200000003,2654.0726799999998,2183.26646,7100.43846
4160,6A,Rochester,0.9500000000000001,0.9,2281.2237999999998,2589.71924,2157.45541,7028.398450000001
4161,6A,Rochester,0.9,0.01,3037.2379200000005,1778.5872,1706.25292,6522.07804
4162,6A,Rochester,0.9,0.15000000000000002,2770.0969600000003,1776.52865,1775.00849,6321.6341
4163,6A,Rochester,0.9,0.1,2827.15872,1839.0135599999996,1747.74062,6413.912899999999
4164,6A,Rochester,0.9,0.25,2658.20648,1866.43978,1827.3273299999998,6351.97359
4165,6A,Rochester,0.9,0.2,2714.9864000000002,1816.0211399999998,1801.10457,6332.11211
4166,6A,Rochester,0.9,0.30000000000000004,2606.29372,1917.52349,1852.91669,6376.7339
4167,6A,Rochester,0.9,0.35000000000000003,2560.55976,1968.54386,1878.4427099999998,6407.546329999999
4168,6A,Rochester,0.9,0.45,2477.6988,2070.9963099999995,1930.95157,6479.64668
4169,6A,Rochester,0.9,0.4,2516.6035600000005,2019.5008899999998,1905.1088499999998,6441.2133
4170,6A,Rochester,0.9,0.55,2405.9163200000003,2176.29906,1980.83182,6563.0472
4171,6A,Rochester,0.9,0.5,2441.09212,2123.34682,1956.28757,6520.72651
4172,6A,Rochester,0.9,0.6000000000000001,2371.8245200000006,2230.61311,2004.4893099999997,6606.92694
4173,6A,Rochester,0.9,0.65,2332.12844,2299.7170499999997,2032.8022899999999,6664.647779999999
4174,6A,Rochester,0.9,0.7000000000000001,2303.5542000000005,2357.0714199999998,2056.07974,6716.705360000001
4175,6A,Rochester,0.9,0.75,2276.7252000000003,2418.0678399999997,2080.62399,6775.4170300000005
4176,6A,Rochester,0.9,0.8500000000000001,2229.21348,2544.77951,2132.7844800000003,6906.77747
4177,6A,Rochester,0.9,0.8,2251.59808,2480.80611,2106.65673,6839.06092
4178,6A,Rochester,0.9,0.9500000000000001,2193.30056,2677.2867899999997,2185.3883499999997,7055.975699999999
4179,6A,Rochester,0.9,0.9,2209.4521600000003,2610.68478,2159.00724,6979.14418
4180,3C,SanDiego,0.01,0.01,337.95868,2539.52229,1803.9865399999999,4681.46751
4181,3C,SanDiego,0.01,0.15000000000000002,194.31784,2819.73845,1908.3075199999996,4922.36381
4182,3C,SanDiego,0.01,0.1,235.44480000000001,2698.79072,1868.6883499999997,4802.92387
4183,3C,SanDiego,0.01,0.25,155.56484,3044.6271199999996,1981.0218399999999,5181.2137999999995
4184,3C,SanDiego,0.01,0.2,169.104,2932.07194,1944.37965,5045.55559
4185,3C,SanDiego,0.01,0.30000000000000004,154.49168000000003,3160.15928,2015.8905099999997,5330.54147
4186,3C,SanDiego,0.01,0.35000000000000003,155.4998,3271.22597,2052.05765,5478.78342
4187,3C,SanDiego,0.01,0.45,157.87376,3499.0916199999997,2137.4082999999996,5794.373679999999
4188,3C,SanDiego,0.01,0.4,156.88732,3383.97117,2093.5136799999996,5634.372169999999
4189,3C,SanDiego,0.01,0.55,158.31820000000002,3706.4351099999994,2222.31557,6087.06888
4190,3C,SanDiego,0.01,0.5,158.264,3603.38093,2179.71942,5941.36435
4191,3C,SanDiego,0.01,0.6000000000000001,158.15560000000002,3808.85589,2264.8800499999998,6231.89154
4192,3C,SanDiego,0.01,0.65,157.8304,3910.6749399999994,2307.2545099999998,6375.759849999999
4193,3C,SanDiego,0.01,0.7000000000000001,157.36428,4012.39898,2349.6289699999998,6519.3922299999995
4194,3C,SanDiego,0.01,0.75,156.84396,4113.33127,2391.87675,6662.05198
4195,3C,SanDiego,0.01,0.8500000000000001,155.81416000000002,4315.3225299999995,2476.594,6947.730689999999
4196,3C,SanDiego,0.01,0.8,156.28028,4214.39024,2434.12453,6804.79505
4197,3C,SanDiego,0.01,0.9500000000000001,155.34804000000003,4516.8704099999995,2562.48304,7234.7014899999995
4198,3C,SanDiego,0.01,0.9,155.4998,4415.969789999999,2519.4118399999998,7090.8814299999985
4199,3C,SanDiego,0.05,0.01,343.88816,2475.1371799999997,1796.3224,4615.347739999999
4200,3C,SanDiego,0.05,0.15000000000000002,194.85984,2761.14895,1899.85163,4855.86042
4201,3C,SanDiego,0.05,0.1,236.51796000000002,2639.9478599999998,1860.51749,4736.98331
4202,3C,SanDiego,0.05,0.25,157.54856,2985.7209199999998,1972.18591,5115.45539
4203,3C,SanDiego,0.05,0.2,169.85196000000002,2873.3874299999998,1935.73374,4978.973129999999
4204,3C,SanDiego,0.05,0.30000000000000004,156.19356000000002,3100.42966,2007.02291,5263.64613
4205,3C,SanDiego,0.05,0.35000000000000003,156.90900000000002,3211.8447199999996,2042.6833299999998,5411.4370499999995
4206,3C,SanDiego,0.05,0.45,159.39136,3440.28043,2127.05221,5726.724
4207,3C,SanDiego,0.05,0.4,158.30736,3324.9066199999993,2083.69598,5566.909959999999
4208,3C,SanDiego,0.05,0.55,160.13932,3648.16231,2211.29441,6019.59604
4209,3C,SanDiego,0.05,0.5,159.96588,3544.8864399999998,2168.9832899999997,5873.83561
4210,3C,SanDiego,0.05,0.6000000000000001,160.09596000000002,3750.74144,2253.51052,6164.34792
4211,3C,SanDiego,0.05,0.65,159.90084,3852.5921599999997,2295.7266299999997,6308.21963
4212,3C,SanDiego,0.05,0.7000000000000001,159.58648000000002,3954.3478699999996,2337.78439,6451.718739999999
4213,3C,SanDiego,0.05,0.75,159.19624000000002,4055.4385099999995,2379.81048,6594.445229999999
4214,3C,SanDiego,0.05,0.8500000000000001,158.43744,4257.36643,2463.51429,6879.31816
4215,3C,SanDiego,0.05,0.8,158.7518,4156.56082,2421.64655,6736.95917
4216,3C,SanDiego,0.05,0.9500000000000001,158.19896,4458.629279999999,2548.29488,7165.123119999998
4217,3C,SanDiego,0.05,0.9,158.24232,4358.045359999999,2505.79374,7022.0814199999995
4218,3C,SanDiego,0.15000000000000002,0.01,361.96928,2328.34673,1780.2973799999997,4470.61339
4219,3C,SanDiego,0.15000000000000002,0.15000000000000002,198.32864000000004,2629.8767999999995,1882.43313,4710.638569999999
4220,3C,SanDiego,0.15000000000000002,0.1,241.51520000000002,2508.4540199999997,1843.79573,4593.76495
4221,3C,SanDiego,0.15000000000000002,0.25,163.85744,2852.4535599999995,1952.5188399999997,4968.829839999999
4222,3C,SanDiego,0.15000000000000002,0.2,173.44,2740.62679,1916.9217599999997,4830.98855
4223,3C,SanDiego,0.15000000000000002,0.30000000000000004,161.48348000000001,2965.45212,1987.57753,5114.513129999999
4224,3C,SanDiego,0.15000000000000002,0.35000000000000003,161.17996000000002,3077.12054,2022.2878499999997,5260.58835
4225,3C,SanDiego,0.15000000000000002,0.45,163.38048,3306.47468,2104.40816,5574.26332
4226,3C,SanDiego,0.15000000000000002,0.4,162.19892000000002,3190.3407899999997,2062.25539,5414.795099999999
4227,3C,SanDiego,0.15000000000000002,0.55,164.52952000000002,3514.7999399999994,2186.5601399999996,5865.889599999999
4228,3C,SanDiego,0.15000000000000002,0.5,164.1176,3411.0173499999996,2145.26246,5720.39741
4229,3C,SanDiego,0.15000000000000002,0.6000000000000001,164.7138,3617.50575,2228.0795099999996,6010.299059999999
4230,3C,SanDiego,0.15000000000000002,0.65,164.81136,3719.5464899999997,2269.5672099999997,6153.92506
4231,3C,SanDiego,0.15000000000000002,0.7000000000000001,164.81136,3821.1121799999996,2310.86489,6296.78843
4232,3C,SanDiego,0.15000000000000002,0.75,164.77884,3922.29783,2352.0675599999995,6439.14423
4233,3C,SanDiego,0.15000000000000002,0.8500000000000001,164.72464000000002,4124.0674,2434.2828799999997,6723.07492
4234,3C,SanDiego,0.15000000000000002,0.8,164.72464000000002,4023.1667799999996,2393.27023,6581.16165
4235,3C,SanDiego,0.15000000000000002,0.9500000000000001,165.00648,4325.266909999999,2516.9415799999997,7007.214969999999
4236,3C,SanDiego,0.15000000000000002,0.9,164.81136,4224.65132,2475.48555,6864.94823
4237,3C,SanDiego,0.1,0.01,352.03984,2396.18387,1787.80317,4536.026879999999
4238,3C,SanDiego,0.1,0.15000000000000002,196.12812000000002,2692.99511,1890.50898,4779.63221
4239,3C,SanDiego,0.1,0.1,238.54504000000003,2571.50899,1851.55488,4661.60891
4240,3C,SanDiego,0.1,0.25,160.36696,2916.74366,1961.9881699999999,5039.09879
4241,3C,SanDiego,0.1,0.2,171.23948000000001,2804.56852,1925.6943499999998,4901.50235
4242,3C,SanDiego,0.1,0.30000000000000004,158.57836,3030.62898,1996.9518499999997,5186.159189999999
4243,3C,SanDiego,0.1,0.35000000000000003,158.83852000000002,3142.10738,2032.0422099999998,5332.988109999999
4244,3C,SanDiego,0.1,0.45,161.28836,3371.17649,2115.36598,5647.83083
4245,3C,SanDiego,0.1,0.4,160.11764000000002,3255.4226400000002,2072.54814,5488.08842
4246,3C,SanDiego,0.1,0.55,162.329,3579.31173,2198.49973,5940.1404600000005
4247,3C,SanDiego,0.1,0.5,162.0038,3475.9091799999997,2156.727,5794.63998
4248,3C,SanDiego,0.1,0.6000000000000001,162.40488,3682.04921,2240.3991399999995,6084.85323
4249,3C,SanDiego,0.1,0.65,162.38320000000002,3784.0266099999994,2282.20354,6228.61335
4250,3C,SanDiego,0.1,0.7000000000000001,162.24228,3885.68731,2323.84959,6371.7791799999995
4251,3C,SanDiego,0.1,0.75,162.01464,3986.8096199999995,2365.46397,6514.288229999999
4252,3C,SanDiego,0.1,0.8500000000000001,161.63524000000004,4188.83255,2448.31269,6798.780479999999
4253,3C,SanDiego,0.1,0.8,161.81952,4087.8369199999997,2406.92,6656.57644
4254,3C,SanDiego,0.1,0.9500000000000001,161.67860000000002,4390.0954,2531.95316,7083.72716
4255,3C,SanDiego,0.1,0.9,161.58104,4289.28979,2489.92707,6940.7979
4256,3C,SanDiego,0.25,0.01,387.6926,2220.1303399999997,1768.4527999999998,4376.275739999999
4257,3C,SanDiego,0.25,0.15000000000000002,206.68628,2518.20838,1869.22674,4594.1214
4258,3C,SanDiego,0.25,0.1,252.16008000000002,2396.8172699999996,1830.81103,4479.78838
4259,3C,SanDiego,0.25,0.25,173.3858,2737.93484,1937.0322099999998,4848.352849999999
4260,3C,SanDiego,0.25,0.2,181.21228,2627.53322,1902.7019299999997,4711.44743
4261,3C,SanDiego,0.25,0.30000000000000004,169.67852000000002,2848.7798399999997,1971.6158499999997,4990.074209999999
4262,3C,SanDiego,0.25,0.35000000000000003,168.06336,2960.00488,2005.43941,5133.50765
4263,3C,SanDiego,0.25,0.45,168.562,3188.88397,2085.37449,5442.82046
4264,3C,SanDiego,0.25,0.4,167.8574,3072.6234,2044.23516,5284.7159599999995
4265,3C,SanDiego,0.25,0.55,169.70020000000002,3397.3675799999996,2165.7212799999998,5732.789059999999
4266,3C,SanDiego,0.25,0.5,169.28828,3293.68,2125.3737,5588.34198
4267,3C,SanDiego,0.25,0.6000000000000001,169.917,3500.01005,2206.4489,5876.37595
4268,3C,SanDiego,0.25,0.65,170.12296,3601.9874499999996,2247.23986,6019.35027
4269,3C,SanDiego,0.25,0.7000000000000001,170.28556,3703.3947899999994,2287.9041399999996,6161.584489999999
4270,3C,SanDiego,0.25,0.75,170.44816000000003,3804.2954099999997,2328.41007,6303.1536399999995
4271,3C,SanDiego,0.25,0.8500000000000001,170.84924000000004,4005.3999099999996,2409.20024,6585.44939
4272,3C,SanDiego,0.25,0.8,170.64328,3905.0060099999996,2368.82099,6444.47028
4273,3C,SanDiego,0.25,0.9500000000000001,171.543,4205.71266,2490.33878,6867.59444
4274,3C,SanDiego,0.25,0.9,171.1094,4105.9204899999995,2449.73784,6726.76773
4275,3C,SanDiego,0.2,0.01,373.91496,2268.8071299999997,1773.74169,4416.46378
4276,3C,SanDiego,0.2,0.15000000000000002,201.85164000000003,2572.1107199999997,1875.4657300000001,4649.428089999999
4277,3C,SanDiego,0.2,0.1,246.04632,2450.37124,1837.0183499999998,4533.43591
4278,3C,SanDiego,0.2,0.25,168.17176,2792.91396,1944.2846399999999,4905.37036
4279,3C,SanDiego,0.2,0.2,176.76788,2681.8156,1909.28929,4767.87277
4280,3C,SanDiego,0.2,0.30000000000000004,165.19075999999998,2904.86741,1979.1533099999997,5049.21148
4281,3C,SanDiego,0.2,0.35000000000000003,164.19348000000002,3016.40915,2013.35691,5193.95954
4282,3C,SanDiego,0.2,0.45,165.76528,3245.7632899999994,2094.3370999999997,5505.865669999999
4283,3C,SanDiego,0.2,0.4,164.6596,3129.4710499999997,2052.7227199999998,5346.853369999999
4284,3C,SanDiego,0.2,0.55,167.01188,3454.08855,2175.66566,5796.76609
4285,3C,SanDiego,0.2,0.5,166.55660000000003,3350.46431,2134.81136,5651.83227
4286,3C,SanDiego,0.2,0.6000000000000001,167.19616000000002,3556.8260299999997,2216.80499,5940.82718
4287,3C,SanDiego,0.2,0.65,167.32624,3659.0251199999993,2257.91265,6084.264009999999
4288,3C,SanDiego,0.2,0.7000000000000001,167.43464000000003,3760.4641300000003,2298.9253,6226.824070000001
4289,3C,SanDiego,0.2,0.75,167.55388,3861.5547699999997,2339.7479299999995,6368.85658
4290,3C,SanDiego,0.2,0.8500000000000001,167.79236,4063.03931,2421.3298499999996,6652.16152
4291,3C,SanDiego,0.2,0.8,167.66228,3962.36038,2380.60223,6510.624890000001
4292,3C,SanDiego,0.2,0.9500000000000001,168.25848000000002,4263.922119999999,2503.16513,6935.345729999999
4293,3C,SanDiego,0.2,0.9,167.9658,4163.62323,2462.0574699999997,6793.6465
4294,3C,SanDiego,0.30000000000000004,0.01,402.84692,2178.32594,1764.24069,4345.41355
4295,3C,SanDiego,0.30000000000000004,0.15000000000000002,211.49924000000004,2473.71203,1865.39467,4550.60594
4296,3C,SanDiego,0.30000000000000004,0.1,257.59092000000004,2347.82378,1825.9338499999997,4431.34855
4297,3C,SanDiego,0.30000000000000004,0.25,179.0768,2699.77249,1935.1003399999997,4813.949629999999
4298,3C,SanDiego,0.30000000000000004,0.2,185.48324000000002,2585.63381,1899.7566199999999,4670.87367
4299,3C,SanDiego,0.30000000000000004,0.30000000000000004,174.65408000000002,2811.6625999999997,1970.7924299999997,4957.109109999999
4300,3C,SanDiego,0.30000000000000004,0.35000000000000003,172.10668,2925.86462,2005.81945,5103.79075
4301,3C,SanDiego,0.30000000000000004,0.45,171.71644,3136.50179,2082.27083,5390.48906
4302,3C,SanDiego,0.30000000000000004,0.4,171.23948000000001,3031.48407,2043.9817999999998,5246.70535
4303,3C,SanDiego,0.30000000000000004,0.55,172.85464000000002,3343.9719600000003,2156.727,5673.5536
4304,3C,SanDiego,0.30000000000000004,0.5,172.31264000000002,3240.09436,2121.5416299999997,5533.94863
4305,3C,SanDiego,0.30000000000000004,0.6000000000000001,172.99556,3446.45608,2197.04291,5816.494549999999
4306,3C,SanDiego,0.30000000000000004,0.65,173.12564000000003,3548.24346,2237.3904899999998,5958.75959
4307,3C,SanDiego,0.30000000000000004,0.7000000000000001,173.30992,3649.7774799999997,2277.73807,6100.82547
4308,3C,SanDiego,0.30000000000000004,0.75,173.53756,3750.39307,2317.83229,6241.76292
4309,3C,SanDiego,0.30000000000000004,0.8500000000000001,174.04704,3951.27588,2398.0524,6523.375320000001
4310,3C,SanDiego,0.30000000000000004,0.8,173.77604000000002,3850.85031,2357.92651,6382.55286
4311,3C,SanDiego,0.30000000000000004,0.9500000000000001,174.88172000000003,4150.3535,2478.1775,6803.41272
4312,3C,SanDiego,0.30000000000000004,0.9,174.39392,4051.44809,2438.2099599999997,6664.05197
4313,3C,SanDiego,0.35000000000000003,0.01,418.80340000000007,2141.8737699999997,1760.5352999999998,4321.2124699999995
4314,3C,SanDiego,0.35000000000000003,0.15000000000000002,218.76204,2427.9805499999998,1860.3274699999997,4507.07006
4315,3C,SanDiego,0.35000000000000003,0.1,266.11116000000004,2303.9925,1821.1200099999999,4391.223669999999
4316,3C,SanDiego,0.35000000000000003,0.25,186.15532,2652.8375499999997,1929.36807,4768.36094
4317,3C,SanDiego,0.35000000000000003,0.2,193.51568000000003,2539.04724,1894.4043899999997,4626.96731
4318,3C,SanDiego,0.35000000000000003,0.30000000000000004,180.77868000000004,2763.80923,1964.68012,4909.268029999999
4319,3C,SanDiego,0.35000000000000003,0.35000000000000003,177.40744,2877.25117,1999.2954299999997,5053.95404
4320,3C,SanDiego,0.35000000000000003,0.45,175.88984,3087.03325,2074.98673,5337.90982
4321,3C,SanDiego,0.35000000000000003,0.4,175.83564,2982.33223,2037.07774,5195.24561
4322,3C,SanDiego,0.35000000000000003,0.55,176.45352000000003,3294.1550500000003,2148.68282,5619.29139
4323,3C,SanDiego,0.35000000000000003,0.5,176.23672000000002,3190.21411,2113.81415,5480.26498
4324,3C,SanDiego,0.35000000000000003,0.6000000000000001,176.5294,3396.51249,2188.4603399999996,5761.50223
4325,3C,SanDiego,0.35000000000000003,0.65,176.58360000000002,3497.98317,2228.5228899999997,5903.08966
4326,3C,SanDiego,0.35000000000000003,0.7000000000000001,176.64864000000003,3599.13715,2268.4270899999997,6044.212879999999
4327,3C,SanDiego,0.35000000000000003,0.75,176.83292,3699.59439,2308.20461,6184.63192
4328,3C,SanDiego,0.35000000000000003,0.8500000000000001,177.36408000000003,3899.93881,2387.69631,6464.9992
4329,3C,SanDiego,0.35000000000000003,0.8,177.0714,3799.9249499999996,2347.98213,6324.97848
4330,3C,SanDiego,0.35000000000000003,0.9500000000000001,178.38304000000002,4097.93965,2466.93465,6743.25734
4331,3C,SanDiego,0.35000000000000003,0.9,177.81936000000002,3999.8576599999997,2427.47383,6605.15085
4332,3C,SanDiego,0.45,0.01,451.88708,2088.2247899999998,1755.59478,4295.70665
4333,3C,SanDiego,0.45,0.15000000000000002,236.04100000000003,2346.93702,1852.0299299999997,4435.007949999999
4334,3C,SanDiego,0.45,0.1,285.94836000000004,2234.22349,1814.18428,4334.35613
4335,3C,SanDiego,0.45,0.25,202.58876,2568.72203,1919.80373,4691.11452
4336,3C,SanDiego,0.45,0.2,212.17132,2458.03538,1885.79015,4555.9968499999995
4337,3C,SanDiego,0.45,0.30000000000000004,195.52108,2678.1418799999997,1954.3557,4828.01866
4338,3C,SanDiego,0.45,0.35000000000000003,190.43712000000002,2790.0953299999996,1988.6543099999997,4969.18676
4339,3C,SanDiego,0.45,0.45,186.20952000000003,2997.78719,2062.50875,5246.50546
4340,3C,SanDiego,0.45,0.4,187.18512,2894.22629,2025.51819,5106.9296
4341,3C,SanDiego,0.45,0.55,185.37484,3203.8322099999996,2134.43132,5523.63837
4342,3C,SanDiego,0.45,0.5,185.91684,3100.30298,2100.22772,5386.447539999999
4343,3C,SanDiego,0.45,0.6000000000000001,185.04964,3305.33456,2173.4804299999996,5663.86463
4344,3C,SanDiego,0.45,0.65,184.75696000000002,3406.4885399999994,2212.75123,5803.996729999999
4345,3C,SanDiego,0.45,0.7000000000000001,184.62688,3506.9774499999994,2252.0537,5943.658029999999
4346,3C,SanDiego,0.45,0.75,184.64856,3606.92797,2291.19782,6082.77435
4347,3C,SanDiego,0.45,0.8500000000000001,185.07132000000001,3805.9105799999998,2369.16936,6360.15126
4348,3C,SanDiego,0.45,0.8,184.81116000000003,3706.62513,2330.21526,6221.6515500000005
4349,3C,SanDiego,0.45,0.9500000000000001,186.06860000000003,4000.42772,2446.1274599999997,6632.62378
4350,3C,SanDiego,0.45,0.9,185.4724,3905.0376799999995,2408.3134800000003,6498.82356
4351,3C,SanDiego,0.4,0.01,435.35608,2114.4792199999997,1758.06504,4307.90034
4352,3C,SanDiego,0.4,0.15000000000000002,226.90288,2382.5024299999995,1855.41862,4464.82393
4353,3C,SanDiego,0.4,0.1,275.63952,2267.31864,1817.38295,4360.34111
4354,3C,SanDiego,0.4,0.25,194.05768000000003,2609.2279599999997,1924.30087,4727.586509999999
4355,3C,SanDiego,0.4,0.2,202.49120000000002,2497.33785,1889.87558,4589.70463
4356,3C,SanDiego,0.4,0.30000000000000004,187.82468000000003,2719.3762199999996,1959.20121,4866.40211
4357,3C,SanDiego,0.4,0.35000000000000003,183.55372000000003,2832.05808,1993.65817,5009.269969999999
4358,3C,SanDiego,0.4,0.45,180.72448,3040.76338,2068.46271,5289.950569999999
4359,3C,SanDiego,0.4,0.4,181.1364,2936.6007499999996,2030.9654299999997,5148.702579999999
4360,3C,SanDiego,0.4,0.55,180.63776,3247.3784600000004,2141.14536,5569.16158
4361,3C,SanDiego,0.4,0.5,180.77868000000004,3143.7858899999997,2106.5933899999995,5431.157959999999
4362,3C,SanDiego,0.4,0.6000000000000001,180.49684,3349.5142100000003,2180.6378499999996,5710.6489
4363,3C,SanDiego,0.4,0.65,180.42096,3450.88988,2220.3837,5851.69454
4364,3C,SanDiego,0.4,0.7000000000000001,180.45348,3551.56881,2260.00287,5992.02516
4365,3C,SanDiego,0.4,0.75,180.54020000000003,3651.8360299999995,2299.4320199999997,6131.808249999999
4366,3C,SanDiego,0.4,0.8500000000000001,181.03884,3851.54705,2378.03696,6410.62285
4367,3C,SanDiego,0.4,0.8,180.73532,3751.84989,2338.67115,6271.25636
4368,3C,SanDiego,0.4,0.9500000000000001,182.07948000000002,4048.02773,2456.3251999999998,6686.432409999999
4369,3C,SanDiego,0.4,0.9,181.46160000000003,3951.0541899999994,2417.52945,6550.0452399999995
4370,3C,SanDiego,0.55,0.01,485.25260000000003,2047.30715,1752.6494699999998,4285.209220000001
4371,3C,SanDiego,0.55,0.15000000000000002,256.3118,2286.3523099999998,1846.9310599999997,4389.59517
4372,3C,SanDiego,0.55,0.1,308.38716000000005,2178.5793,1809.40211,4296.368570000001
4373,3C,SanDiego,0.55,0.25,221.43952000000002,2497.78123,1912.6463099999996,4631.86706
4374,3C,SanDiego,0.55,0.2,233.2768,2387.47462,1878.8860899999997,4499.63751
4375,3C,SanDiego,0.55,0.30000000000000004,212.60492000000002,2604.88917,1946.3748600000001,4763.86895
4376,3C,SanDiego,0.55,0.35000000000000003,205.94916000000003,2714.72073,1980.2617599999999,4900.93165
4377,3C,SanDiego,0.55,0.45,198.96820000000002,2920.38571,2052.46936,5171.82327
4378,3C,SanDiego,0.55,0.4,201.23376,2818.12328,2016.3655599999997,5035.722599999999
4379,3C,SanDiego,0.55,0.55,196.4208,3124.75222,2122.61841,5443.791429999999
4380,3C,SanDiego,0.55,0.5,197.85168000000002,3022.0780799999998,2089.2699000000002,5309.19966
4381,3C,SanDiego,0.55,0.6000000000000001,195.57528,3225.52616,2161.06579,5582.16723
4382,3C,SanDiego,0.55,0.65,194.84900000000002,3325.82505,2199.6081799999997,5720.28223
4383,3C,SanDiego,0.55,0.7000000000000001,194.29616000000001,3425.4905399999993,2238.18224,5857.968939999999
4384,3C,SanDiego,0.55,0.75,194.00348000000002,3524.90267,2276.7246299999997,5995.6307799999995
4385,3C,SanDiego,0.55,0.8500000000000001,194.07936,3722.11176,2353.30269,6269.49381
4386,3C,SanDiego,0.55,0.8,193.9276,3623.61806,2315.04533,6132.59099
4387,3C,SanDiego,0.55,0.9500000000000001,194.94656,3912.1317599999998,2427.6321799999996,6534.710499999999
4388,3C,SanDiego,0.55,0.9,194.39372000000003,3820.3520999999996,2391.75007,6406.49589
4389,3C,SanDiego,0.5,0.01,468.59152,2065.77076,1753.8845999999999,4288.24688
4390,3C,SanDiego,0.5,0.15000000000000002,245.88372000000004,2315.01366,1849.2746399999999,4410.17202
4391,3C,SanDiego,0.5,0.1,296.95096,2204.73872,1811.524,4313.21368
4392,3C,SanDiego,0.5,0.25,211.73772000000002,2531.85815,1915.93999,4659.53586
4393,3C,SanDiego,0.5,0.2,222.4368,2418.13118,1881.54637,4522.11435
4394,3C,SanDiego,0.5,0.30000000000000004,203.85704,2640.1695499999996,1950.1119199999998,4794.138509999999
4395,3C,SanDiego,0.5,0.35000000000000003,197.89504000000002,2750.76119,1984.15717,4932.8134
4396,3C,SanDiego,0.5,0.45,192.32328,2957.72464,2057.18819,5207.23611
4397,3C,SanDiego,0.5,0.4,193.94928,2854.8288099999995,2020.7360199999996,5069.514109999999
4398,3C,SanDiego,0.5,0.55,190.67560000000003,3162.97791,2128.19233,5481.84584
4399,3C,SanDiego,0.5,0.5,191.597,3059.73371,2094.3687699999996,5345.699479999999
4400,3C,SanDiego,0.5,0.6000000000000001,190.07940000000002,3264.13189,2166.95641,5621.1677
4401,3C,SanDiego,0.5,0.65,189.54824000000002,3364.87416,2205.9421799999996,5760.3645799999995
4402,3C,SanDiego,0.5,0.7000000000000001,189.24472000000003,3464.9513599999996,2244.86461,5899.06069
4403,3C,SanDiego,0.5,0.75,189.11464,3564.6168499999994,2283.62869,6037.36018
4404,3C,SanDiego,0.5,0.8500000000000001,189.41816000000003,3762.80771,2360.96683,6313.1927
4405,3C,SanDiego,0.5,0.8,189.17968000000002,3663.87063,2322.32943,6175.37974
4406,3C,SanDiego,0.5,0.9500000000000001,190.36124000000004,3955.23463,2436.62646,6582.2223300000005
4407,3C,SanDiego,0.5,0.9,189.77588,3861.4914299999996,2399.69924,6450.966549999999
4408,3C,SanDiego,0.6000000000000001,0.01,501.82696000000004,2031.3454699999998,1751.5093499999998,4284.681779999999
4409,3C,SanDiego,0.6000000000000001,0.15000000000000002,267.3686,2260.95297,1845.25255,4373.57412
4410,3C,SanDiego,0.6000000000000001,0.1,320.05100000000004,2153.8767,1807.3435599999998,4281.2712599999995
4411,3C,SanDiego,0.6000000000000001,0.25,231.39064000000002,2463.2292599999996,1909.16261,4603.78251
4412,3C,SanDiego,0.6000000000000001,0.2,244.59376,2359.12997,1876.5741799999998,4480.29791
4413,3C,SanDiego,0.6000000000000001,0.30000000000000004,221.82976,2573.2508399999997,1943.30287,4738.38347
4414,3C,SanDiego,0.6000000000000001,0.35000000000000003,214.38268000000002,2681.72059,1976.99975,4873.1030200000005
4415,3C,SanDiego,0.6000000000000001,0.45,206.11176,2886.0237599999996,2048.57395,5140.70947
4416,3C,SanDiego,0.6000000000000001,0.4,208.98436,2784.3630599999997,2012.7235099999998,5006.07093
4417,3C,SanDiego,0.6000000000000001,0.55,202.66464000000002,3089.4085,2117.70956,5409.7827
4418,3C,SanDiego,0.6000000000000001,0.5,204.52912000000003,2987.05106,2084.93111,5276.51129
4419,3C,SanDiego,0.6000000000000001,0.6000000000000001,201.47224000000003,3189.54904,2155.7135599999997,5546.734839999999
4420,3C,SanDiego,0.6000000000000001,0.65,200.51832,3289.49956,2193.90758,5683.92546
4421,3C,SanDiego,0.6000000000000001,0.7000000000000001,199.79204000000001,3388.5633199999997,2232.13327,5820.48863
4422,3C,SanDiego,0.6000000000000001,0.75,199.29340000000002,3487.34205,2270.23228,5956.86773
4423,3C,SanDiego,0.6000000000000001,0.8500000000000001,199.08744000000002,3683.72772,2346.24028,6229.05544
4424,3C,SanDiego,0.6000000000000001,0.8,199.06576,3585.77241,2308.29962,6093.13779
4425,3C,SanDiego,0.6000000000000001,0.9500000000000001,199.7812,3871.46748,2419.46132,6490.709999999999
4426,3C,SanDiego,0.6000000000000001,0.9,199.31508000000002,3781.6196899999995,2384.24428,6365.179049999999
4427,3C,SanDiego,0.65,0.01,517.339,2015.4787999999999,1750.52758,4283.34538
4428,3C,SanDiego,0.65,0.15000000000000002,277.92676,2241.7926199999997,1845.7275999999997,4365.446979999999
4429,3C,SanDiego,0.65,0.1,328.95064,2137.2816199999997,1807.7235999999998,4273.95586
4430,3C,SanDiego,0.65,0.25,241.45016000000004,2450.49792,1913.0580199999997,4605.0061
4431,3C,SanDiego,0.65,0.2,255.50964000000002,2343.92837,1878.9494299999997,4478.38744
4432,3C,SanDiego,0.65,0.30000000000000004,231.30392,2563.27479,1948.6550999999997,4743.23381
4433,3C,SanDiego,0.65,0.35000000000000003,223.37988,2672.91633,1983.4920999999997,4879.78831
4434,3C,SanDiego,0.65,0.45,214.38268000000002,2876.9344699999997,2056.7448099999997,5148.061959999999
4435,3C,SanDiego,0.65,0.4,217.58048000000002,2775.14709,2020.6726799999997,5013.40025
4436,3C,SanDiego,0.65,0.55,210.11172000000002,3077.0571999999997,2125.53205,5412.70097
4437,3C,SanDiego,0.65,0.5,212.38812000000001,2977.8034199999997,2092.94362,5283.13516
4438,3C,SanDiego,0.65,0.6000000000000001,208.62664,3176.05762,2162.6809599999997,5547.36522
4439,3C,SanDiego,0.65,0.65,207.1524,3280.4736099999996,2201.57172,5689.19773
4440,3C,SanDiego,0.65,0.7000000000000001,206.13344,3378.27057,2238.59395,5822.997960000001
4441,3C,SanDiego,0.65,0.75,205.43968000000004,3475.75083,2275.83787,5957.02838
4442,3C,SanDiego,0.65,0.8500000000000001,205.04944,3671.21807,2350.8957699999996,6227.163279999999
4443,3C,SanDiego,0.65,0.8,205.0928,3573.6428,2313.4618299999997,6092.19743
4444,3C,SanDiego,0.65,0.9500000000000001,205.65648000000002,3860.1612899999996,2424.21182,6490.02959
4445,3C,SanDiego,0.65,0.9,205.2554,3768.50831,2388.61474,6362.37845
4446,3C,SanDiego,0.7000000000000001,0.01,532.61256,2002.8424699999998,1750.2108799999999,4285.66591
4447,3C,SanDiego,0.7000000000000001,0.15000000000000002,288.615,2226.46434,1846.8677199999997,4361.94706
4448,3C,SanDiego,0.7000000000000001,0.1,337.79608,2122.99845,1808.57869,4269.37322
4449,3C,SanDiego,0.7000000000000001,0.25,251.76984000000002,2441.88368,1918.03021,4611.68373
4450,3C,SanDiego,0.7000000000000001,0.2,266.59896000000003,2332.33715,1882.2431100000001,4481.17922
4451,3C,SanDiego,0.7000000000000001,0.30000000000000004,240.96236000000002,2557.00413,1954.9574299999997,4752.923919999999
4452,3C,SanDiego,0.7000000000000001,0.35000000000000003,232.50716000000003,2667.12072,1991.94799,4891.57587
4453,3C,SanDiego,0.7000000000000001,0.45,223.18476,2872.50067,2066.24581,5161.93124
4454,3C,SanDiego,0.7000000000000001,0.4,226.64272000000003,2770.30158,2029.7302999999997,5026.674599999999
4455,3C,SanDiego,0.7000000000000001,0.55,218.25256000000002,3070.15314,2135.1914,5423.5971
4456,3C,SanDiego,0.7000000000000001,0.5,220.83248,2973.11626,2102.47629,5296.42503
4457,3C,SanDiego,0.7000000000000001,0.6000000000000001,216.40976,3167.3167,2171.32687,5555.05333
4458,3C,SanDiego,0.7000000000000001,0.65,214.32848,3275.3747399999997,2210.43932,5700.14254
4459,3C,SanDiego,0.7000000000000001,0.7000000000000001,212.9518,3370.7964499999994,2246.00473,5829.752979999999
4460,3C,SanDiego,0.7000000000000001,0.75,211.99788,3466.78822,2282.17187,5960.9579699999995
4461,3C,SanDiego,0.7000000000000001,0.8500000000000001,211.41252000000003,3660.70363,2356.15299,6228.26914
4462,3C,SanDiego,0.7000000000000001,0.8,211.55344000000002,3563.8884399999997,2319.06742,6094.5093
4463,3C,SanDiego,0.7000000000000001,0.9500000000000001,211.87864000000002,3850.4385999999995,2429.2790199999995,6491.596259999998
4464,3C,SanDiego,0.7000000000000001,0.9,211.52092000000002,3757.1071099999995,2393.20689,6361.834919999999
4465,3C,SanDiego,0.75,0.01,547.4633600000001,1991.91632,1750.14754,4289.52722
4466,3C,SanDiego,0.75,0.15000000000000002,300.09456,2213.70133,1848.5462300000002,4362.34212
4467,3C,SanDiego,0.75,0.1,346.6632,2111.4389,1809.9088299999999,4268.01093
4468,3C,SanDiego,0.75,0.25,262.18708000000004,2437.4498799999997,1924.1425199999996,4623.779479999999
4469,3C,SanDiego,0.75,0.2,277.67744000000005,2323.59623,1886.23353,4487.5072
4470,3C,SanDiego,0.75,0.30000000000000004,250.70752000000002,2553.5837699999997,1962.2731999999999,4766.56449
4471,3C,SanDiego,0.75,0.35000000000000003,242.00300000000001,2665.63223,2001.79736,4909.43259
4472,3C,SanDiego,0.75,0.45,232.49632,2872.75403,2077.33031,5182.58066
4473,3C,SanDiego,0.75,0.4,236.16024000000004,2770.4282599999997,2040.3397499999999,5046.92825
4474,3C,SanDiego,0.75,0.55,227.07632,3069.17137,2146.9409699999997,5443.18866
4475,3C,SanDiego,0.75,0.5,229.79716000000002,2972.95791,2113.56079,5316.315860000001
4476,3C,SanDiego,0.75,0.6000000000000001,224.91916000000003,3163.89634,2181.87298,5570.68848
4477,3C,SanDiego,0.75,0.65,222.07908000000003,3274.2346199999993,2220.6053899999997,5716.919089999999
4478,3C,SanDiego,0.75,0.7000000000000001,220.23628,3366.58434,2254.42895,5841.24957
4479,3C,SanDiego,0.75,0.75,218.98968000000002,3460.48589,2289.23428,5968.70985
4480,3C,SanDiego,0.75,0.8500000000000001,218.07912000000002,3652.12106,2361.9485999999997,6232.1487799999995
4481,3C,SanDiego,0.75,0.8,218.36096,3556.50933,2325.4964299999997,6100.36672
4482,3C,SanDiego,0.75,0.9500000000000001,218.30676,3840.9375999999997,2434.1562,6493.40056
4483,3C,SanDiego,0.75,0.9,218.03576,3747.16273,2398.2107499999997,6363.40924
4484,3C,SanDiego,0.8500000000000001,0.01,579.96168,1972.3442599999998,1749.64082,4301.94676
4485,3C,SanDiego,0.8500000000000001,0.15000000000000002,327.19455999999997,2175.69733,1846.23432,4349.12621
4486,3C,SanDiego,0.8500000000000001,0.1,372.93936,2081.79578,1808.5153499999997,4263.250489999999
4487,3C,SanDiego,0.8500000000000001,0.25,285.15704,2401.25107,1924.74425,4611.15236
4488,3C,SanDiego,0.8500000000000001,0.2,302.4902,2287.65078,1885.8218200000001,4475.9628
4489,3C,SanDiego,0.8500000000000001,0.30000000000000004,272.06232,2516.71989,1963.3183099999997,4752.10052
4490,3C,SanDiego,0.8500000000000001,0.35000000000000003,262.19792,2628.67334,2003.85591,4894.72717
4491,3C,SanDiego,0.8500000000000001,0.45,250.80508000000003,2835.54178,2079.9272499999997,5166.27411
4492,3C,SanDiego,0.8500000000000001,0.4,255.27116000000004,2733.27935,2042.7783399999998,5031.32885
4493,3C,SanDiego,0.8500000000000001,0.55,244.08428,3031.57908,2150.77304,5426.4364000000005
4494,3C,SanDiego,0.8500000000000001,0.5,247.19536000000002,2935.1439299999997,2115.8727,5298.21199
4495,3C,SanDiego,0.8500000000000001,0.6000000000000001,241.26588,3125.00558,2184.46992,5550.7413799999995
4496,3C,SanDiego,0.8500000000000001,0.65,237.08164000000002,3238.1624899999997,2222.9172999999996,5698.161429999999
4497,3C,SanDiego,0.8500000000000001,0.7000000000000001,234.54508,3328.29531,2255.37905,5818.21944
4498,3C,SanDiego,0.8500000000000001,0.75,232.71312000000003,3420.01163,2288.88591,5941.61066
4499,3C,SanDiego,0.8500000000000001,0.8500000000000001,230.94620000000003,3608.70149,2359.76337,6199.41106
4500,3C,SanDiego,0.8500000000000001,0.8,231.61828,3514.51491,2324.22963,6070.36282
4501,3C,SanDiego,0.8500000000000001,0.9500000000000001,230.63184,3795.8078499999997,2430.73584,6457.1755299999995
4502,3C,SanDiego,0.8500000000000001,0.9,230.621,3702.5713699999997,2395.36045,6328.55282
4503,3C,SanDiego,0.8,0.01,564.4388000000001,1981.56023,1749.7358299999999,4295.73486
4504,3C,SanDiego,0.8,0.15000000000000002,314.39252,2189.91716,1846.20265,4350.51233
4505,3C,SanDiego,0.8,0.1,360.98284,2094.17875,1808.5470199999997,4263.70861
4506,3C,SanDiego,0.8,0.25,274.23032,2417.90949,1924.64924,4616.78905
4507,3C,SanDiego,0.8,0.2,290.66376,2303.13741,1885.6317999999999,4479.43297
4508,3C,SanDiego,0.8,0.30000000000000004,261.86188,2534.0117099999998,1963.15996,4759.03355
4509,3C,SanDiego,0.8,0.35000000000000003,252.60452,2647.16862,2003.85591,4903.62905
4510,3C,SanDiego,0.8,0.45,242.05720000000002,2854.92382,2080.27562,5177.25664
4511,3C,SanDiego,0.8,0.4,246.14388,2752.15467,2042.8733499999998,5041.171899999999
4512,3C,SanDiego,0.8,0.55,236.12772000000004,3053.27303,2151.94483,5441.345579999999
4513,3C,SanDiego,0.8,0.5,238.87024000000002,2955.6977599999996,2116.63278,5311.200779999999
4514,3C,SanDiego,0.8,0.6000000000000001,233.602,3147.64963,2186.21177,5567.4634
4515,3C,SanDiego,0.8,0.65,229.90556,3261.97833,2225.41923,5717.3031200000005
4516,3C,SanDiego,0.8,0.7000000000000001,227.65084000000002,3353.7263199999998,2258.54605,5839.92321
4517,3C,SanDiego,0.8,0.75,226.10072000000002,3446.8361199999995,2292.74965,5965.68649
4518,3C,SanDiego,0.8,0.8500000000000001,224.7674,3637.96457,2364.7355599999996,6227.46753
4519,3C,SanDiego,0.8,0.8,225.23352000000003,3542.5428599999996,2328.6951,6096.47148
4520,3C,SanDiego,0.8,0.9500000000000001,224.79992000000001,3827.35117,2436.94316,6489.09425
4521,3C,SanDiego,0.8,0.9,224.64816000000002,3732.91123,2400.96604,6358.52543
4522,3C,SanDiego,0.9500000000000001,0.01,610.05352,1956.6042699999998,1749.70416,4316.3619499999995
4523,3C,SanDiego,0.9500000000000001,0.15000000000000002,352.25664,2153.17996,1847.43778,4352.87438
4524,3C,SanDiego,0.9500000000000001,0.1,397.19928000000004,2062.60376,1809.46545,4269.2684899999995
4525,3C,SanDiego,0.9500000000000001,0.25,306.97796,2375.05998,1926.4860999999999,4608.52404
4526,3C,SanDiego,0.9500000000000001,0.2,325.9046,2260.82629,1886.77192,4473.50281
4527,3C,SanDiego,0.9500000000000001,0.30000000000000004,292.68,2489.0086399999996,1964.9018099999996,4746.590449999999
4528,3C,SanDiego,0.9500000000000001,0.35000000000000003,281.298,2595.0397999999996,2004.7109999999998,4881.048799999999
4529,3C,SanDiego,0.9500000000000001,0.45,268.65856,2802.25661,2080.56065,5151.47582
4530,3C,SanDiego,0.9500000000000001,0.4,273.93764000000004,2702.14774,2044.0451399999997,5020.13052
4531,3C,SanDiego,0.9500000000000001,0.55,260.56108,2994.9052199999996,2149.7596,5405.2258999999995
4532,3C,SanDiego,0.9500000000000001,0.5,264.35508000000004,2900.6236299999996,2116.0310499999996,5281.009759999999
4533,3C,SanDiego,0.9500000000000001,0.6000000000000001,257.05976,3085.38641,2182.2530199999997,5524.699189999999
4534,3C,SanDiego,0.9500000000000001,0.65,251.98664000000002,3195.91471,2219.4652699999997,5667.36662
4535,3C,SanDiego,0.9500000000000001,0.7000000000000001,248.83220000000003,3282.9438699999996,2250.2801799999997,5782.05625
4536,3C,SanDiego,0.9500000000000001,0.75,246.40404,3371.71488,2282.52024,5900.63916
4537,3C,SanDiego,0.9500000000000001,0.8500000000000001,243.70488,3555.2741999999994,2350.83243,6149.8115099999995
4538,3C,SanDiego,0.9500000000000001,0.8,244.84308000000001,3463.5578800000003,2316.53382,6024.9347800000005
4539,3C,SanDiego,0.9500000000000001,0.9500000000000001,242.62088,3737.09167,2419.52466,6399.237209999999
4540,3C,SanDiego,0.9500000000000001,0.9,243.00028,3646.57881,2385.2260499999998,6274.80514
4541,3C,SanDiego,0.9,0.01,595.12684,1964.0467199999998,1749.60915,4308.7827099999995
4542,3C,SanDiego,0.9,0.15000000000000002,339.82316000000003,2163.59939,1846.6777,4350.1002499999995
4543,3C,SanDiego,0.9,0.1,385.091,2071.69305,1808.9270599999998,4265.711109999999
4544,3C,SanDiego,0.9,0.25,296.06208000000004,2386.9362300000003,1925.3776500000001,4608.37596
4545,3C,SanDiego,0.9,0.2,314.22992,2274.2227,1886.32854,4474.78116
4546,3C,SanDiego,0.9,0.30000000000000004,282.36032000000006,2501.86666,1963.88837,4748.11535
4547,3C,SanDiego,0.9,0.35000000000000003,271.53116000000006,2609.5129899999997,2003.82424,4884.86839
4548,3C,SanDiego,0.9,0.45,259.69388000000004,2817.90159,2080.0856,5157.681070000001
4549,3C,SanDiego,0.9,0.4,264.52852,2716.6842699999997,2043.1583799999999,5024.371169999999
4550,3C,SanDiego,0.9,0.55,252.26848,3012.22871,2149.9812899999997,5414.47848
4551,3C,SanDiego,0.9,0.5,255.70476,2916.87034,2115.6510099999996,5288.22611
4552,3C,SanDiego,0.9,0.6000000000000001,249.049,3104.1033799999996,2183.10811,5536.26049
4553,3C,SanDiego,0.9,0.65,244.47452,3216.1518399999995,2220.9854299999997,5681.611789999999
4554,3C,SanDiego,0.9,0.7000000000000001,241.59108000000003,3304.70116,2252.62376,5798.916
4555,3C,SanDiego,0.9,0.75,239.48812000000004,3394.9606599999997,2285.5288899999996,5919.977669999999
4556,3C,SanDiego,0.9,0.8500000000000001,237.28760000000003,3581.2119299999995,2355.13955,6173.639079999999
4557,3C,SanDiego,0.9,0.8,238.17648000000003,3488.22881,2320.17587,6046.58116
4558,3C,SanDiego,0.9,0.9500000000000001,236.57216000000003,3765.62634,2424.94023,6427.138730000001
4559,3C,SanDiego,0.9,0.9,236.75644000000003,3673.72,2390.16657,6300.64301
4560,4C,Seattle,0.01,0.01,199.34760000000003,1400.8274399999998,1714.39211,3314.56715
4561,4C,Seattle,0.01,0.15000000000000002,582.79092,1343.6947599999999,1818.93478,3745.42046
4562,4C,Seattle,0.01,0.1,453.22040000000004,1499.9862099999998,1779.37895,3732.5855599999995
4563,4C,Seattle,0.01,0.25,503.75648000000007,1504.45168,1890.4139699999998,3898.6221299999997
4564,4C,Seattle,0.01,0.2,520.8078,1421.53962,1854.4368499999998,3796.78427
4565,4C,Seattle,0.01,0.30000000000000004,504.62368000000004,1587.4904199999999,1926.54944,4018.6635399999996
4566,4C,Seattle,0.01,0.35000000000000003,506.1304400000001,1669.83242,1963.54,4139.5028600000005
4567,4C,Seattle,0.01,0.45,513.274,1843.3840199999997,2051.5825999999997,4408.24062
4568,4C,Seattle,0.01,0.4,508.85128000000003,1755.1197300000001,2006.7695499999998,4270.74056
4569,4C,Seattle,0.01,0.55,520.7861200000001,2007.33961,2134.27297,4662.3987
4570,4C,Seattle,0.01,0.5,516.91624,1924.96594,2092.94362,4534.8258000000005
4571,4C,Seattle,0.01,0.6000000000000001,525.87008,2090.88507,2175.3806299999997,4792.13578
4572,4C,Seattle,0.01,0.65,530.08684,2171.39021,2216.29827,4917.77532
4573,4C,Seattle,0.01,0.7000000000000001,534.9214800000001,2251.1036,2257.18424,5043.20932
4574,4C,Seattle,0.01,0.75,540.3089600000001,2329.99357,2297.88019,5168.18272
4575,4C,Seattle,0.01,0.8500000000000001,551.1923200000001,2490.1487599999996,2378.79704,5420.13812
4576,4C,Seattle,0.01,0.8,545.6314000000001,2412.01887,2338.38612,5296.03639
4577,4C,Seattle,0.01,0.9500000000000001,561.783,2647.45365,2459.2071699999997,5668.4438199999995
4578,4C,Seattle,0.01,0.9,556.69904,2568.2153099999996,2419.08128,5543.995629999999
4579,4C,Seattle,0.05,0.01,230.46924000000004,1345.91166,1706.7913099999998,3283.1722099999997
4580,4C,Seattle,0.05,0.15000000000000002,609.5548800000001,1279.9113799999998,1810.19386,3699.66012
4581,4C,Seattle,0.05,0.1,482.72688000000005,1445.86218,1771.08141,3699.67047
4582,4C,Seattle,0.05,0.25,528.36328,1435.1260499999999,1880.5329299999999,3844.0222599999997
4583,4C,Seattle,0.05,0.2,546.14088,1354.30421,1845.0942,3745.53929
4584,4C,Seattle,0.05,0.30000000000000004,529.21964,1516.3596,1916.2250199999996,3961.80426
4585,4C,Seattle,0.05,0.35000000000000003,529.92424,1597.5614799999998,1952.5188399999997,4080.0045599999994
4586,4C,Seattle,0.05,0.45,536.07052,1769.11787,2039.7063499999997,4344.89474
4587,4C,Seattle,0.05,0.4,532.0163600000001,1681.677,1995.2733399999997,4208.9667
4588,4C,Seattle,0.05,0.55,541.7398400000001,1932.0600199999997,2121.6683099999996,4595.468169999999
4589,4C,Seattle,0.05,0.5,538.9214400000001,1850.19307,2080.75067,4469.865180000001
4590,4C,Seattle,0.05,0.6000000000000001,547.50672,2015.1304299999997,2162.36426,4725.001409999999
4591,4C,Seattle,0.05,0.65,551.7560000000001,2095.4772199999998,2202.87019,4850.10341
4592,4C,Seattle,0.05,0.7000000000000001,556.82912,2174.7789,2243.4077899999997,4975.015809999999
4593,4C,Seattle,0.05,0.75,561.8805600000001,2253.60553,2283.7870399999997,5099.27313
4594,4C,Seattle,0.05,0.8500000000000001,573.2625600000001,2412.96897,2364.0388199999998,5350.27035
4595,4C,Seattle,0.05,0.8,567.35476,2335.12411,2323.9446,5226.42347
4596,4C,Seattle,0.05,0.9500000000000001,583.5822400000001,2569.45044,2443.8472199999997,5596.8799
4597,4C,Seattle,0.05,0.9,578.8126400000001,2490.46546,2404.00636,5473.28446
4598,4C,Seattle,0.15000000000000002,0.01,317.63368,1243.61756,1693.48991,3254.74115
4599,4C,Seattle,0.15000000000000002,0.15000000000000002,686.34544,1153.04136,1793.8838099999998,3633.2706099999996
4600,4C,Seattle,0.15000000000000002,0.1,570.17316,1326.0545699999998,1755.97482,3652.20255
4601,4C,Seattle,0.15000000000000002,0.25,601.95604,1293.14944,1861.65761,3756.76309
4602,4C,Seattle,0.15000000000000002,0.2,620.36236,1219.04164,1827.5490199999997,3666.95302
4603,4C,Seattle,0.15000000000000002,0.30000000000000004,599.9723200000001,1368.5557099999999,1896.14624,3864.67427
4604,4C,Seattle,0.15000000000000002,0.35000000000000003,599.1484800000001,1445.07043,1930.95157,3975.1704799999998
4605,4C,Seattle,0.15000000000000002,0.45,599.78804,1609.6910899999998,2015.41546,4224.89459
4606,4C,Seattle,0.15000000000000002,0.4,598.82328,1525.48056,1972.18591,4096.48975
4607,4C,Seattle,0.15000000000000002,0.55,605.3164400000001,1766.8692999999998,2095.25553,4467.441269999999
4608,4C,Seattle,0.15000000000000002,0.5,602.03192,1687.5992899999999,2055.383,4345.014209999999
4609,4C,Seattle,0.15000000000000002,0.6000000000000001,609.40312,1848.35621,2134.96971,4592.72904
4610,4C,Seattle,0.15000000000000002,0.65,612.21068,1926.8978099999997,2174.55721,4713.6657
4611,4C,Seattle,0.15000000000000002,0.7000000000000001,618.12932,2005.0910399999998,2214.0497,4837.27006
4612,4C,Seattle,0.15000000000000002,0.75,623.06152,2082.74588,2253.57386,4959.38126
4613,4C,Seattle,0.15000000000000002,0.8500000000000001,632.93676,2240.6524999999997,2332.2738099999997,5205.863069999999
4614,4C,Seattle,0.15000000000000002,0.8,627.1048400000001,2163.34603,2292.9396699999998,5083.39054
4615,4C,Seattle,0.15000000000000002,0.9500000000000001,643.5816400000001,2395.1704299999997,2410.7204,5449.47247
4616,4C,Seattle,0.15000000000000002,0.9,638.75784,2316.8188499999997,2371.54461,5327.1213
4617,4C,Seattle,0.1,0.01,272.75608,1289.8240899999998,1699.31719,3261.89736
4618,4C,Seattle,0.1,0.15000000000000002,646.5518000000001,1211.15581,1801.16791,3658.8755199999996
4619,4C,Seattle,0.1,0.1,524.66684,1381.8254399999998,1762.6255199999998,3669.1178
4620,4C,Seattle,0.1,0.25,562.89952,1358.45298,1870.1451699999998,3791.4976699999997
4621,4C,Seattle,0.1,0.2,582.0754800000001,1281.43154,1835.4348499999996,3698.9418699999997
4622,4C,Seattle,0.1,0.30000000000000004,562.72608,1437.02625,1905.2672,3905.0195299999996
4623,4C,Seattle,0.1,0.35000000000000003,563.1488400000001,1516.4862799999999,1940.7059299999999,4020.34105
4624,4C,Seattle,0.1,0.45,566.40084,1684.87567,2026.5949699999999,4277.87148
4625,4C,Seattle,0.1,0.4,564.44964,1598.7966099999999,1982.82703,4146.0732800000005
4626,4C,Seattle,0.1,0.55,572.53628,1845.06253,2107.54349,4525.1422999999995
4627,4C,Seattle,0.1,0.5,569.0458000000001,1764.46238,2067.1009,4400.60908
4628,4C,Seattle,0.1,0.6000000000000001,577.6527600000001,1927.5312099999999,2147.76439,4652.94836
4629,4C,Seattle,0.1,0.65,581.55516,2007.2445999999998,2187.82694,4776.6267
4630,4C,Seattle,0.1,0.7000000000000001,586.4114800000001,2086.3562599999996,2227.88949,4900.65723
4631,4C,Seattle,0.1,0.75,591.4304000000001,2164.89786,2267.82536,5024.15362
4632,4C,Seattle,0.1,0.8500000000000001,602.11864,2323.4062099999996,2347.31706,5272.841909999999
4633,4C,Seattle,0.1,0.8,596.0157200000001,2245.87805,2307.6345499999998,5149.528319999999
4634,4C,Seattle,0.1,0.9500000000000001,612.8394000000001,2478.9692499999996,2426.42872,5518.23737
4635,4C,Seattle,0.1,0.9,607.7879600000001,2399.7309099999998,2386.9045599999995,5394.423429999999
4636,4C,Seattle,0.25,0.01,413.35088,1176.50883,1685.8257699999997,3275.6854799999996
4637,4C,Seattle,0.25,0.15000000000000002,771.3527200000001,1063.32025,1783.2743600000001,3617.94733
4638,4C,Seattle,0.25,0.1,670.51904,1241.6223499999999,1746.2204599999998,3658.3618499999993
4639,4C,Seattle,0.25,0.25,683.11512,1187.59333,1848.5462300000002,3719.25468
4640,4C,Seattle,0.25,0.2,699.91712,1120.9913199999999,1815.73611,3636.64455
4641,4C,Seattle,0.25,0.30000000000000004,679.4078400000001,1257.74238,1882.0847599999997,3819.2349799999997
4642,4C,Seattle,0.25,0.35000000000000003,676.5460800000001,1329.06322,1915.8133099999998,3921.4226099999996
4643,4C,Seattle,0.25,0.45,674.28052,1484.87962,1997.4269,4156.58704
4644,4C,Seattle,0.25,0.4,674.28052,1405.07122,1955.3057999999999,4034.65754
4645,4C,Seattle,0.25,0.55,675.62468,1634.86874,2075.14508,4385.638499999999
4646,4C,Seattle,0.25,0.5,674.7249600000001,1559.1457699999999,2036.2859899999999,4270.15672
4647,4C,Seattle,0.25,0.6000000000000001,678.9959200000001,1712.9986299999998,2113.94083,4505.93538
4648,4C,Seattle,0.25,0.65,682.7682400000001,1789.79838,2152.64157,4625.208189999999
4649,4C,Seattle,0.25,0.7000000000000001,686.0310800000001,1865.8697199999997,2191.18396,4743.08476
4650,4C,Seattle,0.25,0.75,691.24512,1941.59269,2229.6946799999996,4862.53249
4651,4C,Seattle,0.25,0.8500000000000001,699.2342,2096.30064,2306.7794599999997,5102.3143
4652,4C,Seattle,0.25,0.8,695.3860000000001,2019.4375499999999,2268.2054,4983.02895
4653,4C,Seattle,0.25,0.9500000000000001,709.1636400000001,2246.22642,2383.5158699999997,5338.90593
4654,4C,Seattle,0.25,0.9,704.40488,2171.13685,2345.22684,5220.76857
4655,4C,Seattle,0.2,0.01,364.18064,1206.8486899999998,1688.9927699999998,3260.0220999999997
4656,4C,Seattle,0.2,0.15000000000000002,728.64312,1104.8079500000001,1788.0882,3621.53927
4657,4C,Seattle,0.2,0.1,620.1238800000001,1279.7213599999998,1750.52758,3650.3728199999996
4658,4C,Seattle,0.2,0.25,641.9881600000001,1236.7768399999998,1854.53186,3733.29686
4659,4C,Seattle,0.2,0.2,660.2644,1165.8993799999998,1821.05667,3647.22045
4660,4C,Seattle,0.2,0.30000000000000004,638.9638000000001,1309.5228299999999,1888.54544,3837.03207
4661,4C,Seattle,0.2,0.35000000000000003,637.0884800000001,1383.1555799999999,1922.74904,3942.9930999999997
4662,4C,Seattle,0.2,0.45,636.6874,1543.46912,2005.7877799999999,4185.9443
4663,4C,Seattle,0.2,0.4,635.3215600000001,1461.4121499999999,1963.06495,4059.79866
4664,4C,Seattle,0.2,0.55,639.5383200000001,1696.9419400000002,2084.58274,4421.063
4665,4C,Seattle,0.2,0.5,636.89336,1619.6988099999999,2045.1852599999997,4301.77743
4666,4C,Seattle,0.2,0.6000000000000001,643.1697200000001,1776.78201,2123.7902,4543.74193
4667,4C,Seattle,0.2,0.65,647.1371600000001,1854.88023,2162.90265,4664.92004
4668,4C,Seattle,0.2,0.7000000000000001,651.4514800000001,1931.9333399999998,2201.9200899999996,4785.304909999999
4669,4C,Seattle,0.2,0.75,656.1777200000001,2008.63808,2240.8425199999997,4905.6583200000005
4670,4C,Seattle,0.2,0.8500000000000001,665.2724800000001,2164.92953,2318.78239,5148.984399999999
4671,4C,Seattle,0.2,0.8,660.5679200000001,2088.4148099999998,2279.8916299999996,5028.87436
4672,4C,Seattle,0.2,0.9500000000000001,675.72224,2317.04054,2396.4689,5389.23168
4673,4C,Seattle,0.2,0.9,670.8659200000001,2240.7791799999995,2357.60981,5269.25491
4674,4C,Seattle,0.30000000000000004,0.01,464.61324,1152.34462,1683.8305599999997,3300.78842
4675,4C,Seattle,0.30000000000000004,0.15000000000000002,814.22492,1030.4784599999998,1780.86744,3625.57082
4676,4C,Seattle,0.30000000000000004,0.1,729.6946,1203.4916699999999,1743.5601799999997,3676.7464499999996
4677,4C,Seattle,0.30000000000000004,0.25,725.3586,1153.04136,1847.6911399999997,3726.0910999999996
4678,4C,Seattle,0.30000000000000004,0.2,736.9574000000001,1086.5977,1813.9942599999997,3637.54936
4679,4C,Seattle,0.30000000000000004,0.30000000000000004,720.9792400000001,1221.41689,1881.3563499999998,3823.75248
4680,4C,Seattle,0.30000000000000004,0.35000000000000003,718.41016,1293.14944,1916.0349999999999,3927.5946
4681,4C,Seattle,0.30000000000000004,0.45,713.55384,1433.44754,1990.30115,4137.30253
4682,4C,Seattle,0.30000000000000004,0.4,715.44,1363.42517,1952.6138499999997,4031.4790199999998
4683,4C,Seattle,0.30000000000000004,0.55,713.44544,1579.16121,2066.91088,4359.517529999999
4684,4C,Seattle,0.30000000000000004,0.5,713.9224,1504.92673,2028.1784699999998,4247.027599999999
4685,4C,Seattle,0.30000000000000004,0.6000000000000001,715.6026,1655.4859099999999,2105.19991,4476.28842
4686,4C,Seattle,0.30000000000000004,0.65,719.6242400000001,1730.8921799999998,2143.4255999999996,4593.9420199999995
4687,4C,Seattle,0.30000000000000004,0.7000000000000001,722.2258400000001,1805.85507,2181.61962,4709.70053
4688,4C,Seattle,0.30000000000000004,0.75,726.0848800000001,1880.65961,2219.71863,4826.46312
4689,4C,Seattle,0.30000000000000004,0.8500000000000001,734.4642,2034.0057499999998,2295.8533099999995,5064.323259999999
4690,4C,Seattle,0.30000000000000004,0.8,730.8328000000001,1957.2376699999998,2257.78597,4945.85644
4691,4C,Seattle,0.30000000000000004,0.9500000000000001,743.75408,2181.52461,2371.73463,5297.01332
4692,4C,Seattle,0.30000000000000004,0.9,738.48584,2107.76518,2333.95232,5180.20334
4693,4C,Seattle,0.35000000000000003,0.01,516.80784,1132.4558599999998,1682.46875,3331.73245
4694,4C,Seattle,0.35000000000000003,0.15000000000000002,857.8125600000001,1002.26049,1778.0488099999998,3638.1218599999997
4695,4C,Seattle,0.35000000000000003,0.1,784.4257600000001,1173.91189,1741.18493,3699.52258
4696,4C,Seattle,0.35000000000000003,0.25,767.76468,1116.2408199999998,1843.6057099999998,3727.6112099999996
4697,4C,Seattle,0.35000000000000003,0.2,779.5152400000001,1053.37587,1810.4472199999998,3643.3383299999996
4698,4C,Seattle,0.35000000000000003,0.30000000000000004,762.33384,1181.3226699999998,1876.73253,3820.38904
4699,4C,Seattle,0.35000000000000003,0.35000000000000003,759.78644,1250.52162,1910.9361299999998,3921.2441899999994
4700,4C,Seattle,0.35000000000000003,0.45,753.47756,1387.4310299999997,1984.09383,4125.00242
4701,4C,Seattle,0.35000000000000003,0.4,755.8190000000001,1319.15051,1946.94492,4021.91443
4702,4C,Seattle,0.35000000000000003,0.55,752.04668,1529.1542799999997,2059.65845,4340.859409999999
4703,4C,Seattle,0.35000000000000003,0.5,752.69708,1456.56664,2021.3694199999998,4230.63314
4704,4C,Seattle,0.35000000000000003,0.6000000000000001,753.40168,1603.80047,2097.47243,4454.67458
4705,4C,Seattle,0.35000000000000003,0.65,756.81628,1677.65491,2135.25474,4569.7259300000005
4706,4C,Seattle,0.35000000000000003,0.7000000000000001,758.83252,1751.57269,2173.03705,4683.44226
4707,4C,Seattle,0.35000000000000003,0.75,762.4205600000001,1825.01542,2210.75602,4798.192
4708,4C,Seattle,0.35000000000000003,0.8500000000000001,770.1711600000001,1976.5880399999999,2286.09895,5032.85815
4709,4C,Seattle,0.35000000000000003,0.8,766.88664,1900.2633399999997,2248.44332,4915.5932999999995
4710,4C,Seattle,0.35000000000000003,0.9500000000000001,778.9515600000001,2121.76332,2360.93516,5261.65004
4711,4C,Seattle,0.35000000000000003,0.9,773.98684,2049.4923799999997,2323.81792,5147.29714
4712,4C,Seattle,0.45,0.01,622.11844,1100.0891199999999,1680.9485899999997,3403.15615
4713,4C,Seattle,0.45,0.15000000000000002,946.0718400000001,954.0587499999999,1774.3750899999998,3674.5056799999998
4714,4C,Seattle,0.45,0.1,896.24036,1120.0095499999998,1737.92292,3754.1728299999995
4715,4C,Seattle,0.45,0.25,853.84512,1057.11293,1837.6834199999998,3748.6414699999996
4716,4C,Seattle,0.45,0.2,867.0590800000001,1001.5954199999999,1805.7917300000001,3674.4462300000005
4717,4C,Seattle,0.45,0.30000000000000004,845.6392400000001,1116.20915,1869.73346,3831.58185
4718,4C,Seattle,0.45,0.35000000000000003,841.3466000000001,1179.67583,1902.92362,3923.94605
4719,4C,Seattle,0.45,0.45,833.8128000000002,1308.9527699999999,1973.9594299999997,4116.724999999999
4720,4C,Seattle,0.45,0.4,836.98892,1244.28263,1937.72895,4019.0005
4721,4C,Seattle,0.45,0.55,830.1922400000001,1444.12033,2047.7821999999999,4322.09477
4722,4C,Seattle,0.45,0.5,830.95104,1375.0480599999999,2010.3482599999998,4216.34736
4723,4C,Seattle,0.45,0.6000000000000001,830.1597200000001,1515.6311899999998,2084.77276,4430.56367
4724,4C,Seattle,0.45,0.65,832.0675600000001,1586.5403199999998,2121.6683099999996,4540.27619
4725,4C,Seattle,0.45,0.7000000000000001,834.0946400000001,1657.6711399999997,2158.6272,4650.39298
4726,4C,Seattle,0.45,0.75,836.2951600000001,1728.64361,2195.58609,4760.5248599999995
4727,4C,Seattle,0.45,0.8500000000000001,843.27612,1875.90911,2269.40886,4988.5940900000005
4728,4C,Seattle,0.45,0.8,839.37372,1801.04123,2232.4816399999995,4872.89659
4729,4C,Seattle,0.45,0.9500000000000001,849.89936,2016.3338899999997,2342.1865199999997,5208.4197699999995
4730,4C,Seattle,0.45,0.9,846.2137600000001,1946.78657,2306.27274,5099.273069999999
4731,4C,Seattle,0.4,0.01,569.51192,1115.29072,1681.55032,3366.35296
4732,4C,Seattle,0.4,0.15000000000000002,902.35412,976.92449,1775.9269199999999,3655.2055299999997
4733,4C,Seattle,0.4,0.1,840.3384800000001,1142.87529,1739.1897199999999,3722.4034899999997
4734,4C,Seattle,0.4,0.25,810.47428,1084.31746,1840.28036,3735.0721000000003
4735,4C,Seattle,0.4,0.2,822.7234800000001,1025.6962899999999,1807.78694,3656.20671
4736,4C,Seattle,0.4,0.30000000000000004,804.08952,1146.58068,1872.9004599999998,3823.57066
4737,4C,Seattle,0.4,0.35000000000000003,800.2738400000001,1212.8026499999999,1906.6290099999999,3919.7055
4738,4C,Seattle,0.4,0.45,793.80236,1346.0383399999998,1978.6465899999998,4118.487289999999
4739,4C,Seattle,0.4,0.4,796.2955600000001,1279.4679999999998,1941.97273,4017.73629
4740,4C,Seattle,0.4,0.55,790.9948,1484.46791,2053.32445,4328.78716
4741,4C,Seattle,0.4,0.5,791.9487200000001,1413.7487999999998,2015.4787999999999,4221.17632
4742,4C,Seattle,0.4,0.6000000000000001,791.9812400000001,1557.2455699999998,2090.7267199999997,4439.95353
4743,4C,Seattle,0.4,0.65,794.1600800000001,1629.8332099999998,2128.09732,4552.090609999999
4744,4C,Seattle,0.4,0.7000000000000001,796.2305200000001,1702.13582,2165.37291,4663.7392500000005
4745,4C,Seattle,0.4,0.75,799.24404,1774.5017699999996,2202.71184,4776.457649999999
4746,4C,Seattle,0.4,0.8500000000000001,806.6477600000001,1924.1108499999998,2277.35803,5008.11664
4747,4C,Seattle,0.4,0.8,803.1356000000001,1848.4195499999998,2240.0190999999995,4891.57425
4748,4C,Seattle,0.4,0.9500000000000001,814.0840000000001,2067.25925,2351.21247,5232.55572
4749,4C,Seattle,0.4,0.9,810.1274000000001,1995.7483899999997,2314.66529,5120.54108
4750,4C,Seattle,0.55,0.01,725.3044000000001,1075.63988,1680.2518499999996,3481.19613
4751,4C,Seattle,0.55,0.15000000000000002,1031.71868,917.3532200000001,1772.75992,3721.83182
4752,4C,Seattle,0.55,0.1,1007.5454800000001,1080.48539,1736.7194599999998,3824.75033
4753,4C,Seattle,0.55,0.25,940.1098400000001,1013.2499799999999,1834.42141,3787.78123
4754,4C,Seattle,0.55,0.2,956.76008,960.74112,1803.19479,3720.69599
4755,4C,Seattle,0.55,0.30000000000000004,929.4649600000001,1066.45558,1865.29966,3861.2201999999997
4756,4C,Seattle,0.55,0.35000000000000003,922.8308800000001,1124.69671,1897.4763799999998,3945.0039699999998
4757,4C,Seattle,0.55,0.45,913.8011600000001,1245.6444399999998,1966.4853099999998,4125.93091
4758,4C,Seattle,0.55,0.4,918.2455600000001,1184.9013799999998,1931.1732599999998,4034.320199999999
4759,4C,Seattle,0.55,0.55,907.4597600000001,1374.7947,2038.69291,4320.94737
4760,4C,Seattle,0.55,0.5,910.6684000000001,1308.54106,2001.9873799999998,4221.19684
4761,4C,Seattle,0.55,0.6000000000000001,907.18876,1443.4552599999997,2074.82838,4425.4724
4762,4C,Seattle,0.55,0.65,907.5464800000001,1512.0524799999998,2111.05886,4530.65782
4763,4C,Seattle,0.55,0.7000000000000001,907.9692400000001,1580.0162999999998,2147.2259999999997,4635.211539999999
4764,4C,Seattle,0.55,0.75,910.1264000000001,1648.4868399999998,2183.4248099999995,4742.038049999999
4765,4C,Seattle,0.55,0.8500000000000001,915.6548000000001,1791.76192,2255.8224299999997,4963.239149999999
4766,4C,Seattle,0.55,0.8,913.06404,1718.6675599999996,2219.62362,4851.3552199999995
4767,4C,Seattle,0.55,0.9500000000000001,922.1804800000001,1926.26441,2326.4782,5174.92309
4768,4C,Seattle,0.55,0.9,918.8634400000001,1860.8025199999997,2292.02124,5071.6872
4769,4C,Seattle,0.5,0.01,673.9770000000001,1087.04108,1680.5052099999998,3441.52329
4770,4C,Seattle,0.5,0.15000000000000002,989.5510800000001,934.9300699999999,1773.36165,3697.8428000000004
4771,4C,Seattle,0.5,0.1,951.93628,1100.40582,1737.0994999999998,3789.4415999999997
4772,4C,Seattle,0.5,0.25,897.15092,1033.74047,1835.8148899999997,3766.7062799999994
4773,4C,Seattle,0.5,0.2,912.4136400000001,979.9964799999999,1804.30324,3696.7133599999997
4774,4C,Seattle,0.5,0.30000000000000004,888.16456,1089.3213199999998,1867.16819,3844.6540699999996
4775,4C,Seattle,0.5,0.35000000000000003,882.3109600000001,1150.3810799999999,1899.8832999999997,3932.5753399999994
4776,4C,Seattle,0.5,0.45,873.88828,1275.6042599999998,1969.9056699999999,4119.398209999999
4777,4C,Seattle,0.5,0.4,877.68228,1212.73931,1934.15024,4024.57183
4778,4C,Seattle,0.5,0.55,868.9344000000001,1407.8265099999999,2042.93669,4319.6975999999995
4779,4C,Seattle,0.5,0.5,870.87476,1340.1160499999999,2005.81945,4216.81026
4780,4C,Seattle,0.5,0.6000000000000001,868.97776,1477.8488799999998,2079.51554,4426.34218
4781,4C,Seattle,0.5,0.65,869.8883200000001,1547.30119,2116.0310499999996,4533.22056
4782,4C,Seattle,0.5,0.7000000000000001,870.90728,1617.0701999999999,2152.6099,4640.58738
4783,4C,Seattle,0.5,0.75,873.4221600000001,1686.80754,2189.15708,4749.38678
4784,4C,Seattle,0.5,0.8500000000000001,879.57928,1832.07783,2262.31478,4973.971890000001
4785,4C,Seattle,0.5,0.8,876.6308000000001,1757.93836,2225.70426,4860.2734199999995
4786,4C,Seattle,0.5,0.9500000000000001,885.8664800000001,1969.36728,2333.92065,5189.15441
4787,4C,Seattle,0.5,0.9,882.4952400000001,1901.9101799999999,2298.83029,5083.23571
4788,4C,Seattle,0.6000000000000001,0.01,775.93804,1065.3471299999999,1680.1251699999998,3521.4103399999995
4789,4C,Seattle,0.6000000000000001,0.15000000000000002,1074.91608,901.9932699999999,1772.4748899999997,3749.3842399999994
4790,4C,Seattle,0.6000000000000001,0.1,1063.8267600000001,1064.9670899999999,1736.59278,3865.38663
4791,4C,Seattle,0.6000000000000001,0.25,983.37228,994.59635,1833.4713099999997,3811.4399399999998
4792,4C,Seattle,0.6000000000000001,0.2,1000.5103200000001,945.06447,1802.7514099999999,3748.3262
4793,4C,Seattle,0.6000000000000001,0.30000000000000004,971.5024800000001,1046.47181,1864.12787,3882.1021600000004
4794,4C,Seattle,0.6000000000000001,0.35000000000000003,964.2288400000001,1101.86264,1895.70286,3961.7943400000004
4795,4C,Seattle,0.6000000000000001,0.45,953.2696000000001,1219.07331,1963.76169,4136.104600000001
4796,4C,Seattle,0.6000000000000001,0.4,958.6028800000001,1160.04043,1928.8613499999997,4047.50466
4797,4C,Seattle,0.6000000000000001,0.55,945.7900000000001,1345.08824,2035.1458699999998,4326.02411
4798,4C,Seattle,0.6000000000000001,0.5,950.1260000000001,1280.19641,1998.8520499999997,4229.17446
4799,4C,Seattle,0.6000000000000001,0.6000000000000001,945.4756400000001,1412.3236499999998,2070.9013,4428.70059
4800,4C,Seattle,0.6000000000000001,0.65,944.67348,1479.59073,2106.72007,4530.98428
4801,4C,Seattle,0.6000000000000001,0.7000000000000001,944.9336400000001,1546.7627999999997,2142.4755,4634.17194
4802,4C,Seattle,0.6000000000000001,0.75,946.9824000000001,1613.6498399999998,2178.29427,4738.926509999999
4803,4C,Seattle,0.6000000000000001,0.8500000000000001,951.24252,1754.6446799999999,2249.96348,4955.85068
4804,4C,Seattle,0.6000000000000001,0.8,949.23712,1682.37374,2214.1130399999997,4845.723899999999
4805,4C,Seattle,0.6000000000000001,0.9500000000000001,957.8766,1886.70858,2319.5741399999997,5164.15932
4806,4C,Seattle,0.6000000000000001,0.9,954.8414000000001,1822.51349,2285.7822499999997,5063.13714
4807,4C,Seattle,0.65,0.01,825.2492,1056.54287,1680.34686,3562.13893
4808,4C,Seattle,0.65,0.15000000000000002,1109.7124800000001,889.5152899999999,1774.21674,3773.4445100000003
4809,4C,Seattle,0.65,0.1,1127.5009200000002,1040.32783,1738.20795,3906.0367
4810,4C,Seattle,0.65,0.25,1026.5913600000001,985.5070599999999,1838.28515,3850.38357
4811,4C,Seattle,0.65,0.2,1044.2714,935.02508,1806.1084299999998,3785.4049099999997
4812,4C,Seattle,0.65,0.30000000000000004,1014.87332,1038.23761,1870.33519,3923.4461199999996
4813,4C,Seattle,0.65,0.35000000000000003,1007.2419600000002,1093.43842,1902.7019299999997,4003.38231
4814,4C,Seattle,0.65,0.45,995.91416,1207.95714,1971.5525099999998,4175.423809999999
4815,4C,Seattle,0.65,0.4,1000.8030000000001,1150.2860699999999,1936.7155099999998,4087.80458
4816,4C,Seattle,0.65,0.55,986.9386400000001,1331.24845,2041.2898499999997,4359.4769400000005
4817,4C,Seattle,0.65,0.5,992.0117600000001,1268.7002,2006.4211799999998,4267.13314
4818,4C,Seattle,0.65,0.6000000000000001,985.5836400000001,1396.9637,2076.0318399999996,4458.57918
4819,4C,Seattle,0.65,0.65,984.98744,1466.60603,2112.89572,4564.48919
4820,4C,Seattle,0.65,0.7000000000000001,983.3180800000001,1531.5611999999999,2147.3210099999997,4662.20029
4821,4C,Seattle,0.65,0.75,984.83568,1596.92808,2182.03133,4763.79509
4822,4C,Seattle,0.65,0.8500000000000001,988.3370000000001,1735.8960399999999,2252.33873,4976.5717700000005
4823,4C,Seattle,0.65,0.8,986.7977200000001,1665.01858,2217.15336,4868.96966
4824,4C,Seattle,0.65,0.9500000000000001,992.7488800000001,1867.4848899999997,2321.28432,5181.51809
4825,4C,Seattle,0.65,0.9,990.9060800000001,1802.9414299999999,2287.5874400000002,5081.434950000001
4826,4C,Seattle,0.7000000000000001,0.01,873.57392,1048.68871,1680.6318899999999,3602.89452
4827,4C,Seattle,0.7000000000000001,0.15000000000000002,1143.16472,880.58435,1776.3702999999998,3800.1193699999994
4828,4C,Seattle,0.7000000000000001,0.1,1188.7469200000003,1011.9515099999999,1740.0764800000002,3940.7749100000005
4829,4C,Seattle,0.7000000000000001,0.25,1069.77792,978.38131,1843.95408,3892.11331
4830,4C,Seattle,0.7000000000000001,0.2,1087.8482000000001,926.91756,1810.1305199999997,3824.89628
4831,4C,Seattle,0.7000000000000001,0.30000000000000004,1057.88644,1032.5370099999998,1877.58762,3968.0110699999996
4832,4C,Seattle,0.7000000000000001,0.35000000000000003,1050.32012,1088.21287,1910.90446,4049.4374500000004
4833,4C,Seattle,0.7000000000000001,0.45,1037.9191600000001,1200.57803,1980.7051399999998,4219.20233
4834,4C,Seattle,0.7000000000000001,0.4,1043.49092,1143.50869,1945.93148,4132.93109
4835,4C,Seattle,0.7000000000000001,0.55,1027.82712,1321.43075,2048.98566,4398.24353
4836,4C,Seattle,0.7000000000000001,0.5,1033.5506400000002,1260.62435,2015.28878,4309.46377
4837,4C,Seattle,0.7000000000000001,0.6000000000000001,1026.30952,1385.37248,2082.58753,4494.26953
4838,4C,Seattle,0.7000000000000001,0.65,1024.7268800000002,1456.37662,2120.14815,4601.25165
4839,4C,Seattle,0.7000000000000001,0.7000000000000001,1021.9193200000001,1519.27324,2152.98994,4694.1825
4840,4C,Seattle,0.7000000000000001,0.75,1022.12528,1582.99328,2186.4968,4791.61536
4841,4C,Seattle,0.7000000000000001,0.8500000000000001,1024.44504,1719.49098,2255.2207,4999.15672
4842,4C,Seattle,0.7000000000000001,0.8,1024.03312,1651.7805199999998,2220.85875,4896.67239
4843,4C,Seattle,0.7000000000000001,0.9500000000000001,1026.73228,1850.54144,2323.24786,5200.5215800000005
4844,4C,Seattle,0.7000000000000001,0.9,1026.2228,1785.5229299999999,2289.67766,5101.42339
4845,4C,Seattle,0.75,0.01,920.7929600000001,1041.68964,1681.0435999999997,3643.5262000000002
4846,4C,Seattle,0.75,0.15000000000000002,1173.16984,873.52194,1778.99891,3825.6906900000004
4847,4C,Seattle,0.75,0.1,1243.0228000000002,942.4358599999999,1742.2933799999998,3927.7520400000003
4848,4C,Seattle,0.75,0.25,1112.184,973.7574900000001,1850.60478,3936.54627
4849,4C,Seattle,0.75,0.2,1130.1242,920.83692,1814.8810199999998,3865.8421399999997
4850,4C,Seattle,0.75,0.30000000000000004,1100.81284,1029.49669,1885.91683,4016.2263599999997
4851,4C,Seattle,0.75,0.35000000000000003,1093.09476,1084.95086,1920.8805099999997,4098.92613
4852,4C,Seattle,0.75,0.45,1080.3686,1196.3975899999998,1991.3462599999998,4268.11245
4853,4C,Seattle,0.75,0.4,1086.2547200000001,1139.86664,1956.5725999999997,4182.69396
4854,4C,Seattle,0.75,0.55,1069.24676,1316.8386,2058.45499,4444.54035
4855,4C,Seattle,0.75,0.5,1074.79684,1255.84218,2025.58153,4356.22055
4856,4C,Seattle,0.75,0.6000000000000001,1066.42836,1377.77168,2090.69505,4534.89509
4857,4C,Seattle,0.75,0.65,1064.0327200000002,1449.28254,2128.57237,4641.88763
4858,4C,Seattle,0.75,0.7000000000000001,1059.85932,1509.64556,2159.6406399999996,4729.14552
4859,4C,Seattle,0.75,0.75,1059.46908,1572.00379,2191.7223499999996,4823.19522
4860,4C,Seattle,0.75,0.8500000000000001,1060.2820800000002,1705.36616,2258.64106,5024.2893
4861,4C,Seattle,0.75,0.8,1060.61812,1639.61924,2225.16587,4925.40323
4862,4C,Seattle,0.75,0.9500000000000001,1060.5314,1835.11815,2325.05305,5220.7026000000005
4863,4C,Seattle,0.75,0.9,1061.35524,1770.4796799999997,2292.0845799999997,5123.9195
4864,4C,Seattle,0.8500000000000001,0.01,1013.7026000000001,1028.73661,1681.39197,3723.83118
4865,4C,Seattle,0.8500000000000001,0.15000000000000002,1251.0769200000002,856.48348,1779.34728,3886.9076800000003
4866,4C,Seattle,0.8500000000000001,0.1,1337.7644,882.80125,1742.8000999999997,3963.36575
4867,4C,Seattle,0.8500000000000001,0.25,1195.94468,952.7286099999999,1853.2017199999998,4001.8750099999997
4868,4C,Seattle,0.8500000000000001,0.2,1215.9661600000002,901.8349199999999,1816.4645199999998,3934.2655999999997
4869,4C,Seattle,0.8500000000000001,0.30000000000000004,1183.80388,1006.66262,1889.2105099999999,4079.67701
4870,4C,Seattle,0.8500000000000001,0.35000000000000003,1174.37308,1061.1033499999999,1924.96594,4160.44237
4871,4C,Seattle,0.8500000000000001,0.45,1160.03176,1168.36964,1995.11499,4323.51639
4872,4C,Seattle,0.8500000000000001,0.4,1166.44904,1113.8338999999999,1960.62636,4240.9093
4873,4C,Seattle,0.8500000000000001,0.55,1145.59288,1285.1052599999998,2061.17861,4491.876749999999
4874,4C,Seattle,0.8500000000000001,0.5,1152.90988,1225.43898,2028.7802,4407.12906
4875,4C,Seattle,0.8500000000000001,0.6000000000000001,1141.20268,1343.2197099999998,2092.2468799999997,4576.669269999999
4876,4C,Seattle,0.8500000000000001,0.65,1137.70136,1415.20562,2130.63092,4683.537899999999
4877,4C,Seattle,0.8500000000000001,0.7000000000000001,1132.27052,1473.19339,2160.05235,4765.51626
4878,4C,Seattle,0.8500000000000001,0.75,1129.56052,1533.01802,2190.77225,4853.35079
4879,4C,Seattle,0.8500000000000001,0.8500000000000001,1128.75836,1662.3582999999999,2255.66408,5046.78074
4880,4C,Seattle,0.8500000000000001,0.8,1129.5822,1598.8282799999997,2223.20233,4951.61281
4881,4C,Seattle,0.8500000000000001,0.9500000000000001,1127.40336,1788.6265899999999,2320.2392099999997,5236.26916
4882,4C,Seattle,0.8500000000000001,0.9,1128.46568,1725.3815999999997,2288.06249,5141.90977
4883,4C,Seattle,0.8,0.01,968.16376,1034.6272299999998,1681.0752699999998,3683.86626
4884,4C,Seattle,0.8,0.15000000000000002,1216.0312000000001,863.2608599999999,1778.14382,3857.43588
4885,4C,Seattle,0.8,0.1,1289.9166400000001,929.45116,1741.9133399999998,3961.28114
4886,4C,Seattle,0.8,0.25,1155.544,962.6413199999998,1851.93492,3970.12024
4887,4C,Seattle,0.8,0.2,1174.01536,909.84743,1815.1343799999997,3898.9971699999996
4888,4C,Seattle,0.8,0.30000000000000004,1143.7392399999999,1017.71545,1887.9753799999999,4049.43007
4889,4C,Seattle,0.8,0.35000000000000003,1135.03472,1072.8529199999998,1923.6674699999999,4131.555109999999
4890,4C,Seattle,0.8,0.45,1121.75572,1182.62114,1994.3865799999999,4298.763440000001
4891,4C,Seattle,0.8,0.4,1127.83696,1126.7235899999998,1959.58125,4214.1418
4892,4C,Seattle,0.8,0.55,1108.9753600000001,1302.30207,2061.33696,4472.614390000001
4893,4C,Seattle,0.8,0.5,1115.2950799999999,1241.1472999999999,2028.43183,4384.87421
4894,4C,Seattle,0.8,0.6000000000000001,1105.1054800000002,1362.0633599999999,2093.0069599999997,4560.1758
4895,4C,Seattle,0.8,0.65,1102.0052400000002,1435.53776,2131.99273,4669.53573
4896,4C,Seattle,0.8,0.7000000000000001,1097.2898400000001,1495.1090299999998,2162.14257,4754.54144
4897,4C,Seattle,0.8,0.75,1095.111,1556.3271399999999,2193.4642,4844.902340000001
4898,4C,Seattle,0.8,0.8500000000000001,1094.99176,1688.29603,2259.46448,5042.752270000001
4899,4C,Seattle,0.8,0.8,1095.7614,1623.5308799999998,2226.49601,4945.7882899999995
4900,4C,Seattle,0.8,0.9500000000000001,1094.2221200000001,1817.73132,2325.24307,5237.19651
4901,4C,Seattle,0.8,0.9,1095.1977200000001,1752.7128099999998,2292.36961,5140.280140000001
4902,4C,Seattle,0.9500000000000001,0.01,1101.3006400000002,1018.34885,1682.0253699999998,3801.67486
4903,4C,Seattle,0.9500000000000001,0.15000000000000002,1325.30924,845.77902,1782.3559299999997,3953.4441899999997
4904,4C,Seattle,0.9500000000000001,0.1,1425.6659600000003,837.82985,1745.1436799999997,4008.63949
4905,4C,Seattle,0.9500000000000001,0.25,1274.8382000000001,937.7170299999999,1856.8437699999997,4069.3989999999994
4906,4C,Seattle,0.9500000000000001,0.2,1295.7594,888.91356,1819.82154,4004.4945
4907,4C,Seattle,0.9500000000000001,0.30000000000000004,1261.2882,989.7825099999999,1892.9159,4143.98661
4908,4C,Seattle,0.9500000000000001,0.35000000000000003,1250.8492800000001,1041.91133,1928.63966,4221.40027
4909,4C,Seattle,0.9500000000000001,0.45,1234.3508000000002,1144.26877,1997.80694,4376.426509999999
4910,4C,Seattle,0.9500000000000001,0.4,1241.74368,1092.7100099999998,1964.0150499999997,4298.468739999999
4911,4C,Seattle,0.9500000000000001,0.55,1217.9824,1255.68383,2062.22372,4535.88995
4912,4C,Seattle,0.9500000000000001,0.5,1226.1124,1198.89952,2030.74374,4455.75566
4913,4C,Seattle,0.9500000000000001,0.6000000000000001,1211.6626800000001,1311.67639,2092.15187,4615.49094
4914,4C,Seattle,0.9500000000000001,0.65,1207.28332,1379.7668899999999,2129.23744,4716.28765
4915,4C,Seattle,0.9500000000000001,0.7000000000000001,1201.2996400000002,1434.58766,2157.1387099999997,4793.02601
4916,4C,Seattle,0.9500000000000001,0.75,1196.9311200000002,1491.56199,2186.4968,4874.98991
4917,4C,Seattle,0.9500000000000001,0.8500000000000001,1194.4379200000003,1615.7400599999999,2249.10839,5059.28637
4918,4C,Seattle,0.9500000000000001,0.8,1195.9772,1554.93366,2217.8500999999997,4968.76096
4919,4C,Seattle,0.9500000000000001,0.9500000000000001,1191.70624,1735.8960399999999,2311.3082699999995,5238.91055
4920,4C,Seattle,0.9500000000000001,0.9,1193.1046000000001,1675.5330199999996,2280.33501,5148.972629999999
4921,4C,Seattle,0.9,0.01,1058.0382,1023.28937,1681.70867,3763.03624
4922,4C,Seattle,0.9,0.15000000000000002,1287.88956,850.9412299999999,1780.8040999999998,3919.63489
4923,4C,Seattle,0.9,0.1,1381.9374,851.25793,1743.9085499999999,3977.1038799999997
4924,4C,Seattle,0.9,0.25,1235.56488,944.5894199999999,1854.8485599999997,4035.0028599999996
4925,4C,Seattle,0.9,0.2,1256.5944800000002,895.1208799999999,1818.07969,3969.79505
4926,4C,Seattle,0.9,0.30000000000000004,1223.01216,997.73168,1890.8890199999996,4111.63286
4927,4C,Seattle,0.9,0.35000000000000003,1212.8876000000002,1050.96895,1926.64445,4190.501
4928,4C,Seattle,0.9,0.45,1197.4839600000003,1155.51162,1996.25511,4349.250690000001
4929,4C,Seattle,0.9,0.4,1204.33484,1102.55938,1962.1148499999997,4269.00907
4930,4C,Seattle,0.9,0.55,1181.91772,1269.4602799999998,2061.46364,4512.84164
4931,4C,Seattle,0.9,0.5,1190.05856,1211.34583,2029.54028,4430.94467
4932,4C,Seattle,0.9,0.6000000000000001,1176.5736000000002,1326.52962,2091.9618499999997,4595.06507
4933,4C,Seattle,0.9,0.65,1172.81212,1396.58366,2129.68082,4699.0766
4934,4C,Seattle,0.9,0.7000000000000001,1167.0669200000002,1453.05127,2158.4055099999996,4778.5237
4935,4C,Seattle,0.9,0.75,1163.6848400000001,1511.51409,2188.49201,4863.69094
4936,4C,Seattle,0.9,0.8500000000000001,1161.87456,1638.19409,2252.2120499999996,5052.280699999999
4937,4C,Seattle,0.9,0.8,1163.22956,1575.9942099999998,2220.35203,4959.5758
4938,4C,Seattle,0.9,0.9500000000000001,1160.1726800000001,1761.07369,2315.64706,5236.89343
4939,4C,Seattle,0.9,0.9,1160.693,1699.95059,2284.00873,5144.652319999999
4940,2A,Tampa,0.01,0.01,123.97708000000002,7590.31723,1861.4992599999998,9575.79357
4941,2A,Tampa,0.01,0.15000000000000002,123.305,7704.360899999999,1955.17912,9782.845019999999
4942,2A,Tampa,0.01,0.1,142.40508000000003,7630.284769999999,1920.02542,9692.71527
4943,2A,Tampa,0.01,0.25,93.72264,7880.0027199999995,2020.57767,9994.30303
4944,2A,Tampa,0.01,0.2,104.81196,7789.04648,1987.7675499999998,9881.62599
4945,2A,Tampa,0.01,0.30000000000000004,89.19152000000001,7991.1960899999995,2052.78606,10133.17367
4946,2A,Tampa,0.01,0.35000000000000003,88.43272,8111.54209,2083.886,10283.86081
4947,2A,Tampa,0.01,0.45,90.2972,8372.9146,2154.35175,10617.56355
4948,2A,Tampa,0.01,0.4,89.07228,8242.687559999998,2116.34775,10448.10759
4949,2A,Tampa,0.01,0.55,91.71724,8609.90121,2227.9845,10929.60295
4950,2A,Tampa,0.01,0.5,91.37036000000002,8491.93046,2190.9622699999995,10774.26309
4951,2A,Tampa,0.01,0.6000000000000001,91.79312000000002,8726.79518,2265.2600899999998,11083.84839
4952,2A,Tampa,0.01,0.65,91.77144,8842.992409999999,2302.7890399999997,11237.552889999999
4953,2A,Tampa,0.01,0.7000000000000001,91.44624,8958.33455,2340.31799,11390.098779999998
4954,2A,Tampa,0.01,0.75,90.98012000000001,9072.75826,2377.94195,11541.680330000001
4955,2A,Tampa,0.01,0.8500000000000001,89.46252000000001,9300.97228,2452.8415,11843.2763
4956,2A,Tampa,0.01,0.8,90.15628000000001,9187.1503,2415.4075599999996,11692.714139999998
4957,2A,Tampa,0.01,0.9500000000000001,88.05332000000001,9527.41278,2527.8360599999996,12143.302160000001
4958,2A,Tampa,0.01,0.9,88.87716,9414.952609999998,2490.33878,11994.168549999999
4959,2A,Tampa,0.05,0.01,133.874,7570.7768399999995,1860.0107699999996,9564.66161
4960,2A,Tampa,0.05,0.15000000000000002,124.84428000000001,7677.409729999999,1953.62729,9755.8813
4961,2A,Tampa,0.05,0.1,146.23160000000001,7599.59654,1918.5369299999998,9664.36507
4962,2A,Tampa,0.05,0.25,94.66572000000001,7852.63984,2018.39244,9965.698
4963,2A,Tampa,0.05,0.2,106.16696,7761.71527,1985.8673499999998,9853.74958
4964,2A,Tampa,0.05,0.30000000000000004,91.72808,7967.72862,2050.47415,10109.93085
4965,2A,Tampa,0.05,0.35000000000000003,90.93676,8087.02951,2081.5424199999998,10259.508689999999
4966,2A,Tampa,0.05,0.45,92.59528,8347.70528,2151.53312,10591.83368
4967,2A,Tampa,0.05,0.4,91.2728,8217.66826,2113.78248,10422.72354
4968,2A,Tampa,0.05,0.55,94.60068,8584.50187,2224.59581,10903.698359999999
4969,2A,Tampa,0.05,0.5,93.52752000000001,8466.436109999999,2187.92195,10747.885579999998
4970,2A,Tampa,0.05,0.6000000000000001,94.56816,8701.23749,2261.58637,11057.39202
4971,2A,Tampa,0.05,0.65,94.26464,8817.14969,2298.83029,11210.24462
4972,2A,Tampa,0.05,0.7000000000000001,94.19960000000002,8932.460159999999,2336.13755,11362.797309999998
4973,2A,Tampa,0.05,0.75,93.61424000000001,9046.66218,2373.50815,11513.78457
4974,2A,Tampa,0.05,0.8500000000000001,92.50856000000002,9274.62284,2447.90098,11815.03238
4975,2A,Tampa,0.05,0.8,93.11560000000001,9160.8642,2410.7204,11664.7002
4976,2A,Tampa,0.05,0.9500000000000001,91.05600000000001,9500.23992,2522.35715,12113.65307
4977,2A,Tampa,0.05,0.9,91.73892000000001,9387.81142,2485.17657,11964.72691
4978,2A,Tampa,0.15000000000000002,0.01,162.4374,7509.432049999999,1857.31882,9529.188269999999
4979,2A,Tampa,0.15000000000000002,0.15000000000000002,130.4052,7617.078379999999,1951.0620199999996,9698.5456
4980,2A,Tampa,0.15000000000000002,0.1,157.0174,7535.401449999999,1916.0983399999998,9608.517189999999
4981,2A,Tampa,0.15000000000000002,0.25,101.79844,7800.13098,2014.3703499999997,9916.29977
4982,2A,Tampa,0.15000000000000002,0.2,111.31596,7700.90887,1982.542,9794.76683
4983,2A,Tampa,0.15000000000000002,0.30000000000000004,99.05592,7915.916499999999,2046.0403499999998,10061.01277
4984,2A,Tampa,0.15000000000000002,0.35000000000000003,97.51664,8033.285519999999,2077.04528,10207.84744
4985,2A,Tampa,0.15000000000000002,0.45,98.30796000000001,8291.174329999998,2146.02254,10535.504829999998
4986,2A,Tampa,0.15000000000000002,0.4,96.95296,8161.89739,2108.8419599999997,10367.69231
4987,2A,Tampa,0.15000000000000002,0.55,100.43260000000001,8527.17917,2217.69175,10845.30352
4988,2A,Tampa,0.15000000000000002,0.5,99.57624000000001,8409.6518,2181.7463,10690.97434
4989,2A,Tampa,0.15000000000000002,0.6000000000000001,101.01796,8643.566420000001,2254.01724,10998.601620000001
4990,2A,Tampa,0.15000000000000002,0.65,101.51660000000001,8759.098579999998,2290.53275,11151.14793
4991,2A,Tampa,0.15000000000000002,0.7000000000000001,101.00712000000001,8873.58563,2327.26995,11301.8627
4992,2A,Tampa,0.15000000000000002,0.75,100.89872000000001,8987.50262,2364.00715,11452.408489999998
4993,2A,Tampa,0.15000000000000002,0.8500000000000001,99.97732,9214.29149,2437.3232,11751.59201
4994,2A,Tampa,0.15000000000000002,0.8,100.5952,9100.944559999998,2400.64934,11602.189099999998
4995,2A,Tampa,0.15000000000000002,0.9500000000000001,98.79576,9438.26173,2510.41756,12047.475050000001
4996,2A,Tampa,0.15000000000000002,0.9,99.41364,9326.56164,2473.9020499999997,11899.87733
4997,2A,Tampa,0.1,0.01,147.47820000000002,7540.12028,1858.45894,9546.057420000001
4998,2A,Tampa,0.1,0.15000000000000002,127.41336000000001,7645.61305,1952.1071299999999,9725.13354
4999,2A,Tampa,0.1,0.1,151.21800000000002,7565.77298,1917.08011,9634.07109
5000,2A,Tampa,0.1,0.25,97.59252000000001,7824.01016,2016.1122,9937.71488
5001,2A,Tampa,0.1,0.2,108.29160000000002,7729.918589999999,1983.93548,9822.14567
5002,2A,Tampa,0.1,0.30000000000000004,95.18604,7940.74578,2048.03556,10083.96738
5003,2A,Tampa,0.1,0.35000000000000003,93.90692,8059.001559999999,2079.10383,10232.012309999998
5004,2A,Tampa,0.1,0.45,95.57628000000001,8318.220510000001,2148.52447,10562.32126
5005,2A,Tampa,0.1,0.4,94.24296000000001,8188.69021,2111.09053,10394.0237
5006,2A,Tampa,0.1,0.55,97.48412000000002,8554.763739999999,2220.85875,10873.106609999997
5007,2A,Tampa,0.1,0.5,96.60608,8436.91967,2184.5332599999997,10718.059009999999
5008,2A,Tampa,0.1,0.6000000000000001,98.23208000000001,8671.27767,2257.53261,11027.04236
5009,2A,Tampa,0.1,0.65,97.95024000000001,8787.031519999999,2294.4915,11179.473259999999
5010,2A,Tampa,0.1,0.7000000000000001,97.90688,8901.99362,2331.48206,11331.38256
5011,2A,Tampa,0.1,0.75,97.64672,9016.037289999998,2368.40928,11482.093289999999
5012,2A,Tampa,0.1,0.8500000000000001,96.06408000000002,9243.45956,2442.3904,11781.91404
5013,2A,Tampa,0.1,0.8,96.99632000000001,9129.89094,2405.43151,11632.31877
5014,2A,Tampa,0.1,0.9500000000000001,94.69824000000001,9468.22155,2516.08649,12079.00628
5015,2A,Tampa,0.1,0.9,95.51124,9356.33144,2479.19094,11931.03362
5016,2A,Tampa,0.25,0.01,190.98996000000002,7446.725449999999,1856.59041,9494.30582
5017,2A,Tampa,0.25,0.15000000000000002,138.51352,7567.3564799999995,1950.42862,9656.29862
5018,2A,Tampa,0.25,0.1,169.12568000000002,7485.584539999999,1915.4015999999997,9570.111819999998
5019,2A,Tampa,0.25,0.25,111.74956000000002,7758.95998,2012.3117999999997,9883.02134
5020,2A,Tampa,0.25,0.2,119.00152000000001,7650.680249999999,1981.2752,9750.95697
5021,2A,Tampa,0.25,0.30000000000000004,108.22656,7873.32035,2043.5067499999998,10025.05366
5022,2A,Tampa,0.25,0.35000000000000003,105.91764,7988.69416,2074.22665,10168.83845
5023,2A,Tampa,0.25,0.45,104.28080000000001,8243.73267,2142.1587999999997,10490.17227
5024,2A,Tampa,0.25,0.4,103.98812000000001,8115.152469999999,2105.8333099999995,10324.973899999999
5025,2A,Tampa,0.25,0.55,106.47048000000001,8477.963989999998,2212.7829,10797.217369999998
5026,2A,Tampa,0.25,0.5,105.33228000000001,8361.32338,2177.40751,10644.063170000001
5027,2A,Tampa,0.25,0.6000000000000001,107.14256000000002,8593.844519999999,2248.37998,10949.367059999999
5028,2A,Tampa,0.25,0.65,107.63036000000001,8708.774949999999,2284.2620899999997,11100.667399999998
5029,2A,Tampa,0.25,0.7000000000000001,107.21844,8822.75528,2320.42923,11250.40295
5030,2A,Tampa,0.25,0.75,107.51112000000002,8936.3239,2356.46969,11400.304709999999
5031,2A,Tampa,0.25,0.8500000000000001,106.53552,9161.43426,2428.61395,11696.583729999998
5032,2A,Tampa,0.25,0.8,106.92576000000001,9049.0691,2392.54182,11548.536680000001
5033,2A,Tampa,0.25,0.9500000000000001,105.51656000000001,9383.5043,2500.50485,11989.52571
5034,2A,Tampa,0.25,0.9,106.02604000000001,9272.944329999998,2464.62274,11843.593109999998
5035,2A,Tampa,0.2,0.01,176.83292,7471.269699999999,1856.6854199999998,9504.78804
5036,2A,Tampa,0.2,0.15000000000000002,133.81980000000001,7590.823949999999,1950.52363,9675.167379999999
5037,2A,Tampa,0.2,0.1,162.92520000000002,7509.08368,1915.59162,9587.600499999999
5038,2A,Tampa,0.2,0.25,106.41628000000001,7778.37369,2013.0718799999997,9897.861850000001
5039,2A,Tampa,0.2,0.2,115.0124,7674.46442,1981.68691,9771.16373
5040,2A,Tampa,0.2,0.30000000000000004,103.29436000000001,7893.652489999999,2044.55186,10041.498709999998
5041,2A,Tampa,0.2,0.35000000000000003,101.18056000000001,8009.913059999999,2075.39844,10186.492059999999
5042,2A,Tampa,0.2,0.45,101.16972,8266.376719999998,2143.90065,10511.447089999998
5043,2A,Tampa,0.2,0.4,100.33504,8137.35314,2107.10011,10344.78829
5044,2A,Tampa,0.2,0.55,103.33772,8501.4948,2215.03147,10819.86399
5045,2A,Tampa,0.2,0.5,102.41632000000001,8384.6325,2179.3710499999997,10666.41987
5046,2A,Tampa,0.2,0.6000000000000001,104.09652000000001,8617.85038,2251.00859,10972.955489999998
5047,2A,Tampa,0.2,0.65,104.19408000000001,8733.06584,2287.2074000000002,11124.46732
5048,2A,Tampa,0.2,0.7000000000000001,104.48676,8847.29953,2323.6279,11275.41419
5049,2A,Tampa,0.2,0.75,104.03148,8960.931489999999,2360.01673,11424.979699999998
5050,2A,Tampa,0.2,0.8500000000000001,103.28352000000001,9186.96028,2432.7627199999997,11723.006519999999
5051,2A,Tampa,0.2,0.8,103.81468000000001,9074.120069999999,2396.3422199999995,11574.276969999999
5052,2A,Tampa,0.2,0.9500000000000001,102.06944,9410.13877,2505.31869,12017.526899999999
5053,2A,Tampa,0.2,0.9,102.82824000000001,9298.69204,2469.05654,11870.57682
5054,2A,Tampa,0.30000000000000004,0.01,204.84348,7425.94993,1856.7487599999997,9487.54217
5055,2A,Tampa,0.30000000000000004,0.15000000000000002,141.74384,7548.79786,1952.0121199999999,9642.55382
5056,2A,Tampa,0.30000000000000004,0.1,173.8194,7464.77735,1916.4150399999999,9555.01179
5057,2A,Tampa,0.30000000000000004,0.25,117.05032000000001,7754.52618,2016.04886,9887.62536
5058,2A,Tampa,0.30000000000000004,0.2,122.06924000000001,7637.34718,1983.9038099999998,9743.32023
5059,2A,Tampa,0.30000000000000004,0.30000000000000004,113.09372,7870.375039999999,2047.9088799999997,10031.377639999999
5060,2A,Tampa,0.30000000000000004,0.35000000000000003,109.97180000000002,7988.37746,2079.83224,10178.1815
5061,2A,Tampa,0.30000000000000004,0.45,107.54364,8224.667329999998,2144.72407,10476.935039999998
5062,2A,Tampa,0.30000000000000004,0.4,107.89052000000001,8107.836699999999,2111.2488799999996,10326.976099999998
5063,2A,Tampa,0.30000000000000004,0.55,109.71164,8456.17503,2210.9777099999997,10776.864379999999
5064,2A,Tampa,0.30000000000000004,0.5,108.1832,8340.579529999999,2179.62441,10628.387139999999
5065,2A,Tampa,0.30000000000000004,0.6000000000000001,110.18860000000001,8571.58051,2246.22642,10927.99553
5066,2A,Tampa,0.30000000000000004,0.65,110.71976000000001,8686.06756,2281.8235,11078.61082
5067,2A,Tampa,0.30000000000000004,0.7000000000000001,110.76312000000001,8799.92121,2317.54726,11228.23159
5068,2A,Tampa,0.30000000000000004,0.75,110.28616,8913.17313,2353.3977,11376.856989999998
5069,2A,Tampa,0.30000000000000004,0.8500000000000001,109.73332,9137.49174,2424.8768899999995,11672.101949999998
5070,2A,Tampa,0.30000000000000004,0.8,110.45960000000001,9025.6333,2389.1848,11525.277699999999
5071,2A,Tampa,0.30000000000000004,0.9500000000000001,108.7252,9357.97828,2496.00771,11962.71119
5072,2A,Tampa,0.30000000000000004,0.9,109.2672,9248.93847,2460.7273299999997,11818.932999999999
5073,2A,Tampa,0.35000000000000003,0.01,217.26612000000003,7403.1792,1857.0654599999998,9477.51078
5074,2A,Tampa,0.35000000000000003,0.15000000000000002,146.68688,7529.70085,1952.4554999999998,9628.84323
5075,2A,Tampa,0.35000000000000003,0.1,179.95484,7445.42698,1916.76341,9542.14523
5076,2A,Tampa,0.35000000000000003,0.25,122.60040000000001,7739.0395499999995,2016.04886,9877.68881
5077,2A,Tampa,0.35000000000000003,0.2,128.62744,7622.873989999999,1984.15717,9735.658599999999
5078,2A,Tampa,0.35000000000000003,0.30000000000000004,118.61128000000001,7854.19167,2047.6238499999997,10020.4268
5079,2A,Tampa,0.35000000000000003,0.35000000000000003,115.08828000000001,7971.21232,2079.35719,10165.65779
5080,2A,Tampa,0.35000000000000003,0.45,111.50024,8205.792010000001,2143.83731,10461.129560000001
5081,2A,Tampa,0.35000000000000003,0.4,112.60592,8089.72146,2110.61548,10312.942860000001
5082,2A,Tampa,0.35000000000000003,0.55,113.25632000000002,8436.41295,2209.5525599999996,10759.22183
5083,2A,Tampa,0.35000000000000003,0.5,111.64116,8321.16582,2178.4209499999997,10611.22793
5084,2A,Tampa,0.35000000000000003,0.6000000000000001,113.77664,8551.09002,2244.54791,10909.414569999999
5085,2A,Tampa,0.35000000000000003,0.65,113.88504,8665.38705,2279.85996,11059.132049999998
5086,2A,Tampa,0.35000000000000003,0.7000000000000001,113.91756000000001,8778.98734,2315.2036799999996,11208.10858
5087,2A,Tampa,0.35000000000000003,0.75,113.91756000000001,8891.76421,2350.67408,11356.35585
5088,2A,Tampa,0.35000000000000003,0.8500000000000001,113.34304000000002,9115.006039999998,2421.6148799999996,11649.963959999997
5089,2A,Tampa,0.35000000000000003,0.8,113.46228,9003.749329999999,2386.20782,11503.419429999998
5090,2A,Tampa,0.35000000000000003,0.9500000000000001,112.05308000000001,9334.13077,2491.85894,11938.04279
5091,2A,Tampa,0.35000000000000003,0.9,112.67096000000001,9225.977719999999,2457.02194,11795.670619999999
5092,2A,Tampa,0.45,0.01,241.35260000000002,7374.54952,1858.4272699999997,9474.329389999999
5093,2A,Tampa,0.45,0.15000000000000002,157.77620000000002,7497.270769999999,1954.1973499999997,9609.24432
5094,2A,Tampa,0.45,0.1,192.11732,7412.52185,1917.9985399999998,9522.63771
5095,2A,Tampa,0.45,0.25,135.18564,7713.418519999999,2016.8089400000001,9865.4131
5096,2A,Tampa,0.45,0.2,141.9498,7598.8364599999995,1985.4239699999998,9726.21023
5097,2A,Tampa,0.45,0.30000000000000004,129.59220000000002,7826.86046,2047.9088799999997,10004.36154
5098,2A,Tampa,0.45,0.35000000000000003,125.42964,7942.360949999999,2079.2621799999997,10147.052769999998
5099,2A,Tampa,0.45,0.45,120.29148,8173.361929999999,2143.07723,10436.730639999998
5100,2A,Tampa,0.45,0.4,122.11260000000001,8058.748199999999,2110.23544,10291.096239999999
5101,2A,Tampa,0.45,0.55,120.24812000000001,8401.32259,2207.5573499999996,10729.12806
5102,2A,Tampa,0.45,0.5,119.67360000000001,8286.96222,2177.02747,10583.66329
5103,2A,Tampa,0.45,0.6000000000000001,120.71424,8515.46127,2242.07765,10878.25316
5104,2A,Tampa,0.45,0.65,120.82264,8628.871539999998,2276.66129,11026.355469999999
5105,2A,Tampa,0.45,0.7000000000000001,120.79012000000002,8741.680079999998,2311.52996,11174.000159999998
5106,2A,Tampa,0.45,0.75,120.94188,8853.57019,2346.46197,11320.974040000001
5107,2A,Tampa,0.45,0.8500000000000001,119.97712000000001,9075.038499999999,2416.26265,11611.278269999999
5108,2A,Tampa,0.45,0.8,120.48660000000001,8964.54187,2381.3623099999995,11466.390779999998
5109,2A,Tampa,0.45,0.9500000000000001,119.06656000000001,9289.88778,2484.35315,11893.30749
5110,2A,Tampa,0.45,0.9,119.52184000000001,9184.90173,2451.06798,11755.491549999999
5111,2A,Tampa,0.4,0.01,229.35272000000003,7387.660899999999,1857.6355199999998,9474.649139999998
5112,2A,Tampa,0.4,0.15000000000000002,151.94428,7512.53571,1953.2155799999998,9617.69557
5113,2A,Tampa,0.4,0.1,185.8518,7427.5651,1917.2701299999999,9530.687030000001
5114,2A,Tampa,0.4,0.25,128.64912,7725.358109999999,2016.3022199999998,9870.309449999999
5115,2A,Tampa,0.4,0.2,135.06640000000002,7610.142649999999,1984.6638899999998,9729.872939999997
5116,2A,Tampa,0.4,0.30000000000000004,123.70608000000001,7839.750149999999,2047.6238499999997,10011.080079999998
5117,2A,Tampa,0.4,0.35000000000000003,120.11804000000001,7955.947379999999,2079.1671699999997,10155.23259
5118,2A,Tampa,0.4,0.45,115.92296,8188.785219999999,2143.2989199999997,10448.007099999999
5119,2A,Tampa,0.4,0.4,117.44056,8073.253059999999,2110.2671100000002,10300.960729999999
5120,2A,Tampa,0.4,0.55,116.45412000000002,8418.2027,2208.3807699999998,10743.03759
5121,2A,Tampa,0.4,0.5,115.43516,8303.27227,2177.53419,10596.241619999999
5122,2A,Tampa,0.4,0.6000000000000001,117.24544,8532.37305,2243.1861,10892.80459
5123,2A,Tampa,0.4,0.65,117.3972,8646.19503,2278.0547699999997,11041.647
5124,2A,Tampa,0.4,0.7000000000000001,117.57064,8759.54196,2313.24014,11190.35274
5125,2A,Tampa,0.4,0.75,117.42972,8871.97046,2348.4888499999997,11337.88903
5126,2A,Tampa,0.4,0.8500000000000001,116.38908,9094.167179999999,2418.76458,11629.32084
5127,2A,Tampa,0.4,0.8,116.94192,8983.5122,2383.6425499999996,11484.096669999999
5128,2A,Tampa,0.4,0.9500000000000001,115.43516,9311.80342,2488.05854,11915.297120000001
5129,2A,Tampa,0.4,0.9,116.16144,9204.79049,2453.82327,11774.7752
5130,2A,Tampa,0.55,0.01,264.69112,7357.447719999999,1860.2007899999999,9482.339629999999
5131,2A,Tampa,0.55,0.15000000000000002,168.91972,7474.690059999999,1956.7942899999998,9600.404069999999
5132,2A,Tampa,0.55,0.1,204.11720000000003,7387.787579999999,1920.21544,9512.120219999999
5133,2A,Tampa,0.55,0.25,148.23700000000002,7693.84646,2018.55079,9860.63425
5134,2A,Tampa,0.55,0.2,156.25860000000003,7581.29128,1987.64087,9725.19075
5135,2A,Tampa,0.55,0.30000000000000004,142.03652000000002,7805.673229999999,2049.2390199999995,9996.948769999999
5136,2A,Tampa,0.55,0.35000000000000003,136.51896,7919.336859999999,2080.1172699999997,10135.97309
5137,2A,Tampa,0.55,0.45,129.45128,8147.107499999999,2143.2989199999997,10419.857699999999
5138,2A,Tampa,0.55,0.4,132.42144000000002,8034.1406099999995,2110.8688399999996,10277.43089
5139,2A,Tampa,0.55,0.55,128.25888,8372.62957,2206.6705899999997,10707.559039999998
5140,2A,Tampa,0.55,0.5,128.47568,8259.409319999999,2176.86912,10564.754119999998
5141,2A,Tampa,0.55,0.6000000000000001,127.90116,8485.6598,2240.7791799999995,10854.340139999998
5142,2A,Tampa,0.55,0.65,128.50820000000002,8598.30999,2274.79276,11001.61095
5143,2A,Tampa,0.55,0.7000000000000001,128.28056,8710.10509,2309.0597,11147.445349999998
5144,2A,Tampa,0.55,0.75,127.85780000000001,8820.98176,2343.3266399999998,11292.1662
5145,2A,Tampa,0.55,0.8500000000000001,127.03396000000001,9040.54987,2412.11388,11579.69771
5146,2A,Tampa,0.55,0.8,127.28328,8930.87666,2377.7835999999998,11435.94354
5147,2A,Tampa,0.55,0.9500000000000001,125.83072000000001,9250.68032,2478.08249,11854.593529999998
5148,2A,Tampa,0.55,0.9,126.25348000000001,9149.526339999999,2446.28581,11722.065629999997
5149,2A,Tampa,0.5,0.01,253.13568000000004,7365.27021,1859.2190199999998,9477.62491
5150,2A,Tampa,0.5,0.15000000000000002,163.48888,7484.82446,1955.46415,9603.77749
5151,2A,Tampa,0.5,0.1,197.85168000000002,7399.4738099999995,1918.9803099999997,9516.305799999998
5152,2A,Tampa,0.5,0.25,141.72216000000003,7702.93575,2017.5690199999997,9862.226929999999
5153,2A,Tampa,0.5,0.2,149.11504000000002,7589.367129999999,1986.43741,9724.919579999998
5154,2A,Tampa,0.5,0.30000000000000004,135.43496000000002,7815.490929999999,2048.4472699999997,9999.37316
5155,2A,Tampa,0.5,0.35000000000000003,130.7304,7930.009649999999,2079.57888,10140.31893
5156,2A,Tampa,0.5,0.45,124.80092,8159.58548,2143.07723,10427.463629999998
5157,2A,Tampa,0.5,0.4,127.2074,8045.6051499999985,2110.39379,10283.206339999999
5158,2A,Tampa,0.5,0.55,123.9554,8386.31101,2207.0506299999997,10717.31704
5159,2A,Tampa,0.5,0.5,123.91204,8272.457359999999,2176.83745,10573.206849999999
5160,2A,Tampa,0.5,0.6000000000000001,124.35648,8499.816289999999,2241.31757,10865.49034
5161,2A,Tampa,0.5,0.65,124.60580000000002,8612.90986,2275.6161799999995,11013.131839999998
5162,2A,Tampa,0.5,0.7000000000000001,124.50824000000001,8725.24335,2310.13648,11159.88807
5163,2A,Tampa,0.5,0.75,124.13968,8836.65841,2344.81513,11305.61322
5164,2A,Tampa,0.5,0.8500000000000001,123.4134,9057.17662,2414.0774199999996,11594.66744
5165,2A,Tampa,0.5,0.8,123.97708000000002,8946.99669,2379.39877,11450.37254
5166,2A,Tampa,0.5,0.9500000000000001,122.45948000000001,9269.713989999998,2481.0911399999995,11873.264609999998
5167,2A,Tampa,0.5,0.9,122.90392,9166.37478,2448.5027099999998,11737.78141
5168,2A,Tampa,0.6000000000000001,0.01,275.42272,7350.511989999999,1861.2459000000001,9487.18061
5169,2A,Tampa,0.6000000000000001,0.15000000000000002,175.18524000000002,7466.265839999999,1958.34612,9599.797199999999
5170,2A,Tampa,0.6000000000000001,0.1,210.50196000000003,7377.843199999999,1921.7039299999997,9510.049089999999
5171,2A,Tampa,0.6000000000000001,0.25,155.05536,7686.3406700000005,2019.8175899999999,9861.21362
5172,2A,Tampa,0.6000000000000001,0.2,163.55392,7574.640579999999,1989.09769,9727.29219
5173,2A,Tampa,0.6000000000000001,0.30000000000000004,148.33456,7797.37569,2050.3158,9996.02605
5174,2A,Tampa,0.6000000000000001,0.35000000000000003,142.37256000000002,7910.215899999999,2081.00403,10133.592489999999
5175,2A,Tampa,0.6000000000000001,0.45,134.83876,8136.37137,2143.93232,10415.14245
5176,2A,Tampa,0.6000000000000001,0.4,137.94984000000002,8024.291239999999,2111.6289199999997,10273.869999999999
5177,2A,Tampa,0.6000000000000001,0.55,132.43228000000002,8360.658309999999,2206.73393,10699.82452
5178,2A,Tampa,0.6000000000000001,0.5,133.15856000000002,8247.97645,2177.2808299999997,10558.41584
5179,2A,Tampa,0.6000000000000001,0.6000000000000001,132.25884000000002,8473.276829999999,2240.55749,10846.09316
5180,2A,Tampa,0.6000000000000001,0.65,131.95532,8585.16694,2274.41272,10991.534979999999
5181,2A,Tampa,0.6000000000000001,0.7000000000000001,131.87944000000002,8696.39198,2308.26795,11136.53937
5182,2A,Tampa,0.6000000000000001,0.75,131.55424000000002,8806.603579999999,2342.2815299999997,11280.439349999999
5183,2A,Tampa,0.6000000000000001,0.8500000000000001,130.61116,9025.50662,2410.4037,11566.52148
5184,2A,Tampa,0.6000000000000001,0.8,131.01224000000002,8916.150109999999,2376.48513,11423.64748
5185,2A,Tampa,0.6000000000000001,0.9500000000000001,129.39708000000002,9232.786769999999,2475.3271999999997,11837.51105
5186,2A,Tampa,0.6000000000000001,0.9,129.90656,9133.53299,2444.41728,11707.856829999999
5187,2A,Tampa,0.65,0.01,285.38468,7341.32769,1862.5443699999998,9489.25674
5188,2A,Tampa,0.65,0.15000000000000002,181.99276,7465.537429999999,1961.9881699999999,9609.51836
5189,2A,Tampa,0.65,0.1,215.29324000000003,7371.00248,1924.74425,9511.03997
5190,2A,Tampa,0.65,0.25,161.7328,7696.4750699999995,2026.75332,9884.96119
5191,2A,Tampa,0.65,0.2,170.61076,7580.62621,1994.4499199999998,9745.686889999999
5192,2A,Tampa,0.65,0.30000000000000004,154.49168000000003,7811.5638500000005,2058.6766799999996,10024.73221
5193,2A,Tampa,0.65,0.35000000000000003,148.508,7926.905989999999,2090.2516699999996,10165.665659999999
5194,2A,Tampa,0.65,0.45,140.22624000000002,8154.16991,2155.01682,10449.412970000001
5195,2A,Tampa,0.65,0.4,143.65168000000003,8042.659839999999,2121.5733,10307.88482
5196,2A,Tampa,0.65,0.55,137.42952,8375.32152,2217.50173,10730.25277
5197,2A,Tampa,0.65,0.5,138.38344,8265.71165,2188.36533,10592.46042
5198,2A,Tampa,0.65,0.6000000000000001,136.78996,8486.166519999999,2250.7869,10873.74338
5199,2A,Tampa,0.65,0.65,136.21544,8602.5221,2285.18052,11023.91806
5200,2A,Tampa,0.65,0.7000000000000001,136.00948,8711.1502,2317.9273,11165.08698
5201,2A,Tampa,0.65,0.75,135.29404000000002,8819.74663,2351.05412,11306.09479
5202,2A,Tampa,0.65,0.8500000000000001,134.02576000000002,9037.06617,2418.22619,11589.31812
5203,2A,Tampa,0.65,0.8,134.54608000000002,8928.78644,2384.71933,11448.05185
5204,2A,Tampa,0.65,0.9500000000000001,132.6274,9245.29642,2483.11802,11861.04184
5205,2A,Tampa,0.65,0.9,133.26696,9144.7125,2451.70138,11729.68084
5206,2A,Tampa,0.7000000000000001,0.01,295.7694,7332.65011,1863.9061799999997,9492.32569
5207,2A,Tampa,0.7000000000000001,0.15000000000000002,189.34228,7467.84934,1965.8519099999999,9623.043529999999
5208,2A,Tampa,0.7000000000000001,0.1,219.42328,7365.8086,1928.1012699999997,9513.33315
5209,2A,Tampa,0.7000000000000001,0.25,168.33436,7709.333089999999,2034.41746,9912.08491
5210,2A,Tampa,0.7000000000000001,0.2,177.66760000000002,7588.73373,2000.4038799999998,9766.805209999999
5211,2A,Tampa,0.7000000000000001,0.30000000000000004,160.8114,7829.23571,2067.86098,10057.908089999999
5212,2A,Tampa,0.7000000000000001,0.35000000000000003,154.45916000000003,7947.428149999999,2100.60776,10202.495069999999
5213,2A,Tampa,0.7000000000000001,0.45,145.91724000000002,8175.80052,2167.27311,10488.99087
5214,2A,Tampa,0.7000000000000001,0.4,149.48360000000002,8064.2904499999995,2133.16452,10346.93857
5215,2A,Tampa,0.7000000000000001,0.55,142.57852,8394.86191,2230.01138,10767.451809999999
5216,2A,Tampa,0.7000000000000001,0.5,143.78176,8287.4056,2200.62162,10631.80898
5217,2A,Tampa,0.7000000000000001,0.6000000000000001,141.63544000000002,8503.49001,2262.37812,10907.503569999999
5218,2A,Tampa,0.7000000000000001,0.65,140.65984,8622.695889999999,2296.8667499999997,11060.222479999999
5219,2A,Tampa,0.7000000000000001,0.7000000000000001,140.03112000000002,8728.31534,2328.31506,11196.661519999998
5220,2A,Tampa,0.7000000000000001,0.75,139.14224000000002,8834.789879999998,2360.39677,11334.328889999997
5221,2A,Tampa,0.7000000000000001,0.8500000000000001,137.67884,9049.95586,2426.33371,11613.968410000001
5222,2A,Tampa,0.7000000000000001,0.8,138.17748,8942.68957,2393.36524,11474.23229
5223,2A,Tampa,0.7000000000000001,0.9500000000000001,136.16124000000002,9258.692829999998,2491.06719,11885.921259999997
5224,2A,Tampa,0.7000000000000001,0.9,136.71408000000002,9156.84211,2459.1755,11752.731689999999
5225,2A,Tampa,0.75,0.01,305.21104,7322.70573,1865.33133,9493.2481
5226,2A,Tampa,0.75,0.15000000000000002,196.91944,7472.47316,1970.15903,9639.55163
5227,2A,Tampa,0.75,0.1,223.40156000000002,7363.49669,1931.74332,9518.64157
5228,2A,Tampa,0.75,0.25,174.80584,7726.05485,2043.00003,9943.86072
5229,2A,Tampa,0.75,0.2,184.78948,7599.279839999999,2006.99124,9791.06056
5230,2A,Tampa,0.75,0.30000000000000004,166.99020000000002,7850.6763,2078.15373,10095.820230000001
5231,2A,Tampa,0.75,0.35000000000000003,160.72468000000003,7972.47912,2112.04063,10245.24443
5232,2A,Tampa,0.75,0.45,151.78168000000002,8201.99161,2180.98622,10534.75951
5233,2A,Tampa,0.75,0.4,155.41308,8089.24641,2146.5926,10391.25209
5234,2A,Tampa,0.75,0.55,148.00936000000002,8419.976219999999,2244.4529,10812.438479999999
5235,2A,Tampa,0.75,0.5,149.46192,8313.56502,2214.3030599999997,10677.33
5236,2A,Tampa,0.75,0.6000000000000001,146.54596,8525.437319999999,2275.71119,10947.694469999999
5237,2A,Tampa,0.75,0.65,145.13675999999998,8646.385049999999,2309.75644,11101.27825
5238,2A,Tampa,0.75,0.7000000000000001,144.172,8748.26744,2339.52624,11231.965680000001
5239,2A,Tampa,0.75,0.75,143.18556,8851.669989999999,2370.21447,11365.07002
5240,2A,Tampa,0.75,0.8500000000000001,141.32108000000002,9064.207359999999,2434.63125,11640.159689999999
5241,2A,Tampa,0.75,0.8,141.91728,8958.461229999999,2402.45453,11502.833039999998
5242,2A,Tampa,0.75,0.9500000000000001,139.65172,9271.61419,2498.3196199999998,11909.58553
5243,2A,Tampa,0.75,0.9,140.26960000000003,9169.13007,2466.68129,11776.08096
5244,2A,Tampa,0.8500000000000001,0.01,323.97508000000005,7296.92635,1867.54823,9488.44966
5245,2A,Tampa,0.8500000000000001,0.15000000000000002,213.56968000000003,7466.709219999999,1973.5477199999998,9653.826619999998
5246,2A,Tampa,0.8500000000000001,0.1,237.14668000000003,7353.837339999999,1934.7836399999997,9525.767659999998
5247,2A,Tampa,0.8500000000000001,0.25,189.68916000000002,7725.70648,2049.3657,9964.76134
5248,2A,Tampa,0.8500000000000001,0.2,200.11724000000004,7596.049499999999,2011.9950999999996,9808.161839999999
5249,2A,Tampa,0.8500000000000001,0.30000000000000004,181.21228,7853.1782299999995,2085.5961799999995,10119.986689999998
5250,2A,Tampa,0.8500000000000001,0.35000000000000003,174.11208000000002,7976.596219999999,2120.17982,10270.88812
5251,2A,Tampa,0.8500000000000001,0.45,163.98752000000002,8206.0137,2190.4555499999997,10560.45677
5252,2A,Tampa,0.8500000000000001,0.4,168.32352,8093.55353,2155.87191,10417.74896
5253,2A,Tampa,0.8500000000000001,0.55,158.65424000000002,8424.758389999999,2255.37905,10838.791679999998
5254,2A,Tampa,0.8500000000000001,0.5,160.97400000000002,8317.175399999998,2223.70905,10701.858449999998
5255,2A,Tampa,0.8500000000000001,0.6000000000000001,156.76808000000003,8528.065929999999,2285.6239,10970.45791
5256,2A,Tampa,0.8500000000000001,0.65,154.50252,8651.45225,2319.35245,11125.30722
5257,2A,Tampa,0.8500000000000001,0.7000000000000001,153.0608,8750.199309999998,2347.6337599999997,11250.893869999996
5258,2A,Tampa,0.8500000000000001,0.75,151.51068,8851.38496,2377.08686,11379.982499999998
5259,2A,Tampa,0.8500000000000001,0.8500000000000001,149.19092,9060.02692,2439.4450899999997,11648.66293
5260,2A,Tampa,0.8500000000000001,0.8,150.14484,8956.05431,2408.2818099999995,11514.48096
5261,2A,Tampa,0.8500000000000001,0.9500000000000001,147.0446,9264.235079999999,2501.7083099999995,11912.987989999998
5262,2A,Tampa,0.8500000000000001,0.9,148.04188,9162.764399999998,2470.6400399999998,11781.44632
5263,2A,Tampa,0.8,0.01,314.90200000000004,7311.082839999999,1866.2497599999997,9492.2346
5264,2A,Tampa,0.8,0.15000000000000002,205.60228,7465.727449999999,1970.91911,9642.24884
5265,2A,Tampa,0.8,0.1,231.13048,7356.27593,1932.59841,9520.00482
5266,2A,Tampa,0.8,0.25,182.65400000000002,7724.97807,2046.29371,9953.925780000001
5267,2A,Tampa,0.8,0.2,192.80024000000003,7595.3210899999995,2009.1131299999997,9797.23446
5268,2A,Tampa,0.8,0.30000000000000004,174.33972000000003,7851.911429999999,2082.36584,10108.616989999999
5269,2A,Tampa,0.8,0.35000000000000003,167.54304000000002,7975.29775,2116.91781,10259.758600000001
5270,2A,Tampa,0.8,0.45,158.07972000000004,8205.98203,2187.16187,10551.223619999999
5271,2A,Tampa,0.8,0.4,162.12304,8092.983469999999,2152.41988,10407.526389999999
5272,2A,Tampa,0.8,0.55,153.28844,8426.72193,2252.65543,10832.665799999999
5273,2A,Tampa,0.8,0.5,155.41308,8318.188839999999,2220.66873,10694.270649999999
5274,2A,Tampa,0.8,0.6000000000000001,151.68412,8531.32794,2283.4069999999997,10966.419059999998
5275,2A,Tampa,0.8,0.65,149.592,8656.13941,2317.73728,11123.46869
5276,2A,Tampa,0.8,0.7000000000000001,148.41044,8756.659989999998,2346.71533,11251.785759999999
5277,2A,Tampa,0.8,0.75,147.14216000000002,8859.55582,2376.77016,11383.468139999999
5278,2A,Tampa,0.8,0.8500000000000001,144.97416,9070.73138,2440.2368399999996,11655.942379999999
5279,2A,Tampa,0.8,0.8,145.9064,8965.58698,2408.5035,11519.996879999999
5280,2A,Tampa,0.8,0.9500000000000001,143.32648,9278.13821,2503.5768399999997,11925.041529999999
5281,2A,Tampa,0.8,0.9,144.08527999999998,9174.989019999999,2471.93851,11791.012809999998
5282,2A,Tampa,0.9500000000000001,0.01,342.06704,7259.77744,1870.05016,9471.89464
5283,2A,Tampa,0.9500000000000001,0.15000000000000002,228.92996000000002,7470.4779499999995,1979.1533099999997,9678.56122
5284,2A,Tampa,0.9500000000000001,0.1,249.10320000000002,7351.52543,1939.62915,9540.25778
5285,2A,Tampa,0.9500000000000001,0.25,203.66192,7731.05871,2056.23809,9990.958719999999
5286,2A,Tampa,0.9500000000000001,0.2,214.71872000000002,7600.641649999999,2018.2974299999998,9833.657799999999
5287,2A,Tampa,0.9500000000000001,0.30000000000000004,194.59968000000003,7859.44889,2092.84861,10146.89718
5288,2A,Tampa,0.9500000000000001,0.35000000000000003,187.03336000000002,7983.120239999999,2127.5905999999995,10297.7442
5289,2A,Tampa,0.9500000000000001,0.45,175.95488,8210.130799999999,2197.9930099999997,10584.078689999998
5290,2A,Tampa,0.9500000000000001,0.4,180.80036,8098.43071,2163.6310599999997,10442.86213
5291,2A,Tampa,0.9500000000000001,0.55,169.68936,8424.916739999999,2261.68138,10856.287479999999
5292,2A,Tampa,0.9500000000000001,0.5,172.56196,8319.42397,2230.77146,10722.757389999999
5293,2A,Tampa,0.9500000000000001,0.6000000000000001,167.46716000000004,8525.72235,2291.0078,10984.19731
5294,2A,Tampa,0.9500000000000001,0.65,164.47532,8645.78332,2323.37454,11133.63318
5295,2A,Tampa,0.9500000000000001,0.7000000000000001,162.42656000000002,8740.571629999999,2350.2940399999998,11253.29223
5296,2A,Tampa,0.9500000000000001,0.75,160.57292,8838.40026,2378.4486699999998,11377.42185
5297,2A,Tampa,0.9500000000000001,0.8500000000000001,157.62444000000002,9041.27828,2438.52666,11637.42938
5298,2A,Tampa,0.9500000000000001,0.8,159.00112000000001,8940.219309999999,2408.5035,11507.72393
5299,2A,Tampa,0.9500000000000001,0.9500000000000001,155.15292,9239.7225,2498.4462999999996,11893.32172
5300,2A,Tampa,0.9500000000000001,0.9,156.39952000000002,9141.10212,2468.51815,11766.01979
5301,2A,Tampa,0.9,0.01,333.26496000000003,7273.268859999999,1868.7833600000001,9475.31718
5302,2A,Tampa,0.9,0.15000000000000002,221.37448,7468.1977099999995,1976.3030099999999,9665.8752
5303,2A,Tampa,0.9,0.1,242.85936,7352.285510000001,1937.1588899999997,9532.30376
5304,2A,Tampa,0.9,0.25,196.62676,7727.60668,2052.6277099999998,9976.86115
5305,2A,Tampa,0.9,0.2,207.39088,7597.601329999999,2014.97208,9819.964289999998
5306,2A,Tampa,0.9,0.30000000000000004,188.06316,7855.8385100000005,2089.1115499999996,10133.01322
5307,2A,Tampa,0.9,0.35000000000000003,180.73532,7979.129819999999,2123.75853,10283.623669999999
5308,2A,Tampa,0.9,0.45,169.78692,8207.280499999999,2194.0659299999998,10571.13335
5309,2A,Tampa,0.9,0.4,174.59988,8095.26371,2159.5456299999996,10429.409220000001
5310,2A,Tampa,0.9,0.55,164.10676,8424.156659999999,2258.3876999999998,10846.651119999999
5311,2A,Tampa,0.9,0.5,166.89264000000003,8317.55544,2227.06607,10711.514149999999
5312,2A,Tampa,0.9,0.6000000000000001,162.24228,8526.1974,2288.1575,10976.597179999999
5313,2A,Tampa,0.9,0.65,159.46724000000003,8648.15857,2321.22098,11128.84679
5314,2A,Tampa,0.9,0.7000000000000001,157.74368,8744.81541,2348.8055499999996,11251.364639999998
5315,2A,Tampa,0.9,0.75,155.90088,8844.290879999999,2377.62525,11377.817009999999
5316,2A,Tampa,0.9,0.8500000000000001,153.45104,9050.17755,2438.87503,11642.50362
5317,2A,Tampa,0.9,0.8,154.51336,8947.66176,2408.2818099999995,11510.45693
5318,2A,Tampa,0.9,0.9500000000000001,151.01204,9252.01046,2500.0298,11903.0523
5319,2A,Tampa,0.9,0.9,152.18276,9152.09161,2469.4999199999997,11773.77429
5320,2B,Tucson,0.01,0.01,155.15292,5192.3915099999995,1877.04923,7224.59366
5321,2B,Tucson,0.01,0.15000000000000002,121.93916,5330.884419999999,1994.5132599999997,7447.336839999999
5322,2B,Tucson,0.01,0.1,143.1964,5268.6212,1950.5552999999998,7362.372899999999
5323,2B,Tucson,0.01,0.25,91.869,5569.04282,2076.31687,7737.22869
5324,2B,Tucson,0.01,0.2,105.28892,5444.7064,2036.5710199999996,7586.566339999999
5325,2B,Tucson,0.01,0.30000000000000004,79.14284,5699.143179999999,2114.03584,7892.32186
5326,2B,Tucson,0.01,0.35000000000000003,75.13204,5833.83569,2151.84982,8060.81755
5327,2B,Tucson,0.01,0.45,72.85564,6123.0778,2245.27632,8441.20976
5328,2B,Tucson,0.01,0.4,74.18896000000001,5978.21922,2194.60432,8247.0125
5329,2B,Tucson,0.01,0.55,70.27572,6386.09715,2342.69324,8799.06611
5330,2B,Tucson,0.01,0.5,71.6524,6254.951679999999,2293.7947599999998,8620.398839999998
5331,2B,Tucson,0.01,0.6000000000000001,68.96408,6516.894249999999,2392.13011,8977.98844
5332,2B,Tucson,0.01,0.65,67.60908,6647.46966,2442.2320499999996,9157.31079
5333,2B,Tucson,0.01,0.7000000000000001,66.3408,6777.63336,2492.6190199999996,9336.59318
5334,2B,Tucson,0.01,0.75,65.10504,6906.7202800000005,2543.38603,9515.211350000001
5335,2B,Tucson,0.01,0.8500000000000001,62.61184,7135.37768,2555.67399,9753.663509999998
5336,2B,Tucson,0.01,0.8,63.8476,7008.15929,2508.04231,9580.0492
5337,2B,Tucson,0.01,0.9500000000000001,60.248720000000006,7391.176269999999,2650.7473299999997,10102.172319999998
5338,2B,Tucson,0.01,0.9,61.41944,7263.92621,2603.24233,9928.58798
5339,2B,Tucson,0.05,0.01,165.07152000000002,5149.51033,1873.1221500000001,7187.704000000001
5340,2B,Tucson,0.05,0.15000000000000002,118.90396000000001,5296.45913,1989.0660199999998,7404.429109999999
5341,2B,Tucson,0.05,0.1,143.16388,5205.914599999999,1945.96315,7295.04163
5342,2B,Tucson,0.05,0.25,88.96388,5539.17801,2070.4895899999997,7698.63148
5343,2B,Tucson,0.05,0.2,102.68732000000001,5415.728349999999,2030.5853899999997,7549.001059999999
5344,2B,Tucson,0.05,0.30000000000000004,77.30004000000001,5668.518289999999,2108.24023,7854.0585599999995
5345,2B,Tucson,0.05,0.35000000000000003,76.05344,5803.622509999999,2145.67417,8025.350119999999
5346,2B,Tucson,0.05,0.45,74.12392,6093.498019999999,2237.32715,8404.949089999998
5347,2B,Tucson,0.05,0.4,75.30548,5948.19606,2187.6685899999998,8211.17013
5348,2B,Tucson,0.05,0.55,71.6524,6356.105659999999,2333.63562,8761.39368
5349,2B,Tucson,0.05,0.5,72.99656,6225.3085599999995,2285.37054,8583.675659999999
5350,2B,Tucson,0.05,0.6000000000000001,70.36244,6486.90276,2382.43909,8939.70429
5351,2B,Tucson,0.05,0.65,68.9966,6617.03479,2431.97097,9118.00236
5352,2B,Tucson,0.05,0.7000000000000001,67.72832,6747.1668199999995,2481.9145599999997,9296.8097
5353,2B,Tucson,0.05,0.75,66.5034,6876.063719999999,2532.1115099999997,9474.678629999999
5354,2B,Tucson,0.05,0.8500000000000001,64.08608,7105.25951,2544.2411199999997,9713.58671
5355,2B,Tucson,0.05,0.8,65.28932,6978.357819999999,2497.05282,9540.699959999998
5356,2B,Tucson,0.05,0.9500000000000001,61.69044,7360.741399999999,2638.6177199999997,10061.04956
5357,2B,Tucson,0.05,0.9,62.861160000000005,7232.7946,2591.46109,9887.11685
5358,2B,Tucson,0.15000000000000002,0.01,185.51576,5062.607849999999,1865.9330599999998,7114.05667
5359,2B,Tucson,0.15000000000000002,0.15000000000000002,116.76848000000001,5231.75732,1979.4700099999998,7327.995809999999
5360,2B,Tucson,0.15000000000000002,0.1,143.00128,5115.11671,1937.8556299999998,7195.973620000001
5361,2B,Tucson,0.15000000000000002,0.25,84.71460000000002,5473.96948,2059.4050899999997,7618.089169999999
5362,2B,Tucson,0.15000000000000002,0.2,98.44888,5350.93153,2019.65924,7469.03965
5363,2B,Tucson,0.15000000000000002,0.30000000000000004,81.15908000000002,5604.354869999999,2096.96571,7782.479659999999
5364,2B,Tucson,0.15000000000000002,0.35000000000000003,79.73904,5737.6539,2133.89293,7951.285870000001
5365,2B,Tucson,0.15000000000000002,0.45,77.8854,6028.03613,2221.3971399999996,8327.31867
5366,2B,Tucson,0.15000000000000002,0.4,78.85016,5881.942419999999,2174.81057,8135.603149999999
5367,2B,Tucson,0.15000000000000002,0.55,75.5006,6290.13705,2315.52038,8681.15803
5368,2B,Tucson,0.15000000000000002,0.5,76.73636000000002,6159.65665,2268.30041,8504.69342
5369,2B,Tucson,0.15000000000000002,0.6000000000000001,74.18896000000001,6419.889039999999,2363.18373,8857.26173
5370,2B,Tucson,0.15000000000000002,0.65,72.80144,6549.324329999999,2411.2904599999997,9033.416229999999
5371,2B,Tucson,0.15000000000000002,0.7000000000000001,71.42476,6678.66461,2459.77723,9209.8666
5372,2B,Tucson,0.15000000000000002,0.75,70.16732,6784.91746,2428.2655799999998,9283.350359999999
5373,2B,Tucson,0.15000000000000002,0.8500000000000001,67.78252,7037.390699999999,2520.0769099999998,9625.250129999999
5374,2B,Tucson,0.15000000000000002,0.8,68.96408,6911.12241,2473.9020499999997,9453.988539999998
5375,2B,Tucson,0.15000000000000002,0.9500000000000001,65.40856000000001,7291.130739999999,2612.64832,9969.187619999999
5376,2B,Tucson,0.15000000000000002,0.9,66.57928000000001,7164.7041,2566.3784499999997,9797.66183
5377,2B,Tucson,0.1,0.01,175.58632,5103.52549,1869.0367199999998,7148.14853
5378,2B,Tucson,0.1,0.15000000000000002,116.96360000000001,5260.608689999999,1983.58711,7361.159399999999
5379,2B,Tucson,0.1,0.1,142.60020000000003,5157.491169999999,1941.33933,7241.430699999999
5380,2B,Tucson,0.1,0.25,86.25388,5504.531029999999,2064.34561,7655.130519999999
5381,2B,Tucson,0.1,0.2,99.84724,5380.98636,2024.5047499999998,7505.33835
5382,2B,Tucson,0.1,0.30000000000000004,78.78512,5634.63139,2102.03291,7815.449419999999
5383,2B,Tucson,0.1,0.35000000000000003,77.66860000000001,5769.07054,2139.3085,7986.04764
5384,2B,Tucson,0.1,0.45,75.85832,6059.26275,2228.58623,8363.7073
5385,2B,Tucson,0.1,0.4,76.93148000000001,5913.6124199999995,2180.70119,8171.24509
5386,2B,Tucson,0.1,0.55,73.48436000000001,6321.712039999999,2323.9446,8719.141
5387,2B,Tucson,0.1,0.5,74.72012000000001,6191.00995,2276.15457,8541.88464
5388,2B,Tucson,0.1,0.6000000000000001,72.17272,6451.8757399999995,2372.083,8896.131459999999
5389,2B,Tucson,0.1,0.65,70.81772000000001,6581.69107,2420.8231299999998,9073.33192
5390,2B,Tucson,0.1,0.7000000000000001,69.50608000000001,6711.601409999999,2470.0066399999996,9251.114129999998
5391,2B,Tucson,0.1,0.75,68.28116,6840.4033,2519.6968699999998,9428.38133
5392,2B,Tucson,0.1,0.8500000000000001,65.88552,7070.07414,2531.3830999999996,9667.34276
5393,2B,Tucson,0.1,0.8,67.07792,6943.489149999999,2484.73319,9495.30026
5394,2B,Tucson,0.1,0.9500000000000001,63.51156000000001,7324.859289999999,2624.93628,10013.30713
5395,2B,Tucson,0.1,0.9,64.68228,7197.35587,2578.22303,9840.261180000001
5396,2B,Tucson,0.25,0.01,202.37196,5006.14024,1862.67105,7071.18325
5397,2B,Tucson,0.25,0.15000000000000002,118.47036000000001,5183.080529999999,1974.49782,7276.048709999999
5398,2B,Tucson,0.25,0.1,144.94164,5057.22395,1933.6118499999998,7135.77744
5399,2B,Tucson,0.25,0.25,91.9774,5425.862749999999,2052.31101,7570.151159999999
5400,2B,Tucson,0.25,0.2,99.33776,5301.874699999999,2013.2619,7414.47436
5401,2B,Tucson,0.25,0.30000000000000004,88.08584,5553.619529999999,2089.5865999999996,7731.291969999998
5402,2B,Tucson,0.25,0.35000000000000003,85.6902,5683.909909999999,2125.97543,7895.57554
5403,2B,Tucson,0.25,0.45,83.12112000000002,5973.75375,2210.09095,8266.96582
5404,2B,Tucson,0.25,0.4,84.30268,5827.153319999999,2165.97464,8077.430639999999
5405,2B,Tucson,0.25,0.55,80.35692,6234.74622,2302.21898,8617.32212
5406,2B,Tucson,0.25,0.5,81.80948000000001,6104.83588,2255.91744,8442.5628
5407,2B,Tucson,0.25,0.6000000000000001,78.92604000000001,6363.674789999999,2348.71054,8791.31137
5408,2B,Tucson,0.25,0.65,77.4518,6492.413339999999,2395.77216,8965.637299999999
5409,2B,Tucson,0.25,0.7000000000000001,75.95588,6601.95987,2367.3008299999997,9045.21658
5410,2B,Tucson,0.25,0.75,74.53584000000001,6727.78478,2411.6704999999997,9213.99112
5411,2B,Tucson,0.25,0.8500000000000001,71.97760000000001,6979.054559999999,2501.2965999999997,9552.328759999999
5412,2B,Tucson,0.25,0.8,73.24588,6853.514679999999,2456.3251999999998,9383.08576
5413,2B,Tucson,0.25,0.9500000000000001,69.4844,7230.989409999999,2591.68278,9892.156589999999
5414,2B,Tucson,0.25,0.9,70.72015999999999,7104.879469999999,2546.39468,9721.994309999998
5415,2B,Tucson,0.2,0.01,192.95200000000003,5026.44071,1863.74783,7083.14054
5416,2B,Tucson,0.2,0.15000000000000002,117.05032000000001,5205.97794,1976.46136,7299.48962
5417,2B,Tucson,0.2,0.1,143.42404000000002,5082.6232899999995,1935.38537,7161.432699999999
5418,2B,Tucson,0.2,0.25,87.65224,5448.126759999999,2055.4146699999997,7591.193669999999
5419,2B,Tucson,0.2,0.2,98.16704000000001,5324.77211,2015.9221799999998,7438.86133
5420,2B,Tucson,0.2,0.30000000000000004,84.30268,5577.340359999999,2092.84861,7754.491649999999
5421,2B,Tucson,0.2,0.35000000000000003,82.41652,5709.37259,2129.4907999999996,7921.279909999999
5422,2B,Tucson,0.2,0.45,80.30272000000001,5999.65981,2215.2531599999998,8295.215689999999
5423,2B,Tucson,0.2,0.4,81.31084000000001,5853.217729999999,2169.99673,8104.525299999999
5424,2B,Tucson,0.2,0.55,77.79868,6261.00065,2308.33129,8647.13062
5425,2B,Tucson,0.2,0.5,79.06696000000001,6130.9953,2261.5547,8471.61696
5426,2B,Tucson,0.2,0.6000000000000001,76.37864,6390.594289999999,2355.39291,8822.365839999999
5427,2B,Tucson,0.2,0.65,74.99112000000001,6519.55453,2402.96125,8997.5069
5428,2B,Tucson,0.2,0.7000000000000001,73.56024000000001,6648.5781099999995,2451.0363099999995,9173.174659999999
5429,2B,Tucson,0.2,0.75,72.23776000000001,6755.27434,2419.42965,9246.94175
5430,2B,Tucson,0.2,0.8500000000000001,69.76624000000001,7007.0191700000005,2510.03752,9586.82293
5431,2B,Tucson,0.2,0.8,70.98032,6881.19426,2464.62274,9416.79732
5432,2B,Tucson,0.2,0.9500000000000001,67.39228,7260.315829999999,2601.59549,9929.3036
5433,2B,Tucson,0.2,0.9,68.58468,7133.47748,2555.8006699999996,9757.862829999998
5434,2B,Tucson,0.30000000000000004,0.01,211.71604000000002,4962.34063,1862.41769,7036.47436
5435,2B,Tucson,0.30000000000000004,0.15000000000000002,119.73864,5168.670679999999,1975.00454,7263.413859999999
5436,2B,Tucson,0.30000000000000004,0.1,146.95788,5036.9234799999995,1933.5168399999998,7117.3982
5437,2B,Tucson,0.30000000000000004,0.25,96.41096,5420.98557,2054.93962,7572.33615
5438,2B,Tucson,0.30000000000000004,0.2,101.79844,5292.24702,2014.7187199999998,7408.764179999999
5439,2B,Tucson,0.30000000000000004,0.30000000000000004,91.9774,5550.10416,2093.29199,7735.37355
5440,2B,Tucson,0.30000000000000004,0.35000000000000003,88.89884,5683.37152,2130.8842799999998,7903.154639999999
5441,2B,Tucson,0.30000000000000004,0.45,86.09128000000001,5952.724869999999,2207.62069,8246.436839999998
5442,2B,Tucson,0.30000000000000004,0.4,87.27284000000002,5818.57075,2168.85661,8074.700199999999
5443,2B,Tucson,0.30000000000000004,0.55,83.35960000000001,6210.55034,2296.8667499999997,8590.776689999999
5444,2B,Tucson,0.30000000000000004,0.5,84.77964,6082.88857,2251.76867,8419.43688
5445,2B,Tucson,0.30000000000000004,0.6000000000000001,81.82032000000001,6339.16221,2343.04161,8764.024140000001
5446,2B,Tucson,0.30000000000000004,0.65,80.24852000000001,6467.58406,2389.46983,8937.30241
5447,2B,Tucson,0.30000000000000004,0.7000000000000001,78.6442,6577.035579999999,2361.1251799999995,9016.804959999998
5448,2B,Tucson,0.30000000000000004,0.75,77.12660000000001,6702.51212,2404.92479,9184.56351
5449,2B,Tucson,0.30000000000000004,0.8500000000000001,74.38408000000001,6953.053489999999,2493.44244,9520.880009999999
5450,2B,Tucson,0.30000000000000004,0.8,75.72824,6827.925319999999,2449.13611,9352.78967
5451,2B,Tucson,0.30000000000000004,0.9500000000000001,71.81500000000001,7202.739769999999,2582.62516,9857.179929999998
5452,2B,Tucson,0.30000000000000004,0.9,73.08328,7078.46669,2538.0337999999997,9689.58377
5453,2B,Tucson,0.35000000000000003,0.01,220.60484,4870.94101,1862.8294,6954.375249999999
5454,2B,Tucson,0.35000000000000003,0.15000000000000002,122.75216,5151.94892,1974.52949,7249.23057
5455,2B,Tucson,0.35000000000000003,0.1,152.00932,5019.568319999999,1933.04179,7104.61943
5456,2B,Tucson,0.35000000000000003,0.25,101.88516,5404.23214,2053.32445,7559.44175
5457,2B,Tucson,0.35000000000000003,0.2,108.17236000000001,5276.76039,2013.5785999999998,7398.51135
5458,2B,Tucson,0.35000000000000003,0.30000000000000004,97.02884000000002,5531.89391,2091.51847,7720.44122
5459,2B,Tucson,0.35000000000000003,0.35000000000000003,93.37576000000001,5663.767789999999,2128.88907,7886.032619999999
5460,2B,Tucson,0.35000000000000003,0.45,89.7552,5931.284279999999,2204.8020599999995,8225.841539999998
5461,2B,Tucson,0.35000000000000003,0.4,91.2728,5797.858569999999,2166.4180199999996,8055.549389999998
5462,2B,Tucson,0.35000000000000003,0.55,86.72,6188.79305,2292.40128,8567.91433
5463,2B,Tucson,0.35000000000000003,0.5,88.33516,6061.35297,2247.87326,8397.561389999999
5464,2B,Tucson,0.35000000000000003,0.6000000000000001,85.07232,6316.929869999999,2338.16443,8740.16662
5465,2B,Tucson,0.35000000000000003,0.65,83.29456,6444.65498,2384.14927,8912.09881
5466,2B,Tucson,0.35000000000000003,0.7000000000000001,81.63604000000001,6554.35986,2355.80462,8991.80052
5467,2B,Tucson,0.35000000000000003,0.75,79.9992,6679.61471,2399.0658399999998,9158.67975
5468,2B,Tucson,0.35000000000000003,0.8500000000000001,77.03988,6929.522679999999,2486.57005,9493.132609999999
5469,2B,Tucson,0.35000000000000003,0.8,78.47076000000001,6804.45785,2442.80211,9325.73072
5470,2B,Tucson,0.35000000000000003,0.9500000000000001,74.34072,7176.96039,2574.4543,9825.75541
5471,2B,Tucson,0.35000000000000003,0.9,75.63068,7053.890769999999,2530.65469,9660.17614
5472,2B,Tucson,0.45,0.01,238.18732,4813.6816499999995,1865.2046500000001,6917.073619999999
5473,2B,Tucson,0.45,0.15000000000000002,132.0854,5128.57646,1975.1945599999997,7235.85642
5474,2B,Tucson,0.45,0.1,162.17724,4993.82061,1933.6118499999998,7089.609699999999
5475,2B,Tucson,0.45,0.25,114.65468,5377.5343299999995,2051.9626399999997,7544.151649999999
5476,2B,Tucson,0.45,0.2,122.58956,5252.1528,2013.1668899999997,7387.90925
5477,2B,Tucson,0.45,0.30000000000000004,108.66016,5502.662499999999,2089.71328,7701.03594
5478,2B,Tucson,0.45,0.35000000000000003,103.86888,5632.034449999999,2126.60883,7862.512159999999
5479,2B,Tucson,0.45,0.45,98.66568000000001,5895.33883,2201.1600099999996,8195.164519999998
5480,2B,Tucson,0.45,0.4,100.76864,5763.59163,2163.5360499999997,8027.89632
5481,2B,Tucson,0.45,0.55,94.78496,6152.024179999999,2285.7822499999997,8532.59139
5482,2B,Tucson,0.45,0.5,96.79036,6024.86913,2242.52103,8364.18052
5483,2B,Tucson,0.45,0.6000000000000001,92.61696,6279.05255,2330.5953,8702.26481
5484,2B,Tucson,0.45,0.65,90.58988,6390.87932,2306.1143899999997,8787.583589999998
5485,2B,Tucson,0.45,0.7000000000000001,88.60616,6515.24741,2347.76044,8951.614010000001
5486,2B,Tucson,0.45,0.75,86.63328000000001,6639.23546,2389.69152,9115.56026
5487,2B,Tucson,0.45,0.8500000000000001,83.07776000000001,6887.05321,2475.1688499999996,9445.29982
5488,2B,Tucson,0.45,0.8,84.76880000000001,6763.096829999999,2432.256,9280.121629999998
5489,2B,Tucson,0.45,0.9500000000000001,80.06424,7129.550399999999,2560.13946,9769.754099999998
5490,2B,Tucson,0.45,0.9,81.5168,7011.04126,2518.36673,9610.924790000001
5491,2B,Tucson,0.4,0.01,229.74296,4826.91971,1863.81117,6920.47384
5492,2B,Tucson,0.4,0.15000000000000002,126.6654,5138.90088,1974.6245,7240.19078
5493,2B,Tucson,0.4,0.1,156.65968,5005.728529999999,1933.04179,7095.429999999999
5494,2B,Tucson,0.4,0.25,107.94472,5389.7589499999995,2052.3426799999997,7550.04635
5495,2B,Tucson,0.4,0.2,115.13164,5263.3956499999995,2013.1035499999998,7391.630839999999
5496,2B,Tucson,0.4,0.30000000000000004,102.61144,5516.18559,2090.37835,7709.17538
5497,2B,Tucson,0.4,0.35000000000000003,98.39468000000001,5646.7609999999995,2127.49559,7872.65127
5498,2B,Tucson,0.4,0.45,93.99364,5912.02892,2202.6485,8208.671059999999
5499,2B,Tucson,0.4,0.4,95.81476,5779.55331,2164.70784,8040.0759100000005
5500,2B,Tucson,0.4,0.55,90.55736000000002,6169.1893199999995,2288.72756,8548.47424
5501,2B,Tucson,0.4,0.5,92.36764,6042.0659399999995,2244.86461,8379.29819
5502,2B,Tucson,0.4,0.6000000000000001,88.617,6296.8827599999995,2334.04733,8719.54709
5503,2B,Tucson,0.4,0.65,86.75252,6408.96289,2309.3447300000003,8805.06014
5504,2B,Tucson,0.4,0.7000000000000001,84.94224,6533.837699999999,2351.40249,8970.182429999999
5505,2B,Tucson,0.4,0.75,83.14280000000001,6658.36414,2394.0303099999996,9135.53725
5506,2B,Tucson,0.4,0.8500000000000001,79.93416,6907.32201,2480.48941,9467.745579999999
5507,2B,Tucson,0.4,0.8,81.47344,6782.92225,2437.1965199999995,9301.592209999999
5508,2B,Tucson,0.4,0.9500000000000001,77.09408,7152.6695,2567.10686,9796.870439999999
5509,2B,Tucson,0.4,0.9,78.47076000000001,7032.0384699999995,2524.1940099999997,9634.703239999999
5510,2B,Tucson,0.55,0.01,254.30640000000002,4796.54818,1868.75169,6919.60627
5511,2B,Tucson,0.55,0.15000000000000002,149.16924000000003,5114.41997,1977.5381399999997,7241.12735
5512,2B,Tucson,0.55,0.1,173.23404000000002,4979.72746,1936.05044,7089.01194
5513,2B,Tucson,0.55,0.25,129.35372,5358.78569,2052.69105,7540.830459999999
5514,2B,Tucson,0.55,0.2,138.45932000000002,5235.52605,2014.49703,7388.482400000001
5515,2B,Tucson,0.55,0.30000000000000004,122.09092,5481.7603,2089.99831,7693.8495299999995
5516,2B,Tucson,0.55,0.35000000000000003,115.91212000000002,5608.53531,2126.48215,7850.92958
5517,2B,Tucson,0.55,0.45,108.9962,5868.10263,2199.67152,8176.77035
5518,2B,Tucson,0.55,0.4,111.79292000000001,5737.46388,2162.83931,8012.09611
5519,2B,Tucson,0.55,0.55,104.1724,6122.982789999999,2281.63348,8508.78867
5520,2B,Tucson,0.55,0.5,106.53552,5996.556149999999,2239.5123799999997,8342.60405
5521,2B,Tucson,0.55,0.6000000000000001,101.59248000000001,6236.70976,2261.93474,8600.23698
5522,2B,Tucson,0.55,0.65,99.16432000000002,6360.444449999999,2301.55391,8761.16268
5523,2B,Tucson,0.55,0.7000000000000001,96.81204000000001,6483.51407,2342.1231799999996,8922.44929
5524,2B,Tucson,0.55,0.75,94.50312000000001,6606.361999999999,2383.1675,9084.03262
5525,2B,Tucson,0.55,0.8500000000000001,90.25384000000001,6851.74116,2466.4595999999997,9408.4546
5526,2B,Tucson,0.55,0.8,92.30260000000001,6729.01991,2424.59186,9245.91437
5527,2B,Tucson,0.55,0.9500000000000001,86.75252,7088.09437,2548.3582199999996,9723.205109999999
5528,2B,Tucson,0.55,0.9,88.38936000000001,6974.33573,2508.7390499999997,9571.46414
5529,2B,Tucson,0.5,0.01,246.61,4803.73727,1866.8831599999999,6917.23043
5530,2B,Tucson,0.5,0.15000000000000002,140.36716,5120.057229999999,1976.08132,7236.505709999999
5531,2B,Tucson,0.5,0.1,167.61892,4985.58641,1934.7519699999998,7087.9573
5532,2B,Tucson,0.5,0.25,121.80908000000001,5367.17824,2052.08932,7541.07664
5533,2B,Tucson,0.5,0.2,130.41604,5242.93683,2013.64194,7386.99481
5534,2B,Tucson,0.5,0.30000000000000004,115.16416,5491.22963,2089.5865999999996,7695.98039
5535,2B,Tucson,0.5,0.35000000000000003,109.71164,5619.334779999999,2126.35547,7855.401889999999
5536,2B,Tucson,0.5,0.45,103.68460000000002,5880.64395,2200.20991,8184.53846
5537,2B,Tucson,0.5,0.4,106.10192,5749.688499999999,2162.96599,8018.75641
5538,2B,Tucson,0.5,0.55,99.33776,6136.56922,2283.4069999999997,8519.31398
5539,2B,Tucson,0.5,0.5,101.54912000000002,6009.76254,2240.7475099999997,8352.059169999999
5540,2B,Tucson,0.5,0.6000000000000001,96.98548000000001,6250.51788,2263.3915599999996,8610.89492
5541,2B,Tucson,0.5,0.65,94.74160000000002,6374.82263,2303.61246,8773.17669
5542,2B,Tucson,0.5,0.7000000000000001,92.56276000000001,6498.525649999999,2344.59344,8935.681849999999
5543,2B,Tucson,0.5,0.75,90.41644000000001,6621.975309999999,2386.14448,9098.536229999998
5544,2B,Tucson,0.5,0.8500000000000001,86.53572,6868.494589999999,2470.5450299999998,9425.57534
5545,2B,Tucson,0.5,0.8,88.4002,6745.171609999999,2428.20224,9261.77405
5546,2B,Tucson,0.5,0.9500000000000001,83.28372,7107.98313,2553.99548,9745.26233
5547,2B,Tucson,0.5,0.9,84.80132,6991.94425,2513.26786,9590.013429999999
5548,2B,Tucson,0.6000000000000001,0.01,261.92692,4793.286169999999,1870.8419099999999,6926.054999999999
5549,2B,Tucson,0.6000000000000001,0.15000000000000002,158.19896,5110.6829099999995,1979.4066699999998,7248.28854
5550,2B,Tucson,0.6000000000000001,0.1,179.3478,4977.193859999999,1937.9506399999998,7094.492299999999
5551,2B,Tucson,0.6000000000000001,0.25,137.126,5352.578369999999,2053.83117,7543.535539999999
5552,2B,Tucson,0.6000000000000001,0.2,146.78444000000002,5230.01547,2015.8588399999999,7392.6587500000005
5553,2B,Tucson,0.6000000000000001,0.30000000000000004,129.27784000000003,5474.381189999999,2090.8534,7694.512429999999
5554,2B,Tucson,0.6000000000000001,0.35000000000000003,122.50284000000002,5600.04775,2127.24223,7849.79282
5555,2B,Tucson,0.6000000000000001,0.45,114.61132,5857.5881899999995,2199.82987,8172.02938
5556,2B,Tucson,0.6000000000000001,0.4,117.83080000000001,5727.8362,2163.28269,8008.9496899999995
5557,2B,Tucson,0.6000000000000001,0.55,109.25636000000002,6111.39157,2280.46169,8501.10962
5558,2B,Tucson,0.6000000000000001,0.5,111.81460000000001,5985.43998,2238.87898,8336.13356
5559,2B,Tucson,0.6000000000000001,0.6000000000000001,106.45964000000001,6224.896849999999,2261.0163099999995,8592.3728
5560,2B,Tucson,0.6000000000000001,0.65,103.83636000000001,6348.02981,2300.2237699999996,8752.08994
5561,2B,Tucson,0.6000000000000001,0.7000000000000001,101.23476000000001,6470.30768,2340.1913099999997,8911.73375
5562,2B,Tucson,0.6000000000000001,0.75,98.81744,6592.52221,2380.79225,9072.1319
5563,2B,Tucson,0.6000000000000001,0.8500000000000001,94.25380000000001,6836.539559999999,2463.13425,9393.927609999999
5564,2B,Tucson,0.6000000000000001,0.8,96.44348000000001,6714.51505,2421.67822,9232.63675
5565,2B,Tucson,0.6000000000000001,0.9500000000000001,90.44896,7069.59909,2543.32269,9703.370739999998
5566,2B,Tucson,0.6000000000000001,0.9,92.18336000000001,6958.405719999999,2504.87531,9555.46439
5567,2B,Tucson,0.65,0.01,269.65584,4791.70267,1873.2804999999998,6934.63901
5568,2B,Tucson,0.65,0.15000000000000002,166.83844000000002,5114.13494,1983.3337499999998,7264.30713
5569,2B,Tucson,0.65,0.1,185.35316000000003,4980.1391699999995,1941.5610199999996,7107.053349999998
5570,2B,Tucson,0.65,0.25,144.23704,5365.05635,2060.7669,7570.060289999999
5571,2B,Tucson,0.65,0.2,154.69764,5238.439689999999,2021.5277699999997,7414.665099999999
5572,2B,Tucson,0.65,0.30000000000000004,135.85772,5491.8630299999995,2099.15094,7726.87169
5573,2B,Tucson,0.65,0.35000000000000003,128.80088,5620.41156,2136.17317,7885.385609999999
5574,2B,Tucson,0.65,0.45,120.32400000000001,5880.580609999999,2209.8375899999996,8210.742199999999
5575,2B,Tucson,0.65,0.4,123.84700000000001,5750.67027,2172.94204,8047.459309999999
5576,2B,Tucson,0.65,0.55,114.34032,6120.00581,2231.62655,8465.972679999999
5577,2B,Tucson,0.65,0.5,117.31048000000001,6008.27405,2249.64678,8375.23131
5578,2B,Tucson,0.65,0.6000000000000001,111.31596,6242.31535,2269.4722,8623.10351
5579,2B,Tucson,0.65,0.65,108.19404000000002,6370.13547,2309.88312,8788.21263
5580,2B,Tucson,0.65,0.7000000000000001,105.44068,6490.1331,2348.6788699999997,8944.252649999999
5581,2B,Tucson,0.65,0.75,102.73068,6610.7958,2388.32971,9101.856189999999
5582,2B,Tucson,0.65,0.8500000000000001,97.82016,6853.102969999999,2469.43658,9420.359709999999
5583,2B,Tucson,0.65,0.8,100.20496,6731.87021,2428.70896,9260.78413
5584,2B,Tucson,0.65,0.9500000000000001,93.72264,7087.17594,2549.65669,9730.55527
5585,2B,Tucson,0.65,0.9,95.63048,6973.89235,2510.60758,9580.13041
5586,2B,Tucson,0.7000000000000001,0.01,277.42812000000004,4790.21418,1875.8457699999997,6943.488069999999
5587,2B,Tucson,0.7000000000000001,0.15000000000000002,175.43456,5119.392159999999,1987.7042099999999,7282.530929999999
5588,2B,Tucson,0.7000000000000001,0.1,193.78668000000002,4984.82633,1945.4880999999998,7124.10111
5589,2B,Tucson,0.7000000000000001,0.25,151.31556,5381.493079999999,2068.74774,7601.556379999999
5590,2B,Tucson,0.7000000000000001,0.2,162.41572000000002,5249.80922,2027.8300999999997,7440.055039999999
5591,2B,Tucson,0.7000000000000001,0.30000000000000004,142.41592,5513.36696,2108.39858,7764.181460000001
5592,2B,Tucson,0.7000000000000001,0.35000000000000003,135.15312000000003,5645.3358499999995,2146.40258,7926.891549999999
5593,2B,Tucson,0.7000000000000001,0.45,126.21012000000002,5908.386869999999,2221.04877,8255.64576
5594,2B,Tucson,0.7000000000000001,0.4,130.0258,5777.81146,2183.93153,8091.76879
5595,2B,Tucson,0.7000000000000001,0.55,119.58688000000001,6145.088449999999,2242.6477099999997,8507.32304
5596,2B,Tucson,0.7000000000000001,0.5,122.83888,6025.9459099999995,2207.68403,8356.46882
5597,2B,Tucson,0.7000000000000001,0.6000000000000001,116.28068,6264.9594,2279.54326,8660.78334
5598,2B,Tucson,0.7000000000000001,0.65,112.70348000000001,6396.1365399999995,2320.7459299999996,8829.585949999999
5599,2B,Tucson,0.7000000000000001,0.7000000000000001,109.68996,6512.777149999999,2358.02152,8980.488629999998
5600,2B,Tucson,0.7000000000000001,0.75,106.79568,6631.15961,2396.6905899999997,9134.64588
5601,2B,Tucson,0.7000000000000001,0.8500000000000001,101.51660000000001,6870.869839999999,2476.3089699999996,9448.695409999998
5602,2B,Tucson,0.7000000000000001,0.8,104.07484000000001,6751.030559999999,2436.3097599999996,9291.415159999999
5603,2B,Tucson,0.7000000000000001,0.9500000000000001,97.10472,7105.671219999999,2556.2757199999996,9759.05166
5604,2B,Tucson,0.7000000000000001,0.9,99.19684000000001,6990.70912,2516.7515599999997,9606.65752
5605,2B,Tucson,0.75,0.01,286.01340000000005,4790.245849999999,1878.4743799999999,6954.733629999999
5606,2B,Tucson,0.75,0.15000000000000002,183.84640000000002,5126.89795,1992.5497199999998,7303.29407
5607,2B,Tucson,0.75,0.1,203.11992,4991.572039999999,1949.7952199999997,7144.487179999999
5608,2B,Tucson,0.75,0.25,158.24232,5401.666869999999,2077.80536,7637.714549999999
5609,2B,Tucson,0.75,0.2,170.04708000000002,5263.90237,2034.8291699999997,7468.77862
5610,2B,Tucson,0.75,0.30000000000000004,148.8874,5538.98799,2118.75467,7806.6300599999995
5611,2B,Tucson,0.75,0.35000000000000003,141.51620000000003,5675.644039999999,2157.93046,7975.090699999999
5612,2B,Tucson,0.75,0.45,132.15044,5932.899449999999,2184.24823,8249.29812
5613,2B,Tucson,0.75,0.4,136.29132,5810.27321,2196.15615,8142.72068
5614,2B,Tucson,0.75,0.55,124.90932000000001,6176.6001,2255.6324099999997,8557.141829999999
5615,2B,Tucson,0.75,0.5,128.47568,6058.34432,2220.73207,8407.55207
5616,2B,Tucson,0.75,0.6000000000000001,121.36464000000001,6293.39906,2291.48285,8706.24655
5617,2B,Tucson,0.75,0.65,117.29964,6426.19137,2332.87554,8876.366549999999
5618,2B,Tucson,0.75,0.7000000000000001,114.06932000000002,6539.2216,2368.5359599999997,9021.826879999999
5619,2B,Tucson,0.75,0.75,110.96908000000002,6653.96201,2405.7798799999996,9170.71097
5620,2B,Tucson,0.75,0.8500000000000001,105.38648,6891.01196,2483.75142,9480.14986
5621,2B,Tucson,0.75,0.8,108.08564,6772.597829999999,2444.57563,9325.2591
5622,2B,Tucson,0.75,0.9500000000000001,100.51932000000001,7123.24807,2562.51471,9786.2821
5623,2B,Tucson,0.75,0.9,102.88244,7007.90593,2523.0855599999995,9633.87393
5624,2B,Tucson,0.8500000000000001,0.01,305.10264,4793.41285,1882.9715199999998,6981.48701
5625,2B,Tucson,0.8500000000000001,0.15000000000000002,202.64296000000002,5125.85284,1996.7301599999998,7325.22596
5626,2B,Tucson,0.8500000000000001,0.1,224.05196,4992.90218,1954.0706699999998,7171.02481
5627,2B,Tucson,0.8500000000000001,0.25,174.3614,5406.60739,2084.3293799999997,7665.29817
5628,2B,Tucson,0.8500000000000001,0.2,187.1526,5265.58088,2040.3397499999999,7493.073230000001
5629,2B,Tucson,0.8500000000000001,0.30000000000000004,163.87912000000003,5546.0820699999995,2126.26046,7836.2216499999995
5630,2B,Tucson,0.8500000000000001,0.35000000000000003,155.67324000000002,5684.54331,2166.03798,8006.25453
5631,2B,Tucson,0.8500000000000001,0.45,144.97416,5943.0971899999995,2193.6225499999996,8281.693899999998
5632,2B,Tucson,0.8500000000000001,0.4,149.72208,5812.90182,2160.2107,8122.8346
5633,2B,Tucson,0.8500000000000001,0.55,136.52980000000002,6188.413009999999,2265.22842,8590.17123
5634,2B,Tucson,0.8500000000000001,0.5,140.67068000000003,6068.38371,2229.78969,8438.84408
5635,2B,Tucson,0.8500000000000001,0.6000000000000001,132.47564,6302.93173,2299.90707,8735.31444
5636,2B,Tucson,0.8500000000000001,0.65,127.65184000000002,6438.764359999999,2341.45811,8907.87431
5637,2B,Tucson,0.8500000000000001,0.7000000000000001,123.91204,6547.899179999999,2375.72505,9047.53627
5638,2B,Tucson,0.8500000000000001,0.75,120.44324,6659.852629999999,2411.3538,9191.649669999999
5639,2B,Tucson,0.8500000000000001,0.8500000000000001,114.21024000000001,6893.00717,2487.0451,9494.26251
5640,2B,Tucson,0.8500000000000001,0.8,117.20208000000001,6776.556579999999,2449.10444,9342.863099999999
5641,2B,Tucson,0.8500000000000001,0.9500000000000001,108.63848,7122.456319999999,2563.74984,9794.84464
5642,2B,Tucson,0.8500000000000001,0.9,111.30512000000002,7007.8742600000005,2525.3657999999996,9644.545180000001
5643,2B,Tucson,0.8,0.01,296.11628,4791.0376,1880.5329299999999,6967.686809999999
5644,2B,Tucson,0.8,0.15000000000000002,193.67828,5122.5274899999995,1993.56316,7309.768929999999
5645,2B,Tucson,0.8,0.1,214.0358,4989.608499999999,1951.1887,7154.832999999999
5646,2B,Tucson,0.8,0.25,166.57828,5402.902,2080.8140099999996,7650.29429
5647,2B,Tucson,0.8,0.2,178.88168000000002,5262.318869999999,2036.9510599999996,7478.151609999999
5648,2B,Tucson,0.8,0.30000000000000004,156.59464000000003,5542.566699999999,2122.65008,7821.81142
5649,2B,Tucson,0.8,0.35000000000000003,148.76816000000002,5681.059609999999,2162.4275999999995,7992.255369999999
5650,2B,Tucson,0.8,0.45,138.65444,5940.31023,2189.91716,8268.88183
5651,2B,Tucson,0.8,0.4,143.14220000000003,5809.703149999999,2156.34696,8109.192309999999
5652,2B,Tucson,0.8,0.55,130.69788,6187.652929999999,2262.31478,8580.665589999999
5653,2B,Tucson,0.8,0.5,134.61112000000003,6066.673529999999,2226.46434,8427.74899
5654,2B,Tucson,0.8,0.6000000000000001,126.86052000000001,6303.5968,2297.6268299999997,8728.08415
5655,2B,Tucson,0.8,0.65,122.26436000000001,6440.88625,2339.90628,8903.05689
5656,2B,Tucson,0.8,0.7000000000000001,118.73052000000001,6552.364649999999,2374.90163,9045.996799999999
5657,2B,Tucson,0.8,0.75,115.42432000000001,6666.09162,2411.4171399999996,9192.933079999999
5658,2B,Tucson,0.8,0.8500000000000001,109.48400000000001,6902.128129999999,2488.34357,9499.955699999999
5659,2B,Tucson,0.8,0.8,112.35660000000001,6784.18905,2449.73784,9346.28349
5660,2B,Tucson,0.8,0.9500000000000001,104.20492,7134.965969999999,2566.5368,9805.70769
5661,2B,Tucson,0.8,0.9,106.7198,7018.73707,2527.3610099999996,9652.817879999999
5662,2B,Tucson,0.9500000000000001,0.01,322.39244,4799.145119999999,1887.9437099999998,7009.481269999998
5663,2B,Tucson,0.9500000000000001,0.15000000000000002,220.48560000000003,5136.39895,2003.9509199999998,7360.83547
5664,2B,Tucson,0.9500000000000001,0.1,243.13036,5002.37151,1960.40467,7205.90654
5665,2B,Tucson,0.9500000000000001,0.25,189.55908000000002,5417.501869999999,2092.2468799999997,7699.307829999999
5666,2B,Tucson,0.9500000000000001,0.2,203.45596,5276.380349999999,2047.9405499999998,7527.77686
5667,2B,Tucson,0.9500000000000001,0.30000000000000004,178.33968000000002,5558.49671,2134.558,7871.39439
5668,2B,Tucson,0.9500000000000001,0.35000000000000003,169.47256000000002,5690.1489,2135.53977,7995.16123
5669,2B,Tucson,0.9500000000000001,0.45,157.63528,5953.041569999999,2201.9834299999998,8312.66028
5670,2B,Tucson,0.9500000000000001,0.4,162.89268,5824.112999999999,2168.7932699999997,8155.7989499999985
5671,2B,Tucson,0.9500000000000001,0.55,148.36708000000002,6194.652,2272.13248,8615.15156
5672,2B,Tucson,0.9500000000000001,0.5,152.87652,6076.649579999999,2237.58051,8467.106609999999
5673,2B,Tucson,0.9500000000000001,0.6000000000000001,143.93352000000002,6306.352089999999,2305.6710099999996,8755.956619999999
5674,2B,Tucson,0.9500000000000001,0.65,138.60024,6438.7010199999995,2345.70189,8923.003149999999
5675,2B,Tucson,0.9500000000000001,0.7000000000000001,134.55692,6543.1803500000005,2378.3536599999998,9056.09093
5676,2B,Tucson,0.9500000000000001,0.75,130.75208,6651.206719999999,2412.39891,9194.35771
5677,2B,Tucson,0.9500000000000001,0.8500000000000001,123.89036000000002,6877.868909999999,2485.4615999999996,9487.22087
5678,2B,Tucson,0.9500000000000001,0.8,127.21824000000001,6764.80701,2448.7877399999998,9340.81299
5679,2B,Tucson,0.9500000000000001,0.9500000000000001,117.84164,7100.76237,2559.2527,9777.85671
5680,2B,Tucson,0.9500000000000001,0.9,120.73592000000001,6989.5689999999995,2522.35715,9632.662069999998
5681,2B,Tucson,0.9,0.01,313.7096,4796.26315,1885.4417799999999,6995.41453
5682,2B,Tucson,0.9,0.15000000000000002,211.57512000000003,5130.60334,2000.21386,7342.39232
5683,2B,Tucson,0.9,0.1,233.64536,4997.14596,1957.11099,7187.90231
5684,2B,Tucson,0.9,0.25,182.01444,5411.42123,2088.09811,7681.53378
5685,2B,Tucson,0.9,0.2,195.36932000000002,5270.42639,2044.0451399999997,7509.840849999999
5686,2B,Tucson,0.9,0.30000000000000004,171.13108000000003,5551.68766,2130.2192099999997,7853.03795
5687,2B,Tucson,0.9,0.35000000000000003,162.57832,5689.8005299999995,2169.99673,8022.375579999999
5688,2B,Tucson,0.9,0.45,151.30472000000003,5947.40431,2197.6129699999997,8296.322
5689,2B,Tucson,0.9,0.4,156.29112,5817.81067,2164.3278,8138.42959
5690,2B,Tucson,0.9,0.55,142.4376,6190.62991,2268.5220999999997,8601.589609999999
5691,2B,Tucson,0.9,0.5,146.79528,6071.80407,2233.4950799999997,8452.094430000001
5692,2B,Tucson,0.9,0.6000000000000001,138.16664,6303.976839999999,2302.5990199999997,8744.7425
5693,2B,Tucson,0.9,0.65,133.10436,6437.8459299999995,2343.38998,8914.34027
5694,2B,Tucson,0.9,0.7000000000000001,129.19112,6544.89053,2376.86517,9050.946820000001
5695,2B,Tucson,0.9,0.75,125.55972000000001,6654.9437800000005,2411.6704999999997,9192.174
5696,2B,Tucson,0.9,0.8500000000000001,119.00152000000001,6884.899649999999,2486.095,9489.996169999999
5697,2B,Tucson,0.9,0.8,122.16680000000001,6770.222579999999,2448.7244,9341.11378
5698,2B,Tucson,0.9,0.9500000000000001,113.20212000000002,7111.30848,2561.3429199999996,9785.853519999999
5699,2B,Tucson,0.9,0.9,115.96632000000001,6998.15157,2523.75063,9637.86852
