,Climate Zone,City,U,SHGC,HeatingSource,CoolingSource,FanSource,TotalSource
0,4B,Albuquerque,0.01,0.01,189.91783,457.88486,242.59219999999996,890.3948899999999
1,4B,Albuquerque,0.01,0.15000000000000002,140.47586,582.82301,340.51583999999997,1063.8147099999999
2,4B,Albuquerque,0.01,0.1,157.90851,540.63857,305.45715,1004.00423
3,4B,Albuquerque,0.01,0.25,96.6274,661.6179699999999,404.4259,1162.6712699999998
4,4B,Albuquerque,0.01,0.2,118.91785000000002,621.9671299999999,372.69256,1113.57754
5,4B,Albuquerque,0.01,0.30000000000000004,79.00878,702.0288899999999,435.96921999999995,1217.0068899999999
6,4B,Albuquerque,0.01,0.35000000000000003,65.87112,740.50794,467.73422999999997,1274.11329
7,4B,Albuquerque,0.01,0.45,49.21662,821.48813,534.49459,1405.1993400000001
8,4B,Albuquerque,0.01,0.4,56.960210000000004,780.72884,500.67103,1338.36008
9,4B,Albuquerque,0.01,0.55,39.88465,901.4548799999999,600.5898799999999,1541.9294099999997
10,4B,Albuquerque,0.01,0.5,44.19876,860.98062,567.49473,1472.67411
11,4B,Albuquerque,0.01,0.6000000000000001,36.05664,939.6488999999999,631.97485,1607.68039
12,4B,Albuquerque,0.01,0.65,32.71558,977.6528999999999,661.6813099999999,1672.04979
13,4B,Albuquerque,0.01,0.7000000000000001,29.80557,1014.1050699999998,691.3244299999999,1735.2350699999997
14,4B,Albuquerque,0.01,0.75,27.24159,1052.14074,721.0942299999999,1800.47656
15,4B,Albuquerque,0.01,0.8500000000000001,23.054160000000003,1125.7101499999999,780.7921799999999,1929.5564899999997
16,4B,Albuquerque,0.01,0.8,25.01195,1088.24454,750.8006899999999,1864.0571799999998
17,4B,Albuquerque,0.01,0.9500000000000001,19.70226,1200.26133,840.61681,2060.5804
18,4B,Albuquerque,0.01,0.9,21.30233,1162.85906,810.6886599999999,1994.85005
19,4B,Albuquerque,0.05,0.01,218.65033,448.35218999999995,231.53937,898.54189
20,4B,Albuquerque,0.05,0.15000000000000002,161.64770000000004,579.5926699999999,324.33246999999994,1065.5728399999998
21,4B,Albuquerque,0.05,0.1,181.11552,532.8160799999999,290.44557,1004.3771699999999
22,4B,Albuquerque,0.05,0.25,111.00233,659.9711299999999,387.22909,1158.20255
23,4B,Albuquerque,0.05,0.2,136.57922,619.1485,355.84412,1111.57184
24,4B,Albuquerque,0.05,0.30000000000000004,90.61823000000001,700.95211,418.36069999999995,1209.93104
25,4B,Albuquerque,0.05,0.35000000000000003,75.60801000000001,742.81985,449.80901,1268.23687
26,4B,Albuquerque,0.05,0.45,56.55659,823.1349700000001,516.37935,1396.0709100000001
27,4B,Albuquerque,0.05,0.4,65.06132,783.42079,482.80914999999993,1331.29126
28,4B,Albuquerque,0.05,0.55,45.729760000000006,899.14297,580.41609,1525.2888200000002
29,4B,Albuquerque,0.05,0.5,50.70086,861.55068,548.9994499999999,1461.25099
30,4B,Albuquerque,0.05,0.6000000000000001,41.319790000000005,936.6402499999999,610.15422,1588.1142599999998
31,4B,Albuquerque,0.05,0.65,37.396770000000004,973.8841699999999,639.5756499999999,1650.8565899999999
32,4B,Albuquerque,0.05,0.7000000000000001,33.884820000000005,1010.05131,668.99708,1712.9332100000001
33,4B,Albuquerque,0.05,0.75,30.78309,1044.44493,698.41851,1773.64653
34,4B,Albuquerque,0.05,0.8500000000000001,25.52101,1117.38094,757.51473,1900.4166799999998
35,4B,Albuquerque,0.05,0.8,28.016550000000002,1079.78865,727.93495,1835.74015
36,4B,Albuquerque,0.05,0.9500000000000001,21.424550000000004,1192.02713,816.83264,2030.2843199999998
37,4B,Albuquerque,0.05,0.9,23.338130000000003,1155.9233299999999,787.2528599999999,1966.5143199999998
38,4B,Albuquerque,0.15000000000000002,0.01,318.35742000000005,428.93847999999997,213.74082999999996,961.03673
39,4B,Albuquerque,0.15000000000000002,0.15000000000000002,218.54620000000003,563.25095,295.51277,1077.30992
40,4B,Albuquerque,0.15000000000000002,0.1,245.65247000000002,514.3208,265.42627,1025.39954
41,4B,Albuquerque,0.15000000000000002,0.25,147.99278,648.12655,353.94392,1150.06325
42,4B,Albuquerque,0.15000000000000002,0.2,180.96194000000003,605.8471,324.3008,1111.10984
43,4B,Albuquerque,0.15000000000000002,0.30000000000000004,121.78758,690.0576299999999,383.90373999999997,1195.74895
44,4B,Albuquerque,0.15000000000000002,0.35000000000000003,101.41197,731.70368,414.11691999999994,1247.23257
45,4B,Albuquerque,0.15000000000000002,0.45,77.07592000000001,815.3441499999999,477.26689999999996,1369.6869699999997
46,4B,Albuquerque,0.15000000000000002,0.4,87.55014,773.4447399999999,446.13529,1307.13017
47,4B,Albuquerque,0.15000000000000002,0.55,62.6113,896.2926699999999,535.31801,1494.2219799999998
48,4B,Albuquerque,0.15000000000000002,0.5,69.25878,858.2886699999999,506.52997999999997,1434.0774299999998
49,4B,Albuquerque,0.15000000000000002,0.6000000000000001,56.67331000000001,932.58649,564.32773,1553.58753
50,4B,Albuquerque,0.15000000000000002,0.65,51.37148,966.3467099999999,593.11576,1610.83395
51,4B,Albuquerque,0.15000000000000002,0.7000000000000001,46.74747000000001,997.6366699999999,622.1571499999999,1666.5412899999997
52,4B,Albuquerque,0.15000000000000002,0.75,42.71626,1030.25677,650.97685,1723.94988
53,4B,Albuquerque,0.15000000000000002,0.8500000000000001,36.07622,1100.43749,708.7746,1845.28831
54,4B,Albuquerque,0.15000000000000002,0.8,39.223650000000006,1065.5371499999999,679.76488,1784.5256799999997
55,4B,Albuquerque,0.15000000000000002,0.9500000000000001,30.761850000000003,1174.03857,766.54068,1971.3411
56,4B,Albuquerque,0.15000000000000002,0.9,33.262280000000004,1137.2697,737.5309599999999,1908.0629399999998
57,4B,Albuquerque,0.1,0.01,262.41398,438.09111,221.27829,921.78338
58,4B,Albuquerque,0.1,0.15000000000000002,188.68167,570.9784299999999,308.05409,1067.7141899999997
59,4B,Albuquerque,0.1,0.1,211.01532000000003,523.5367699999999,276.03571999999997,1010.5878099999999
60,4B,Albuquerque,0.1,0.25,128.73513,656.6774499999999,369.01883999999995,1154.43142
61,4B,Albuquerque,0.1,0.2,157.80506000000003,611.80106,338.36228,1107.9684
62,4B,Albuquerque,0.1,0.30000000000000004,105.46821999999999,697.84845,399.70706999999993,1203.0237399999999
63,4B,Albuquerque,0.1,0.35000000000000003,87.52502999999999,739.5578399999999,430.45863999999995,1257.54151
64,4B,Albuquerque,0.1,0.45,66.21718,825.0985099999999,496.49059,1387.8062799999998
65,4B,Albuquerque,0.1,0.4,75.67796000000001,781.01387,463.04707,1319.7389
66,4B,Albuquerque,0.1,0.55,53.66806,899.5230099999999,556.3468899999999,1509.5379599999997
67,4B,Albuquerque,0.1,0.5,59.54951,863.2291899999999,526.89379,1449.67249
68,4B,Albuquerque,0.1,0.6000000000000001,48.57453,935.4684599999999,585.5783,1569.62129
69,4B,Albuquerque,0.1,0.65,44.05212,970.59049,615.06307,1629.70568
70,4B,Albuquerque,0.1,0.7000000000000001,40.03834,1002.0387999999999,644.1044599999999,1686.1816
71,4B,Albuquerque,0.1,0.75,36.57315,1035.83069,673.33587,1745.7397099999998
72,4B,Albuquerque,0.1,0.8500000000000001,30.723370000000003,1108.7667,731.79869,1871.28876
73,4B,Albuquerque,0.1,0.8,33.443999999999996,1072.75791,702.47227,1808.67418
74,4B,Albuquerque,0.1,0.9500000000000001,26.16929,1182.14609,790.3565199999999,1998.6718999999998
75,4B,Albuquerque,0.1,0.9,28.30626,1145.59891,761.09344,1934.99861
76,4B,Albuquerque,0.25,0.01,440.02207,414.7186499999999,203.82811999999998,1058.56884
77,4B,Albuquerque,0.25,0.15000000000000002,290.63937,547.891,278.75933999999995,1117.28971
78,4B,Albuquerque,0.25,0.1,337.14428,499.34088999999994,251.39645999999996,1087.8816299999999
79,4B,Albuquerque,0.25,0.25,196.67822,630.0746499999999,331.74325,1158.4961199999998
80,4B,Albuquerque,0.25,0.2,238.42592,589.12534,304.44370999999995,1131.99497
81,4B,Albuquerque,0.25,0.30000000000000004,163.61615,669.1871,359.64452,1192.44777
82,4B,Albuquerque,0.25,0.35000000000000003,137.45365,707.7294899999999,387.73581,1232.91895
83,4B,Albuquerque,0.25,0.45,105.47514000000001,792.41507,444.96349999999995,1342.8537099999999
84,4B,Albuquerque,0.25,0.4,119.09872,748.86882,415.85877,1283.82631
85,4B,Albuquerque,0.25,0.55,85.38687,873.99699,501.3361,1460.71996
86,4B,Albuquerque,0.25,0.5,94.70908,834.15613,473.14979999999997,1402.0150099999998
87,4B,Albuquerque,0.25,0.6000000000000001,77.29426000000001,908.6439700000001,529.2057,1515.1439300000002
88,4B,Albuquerque,0.25,0.65,70.27205000000001,946.3312699999999,557.4236699999999,1574.0269899999998
89,4B,Albuquerque,0.25,0.7000000000000001,64.06433,982.4033999999999,585.45162,1631.91935
90,4B,Albuquerque,0.25,0.75,58.56355,1016.2586299999999,613.6379199999999,1688.4600999999998
91,4B,Albuquerque,0.25,0.8500000000000001,49.66368,1088.02285,670.0105199999999,1807.6970499999998
92,4B,Albuquerque,0.25,0.8,53.84474,1051.82404,641.72921,1747.39799
93,4B,Albuquerque,0.25,0.9500000000000001,42.67633000000001,1160.48381,725.8447299999999,1929.0048699999998
94,4B,Albuquerque,0.25,0.9,45.955330000000004,1124.1583199999998,697.94346,1868.0571099999997
95,4B,Albuquerque,0.2,0.01,377.73122,421.11598999999995,208.13523999999998,1006.9824499999999
96,4B,Albuquerque,0.2,0.15000000000000002,252.18288,554.76339,286.07511,1093.02138
97,4B,Albuquerque,0.2,0.1,286.8347,506.62498999999997,257.44543,1050.90512
98,4B,Albuquerque,0.2,0.25,170.51989,639.1639399999999,341.68762999999996,1151.3714599999998
99,4B,Albuquerque,0.2,0.2,207.92391,597.0745099999999,313.15295999999995,1118.1513799999998
100,4B,Albuquerque,0.2,0.30000000000000004,140.97489000000002,681.0316799999999,370.85569999999996,1192.86227
101,4B,Albuquerque,0.2,0.35000000000000003,117.75281000000001,720.96755,400.34047,1239.06083
102,4B,Albuquerque,0.2,0.45,89.82211000000001,803.1511999999999,459.97508,1352.9483899999998
103,4B,Albuquerque,0.2,0.4,101.69810000000001,761.85352,430.26862,1293.82024
104,4B,Albuquerque,0.2,0.55,72.87278,882.73791,517.10776,1472.71845
105,4B,Albuquerque,0.2,0.5,80.75305,844.60723,488.63642999999996,1413.99671
106,4B,Albuquerque,0.2,0.6000000000000001,66.06376,921.2802999999999,545.6741,1533.0181599999999
107,4B,Albuquerque,0.2,0.65,60.02842000000001,958.14418,574.30378,1592.47638
108,4B,Albuquerque,0.2,0.7000000000000001,54.70172000000001,990.19422,602.77511,1647.67105
109,4B,Albuquerque,0.2,0.75,50.03031,1023.4160499999998,631.08809,1704.5344499999999
110,4B,Albuquerque,0.2,0.8500000000000001,42.33411,1094.8002299999998,688.25244,1825.3867799999998
111,4B,Albuquerque,0.2,0.8,45.885810000000006,1058.4114,659.71777,1764.01498
112,4B,Albuquerque,0.2,0.9500000000000001,36.2095,1167.73624,745.22677,1949.1725099999999
113,4B,Albuquerque,0.2,0.9,39.115899999999996,1130.71401,716.59709,1886.427
114,4B,Albuquerque,0.30000000000000004,0.01,505.37236999999993,409.33475,200.50277,1115.2098899999999
115,4B,Albuquerque,0.30000000000000004,0.15000000000000002,331.87348,543.01382,273.9455,1148.8328
116,4B,Albuquerque,0.30000000000000004,0.1,385.67865000000006,493.7036299999999,247.18434999999997,1126.56663
117,4B,Albuquerque,0.30000000000000004,0.25,223.92801,625.64085,326.07431999999994,1175.64318
118,4B,Albuquerque,0.30000000000000004,0.2,271.34464,584.37484,299.2815,1155.00098
119,4B,Albuquerque,0.30000000000000004,0.30000000000000004,187.43580000000003,663.35982,352.89881,1203.69443
120,4B,Albuquerque,0.30000000000000004,0.35000000000000003,157.73179,703.32736,380.45171,1241.51086
121,4B,Albuquerque,0.30000000000000004,0.45,124.72261,783.26244,435.65252,1343.6375699999999
122,4B,Albuquerque,0.30000000000000004,0.4,138.90754,740.98299,408.00461,1287.89514
123,4B,Albuquerque,0.30000000000000004,0.55,100.46283,862.3741,487.3696299999999,1450.2065599999999
124,4B,Albuquerque,0.30000000000000004,0.5,112.35477,826.99871,463.55379,1402.90727
125,4B,Albuquerque,0.30000000000000004,0.6000000000000001,90.95995,901.1065099999998,514.89086,1506.95732
126,4B,Albuquerque,0.30000000000000004,0.65,82.66499,939.80725,542.53877,1565.01101
127,4B,Albuquerque,0.30000000000000004,0.7000000000000001,75.4179,975.8477099999999,570.1866799999999,1621.4522899999997
128,4B,Albuquerque,0.30000000000000004,0.75,69.03779999999999,1009.03787,597.83459,1675.91026
129,4B,Albuquerque,0.30000000000000004,0.8500000000000001,58.52425,1083.05066,653.44711,1795.0220199999999
130,4B,Albuquerque,0.30000000000000004,0.8,63.363789999999995,1045.04666,625.6091799999999,1734.0196299999998
131,4B,Albuquerque,0.30000000000000004,0.9500000000000001,50.390829999999994,1154.0548,708.5212399999999,1912.9668699999997
132,4B,Albuquerque,0.30000000000000004,0.9,54.21077,1118.8060899999998,681.19003,1854.2068899999997
133,4B,Albuquerque,0.35000000000000003,0.01,571.78585,404.45757,197.9375,1174.18092
134,4B,Albuquerque,0.35000000000000003,0.15000000000000002,379.58911,536.67982,269.63838,1185.90731
135,4B,Albuquerque,0.35000000000000003,0.1,437.56367,488.06637,243.47895999999997,1169.109
136,4B,Albuquerque,0.35000000000000003,0.25,257.25355,616.7099099999999,318.06181,1192.0252699999999
137,4B,Albuquerque,0.35000000000000003,0.2,309.94377,577.9141599999999,293.35920999999996,1181.2171399999997
138,4B,Albuquerque,0.35000000000000003,0.30000000000000004,216.60598000000002,654.08051,343.80951999999996,1214.49601
139,4B,Albuquerque,0.35000000000000003,0.35000000000000003,183.39085,690.5326799999999,370.63401,1244.5575399999998
140,4B,Albuquerque,0.35000000000000003,0.45,146.28327000000002,772.3679599999999,424.53635,1343.18758
141,4B,Albuquerque,0.35000000000000003,0.4,162.87171999999998,731.51366,397.45849999999996,1291.84388
142,4B,Albuquerque,0.35000000000000003,0.55,118.19397000000001,852.2080299999999,475.1766799999999,1445.5786799999998
143,4B,Albuquerque,0.35000000000000003,0.5,131.9436,814.0140099999999,451.70921,1397.66682
144,4B,Albuquerque,0.35000000000000003,0.6000000000000001,107.04085,890.43372,502.47621999999996,1499.9507899999999
145,4B,Albuquerque,0.35000000000000003,0.65,97.36899,929.22947,529.58574,1556.1842
146,4B,Albuquerque,0.35000000000000003,0.7000000000000001,88.87083000000001,968.34192,556.69526,1613.9080099999999
147,4B,Albuquerque,0.35000000000000003,0.75,81.46305000000001,1003.4639500000001,583.9314599999999,1668.85846
148,4B,Albuquerque,0.35000000000000003,0.8500000000000001,69.02911,1077.0650299999998,638.5938799999999,1784.6880199999996
149,4B,Albuquerque,0.35000000000000003,0.8,74.88803999999999,1039.94779,611.16766,1726.00349
150,4B,Albuquerque,0.35000000000000003,0.9500000000000001,59.62209,1147.7207999999998,692.81292,1900.1558099999997
151,4B,Albuquerque,0.35000000000000003,0.9,64.01464,1113.77056,665.9884299999999,1843.77363
152,4B,Albuquerque,0.45,0.01,702.73112,396.47673,194.61214999999999,1293.82
153,4B,Albuquerque,0.45,0.15000000000000002,471.72735,526.6404299999999,262.10092,1260.4687
154,4B,Albuquerque,0.45,0.1,543.87306,479.61047999999994,238.12672999999998,1261.61027
155,4B,Albuquerque,0.45,0.25,329.87050999999997,601.1599399999999,306.02720999999997,1237.05766
156,4B,Albuquerque,0.45,0.2,395.07209,565.1511499999999,283.50984,1243.73308
157,4B,Albuquerque,0.45,0.30000000000000004,281.93607000000003,638.30885,329.93806,1250.18298
158,4B,Albuquerque,0.45,0.35000000000000003,243.12511999999998,668.9654099999999,355.14738,1267.2379099999998
159,4B,Albuquerque,0.45,0.45,196.28294,754.7594399999999,406.54778999999996,1357.59017
160,4B,Albuquerque,0.45,0.4,217.24844000000002,713.4617599999999,380.89509,1311.60529
161,4B,Albuquerque,0.45,0.55,160.52801,834.91621,455.38292999999993,1450.8271499999998
162,4B,Albuquerque,0.45,0.5,178.25382000000002,796.53217,432.80222,1407.58821
163,4B,Albuquerque,0.45,0.6000000000000001,146.1996,875.64383,481.57401999999996,1503.41745
164,4B,Albuquerque,0.45,0.65,133.45405,914.66127,507.82845,1555.9437699999999
165,4B,Albuquerque,0.45,0.7000000000000001,122.17552,953.83706,534.1778899999999,1610.19047
166,4B,Albuquerque,0.45,0.75,112.27814,991.84106,560.5906699999999,1664.7098699999997
167,4B,Albuquerque,0.45,0.8500000000000001,95.75431,1067.05731,613.5112399999999,1776.3228599999998
168,4B,Albuquerque,0.45,0.8,103.53108,1028.35657,586.97178,1718.85943
169,4B,Albuquerque,0.45,0.9500000000000001,82.80238,1137.49139,665.41837,1885.71214
170,4B,Albuquerque,0.45,0.9,88.76610000000001,1103.31946,640.0190299999999,1832.10459
171,4B,Albuquerque,0.4,0.01,637.9053799999999,400.15045,195.97396,1234.0297899999998
172,4B,Albuquerque,0.4,0.15000000000000002,424.64127999999994,531.51761,265.61629,1221.7751799999999
173,4B,Albuquerque,0.4,0.1,490.45767,483.56922999999995,240.66032999999996,1214.68723
174,4B,Albuquerque,0.4,0.25,292.29458999999997,609.1724499999999,311.50611999999995,1212.9731599999998
175,4B,Albuquerque,0.4,0.2,353.27364,571.1367799999999,287.8803,1212.29072
176,4B,Albuquerque,0.4,0.30000000000000004,248.30275,646.5113799999999,336.30373,1231.1178599999998
177,4B,Albuquerque,0.4,0.35000000000000003,211.97418,678.87812,362.27313,1253.12543
178,4B,Albuquerque,0.4,0.45,170.31058000000002,762.51859,414.78198999999995,1347.61116
179,4B,Albuquerque,0.4,0.4,188.91422,722.32936,388.43255,1299.6761299999998
180,4B,Albuquerque,0.4,0.55,138.31099,842.8970499999999,464.56722999999994,1445.7752699999999
181,4B,Albuquerque,0.4,0.5,154.15913,804.8613799999999,441.70149,1400.722
182,4B,Albuquerque,0.4,0.6000000000000001,125.52187,883.4663199999999,491.3283799999999,1500.31657
183,4B,Albuquerque,0.4,0.65,114.32815,922.35708,517.99452,1554.67975
184,4B,Albuquerque,0.4,0.7000000000000001,104.57148000000001,959.2842999999999,544.8190099999999,1608.6747899999998
185,4B,Albuquerque,0.4,0.75,95.95514,997.7000099999999,571.58016,1665.2353099999998
186,4B,Albuquerque,0.4,0.8500000000000001,81.46584,1071.87115,625.35582,1778.69281
187,4B,Albuquerque,0.4,0.8,88.28911,1034.50055,598.37298,1721.16264
188,4B,Albuquerque,0.4,0.9500000000000001,70.28679,1143.54036,678.49808,1892.32523
189,4B,Albuquerque,0.4,0.9,75.42199,1108.7350299999998,652.37033,1836.5273499999998
190,4B,Albuquerque,0.55,0.01,829.5932999999999,390.20606999999995,192.90196999999998,1412.7013399999996
191,4B,Albuquerque,0.55,0.15000000000000002,564.23098,518.78627,257.22373999999996,1340.2409899999998
192,4B,Albuquerque,0.55,0.1,648.4877999999999,472.8331,234.0413,1355.3622
193,4B,Albuquerque,0.55,0.25,411.1691,588.7452999999999,298.14137999999997,1298.05578
194,4B,Albuquerque,0.55,0.2,481.58539999999994,555.01675,277.23918,1313.84133
195,4B,Albuquerque,0.55,0.30000000000000004,354.64273,624.2157,320.37372,1299.23215
196,4B,Albuquerque,0.55,0.35000000000000003,309.70628,655.4106499999999,344.03121,1309.1481399999998
197,4B,Albuquerque,0.55,0.45,253.02450000000002,739.2094699999999,393.11970999999994,1385.3536799999997
198,4B,Albuquerque,0.55,0.4,278.88205999999997,696.67666,368.44878,1344.0075
199,4B,Albuquerque,0.55,0.55,209.21965,820.2846699999999,440.37135,1469.87567
200,4B,Albuquerque,0.55,0.5,230.73077,780.22212,418.29736,1429.25025
201,4B,Albuquerque,0.55,0.6000000000000001,191.75761,861.99406,465.26397,1519.01564
202,4B,Albuquerque,0.55,0.65,176.31097,903.57677,490.885,1570.77274
203,4B,Albuquerque,0.55,0.7000000000000001,162.22465,943.0692599999999,516.221,1621.5149099999999
204,4B,Albuquerque,0.55,0.75,149.76285000000001,981.48497,541.77869,1673.0265100000001
205,4B,Albuquerque,0.55,0.8500000000000001,128.69427,1056.7645599999998,593.1791,1778.6379299999999
206,4B,Albuquerque,0.55,0.8,138.58549,1020.6290899999999,567.65308,1726.86766
207,4B,Albuquerque,0.55,0.9500000000000001,112.08264999999999,1127.2936499999998,642.48929,1881.8655899999999
208,4B,Albuquerque,0.55,0.9,119.66408999999999,1093.6917799999999,618.9268099999999,1832.2826799999998
209,4B,Albuquerque,0.5,0.01,766.83015,393.11970999999994,193.63038,1353.58024
210,4B,Albuquerque,0.5,0.15000000000000002,518.1356000000001,522.1749599999999,259.34562999999997,1299.65619
211,4B,Albuquerque,0.5,0.1,596.53475,475.90509000000003,235.84649,1308.28633
212,4B,Albuquerque,0.5,0.25,371.12078999999994,594.73093,301.68842,1267.5401399999998
213,4B,Albuquerque,0.5,0.2,437.6963,559.64057,280.02614,1277.36301
214,4B,Albuquerque,0.5,0.30000000000000004,317.40689,630.4546899999999,324.71251,1272.5740899999998
215,4B,Albuquerque,0.5,0.35000000000000003,275.6536,660.7628799999999,349.13007999999996,1285.5465599999998
216,4B,Albuquerque,0.5,0.45,224.01288000000002,746.5252399999999,399.35869999999994,1369.89682
217,4B,Albuquerque,0.5,0.4,247.40358,703.6757299999999,374.21272,1325.29203
218,4B,Albuquerque,0.5,0.55,184.29175999999998,828.1705,447.33874999999995,1459.80101
219,4B,Albuquerque,0.5,0.5,203.7777,788.2346299999999,425.07473999999996,1417.0870699999998
220,4B,Albuquerque,0.5,0.6000000000000001,168.45488,868.3913999999999,472.99144999999993,1509.8377299999997
221,4B,Albuquerque,0.5,0.65,154.17918,908.67564,498.86584,1561.72066
222,4B,Albuquerque,0.5,0.7000000000000001,141.57050999999998,948.10479,524.70856,1614.38386
223,4B,Albuquerque,0.5,0.75,130.32300999999998,986.29881,550.6146200000001,1667.2364400000001
224,4B,Albuquerque,0.5,0.8500000000000001,111.45134999999999,1061.48339,602.77511,1775.7098500000002
225,4B,Albuquerque,0.5,0.8,120.41329999999999,1023.7327499999999,576.64736,1720.7934099999998
226,4B,Albuquerque,0.5,0.9500000000000001,96.60665999999999,1133.4059599999998,653.51045,1883.5230699999997
227,4B,Albuquerque,0.5,0.9,103.47967,1099.74075,628.77618,1831.9966
228,4B,Albuquerque,0.6000000000000001,0.01,890.55551,387.73581,192.17355999999998,1470.46488
229,4B,Albuquerque,0.6000000000000001,0.15000000000000002,609.7703300000001,515.61927,255.67191,1381.06151
230,4B,Albuquerque,0.6000000000000001,0.1,699.51732,470.55286,232.71116,1402.7813400000002
231,4B,Albuquerque,0.6000000000000001,0.25,450.78636000000006,584.2164899999999,295.35442,1330.35727
232,4B,Albuquerque,0.6000000000000001,0.2,525.0534399999999,550.96299,275.30731000000003,1351.3237399999998
233,4B,Albuquerque,0.6000000000000001,0.30000000000000004,391.82841,619.05349,316.85835,1327.74025
234,4B,Albuquerque,0.6000000000000001,0.35000000000000003,344.7673,651.10353,339.8191,1335.68993
235,4B,Albuquerque,0.6000000000000001,0.45,283.31865,733.5722099999999,387.89416,1404.78502
236,4B,Albuquerque,0.6000000000000001,0.4,311.88644,691.5777899999999,363.82496,1367.28919
237,4B,Albuquerque,0.6000000000000001,0.55,235.25004,816.04089,434.13236,1485.4232900000002
238,4B,Albuquerque,0.6000000000000001,0.5,258.76635999999996,774.23649,412.50174999999996,1445.5045999999998
239,4B,Albuquerque,0.6000000000000001,0.6000000000000001,216.16284000000002,856.86352,458.80329,1531.8296500000001
240,4B,Albuquerque,0.6000000000000001,0.65,199.26022999999998,898.5095699999998,483.72758,1581.4973799999998
241,4B,Albuquerque,0.6000000000000001,0.7000000000000001,184.04462999999998,937.2419799999999,508.7468799999999,1630.0334899999998
242,4B,Albuquerque,0.6000000000000001,0.75,170.49606,978.38131,534.01954,1682.89691
243,4B,Albuquerque,0.6000000000000001,0.8500000000000001,146.9772,1053.78758,584.6282,1785.39298
244,4B,Albuquerque,0.6000000000000001,0.8,158.05274999999997,1015.62523,559.2922,1732.9701799999998
245,4B,Albuquerque,0.6000000000000001,0.9500000000000001,128.55869,1121.78307,632.70326,1883.04502
246,4B,Albuquerque,0.6000000000000001,0.9,136.97523999999999,1088.84627,609.8375199999999,1835.6590299999998
247,4B,Albuquerque,0.65,0.01,949.60264,385.86728,191.79352,1527.26344
248,4B,Albuquerque,0.65,0.15000000000000002,650.82998,514.60583,255.51356,1420.94937
249,4B,Albuquerque,0.65,0.1,746.94156,470.33116999999993,232.52114,1449.79387
250,4B,Albuquerque,0.65,0.25,483.84306999999995,585.45162,296.52621,1365.8209
251,4B,Albuquerque,0.65,0.2,560.9088,550.64629,275.75068999999996,1387.3057800000001
252,4B,Albuquerque,0.65,0.30000000000000004,420.92509,621.6821,318.47352,1361.08071
253,4B,Albuquerque,0.65,0.35000000000000003,375.80624,655.6956799999999,341.7193,1373.22122
254,4B,Albuquerque,0.65,0.45,311.70432,739.2728099999999,389.69935,1440.67648
255,4B,Albuquerque,0.65,0.4,341.19713,698.41851,365.94685,1405.56249
256,4B,Albuquerque,0.65,0.55,260.5346,821.4247899999999,435.74753,1517.70692
257,4B,Albuquerque,0.65,0.5,285.11346,781.71061,414.21192999999994,1481.0359999999998
258,4B,Albuquerque,0.65,0.6000000000000001,240.46818000000002,863.0391699999999,459.88007,1563.3874199999998
259,4B,Albuquerque,0.65,0.65,221.12018,905.31862,485.0893899999999,1611.5281899999998
260,4B,Albuquerque,0.65,0.7000000000000001,204.98784999999998,944.7794399999999,509.22192999999993,1658.9892199999997
261,4B,Albuquerque,0.65,0.75,190.43497999999997,984.3669399999999,533.67117,1708.47309
262,4B,Albuquerque,0.65,0.8500000000000001,165.38172,1059.48818,583.4564099999999,1808.32631
263,4B,Albuquerque,0.65,0.8,177.22988999999998,1021.70587,558.43711,1757.3728700000001
264,4B,Albuquerque,0.65,0.9500000000000001,145.35038,1126.9136099999998,631.4364599999999,1903.7004499999998
265,4B,Albuquerque,0.65,0.9,154.63796000000002,1094.64188,608.22235,1857.50219
266,4B,Albuquerque,0.7000000000000001,0.01,1006.7113099999999,384.09376,191.69851,1582.5035799999998
267,4B,Albuquerque,0.7000000000000001,0.15000000000000002,689.73777,513.94076,255.70357999999996,1459.3821099999998
268,4B,Albuquerque,0.7000000000000001,0.1,792.6481799999999,470.55286,232.71116,1495.9122
269,4B,Albuquerque,0.7000000000000001,0.25,514.76131,588.61862,298.42641,1401.80634
270,4B,Albuquerque,0.7000000000000001,0.2,594.78149,551.43804,276.85913999999997,1423.0786699999999
271,4B,Albuquerque,0.7000000000000001,0.30000000000000004,450.3442,624.91244,320.94378,1396.2004200000001
272,4B,Albuquerque,0.7000000000000001,0.35000000000000003,406.60456999999997,663.64485,344.82295999999997,1415.07238
273,4B,Albuquerque,0.7000000000000001,0.45,338.89567,748.74214,392.96135999999996,1480.59917
274,4B,Albuquerque,0.7000000000000001,0.4,370.23533,705.9243,368.92382999999995,1445.08346
275,4B,Albuquerque,0.7000000000000001,0.55,285.71586,830.54575,438.75618,1555.0177899999999
276,4B,Albuquerque,0.7000000000000001,0.5,310.98721,790.2615099999999,417.03056,1518.27928
277,4B,Albuquerque,0.7000000000000001,0.6000000000000001,264.30017,870.6399700000001,462.22364999999996,1597.16379
278,4B,Albuquerque,0.7000000000000001,0.65,242.64684999999997,914.43958,487.30629,1644.3927199999998
279,4B,Albuquerque,0.7000000000000001,0.7000000000000001,225.50363,951.8101800000001,510.55207,1687.86588
280,4B,Albuquerque,0.7000000000000001,0.75,210.06655,990.25756,534.20956,1734.53367
281,4B,Albuquerque,0.7000000000000001,0.8500000000000001,183.39981999999998,1064.5870499999999,582.91802,1830.9048899999998
282,4B,Albuquerque,0.7000000000000001,0.8,196.05972,1028.26156,558.5637899999999,1782.8850699999998
283,4B,Albuquerque,0.7000000000000001,0.9500000000000001,161.81495,1132.99425,630.58137,1925.39057
284,4B,Albuquerque,0.7000000000000001,0.9,171.90682,1101.10256,607.17724,1880.18662
285,4B,Albuquerque,0.75,0.01,1061.48235,382.73195,191.82519,1636.0394900000001
286,4B,Albuquerque,0.75,0.15000000000000002,726.8363300000001,514.22579,256.30531,1497.36743
287,4B,Albuquerque,0.75,0.1,836.22377,471.40794999999997,233.24955,1540.8812699999999
288,4B,Albuquerque,0.75,0.25,543.7655299999999,592.7357199999999,301.05502,1437.5562699999998
289,4B,Albuquerque,0.75,0.2,626.6032799999999,552.98987,278.47431,1458.06746
290,4B,Albuquerque,0.75,0.30000000000000004,480.47704,631.87984,324.49082,1436.8476999999998
291,4B,Albuquerque,0.75,0.35000000000000003,436.31719,673.14585,349.0034,1458.4664400000001
292,4B,Albuquerque,0.75,0.45,364.78621,759.66829,397.26847999999995,1521.7229799999998
293,4B,Albuquerque,0.75,0.4,397.9510399999999,716.21705,373.07259999999997,1487.2406899999999
294,4B,Albuquerque,0.75,0.55,309.49556,841.5035699999999,443.06329999999997,1594.06243
295,4B,Albuquerque,0.75,0.5,335.59437,801.8843999999999,421.17933,1558.6580999999999
296,4B,Albuquerque,0.75,0.6000000000000001,287.01903,881.2177499999999,465.86569999999995,1634.10248
297,4B,Albuquerque,0.75,0.65,262.77961,924.47897,490.69498,1677.95356
298,4B,Albuquerque,0.75,0.7000000000000001,244.74559000000002,960.39275,512.76897,1717.90731
299,4B,Albuquerque,0.75,0.75,228.44852999999998,997.1932899999999,535.4446899999999,1761.0865099999996
300,4B,Albuquerque,0.75,0.8500000000000001,200.13602,1069.71759,582.9496899999999,1852.8032999999998
301,4B,Albuquerque,0.75,0.8,213.74092,1035.0072699999998,559.16552,1807.9137099999998
302,4B,Albuquerque,0.75,0.9500000000000001,176.91366,1137.39638,630.04298,1944.3530199999998
303,4B,Albuquerque,0.75,0.9,187.95223,1105.78972,606.70219,1900.44414
304,4B,Albuquerque,0.8500000000000001,0.01,1173.56802,379.56494999999995,192.39524999999998,1745.52822
305,4B,Albuquerque,0.8500000000000001,0.15000000000000002,813.59217,509.76032,254.94349999999997,1578.29599
306,4B,Albuquerque,0.8500000000000001,0.1,929.0536599999999,467.98759,232.39445999999998,1629.43571
307,4B,Albuquerque,0.8500000000000001,0.25,619.48128,591.0888799999999,300.04157999999995,1510.6117399999998
308,4B,Albuquerque,0.8500000000000001,0.2,706.49374,550.6146200000001,277.49254,1534.6009000000001
309,4B,Albuquerque,0.8500000000000001,0.30000000000000004,555.1191799999999,631.84817,323.6674,1510.63475
310,4B,Albuquerque,0.8500000000000001,0.35000000000000003,505.1379999999999,673.8742599999999,347.73659999999995,1526.74886
311,4B,Albuquerque,0.8500000000000001,0.45,426.41558999999995,760.8717499999999,395.39994999999993,1582.6872899999998
312,4B,Albuquerque,0.8500000000000001,0.4,463.09409,717.48385,371.67911999999995,1552.25706
313,4B,Albuquerque,0.8500000000000001,0.55,364.836,843.53045,441.00475,1649.3712
314,4B,Albuquerque,0.8500000000000001,0.5,393.62421000000006,803.18287,418.6773999999999,1615.48448
315,4B,Albuquerque,0.8500000000000001,0.6000000000000001,339.07578,881.5977899999999,463.04707,1683.72064
316,4B,Albuquerque,0.8500000000000001,0.65,310.32986999999997,926.0307999999999,487.30629,1723.6669599999998
317,4B,Albuquerque,0.8500000000000001,0.7000000000000001,290.19649000000004,961.7862299999999,508.43017999999995,1760.4128999999998
318,4B,Albuquerque,0.8500000000000001,0.75,271.77754,996.71824,530.09246,1798.58824
319,4B,Albuquerque,0.8500000000000001,0.8500000000000001,240.12055,1069.14753,575.82394,1885.09202
320,4B,Albuquerque,0.8500000000000001,0.8,255.16888,1035.4823199999998,552.98987,1843.6410699999997
321,4B,Albuquerque,0.8500000000000001,0.9500000000000001,213.91291999999999,1138.1247899999998,621.49208,1973.5297899999998
322,4B,Albuquerque,0.8500000000000001,0.9,226.37579,1104.61793,598.72135,1929.71507
323,4B,Albuquerque,0.8,0.01,1118.87945,380.76841,191.88853,1691.53639
324,4B,Albuquerque,0.8,0.15000000000000002,773.87585,511.1538,254.97517,1540.0048199999999
325,4B,Albuquerque,0.8,0.1,885.15478,468.74766999999997,232.33112,1586.23357
326,4B,Albuquerque,0.8,0.25,583.28183,591.4689199999999,300.38994999999994,1475.1407
327,4B,Albuquerque,0.8,0.2,669.15969,551.02633,277.58755,1497.77357
328,4B,Albuquerque,0.8,0.30000000000000004,519.30998,632.00652,324.14244999999994,1475.4589499999997
329,4B,Albuquerque,0.8,0.35000000000000003,471.80735,673.8109199999999,348.62336,1494.24163
330,4B,Albuquerque,0.8,0.45,396.45684,761.44181,396.85677,1554.75542
331,4B,Albuquerque,0.8,0.4,431.50104,717.76888,372.81924,1522.08916
332,4B,Albuquerque,0.8,0.55,337.55666,844.22719,443.38,1625.16385
333,4B,Albuquerque,0.8,0.5,364.98391,803.97462,420.5776,1589.53613
334,4B,Albuquerque,0.8,0.6000000000000001,313.17908,883.37131,465.89737,1662.44776
335,4B,Albuquerque,0.8,0.65,285.90167999999994,928.5960699999998,490.82165999999995,1705.3194099999996
336,4B,Albuquerque,0.8,0.7000000000000001,266.64421999999996,963.59142,512.48394,1742.71958
337,4B,Albuquerque,0.8,0.75,249.35455000000002,1000.0435899999999,534.62127,1784.0194099999999
338,4B,Albuquerque,0.8,0.8500000000000001,219.2377,1073.39131,581.39786,1874.02687
339,4B,Albuquerque,0.8,0.8,233.52765,1037.4458599999998,558.0887399999999,1829.0622499999997
340,4B,Albuquerque,0.8,0.9500000000000001,194.50687,1140.69006,628.04777,1963.2446999999997
341,4B,Albuquerque,0.8,0.9,206.31551000000002,1109.27342,604.8336599999999,1920.4225899999997
342,4B,Albuquerque,0.9500000000000001,0.01,1275.96437,377.44306,193.66205,1847.0694799999999
343,4B,Albuquerque,0.9500000000000001,0.15000000000000002,888.5752799999999,508.3035,255.64023999999998,1652.51902
344,4B,Albuquerque,0.9500000000000001,0.1,1012.06755,467.54420999999996,233.21787999999998,1712.82964
345,4B,Albuquerque,0.9500000000000001,0.25,689.74511,591.72228,300.42161999999996,1581.8890099999999
346,4B,Albuquerque,0.9500000000000001,0.2,778.9149699999999,551.058,278.09427,1608.0672399999999
347,4B,Albuquerque,0.9500000000000001,0.30000000000000004,623.5212700000001,633.4,323.69906999999995,1580.62034
348,4B,Albuquerque,0.9500000000000001,0.35000000000000003,570.27149,675.42609,347.38822999999996,1593.08581
349,4B,Albuquerque,0.9500000000000001,0.45,484.49772,760.6817299999999,393.81645,1638.9959
350,4B,Albuquerque,0.9500000000000001,0.4,524.40061,717.9589,370.69735,1613.05686
351,4B,Albuquerque,0.9500000000000001,0.55,418.40355999999997,842.7070299999999,437.96442999999994,1699.0750199999998
352,4B,Albuquerque,0.9500000000000001,0.5,449.83037,801.44102,416.33382,1667.60521
353,4B,Albuquerque,0.9500000000000001,0.6000000000000001,391.0432599999999,879.6659199999999,458.67661000000004,1729.3857899999998
354,4B,Albuquerque,0.9500000000000001,0.65,359.7104,922.57877,482.11240999999995,1764.40158
355,4B,Albuquerque,0.9500000000000001,0.7000000000000001,337.45343,957.19408,501.87449,1796.522
356,4B,Albuquerque,0.9500000000000001,0.75,317.27265,992.03108,522.555,1831.85873
357,4B,Albuquerque,0.9500000000000001,0.8500000000000001,282.43697000000003,1064.04866,566.2279299999999,1912.7135599999997
358,4B,Albuquerque,0.9500000000000001,0.8,298.99631999999997,1027.97653,544.31229,1871.28514
359,4B,Albuquerque,0.9500000000000001,0.9500000000000001,253.40412,1131.4424199999999,609.8375199999999,1994.6840599999996
360,4B,Albuquerque,0.9500000000000001,0.9,267.28959000000003,1096.32039,588.04856,1951.6585400000001
361,4B,Albuquerque,0.9,0.01,1225.80631,378.4565,192.99697999999998,1797.2597899999998
362,4B,Albuquerque,0.9,0.15000000000000002,851.53667,508.68354,255.16518999999997,1615.3854
363,4B,Albuquerque,0.9,0.1,971.5265400000001,467.73422999999997,232.74282999999997,1672.0036
364,4B,Albuquerque,0.9,0.25,655.6199399999999,591.2788999999999,300.13658999999996,1547.03543
365,4B,Albuquerque,0.9,0.2,743.3960999999999,550.55128,277.61922,1571.5666
366,4B,Albuquerque,0.9,0.30000000000000004,589.89156,632.41823,323.54071999999996,1545.85051
367,4B,Albuquerque,0.9,0.35000000000000003,537.8643699999999,674.44432,347.38822999999996,1559.6969199999999
368,4B,Albuquerque,0.9,0.45,455.9492399999999,760.7450699999999,394.44984999999997,1611.1441599999998
369,4B,Albuquerque,0.9,0.4,493.80697,717.67387,370.88737,1582.3682099999999
370,4B,Albuquerque,0.9,0.55,391.62605,842.7387,439.26289999999995,1673.62765
371,4B,Albuquerque,0.9,0.5,421.69105,802.04275,417.28391999999997,1641.0177199999998
372,4B,Albuquerque,0.9,0.6000000000000001,365.45752,880.55268,460.60848,1706.61868
373,4B,Albuquerque,0.9,0.65,334.99972999999994,923.4021899999999,484.45599,1742.8579099999997
374,4B,Albuquerque,0.9,0.7000000000000001,313.82039,959.1892899999999,504.94647999999995,1777.9561599999997
375,4B,Albuquerque,0.9,0.75,294.48385999999994,995.0713999999999,526.00703,1815.5622899999998
376,4B,Albuquerque,0.9,0.8500000000000001,261.23168,1067.08898,570.82008,1899.1407399999998
377,4B,Albuquerque,0.9,0.8,277.07261,1031.87194,548.3977199999999,1857.3422699999999
378,4B,Albuquerque,0.9,0.9500000000000001,233.48561,1135.55952,615.44311,1984.4882400000001
379,4B,Albuquerque,0.9,0.9,246.62268999999998,1101.10256,593.1791,1940.9043499999998
380,3A,Atlanta,0.01,0.01,240.97916,736.20082,145.23862,1122.4186
381,3A,Atlanta,0.01,0.15000000000000002,158.47154999999998,869.56319,184.57276,1212.6075
382,3A,Atlanta,0.01,0.1,201.79147,823.22998,169.37115999999997,1194.3926099999999
383,3A,Atlanta,0.01,0.25,108.80403000000001,950.92342,215.13431,1274.8617599999998
384,3A,Atlanta,0.01,0.2,129.16373,909.68908,199.39432,1238.2471299999997
385,3A,Atlanta,0.01,0.30000000000000004,95.54050000000001,992.4744599999999,230.43092000000001,1318.44588
386,3A,Atlanta,0.01,0.35000000000000003,84.82097999999999,1033.89882,245.98089,1364.70069
387,3A,Atlanta,0.01,0.45,68.76794,1123.36657,279.07604,1471.2105499999998
388,3A,Atlanta,0.01,0.4,76.03502,1077.69843,262.25927,1415.99272
389,3A,Atlanta,0.01,0.55,57.79208,1210.0473599999998,311.37944,1579.2188799999997
390,3A,Atlanta,0.01,0.5,62.90284,1166.2794199999998,295.1644,1524.3466599999997
391,3A,Atlanta,0.01,0.6000000000000001,53.244789999999995,1252.67518,327.43613,1633.3561
392,3A,Atlanta,0.01,0.65,49.32516,1296.1264199999998,343.36614,1688.81772
393,3A,Atlanta,0.01,0.7000000000000001,45.84232,1337.64579,359.48617,1742.97428
394,3A,Atlanta,0.01,0.75,42.85961,1381.41373,375.35283999999996,1799.62618
395,3A,Atlanta,0.01,0.8500000000000001,37.86448,1466.6377,407.33954,1911.84172
396,3A,Atlanta,0.01,0.8,40.197,1423.47149,391.31451999999996,1854.98301
397,3A,Atlanta,0.01,0.9500000000000001,33.6696,1548.663,439.54792999999995,2021.88053
398,3A,Atlanta,0.01,0.9,35.66034,1507.5870099999997,423.42789999999997,1966.6752499999996
399,3A,Atlanta,0.05,0.01,281.31675,729.6134599999999,143.1484,1154.07861
400,3A,Atlanta,0.05,0.15000000000000002,186.49143,861.8673799999999,181.21573999999998,1229.5745499999998
401,3A,Atlanta,0.05,0.1,233.53863,815.66085,166.48918999999998,1215.68867
402,3A,Atlanta,0.05,0.25,132.23812999999998,942.97425,210.38381,1285.59619
403,3A,Atlanta,0.05,0.2,154.86872,902.49999,195.49890999999997,1252.86762
404,3A,Atlanta,0.05,0.30000000000000004,116.65865,984.9053299999999,225.04702,1326.6109999999999
405,3A,Atlanta,0.05,0.35000000000000003,104.43171999999998,1026.23468,240.18528,1370.85168
406,3A,Atlanta,0.05,0.45,85.22868,1113.92891,272.23531999999994,1471.39291
407,3A,Atlanta,0.05,0.4,94.03505,1070.00262,256.05195,1420.08962
408,3A,Atlanta,0.05,0.55,72.03677,1200.1979900000001,304.06367,1576.29843
409,3A,Atlanta,0.05,0.5,78.26682,1157.50683,288.10199,1523.8756400000002
410,3A,Atlanta,0.05,0.6000000000000001,66.67605,1243.96593,319.80366,1630.4456400000001
411,3A,Atlanta,0.05,0.65,61.74128,1286.53041,335.63866,1683.91035
412,3A,Atlanta,0.05,0.7000000000000001,57.47583,1328.5248299999998,351.37865,1737.3793099999998
413,3A,Atlanta,0.05,0.75,53.603809999999996,1372.48279,367.24531999999994,1793.33192
414,3A,Atlanta,0.05,0.8500000000000001,47.38014,1457.39006,398.78864,1903.55884
415,3A,Atlanta,0.05,0.8,50.30525,1413.5271099999998,382.98531,1846.81767
416,3A,Atlanta,0.05,0.9500000000000001,42.51849,1540.52381,430.49031,2013.5326099999997
417,3A,Atlanta,0.05,0.9,44.847609999999996,1496.78754,414.5286299999999,1956.1637799999999
418,3A,Atlanta,0.15000000000000002,0.01,389.00284,718.40228,140.04474,1247.44986
419,3A,Atlanta,0.15000000000000002,0.15000000000000002,264.89851,847.0458199999999,175.54681,1287.4911399999999
420,3A,Atlanta,0.15000000000000002,0.1,318.65912,801.91607,161.77035999999998,1282.34555
421,3A,Atlanta,0.15000000000000002,0.25,200.92079999999999,928.6910799999999,201.51621,1331.12809
422,3A,Atlanta,0.15000000000000002,0.2,229.13977,887.55175,188.34149,1305.0330099999999
423,3A,Atlanta,0.15000000000000002,0.30000000000000004,180.8429,968.69029,214.97596,1364.50915
424,3A,Atlanta,0.15000000000000002,0.35000000000000003,165.76246999999998,1010.6847099999999,229.06911,1405.5162899999998
425,3A,Atlanta,0.15000000000000002,0.45,137.66291999999999,1096.70043,259.3773,1493.7406500000002
426,3A,Atlanta,0.15000000000000002,0.4,150.91223,1053.3442,243.98568,1448.24211
427,3A,Atlanta,0.15000000000000002,0.55,117.79288999999999,1181.00597,289.62215,1588.4210099999998
428,3A,Atlanta,0.15000000000000002,0.5,126.94487,1139.26491,274.54722999999996,1540.75701
429,3A,Atlanta,0.15000000000000002,0.6000000000000001,109.57188,1222.5570099999998,304.79207999999994,1636.9209699999997
430,3A,Atlanta,0.15000000000000002,0.65,101.85929,1264.45642,319.96200999999996,1686.27772
431,3A,Atlanta,0.15000000000000002,0.7000000000000001,95.29107,1307.0209,335.32196,1737.63393
432,3A,Atlanta,0.15000000000000002,0.75,89.38048,1348.28691,350.5869,1788.25429
433,3A,Atlanta,0.15000000000000002,0.8500000000000001,79.49882,1434.58766,381.14844999999997,1895.2349299999998
434,3A,Atlanta,0.15000000000000002,0.8,84.28587,1390.15465,365.75683,1840.19735
435,3A,Atlanta,0.15000000000000002,0.9500000000000001,71.51586999999999,1515.18781,411.80501,1998.50869
436,3A,Atlanta,0.15000000000000002,0.9,75.32688999999999,1473.22506,396.44506,1944.99701
437,3A,Atlanta,0.1,0.01,333.38946,723.3428,141.21653,1197.94879
438,3A,Atlanta,0.1,0.15000000000000002,224.38364,853.9815499999999,177.9854,1256.35059
439,3A,Atlanta,0.1,0.1,275.85699,808.1867299999999,163.76557,1247.80929
440,3A,Atlanta,0.1,0.25,165.02891,935.0884199999999,205.44329,1305.56062
441,3A,Atlanta,0.1,0.2,190.31787,894.7725099999999,191.63517,1276.7255499999999
442,3A,Atlanta,0.1,0.30000000000000004,147.28354,976.86115,219.56811,1343.7127999999998
443,3A,Atlanta,0.1,0.35000000000000003,133.55026,1017.77879,234.07296999999997,1385.40202
444,3A,Atlanta,0.1,0.45,109.61690999999999,1104.7762799999998,265.20457999999996,1479.5977699999999
445,3A,Atlanta,0.1,0.4,120.96601999999999,1060.8183199999999,249.33791,1431.12225
446,3A,Atlanta,0.1,0.55,93.14556,1190.22194,296.24118,1579.6086799999998
447,3A,Atlanta,0.1,0.5,101.19079,1147.65746,280.72288,1529.57113
448,3A,Atlanta,0.1,0.6000000000000001,86.2955,1232.46972,311.69614,1630.46136
449,3A,Atlanta,0.1,0.65,80.33645,1275.0025299999998,327.24611,1682.5850899999998
450,3A,Atlanta,0.1,0.7000000000000001,74.88752,1316.42689,342.70106999999996,1734.01548
451,3A,Atlanta,0.1,0.75,70.20207,1359.81479,358.28270999999995,1788.29957
452,3A,Atlanta,0.1,0.8500000000000001,62.13729,1444.84874,389.28764,1896.2736699999998
453,3A,Atlanta,0.1,0.8,65.85669999999999,1402.18925,373.67432999999994,1841.72028
454,3A,Atlanta,0.1,0.9500000000000001,55.761219999999994,1527.06406,420.5776,2003.40288
455,3A,Atlanta,0.1,0.9,58.72628999999999,1485.1963199999998,404.93262,1948.85523
456,3A,Atlanta,0.25,0.01,495.63278,711.14985,138.77794,1345.56057
457,3A,Atlanta,0.25,0.15000000000000002,350.09785,838.1465499999999,172.22146,1360.46586
458,3A,Atlanta,0.25,0.1,410.3299999999999,792.51008,159.58513,1362.4252099999999
459,3A,Atlanta,0.25,0.25,278.68277,918.62002,195.78394,1393.08673
460,3A,Atlanta,0.25,0.2,310.38056,877.1323199999999,183.59098999999998,1371.10387
461,3A,Atlanta,0.25,0.30000000000000004,255.69356,958.0174999999999,208.51528,1422.22634
462,3A,Atlanta,0.25,0.35000000000000003,236.71813999999998,999.2201699999999,221.65832999999998,1457.59664
463,3A,Atlanta,0.25,0.45,200.28044999999997,1083.6207200000001,250.47803,1534.3792
464,3A,Atlanta,0.25,0.4,218.21182000000002,1040.42284,235.71981,1494.35447
465,3A,Atlanta,0.25,0.55,173.48638,1165.48767,279.29773,1618.27178
466,3A,Atlanta,0.25,0.5,186.12205999999998,1124.9500699999999,264.85621,1575.9283399999997
467,3A,Atlanta,0.25,0.6000000000000001,162.63675999999998,1206.4686499999998,293.83426,1662.9396699999998
468,3A,Atlanta,0.25,0.65,152.29471,1247.32295,308.52914,1708.1468
469,3A,Atlanta,0.25,0.7000000000000001,143.38120999999998,1288.5889599999998,323.28736,1755.2575299999999
470,3A,Atlanta,0.25,0.75,135.24117999999999,1331.1534399999998,338.17226,1804.5668799999999
471,3A,Atlanta,0.25,0.8500000000000001,121.21903999999999,1413.4637699999998,367.81538,1902.4981899999998
472,3A,Atlanta,0.25,0.8,128.08632,1371.12098,353.02549,1852.23279
473,3A,Atlanta,0.25,0.9500000000000001,110.08906999999999,1494.66565,397.42682999999994,2002.1815499999998
474,3A,Atlanta,0.25,0.9,115.33607999999998,1453.71634,382.47858999999994,1951.53101
475,3A,Atlanta,0.2,0.01,441.80821999999995,714.28518,139.25298999999998,1295.34639
476,3A,Atlanta,0.2,0.15000000000000002,306.89018,842.1052999999998,173.74161999999998,1322.7370999999998
477,3A,Atlanta,0.2,0.1,362.48107,796.65885,160.40855,1319.5484700000002
478,3A,Atlanta,0.2,0.25,239.62133,923.11716,198.22253,1360.96102
479,3A,Atlanta,0.2,0.2,269.10009,881.6294599999999,185.61786999999998,1336.34742
480,3A,Atlanta,0.2,0.30000000000000004,217.66937,963.0213599999998,211.39724999999999,1392.0879799999998
481,3A,Atlanta,0.2,0.35000000000000003,200.45068,1004.28737,224.98368,1429.72173
482,3A,Atlanta,0.2,0.45,167.62741,1089.66969,254.53179,1511.82889
483,3A,Atlanta,0.2,0.4,183.35527,1046.15511,239.42519999999996,1468.9355799999998
484,3A,Atlanta,0.2,0.55,144.91792,1172.29672,284.01656,1601.2312000000002
485,3A,Atlanta,0.2,0.5,155.61174,1131.0623799999998,269.25834,1555.93246
486,3A,Atlanta,0.2,0.6000000000000001,134.92254000000003,1214.0061099999998,298.9648,1647.8934499999998
487,3A,Atlanta,0.2,0.65,126.29152,1255.3671299999999,313.78636,1695.44501
488,3A,Atlanta,0.2,0.7000000000000001,118.5615,1297.1715299999998,328.98796,1744.7209899999998
489,3A,Atlanta,0.2,0.75,111.34075000000001,1338.91259,344.06288,1794.31622
490,3A,Atlanta,0.2,0.8500000000000001,99.57971999999998,1422.74308,374.0227,1896.3455
491,3A,Atlanta,0.2,0.8,105.04183,1380.97035,358.94777999999997,1844.9599600000001
492,3A,Atlanta,0.2,0.9500000000000001,89.79073,1505.24343,404.20421,1999.23837
493,3A,Atlanta,0.2,0.9,94.37267,1463.34402,389.12928999999997,1946.84598
494,3A,Atlanta,0.30000000000000004,0.01,551.1505199999999,708.7429299999999,138.61959,1398.5130399999998
495,3A,Atlanta,0.30000000000000004,0.15000000000000002,392.66468,835.9929900000001,171.36637,1400.02404
496,3A,Atlanta,0.30000000000000004,0.1,451.76755999999995,789.75479,159.17342,1400.69577
497,3A,Atlanta,0.30000000000000004,0.25,317.32570000000004,918.55668,195.02385999999998,1430.90624
498,3A,Atlanta,0.30000000000000004,0.2,351.20341,876.24556,182.83091,1410.2798799999998
499,3A,Atlanta,0.30000000000000004,0.30000000000000004,291.82414,958.6825699999998,207.59685,1458.1035599999998
500,3A,Atlanta,0.30000000000000004,0.35000000000000003,270.86435,999.60021,220.7399,1491.20446
501,3A,Atlanta,0.30000000000000004,0.45,235.50619999999998,1080.9604399999998,248.13444999999996,1564.6010899999999
502,3A,Atlanta,0.30000000000000004,0.4,252.13059999999996,1040.3911699999999,234.29466,1526.8164299999999
503,3A,Atlanta,0.30000000000000004,0.55,203.97247,1159.24868,275.27564,1638.49679
504,3A,Atlanta,0.30000000000000004,0.5,219.99939,1121.4347,262.35428,1603.78837
505,3A,Atlanta,0.30000000000000004,0.6000000000000001,191.74106,1199.9762999999998,289.49546999999995,1681.21283
506,3A,Atlanta,0.30000000000000004,0.65,180.13305999999997,1240.2922099999998,303.90531999999996,1724.3305899999996
507,3A,Atlanta,0.30000000000000004,0.7000000000000001,170.12109999999998,1281.24152,318.47352,1769.8361400000001
508,3A,Atlanta,0.30000000000000004,0.75,160.60757,1323.1725999999999,333.04172,1816.82189
509,3A,Atlanta,0.30000000000000004,0.8500000000000001,144.85187,1405.13456,362.33646999999996,1912.3229
510,3A,Atlanta,0.30000000000000004,0.8,152.3534,1363.33016,347.83160999999996,1863.51517
511,3A,Atlanta,0.30000000000000004,0.9500000000000001,131.86251,1486.0830799999999,391.37786,2009.3234499999999
512,3A,Atlanta,0.30000000000000004,0.9,137.78543000000002,1444.6270499999998,376.96801,1959.38049
513,3A,Atlanta,0.35000000000000003,0.01,605.55981,706.71605,138.68293,1450.95879
514,3A,Atlanta,0.35000000000000003,0.15000000000000002,437.00673,833.7127499999999,170.57461999999998,1441.2941
515,3A,Atlanta,0.35000000000000003,0.1,497.32307,787.44288,158.57169,1443.33764
516,3A,Atlanta,0.35000000000000003,0.25,358.37831,915.2946699999999,193.56704,1467.2400199999997
517,3A,Atlanta,0.35000000000000003,0.2,392.70897,873.2685799999999,181.65912,1447.63667
518,3A,Atlanta,0.35000000000000003,0.30000000000000004,334.20964999999995,955.3255499999999,205.82332999999997,1495.3585299999997
519,3A,Atlanta,0.35000000000000003,0.35000000000000003,308.33101999999997,995.7047999999999,218.61801,1522.6538299999997
520,3A,Atlanta,0.35000000000000003,0.45,269.80842,1076.4633,245.41082999999998,1591.68255
521,3A,Atlanta,0.35000000000000003,0.4,288.28965999999997,1036.21073,231.79272999999998,1556.2931199999998
522,3A,Atlanta,0.35000000000000003,0.55,235.53278999999998,1154.08647,271.91862,1661.5378799999999
523,3A,Atlanta,0.35000000000000003,0.5,253.06817999999998,1116.30416,259.15560999999997,1628.52795
524,3A,Atlanta,0.35000000000000003,0.6000000000000001,221.98207999999997,1194.40238,285.82175,1702.20621
525,3A,Atlanta,0.35000000000000003,0.65,209.35149999999996,1234.52827,300.07325,1743.95302
526,3A,Atlanta,0.35000000000000003,0.7000000000000001,197.74519999999998,1274.49581,314.22974,1786.47075
527,3A,Atlanta,0.35000000000000003,0.75,187.53492999999997,1315.03341,328.54457999999994,1831.11292
528,3A,Atlanta,0.35000000000000003,0.8500000000000001,169.35976999999997,1396.77368,357.45929,1923.59274
529,3A,Atlanta,0.35000000000000003,0.8,178.13978999999998,1356.7427999999998,343.08110999999997,1877.9636999999998
530,3A,Atlanta,0.35000000000000003,0.9500000000000001,154.83770999999996,1477.4688399999998,385.93062,2018.2371699999999
531,3A,Atlanta,0.35000000000000003,0.9,161.82827,1435.9178,371.74245999999994,1969.4885299999999
532,3A,Atlanta,0.45,0.01,709.04295,703.6757299999999,139.25298999999998,1551.97167
533,3A,Atlanta,0.45,0.15000000000000002,525.39602,831.3691699999999,169.97289,1526.73808
534,3A,Atlanta,0.45,0.1,589.2753599999999,784.5609099999999,158.22332,1532.0595899999998
535,3A,Atlanta,0.45,0.25,439.17188,910.41749,191.69851,1541.28788
536,3A,Atlanta,0.45,0.2,477.51954,869.9748999999999,180.51899999999998,1528.01344
537,3A,Atlanta,0.45,0.30000000000000004,412.78908,950.25835,203.38474,1566.43217
538,3A,Atlanta,0.45,0.35000000000000003,384.59024999999997,989.43414,215.54602,1589.57041
539,3A,Atlanta,0.45,0.45,342.60903,1069.1792,241.16705000000002,1652.9552800000001
540,3A,Atlanta,0.45,0.4,362.90375,1029.3383399999998,228.11901,1620.3610999999996
541,3A,Atlanta,0.45,0.55,300.48263999999995,1145.37722,266.59806000000003,1712.45792
542,3A,Atlanta,0.45,0.5,321.94341,1108.32332,254.31009999999998,1684.5768299999997
543,3A,Atlanta,0.45,0.6000000000000001,284.48335,1185.4080999999999,280.08948,1749.9809299999997
544,3A,Atlanta,0.45,0.65,269.82674,1224.42554,293.70757999999995,1787.95986
545,3A,Atlanta,0.45,0.7000000000000001,255.95273999999998,1264.23473,307.54737,1827.7348399999998
546,3A,Atlanta,0.45,0.75,243.71643999999998,1302.65044,321.26048,1867.6273599999997
547,3A,Atlanta,0.45,0.8500000000000001,221.25413999999998,1383.69397,349.28843,1954.23654
548,3A,Atlanta,0.45,0.8,231.7877,1342.93468,335.16360999999995,1909.8859900000002
549,3A,Atlanta,0.45,0.9500000000000001,203.85924999999997,1460.71541,376.49296,2041.06762
550,3A,Atlanta,0.45,0.9,211.96909999999997,1423.0597799999998,363.25489999999996,1998.2837799999998
551,3A,Atlanta,0.4,0.01,657.7872699999999,705.0375399999999,138.90462,1501.7294299999999
552,3A,Atlanta,0.4,0.15000000000000002,479.49534,832.1609199999999,170.13124,1481.7875
553,3A,Atlanta,0.4,0.1,541.97864,785.70103,158.25499,1485.93466
554,3A,Atlanta,0.4,0.25,400.38271999999995,912.69773,192.52193,1505.6023799999998
555,3A,Atlanta,0.4,0.2,436.52729,871.43172,181.02571999999998,1488.9847300000001
556,3A,Atlanta,0.4,0.30000000000000004,371.56792,952.3802400000001,204.39818,1528.34634
557,3A,Atlanta,0.4,0.35000000000000003,349.5863999999999,992.2844399999999,216.90782999999996,1558.7786699999997
558,3A,Atlanta,0.4,0.45,304.82651,1072.5995599999999,243.00391,1620.42998
559,3A,Atlanta,0.4,0.4,326.7906,1032.60035,229.73418,1589.12513
560,3A,Atlanta,0.4,0.55,268.28317999999996,1149.55766,269.06831999999997,1686.9091599999997
561,3A,Atlanta,0.4,0.5,286.6303,1111.99704,256.55867,1655.18601
562,3A,Atlanta,0.4,0.6000000000000001,253.12813999999997,1189.3035099999997,282.65475,1725.0863999999997
563,3A,Atlanta,0.4,0.65,239.12575999999999,1229.1127,296.65289,1764.8913499999999
564,3A,Atlanta,0.4,0.7000000000000001,226.30686,1268.60519,310.55602,1805.46807
565,3A,Atlanta,0.4,0.75,215.14648999999997,1308.0026699999999,324.74418000000003,1847.89334
566,3A,Atlanta,0.4,0.8500000000000001,195.22863,1389.48958,353.15217,1937.87038
567,3A,Atlanta,0.4,0.8,204.53704999999997,1349.9020799999998,338.99568,1893.4348099999997
568,3A,Atlanta,0.4,0.9500000000000001,178.84717999999998,1469.07629,380.9901,2028.91357
569,3A,Atlanta,0.4,0.9,186.45031,1428.9187299999999,367.30866,1982.6776999999997
570,3A,Atlanta,0.55,0.01,808.06147,701.77553,140.10808,1649.94508
571,3A,Atlanta,0.55,0.15000000000000002,609.41931,830.0390299999999,170.0679,1609.52624
572,3A,Atlanta,0.55,0.1,676.15683,783.23077,158.57169,1617.95929
573,3A,Atlanta,0.55,0.25,522.82085,907.28216,190.90676,1621.00977
574,3A,Atlanta,0.55,0.2,561.70606,868.6447599999999,180.20229999999998,1610.5531199999998
575,3A,Atlanta,0.55,0.30000000000000004,491.20506,947.09135,202.08626999999998,1640.38268
576,3A,Atlanta,0.55,0.35000000000000003,460.29515,985.76042,213.80417,1659.8597399999999
577,3A,Atlanta,0.55,0.45,410.59984,1063.7319599999998,238.34842,1712.68022
578,3A,Atlanta,0.55,0.4,435.23164999999995,1025.22124,225.96544999999998,1686.41834
579,3A,Atlanta,0.55,0.55,369.44777999999997,1138.56817,263.01935,1771.0353
580,3A,Atlanta,0.55,0.5,390.0626,1102.5910499999998,251.07976,1743.7334099999998
581,3A,Atlanta,0.55,0.6000000000000001,349.46891,1178.25068,276.03571999999997,1803.75531
582,3A,Atlanta,0.55,0.65,331.59279999999995,1216.15967,289.21043999999995,1836.9629099999997
583,3A,Atlanta,0.55,0.7000000000000001,315.99863,1255.9371899999999,302.48017,1874.41599
584,3A,Atlanta,0.55,0.75,302.02133,1293.90952,315.93992,1911.87077
585,3A,Atlanta,0.55,0.8500000000000001,276.51041999999995,1371.5643599999999,343.01777,1991.0925499999998
586,3A,Atlanta,0.55,0.8,288.7108,1333.307,329.49468,1951.51248
587,3A,Atlanta,0.55,0.9500000000000001,255.54766,1448.23743,369.05051,2072.8356
588,3A,Atlanta,0.55,0.9,265.29350999999997,1411.59524,356.66754,2033.55629
589,3A,Atlanta,0.5,0.01,758.46177,702.4406,139.63303,1600.5354
590,3A,Atlanta,0.5,0.15000000000000002,567.7656,830.29239,169.90955,1567.9675399999999
591,3A,Atlanta,0.5,0.1,632.80271,783.6741499999999,158.28665999999998,1574.76352
592,3A,Atlanta,0.5,0.25,480.46382,908.6439700000001,191.19178999999997,1580.2995799999999
593,3A,Atlanta,0.5,0.2,521.20544,869.18315,180.29730999999998,1570.6859
594,3A,Atlanta,0.5,0.30000000000000004,452.94259999999997,948.5165,202.65633,1604.11543
595,3A,Atlanta,0.5,0.35000000000000003,424.43876,987.1538999999999,214.59592,1626.1885799999998
596,3A,Atlanta,0.5,0.45,376.36776,1065.85385,239.64688999999998,1681.8685
597,3A,Atlanta,0.5,0.4,399.67028,1027.08977,226.94722,1653.70727
598,3A,Atlanta,0.5,0.55,336.01658999999995,1141.8935199999999,264.66619,1742.5762999999997
599,3A,Atlanta,0.5,0.5,357.58235999999994,1105.283,252.59992,1715.46528
600,3A,Atlanta,0.5,0.6000000000000001,316.28024000000005,1181.5443599999999,277.93592,1775.7605199999998
601,3A,Atlanta,0.5,0.65,300.6526999999999,1220.18176,291.20565,1812.04011
602,3A,Atlanta,0.5,0.7000000000000001,286.06113,1259.8326,304.85542,1850.74915
603,3A,Atlanta,0.5,0.75,272.4847,1298.27998,318.44185,1889.20653
604,3A,Atlanta,0.5,0.8500000000000001,248.78896999999998,1377.23329,345.86806999999993,1971.89033
605,3A,Atlanta,0.5,0.8,260.34596,1337.89915,332.12329,1930.3683999999998
606,3A,Atlanta,0.5,0.9500000000000001,229.01798,1453.84302,372.47087,2055.33187
607,3A,Atlanta,0.5,0.9,238.50047999999995,1416.12405,359.73953,2014.3640599999999
608,3A,Atlanta,0.6000000000000001,0.01,856.2511099999999,701.64885,140.58312999999998,1698.48309
609,3A,Atlanta,0.6000000000000001,0.15000000000000002,650.75887,830.0707,170.41627,1651.2458399999998
610,3A,Atlanta,0.6000000000000001,0.1,718.46095,783.13576,158.92005999999998,1660.51677
611,3A,Atlanta,0.6000000000000001,0.25,562.0633799999999,906.7754399999999,190.84341999999998,1659.6822399999999
612,3A,Atlanta,0.6000000000000001,0.2,602.0292,868.77144,180.36065,1651.16129
613,3A,Atlanta,0.6000000000000001,0.30000000000000004,529.2874899999999,946.1412499999999,201.7379,1677.16664
614,3A,Atlanta,0.6000000000000001,0.35000000000000003,499.28602,984.7153099999999,213.36079,1697.36212
615,3A,Atlanta,0.6000000000000001,0.45,446.22455,1062.08512,237.42998999999998,1745.7396600000002
616,3A,Atlanta,0.6000000000000001,0.4,472.53401999999994,1023.9861099999999,225.33205,1721.8521799999999
617,3A,Atlanta,0.6000000000000001,0.55,399.07772,1136.54129,261.68920999999995,1797.30822
618,3A,Atlanta,0.6000000000000001,0.5,425.24478,1100.5325,250.03465,1775.81193
619,3A,Atlanta,0.6000000000000001,0.6000000000000001,380.89405,1175.2103599999998,274.51556,1830.61997
620,3A,Atlanta,0.6000000000000001,0.65,364.90815,1212.89766,287.43692,1865.24273
621,3A,Atlanta,0.6000000000000001,0.7000000000000001,348.98729,1252.67518,300.61163999999997,1902.2741099999998
622,3A,Atlanta,0.6000000000000001,0.75,331.27293000000003,1289.95077,313.8497,1935.0734
623,3A,Atlanta,0.6000000000000001,0.8500000000000001,304.30605,1366.40215,340.48417,2011.19237
624,3A,Atlanta,0.6000000000000001,0.8,317.65654,1328.84153,327.05609,1973.55416
625,3A,Atlanta,0.6000000000000001,0.9500000000000001,281.804,1441.2383599999998,365.72516,2088.76752
626,3A,Atlanta,0.6000000000000001,0.9,292.72079,1406.9714199999999,353.84891,2053.54112
627,3A,Atlanta,0.65,0.01,902.9682,701.83887,141.18486,1745.9919300000001
628,3A,Atlanta,0.65,0.15000000000000002,689.0370700000001,832.7626499999999,171.39803999999998,1693.19776
629,3A,Atlanta,0.65,0.1,757.3819100000001,785.3526599999999,159.83848999999998,1702.5730600000002
630,3A,Atlanta,0.65,0.25,597.96632,913.9962,192.83863,1704.80115
631,3A,Atlanta,0.65,0.2,638.94091,873.7436299999999,181.88081,1694.5653499999999
632,3A,Atlanta,0.65,0.30000000000000004,564.0078,954.56547,204.27149999999997,1722.84477
633,3A,Atlanta,0.65,0.35000000000000003,532.51699,994.46967,216.11607999999998,1743.10274
634,3A,Atlanta,0.65,0.45,479.70803,1071.77614,240.40696999999997,1791.89114
635,3A,Atlanta,0.65,0.4,505.12075,1033.0437299999999,228.18234999999999,1766.34683
636,3A,Atlanta,0.65,0.55,433.06962,1145.44056,264.38116,1842.8913400000001
637,3A,Atlanta,0.65,0.5,455.21288999999996,1109.74847,252.72659999999996,1817.68796
638,3A,Atlanta,0.65,0.6000000000000001,410.28381,1182.8745,276.82746999999995,1869.9857799999997
639,3A,Atlanta,0.65,0.65,392.32183,1221.79693,289.90718,1904.0259399999998
640,3A,Atlanta,0.65,0.7000000000000001,376.08511999999996,1258.8508299999999,302.54350999999997,1937.4794599999998
641,3A,Atlanta,0.65,0.75,360.59934999999996,1296.2531,315.21151,1972.06396
642,3A,Atlanta,0.65,0.8500000000000001,330.30797,1370.7092699999998,341.21257999999995,2042.2298199999998
643,3A,Atlanta,0.65,0.8,343.8793,1334.70048,328.19620999999995,2006.77599
644,3A,Atlanta,0.65,0.9500000000000001,306.65666,1444.08866,366.26355,2117.00887
645,3A,Atlanta,0.65,0.9,317.50926,1409.6000299999998,354.29229,2081.4015799999997
646,3A,Atlanta,0.7000000000000001,0.01,947.96852,702.28225,141.81826,1792.06903
647,3A,Atlanta,0.7000000000000001,0.15000000000000002,726.39939,835.7396299999999,172.53815999999998,1734.6771800000001
648,3A,Atlanta,0.7000000000000001,0.1,795.69625,787.79125,160.88359999999997,1744.3710999999998
649,3A,Atlanta,0.7000000000000001,0.25,632.81246,922.4204199999999,195.27721999999997,1750.5101
650,3A,Atlanta,0.7000000000000001,0.2,673.89014,878.9375099999999,183.68599999999998,1736.5136499999996
651,3A,Atlanta,0.7000000000000001,0.30000000000000004,597.13207,963.78144,207.15346999999997,1768.0669799999998
652,3A,Atlanta,0.7000000000000001,0.35000000000000003,565.5770699999999,1004.9524399999999,219.37809,1789.9075999999998
653,3A,Atlanta,0.7000000000000001,0.45,510.5711899999999,1083.55738,243.98568,1838.1142499999999
654,3A,Atlanta,0.7000000000000001,0.4,536.8815099999999,1044.7932999999998,231.69771999999998,1813.3725299999996
655,3A,Atlanta,0.7000000000000001,0.55,463.8711399999999,1156.49339,267.83318999999995,1888.1977200000001
656,3A,Atlanta,0.7000000000000001,0.5,487.56453999999997,1121.0863299999999,256.27364,1864.9245099999998
657,3A,Atlanta,0.7000000000000001,0.6000000000000001,440.82197999999994,1192.4705099999999,279.80445,1913.09694
658,3A,Atlanta,0.7000000000000001,0.65,420.28304,1232.02634,292.75748,1945.06686
659,3A,Atlanta,0.7000000000000001,0.7000000000000001,403.44545,1267.24338,304.72873999999996,1975.4175699999998
660,3A,Atlanta,0.7000000000000001,0.75,386.60955999999993,1303.12549,316.85835,2006.5933999999997
661,3A,Atlanta,0.7000000000000001,0.8500000000000001,357.97756,1376.3465299999998,342.22602,2076.5501099999997
662,3A,Atlanta,0.7000000000000001,0.8,370.42875000000004,1340.8444599999998,329.49468,2040.7678899999999
663,3A,Atlanta,0.7000000000000001,0.9500000000000001,330.43084,1448.07908,366.92861999999997,2145.43854
664,3A,Atlanta,0.7000000000000001,0.9,342.10686,1413.9388199999999,354.89402,2110.9397
665,3A,Atlanta,0.75,0.01,993.07724,702.88398,142.57834,1838.53956
666,3A,Atlanta,0.75,0.15000000000000002,762.32997,839.5717000000001,173.83662999999999,1775.7383000000002
667,3A,Atlanta,0.75,0.1,832.50637,790.8949099999999,162.02371999999997,1785.4249999999997
668,3A,Atlanta,0.75,0.25,666.2950900000001,931.66806,197.96917,1795.9323200000001
669,3A,Atlanta,0.75,0.2,709.55545,885.8415699999999,185.77621999999997,1781.1732399999999
670,3A,Atlanta,0.75,0.30000000000000004,629.51539,974.9292799999998,210.51048999999998,1814.9551599999998
671,3A,Atlanta,0.75,0.35000000000000003,596.88276,1016.7020099999999,223.14681999999996,1836.7315899999999
672,3A,Atlanta,0.75,0.45,541.20012,1096.00369,248.03943999999996,1885.24325
673,3A,Atlanta,0.75,0.4,567.5637899999999,1057.9996899999999,235.68814,1861.2516199999998
674,3A,Atlanta,0.75,0.55,493.60331999999994,1168.52799,271.91862,1934.04993
675,3A,Atlanta,0.75,0.5,517.04251,1133.8810099999998,260.39074,1911.3142599999999
676,3A,Atlanta,0.75,0.6000000000000001,470.22831999999994,1203.26998,283.31981999999994,1956.81812
677,3A,Atlanta,0.75,0.65,447.18659999999994,1242.76247,296.14617,1986.0952399999999
678,3A,Atlanta,0.75,0.7000000000000001,429.02056999999996,1275.54092,307.26234,2011.8238299999998
679,3A,Atlanta,0.75,0.75,411.99550999999997,1310.66295,318.88523,2041.54369
680,3A,Atlanta,0.75,0.8500000000000001,380.13402,1381.73043,343.27112999999997,2105.13558
681,3A,Atlanta,0.75,0.8,396.71315,1346.26003,331.01484,2073.98802
682,3A,Atlanta,0.75,0.9500000000000001,353.87748,1452.3228599999998,367.62536,2173.8257
683,3A,Atlanta,0.75,0.9,368.79467999999997,1418.0875899999999,355.62243,2142.5047
684,3A,Atlanta,0.8500000000000001,0.01,1080.95705,703.92909,143.90848,1928.7946200000001
685,3A,Atlanta,0.8500000000000001,0.15000000000000002,839.18499,840.7118199999999,174.88173999999998,1854.7785499999998
686,3A,Atlanta,0.8500000000000001,0.1,909.97227,791.94002,163.13216999999997,1865.04446
687,3A,Atlanta,0.8500000000000001,0.25,738.42851,935.3101099999999,199.74268999999998,1873.48131
688,3A,Atlanta,0.8500000000000001,0.2,784.59167,888.72354,187.23304,1860.54825
689,3A,Atlanta,0.8500000000000001,0.30000000000000004,698.34429,981.0732599999999,212.47403,1891.89158
690,3A,Atlanta,0.8500000000000001,0.35000000000000003,664.6140499999999,1023.5110599999999,225.23704,1913.36215
691,3A,Atlanta,0.8500000000000001,0.45,605.5644,1102.84441,249.93964,1958.34845
692,3A,Atlanta,0.8500000000000001,0.4,633.3107099999999,1064.61872,237.74668999999997,1935.6761199999996
693,3A,Atlanta,0.8500000000000001,0.55,554.6322599999999,1175.43205,273.6288,2003.6931099999997
694,3A,Atlanta,0.8500000000000001,0.5,579.32741,1140.34169,262.06925,1981.73835
695,3A,Atlanta,0.8500000000000001,0.6000000000000001,531.9557,1209.0972599999998,284.7133,2025.7662599999999
696,3A,Atlanta,0.8500000000000001,0.65,504.63767999999993,1247.60798,297.25462,2049.50028
697,3A,Atlanta,0.8500000000000001,0.7000000000000001,484.45645999999994,1279.21464,307.61071,2071.28181
698,3A,Atlanta,0.8500000000000001,0.75,464.32858999999996,1312.8165099999999,318.53686,2095.68196
699,3A,Atlanta,0.8500000000000001,0.8500000000000001,432.96552999999994,1381.47707,341.81431,2156.25691
700,3A,Atlanta,0.8500000000000001,0.8,449.03709,1346.32337,330.15975,2125.52021
701,3A,Atlanta,0.8500000000000001,0.9500000000000001,404.95885,1448.6808099999998,365.34511999999995,2218.98478
702,3A,Atlanta,0.8500000000000001,0.9,418.44919999999996,1416.40908,353.59555,2188.45383
703,3A,Atlanta,0.8,0.01,1038.5135,703.2956899999999,143.18007,1884.9892599999998
704,3A,Atlanta,0.8,0.15000000000000002,803.05823,838.81162,174.02665,1815.8965
705,3A,Atlanta,0.8,0.1,873.65506,790.5465399999999,162.37209000000001,1826.57369
706,3A,Atlanta,0.8,0.25,703.67738,933.97997,198.85592999999997,1836.51328
707,3A,Atlanta,0.8,0.2,748.67959,886.50664,186.31461,1821.5008399999997
708,3A,Atlanta,0.8,0.30000000000000004,665.49336,978.57133,211.61893999999995,1855.68363
709,3A,Atlanta,0.8,0.35000000000000003,632.19566,1021.0091299999999,224.47695999999996,1877.6817499999997
710,3A,Atlanta,0.8,0.45,574.40112,1100.7541899999999,249.43292,1924.5882299999998
711,3A,Atlanta,0.8,0.4,601.69406,1062.33848,237.14495999999997,1901.1774999999998
712,3A,Atlanta,0.8,0.55,525.2524900000001,1174.0068999999999,273.50212,1972.7615099999998
713,3A,Atlanta,0.8,0.5,548.8183599999999,1138.5998399999999,261.68920999999995,1949.1074099999996
714,3A,Atlanta,0.8,0.6000000000000001,502.91261,1208.5272,284.87165,1996.31146
715,3A,Atlanta,0.8,0.65,476.4805,1247.8930099999998,297.72967,2022.1031799999998
716,3A,Atlanta,0.8,0.7000000000000001,455.76004,1280.1330699999999,308.27578,2044.16889
717,3A,Atlanta,0.8,0.75,438.28161,1314.5900299999998,319.5503,2072.4219399999997
718,3A,Atlanta,0.8,0.8500000000000001,406.72767999999996,1384.3590399999998,343.42947999999996,2134.5161999999996
719,3A,Atlanta,0.8,0.8,421.29990999999995,1348.66695,331.39488,2101.36174
720,3A,Atlanta,0.8,0.9500000000000001,379.8811,1453.62133,367.40367,2200.9061
721,3A,Atlanta,0.8,0.9,392.98141999999996,1419.41773,355.46407999999997,2167.86323
722,3A,Atlanta,0.9500000000000001,0.01,1164.4757499999998,705.70261,145.49197999999998,2015.67034
723,3A,Atlanta,0.9500000000000001,0.15000000000000002,907.29739,845.30397,176.84528,1929.4466400000001
724,3A,Atlanta,0.9500000000000001,0.1,980.8325299999999,795.0120099999999,164.84234999999998,1940.6868899999997
725,3A,Atlanta,0.9500000000000001,0.25,804.21199,941.3907499999999,201.92791999999997,1947.53066
726,3A,Atlanta,0.9500000000000001,0.2,851.8111399999999,894.4558099999999,189.35493,1935.6218799999997
727,3A,Atlanta,0.9500000000000001,0.30000000000000004,762.43927,987.02722,214.62758999999997,1964.09408
728,3A,Atlanta,0.9500000000000001,0.35000000000000003,727.04136,1029.68671,227.23225,1983.9603200000001
729,3A,Atlanta,0.9500000000000001,0.45,665.11144,1108.38666,251.4598,2024.9578999999999
730,3A,Atlanta,0.9500000000000001,0.4,694.2820499999999,1069.65425,239.58355,2003.51985
731,3A,Atlanta,0.9500000000000001,0.55,612.7567,1179.3591299999998,274.51556,2066.6313899999996
732,3A,Atlanta,0.9500000000000001,0.5,637.4184799999999,1144.64881,263.30438,2045.37167
733,3A,Atlanta,0.9500000000000001,0.6000000000000001,588.0332799999999,1211.9475599999998,285.18834999999996,2085.1691899999996
734,3A,Atlanta,0.9500000000000001,0.65,559.6510199999999,1248.7481,297.03293,2105.43205
735,3A,Atlanta,0.9500000000000001,0.7000000000000001,539.04895,1278.7712599999998,306.75561999999996,2124.5758299999998
736,3A,Atlanta,0.9500000000000001,0.75,519.52451,1310.2195699999997,317.17505,2146.9191299999998
737,3A,Atlanta,0.9500000000000001,0.8500000000000001,484.06773000000004,1376.97993,339.34405,2200.39171
738,3A,Atlanta,0.9500000000000001,0.8,500.11675999999994,1343.0296899999998,328.22787999999997,2171.3743299999996
739,3A,Atlanta,0.9500000000000001,0.9500000000000001,454.62676,1441.49172,361.73474,2257.85322
740,3A,Atlanta,0.9500000000000001,0.9,469.01385999999997,1409.5683599999998,350.46022,2229.0424399999997
741,3A,Atlanta,0.9,0.01,1124.00318,704.7525099999999,144.70022999999998,1973.4559199999999
742,3A,Atlanta,0.9,0.15000000000000002,873.8891500000001,842.86538,175.86351,1892.61804
743,3A,Atlanta,0.9,0.1,945.6278099999998,793.49185,163.98726,1903.1069199999997
744,3A,Atlanta,0.9,0.25,772.0594999999998,938.16041,200.75612999999998,1910.9760399999998
745,3A,Atlanta,0.9,0.2,818.96191,891.5105,188.21481,1898.6872199999998
746,3A,Atlanta,0.9,0.30000000000000004,731.39523,983.9552299999999,213.4558,1928.8062599999998
747,3A,Atlanta,0.9,0.35000000000000003,696.0181499999999,1026.3613599999999,226.15546999999998,1948.5349799999997
748,3A,Atlanta,0.9,0.45,635.60754,1105.44135,250.60470999999998,1991.6536
749,3A,Atlanta,0.9,0.4,664.1347599999999,1066.7406099999998,238.57010999999997,1969.4454799999996
750,3A,Atlanta,0.9,0.55,583.39946,1177.1739,274.00883999999996,2034.5821999999998
751,3A,Atlanta,0.9,0.5,608.75883,1142.5269199999998,262.63931,2013.9250599999998
752,3A,Atlanta,0.9,0.6000000000000001,560.58623,1210.0473599999998,284.80831,2055.4419
753,3A,Atlanta,0.9,0.65,532.8148399999999,1248.1147,297.09627,2078.02581
754,3A,Atlanta,0.9,0.7000000000000001,509.7841699999999,1278.99295,307.04064999999997,2095.81777
755,3A,Atlanta,0.9,0.75,491.53652,1311.51804,317.74510999999995,2120.79967
756,3A,Atlanta,0.9,0.8500000000000001,459.29839,1379.0701499999998,340.57918,2178.9477199999997
757,3A,Atlanta,0.9,0.8,473.77475999999996,1344.6765299999997,329.01963,2147.4709199999998
758,3A,Atlanta,0.9,0.9500000000000001,429.49736,1445.48214,363.41325,2238.39275
759,3A,Atlanta,0.9,0.9,443.90614000000005,1412.5770099999997,351.94870999999995,2208.4318599999997
760,5A,Buffalo,0.01,0.01,696.3611900000001,255.26019999999997,162.27707999999998,1113.89847
761,5A,Buffalo,0.01,0.15000000000000002,638.3799300000001,319.39194999999995,218.36464999999998,1176.13653
762,5A,Buffalo,0.01,0.1,657.3313600000001,297.79301,197.96917,1153.09354
763,5A,Buffalo,0.01,0.25,519.2306699999999,353.40553,258.55388,1131.1900799999999
764,5A,Buffalo,0.01,0.2,587.57889,336.36706999999996,238.09506000000002,1162.0410200000001
765,5A,Buffalo,0.01,0.30000000000000004,462.44173,370.76068999999995,279.58276,1112.7851799999999
766,5A,Buffalo,0.01,0.35000000000000003,416.05984,389.22429999999997,300.96001,1106.24415
767,5A,Buffalo,0.01,0.45,358.86594,432.64387,347.57824999999997,1139.08806
768,5A,Buffalo,0.01,0.4,379.96065,410.37986,323.85742,1114.19793
769,5A,Buffalo,0.01,0.55,320.96237,475.46171,392.83468,1189.25876
770,5A,Buffalo,0.01,0.5,341.39563000000004,454.36949,370.69735,1166.46247
771,5A,Buffalo,0.01,0.6000000000000001,305.23306,496.68061,413.76855,1215.6822200000001
772,5A,Buffalo,0.01,0.65,290.33886,517.23444,434.25903999999997,1241.83234
773,5A,Buffalo,0.01,0.7000000000000001,276.32143,539.18175,454.59117999999995,1270.0943599999998
774,5A,Buffalo,0.01,0.75,263.41585,559.26053,474.76496999999995,1297.44135
775,5A,Buffalo,0.01,0.8500000000000001,239.48767000000004,601.53998,515.0175399999999,1356.0451899999998
776,5A,Buffalo,0.01,0.8,250.88287,581.99959,494.78040999999996,1327.66287
777,5A,Buffalo,0.01,0.9500000000000001,218.24612000000002,644.3894899999999,554.92174,1417.55735
778,5A,Buffalo,0.01,0.9,228.48845000000003,623.39228,534.9063,1386.78703
779,5A,Buffalo,0.05,0.01,785.14132,248.10278,155.91141,1189.1555099999998
780,5A,Buffalo,0.05,0.15000000000000002,716.8596299999999,313.72301999999996,209.022,1239.6046499999998
781,5A,Buffalo,0.05,0.1,738.75298,290.79393999999996,189.54495,1219.09187
782,5A,Buffalo,0.05,0.25,589.04322,348.40167,247.34269999999998,1184.78759
783,5A,Buffalo,0.05,0.2,661.21522,331.20486,227.80231,1220.2223900000001
784,5A,Buffalo,0.05,0.30000000000000004,528.75251,365.15509999999995,267.42148,1161.32909
785,5A,Buffalo,0.05,0.35000000000000003,479.35389,383.30201,288.00698,1150.6628799999999
786,5A,Buffalo,0.05,0.45,417.52914,426.15152,333.26340999999996,1176.94407
787,5A,Buffalo,0.05,0.4,441.35215,403.82417,309.98596,1155.16228
788,5A,Buffalo,0.05,0.55,379.37475,468.49431,376.27126999999996,1224.14033
789,5A,Buffalo,0.05,0.5,397.88486,447.78212999999994,355.36906999999997,1201.03606
790,5A,Buffalo,0.05,0.6000000000000001,361.80135,489.61819999999994,396.73008999999996,1248.1496399999999
791,5A,Buffalo,0.05,0.65,345.19973,510.45706,416.84054,1272.49733
792,5A,Buffalo,0.05,0.7000000000000001,329.6124,531.7709699999999,436.82430999999997,1298.20768
793,5A,Buffalo,0.05,0.75,313.58998,551.15301,456.74474,1321.4877299999998
794,5A,Buffalo,0.05,0.8500000000000001,282.90950000000004,593.78083,496.20556,1372.8958900000002
795,5A,Buffalo,0.05,0.8,296.56071,574.0504199999999,476.57015999999993,1347.1812899999998
796,5A,Buffalo,0.05,0.9500000000000001,258.39935,635.8069199999999,535.57137,1429.7776399999998
797,5A,Buffalo,0.05,0.9,270.08681,615.94983,516.03098,1402.06762
798,5A,Buffalo,0.15000000000000002,0.01,1013.8289199999999,234.54801999999998,146.47375,1394.8506899999998
799,5A,Buffalo,0.15000000000000002,0.15000000000000002,913.0588700000001,299.78821999999997,193.31367999999998,1406.16077
800,5A,Buffalo,0.15000000000000002,0.1,946.06691,276.51077,175.86351,1398.4411899999998
801,5A,Buffalo,0.15000000000000002,0.25,768.37616,335.22695,227.51728,1331.12039
802,5A,Buffalo,0.15000000000000002,0.2,844.86444,317.30172999999996,210.06710999999999,1372.23328
803,5A,Buffalo,0.15000000000000002,0.30000000000000004,703.57448,351.31531,245.63252,1300.5223099999998
804,5A,Buffalo,0.15000000000000002,0.35000000000000003,649.8155899999999,368.92382999999995,264.57118,1283.3105999999998
805,5A,Buffalo,0.15000000000000002,0.45,579.90794,409.99982,305.39381000000003,1295.30157
806,5A,Buffalo,0.15000000000000002,0.4,608.0833600000001,388.71757999999994,284.7133,1281.51424
807,5A,Buffalo,0.15000000000000002,0.55,533.1968899999999,451.64587,344.28457,1329.12733
808,5A,Buffalo,0.15000000000000002,0.5,555.89744,431.56709,324.64916999999997,1312.1136999999999
809,5A,Buffalo,0.15000000000000002,0.6000000000000001,511.71552999999994,472.67474999999996,363.66661,1348.0568899999998
810,5A,Buffalo,0.15000000000000002,0.65,491.19001000000003,492.94355,383.17533,1367.30889
811,5A,Buffalo,0.15000000000000002,0.7000000000000001,471.53616,515.42925,402.46236,1389.42777
812,5A,Buffalo,0.15000000000000002,0.75,452.77566,535.03298,421.43269,1409.2413299999998
813,5A,Buffalo,0.15000000000000002,0.8500000000000001,417.94066,576.20398,459.62670999999995,1453.77135
814,5A,Buffalo,0.15000000000000002,0.8,434.99353,557.1386399999999,440.71971999999994,1432.85189
815,5A,Buffalo,0.15000000000000002,0.9500000000000001,385.90771,618.70512,497.6623799999999,1502.27521
816,5A,Buffalo,0.15000000000000002,0.9,401.54372,598.34131,478.78706,1478.67209
817,5A,Buffalo,0.1,0.01,898.43979,240.78700999999998,150.27415,1289.5009499999999
818,5A,Buffalo,0.1,0.15000000000000002,814.20851,306.47058999999996,200.09106,1320.77016
819,5A,Buffalo,0.1,0.1,841.2394200000001,283.31981999999994,181.69079,1306.2500300000002
820,5A,Buffalo,0.1,0.25,677.71516,342.38437,236.13152,1256.2310499999999
821,5A,Buffalo,0.1,0.2,751.83923,324.07910999999996,217.66791,1293.5862499999998
822,5A,Buffalo,0.1,0.30000000000000004,615.29469,358.34605,255.16518999999997,1228.80593
823,5A,Buffalo,0.1,0.35000000000000003,563.50041,376.36627999999996,274.86393,1214.7306199999998
824,5A,Buffalo,0.1,0.45,497.39594,417.63229,318.22016,1233.24839
825,5A,Buffalo,0.1,0.4,523.15742,396.19169999999997,296.20950999999997,1215.55863
826,5A,Buffalo,0.1,0.55,454.58541,459.97508,358.72608999999994,1273.28658
827,5A,Buffalo,0.1,0.5,475.44526999999994,439.19956,338.77398999999997,1253.4188199999999
828,5A,Buffalo,0.1,0.6000000000000001,434.83804,481.0673,378.83654,1294.74188
829,5A,Buffalo,0.1,0.65,415.83651000000003,501.27275999999995,398.63029,1315.73956
830,5A,Buffalo,0.1,0.7000000000000001,395.62557000000004,523.5367699999999,418.13901,1337.30135
831,5A,Buffalo,0.1,0.75,380.96028,542.69712,437.74273999999997,1361.40014
832,5A,Buffalo,0.1,0.8500000000000001,349.38856999999996,584.27983,476.41181,1410.0802099999999
833,5A,Buffalo,0.1,0.8,364.91065000000003,564.9928,457.02977,1386.93322
834,5A,Buffalo,0.1,0.9500000000000001,321.31161,627.12934,515.2392299999999,1463.6801799999998
835,5A,Buffalo,0.1,0.9,334.97919,606.98722,495.92053,1437.8869399999999
836,5A,Buffalo,0.25,0.01,1255.4802,224.88867,143.40176,1623.77063
837,5A,Buffalo,0.25,0.15000000000000002,1114.4828699999998,289.84383999999994,184.92113,1589.2478399999998
838,5A,Buffalo,0.25,0.1,1159.2022200000001,265.80631,168.95945,1593.9679800000001
839,5A,Buffalo,0.25,0.25,958.50775,322.30559,215.51434999999998,1496.3276899999998
840,5A,Buffalo,0.25,0.2,1039.41434,306.09055,199.74268999999998,1545.2475800000002
841,5A,Buffalo,0.25,0.30000000000000004,889.4631199999999,338.83732999999995,232.23610999999997,1460.5365599999998
842,5A,Buffalo,0.25,0.35000000000000003,831.3135599999999,355.49575,249.02120999999997,1435.8305199999998
843,5A,Buffalo,0.25,0.45,751.7312300000001,396.66675,285.66339999999997,1434.06138
844,5A,Buffalo,0.25,0.4,785.56602,376.17625999999996,267.07311,1428.81539
845,5A,Buffalo,0.25,0.55,696.7560000000001,437.5843899999999,321.83054,1456.17093
846,5A,Buffalo,0.25,0.5,723.45569,417.79063999999994,303.55695,1444.8032799999999
847,5A,Buffalo,0.25,0.6000000000000001,671.0621,459.24666999999994,340.35749,1470.66626
848,5A,Buffalo,0.25,0.65,646.74659,478.9454099999999,358.75775999999996,1484.44976
849,5A,Buffalo,0.25,0.7000000000000001,623.65282,500.67103,377.44306,1501.76691
850,5A,Buffalo,0.25,0.75,601.27152,520.0214,395.81166,1517.10458
851,5A,Buffalo,0.25,0.8500000000000001,560.09656,561.31908,432.70721,1554.12285
852,5A,Buffalo,0.25,0.8,580.4278099999999,542.06372,414.2436,1536.7351299999998
853,5A,Buffalo,0.25,0.9500000000000001,522.84273,603.7568799999999,469.44440999999995,1596.0440199999998
854,5A,Buffalo,0.25,0.9,541.0204200000001,583.6781,451.20248999999995,1575.9010099999998
855,5A,Buffalo,0.2,0.01,1132.38123,229.44915,144.25685,1506.0872299999999
856,5A,Buffalo,0.2,0.15000000000000002,1013.7524799999999,294.15095999999994,188.4365,1496.3399399999998
857,5A,Buffalo,0.2,0.1,1052.4694100000002,270.81017,171.77808,1495.0576600000002
858,5A,Buffalo,0.2,0.25,862.37102,328.73459999999994,220.67656,1411.7821800000002
859,5A,Buffalo,0.2,0.2,941.87625,311.37944,204.17648999999997,1457.43218
860,5A,Buffalo,0.2,0.30000000000000004,795.5566899999999,344.94964,238.19006999999996,1378.6963999999998
861,5A,Buffalo,0.2,0.35000000000000003,738.67819,362.11478,256.02028,1356.81325
862,5A,Buffalo,0.2,0.45,664.6304700000001,403.00075,294.56267,1362.19389
863,5A,Buffalo,0.2,0.4,695.6309,382.00354,275.2123,1352.84674
864,5A,Buffalo,0.2,0.55,614.25207,444.48844999999994,332.12329,1390.8638099999998
865,5A,Buffalo,0.2,0.5,639.23839,424.18798,313.08961999999997,1376.5159899999999
866,5A,Buffalo,0.2,0.6000000000000001,590.21734,465.83403,350.93527,1406.98664
867,5A,Buffalo,0.2,0.65,567.9302,485.59611,370.06395,1423.59026
868,5A,Buffalo,0.2,0.7000000000000001,546.4622300000001,508.01847,389.00260999999995,1443.48331
869,5A,Buffalo,0.2,0.75,526.41601,526.89379,407.68790999999993,1460.9977099999999
870,5A,Buffalo,0.2,0.8500000000000001,488.49690000000004,568.98322,445.40687999999994,1502.887
871,5A,Buffalo,0.2,0.8,506.98810000000003,548.9044399999999,426.49988999999994,1482.3924299999999
872,5A,Buffalo,0.2,0.9500000000000001,453.98561,611.231,482.90415999999993,1548.12077
873,5A,Buffalo,0.2,0.9,470.77662,590.6455,463.9971699999999,1525.4192899999998
874,5A,Buffalo,0.30000000000000004,0.01,1378.77535,221.08827,143.65511999999998,1743.5187399999998
875,5A,Buffalo,0.30000000000000004,0.15000000000000002,1215.56567,285.72674,183.08427,1684.37668
876,5A,Buffalo,0.30000000000000004,0.1,1266.3607699999998,261.53085999999996,167.62930999999998,1695.5209399999997
877,5A,Buffalo,0.30000000000000004,0.25,1051.65199,318.9169,213.26578,1583.83467
878,5A,Buffalo,0.30000000000000004,0.2,1134.9043,302.67018999999993,197.65246999999997,1635.22696
879,5A,Buffalo,0.30000000000000004,0.30000000000000004,980.7222399999999,335.57532,229.25913,1545.55669
880,5A,Buffalo,0.30000000000000004,0.35000000000000003,918.82754,352.99381999999997,245.63252,1517.45388
881,5A,Buffalo,0.30000000000000004,0.45,842.40326,392.16961,279.48775,1514.06062
882,5A,Buffalo,0.30000000000000004,0.4,875.3931699999999,372.66089,262.32261,1510.3766699999999
883,5A,Buffalo,0.30000000000000004,0.55,780.2030199999999,431.59875999999997,313.31131,1525.1130899999998
884,5A,Buffalo,0.30000000000000004,0.5,811.80093,412.02669999999995,296.7479,1520.57553
885,5A,Buffalo,0.30000000000000004,0.6000000000000001,752.8999,453.26104,331.33154,1537.49248
886,5A,Buffalo,0.30000000000000004,0.65,726.97262,472.99144999999993,349.22508999999997,1549.18916
887,5A,Buffalo,0.30000000000000004,0.7000000000000001,701.87875,495.06543999999997,367.37199999999996,1564.31619
888,5A,Buffalo,0.30000000000000004,0.75,678.0374400000001,513.9724299999999,385.45556999999997,1577.46544
889,5A,Buffalo,0.30000000000000004,0.8500000000000001,633.45657,554.70005,421.59103999999996,1609.7476600000002
890,5A,Buffalo,0.30000000000000004,0.8,655.39534,535.28634,403.69748999999996,1594.3791700000002
891,5A,Buffalo,0.30000000000000004,0.9500000000000001,593.22427,596.3144299999999,457.53648999999996,1647.07519
892,5A,Buffalo,0.30000000000000004,0.9,612.64368,576.36233,439.76962000000003,1628.77563
893,5A,Buffalo,0.35000000000000003,0.01,1501.6092600000002,217.69957999999997,144.60521999999997,1863.91406
894,5A,Buffalo,0.35000000000000003,0.15000000000000002,1317.22172,281.57797,181.69079,1780.49048
895,5A,Buffalo,0.35000000000000003,0.1,1373.60051,257.54044,166.9009,1798.04185
896,5A,Buffalo,0.35000000000000003,0.25,1149.5037899999998,314.07139,210.22545999999997,1673.8006399999997
897,5A,Buffalo,0.35000000000000003,0.2,1234.71668,298.48974999999996,195.56224999999998,1728.76868
898,5A,Buffalo,0.35000000000000003,0.30000000000000004,1076.76055,330.72981,225.14203,1632.63239
899,5A,Buffalo,0.35000000000000003,0.35000000000000003,1013.5089199999999,347.73659999999995,240.72367,1601.96919
900,5A,Buffalo,0.35000000000000003,0.45,931.80063,386.91238999999996,273.28043,1591.99345
901,5A,Buffalo,0.35000000000000003,0.4,967.5532699999999,368.03706999999997,256.90704,1592.4973799999998
902,5A,Buffalo,0.35000000000000003,0.55,864.3391300000001,425.73981,306.02720999999997,1596.10615
903,5A,Buffalo,0.35000000000000003,0.5,898.66725,406.61112999999995,290.00219,1595.28057
904,5A,Buffalo,0.35000000000000003,0.6000000000000001,835.1917100000001,446.95870999999994,323.54071999999996,1605.69114
905,5A,Buffalo,0.35000000000000003,0.65,807.7701999999999,466.81579999999997,341.0859,1615.6718999999998
906,5A,Buffalo,0.35000000000000003,0.7000000000000001,780.9869799999999,488.92145999999997,358.82109999999994,1628.7295399999998
907,5A,Buffalo,0.35000000000000003,0.75,755.59724,508.24015999999995,376.74631999999997,1640.5837199999999
908,5A,Buffalo,0.35000000000000003,0.8500000000000001,707.5029099999999,548.04935,412.2483899999999,1667.80065
909,5A,Buffalo,0.35000000000000003,0.8,730.74419,529.49073,394.35483999999997,1654.5897599999998
910,5A,Buffalo,0.35000000000000003,0.9500000000000001,664.4838599999999,589.03033,447.11706,1700.63125
911,5A,Buffalo,0.35000000000000003,0.9,685.47083,570.0916699999999,429.85690999999997,1685.41941
912,5A,Buffalo,0.45,0.01,1741.30632,212.34734999999998,148.15225999999998,2101.80593
913,5A,Buffalo,0.45,0.15000000000000002,1519.6848799999998,274.48389,180.89903999999999,1975.0678099999998
914,5A,Buffalo,0.45,0.1,1585.87881,251.04808999999997,167.31260999999998,2004.2395099999999
915,5A,Buffalo,0.45,0.25,1345.14022,306.09055,206.20336999999998,1857.43414
916,5A,Buffalo,0.45,0.2,1432.43932,290.63559,193.21866999999997,1916.2935799999998
917,5A,Buffalo,0.45,0.30000000000000004,1268.5055899999998,322.74897,219.56811,1810.8226699999998
918,5A,Buffalo,0.45,0.35000000000000003,1201.8099900000002,339.21736999999996,233.91461999999999,1774.94198
919,5A,Buffalo,0.45,0.45,1112.1051200000002,378.20313999999996,264.1278,1754.4360600000002
920,5A,Buffalo,0.45,0.4,1152.42823,359.26448,248.86285999999998,1760.55557
921,5A,Buffalo,0.45,0.55,1035.08778,416.17546999999996,295.06939,1746.33264
922,5A,Buffalo,0.45,0.5,1074.03632,397.74352999999996,279.93113,1751.7109799999998
923,5A,Buffalo,0.45,0.6000000000000001,1001.7949899999999,436.69762999999995,311.50611999999995,1749.9987399999998
924,5A,Buffalo,0.45,0.65,969.4688799999999,456.23802,328.25955,1753.96645
925,5A,Buffalo,0.45,0.7000000000000001,939.8521499999999,478.28034,345.13966,1763.27215
926,5A,Buffalo,0.45,0.75,911.678,497.69405,362.20979,1771.5818399999998
927,5A,Buffalo,0.45,0.8500000000000001,858.32071,537.91495,396.5084,1792.7440599999998
928,5A,Buffalo,0.45,0.8,884.5989099999999,518.0261899999999,379.37493,1782.0000299999997
929,5A,Buffalo,0.45,0.9500000000000001,809.9139299999999,577.31243,429.92024999999995,1817.1466099999998
930,5A,Buffalo,0.45,0.9,833.12843,558.4687799999999,413.7368799999999,1805.3340899999998
931,5A,Buffalo,0.4,0.01,1623.9526,214.97596,146.18872,1985.11728
932,5A,Buffalo,0.4,0.15000000000000002,1418.62993,277.93592,180.99405,1877.5599
933,5A,Buffalo,0.4,0.1,1480.34373,254.12007999999997,166.80589,1901.2697
934,5A,Buffalo,0.4,0.25,1247.78324,309.60592,207.97689,1765.3660499999999
935,5A,Buffalo,0.4,0.2,1333.5358099999999,294.56267,194.10542999999998,1822.20391
936,5A,Buffalo,0.4,0.30000000000000004,1172.55719,326.42268999999993,222.03837,1721.0182499999999
937,5A,Buffalo,0.4,0.35000000000000003,1107.4835699999999,343.3028,236.89159999999998,1687.6779699999997
938,5A,Buffalo,0.4,0.45,1022.4679900000001,382.19356,268.2449,1672.90645
939,5A,Buffalo,0.4,0.4,1060.54168,363.12821999999994,252.50491,1676.17481
940,5A,Buffalo,0.4,0.55,949.5001599999999,421.1476599999999,300.16826,1670.8160799999998
941,5A,Buffalo,0.4,0.5,986.89942,401.98731,284.45993999999996,1673.34667
942,5A,Buffalo,0.4,0.6000000000000001,918.6134400000001,441.60648,316.98503,1677.20495
943,5A,Buffalo,0.4,0.65,888.51337,461.3368899999999,334.15017,1684.00043
944,5A,Buffalo,0.4,0.7000000000000001,860.0233700000001,483.53756,351.41031999999996,1694.97125
945,5A,Buffalo,0.4,0.75,833.89523,503.04627999999997,368.82881999999995,1705.7703299999998
946,5A,Buffalo,0.4,0.8500000000000001,782.9014999999999,542.8238,403.91918,1729.64448
947,5A,Buffalo,0.4,0.8,808.16711,523.88514,386.37399999999997,1718.42625
948,5A,Buffalo,0.4,0.9500000000000001,736.7473299999999,582.728,438.09111,1757.5664399999998
949,5A,Buffalo,0.4,0.9,759.19601,564.80278,421.30600999999996,1745.3048000000001
950,5A,Buffalo,0.55,0.01,1970.3871199999999,208.16691,153.02944,2331.5834699999996
951,5A,Buffalo,0.55,0.15000000000000002,1715.4220899999998,268.59327,181.72245999999998,2165.73782
952,5A,Buffalo,0.55,0.1,1793.1083899999999,245.91755,169.52951,2208.55545
953,5A,Buffalo,0.55,0.25,1538.8052400000001,299.56653,204.42985,2042.8016200000002
954,5A,Buffalo,0.55,0.2,1626.76667,283.82654,192.64861,2103.24182
955,5A,Buffalo,0.55,0.30000000000000004,1459.01252,315.62321999999995,216.78115,1991.41689
956,5A,Buffalo,0.55,0.35000000000000003,1389.41538,333.07338999999996,229.92419999999996,1952.4129699999999
957,5A,Buffalo,0.55,0.45,1290.14234,370.85569999999996,258.20551,1919.20355
958,5A,Buffalo,0.55,0.4,1335.5360500000002,352.55044,243.85899999999998,1931.94549
959,5A,Buffalo,0.55,0.55,1204.26909,408.44798999999995,287.43692,1900.154
960,5A,Buffalo,0.55,0.5,1247.82806,390.07939,273.18542,1911.0928700000002
961,5A,Buffalo,0.55,0.6000000000000001,1166.6934099999999,427.79836,302.95522,1897.44699
962,5A,Buffalo,0.55,0.65,1130.79943,447.21207,318.88523,1896.89673
963,5A,Buffalo,0.55,0.7000000000000001,1097.4056799999998,468.49431,335.00525999999996,1900.9052499999998
964,5A,Buffalo,0.55,0.75,1065.69788,488.60476,351.2203,1905.5229399999998
965,5A,Buffalo,0.55,0.8500000000000001,1008.1327299999999,527.7488799999999,384.25210999999996,1920.1337199999998
966,5A,Buffalo,0.55,0.8,1035.4009899999999,508.68354,367.78371,1911.8682399999998
967,5A,Buffalo,0.55,0.9500000000000001,956.21908,565.68954,416.1438,1938.05242
968,5A,Buffalo,0.55,0.9,980.4185399999999,548.3343799999999,400.97387,1929.72679
969,5A,Buffalo,0.5,0.01,1858.20688,210.13044999999997,150.52751,2218.8648399999997
970,5A,Buffalo,0.5,0.15000000000000002,1619.0881,270.96852,181.18407,2071.2406899999996
971,5A,Buffalo,0.5,0.1,1691.4066599999999,248.26112999999998,168.26271,2107.9305
972,5A,Buffalo,0.5,0.25,1442.3022899999999,302.73353,205.12658999999996,1950.16241
973,5A,Buffalo,0.5,0.2,1530.4362999999998,287.12021999999996,192.77528999999998,2010.33181
974,5A,Buffalo,0.5,0.30000000000000004,1364.75666,318.56853,217.88959999999997,1901.21479
975,5A,Buffalo,0.5,0.35000000000000003,1295.52809,335.95536,231.57104,1863.05449
976,5A,Buffalo,0.5,0.45,1201.4104599999998,374.30773,260.9608,1836.6789899999999
977,5A,Buffalo,0.5,0.4,1244.11137,355.68577,246.04422999999997,1845.84137
978,5A,Buffalo,0.5,0.55,1119.6759899999997,412.05837,290.82561,1822.5599699999998
979,5A,Buffalo,0.5,0.5,1161.2831099999999,393.9748,276.28907999999996,1831.5469899999998
980,5A,Buffalo,0.5,0.6000000000000001,1083.91464,432.13714999999996,306.72394999999995,1822.77574
981,5A,Buffalo,0.5,0.65,1050.6176,451.86755999999997,323.25568999999996,1825.74085
982,5A,Buffalo,0.5,0.7000000000000001,1018.76484,473.4665,339.53407,1831.76541
983,5A,Buffalo,0.5,0.75,988.7755099999999,492.72186,356.25582999999995,1837.7532
984,5A,Buffalo,0.5,0.8500000000000001,933.83727,532.46771,390.04771999999997,1856.3527
985,5A,Buffalo,0.5,0.8,960.69552,513.02233,373.10427,1846.82212
986,5A,Buffalo,0.5,0.9500000000000001,883.01698,571.2634599999999,422.79449999999997,1877.07494
987,5A,Buffalo,0.5,0.9,907.39987,553.40158,407.05451,1867.8559599999999
988,5A,Buffalo,0.6000000000000001,0.01,2078.49766,206.48839999999998,155.84807,2440.83413
989,5A,Buffalo,0.6000000000000001,0.15000000000000002,1809.87182,266.24969,182.38753,2258.50904
990,5A,Buffalo,0.6000000000000001,0.1,1893.9084799999998,243.85899999999998,170.98633,2308.75381
991,5A,Buffalo,0.6000000000000001,0.25,1631.30438,296.4312,204.23982999999998,2131.97541
992,5A,Buffalo,0.6000000000000001,0.2,1719.73003,280.78621999999996,192.90196999999998,2193.41822
993,5A,Buffalo,0.6000000000000001,0.30000000000000004,1552.3573900000001,313.31131,216.11607999999998,2081.78478
994,5A,Buffalo,0.6000000000000001,0.35000000000000003,1480.67895,330.53979,228.78407999999996,2040.00282
995,5A,Buffalo,0.6000000000000001,0.45,1377.93815,368.22709,256.30531,2002.4705499999998
996,5A,Buffalo,0.6000000000000001,0.4,1426.6132099999998,349.82681999999994,242.2755,2018.7155299999997
997,5A,Buffalo,0.6000000000000001,0.55,1287.93781,405.43934,284.64995999999996,1978.0271099999998
998,5A,Buffalo,0.6000000000000001,0.5,1333.1436199999998,387.07074,270.71515999999997,1990.92952
999,5A,Buffalo,0.6000000000000001,0.6000000000000001,1248.4194200000002,424.40966999999995,299.85156,1972.6806500000002
1000,5A,Buffalo,0.6000000000000001,0.65,1211.13451,443.44334000000003,315.30652,1969.8843700000002
1001,5A,Buffalo,0.6000000000000001,0.7000000000000001,1175.99806,464.85226,331.07818,1971.9285
1002,5A,Buffalo,0.6000000000000001,0.75,1142.42258,483.94926999999996,346.84984,1973.2216899999999
1003,5A,Buffalo,0.6000000000000001,0.8500000000000001,1081.57544,523.03005,379.18491,1983.7903999999999
1004,5A,Buffalo,0.6000000000000001,0.8,1112.01155,504.02805,363.00154,1979.04114
1005,5A,Buffalo,0.6000000000000001,0.9500000000000001,1028.37756,560.62234,410.25317999999993,1999.2530799999997
1006,5A,Buffalo,0.6000000000000001,0.9,1053.5996,543.33052,395.52662999999995,1992.4567499999998
1007,5A,Buffalo,0.65,0.01,2182.78527,205.34828,158.44501,2546.57856
1008,5A,Buffalo,0.65,0.15000000000000002,1899.1246999999998,265.29958999999997,183.81268,2348.23697
1009,5A,Buffalo,0.65,0.1,1989.08151,243.13058999999998,172.98154,2405.1936399999995
1010,5A,Buffalo,0.65,0.25,1711.45927,296.62122,206.14003,2214.22052
1011,5A,Buffalo,0.65,0.2,1802.78687,280.12115,194.58048,2277.4885
1012,5A,Buffalo,0.65,0.30000000000000004,1630.14999,314.13473,218.17462999999998,2162.45935
1013,5A,Buffalo,0.65,0.35000000000000003,1560.47077,332.85169999999994,230.96931,2124.29178
1014,5A,Buffalo,0.65,0.45,1456.5503,370.91904,258.26885,2085.73819
1015,5A,Buffalo,0.65,0.4,1505.4479000000001,351.06194999999997,244.39739,2100.90724
1016,5A,Buffalo,0.65,0.55,1365.8215500000001,407.65623999999997,286.13845,2059.6162400000003
1017,5A,Buffalo,0.65,0.5,1410.38142,388.87593,272.52034999999995,2071.7776999999996
1018,5A,Buffalo,0.65,0.6000000000000001,1324.84379,425.67646999999994,300.83333,2051.3535899999997
1019,5A,Buffalo,0.65,0.65,1283.62989,445.43854999999996,316.54165,2045.6100900000001
1020,5A,Buffalo,0.65,0.7000000000000001,1247.52995,466.02405,331.71157999999997,2045.26558
1021,5A,Buffalo,0.65,0.75,1213.0334899999998,484.26597,347.00818999999996,2044.3076499999997
1022,5A,Buffalo,0.65,0.8500000000000001,1149.53606,523.5367699999999,378.64652,2051.71935
1023,5A,Buffalo,0.65,0.8,1180.8897499999998,504.69312,362.90653,2048.4893999999995
1024,5A,Buffalo,0.65,0.9500000000000001,1093.65367,561.25574,409.4931,2064.40251
1025,5A,Buffalo,0.65,0.9,1119.76417,543.80557,394.63987,2058.20961
1026,5A,Buffalo,0.7000000000000001,0.01,2283.67654,204.36651,161.26364,2649.30669
1027,5A,Buffalo,0.7000000000000001,0.15000000000000002,1984.0487799999999,264.57118,185.52285999999998,2434.14282
1028,5A,Buffalo,0.7000000000000001,0.1,2079.74975,242.59219999999996,175.04009,2497.38204
1029,5A,Buffalo,0.7000000000000001,0.25,1786.67704,296.90625,208.42027,2292.00356
1030,5A,Buffalo,0.7000000000000001,0.2,1881.26665,279.26606,196.54402,2357.0767299999998
1031,5A,Buffalo,0.7000000000000001,0.30000000000000004,1704.26461,316.19328,220.80324,2241.26113
1032,5A,Buffalo,0.7000000000000001,0.35000000000000003,1640.76037,335.3853,233.78793999999996,2209.93361
1033,5A,Buffalo,0.7000000000000001,0.45,1532.8346,373.54765,260.86579,2167.24804
1034,5A,Buffalo,0.7000000000000001,0.4,1583.8457999999998,354.35562999999996,247.12100999999998,2185.32244
1035,5A,Buffalo,0.7000000000000001,0.55,1439.8330500000002,409.55643999999995,288.35535,2137.74484
1036,5A,Buffalo,0.7000000000000001,0.5,1484.5495700000001,392.10627,274.99061,2151.64645
1037,5A,Buffalo,0.7000000000000001,0.6000000000000001,1397.76512,428.30508000000003,302.63851999999997,2128.70872
1038,5A,Buffalo,0.7000000000000001,0.65,1353.31982,448.44719999999995,318.37851,2120.14553
1039,5A,Buffalo,0.7000000000000001,0.7000000000000001,1317.1548399999997,467.1325,332.88336999999996,2117.1707099999994
1040,5A,Buffalo,0.7000000000000001,0.75,1282.2757900000001,485.65944999999994,347.76827,2115.70351
1041,5A,Buffalo,0.7000000000000001,0.8500000000000001,1216.72895,523.88514,378.55151,2119.1656000000003
1042,5A,Buffalo,0.7000000000000001,0.8,1248.13599,505.19984,363.25489999999996,2116.59073
1043,5A,Buffalo,0.7000000000000001,0.9500000000000001,1157.1169399999999,561.63578,409.11306,2127.86578
1044,5A,Buffalo,0.7000000000000001,0.9,1185.4894,543.33052,394.06981,2122.88973
1045,5A,Buffalo,0.75,0.01,2382.06652,203.63809999999998,164.14560999999998,2749.85023
1046,5A,Buffalo,0.75,0.15000000000000002,2067.6225299999996,264.06446,187.4864,2519.17339
1047,5A,Buffalo,0.75,0.1,2168.38771,242.46552,177.28866,2588.1418900000003
1048,5A,Buffalo,0.75,0.25,1860.18314,299.09148,211.11221999999998,2370.38684
1049,5A,Buffalo,0.75,0.2,1959.5064599999998,280.08948,198.8876,2438.4835399999997
1050,5A,Buffalo,0.75,0.30000000000000004,1780.28388,318.94856999999996,223.97024,2323.20269
1051,5A,Buffalo,0.75,0.35000000000000003,1716.2378299999998,339.15403,237.17663,2292.5684899999997
1052,5A,Buffalo,0.75,0.45,1605.55507,376.46129,264.31782,2246.33418
1053,5A,Buffalo,0.75,0.4,1657.7922600000002,358.44106,250.57304,2266.8063600000005
1054,5A,Buffalo,0.75,0.55,1511.03995,413.07180999999997,291.49068,2215.60244
1055,5A,Buffalo,0.75,0.5,1556.75907,396.35005,278.15761,2231.2667300000003
1056,5A,Buffalo,0.75,0.6000000000000001,1469.63454,431.18705,305.20378999999997,2206.02538
1057,5A,Buffalo,0.75,0.65,1422.34957,452.24760000000003,320.8171,2195.41427
1058,5A,Buffalo,0.75,0.7000000000000001,1384.3868400000001,469.25438999999994,334.53020999999995,2188.17144
1059,5A,Buffalo,0.75,0.75,1348.95771,487.24294999999995,348.84505,2185.04571
1060,5A,Buffalo,0.75,0.8500000000000001,1282.2065599999999,524.42353,378.89988,2185.52997
1061,5A,Buffalo,0.75,0.8,1314.58453,506.56164999999993,363.79329,2184.93947
1062,5A,Buffalo,0.75,0.9500000000000001,1221.71778,561.8574699999999,408.70135,2192.2765999999997
1063,5A,Buffalo,0.75,0.9,1251.67544,543.93225,393.81645,2189.4241399999996
1064,5A,Buffalo,0.8500000000000001,0.01,2570.9901999999997,202.30796,170.00456,2943.3027199999997
1065,5A,Buffalo,0.8500000000000001,0.15000000000000002,2238.2949399999998,260.9608,190.24168999999998,2689.4974299999994
1066,5A,Buffalo,0.8500000000000001,0.1,2343.08434,240.28029,180.89903999999999,2764.26367
1067,5A,Buffalo,0.8500000000000001,0.25,2025.79343,297.3813,213.23411,2536.4088399999996
1068,5A,Buffalo,0.8500000000000001,0.2,2124.6999499999997,277.55588,201.13617,2603.392
1069,5A,Buffalo,0.8500000000000001,0.30000000000000004,1944.6549799999998,317.9668,225.83876999999998,2488.46055
1070,5A,Buffalo,0.8500000000000001,0.35000000000000003,1878.1824499999998,337.19048999999995,238.85513999999998,2454.22808
1071,5A,Buffalo,0.8500000000000001,0.45,1762.1931599999998,375.73287999999997,265.0779,2403.0039399999996
1072,5A,Buffalo,0.8500000000000001,0.4,1818.0792,357.04758,251.99818999999997,2427.12497
1073,5A,Buffalo,0.8500000000000001,0.55,1662.86824,412.31172999999995,291.74404,2366.92401
1074,5A,Buffalo,0.8500000000000001,0.5,1710.9218,394.25982999999997,278.60098999999997,2383.78262
1075,5A,Buffalo,0.8500000000000001,0.6000000000000001,1617.72492,429.03349,304.60206,2351.36047
1076,5A,Buffalo,0.8500000000000001,0.65,1564.63159,449.714,320.08869,2334.43428
1077,5A,Buffalo,0.8500000000000001,0.7000000000000001,1525.8437399999998,466.02405,332.97837999999996,2324.84617
1078,5A,Buffalo,0.8500000000000001,0.75,1487.33008,484.23429999999996,346.65981999999997,2318.2241999999997
1079,5A,Buffalo,0.8500000000000001,0.8500000000000001,1417.04358,520.40144,375.35283999999996,2312.79786
1080,5A,Buffalo,0.8500000000000001,0.8,1451.91179,502.34954,360.91131999999993,2315.17265
1081,5A,Buffalo,0.8500000000000001,0.9500000000000001,1352.66194,557.3919999999999,404.14086999999995,2314.19481
1082,5A,Buffalo,0.8500000000000001,0.9,1384.1506,539.6884699999999,389.82603,2313.6651
1083,5A,Buffalo,0.8,0.01,2477.99772,202.81468,166.93257,2847.7449699999997
1084,5A,Buffalo,0.8,0.15000000000000002,2157.5292,262.2276,188.59484999999998,2608.35165
1085,5A,Buffalo,0.8,0.1,2258.57389,240.78700999999998,178.90383,2678.2647300000003
1086,5A,Buffalo,0.8,0.25,1945.98397,297.85634999999996,212.06231999999997,2455.90264
1087,5A,Buffalo,0.8,0.2,2045.1453299999998,278.44264,199.83769999999998,2523.4256699999996
1088,5A,Buffalo,0.8,0.30000000000000004,1865.1847599999999,318.41018,224.92033999999998,2408.51528
1089,5A,Buffalo,0.8,0.35000000000000003,1799.1713399999999,337.79222,238.12672999999998,2375.0902899999996
1090,5A,Buffalo,0.8,0.45,1685.5698399999999,376.68298,265.01456,2327.26738
1091,5A,Buffalo,0.8,0.4,1739.8381599999998,357.90267,251.49146999999996,2349.2322999999997
1092,5A,Buffalo,0.8,0.55,1587.3117100000002,413.70520999999997,292.18742,2293.2043400000002
1093,5A,Buffalo,0.8,0.5,1635.1544199999998,395.97001,278.79100999999997,2309.9154399999998
1094,5A,Buffalo,0.8,0.6000000000000001,1543.46601,431.47208,305.48882,2280.42691
1095,5A,Buffalo,0.8,0.65,1493.6346899999999,452.21592999999996,321.41882999999996,2267.26945
1096,5A,Buffalo,0.8,0.7000000000000001,1454.75098,468.01926,334.7519,2257.52214
1097,5A,Buffalo,0.8,0.75,1416.9857100000002,487.11627,348.78171,2252.88369
1098,5A,Buffalo,0.8,0.8500000000000001,1347.8892799999999,524.17017,378.17146999999994,2250.2309199999995
1099,5A,Buffalo,0.8,0.8,1382.44249,505.83324,363.34990999999997,2251.6256399999997
1100,5A,Buffalo,0.8,0.9500000000000001,1285.1294,561.0023799999999,407.68790999999993,2253.81969
1101,5A,Buffalo,0.8,0.9,1315.50047,543.3621899999999,393.02469999999994,2251.8873599999997
1102,5A,Buffalo,0.9500000000000001,0.01,2743.2410099999997,201.95959,174.72339,3119.92399
1103,5A,Buffalo,0.9500000000000001,0.15000000000000002,2392.34401,258.77556999999996,193.85207,2844.9716499999995
1104,5A,Buffalo,0.9500000000000001,0.1,2503.56603,239.29852,185.07948,2927.9440299999997
1105,5A,Buffalo,0.9500000000000001,0.25,2177.0555099999997,296.87458,216.02106999999998,2689.9511599999996
1106,5A,Buffalo,0.9500000000000001,0.2,2278.4076499999996,275.84569999999997,204.20816,2758.4615099999996
1107,5A,Buffalo,0.9500000000000001,0.30000000000000004,2096.35107,317.74510999999995,228.21402,2642.3102
1108,5A,Buffalo,0.9500000000000001,0.35000000000000003,2029.52528,336.81044999999995,240.88201999999998,2607.21775
1109,5A,Buffalo,0.9500000000000001,0.45,1909.1772199999998,374.9728,266.18634999999995,2550.33637
1110,5A,Buffalo,0.9500000000000001,0.4,1966.30838,356.57253,253.55002,2576.43093
1111,5A,Buffalo,0.9500000000000001,0.55,1804.0974999999999,410.50654,291.55402,2506.1580599999998
1112,5A,Buffalo,0.9500000000000001,0.5,1854.28464,392.92968999999994,279.01269999999994,2526.2270299999996
1113,5A,Buffalo,0.9500000000000001,0.6000000000000001,1758.48083,426.65824,303.74697,2488.8860400000003
1114,5A,Buffalo,0.9500000000000001,0.65,1703.21566,446.76868999999994,318.34684,2468.3311900000003
1115,5A,Buffalo,0.9500000000000001,0.7000000000000001,1663.5127799999998,462.16031,330.50811999999996,2456.1812099999997
1116,5A,Buffalo,0.9500000000000001,0.75,1624.53576,479.26211,343.3028,2447.10067
1117,5A,Buffalo,0.9500000000000001,0.8500000000000001,1551.31819,514.6374999999999,370.57067,2436.52636
1118,5A,Buffalo,0.9500000000000001,0.8,1587.4714800000002,496.5856,356.88923,2440.9463100000003
1119,5A,Buffalo,0.9500000000000001,0.9500000000000001,1485.0865099999999,550.6146200000001,398.31359,2434.01472
1120,5A,Buffalo,0.9500000000000001,0.9,1517.4360000000001,532.2460199999999,384.44212999999996,2434.12415
1121,5A,Buffalo,0.9,0.01,2658.37454,201.99125999999998,172.53815999999998,3032.9039599999996
1122,5A,Buffalo,0.9,0.15000000000000002,2317.6689,259.53565,192.04688,2769.25143
1123,5A,Buffalo,0.9,0.1,2425.4746,239.52020999999996,182.98926,2847.98407
1124,5A,Buffalo,0.9,0.25,2103.34178,296.96959,214.56425,2614.8756200000003
1125,5A,Buffalo,0.9,0.2,2202.1626499999998,276.98582,202.688,2681.8364699999997
1126,5A,Buffalo,0.9,0.30000000000000004,2022.3691099999999,317.65009999999995,226.91555,2566.93476
1127,5A,Buffalo,0.9,0.35000000000000003,1954.7281899999998,337.03213999999997,239.7419,2531.5022299999996
1128,5A,Buffalo,0.9,0.45,1837.12373,375.25782999999996,265.48960999999997,2477.87117
1129,5A,Buffalo,0.9,0.4,1893.55815,356.66754,252.69493,2502.9206200000003
1130,5A,Buffalo,0.9,0.55,1735.14682,411.20328,291.49068,2437.84078
1131,5A,Buffalo,0.9,0.5,1784.01466,393.21471999999994,278.66432999999995,2455.89371
1132,5A,Buffalo,0.9,0.6000000000000001,1688.4525199999998,427.70335,304.00032999999996,2420.1561999999994
1133,5A,Buffalo,0.9,0.65,1635.5092499999998,448.19384,319.04357999999996,2402.74667
1134,5A,Buffalo,0.9,0.7000000000000001,1595.9630200000001,464.06050999999997,331.52156,2391.54509
1135,5A,Buffalo,0.9,0.75,1557.2810200000001,482.04907,344.85463,2384.18472
1136,5A,Buffalo,0.9,0.8500000000000001,1485.28604,517.61448,372.88257999999996,2375.7830999999996
1137,5A,Buffalo,0.9,0.8,1520.15255,499.24587999999994,358.82109999999994,2378.21953
1138,5A,Buffalo,0.9,0.9500000000000001,1420.03273,553.8132899999999,401.10055,2374.94657
1139,5A,Buffalo,0.9,0.9,1451.1062799999997,535.4446899999999,387.03907,2373.5900399999996
1140,5B,Denver,0.01,0.01,372.02237,317.58675999999997,206.55174,896.16087
1141,5B,Denver,0.01,0.15000000000000002,304.63939999999997,414.40194999999994,294.2143,1013.25565
1142,5B,Denver,0.01,0.1,326.15387,381.27513,262.00591,969.43491
1143,5B,Denver,0.01,0.25,234.95576,475.77840999999995,354.73566999999997,1065.46984
1144,5B,Denver,0.01,0.2,275.38475,444.96349999999995,324.3008,1044.64905
1145,5B,Denver,0.01,0.30000000000000004,203.592,507.4484099999999,385.48724,1096.52765
1146,5B,Denver,0.01,0.35000000000000003,178.66826999999998,535.6663799999999,416.52384,1130.8584899999998
1147,5B,Denver,0.01,0.45,145.70571,594.19254,482.30242999999996,1222.20068
1148,5B,Denver,0.01,0.4,159.65637999999998,564.1693799999999,448.89058,1172.71634
1149,5B,Denver,0.01,0.55,126.48977,651.10353,548.14436,1325.73766
1150,5B,Denver,0.01,0.5,135.4128,623.1072499999999,515.33424,1273.8542899999998
1151,5B,Denver,0.01,0.6000000000000001,118.30960000000002,679.4798499999999,579.7826899999999,1377.5721399999998
1152,5B,Denver,0.01,0.65,110.88228000000001,707.6661499999999,611.231,1429.77943
1153,5B,Denver,0.01,0.7000000000000001,103.98357,736.04247,641.50752,1481.5335599999999
1154,5B,Denver,0.01,0.75,97.73101,763.40535,671.49901,1532.63537
1155,5B,Denver,0.01,0.8500000000000001,86.72585000000001,816.64262,731.16529,1634.53376
1156,5B,Denver,0.01,0.8,91.98538,789.24807,701.26881,1582.50226
1157,5B,Denver,0.01,0.9500000000000001,77.68167000000001,872.66685,791.1482699999999,1741.49679
1158,5B,Denver,0.01,0.9,81.94073,845.0506099999999,760.9667599999999,1687.9580999999998
1159,5B,Denver,0.05,0.01,434.64815999999996,308.43413,196.76570999999998,939.848
1160,5B,Denver,0.05,0.15000000000000002,349.70017,408.06794999999994,278.53765,1036.30577
1161,5B,Denver,0.05,0.1,374.42417,373.07259999999997,247.84942,995.34619
1162,5B,Denver,0.05,0.25,270.24816000000004,470.96457,336.81044999999995,1078.02318
1163,5B,Denver,0.05,0.2,315.79386,438.47114999999997,307.48403,1061.74904
1164,5B,Denver,0.05,0.30000000000000004,234.11181,503.42632,366.61192,1104.15005
1165,5B,Denver,0.05,0.35000000000000003,205.28163,532.5310499999999,396.73008999999996,1134.54277
1166,5B,Denver,0.05,0.45,167.92949000000002,591.62727,461.36856,1220.9253199999998
1167,5B,Denver,0.05,0.4,183.6998,563.0926,428.33675,1175.12915
1168,5B,Denver,0.05,0.55,146.6465,649.33001,524.86691,1320.84342
1169,5B,Denver,0.05,0.5,156.73069,621.61876,493.67195999999996,1272.0214099999998
1170,5B,Denver,0.05,0.6000000000000001,137.45438000000001,675.64778,555.7451599999999,1368.8473199999999
1171,5B,Denver,0.05,0.65,129.0251,703.16901,585.6416399999999,1417.8357499999997
1172,5B,Denver,0.05,0.7000000000000001,121.48789000000001,730.5002199999999,615.28476,1467.2728699999998
1173,5B,Denver,0.05,0.75,114.39171999999999,758.11646,645.02289,1517.53107
1174,5B,Denver,0.05,0.8500000000000001,102.03942,810.46697,704.0874399999999,1616.5938299999998
1175,5B,Denver,0.05,0.8,107.90918,783.16743,674.5076599999999,1565.5842699999998
1176,5B,Denver,0.05,0.9500000000000001,91.61728,865.16106,763.12032,1719.89866
1177,5B,Denver,0.05,0.9,96.59157,837.7348399999998,733.6988899999999,1668.0252999999998
1178,5B,Denver,0.15000000000000002,0.01,614.5615700000001,291.0473,181.97582,1087.5846900000001
1179,5B,Denver,0.15000000000000002,0.15000000000000002,477.62854,390.58610999999996,252.28321999999997,1120.49787
1180,5B,Denver,0.15000000000000002,0.1,521.3854100000001,353.91225,225.58541,1100.88307
1181,5B,Denver,0.15000000000000002,0.25,370.16177000000005,454.36949,304.63372999999996,1129.16499
1182,5B,Denver,0.15000000000000002,0.2,425.37553,421.93940999999995,277.96759,1125.28253
1183,5B,Denver,0.15000000000000002,0.30000000000000004,324.34270000000004,484.61434,331.99661,1140.95365
1184,5B,Denver,0.15000000000000002,0.35000000000000003,286.29635,513.24402,360.11956999999995,1159.65994
1185,5B,Denver,0.15000000000000002,0.45,236.37505,579.52933,419.21578999999997,1235.12017
1186,5B,Denver,0.15000000000000002,0.4,257.06059,544.3439599999999,389.00260999999995,1190.40716
1187,5B,Denver,0.15000000000000002,0.55,206.87252999999998,635.1101799999999,476.25345999999996,1318.23617
1188,5B,Denver,0.15000000000000002,0.5,220.91483,606.22714,447.68712,1274.82909
1189,5B,Denver,0.15000000000000002,0.6000000000000001,194.17142,662.5364,504.8831399999999,1361.59096
1190,5B,Denver,0.15000000000000002,0.65,182.78323,689.7409299999999,533.51282,1406.0369799999999
1191,5B,Denver,0.15000000000000002,0.7000000000000001,172.49711000000002,714.63355,562.20584,1449.3365
1192,5B,Denver,0.15000000000000002,0.75,163.09966,741.64806,590.93053,1495.67825
1193,5B,Denver,0.15000000000000002,0.8500000000000001,146.97906,795.07535,648.2848999999999,1590.3393099999998
1194,5B,Denver,0.15000000000000002,0.8,154.71756,769.2959699999999,619.52854,1543.54207
1195,5B,Denver,0.15000000000000002,0.9500000000000001,133.27939999999998,851.0045699999998,705.35424,1689.6382099999998
1196,5B,Denver,0.15000000000000002,0.9,139.83995000000002,823.4516699999999,676.81957,1640.11119
1197,5B,Denver,0.1,0.01,520.64515,298.90146,188.15147,1007.6980799999999
1198,5B,Denver,0.1,0.15000000000000002,410.45823,399.23202,263.4944,1073.18465
1199,5B,Denver,0.1,0.1,446.73053999999996,362.77984999999995,234.83305000000001,1044.3434399999999
1200,5B,Denver,0.1,0.25,317.5756,463.58545999999996,318.66354,1099.8246
1201,5B,Denver,0.1,0.2,369.55922999999996,430.80701,290.82561,1091.19185
1202,5B,Denver,0.1,0.30000000000000004,276.2847,495.44548,347.26155,1118.99173
1203,5B,Denver,0.1,0.35000000000000003,242.94335999999998,523.0933899999999,376.46129,1142.49804
1204,5B,Denver,0.1,0.45,199.73929,586.02168,438.85119,1224.61216
1205,5B,Denver,0.1,0.4,217.77985,554.95341,407.11785000000003,1179.85111
1206,5B,Denver,0.1,0.55,175.09396999999998,642.2676,498.96085,1316.32242
1207,5B,Denver,0.1,0.5,186.81267000000003,615.8231499999999,469.06437,1271.70019
1208,5B,Denver,0.1,0.6000000000000001,164.47734,671.49901,528.2872699999999,1364.26362
1209,5B,Denver,0.1,0.65,154.77021000000002,696.89835,557.4870099999999,1409.15557
1210,5B,Denver,0.1,0.7000000000000001,145.94176,722.7094,586.8134299999999,1455.4645899999998
1211,5B,Denver,0.1,0.75,138.06871999999998,749.18552,615.85482,1503.10906
1212,5B,Denver,0.1,0.8500000000000001,124.06172000000001,804.4813399999999,674.1909599999999,1602.7340199999999
1213,5B,Denver,0.1,0.8,130.77509,776.07335,645.05456,1551.903
1214,5B,Denver,0.1,0.9500000000000001,112.41912000000002,858.03531,732.27374,1702.7281699999999
1215,5B,Denver,0.1,0.9,117.97197,830.9891299999999,703.13734,1652.09844
1216,5B,Denver,0.25,0.01,819.58275,278.28429,174.66004999999998,1272.52709
1217,5B,Denver,0.25,0.15000000000000002,636.0571399999999,375.98623999999995,238.31674999999998,1250.3601299999998
1218,5B,Denver,0.25,0.1,690.31126,339.88244,214.27921999999998,1244.4729199999997
1219,5B,Denver,0.25,0.25,492.01066,436.98265999999995,284.42827,1213.42159
1220,5B,Denver,0.25,0.2,565.7520199999999,405.50267999999994,260.80244999999996,1232.0571499999999
1221,5B,Denver,0.25,0.30000000000000004,436.93309999999997,464.72558,308.90918,1210.56786
1222,5B,Denver,0.25,0.35000000000000003,390.64128000000005,491.96178,333.77013,1216.37319
1223,5B,Denver,0.25,0.45,327.12801,554.66838,387.29243,1269.08882
1224,5B,Denver,0.25,0.4,353.87273000000005,522.33331,360.15124,1236.35728
1225,5B,Denver,0.25,0.55,287.46367,615.85482,441.13142999999997,1344.44992
1226,5B,Denver,0.25,0.5,306.29472999999996,586.3383799999999,414.14859,1306.7817
1227,5B,Denver,0.25,0.6000000000000001,270.2329,645.18124,468.27262,1383.68676
1228,5B,Denver,0.25,0.65,254.75418000000002,672.4174399999999,495.50882,1422.68044
1229,5B,Denver,0.25,0.7000000000000001,240.68998,702.34559,523.0933899999999,1466.12896
1230,5B,Denver,0.25,0.75,228.10789,728.0616299999999,550.39293,1506.56245
1231,5B,Denver,0.25,0.8500000000000001,206.35726,785.0676299999999,605.72042,1597.1453099999999
1232,5B,Denver,0.25,0.8,216.61278000000001,756.5012899999999,578.16752,1551.28159
1233,5B,Denver,0.25,0.9500000000000001,188.17109,838.5265899999999,660.98457,1687.6822499999998
1234,5B,Denver,0.25,0.9,196.86947,811.10037,633.4,1641.3698399999998
1235,5B,Denver,0.2,0.01,715.1185,284.11157,177.70037,1176.93044
1236,5B,Denver,0.2,0.15000000000000002,556.05597,382.28856999999994,244.14403,1182.48857
1237,5B,Denver,0.2,0.1,603.9087,346.24811,218.99805,1169.1548599999999
1238,5B,Denver,0.2,0.25,427.00131,445.43854999999996,293.54922999999997,1165.98909
1239,5B,Denver,0.2,0.2,490.44544999999994,413.45185000000004,268.11821999999995,1172.01552
1240,5B,Denver,0.2,0.30000000000000004,377.61309000000006,474.22658,319.48695999999995,1171.32663
1241,5B,Denver,0.2,0.35000000000000003,335.83223,501.81114999999994,345.83639999999997,1183.47978
1242,5B,Denver,0.2,0.45,279.50401999999997,567.1780299999999,401.79729,1248.4793399999999
1243,5B,Denver,0.2,0.4,303.07705999999996,533.16445,373.70599999999996,1209.94751
1244,5B,Denver,0.2,0.55,244.87181,625.03912,457.09311,1327.00404
1245,5B,Denver,0.2,0.5,261.34271,596.1244099999999,429.41353,1286.8806499999998
1246,5B,Denver,0.2,0.6000000000000001,230.04796,655.09395,485.12106,1370.26297
1247,5B,Denver,0.2,0.65,216.46944000000002,679.89156,513.054,1409.415
1248,5B,Denver,0.2,0.7000000000000001,204.49057,706.8743999999999,541.01861,1452.3835799999997
1249,5B,Denver,0.2,0.75,193.52535,735.47241,569.2049099999999,1498.20267
1250,5B,Denver,0.2,0.8500000000000001,174.72768000000002,789.46976,625.67252,1589.86996
1251,5B,Denver,0.2,0.8,183.61884,762.2968999999999,597.42288,1543.33862
1252,5B,Denver,0.2,0.9500000000000001,158.90018,845.2722999999999,681.79176,1685.9642399999998
1253,5B,Denver,0.2,0.9,166.54176,816.7059599999999,653.63713,1636.88485
1254,5B,Denver,0.30000000000000004,0.01,927.88587,273.3121,172.94986999999998,1374.1478399999999
1255,5B,Denver,0.30000000000000004,0.15000000000000002,716.72233,371.33074999999997,234.54801999999998,1322.6011
1256,5B,Denver,0.30000000000000004,0.1,777.91261,334.46687,211.20722999999998,1323.58671
1257,5B,Denver,0.30000000000000004,0.25,563.00459,432.23215999999996,279.42441,1274.66116
1258,5B,Denver,0.30000000000000004,0.2,640.71342,401.13221999999996,256.46366,1298.3093
1259,5B,Denver,0.30000000000000004,0.30000000000000004,496.29457,459.43668999999994,302.79686999999996,1258.52813
1260,5B,Denver,0.30000000000000004,0.35000000000000003,446.70588,485.69112,327.30944999999997,1259.70645
1261,5B,Denver,0.30000000000000004,0.45,381.47157,547.2576,378.36148999999995,1307.09066
1262,5B,Denver,0.30000000000000004,0.4,408.73705,515.20756,352.51876999999996,1276.46338
1263,5B,Denver,0.30000000000000004,0.55,334.13799,608.2856899999999,427.54499999999996,1369.96868
1264,5B,Denver,0.30000000000000004,0.5,357.59478,579.2443,404.23587999999995,1341.07496
1265,5B,Denver,0.30000000000000004,0.6000000000000001,314.77788999999996,636.44032,453.92611,1405.1443199999999
1266,5B,Denver,0.30000000000000004,0.65,296.93646,665.3866999999999,480.43389999999994,1442.75706
1267,5B,Denver,0.30000000000000004,0.7000000000000001,280.90957000000003,693.2563,507.1633799999999,1481.32925
1268,5B,Denver,0.30000000000000004,0.75,266.25383999999997,722.86775,534.11455,1523.23614
1269,5B,Denver,0.30000000000000004,0.8500000000000001,241.41357999999997,777.9735499999999,588.3652599999999,1607.7523899999997
1270,5B,Denver,0.30000000000000004,0.8,253.24770999999998,750.13562,560.9707099999999,1564.35404
1271,5B,Denver,0.30000000000000004,0.9500000000000001,220.61453,831.46418,642.20426,1694.28297
1272,5B,Denver,0.30000000000000004,0.9,230.4864,805.87482,615.44311,1651.80433
1273,5B,Denver,0.35000000000000003,0.01,1036.8768,269.03665,172.22146,1478.13491
1274,5B,Denver,0.35000000000000003,0.15000000000000002,799.5340699999999,365.85184,230.84262999999999,1396.22854
1275,5B,Denver,0.35000000000000003,0.1,868.60168,329.24132,208.61029,1406.45329
1276,5B,Denver,0.35000000000000003,0.25,637.86842,424.9163899999999,273.21709,1336.0018999999998
1277,5B,Denver,0.35000000000000003,0.2,719.08859,394.73488,251.36479,1365.18826
1278,5B,Denver,0.35000000000000003,0.30000000000000004,568.71024,452.31093999999996,295.60778,1316.62896
1279,5B,Denver,0.35000000000000003,0.35000000000000003,511.0593,477.33023999999995,318.98024,1307.36978
1280,5B,Denver,0.35000000000000003,0.45,438.93091000000004,537.31322,368.16375,1344.40788
1281,5B,Denver,0.35000000000000003,0.4,469.79657,506.02326,343.3028,1319.1226299999998
1282,5B,Denver,0.35000000000000003,0.55,384.55170999999996,599.8298,416.08045999999996,1400.4619699999998
1283,5B,Denver,0.35000000000000003,0.5,411.46223,568.44483,393.21471999999994,1373.12178
1284,5B,Denver,0.35000000000000003,0.6000000000000001,362.44631000000004,628.71284,441.82816999999994,1432.98732
1285,5B,Denver,0.35000000000000003,0.65,342.34461999999996,658.13427,467.79757,1468.27646
1286,5B,Denver,0.35000000000000003,0.7000000000000001,324.14504,687.1439899999999,493.83031,1505.11934
1287,5B,Denver,0.35000000000000003,0.75,307.67668000000003,715.55198,519.95806,1543.1867200000002
1288,5B,Denver,0.35000000000000003,0.8500000000000001,279.19182,772.1779399999999,572.81529,1624.18505
1289,5B,Denver,0.35000000000000003,0.8,292.67449,745.03675,546.37084,1584.0820800000001
1290,5B,Denver,0.35000000000000003,0.9500000000000001,255.72994,825.8585899999999,625.7041899999999,1707.29272
1291,5B,Denver,0.35000000000000003,0.9,266.80611999999996,800.71261,599.5131,1667.03183
1292,5B,Denver,0.45,0.01,1251.33053,262.51263,172.53815999999998,1686.38132
1293,5B,Denver,0.45,0.15000000000000002,966.56847,356.92089999999996,225.71208999999996,1549.20146
1294,5B,Denver,0.45,0.1,1049.8727,321.00712,205.34828,1576.2280999999998
1295,5B,Denver,0.45,0.25,791.84433,411.0766,264.28615,1467.2070800000001
1296,5B,Denver,0.45,0.2,879.3302900000001,383.08032,244.36571999999998,1506.7763300000001
1297,5B,Denver,0.45,0.30000000000000004,716.73983,438.09111,285.09333999999996,1439.92428
1298,5B,Denver,0.45,0.35000000000000003,650.38558,461.87528,306.75561999999996,1419.0164799999998
1299,5B,Denver,0.45,0.45,562.1822099999999,522.2383,352.51876999999996,1436.9392799999998
1300,5B,Denver,0.45,0.4,599.87754,489.14314999999993,329.17798,1418.1986699999998
1301,5B,Denver,0.45,0.55,494.4461299999999,583.48808,397.7752,1475.70941
1302,5B,Denver,0.45,0.5,528.2130999999999,553.0532099999999,376.20793,1457.47424
1303,5B,Denver,0.45,0.6000000000000001,467.05269,614.27132,422.19277,1503.51678
1304,5B,Denver,0.45,0.65,442.13971,645.05456,446.92704,1534.12131
1305,5B,Denver,0.45,0.7000000000000001,419.31291,675.0460499999999,472.04135,1566.40031
1306,5B,Denver,0.45,0.75,398.97655999999995,703.7073999999999,496.93397,1599.61793
1307,5B,Denver,0.45,0.8500000000000001,362.84329,760.90342,547.6376399999999,1671.3843499999998
1308,5B,Denver,0.45,0.8,380.15973,732.5271,522.3016399999999,1634.98847
1309,5B,Denver,0.45,0.9500000000000001,333.64914000000005,814.1723599999999,597.54956,1745.37106
1310,5B,Denver,0.45,0.9,347.3839,789.5331,573.29034,1710.20734
1311,5B,Denver,0.4,0.01,1144.76778,265.55294999999995,172.15812,1582.47885
1312,5B,Denver,0.4,0.15000000000000002,883.3422499999999,361.13300999999996,227.83397999999997,1472.3092399999998
1313,5B,Denver,0.4,0.1,959.41467,324.77585,206.74176,1490.93228
1314,5B,Denver,0.4,0.25,714.49472,416.80887,268.18156,1399.48515
1315,5B,Denver,0.4,0.2,799.10869,388.78092,247.27935999999997,1435.16897
1316,5B,Denver,0.4,0.30000000000000004,641.09658,444.23509,289.68548999999996,1375.0171599999999
1317,5B,Denver,0.4,0.35000000000000003,579.2907,468.68433,312.23453,1360.20956
1318,5B,Denver,0.4,0.45,499.68032,530.3141499999999,359.61285,1389.6073199999998
1319,5B,Denver,0.4,0.4,533.4211499999999,497.50403,335.57532,1366.5004999999999
1320,5B,Denver,0.4,0.55,438.1205299999999,590.83552,406.23109,1435.1871399999998
1321,5B,Denver,0.4,0.5,468.86142,560.8756999999999,384.09376,1413.83088
1322,5B,Denver,0.4,0.6000000000000001,413.44071999999994,622.6321999999999,431.3453999999999,1467.4183199999998
1323,5B,Denver,0.4,0.65,391.05964,651.57858,456.58638999999994,1499.22461
1324,5B,Denver,0.4,0.7000000000000001,370.61807999999996,680.71498,482.08074,1533.4137999999998
1325,5B,Denver,0.4,0.75,352.11029999999994,709.53468,507.79677999999996,1569.44176
1326,5B,Denver,0.4,0.8500000000000001,319.62418,767.01573,559.45055,1646.09046
1327,5B,Denver,0.4,0.8,335.07039000000003,737.46762,533.51282,1606.0508300000001
1328,5B,Denver,0.4,0.9500000000000001,293.26864,819.99964,610.7876200000001,1724.0559
1329,5B,Denver,0.4,0.9,305.74914,794.69531,585.60997,1686.05442
1330,5B,Denver,0.55,0.01,1455.7763300000001,257.28707999999995,173.96330999999998,1887.0267200000003
1331,5B,Denver,0.55,0.15000000000000002,1130.94748,349.54179,223.43184999999997,1703.92112
1332,5B,Denver,0.55,0.1,1227.4972,314.67312,203.98646999999997,1746.15679
1333,5B,Denver,0.55,0.25,945.25784,401.32223999999997,259.18728,1605.7673599999998
1334,5B,Denver,0.55,0.2,1037.4711499999999,374.30773,240.69199999999998,1652.4708799999999
1335,5B,Denver,0.55,0.30000000000000004,865.03214,426.24653,278.50597999999997,1569.78465
1336,5B,Denver,0.55,0.35000000000000003,794.61753,450.60076,298.86979,1544.08808
1337,5B,Denver,0.55,0.45,691.60173,508.9368999999999,341.68762999999996,1542.22626
1338,5B,Denver,0.55,0.4,738.21716,477.48859,319.83532999999994,1535.54108
1339,5B,Denver,0.55,0.55,612.2657099999999,569.9966599999999,384.53713999999997,1566.7995099999998
1340,5B,Denver,0.55,0.5,652.1422299999999,541.49366,364.14166,1557.77755
1341,5B,Denver,0.55,0.6000000000000001,579.85268,602.6801,407.78291999999993,1590.3156999999999
1342,5B,Denver,0.55,0.65,549.6482599999999,633.90672,431.31372999999996,1614.8687099999997
1343,5B,Denver,0.55,0.7000000000000001,522.09264,664.6899599999999,455.1929099999999,1641.97551
1344,5B,Denver,0.55,0.75,498.01009,694.1113899999999,479.4838,1671.6052799999998
1345,5B,Denver,0.55,0.8500000000000001,454.75426,749.85059,527.9072299999999,1732.51208
1346,5B,Denver,0.55,0.8,475.14779,723.0261,503.52133,1701.69522
1347,5B,Denver,0.55,0.9500000000000001,419.1785,803.1195299999999,574.9371799999999,1797.2352099999998
1348,5B,Denver,0.55,0.9,435.58438,779.3987,552.5781599999999,1767.56124
1349,5B,Denver,0.5,0.01,1355.99712,259.78900999999996,173.13989,1788.9260199999999
1350,5B,Denver,0.5,0.15000000000000002,1049.92222,353.34218999999996,224.31860999999998,1627.5830199999998
1351,5B,Denver,0.5,0.1,1139.05075,317.61843,204.46152,1661.1307000000002
1352,5B,Denver,0.5,0.25,868.78117,405.376,261.30917,1535.46634
1353,5B,Denver,0.5,0.2,959.1225399999998,378.32982,242.18049,1579.6328499999997
1354,5B,Denver,0.5,0.30000000000000004,791.51864,431.59875999999997,281.45129,1504.56869
1355,5B,Denver,0.5,0.35000000000000003,722.5270599999999,455.85797999999994,302.44849999999997,1480.8335399999999
1356,5B,Denver,0.5,0.45,626.64658,515.55593,346.56481,1488.7673200000002
1357,5B,Denver,0.5,0.4,667.71976,482.39743999999996,323.92076,1474.0379599999999
1358,5B,Denver,0.5,0.55,552.76014,576.77404,390.39608999999996,1519.93027
1359,5B,Denver,0.5,0.5,589.58146,547.98601,369.65223999999995,1507.2197099999998
1360,5B,Denver,0.5,0.6000000000000001,522.63224,610.0275399999999,414.37028,1547.03006
1361,5B,Denver,0.5,0.65,495.04729,639.13227,438.47114999999997,1572.65071
1362,5B,Denver,0.5,0.7000000000000001,470.33282999999994,669.40879,463.01539999999994,1602.7570199999998
1363,5B,Denver,0.5,0.75,447.50454,699.49529,487.62298999999996,1634.62282
1364,5B,Denver,0.5,0.8500000000000001,407.79744999999997,755.4245099999999,537.18654,1700.4085
1365,5B,Denver,0.5,0.8,427.14502,726.73149,512.4206,1666.29711
1366,5B,Denver,0.5,0.9500000000000001,375.49708999999996,810.752,585.70498,1771.9540699999998
1367,5B,Denver,0.5,0.9,390.47866999999997,784.24421,562.2375099999999,1736.9603899999997
1368,5B,Denver,0.6000000000000001,0.01,1553.68446,255.13352,174.91340999999997,1983.73139
1369,5B,Denver,0.6000000000000001,0.15000000000000002,1211.82587,346.7865,222.92513,1781.5375
1370,5B,Denver,0.6000000000000001,0.1,1314.6666500000001,312.10785,204.14481999999998,1830.91932
1371,5B,Denver,0.6000000000000001,0.25,1020.58228,397.45849999999996,257.60378,1675.6445599999997
1372,5B,Denver,0.6000000000000001,0.2,1114.98189,371.14072999999996,239.7419,1725.86452
1373,5B,Denver,0.6000000000000001,0.30000000000000004,938.7669099999999,422.09776,276.25741,1637.1220799999999
1374,5B,Denver,0.6000000000000001,0.35000000000000003,865.9049899999999,446.83203,296.08282999999994,1608.8198499999999
1375,5B,Denver,0.6000000000000001,0.45,759.1967599999999,502.7929199999999,337.72888,1599.7185599999998
1376,5B,Denver,0.6000000000000001,0.4,808.2790499999999,473.02312,316.47831,1597.78048
1377,5B,Denver,0.6000000000000001,0.55,673.53843,565.56286,379.53328,1618.6345700000002
1378,5B,Denver,0.6000000000000001,0.5,716.1052,535.12799,359.70786,1610.94105
1379,5B,Denver,0.6000000000000001,0.6000000000000001,638.57437,597.67624,402.14565999999996,1638.39627
1380,5B,Denver,0.6000000000000001,0.65,606.91653,628.17445,425.23309,1660.32407
1381,5B,Denver,0.6000000000000001,0.7000000000000001,576.68724,658.736,448.41553,1683.83877
1382,5B,Denver,0.6000000000000001,0.75,550.66198,689.07586,472.13636,1711.8742
1383,5B,Denver,0.6000000000000001,0.8500000000000001,503.83403,746.2718799999999,519.73637,1769.8422799999998
1384,5B,Denver,0.6000000000000001,0.8,525.70691,717.7055399999999,495.79385,1739.2062999999998
1385,5B,Denver,0.6000000000000001,0.9500000000000001,465.74295,799.2874599999999,565.3411699999999,1830.3715799999998
1386,5B,Denver,0.6000000000000001,0.9,483.34145,775.2816,543.83724,1802.46029
1387,5B,Denver,0.65,0.01,1647.25805,253.61335999999997,176.21187999999998,2077.08329
1388,5B,Denver,0.65,0.15000000000000002,1286.73946,345.89973999999995,223.68520999999998,1856.3244100000002
1389,5B,Denver,0.65,0.1,1393.14215,311.44277999999997,205.15825999999998,1909.74319
1390,5B,Denver,0.65,0.25,1083.92486,397.68019,259.3773,1740.9823500000002
1391,5B,Denver,0.65,0.2,1181.89744,370.72902,240.94536,1793.57182
1392,5B,Denver,0.65,0.30000000000000004,998.3877299999999,422.88951,278.66432999999995,1699.94157
1393,5B,Denver,0.65,0.35000000000000003,926.25654,449.55564999999996,298.6481,1674.46029
1394,5B,Denver,0.65,0.45,818.87068,507.10004,340.35749,1666.3282100000001
1395,5B,Denver,0.65,0.4,869.0754499999999,477.01354,319.17026,1665.25925
1396,5B,Denver,0.65,0.55,729.92887,568.98322,381.49681999999996,1680.4089099999997
1397,5B,Denver,0.65,0.5,774.3998799999999,539.08674,361.86142,1675.3480399999999
1398,5B,Denver,0.65,0.6000000000000001,693.72394,601.28662,403.4758,1698.4863599999999
1399,5B,Denver,0.65,0.65,656.9587300000001,632.51324,426.59489999999994,1716.06687
1400,5B,Denver,0.65,0.7000000000000001,626.33537,662.47306,448.9539199999999,1737.76235
1401,5B,Denver,0.65,0.75,597.63559,692.65457,471.883,1762.17316
1402,5B,Denver,0.65,0.8500000000000001,547.64574,748.90049,518.4062299999999,1814.95246
1403,5B,Denver,0.65,0.8,572.03054,721.6642899999999,495.16044999999997,1788.8552799999998
1404,5B,Denver,0.65,0.9500000000000001,506.87185,800.80762,563.75767,1871.43714
1405,5B,Denver,0.65,0.9,526.44813,775.09158,541.9053700000001,1843.44508
1406,5B,Denver,0.7000000000000001,0.01,1736.2785999999999,252.15654,177.73203999999998,2166.16718
1407,5B,Denver,0.7000000000000001,0.15000000000000002,1358.67841,345.13966,224.79366,1928.61173
1408,5B,Denver,0.7000000000000001,0.1,1470.68328,311.15774999999996,206.55174,1988.39277
1409,5B,Denver,0.7000000000000001,0.25,1143.5286800000001,398.06023,261.75255,1803.34146
1410,5B,Denver,0.7000000000000001,0.2,1246.23433,371.26741,242.78221999999997,1860.28396
1411,5B,Denver,0.7000000000000001,0.30000000000000004,1057.35708,425.13808,281.73632,1764.23148
1412,5B,Denver,0.7000000000000001,0.35000000000000003,985.54703,453.89444,302.06845999999996,1741.50993
1413,5B,Denver,0.7000000000000001,0.45,876.5425899999999,513.40237,343.96787,1733.9128299999998
1414,5B,Denver,0.7000000000000001,0.4,928.6216300000001,482.01739999999995,322.84398,1733.48301
1415,5B,Denver,0.7000000000000001,0.55,786.46916,575.0321899999999,384.79049999999995,1746.29185
1416,5B,Denver,0.7000000000000001,0.5,829.85489,545.45241,365.25010999999995,1740.55741
1417,5B,Denver,0.7000000000000001,0.6000000000000001,746.98309,605.2136999999999,406.0093999999999,1758.2061899999999
1418,5B,Denver,0.7000000000000001,0.65,707.30998,637.8021299999999,429.03349,1774.1456
1419,5B,Denver,0.7000000000000001,0.7000000000000001,674.7806800000001,667.12855,450.44240999999994,1792.35164
1420,5B,Denver,0.7000000000000001,0.75,645.15758,695.7898999999999,472.4213899999999,1813.3688699999998
1421,5B,Denver,0.7000000000000001,0.8500000000000001,591.9573700000001,752.4475299999999,517.7411599999999,1862.14606
1422,5B,Denver,0.7000000000000001,0.8,617.0680299999999,723.88119,495.0021,1835.95132
1423,5B,Denver,0.7000000000000001,0.9500000000000001,548.1956600000001,803.6262499999999,562.5542099999999,1914.37612
1424,5B,Denver,0.7000000000000001,0.9,569.1363,777.4351599999999,540.44855,1887.0200099999997
1425,5B,Denver,0.75,0.01,1822.11961,250.85806999999997,179.34721,2252.32489
1426,5B,Denver,0.75,0.15000000000000002,1426.48666,343.87286,226.21881000000002,1996.57833
1427,5B,Denver,0.75,0.1,1544.2405799999997,311.47445,208.10356999999996,2063.8185999999996
1428,5B,Denver,0.75,0.25,1201.85656,401.41724999999997,264.98289,1868.2567
1429,5B,Denver,0.75,0.2,1307.6958399999999,372.91425,245.15746999999996,1925.7675599999998
1430,5B,Denver,0.75,0.30000000000000004,1114.4751099999999,429.54020999999995,285.60006,1829.6153799999997
1431,5B,Denver,0.75,0.35000000000000003,1044.08615,458.73994999999996,306.43892,1809.26502
1432,5B,Denver,0.75,0.45,932.8998799999999,520.62313,348.59168999999997,1802.1146999999999
1433,5B,Denver,0.75,0.4,985.62316,488.9848,327.49947,1802.10743
1434,5B,Denver,0.75,0.55,840.95218,581.8729099999999,389.44599,1812.2710799999998
1435,5B,Denver,0.75,0.5,885.11542,551.8814199999999,369.65223999999995,1806.6490799999997
1436,5B,Denver,0.75,0.6000000000000001,800.30941,611.9594099999999,409.71479,1821.9836099999998
1437,5B,Denver,0.75,0.65,756.52409,643.8511,432.32716999999997,1832.70236
1438,5B,Denver,0.75,0.7000000000000001,722.6572099999998,671.37233,452.59596999999997,1846.6255099999998
1439,5B,Denver,0.75,0.75,692.18497,699.08358,473.71986000000004,1864.98841
1440,5B,Denver,0.75,0.8500000000000001,636.9079300000001,754.79111,517.58281,1909.2818499999998
1441,5B,Denver,0.75,0.8,663.3595700000001,727.30155,495.66716999999994,1886.3282900000002
1442,5B,Denver,0.75,0.9500000000000001,590.4017699999999,804.89305,561.5091,1956.80392
1443,5B,Denver,0.75,0.9,612.56755,779.3987,539.6884699999999,1931.65472
1444,5B,Denver,0.8500000000000001,0.01,1993.2455999999997,248.03943999999996,182.7359,2424.02094
1445,5B,Denver,0.8500000000000001,0.15000000000000002,1572.3397799999998,340.4525,226.88387999999998,2139.6761599999995
1446,5B,Denver,0.8500000000000001,0.1,1698.94153,308.56081,209.94043000000002,2217.44277
1447,5B,Denver,0.8500000000000001,0.25,1336.60391,399.58038999999997,265.86965,2002.05395
1448,5B,Denver,0.8500000000000001,0.2,1447.54632,369.9056,246.04422999999997,2063.49615
1449,5B,Denver,0.8500000000000001,0.30000000000000004,1246.67184,428.24174,286.26513,1961.17871
1450,5B,Denver,0.8500000000000001,0.35000000000000003,1174.04578,457.72650999999996,306.97731,1938.7495999999999
1451,5B,Denver,0.8500000000000001,0.45,1053.4611699999998,519.98973,348.27499,1921.7258899999997
1452,5B,Denver,0.8500000000000001,0.4,1110.37318,488.09803999999997,327.62615,1926.09737
1453,5B,Denver,0.8500000000000001,0.55,956.0947100000001,581.61955,388.74924999999996,1926.46351
1454,5B,Denver,0.8500000000000001,0.5,1002.66062,551.27969,368.76547999999997,1922.70579
1455,5B,Denver,0.8500000000000001,0.6000000000000001,913.76514,610.18589,408.25796999999994,1932.2089999999998
1456,5B,Denver,0.8500000000000001,0.65,863.51319,643.05935,430.30028999999996,1936.87283
1457,5B,Denver,0.8500000000000001,0.7000000000000001,826.42766,669.4721299999999,449.30228999999997,1945.20208
1458,5B,Denver,0.8500000000000001,0.75,791.98668,697.50008,469.28606,1958.7728200000001
1459,5B,Denver,0.8500000000000001,0.8500000000000001,732.43929,750.67401,511.3121499999999,1994.42545
1460,5B,Denver,0.8500000000000001,0.8,761.1811599999999,725.4330199999999,490.3149399999999,1976.9291199999998
1461,5B,Denver,0.8500000000000001,0.9500000000000001,680.49333,800.07921,553.4649199999999,2034.03746
1462,5B,Denver,0.8500000000000001,0.9,705.5210999999999,778.2585799999999,532.3726999999999,2016.1523799999998
1463,5B,Denver,0.8,0.01,1910.48083,249.30623999999997,180.93071,2340.71778
1464,5B,Denver,0.8,0.15000000000000002,1502.9133900000002,341.75097,225.96544999999998,2070.6298100000004
1465,5B,Denver,0.8,0.1,1625.9719300000002,309.19420999999994,208.67363,2143.83977
1466,5B,Denver,0.8,0.25,1271.8712799999998,400.49881999999997,265.26792,1937.6380199999999
1467,5B,Denver,0.8,0.2,1380.82655,371.04571999999996,245.31581999999997,1997.1880899999999
1468,5B,Denver,0.8,0.30000000000000004,1182.17281,428.78012999999993,285.94843000000003,1896.90137
1469,5B,Denver,0.8,0.35000000000000003,1111.28669,458.29657,306.94563999999997,1876.5288999999998
1470,5B,Denver,0.8,0.45,995.37415,521.35154,348.90839,1865.63408
1471,5B,Denver,0.8,0.4,1050.3676799999998,488.95312999999993,327.91118,1867.2319899999998
1472,5B,Denver,0.8,0.55,899.4694,582.91802,390.42776,1872.81518
1473,5B,Denver,0.8,0.5,945.08946,552.92653,369.87393,1867.8899199999998
1474,5B,Denver,0.8,0.6000000000000001,857.85655,612.40279,410.1581699999999,1880.41751
1475,5B,Denver,0.8,0.65,809.09054,645.4346,432.86556,1887.3907000000002
1476,5B,Denver,0.8,0.7000000000000001,773.82019,672.48078,452.50095999999996,1898.80193
1477,5B,Denver,0.8,0.75,741.20353,699.2736,473.02312,1913.50025
1478,5B,Denver,0.8,0.8500000000000001,682.87703,754.5694199999999,516.221,1953.66745
1479,5B,Denver,0.8,0.8,711.47309,728.12497,494.65372999999994,1934.2517899999998
1480,5B,Denver,0.8,0.9500000000000001,633.94142,805.24142,559.45055,1998.63339
1481,5B,Denver,0.8,0.9,657.35402,780.82385,537.7566,1975.9344700000001
1482,5B,Denver,0.9500000000000001,0.01,2147.49637,246.10756999999995,186.47296,2580.0769
1483,5B,Denver,0.9500000000000001,0.15000000000000002,1703.8617,339.34405,229.48081999999997,2272.68657
1484,5B,Denver,0.9500000000000001,0.1,1837.5079999999998,307.92741,212.88573999999997,2358.32115
1485,5B,Denver,0.9500000000000001,0.25,1461.39689,398.78864,267.76984999999996,2127.95538
1486,5B,Denver,0.9500000000000001,0.2,1575.2393499999998,369.05051,248.22945999999996,2192.51932
1487,5B,Denver,0.9500000000000001,0.30000000000000004,1369.30317,428.33675,287.62693999999993,2085.2668599999997
1488,5B,Denver,0.9500000000000001,0.35000000000000003,1293.93393,457.82151999999996,307.99075,2059.7462
1489,5B,Denver,0.9500000000000001,0.45,1167.75138,518.4378999999999,347.95829,2034.1475699999999
1490,5B,Denver,0.9500000000000001,0.4,1227.41188,487.59132,328.16454,2043.16774
1491,5B,Denver,0.9500000000000001,0.55,1064.75786,579.43432,387.00739999999996,2031.19958
1492,5B,Denver,0.9500000000000001,0.5,1114.6531599999998,549.72786,367.84705,2032.22807
1493,5B,Denver,0.9500000000000001,0.6000000000000001,1020.5765499999999,607.20891,405.66103,2033.4464899999998
1494,5B,Denver,0.9500000000000001,0.65,967.8677299999999,639.70233,426.46822,2034.03828
1495,5B,Denver,0.9500000000000001,0.7000000000000001,930.08142,662.63141,444.26676,2036.97959
1496,5B,Denver,0.9500000000000001,0.75,894.80958,689.86761,463.07874,2047.7559299999998
1497,5B,Denver,0.9500000000000001,0.8500000000000001,828.2582299999999,743.4849199999999,503.14128999999997,2074.88444
1498,5B,Denver,0.9500000000000001,0.8,859.98367,716.31206,483.22086,2059.5165899999997
1499,5B,Denver,0.9500000000000001,0.9500000000000001,773.52531,795.26537,543.23551,2112.02619
1500,5B,Denver,0.9500000000000001,0.9,799.54569,769.4226499999999,523.22007,2092.1884099999997
1501,5B,Denver,0.9,0.01,2072.10242,246.99432999999996,184.57276,2503.66951
1502,5B,Denver,0.9,0.15000000000000002,1638.6616599999998,339.56573999999995,228.08733999999998,2206.31474
1503,5B,Denver,0.9,0.1,1770.8600700000002,308.11743,211.39724999999999,2290.37475
1504,5B,Denver,0.9,0.25,1399.5079700000001,398.91531999999995,266.62973,2065.0530200000003
1505,5B,Denver,0.9,0.2,1511.46829,369.05051,246.99432999999996,2127.51313
1506,5B,Denver,0.9,0.30000000000000004,1308.75056,428.14673,286.83518999999995,2023.73248
1507,5B,Denver,0.9,0.35000000000000003,1235.0696099999998,457.50482,307.35735,1999.9317799999997
1508,5B,Denver,0.9,0.45,1111.71313,518.84961,347.95829,1978.52103
1509,5B,Denver,0.9,0.4,1169.36014,487.52797999999996,327.72116,1984.6092800000001
1510,5B,Denver,0.9,0.55,1010.72056,579.7510199999999,387.67247,1978.1440499999999
1511,5B,Denver,0.9,0.5,1059.6683099999998,550.45627,368.10041,1978.2249899999997
1512,5B,Denver,0.9,0.6000000000000001,967.88767,608.91909,406.83282,1983.63958
1513,5B,Denver,0.9,0.65,916.51728,640.90579,428.08338999999995,1985.50646
1514,5B,Denver,0.9,0.7000000000000001,878.36921,666.9702,446.61034,1991.94975
1515,5B,Denver,0.9,0.75,842.9672899999999,692.87626,466.02405,2001.8676
1516,5B,Denver,0.9,0.8500000000000001,780.21379,747.76037,506.97336,2034.94752
1517,5B,Denver,0.9,0.8,810.4849599999999,720.30248,486.54621,2017.3336499999998
1518,5B,Denver,0.9,0.9500000000000001,727.00018,798.2106799999999,548.08102,2073.2918799999998
1519,5B,Denver,0.9,0.9,752.81056,773.5714199999999,527.5271899999999,2053.90917
1520,3B,ElPaso,0.01,0.01,104.82546,657.7859,280.34283999999997,1042.9542
1521,3B,ElPaso,0.01,0.15000000000000002,63.17685,818.5744900000001,374.27606,1256.0274
1522,3B,ElPaso,0.01,0.1,83.72355000000002,761.79018,341.7193,1187.2330299999999
1523,3B,ElPaso,0.01,0.25,39.8211,920.3302,433.65731,1393.80861
1524,3B,ElPaso,0.01,0.2,49.03213,870.0065699999999,404.26754999999997,1323.3062499999999
1525,3B,ElPaso,0.01,0.30000000000000004,33.986200000000004,971.41391,459.69005,1465.09016
1526,3B,ElPaso,0.01,0.35000000000000003,29.100120000000004,1020.6607599999999,485.31108,1535.0719599999998
1527,3B,ElPaso,0.01,0.45,21.419230000000002,1125.58347,538.9283899999999,1685.93109
1528,3B,ElPaso,0.01,0.4,24.63765,1072.75791,512.13557,1609.5311299999998
1529,3B,ElPaso,0.01,0.55,17.03519,1228.1625999999999,590.9621999999999,1836.1599899999999
1530,3B,ElPaso,0.01,0.5,19.022100000000002,1175.87543,564.89779,1759.79532
1531,3B,ElPaso,0.01,0.6000000000000001,15.285910000000001,1277.21943,616.67824,1909.1835800000001
1532,3B,ElPaso,0.01,0.65,13.80593,1327.2263599999999,642.71098,1983.74327
1533,3B,ElPaso,0.01,0.7000000000000001,12.59525,1376.4732099999999,668.6803799999999,2057.7488399999997
1534,3B,ElPaso,0.01,0.75,11.50466,1427.27189,695.0614899999999,2133.83804
1535,3B,ElPaso,0.01,0.8500000000000001,9.70118,1526.1772999999998,748.33043,2284.20891
1536,3B,ElPaso,0.01,0.8,10.56498,1476.04369,721.6009499999999,2208.20962
1537,3B,ElPaso,0.01,0.9500000000000001,8.191230000000001,1623.75257,801.82106,2433.76486
1538,3B,ElPaso,0.01,0.9,8.903270000000001,1575.4241499999998,775.24993,2359.5773499999996
1539,3B,ElPaso,0.05,0.01,117.78718,650.05842,272.42533999999995,1040.2709399999999
1540,3B,ElPaso,0.05,0.15000000000000002,69.94167,815.7241899999999,364.04665,1249.7125099999998
1541,3B,ElPaso,0.05,0.1,93.61475999999999,757.00801,331.5849,1182.20767
1542,3B,ElPaso,0.05,0.25,44.07911,918.3349900000001,420.9576399999999,1383.37174
1543,3B,ElPaso,0.05,0.2,54.44726,869.08814,394.00647,1317.54187
1544,3B,ElPaso,0.05,0.30000000000000004,37.79828,970.24212,446.95870999999994,1454.99911
1545,3B,ElPaso,0.05,0.35000000000000003,32.48625,1018.2538399999999,472.3263799999999,1523.0664699999998
1546,3B,ElPaso,0.05,0.45,24.29609,1122.0681,525.6586599999999,1672.0228499999998
1547,3B,ElPaso,0.05,0.4,27.73705,1068.8941699999998,498.89750999999995,1595.5287299999998
1548,3B,ElPaso,0.05,0.55,19.35602,1221.76526,577.37577,1818.49705
1549,3B,ElPaso,0.05,0.5,21.65304,1171.8850099999997,551.5013799999999,1745.0394299999996
1550,3B,ElPaso,0.05,0.6000000000000001,17.415020000000002,1270.56873,603.2501599999999,1891.23391
1551,3B,ElPaso,0.05,0.65,15.732479999999999,1320.67067,629.02954,1965.4326899999999
1552,3B,ElPaso,0.05,0.7000000000000001,14.27673,1368.71406,654.58723,2037.57802
1553,3B,ElPaso,0.05,0.75,13.00441,1418.59431,680.77832,2112.37704
1554,3B,ElPaso,0.05,0.8500000000000001,10.934180000000001,1517.65807,733.63555,2262.2277999999997
1555,3B,ElPaso,0.05,0.8,11.862169999999999,1468.50623,707.1911,2187.5595000000003
1556,3B,ElPaso,0.05,0.9500000000000001,9.28416,1614.63161,786.84115,2410.75692
1557,3B,ElPaso,0.05,0.9,10.07123,1566.52488,759.8899799999999,2336.48609
1558,3B,ElPaso,0.15000000000000002,0.01,161.21755000000002,634.57179,258.96558999999996,1054.75493
1559,3B,ElPaso,0.15000000000000002,0.15000000000000002,88.89178000000001,801.12432,343.36614,1233.38224
1560,3B,ElPaso,0.15000000000000002,0.1,120.27554,741.7113999999999,313.69135,1175.6782899999998
1561,3B,ElPaso,0.15000000000000002,0.25,57.019580000000005,901.3282,395.62163999999996,1353.96942
1562,3B,ElPaso,0.15000000000000002,0.2,70.25099,852.49306,369.77891999999997,1292.52297
1563,3B,ElPaso,0.15000000000000002,0.30000000000000004,49.07597,952.5069199999999,421.17933,1422.7622199999998
1564,3B,ElPaso,0.15000000000000002,0.35000000000000003,42.61213,1000.8353399999999,446.10362000000003,1489.55109
1565,3B,ElPaso,0.15000000000000002,0.45,33.03869,1109.1150699999998,498.39079,1640.5445499999998
1566,3B,ElPaso,0.15000000000000002,0.4,37.51987,1054.9910399999999,472.04135,1564.55226
1567,3B,ElPaso,0.15000000000000002,0.55,26.575699999999998,1209.44563,549.34782,1785.36915
1568,3B,ElPaso,0.15000000000000002,0.5,29.576259999999998,1160.57882,523.98015,1714.1352299999999
1569,3B,ElPaso,0.15000000000000002,0.6000000000000001,23.994500000000002,1257.07731,574.4621299999999,1855.5339399999998
1570,3B,ElPaso,0.15000000000000002,0.65,21.75763,1304.8673399999998,599.9881499999999,1926.6131199999998
1571,3B,ElPaso,0.15000000000000002,0.7000000000000001,19.779220000000002,1352.7207099999998,625.1341299999999,1997.6340599999996
1572,3B,ElPaso,0.15000000000000002,0.75,18.09094,1403.10768,650.59681,2071.79543
1573,3B,ElPaso,0.15000000000000002,0.8500000000000001,15.231300000000001,1500.5562699999998,701.90221,2217.6897799999997
1574,3B,ElPaso,0.15000000000000002,0.8,16.58609,1451.91115,676.18617,2144.6834099999996
1575,3B,ElPaso,0.15000000000000002,0.9500000000000001,12.98444,1595.5029299999999,753.6826599999999,2362.1700299999998
1576,3B,ElPaso,0.15000000000000002,0.9,14.016580000000001,1549.01137,727.96662,2290.99457
1577,3B,ElPaso,0.1,0.01,137.57368000000002,641.7608799999999,264.7612,1044.09576
1578,3B,ElPaso,0.1,0.15000000000000002,78.78396000000001,809.77023,353.46887,1242.02306
1579,3B,ElPaso,0.1,0.1,106.36350000000002,749.59723,321.51383999999996,1177.4745699999999
1580,3B,ElPaso,0.1,0.25,50.03646,912.2543499999999,407.14952,1369.44033
1581,3B,ElPaso,0.1,0.2,61.78172,862.53245,380.9901,1305.30427
1582,3B,ElPaso,0.1,0.30000000000000004,42.98131,963.8447799999999,433.11891999999995,1439.94501
1583,3B,ElPaso,0.1,0.35000000000000003,37.14003,1011.9831800000001,458.26489999999995,1507.3881099999999
1584,3B,ElPaso,0.1,0.45,28.36238,1119.05945,511.09045999999995,1658.51229
1585,3B,ElPaso,0.1,0.4,32.260110000000005,1064.3653599999998,484.48765999999995,1581.1131299999997
1586,3B,ElPaso,0.1,0.55,22.71877,1216.2863499999999,562.39586,1801.40098
1587,3B,ElPaso,0.1,0.5,25.32505,1167.38787,536.64815,1729.36107
1588,3B,ElPaso,0.1,0.6000000000000001,20.48934,1264.70978,588.0168899999999,1873.2160099999999
1589,3B,ElPaso,0.1,0.65,18.529210000000003,1312.2147799999998,613.6379199999999,1944.3819099999996
1590,3B,ElPaso,0.1,0.7000000000000001,16.849220000000003,1361.2716099999998,638.91058,2017.0314099999998
1591,3B,ElPaso,0.1,0.75,15.37434,1410.01174,664.7216299999999,2090.1077099999998
1592,3B,ElPaso,0.1,0.8500000000000001,12.90898,1508.79047,716.91379,2238.6132399999997
1593,3B,ElPaso,0.1,0.8,14.03953,1458.87855,690.65936,2163.57744
1594,3B,ElPaso,0.1,0.9500000000000001,10.97138,1604.11717,769.2959699999999,2384.3845199999996
1595,3B,ElPaso,0.1,0.9,11.89682,1555.72541,742.8831899999999,2310.50542
1596,3B,ElPaso,0.25,0.01,221.7253,624.75409,251.11143,1097.59082
1597,3B,ElPaso,0.25,0.15000000000000002,115.27118,785.2576499999999,327.91118,1228.4400099999998
1598,3B,ElPaso,0.25,0.1,153.65635,728.37833,300.48495999999994,1182.51964
1599,3B,ElPaso,0.25,0.25,75.52909,878.6841499999999,377.72808999999995,1331.9413299999999
1600,3B,ElPaso,0.25,0.2,92.25759000000001,832.2242599999998,352.74046,1277.2223099999999
1601,3B,ElPaso,0.25,0.30000000000000004,65.17112,926.6642,402.43068999999997,1394.26601
1602,3B,ElPaso,0.25,0.35000000000000003,57.79352,977.74791,426.87992999999994,1462.4213599999998
1603,3B,ElPaso,0.25,0.45,45.31558,1085.20422,477.67861,1608.19841
1604,3B,ElPaso,0.25,0.4,51.22616000000001,1033.2337499999999,452.18426,1536.6441699999998
1605,3B,ElPaso,0.25,0.55,36.653760000000005,1188.32174,527.6221999999999,1752.5976999999998
1606,3B,ElPaso,0.25,0.5,40.707080000000005,1137.8080899999998,502.72958,1681.2447499999996
1607,3B,ElPaso,0.25,0.6000000000000001,33.0723,1239.31044,552.2931299999999,1824.67587
1608,3B,ElPaso,0.25,0.65,30.08938,1289.88743,577.18575,1897.1625599999998
1609,3B,ElPaso,0.25,0.7000000000000001,27.354080000000003,1338.8809199999998,602.01503,1968.25003
1610,3B,ElPaso,0.25,0.75,25.014760000000003,1388.76117,626.9076499999999,2040.68358
1611,3B,ElPaso,0.25,0.8500000000000001,21.1623,1485.06964,676.85124,2183.0831799999996
1612,3B,ElPaso,0.25,0.8,22.954729999999998,1437.34295,651.7686,2112.06628
1613,3B,ElPaso,0.25,0.9500000000000001,18.13432,1580.07964,727.11153,2325.3254899999997
1614,3B,ElPaso,0.25,0.9,19.57328,1533.9997899999998,701.99722,2255.5702899999997
1615,3B,ElPaso,0.2,0.01,189.53476999999998,628.36447,254.50011999999998,1072.39936
1616,3B,ElPaso,0.2,0.15000000000000002,101.00863000000001,793.0801399999999,334.84691,1228.93568
1617,3B,ElPaso,0.2,0.1,135.7594,735.09237,306.75561999999996,1177.60739
1618,3B,ElPaso,0.2,0.25,65.41850000000001,889.5786299999999,385.77227,1340.7694
1619,3B,ElPaso,0.2,0.2,80.24765000000001,841.94695,360.43627,1282.63087
1620,3B,ElPaso,0.2,0.30000000000000004,56.409800000000004,939.2371899999999,411.01326,1406.66025
1621,3B,ElPaso,0.2,0.35000000000000003,49.40608,989.3074599999999,435.84254,1474.5560799999998
1622,3B,ElPaso,0.2,0.45,38.60006,1096.19371,487.21128,1622.00505
1623,3B,ElPaso,0.2,0.4,43.68382,1043.5898399999999,461.46357,1548.7372299999997
1624,3B,ElPaso,0.2,0.55,31.08601,1197.9810899999998,537.7566,1766.8237
1625,3B,ElPaso,0.2,0.5,34.54334,1149.96937,512.64229,1697.155
1626,3B,ElPaso,0.2,0.6000000000000001,28.07971,1247.70299,562.74423,1838.52693
1627,3B,ElPaso,0.2,0.65,25.48108,1296.79149,587.8902099999999,1910.16278
1628,3B,ElPaso,0.2,0.7000000000000001,23.172580000000004,1345.40494,613.0361899999999,1981.6137099999996
1629,3B,ElPaso,0.2,0.75,21.20756,1394.9051499999998,638.0871599999999,2054.19987
1630,3B,ElPaso,0.2,0.8500000000000001,17.98616,1492.95547,688.72749,2199.66912
1631,3B,ElPaso,0.2,0.8,19.500149999999998,1444.4370299999998,663.39149,2127.32867
1632,3B,ElPaso,0.2,0.9500000000000001,15.34502,1588.0604799999999,739.77953,2343.1850299999996
1633,3B,ElPaso,0.2,0.9,16.63307,1539.85874,714.19017,2270.68198
1634,3B,ElPaso,0.30000000000000004,0.01,256.08406,621.30206,248.16611999999998,1125.55224
1635,3B,ElPaso,0.30000000000000004,0.15000000000000002,130.96526,779.43037,323.06567,1233.4613
1636,3B,ElPaso,0.30000000000000004,0.1,173.84395999999998,723.72284,295.82946999999996,1193.39627
1637,3B,ElPaso,0.30000000000000004,0.25,86.06181000000001,875.26379,373.26261999999997,1334.58822
1638,3B,ElPaso,0.30000000000000004,0.2,104.88223,828.0754900000001,347.98995999999994,1280.94768
1639,3B,ElPaso,0.30000000000000004,0.30000000000000004,74.56563,923.9722499999999,398.21858,1396.7564599999998
1640,3B,ElPaso,0.30000000000000004,0.35000000000000003,66.29234,975.37266,423.14287,1464.80787
1641,3B,ElPaso,0.30000000000000004,0.45,53.33467,1079.97867,472.54807,1605.86141
1642,3B,ElPaso,0.30000000000000004,0.4,59.33176,1028.41991,447.68712,1535.4387900000002
1643,3B,ElPaso,0.30000000000000004,0.55,42.96756,1181.86106,518.78627,1743.6148899999998
1644,3B,ElPaso,0.30000000000000004,0.5,48.08193,1132.2024999999999,496.96563999999995,1677.2500699999998
1645,3B,ElPaso,0.30000000000000004,0.6000000000000001,38.95101,1231.48795,543.01382,1813.45278
1646,3B,ElPaso,0.30000000000000004,0.65,35.44798,1283.55343,567.55807,1886.55948
1647,3B,ElPaso,0.30000000000000004,0.7000000000000001,32.37345,1332.07187,592.1656599999999,1956.61098
1648,3B,ElPaso,0.30000000000000004,0.75,29.53485,1382.33216,616.86826,2028.73527
1649,3B,ElPaso,0.30000000000000004,0.8500000000000001,25.06557,1479.14735,666.2417899999999,2170.45471
1650,3B,ElPaso,0.30000000000000004,0.8,27.198079999999997,1430.8822699999998,641.41251,2099.49286
1651,3B,ElPaso,0.30000000000000004,0.9500000000000001,21.56084,1573.20725,715.71033,2310.47842
1652,3B,ElPaso,0.30000000000000004,0.9,23.22234,1526.30398,691.0393999999999,2240.5657199999996
1653,3B,ElPaso,0.35000000000000003,0.01,291.6161,618.0717199999999,245.03079,1154.71861
1654,3B,ElPaso,0.35000000000000003,0.15000000000000002,149.17785,774.2048199999999,318.47352,1241.85619
1655,3B,ElPaso,0.35000000000000003,0.1,196.24167,719.9224399999999,291.68069999999994,1207.8448099999998
1656,3B,ElPaso,0.35000000000000003,0.25,99.18084,869.27816,367.40367,1335.86267
1657,3B,ElPaso,0.35000000000000003,0.2,120.23389,821.99485,342.70106999999996,1284.92981
1658,3B,ElPaso,0.35000000000000003,0.30000000000000004,86.7658,917.41656,391.69456,1395.8769200000002
1659,3B,ElPaso,0.35000000000000003,0.35000000000000003,77.05992,968.84864,416.42883,1462.3373900000001
1660,3B,ElPaso,0.35000000000000003,0.45,62.07218,1072.5995599999999,465.29563999999993,1599.9673799999996
1661,3B,ElPaso,0.35000000000000003,0.4,69.01597,1020.7241,440.75138999999996,1530.49146
1662,3B,ElPaso,0.35000000000000003,0.55,50.154939999999996,1174.70364,510.80542999999994,1735.6640099999997
1663,3B,ElPaso,0.35000000000000003,0.5,56.06106,1124.69671,489.3015,1670.05927
1664,3B,ElPaso,0.35000000000000003,0.6000000000000001,45.43166,1226.10405,534.9696399999999,1806.50535
1665,3B,ElPaso,0.35000000000000003,0.65,41.295230000000004,1275.9842999999998,559.22886,1876.50839
1666,3B,ElPaso,0.35000000000000003,0.7000000000000001,37.75564,1325.9912299999999,583.2663899999999,1947.0132599999997
1667,3B,ElPaso,0.35000000000000003,0.75,34.643699999999995,1376.85325,607.96899,2019.46594
1668,3B,ElPaso,0.35000000000000003,0.8500000000000001,29.424329999999998,1472.4966499999998,656.70912,2158.6301
1669,3B,ElPaso,0.35000000000000003,0.8,31.84187,1424.54827,632.22821,2088.6183499999997
1670,3B,ElPaso,0.35000000000000003,0.9500000000000001,25.350389999999997,1565.00472,705.10088,2295.45599
1671,3B,ElPaso,0.35000000000000003,0.9,27.264400000000002,1518.98821,681.09502,2227.34763
1672,3B,ElPaso,0.45,0.01,365.3882899999999,613.9862899999999,240.3753,1219.7498799999998
1673,3B,ElPaso,0.45,0.15000000000000002,190.45556,767.58579,311.53779,1269.5791399999998
1674,3B,ElPaso,0.45,0.1,244.94037000000003,713.96848,285.41004,1244.31889
1675,3B,ElPaso,0.45,0.25,130.58599999999998,862.53245,358.09268999999995,1351.21114
1676,3B,ElPaso,0.45,0.2,155.88156,814.0140099999999,334.7519,1304.6474699999999
1677,3B,ElPaso,0.45,0.30000000000000004,115.5196,908.9606699999999,381.71851,1406.19878
1678,3B,ElPaso,0.45,0.35000000000000003,102.76680999999999,958.4292099999999,405.59768999999994,1466.79371
1679,3B,ElPaso,0.45,0.45,83.17459,1062.4334900000001,453.19769999999994,1598.8057800000001
1680,3B,ElPaso,0.45,0.4,92.10764,1008.7211699999999,429.35018999999994,1530.1789999999999
1681,3B,ElPaso,0.45,0.55,67.91712,1164.3158799999999,497.6623799999999,1729.89538
1682,3B,ElPaso,0.45,0.5,75.50005,1114.2139399999999,476.82352,1666.5375099999999
1683,3B,ElPaso,0.45,0.6000000000000001,61.80865,1216.3813599999999,521.44655,1799.63656
1684,3B,ElPaso,0.45,0.65,56.44453,1266.5783099999999,545.2307199999999,1868.2535599999997
1685,3B,ElPaso,0.45,0.7000000000000001,51.66641,1315.66681,568.57151,1935.90473
1686,3B,ElPaso,0.45,0.75,47.49512,1365.38871,592.48236,2005.36619
1687,3B,ElPaso,0.45,0.8500000000000001,40.48544,1463.02732,640.3674,2143.8801599999997
1688,3B,ElPaso,0.45,0.8,43.79314,1414.5088799999999,616.58323,2074.88525
1689,3B,ElPaso,0.45,0.9500000000000001,35.05288,1552.7167599999998,687.0489799999999,2274.8186199999996
1690,3B,ElPaso,0.45,0.9,37.550340000000006,1507.3653199999999,664.2149099999999,2209.13057
1691,3B,ElPaso,0.4,0.01,327.58302,616.04484,242.49718999999996,1186.12505
1692,3B,ElPaso,0.4,0.15000000000000002,169.17374,770.75279,314.60978,1254.53631
1693,3B,ElPaso,0.4,0.1,220.21267999999998,716.3437299999999,288.26034,1224.81675
1694,3B,ElPaso,0.4,0.25,114.17414,864.9393699999999,362.3048,1341.41831
1695,3B,ElPaso,0.4,0.2,137.28808,817.62439,338.36228,1293.27475
1696,3B,ElPaso,0.4,0.30000000000000004,100.42683,912.50771,386.31066,1399.2451999999998
1697,3B,ElPaso,0.4,0.35000000000000003,89.35,962.54631,410.56987999999996,1462.4661899999999
1698,3B,ElPaso,0.4,0.45,72.07713000000001,1066.89896,458.80329,1597.7793800000002
1699,3B,ElPaso,0.4,0.4,79.99929,1013.59835,434.67075,1528.26839
1700,3B,ElPaso,0.4,0.55,58.588930000000005,1169.60477,503.90137,1732.0950699999999
1701,3B,ElPaso,0.4,0.5,65.29764,1118.96444,482.6508,1666.9128799999999
1702,3B,ElPaso,0.4,0.6000000000000001,53.156369999999995,1220.5618,527.9072299999999,1801.6254
1703,3B,ElPaso,0.4,0.65,48.40567,1270.8537599999997,551.72307,1870.9824999999998
1704,3B,ElPaso,0.4,0.7000000000000001,44.30516,1321.05071,575.6022499999999,1940.9581199999998
1705,3B,ElPaso,0.4,0.75,40.69564,1370.1392099999998,599.70312,2010.5379699999999
1706,3B,ElPaso,0.4,0.8500000000000001,34.56443,1467.04941,648.0948799999999,2149.7087199999996
1707,3B,ElPaso,0.4,0.8,37.49124,1419.19604,623.99401,2080.68129
1708,3B,ElPaso,0.4,0.9500000000000001,29.83201,1558.0056499999998,695.6948899999999,2283.53255
1709,3B,ElPaso,0.4,0.9,32.06442,1514.83944,672.25909,2219.16295
1710,3B,ElPaso,0.55,0.01,433.63524,610.24923,237.01828,1280.90275
1711,3B,ElPaso,0.55,0.15000000000000002,234.66838,764.5771399999999,307.07232,1306.31784
1712,3B,ElPaso,0.55,0.1,296.65835,710.57979,281.35627999999997,1288.59442
1713,3B,ElPaso,0.55,0.25,167.42628,856.64183,351.537,1375.60511
1714,3B,ElPaso,0.55,0.2,195.57618999999997,810.72033,329.17798,1335.4745
1715,3B,ElPaso,0.55,0.30000000000000004,148.45533,904.4635299999999,374.40274,1427.3215999999998
1716,3B,ElPaso,0.55,0.35000000000000003,132.44393,951.9685299999999,397.68019,1482.0926499999998
1717,3B,ElPaso,0.55,0.45,108.07209,1052.45744,443.91838999999993,1604.4479199999996
1718,3B,ElPaso,0.55,0.4,119.22118999999998,1002.29216,420.92596999999995,1542.43932
1719,3B,ElPaso,0.55,0.55,89.17852,1155.47995,487.27462,1731.93309
1720,3B,ElPaso,0.55,0.5,98.48906000000001,1106.32811,467.10083,1671.9180000000001
1721,3B,ElPaso,0.55,0.6000000000000001,81.45658,1208.59054,510.67875,1800.72587
1722,3B,ElPaso,0.55,0.65,74.61395999999999,1259.9592799999998,534.01954,1868.5927799999997
1723,3B,ElPaso,0.55,0.7000000000000001,68.59901,1307.59096,556.88528,1933.0752499999999
1724,3B,ElPaso,0.55,0.75,63.242540000000005,1356.20441,580.06772,1999.51467
1725,3B,ElPaso,0.55,0.8500000000000001,54.35838,1452.9245899999999,627.0026599999999,2134.2856299999994
1726,3B,ElPaso,0.55,0.8,58.52372,1403.89943,603.56686,2065.99001
1727,3B,ElPaso,0.55,0.9500000000000001,47.348910000000004,1540.99886,671.81571,2260.1634799999997
1728,3B,ElPaso,0.55,0.9,50.544810000000005,1498.7827499999999,650.34345,2199.67101
1729,3B,ElPaso,0.5,0.01,399.49391,611.51603,238.50677,1249.51671
1730,3B,ElPaso,0.5,0.15000000000000002,212.2407,765.97062,309.00418999999994,1287.21551
1731,3B,ElPaso,0.5,0.1,270.60477,711.8149199999999,283.1298,1265.5494899999999
1732,3B,ElPaso,0.5,0.25,148.57901999999999,859.2704399999999,354.51397999999995,1362.3634399999999
1733,3B,ElPaso,0.5,0.2,175.46595,811.5754199999999,331.67991,1318.72128
1734,3B,ElPaso,0.5,0.30000000000000004,131.60327999999998,906.7121,377.69642,1416.0118
1735,3B,ElPaso,0.5,0.35000000000000003,117.17368,954.9455099999999,401.32223999999997,1473.4414299999999
1736,3B,ElPaso,0.5,0.45,95.30292,1056.92291,448.1305,1600.35633
1737,3B,ElPaso,0.5,0.4,105.29107,1004.69908,424.75804,1534.74819
1738,3B,ElPaso,0.5,0.55,78.09615,1159.4387,492.1201299999999,1729.6549799999998
1739,3B,ElPaso,0.5,0.5,86.59581,1109.7168,471.69298,1668.00559
1740,3B,ElPaso,0.5,0.6000000000000001,71.23929,1213.30937,515.71428,1800.26294
1741,3B,ElPaso,0.5,0.65,65.14591,1262.6828999999998,539.37177,1867.2005799999997
1742,3B,ElPaso,0.5,0.7000000000000001,59.79688,1310.69462,562.5225399999999,1933.01404
1743,3B,ElPaso,0.5,0.75,55.053830000000005,1359.56143,585.95834,2000.5736000000002
1744,3B,ElPaso,0.5,0.8500000000000001,47.10234,1457.6434199999999,633.4,2138.14576
1745,3B,ElPaso,0.5,0.8,50.85427,1409.3783399999998,609.7741799999999,2070.0067899999995
1746,3B,ElPaso,0.5,0.9500000000000001,40.88632,1547.3328599999998,679.1314799999999,2267.3506599999996
1747,3B,ElPaso,0.5,0.9,43.76552,1504.1349799999998,657.02582,2204.9263199999996
1748,3B,ElPaso,0.6000000000000001,0.01,469.75668999999994,608.9824299999999,235.87816,1314.6172799999997
1749,3B,ElPaso,0.6000000000000001,0.15000000000000002,257.39278,764.1337599999999,305.52049,1327.04703
1750,3B,ElPaso,0.6000000000000001,0.1,322.11019999999996,709.62969,279.89946,1311.63935
1751,3B,ElPaso,0.6000000000000001,0.25,186.59938,855.4700399999999,349.22508999999997,1391.2945099999997
1752,3B,ElPaso,0.6000000000000001,0.2,216.06562000000002,809.86524,327.24611,1353.17697
1753,3B,ElPaso,0.6000000000000001,0.30000000000000004,165.89826999999997,902.7850199999999,371.67911999999995,1440.36241
1754,3B,ElPaso,0.6000000000000001,0.35000000000000003,148.4309,949.81497,394.51318999999995,1492.7590599999999
1755,3B,ElPaso,0.6000000000000001,0.45,121.3788,1049.79716,440.18133,1611.35729
1756,3B,ElPaso,0.6000000000000001,0.4,133.69969,999.4418599999999,417.53728,1550.6788299999998
1757,3B,ElPaso,0.6000000000000001,0.55,100.65007,1151.96458,483.15752,1735.77217
1758,3B,ElPaso,0.6000000000000001,0.5,110.94153,1102.65439,463.23709,1676.83301
1759,3B,ElPaso,0.6000000000000001,0.6000000000000001,92.35977,1204.37843,506.24494999999996,1802.98315
1760,3B,ElPaso,0.6000000000000001,0.65,84.84209000000001,1256.79228,529.17403,1870.8084
1761,3B,ElPaso,0.6000000000000001,0.7000000000000001,78.1304,1306.29249,552.19812,1936.62101
1762,3B,ElPaso,0.6000000000000001,0.75,72.10885999999999,1351.0422,574.9055099999999,1998.0565700000002
1763,3B,ElPaso,0.6000000000000001,0.8500000000000001,62.08288,1448.3007699999998,621.23872,2131.6223699999996
1764,3B,ElPaso,0.6000000000000001,0.8,66.86164,1400.03569,597.99294,2064.89027
1765,3B,ElPaso,0.6000000000000001,0.9500000000000001,54.365829999999995,1534.12647,665.1016699999999,2253.59397
1766,3B,ElPaso,0.6000000000000001,0.9,57.889269999999996,1494.4439599999998,644.2944799999999,2196.6277099999998
1767,3B,ElPaso,0.65,0.01,502.36362,608.25402,235.05473999999998,1345.67238
1768,3B,ElPaso,0.65,0.15000000000000002,278.03992999999997,766.50901,305.36214,1349.9110799999999
1769,3B,ElPaso,0.65,0.1,344.97128,710.6431299999999,279.77278,1335.38719
1770,3B,ElPaso,0.65,0.25,203.98705999999999,862.78581,350.77692,1417.54979
1771,3B,ElPaso,0.65,0.2,234.11923000000002,814.48906,327.94284999999996,1376.55114
1772,3B,ElPaso,0.65,0.30000000000000004,181.88418000000001,911.7159599999999,373.83268,1467.43282
1773,3B,ElPaso,0.65,0.35000000000000003,162.95999,960.74112,397.33181999999994,1521.0329299999999
1774,3B,ElPaso,0.65,0.45,133.85019,1061.8951,443.25332,1638.9986099999999
1775,3B,ElPaso,0.65,0.4,147.19450999999998,1011.38145,420.38758,1578.96354
1776,3B,ElPaso,0.65,0.55,111.82554,1162.5106899999998,485.84946999999994,1760.1856999999998
1777,3B,ElPaso,0.65,0.5,122.62116999999999,1114.4039599999999,466.2774099999999,1703.3025399999997
1778,3B,ElPaso,0.65,0.6000000000000001,102.8402,1215.4946,508.68354,1827.01834
1779,3B,ElPaso,0.65,0.65,94.14903,1268.09847,531.8976499999999,1894.1451499999998
1780,3B,ElPaso,0.65,0.7000000000000001,86.86812999999998,1315.9835099999998,554.0349799999999,1956.8866199999998
1781,3B,ElPaso,0.65,0.75,80.4674,1362.2533799999999,576.29899,2019.0197699999999
1782,3B,ElPaso,0.65,0.8500000000000001,69.61885000000001,1454.72978,621.77711,2146.12574
1783,3B,ElPaso,0.65,0.8,74.77765,1408.14321,598.8797,2081.8005599999997
1784,3B,ElPaso,0.65,0.9500000000000001,61.01334,1542.329,665.5133799999999,2268.8557199999996
1785,3B,ElPaso,0.65,0.9,65.01268,1500.2078999999999,644.4844999999999,2209.7050799999997
1786,3B,ElPaso,0.7000000000000001,0.01,532.81614,608.12734,234.38967,1375.33315
1787,3B,ElPaso,0.7000000000000001,0.15000000000000002,298.4029,769.3909799999999,305.64717,1373.44105
1788,3B,ElPaso,0.7000000000000001,0.1,369.10001,712.82836,280.02614,1361.95451
1789,3B,ElPaso,0.7000000000000001,0.25,220.9964,871.7167499999999,353.1205,1445.83365
1790,3B,ElPaso,0.7000000000000001,0.2,252.13394,819.65127,329.08297,1400.86818
1791,3B,ElPaso,0.7000000000000001,0.30000000000000004,197.33085,922.5471,377.06302,1496.94097
1792,3B,ElPaso,0.7000000000000001,0.35000000000000003,177.30819999999997,972.9024,400.91053,1551.12113
1793,3B,ElPaso,0.7000000000000001,0.45,146.46824,1077.0650299999998,447.43375999999995,1670.9670299999996
1794,3B,ElPaso,0.7000000000000001,0.4,160.56095,1024.5561699999998,424.40966999999995,1609.52679
1795,3B,ElPaso,0.7000000000000001,0.55,123.10516000000001,1175.81209,490.2199299999999,1789.13718
1796,3B,ElPaso,0.7000000000000001,0.5,134.39497,1128.46544,470.0461399999999,1732.90655
1797,3B,ElPaso,0.7000000000000001,0.6000000000000001,113.47728,1228.0675899999999,512.38893,1853.9337999999998
1798,3B,ElPaso,0.7000000000000001,0.65,103.68764999999999,1279.97472,535.4446899999999,1919.1070599999998
1799,3B,ElPaso,0.7000000000000001,0.7000000000000001,95.94424000000001,1326.40294,556.50524,1978.85242
1800,3B,ElPaso,0.7000000000000001,0.75,89.06930999999999,1371.21599,578.1991899999999,2038.4844899999998
1801,3B,ElPaso,0.7000000000000001,0.8500000000000001,77.36567,1462.48893,622.75888,2162.61348
1802,3B,ElPaso,0.7000000000000001,0.8,82.84117,1417.58087,600.4631999999999,2100.8852399999996
1803,3B,ElPaso,0.7000000000000001,0.9500000000000001,68.05258,1549.0747099999999,666.27346,2283.40075
1804,3B,ElPaso,0.7000000000000001,0.9,72.39030000000001,1507.2703099999999,644.99122,2224.65183
1805,3B,ElPaso,0.75,0.01,563.97284,607.9056499999999,233.97795999999997,1405.85645
1806,3B,ElPaso,0.75,0.15000000000000002,317.96073,773.2547199999999,306.37557999999996,1397.5910299999998
1807,3B,ElPaso,0.75,0.1,390.15505,714.85524,280.50118999999995,1385.51148
1808,3B,ElPaso,0.75,0.25,238.40321,881.47111,356.09747999999996,1475.9717999999998
1809,3B,ElPaso,0.75,0.2,270.27979,827.0620499999999,331.14152,1428.4833599999997
1810,3B,ElPaso,0.75,0.30000000000000004,212.8974,934.5817000000001,381.14844999999997,1528.62755
1811,3B,ElPaso,0.75,0.35000000000000003,191.5004,987.02722,405.59768999999994,1584.12531
1812,3B,ElPaso,0.75,0.45,159.18109,1092.77335,452.62763999999993,1704.58208
1813,3B,ElPaso,0.75,0.4,173.99221999999997,1040.3595,429.60355,1643.9552700000002
1814,3B,ElPaso,0.75,0.55,134.85707,1193.35727,496.0788799999999,1824.29322
1815,3B,ElPaso,0.75,0.5,146.51608,1145.59891,475.20835,1767.32334
1816,3B,ElPaso,0.75,0.6000000000000001,124.66997,1241.93905,517.4561299999999,1884.06515
1817,3B,ElPaso,0.75,0.65,113.706,1294.19455,539.94183,1947.8423799999998
1818,3B,ElPaso,0.75,0.7000000000000001,105.52005999999999,1338.9442599999998,559.76725,2004.23157
1819,3B,ElPaso,0.75,0.75,98.26424,1381.79377,580.6061100000001,2060.66412
1820,3B,ElPaso,0.75,0.8500000000000001,85.83049,1470.37476,624.18403,2180.38928
1821,3B,ElPaso,0.75,0.8,91.56020000000001,1426.1000999999999,602.39507,2120.05537
1822,3B,ElPaso,0.75,0.9500000000000001,75.81725999999999,1556.5804999999998,666.78018,2299.1779399999996
1823,3B,ElPaso,0.75,0.9,80.57923,1513.60431,645.68796,2239.8715
1824,3B,ElPaso,0.8500000000000001,0.01,623.76263,606.4805,232.80617,1463.0493
1825,3B,ElPaso,0.8500000000000001,0.15000000000000002,363.70178,772.7796699999999,304.91875999999996,1441.4002099999998
1826,3B,ElPaso,0.8500000000000001,0.1,439.06906,714.6018799999999,279.26606,1432.937
1827,3B,ElPaso,0.8500000000000001,0.25,276.53686,885.6198799999999,355.65409999999997,1517.8108399999999
1828,3B,ElPaso,0.8500000000000001,0.2,312.07292,829.7539999999999,330.31809999999996,1472.14502
1829,3B,ElPaso,0.8500000000000001,0.30000000000000004,248.45664,940.15562,380.95843,1569.57069
1830,3B,ElPaso,0.8500000000000001,0.35000000000000003,224.20848999999998,993.1712,405.50267999999994,1622.8823699999998
1831,3B,ElPaso,0.8500000000000001,0.45,187.02284,1099.07568,452.43762000000004,1738.5361400000002
1832,3B,ElPaso,0.8500000000000001,0.4,203.87084,1047.0735399999999,429.60355,1680.54793
1833,3B,ElPaso,0.8500000000000001,0.55,159.74606999999997,1199.5962599999998,496.4589199999999,1855.8012499999995
1834,3B,ElPaso,0.8500000000000001,0.5,172.5435,1150.6344399999998,474.92332,1798.10126
1835,3B,ElPaso,0.8500000000000001,0.6000000000000001,148.3672,1247.19627,517.23444,1912.7979099999998
1836,3B,ElPaso,0.8500000000000001,0.65,135.04796,1300.62356,539.43511,1975.1066299999998
1837,3B,ElPaso,0.8500000000000001,0.7000000000000001,125.72444999999999,1342.93468,558.0887399999999,2026.74787
1838,3B,ElPaso,0.8500000000000001,0.75,117.51023999999998,1386.1959,578.1991899999999,2081.90533
1839,3B,ElPaso,0.8500000000000001,0.8500000000000001,103.10551,1472.62333,619.97192,2195.7007599999997
1840,3B,ElPaso,0.8500000000000001,0.8,109.93113,1429.42545,599.1013899999999,2138.45797
1841,3B,ElPaso,0.8500000000000001,0.9500000000000001,91.65884,1555.4403799999998,661.4279499999999,2308.52717
1842,3B,ElPaso,0.8500000000000001,0.9,97.08502999999999,1513.2876099999999,640.96913,2251.34177
1843,3B,ElPaso,0.8,0.01,594.77862,606.86054,233.24955,1434.8887100000002
1844,3B,ElPaso,0.8,0.15000000000000002,342.73240999999996,771.76623,304.91875999999996,1419.4173999999998
1845,3B,ElPaso,0.8,0.1,416.72321,713.5567699999999,279.39274,1409.6727199999998
1846,3B,ElPaso,0.8,0.25,258.76723,883.3079700000001,355.65409999999997,1497.7293
1847,3B,ElPaso,0.8,0.2,292.45814,827.6321099999999,330.34977,1450.44002
1848,3B,ElPaso,0.8,0.30000000000000004,231.47621,937.59035,381.08511,1550.15167
1849,3B,ElPaso,0.8,0.35000000000000003,208.62069,990.7959500000001,405.8193799999999,1605.23602
1850,3B,ElPaso,0.8,0.45,173.79775,1097.49218,453.10268999999994,1724.3926199999999
1851,3B,ElPaso,0.8,0.4,189.50733,1044.69829,429.98359,1664.18921
1852,3B,ElPaso,0.8,0.55,147.87854,1199.40624,497.72571999999997,1845.0104999999999
1853,3B,ElPaso,0.8,0.5,160.01345,1149.65267,475.77840999999995,1785.4445299999998
1854,3B,ElPaso,0.8,0.6000000000000001,136.87801,1247.03792,518.7546,1902.6705299999999
1855,3B,ElPaso,0.8,0.65,124.39048,1300.87692,541.3353099999999,1966.60271
1856,3B,ElPaso,0.8,0.7000000000000001,115.61365,1344.10647,560.65401,2020.37413
1857,3B,ElPaso,0.8,0.75,107.84026999999999,1386.7342899999999,581.08116,2075.6557199999997
1858,3B,ElPaso,0.8,0.8500000000000001,94.52974999999999,1475.3469499999999,623.899,2193.7756999999997
1859,3B,ElPaso,0.8,0.8,100.72367,1430.34388,602.49008,2133.5576300000002
1860,3B,ElPaso,0.8,0.9500000000000001,83.89226,1559.0190899999998,666.0517699999999,2308.96312
1861,3B,ElPaso,0.8,0.9,88.86592999999999,1517.5947299999998,645.08623,2251.5468899999996
1862,3B,ElPaso,0.9500000000000001,0.01,678.94454,605.7837599999999,232.29944999999998,1517.0277499999997
1863,3B,ElPaso,0.9500000000000001,0.15000000000000002,405.34465,777.0234499999999,305.55216,1487.9202599999999
1864,3B,ElPaso,0.9500000000000001,0.1,482.55645,717.38884,279.6461,1479.5913899999998
1865,3B,ElPaso,0.9500000000000001,0.25,311.63996999999995,891.7955299999999,356.50918999999993,1559.9446899999998
1866,3B,ElPaso,0.9500000000000001,0.2,350.84889999999996,835.26458,331.20486,1517.31834
1867,3B,ElPaso,0.9500000000000001,0.30000000000000004,281.22871000000004,946.6162999999999,381.71851,1609.56352
1868,3B,ElPaso,0.9500000000000001,0.35000000000000003,255.08120999999997,999.56854,406.0093999999999,1660.65915
1869,3B,ElPaso,0.9500000000000001,0.45,214.66521999999998,1104.4279099999999,452.34261000000004,1771.43574
1870,3B,ElPaso,0.9500000000000001,0.4,233.28674,1053.31253,429.7618999999999,1716.36117
1871,3B,ElPaso,0.9500000000000001,0.55,184.52816,1203.17497,495.16044999999997,1882.8635800000002
1872,3B,ElPaso,0.9500000000000001,0.5,198.53904,1155.0365699999998,474.25825,1827.8338599999997
1873,3B,ElPaso,0.9500000000000001,0.6000000000000001,172.0842,1249.0331299999998,515.2392299999999,1936.3565599999997
1874,3B,ElPaso,0.9500000000000001,0.65,157.66735000000003,1301.82702,536.58481,1996.0791799999997
1875,3B,ElPaso,0.9500000000000001,0.7000000000000001,147.52042,1341.82623,554.28834,2043.63499
1876,3B,ElPaso,0.9500000000000001,0.75,138.39946999999998,1383.94733,573.227,2095.5738
1877,3B,ElPaso,0.9500000000000001,0.8500000000000001,122.47542999999999,1466.60603,613.4162299999999,2202.4976899999997
1878,3B,ElPaso,0.9500000000000001,0.8,130.0403,1425.87841,593.43246,2149.35117
1879,3B,ElPaso,0.9500000000000001,0.9500000000000001,109.53027999999999,1547.80791,652.9720599999999,2310.31025
1880,3B,ElPaso,0.9500000000000001,0.9,115.68487999999999,1509.29719,633.4316699999999,2258.41374
1881,3B,ElPaso,0.9,0.01,651.61651,606.51217,232.52114,1490.6498199999999
1882,3B,ElPaso,0.9,0.15000000000000002,385.89459,774.52152,305.14045,1465.55656
1883,3B,ElPaso,0.9,0.1,460.42145000000005,715.71033,279.3294,1455.4611800000002
1884,3B,ElPaso,0.9,0.25,294.18385,888.5968599999999,355.9708,1538.75151
1885,3B,ElPaso,0.9,0.2,331.82012,832.1609199999999,330.60312999999996,1494.5841699999999
1886,3B,ElPaso,0.9,0.30000000000000004,264.9752,943.19594,381.21179,1589.38293
1887,3B,ElPaso,0.9,0.35000000000000003,239.81946,995.8631499999999,405.59768999999994,1641.2803
1888,3B,ElPaso,0.9,0.45,200.92363,1101.5776099999998,452.24760000000003,1754.7488399999997
1889,3B,ElPaso,0.9,0.4,218.61588,1049.98718,429.54020999999995,1698.14327
1890,3B,ElPaso,0.9,0.55,172.18005,1201.14809,495.60383,1868.9319699999999
1891,3B,ElPaso,0.9,0.5,185.55753,1152.94635,474.35326,1812.85714
1892,3B,ElPaso,0.9,0.6000000000000001,160.24196,1247.67132,515.99931,1923.91259
1893,3B,ElPaso,0.9,0.65,146.416,1300.78191,537.88328,1985.0811899999999
1894,3B,ElPaso,0.9,0.7000000000000001,136.69162,1342.30128,556.18854,2035.1814399999998
1895,3B,ElPaso,0.9,0.75,127.89736000000002,1384.1690199999998,575.53891,2087.6052899999995
1896,3B,ElPaso,0.9,0.8500000000000001,112.73255,1469.7413599999998,616.55156,2199.0254699999996
1897,3B,ElPaso,0.9,0.8,119.94904999999999,1428.6337,595.96606,2144.5488100000002
1898,3B,ElPaso,0.9,0.9500000000000001,100.44162999999999,1552.4317299999998,657.0574899999999,2309.9308499999997
1899,3B,ElPaso,0.9,0.9,106.36455,1511.22906,636.94704,2254.54065
1900,8,Fairbanks,0.01,0.01,910.1320899999998,91.52629999999999,133.96409999999997,1135.6224899999997
1901,8,Fairbanks,0.01,0.15000000000000002,873.56207,128.45352,190.40004,1192.41563
1902,8,Fairbanks,0.01,0.1,888.07185,115.59549999999999,169.14946999999998,1172.81682
1903,8,Fairbanks,0.01,0.25,802.81006,140.58312999999998,231.98274999999998,1175.37594
1904,8,Fairbanks,0.01,0.2,848.15301,134.75584999999998,210.85886,1193.76772
1905,8,Fairbanks,0.01,0.30000000000000004,766.6664599999999,146.22039,253.77170999999998,1166.6585599999999
1906,8,Fairbanks,0.01,0.35000000000000003,735.9768799999999,155.62637999999998,276.22574,1167.8289999999997
1907,8,Fairbanks,0.01,0.45,707.10861,173.96330999999998,324.6175,1205.68942
1908,8,Fairbanks,0.01,0.4,714.2439099999999,163.86058,300.64331,1178.7477999999999
1909,8,Fairbanks,0.01,0.55,697.92305,194.83384,368.51212,1261.26901
1910,8,Fairbanks,0.01,0.5,702.04333,185.04781,346.65981999999997,1233.7509599999998
1911,8,Fairbanks,0.01,0.6000000000000001,694.8344900000001,205.50663,390.30107999999996,1290.6422
1912,8,Fairbanks,0.01,0.65,692.21354,216.21108999999998,412.09004,1320.51467
1913,8,Fairbanks,0.01,0.7000000000000001,689.83745,226.47217,433.65731,1349.96693
1914,8,Fairbanks,0.01,0.75,687.943,237.46166,455.03456,1380.43922
1915,8,Fairbanks,0.01,0.8500000000000001,685.60497,258.01549,497.97908,1441.59954
1916,8,Fairbanks,0.01,0.8,686.4460200000001,247.59606,476.4751499999999,1410.51723
1917,8,Fairbanks,0.01,0.9500000000000001,686.83885,277.68256,540.6702399999999,1505.19165
1918,8,Fairbanks,0.01,0.9,686.1323199999999,268.65661,519.41967,1474.2086
1919,8,Fairbanks,0.05,0.01,1123.56324,86.17407,129.43528999999998,1339.1725999999999
1920,8,Fairbanks,0.05,0.15000000000000002,1072.9432299999999,124.87481,181.43742999999998,1379.2554699999998
1921,8,Fairbanks,0.05,0.1,1088.67942,110.97167999999999,161.48533,1361.13643
1922,8,Fairbanks,0.05,0.25,994.92984,138.36622999999997,220.7399,1354.03597
1923,8,Fairbanks,0.05,0.2,1042.03273,132.12724,200.66111999999998,1374.82109
1924,8,Fairbanks,0.05,0.30000000000000004,954.70314,144.16184,241.54708999999997,1340.41207
1925,8,Fairbanks,0.05,0.35000000000000003,921.19747,153.21946,263.08268999999996,1337.4996199999998
1926,8,Fairbanks,0.05,0.45,886.7297599999999,170.76463999999999,309.25755,1366.75195
1927,8,Fairbanks,0.05,0.4,897.88885,161.13696,286.20179,1345.2276000000002
1928,8,Fairbanks,0.05,0.55,871.10499,191.12845,352.26541,1414.49885
1929,8,Fairbanks,0.05,0.5,878.48069,180.89903999999999,330.76147999999995,1390.1412099999998
1930,8,Fairbanks,0.05,0.6000000000000001,865.02691,201.83290999999997,373.76933999999994,1440.62916
1931,8,Fairbanks,0.05,0.65,859.79138,212.41068999999996,395.14658999999995,1467.34866
1932,8,Fairbanks,0.05,0.7000000000000001,855.33336,222.98846999999998,416.61885,1494.94068
1933,8,Fairbanks,0.05,0.75,851.27111,233.31288999999998,437.71107,1522.2950700000001
1934,8,Fairbanks,0.05,0.8500000000000001,845.0442599999999,254.43678,480.11719999999997,1579.5982399999998
1935,8,Fairbanks,0.05,0.8,847.91644,244.11235999999997,458.86662999999993,1550.89543
1936,8,Fairbanks,0.05,0.9500000000000001,840.7275999999999,275.30731000000003,522.52333,1638.5582399999998
1937,8,Fairbanks,0.05,0.9,842.73215,265.29958999999997,501.49445,1609.5261899999998
1938,8,Fairbanks,0.15000000000000002,0.01,1664.2456499999998,76.38804,129.91034,1870.5440299999998
1939,8,Fairbanks,0.15000000000000002,0.15000000000000002,1556.12039,115.65884,170.54295,1842.3221800000001
1940,8,Fairbanks,0.15000000000000002,0.1,1587.50538,100.99562999999999,153.97954,1842.48055
1941,8,Fairbanks,0.15000000000000002,0.25,1474.37772,135.89596999999998,204.20816,1814.48185
1942,8,Fairbanks,0.15000000000000002,0.2,1519.86699,126.42663999999999,186.82133,1833.1149599999999
1943,8,Fairbanks,0.15000000000000002,0.30000000000000004,1434.05235,140.64647,222.51342,1797.2122399999998
1944,8,Fairbanks,0.15000000000000002,0.35000000000000003,1396.4193400000001,146.53709,241.10370999999998,1784.06014
1945,8,Fairbanks,0.15000000000000002,0.45,1343.23486,163.25885,282.21137,1788.70508
1946,8,Fairbanks,0.15000000000000002,0.4,1366.1649799999998,153.50448999999998,261.18249,1780.8519599999997
1947,8,Fairbanks,0.15000000000000002,0.55,1308.81109,182.95759,322.90731999999997,1814.676
1948,8,Fairbanks,0.15000000000000002,0.5,1325.00656,173.07655,302.51183999999995,1800.59495
1949,8,Fairbanks,0.15000000000000002,0.6000000000000001,1294.7908599999998,193.25034,343.52448999999996,1831.56569
1950,8,Fairbanks,0.15000000000000002,0.65,1282.25168,203.76478,364.07831999999996,1850.09478
1951,8,Fairbanks,0.15000000000000002,0.7000000000000001,1271.52024,214.78593999999995,384.72715999999997,1871.03334
1952,8,Fairbanks,0.15000000000000002,0.75,1261.76887,225.74375999999998,405.28099,1892.7936200000001
1953,8,Fairbanks,0.15000000000000002,0.8500000000000001,1244.76636,246.36093,446.32531,1937.4526
1954,8,Fairbanks,0.15000000000000002,0.8,1252.64006,235.97317,425.70813999999996,1914.32137
1955,8,Fairbanks,0.15000000000000002,0.9500000000000001,1231.4343800000001,266.69307,487.4013,1985.5287500000002
1956,8,Fairbanks,0.15000000000000002,0.9,1237.77198,256.55867,467.03749,1961.3681399999998
1957,8,Fairbanks,0.1,0.01,1387.7474100000002,80.63182,127.72510999999999,1596.1043400000003
1958,8,Fairbanks,0.1,0.15000000000000002,1313.05714,119.90261999999998,173.99497999999997,1606.95474
1959,8,Fairbanks,0.1,0.1,1336.82348,105.74613,155.84807,1598.41768
1960,8,Fairbanks,0.1,0.25,1236.7694,137.25778,210.47881999999996,1584.5059999999999
1961,8,Fairbanks,0.1,0.2,1281.70431,129.24527,191.76184999999998,1602.7114299999998
1962,8,Fairbanks,0.1,0.30000000000000004,1194.01992,142.64167999999998,230.14588999999998,1566.80749
1963,8,Fairbanks,0.1,0.35000000000000003,1157.34532,149.89410999999998,250.50969999999998,1557.74913
1964,8,Fairbanks,0.1,0.45,1114.62172,166.83756,293.70757999999995,1575.16686
1965,8,Fairbanks,0.1,0.4,1131.2932999999998,157.62159,271.7286,1560.6434899999997
1966,8,Fairbanks,0.1,0.55,1089.75293,186.66297999999998,335.86035,1612.27626
1967,8,Fairbanks,0.1,0.5,1101.08759,176.27522,314.70479,1592.0676
1968,8,Fairbanks,0.1,0.6000000000000001,1079.79092,197.81081999999998,356.76255,1634.3642899999998
1969,8,Fairbanks,0.1,0.65,1071.10655,208.26192,377.91810999999996,1657.28658
1970,8,Fairbanks,0.1,0.7000000000000001,1063.40395,218.90304,398.94698999999997,1681.2539799999997
1971,8,Fairbanks,0.1,0.75,1056.5921500000002,229.63917,419.69084,1705.92216
1972,8,Fairbanks,0.1,0.8500000000000001,1045.13125,250.12966,461.55858,1756.8194899999999
1973,8,Fairbanks,0.1,0.8,1050.5703999999998,239.83691,440.65637999999996,1731.0636899999997
1974,8,Fairbanks,0.1,0.9500000000000001,1036.62735,271.00019,503.07794999999993,1810.7054899999998
1975,8,Fairbanks,0.1,0.9,1040.6963999999998,260.20072,482.27076,1783.16788
1976,8,Fairbanks,0.25,0.01,2216.36208,70.52909,139.41134,2426.30251
1977,8,Fairbanks,0.25,0.15000000000000002,2045.9511300000001,108.46974999999999,171.3347,2325.75558
1978,8,Fairbanks,0.25,0.1,2089.8287499999997,93.7432,157.0832,2340.6551499999996
1979,8,Fairbanks,0.25,0.25,1955.13124,130.19537,199.93271,2285.25932
1980,8,Fairbanks,0.25,0.2,2005.23374,119.58591999999999,184.98447,2309.80413
1981,8,Fairbanks,0.25,0.30000000000000004,1910.60117,137.47947,215.22931999999997,2263.30996
1982,8,Fairbanks,0.25,0.35000000000000003,1870.51382,142.83169999999998,231.22267,2244.56819
1983,8,Fairbanks,0.25,0.45,1803.15989,157.01986,268.52993,2228.70968
1984,8,Fairbanks,0.25,0.4,1835.3742000000002,148.40562,249.14789,2232.9277100000004
1985,8,Fairbanks,0.25,0.55,1751.40053,177.70037,306.2489,2235.3498
1986,8,Fairbanks,0.25,0.5,1776.25508,167.34428,287.15189,2230.75125
1987,8,Fairbanks,0.25,0.6000000000000001,1728.1428700000001,187.13803,325.69428,2240.9751800000004
1988,8,Fairbanks,0.25,0.65,1707.24813,198.03251,345.36134999999996,2250.64199
1989,8,Fairbanks,0.25,0.7000000000000001,1689.17627,207.47017,364.96507999999994,2261.61152
1990,8,Fairbanks,0.25,0.75,1672.09043,217.82626,384.94885,2274.86554
1991,8,Fairbanks,0.25,0.8500000000000001,1643.56536,238.91848,424.94806,2307.4319
1992,8,Fairbanks,0.25,0.8,1656.9806700000001,228.40404,404.96429,2290.349
1993,8,Fairbanks,0.25,0.9500000000000001,1621.60703,260.0107,464.69390999999996,2346.31164
1994,8,Fairbanks,0.25,0.9,1631.3243899999998,249.46459,444.74181,2325.53079
1995,8,Fairbanks,0.2,0.01,1940.9143199999999,73.12603,133.90076,2147.9411099999998
1996,8,Fairbanks,0.2,0.15000000000000002,1801.5308,111.76342999999999,170.00456,2083.29879
1997,8,Fairbanks,0.2,0.1,1838.7528399999999,97.00520999999999,154.80296,2090.56101
1998,8,Fairbanks,0.2,0.25,1716.20429,132.53895,200.94615,2049.6893899999995
1999,8,Fairbanks,0.2,0.2,1762.06682,123.00628,184.88945999999999,2069.96256
2000,8,Fairbanks,0.2,0.30000000000000004,1673.32511,140.23476,217.82626,2031.38613
2001,8,Fairbanks,0.2,0.35000000000000003,1636.36821,145.42864,234.92806000000002,2016.7249100000001
2002,8,Fairbanks,0.2,0.45,1574.19094,160.82026,274.13552,2009.14672
2003,8,Fairbanks,0.2,0.4,1602.34278,151.22424999999998,253.89838999999998,2007.46542
2004,8,Fairbanks,0.2,0.55,1530.06872,179.72725,313.34297999999995,2023.1389499999998
2005,8,Fairbanks,0.2,0.5,1551.0776,170.32126,293.61256999999995,2015.01143
2006,8,Fairbanks,0.2,0.6000000000000001,1511.3252,189.60828999999998,333.4851,2034.4185899999998
2007,8,Fairbanks,0.2,0.65,1494.78285,200.34441999999999,353.53220999999996,2048.65948
2008,8,Fairbanks,0.2,0.7000000000000001,1479.9549299999999,211.20722999999998,373.80100999999996,2064.96317
2009,8,Fairbanks,0.2,0.75,1467.04719,221.27829,394.10148,2082.42696
2010,8,Fairbanks,0.2,0.8500000000000001,1444.2171899999998,242.11714999999998,434.54407,2120.87841
2011,8,Fairbanks,0.2,0.8,1455.1462999999999,232.29944999999998,414.18026,2101.62601
2012,8,Fairbanks,0.2,0.9500000000000001,1426.44695,263.39939,475.0816699999999,2164.92801
2013,8,Fairbanks,0.2,0.9,1434.28069,253.16997999999998,454.71786000000003,2142.16853
2014,8,Fairbanks,0.30000000000000004,0.01,2483.88958,68.34385999999999,146.37874,2698.61218
2015,8,Fairbanks,0.30000000000000004,0.15000000000000002,2284.78308,105.80946999999998,174.24834,2564.8408900000004
2016,8,Fairbanks,0.30000000000000004,0.1,2331.58921,90.82956,161.10529,2583.52406
2017,8,Fairbanks,0.30000000000000004,0.25,2188.96294,127.09171,201.23118,2517.28583
2018,8,Fairbanks,0.30000000000000004,0.2,2239.97346,117.65404999999998,187.29638,2544.92389
2019,8,Fairbanks,0.30000000000000004,0.30000000000000004,2141.2707499999997,134.94586999999999,215.70436999999998,2491.9209899999996
2020,8,Fairbanks,0.30000000000000004,0.35000000000000003,2098.23596,140.64647,231.31768,2470.20011
2021,8,Fairbanks,0.30000000000000004,0.45,2027.3196799999998,154.01121,264.82454,2446.15543
2022,8,Fairbanks,0.30000000000000004,0.4,2060.0672799999998,145.11194,247.72274,2452.90196
2023,8,Fairbanks,0.30000000000000004,0.55,1969.4898899999998,174.34335,300.865,2444.6982399999997
2024,8,Fairbanks,0.30000000000000004,0.5,1997.0225699999996,163.95559,282.52806999999996,2443.5062299999995
2025,8,Fairbanks,0.30000000000000004,0.6000000000000001,1943.42763,183.84435,319.70865,2446.98063
2026,8,Fairbanks,0.30000000000000004,0.65,1919.6207399999998,194.10542999999998,338.83732999999995,2452.5634999999997
2027,8,Fairbanks,0.30000000000000004,0.7000000000000001,1897.6107499999998,204.65154,358.09268999999995,2460.3549799999996
2028,8,Fairbanks,0.30000000000000004,0.75,1877.6969299999998,215.13431,377.60141,2470.4326499999997
2029,8,Fairbanks,0.30000000000000004,0.8500000000000001,1843.5193000000002,235.78315,416.71386,2496.01631
2030,8,Fairbanks,0.30000000000000004,0.8,1858.91664,225.11036,397.11012999999997,2481.13713
2031,8,Fairbanks,0.30000000000000004,0.9500000000000001,1814.7508599999999,256.65368,455.76296999999994,2527.1675099999998
2032,8,Fairbanks,0.30000000000000004,0.9,1828.5487599999997,246.67763,436.53927999999996,2511.76567
2033,8,Fairbanks,0.35000000000000003,0.01,2735.90836,66.60200999999999,154.07455,2956.58492
2034,8,Fairbanks,0.35000000000000003,0.15000000000000002,2516.8808,102.80082,177.92206,2797.6036799999997
2035,8,Fairbanks,0.35000000000000003,0.1,2570.7759,88.29596,165.85578999999998,2824.92765
2036,8,Fairbanks,0.35000000000000003,0.25,2417.19564,123.76635999999999,202.3713,2743.3333
2037,8,Fairbanks,0.35000000000000003,0.2,2467.08879,115.15212,189.76664,2772.00755
2038,8,Fairbanks,0.35000000000000003,0.30000000000000004,2367.44277,130.51207,215.86271999999997,2713.8175600000004
2039,8,Fairbanks,0.35000000000000003,0.35000000000000003,2323.5116500000004,136.30767999999998,230.55759999999998,2690.3769300000004
2040,8,Fairbanks,0.35000000000000003,0.45,2245.2304999999997,150.27415,262.48096,2657.9856099999997
2041,8,Fairbanks,0.35000000000000003,0.4,2280.6201,140.61479999999997,246.17091,2667.4058099999997
2042,8,Fairbanks,0.35000000000000003,0.55,2183.67173,170.44794,297.03293,2651.1526
2043,8,Fairbanks,0.35000000000000003,0.5,2213.0723,159.93349999999998,279.42441,2652.43021
2044,8,Fairbanks,0.35000000000000003,0.6000000000000001,2154.25904,181.08906,315.24318,2650.5912799999996
2045,8,Fairbanks,0.35000000000000003,0.65,2128.17595,191.66684,333.8018,2653.64459
2046,8,Fairbanks,0.35000000000000003,0.7000000000000001,2102.57301,201.89624999999998,352.70879,2657.17805
2047,8,Fairbanks,0.35000000000000003,0.75,2080.38299,213.23411,371.58410999999995,2665.2012099999997
2048,8,Fairbanks,0.35000000000000003,0.8500000000000001,2040.5553499999999,232.83783999999997,410.12649999999996,2683.5196899999996
2049,8,Fairbanks,0.35000000000000003,0.8,2059.8024,222.67176999999998,390.83946999999995,2673.31364
2050,8,Fairbanks,0.35000000000000003,0.9500000000000001,2006.9853999999998,253.39167,448.38386,2708.76093
2051,8,Fairbanks,0.35000000000000003,0.9,2023.1810799999998,243.66897999999998,429.41353,2696.2635899999996
2052,8,Fairbanks,0.45,0.01,3210.11517,63.78338,170.54295,3444.4415
2053,8,Fairbanks,0.45,0.15000000000000002,2952.95415,98.39869,186.09292,3237.44576
2054,8,Fairbanks,0.45,0.1,3024.77702,84.27386999999999,176.59192,3285.64281
2055,8,Fairbanks,0.45,0.25,2847.15731,119.04753000000001,207.28015,3173.48499
2056,8,Fairbanks,0.45,0.2,2900.99413,110.52829999999999,196.32233,3207.84476
2057,8,Fairbanks,0.45,0.30000000000000004,2797.9035,124.55810999999999,219.09306,3141.55467
2058,8,Fairbanks,0.45,0.35000000000000003,2748.55489,127.78845,231.98274999999998,3108.32609
2059,8,Fairbanks,0.45,0.45,2665.67372,143.81346999999997,260.77078,3070.2579699999997
2060,8,Fairbanks,0.45,0.4,2705.0378,133.77408,245.91755,3084.7294300000003
2061,8,Fairbanks,0.45,0.55,2592.7054599999997,164.77901,292.78915,3050.27362
2062,8,Fairbanks,0.45,0.5,2627.8899499999998,153.94787,276.35242,3058.19024
2063,8,Fairbanks,0.45,0.6000000000000001,2560.36489,176.21187999999998,309.54258,3046.1193499999995
2064,8,Fairbanks,0.45,0.65,2530.4121099999998,186.37795,326.8344,3043.62446
2065,8,Fairbanks,0.45,0.7000000000000001,2501.34035,196.57568999999998,344.66461,3042.58065
2066,8,Fairbanks,0.45,0.75,2475.13483,207.09013,362.81152,3045.0364799999998
2067,8,Fairbanks,0.45,0.8500000000000001,2429.4805499999998,227.35893000000002,399.73873999999995,3056.5782199999994
2068,8,Fairbanks,0.45,0.8,2450.81293,217.60456999999997,381.18012,3049.59762
2069,8,Fairbanks,0.45,0.9500000000000001,2387.8636600000004,247.97609999999997,436.15923999999995,3071.9990000000003
2070,8,Fairbanks,0.45,0.9,2405.5863,237.65168,418.42404,3061.6620199999998
2071,8,Fairbanks,0.4,0.01,2977.48116,65.01851,162.1504,3204.6500699999997
2072,8,Fairbanks,0.4,0.15000000000000002,2738.5119099999997,100.48890999999999,182.19751,3021.1983299999997
2073,8,Fairbanks,0.4,0.1,2801.8557199999996,86.17407,171.08134,3059.11113
2074,8,Fairbanks,0.4,0.25,2634.85907,121.29609999999998,204.61987,2960.77504
2075,8,Fairbanks,0.4,0.2,2687.9079599999995,112.61852,192.90196999999998,2993.4284499999994
2076,8,Fairbanks,0.4,0.30000000000000004,2586.8142499999994,127.88346,217.00283999999996,2931.7005499999996
2077,8,Fairbanks,0.4,0.35000000000000003,2539.2572299999997,131.33549,230.90596999999997,2901.4986899999994
2078,8,Fairbanks,0.4,0.45,2458.74855,146.72710999999998,261.24582999999996,2866.7214899999994
2079,8,Fairbanks,0.4,0.4,2496.77675,137.00441999999998,245.66418999999996,2879.44536
2080,8,Fairbanks,0.4,0.55,2391.50916,167.62930999999998,294.37264999999996,2853.5111199999997
2081,8,Fairbanks,0.4,0.5,2423.3274899999997,156.70315999999997,277.49254,2857.52319
2082,8,Fairbanks,0.4,0.6000000000000001,2359.9994500000003,178.84049,311.9495,2850.7894400000005
2083,8,Fairbanks,0.4,0.65,2332.2261599999997,189.16491,329.96972999999997,2851.3607999999995
2084,8,Fairbanks,0.4,0.7000000000000001,2305.0363199999997,199.36265,348.17998,2852.5789499999996
2085,8,Fairbanks,0.4,0.75,2279.21169,210.54216,366.83360999999996,2856.58746
2086,8,Fairbanks,0.4,0.8500000000000001,2236.4436299999998,230.24089999999998,404.67926,2871.3637899999994
2087,8,Fairbanks,0.4,0.8,2256.44247,221.05659999999997,385.51891,2863.0179799999996
2088,8,Fairbanks,0.4,0.9500000000000001,2199.95239,250.28800999999999,441.85984,2892.1002399999998
2089,8,Fairbanks,0.4,0.9,2216.96405,240.81868,423.61791999999997,2881.40065
2090,8,Fairbanks,0.55,0.01,3645.3077599999997,62.168209999999995,186.66297999999998,3894.1389499999996
2091,8,Fairbanks,0.55,0.15000000000000002,3350.8966399999995,95.20002,194.64382,3640.7404799999995
2092,8,Fairbanks,0.55,0.1,3441.0723900000003,81.42357,188.94321999999997,3711.4391800000003
2093,8,Fairbanks,0.55,0.25,3245.6184099999996,115.40547999999998,213.58247999999998,3574.6063699999995
2094,8,Fairbanks,0.55,0.2,3295.9243500000002,107.29796,203.3214,3606.54371
2095,8,Fairbanks,0.55,0.30000000000000004,3198.3005,120.72603999999998,224.09692,3543.12346
2096,8,Fairbanks,0.55,0.35000000000000003,3153.01627,123.8297,235.75148,3512.59745
2097,8,Fairbanks,0.55,0.45,3063.01912,138.04953,261.65754,3462.7261900000003
2098,8,Fairbanks,0.55,0.4,3104.7457,128.99191,248.10278,3481.8403900000003
2099,8,Fairbanks,0.55,0.55,2984.4614199999996,159.96516999999997,291.30066,3435.7272499999995
2100,8,Fairbanks,0.55,0.5,3022.19269,148.81733,275.97238,3446.9824
2101,8,Fairbanks,0.55,0.6000000000000001,2948.38145,171.17634999999999,307.07232,3426.63012
2102,8,Fairbanks,0.55,0.65,2916.31443,181.34241999999998,323.35069999999996,3421.00755
2103,8,Fairbanks,0.55,0.7000000000000001,2884.65997,191.95186999999999,339.97745,3416.58929
2104,8,Fairbanks,0.55,0.75,2853.2288999999996,203.22638999999998,357.04758,3413.5028699999993
2105,8,Fairbanks,0.55,0.8500000000000001,2798.3643899999997,222.16505,392.35963,3412.8890699999997
2106,8,Fairbanks,0.55,0.8,2824.1839200000004,212.85406999999998,374.56109,3411.5990800000004
2107,8,Fairbanks,0.55,0.9500000000000001,2752.0286699999997,241.61043,426.62657,3420.26567
2108,8,Fairbanks,0.55,0.9,2771.91486,232.26778,410.1581699999999,3414.3408099999997
2109,8,Fairbanks,0.5,0.01,3432.88409,62.80160999999999,179.2522,3674.9379
2110,8,Fairbanks,0.5,0.15000000000000002,3154.58684,96.78352,190.14667999999998,3441.5170399999997
2111,8,Fairbanks,0.5,0.1,3239.40398,82.72203999999999,182.70423,3504.83025
2112,8,Fairbanks,0.5,0.25,3054.8719099999994,117.33734999999999,210.32046999999997,3382.5297299999993
2113,8,Fairbanks,0.5,0.2,3105.14554,108.81812,199.96437999999998,3413.92804
2114,8,Fairbanks,0.5,0.30000000000000004,3004.8259199999998,122.91127,221.40496999999996,3349.14216
2115,8,Fairbanks,0.5,0.35000000000000003,2952.3347499999995,124.90647999999999,233.59792000000002,3310.83915
2116,8,Fairbanks,0.5,0.45,2867.39949,140.48811999999998,261.02414,3268.9117499999998
2117,8,Fairbanks,0.5,0.4,2908.27778,131.05046,246.86765,3286.19589
2118,8,Fairbanks,0.5,0.55,2793.89964,162.37209000000001,291.77570999999995,3248.04744
2119,8,Fairbanks,0.5,0.5,2829.84166,151.16090999999997,275.84569999999997,3256.84827
2120,8,Fairbanks,0.5,0.6000000000000001,2759.14556,173.55159999999998,308.02242,3240.71958
2121,8,Fairbanks,0.5,0.65,2726.12249,184.0027,324.83919,3234.9643800000003
2122,8,Fairbanks,0.5,0.7000000000000001,2696.28151,194.29545,342.06767,3232.64463
2123,8,Fairbanks,0.5,0.75,2665.99715,204.27149999999997,359.54951,3229.81816
2124,8,Fairbanks,0.5,0.8500000000000001,2613.5737799999997,224.73031999999998,395.58997,3233.89407
2125,8,Fairbanks,0.5,0.8,2638.83324,214.81760999999997,377.63307999999995,3231.28393
2126,8,Fairbanks,0.5,0.9500000000000001,2569.3482599999998,244.55574,431.18705,3245.0910499999995
2127,8,Fairbanks,0.5,0.9,2588.95027,235.08641,413.92689999999993,3237.9635799999996
2128,8,Fairbanks,0.6000000000000001,0.01,3844.93654,61.62982,193.91540999999998,4100.48177
2129,8,Fairbanks,0.6000000000000001,0.15000000000000002,3542.52651,93.80654,199.36265,3835.6957
2130,8,Fairbanks,0.6000000000000001,0.1,3634.2570699999997,80.18844,195.30889,3909.7543999999994
2131,8,Fairbanks,0.6000000000000001,0.25,3431.16827,113.69529999999999,216.97117,3761.83474
2132,8,Fairbanks,0.6000000000000001,0.2,3481.0140399999996,105.71446,206.83677,3793.5652699999996
2133,8,Fairbanks,0.6000000000000001,0.30000000000000004,3384.5447599999998,119.0792,226.94722,3730.57118
2134,8,Fairbanks,0.6000000000000001,0.35000000000000003,3332.9084599999996,121.07440999999999,237.96838,3691.9512499999996
2135,8,Fairbanks,0.6000000000000001,0.45,3245.5785999999994,136.05432,262.73431999999997,3644.3672399999996
2136,8,Fairbanks,0.6000000000000001,0.4,3287.40423,127.12338,249.84463,3664.37224
2137,8,Fairbanks,0.6000000000000001,0.55,3164.62673,157.11487,291.20565,3612.9472499999997
2138,8,Fairbanks,0.6000000000000001,0.5,3202.5645999999997,146.66377,276.44743,3625.6758
2139,8,Fairbanks,0.6000000000000001,0.6000000000000001,3129.39611,168.38939,306.40725,3604.19275
2140,8,Fairbanks,0.6000000000000001,0.65,3096.9450099999995,179.47388999999998,322.27392,3598.6928199999998
2141,8,Fairbanks,0.6000000000000001,0.7000000000000001,3061.78687,190.3367,338.52063,3590.6441999999997
2142,8,Fairbanks,0.6000000000000001,0.75,3030.9934499999995,200.59778,355.08404,3586.6752699999997
2143,8,Fairbanks,0.6000000000000001,0.8500000000000001,2974.1496700000002,219.25141,389.41432,3582.8154
2144,8,Fairbanks,0.6000000000000001,0.8,3000.7084499999996,210.32046999999997,371.99582,3583.02474
2145,8,Fairbanks,0.6000000000000001,0.9500000000000001,2927.66644,239.39353,422.63614999999993,3589.6961199999996
2146,8,Fairbanks,0.6000000000000001,0.9,2948.7652299999995,230.33591,407.05451,3586.1556499999997
2147,8,Fairbanks,0.65,0.01,4040.7440899999997,61.05976,200.53444,4302.33829
2148,8,Fairbanks,0.65,0.15000000000000002,3721.46734,92.72976,204.46152,4018.65862
2149,8,Fairbanks,0.65,0.1,3814.80457,79.11166,201.4212,4095.3374299999996
2150,8,Fairbanks,0.65,0.25,3603.5918800000004,112.30181999999999,221.59499,3937.4886900000006
2151,8,Fairbanks,0.65,0.2,3655.0853399999996,105.23940999999998,211.39724999999999,3971.7219999999998
2152,8,Fairbanks,0.65,0.30000000000000004,3554.4889699999994,114.93042999999999,231.8244,3901.2437999999993
2153,8,Fairbanks,0.65,0.35000000000000003,3505.7699199999997,119.55425,242.75055,3868.07472
2154,8,Fairbanks,0.65,0.45,3416.5863999999997,137.4478,267.07311,3821.1073099999994
2155,8,Fairbanks,0.65,0.4,3459.82698,127.15504999999999,254.37343999999996,3841.3554699999995
2156,8,Fairbanks,0.65,0.55,3335.4207,158.0333,294.59434,3788.0483400000003
2157,8,Fairbanks,0.65,0.5,3375.9878200000003,147.5822,280.53285999999997,3804.10288
2158,8,Fairbanks,0.65,0.6000000000000001,3298.38914,168.89611,309.22587999999996,3776.5111300000003
2159,8,Fairbanks,0.65,0.65,3261.6058399999997,179.88559999999998,325.15589,3766.64733
2160,8,Fairbanks,0.65,0.7000000000000001,3230.1248199999995,189.54495,340.76919999999996,3760.4389699999992
2161,8,Fairbanks,0.65,0.75,3199.0688999999998,200.24940999999998,356.66754,3755.9858499999996
2162,8,Fairbanks,0.65,0.8500000000000001,3139.0457899999997,219.97981999999996,389.95270999999997,3748.9783199999997
2163,8,Fairbanks,0.65,0.8,3168.1964099999996,209.90876,373.04093,3751.1460999999995
2164,8,Fairbanks,0.65,0.9500000000000001,3091.6507199999996,238.88681,422.92117999999994,3753.4587099999994
2165,8,Fairbanks,0.65,0.9,3113.17461,229.86085999999997,407.08617999999996,3750.1216499999996
2166,8,Fairbanks,0.7000000000000001,0.01,4229.59614,60.584709999999994,204.9049,4495.08575
2167,8,Fairbanks,0.7000000000000001,0.15000000000000002,3892.24645,91.36795,209.52871999999996,4193.14312
2168,8,Fairbanks,0.7000000000000001,0.1,3991.493429999999,77.84486,206.55174,4275.89003
2169,8,Fairbanks,0.7000000000000001,0.25,3774.0334599999996,110.78165999999999,226.34548999999998,4111.16061
2170,8,Fairbanks,0.7000000000000001,0.2,3822.9008599999997,103.90927,216.08441,4142.89454
2171,8,Fairbanks,0.7000000000000001,0.30000000000000004,3719.96665,112.99856,236.89159999999998,4069.8568099999998
2172,8,Fairbanks,0.7000000000000001,0.35000000000000003,3669.29022,119.11086999999999,247.72274,4036.12383
2173,8,Fairbanks,0.7000000000000001,0.45,3576.90271,138.61959,271.79193999999995,3987.3142399999997
2174,8,Fairbanks,0.7000000000000001,0.4,3621.9291399999997,128.51685999999998,259.31395999999995,4009.75996
2175,8,Fairbanks,0.7000000000000001,0.55,3500.5795399999997,159.33177,298.58475999999996,3958.4960699999992
2176,8,Fairbanks,0.7000000000000001,0.5,3537.546059999999,149.13403,285.03,3971.7100899999996
2177,8,Fairbanks,0.7000000000000001,0.6000000000000001,3463.0688899999996,169.56117999999998,312.61456999999996,3945.24464
2178,8,Fairbanks,0.7000000000000001,0.65,3425.2829899999997,181.27908,328.63958999999994,3935.2016599999993
2179,8,Fairbanks,0.7000000000000001,0.7000000000000001,3392.85697,190.24168999999998,343.39781,3926.4964699999996
2180,8,Fairbanks,0.7000000000000001,0.75,3361.53855,200.28108,358.75775999999996,3920.5773900000004
2181,8,Fairbanks,0.7000000000000001,0.8500000000000001,3299.6103499999995,220.86657999999997,390.87113999999997,3911.348069999999
2182,8,Fairbanks,0.7000000000000001,0.8,3331.23782,210.60549999999998,374.59276,3916.43608
2183,8,Fairbanks,0.7000000000000001,0.9500000000000001,3247.6265299999995,237.71501999999998,423.45957,3908.8011199999996
2184,8,Fairbanks,0.7000000000000001,0.9,3271.4640299999996,229.51248999999999,407.43455,3908.4110699999997
2185,8,Fairbanks,0.75,0.01,4406.06012,60.10966,209.21202,4675.3818
2186,8,Fairbanks,0.75,0.15000000000000002,4059.70935,90.29117,214.81760999999997,4364.818130000001
2187,8,Fairbanks,0.75,0.1,4161.90079,76.92643,211.74561999999997,4450.57284
2188,8,Fairbanks,0.75,0.25,3930.51006,108.65977,231.28600999999998,4270.4558400000005
2189,8,Fairbanks,0.75,0.2,3986.90174,102.95916999999999,220.96158999999997,4310.8225
2190,8,Fairbanks,0.75,0.30000000000000004,3876.80586,111.35171999999999,242.24382999999997,4230.40141
2191,8,Fairbanks,0.75,0.35000000000000003,3826.0864899999997,119.58591999999999,253.13831000000002,4198.8107199999995
2192,8,Fairbanks,0.75,0.45,3733.55933,141.05818,276.98582,4151.60333
2193,8,Fairbanks,0.75,0.4,3779.69825,129.56196999999997,264.69786,4173.95808
2194,8,Fairbanks,0.75,0.55,3655.2870700000003,161.80203,303.0819,4120.171
2195,8,Fairbanks,0.75,0.5,3693.28021,150.97089,289.87550999999996,4134.12661
2196,8,Fairbanks,0.75,0.6000000000000001,3617.9298799999997,171.36637,316.50998,4105.80623
2197,8,Fairbanks,0.75,0.65,3580.0481199999995,182.45086999999998,332.43998999999997,4094.9389799999994
2198,8,Fairbanks,0.75,0.7000000000000001,3547.78555,191.16011999999998,346.31145,4085.25712
2199,8,Fairbanks,0.75,0.75,3515.4687799999997,200.47109999999998,360.94298999999995,4076.88287
2200,8,Fairbanks,0.75,0.8500000000000001,3457.4727599999997,219.44143,392.0746,4068.9887899999994
2201,8,Fairbanks,0.75,0.8,3486.66908,209.56038999999998,376.42962,4072.65909
2202,8,Fairbanks,0.75,0.9500000000000001,3401.8254199999997,237.65168,423.83961,4063.3167099999996
2203,8,Fairbanks,0.75,0.9,3429.47161,228.30903,407.97293999999994,4065.75358
2204,8,Fairbanks,0.8500000000000001,0.01,4748.363539999999,60.07798999999999,217.73125,5026.172779999999
2205,8,Fairbanks,0.8500000000000001,0.15000000000000002,4376.986669999999,86.39576,223.87523,4687.257659999999
2206,8,Fairbanks,0.8500000000000001,0.1,4486.1195800000005,74.23448,221.94335999999998,4782.297420000001
2207,8,Fairbanks,0.8500000000000001,0.25,4237.604719999999,105.04939,238.09506000000002,4580.749169999999
2208,8,Fairbanks,0.8500000000000001,0.2,4295.40349,99.22210999999999,229.13244999999998,4623.7580499999995
2209,8,Fairbanks,0.8500000000000001,0.30000000000000004,4188.0291,109.03980999999999,249.17956,4546.2484699999995
2210,8,Fairbanks,0.8500000000000001,0.35000000000000003,4139.060079999999,118.44579999999999,259.66232999999994,4517.16821
2211,8,Fairbanks,0.8500000000000001,0.45,4042.12909,139.85472,282.11636,4464.10017
2212,8,Fairbanks,0.8500000000000001,0.4,4091.1865399999992,128.64353999999997,270.68349,4490.513569999999
2213,8,Fairbanks,0.8500000000000001,0.55,3957.3098499999996,159.64846999999997,306.72394999999995,4423.682269999999
2214,8,Fairbanks,0.8500000000000001,0.5,3998.79477,149.51407,294.2143,4442.523139999999
2215,8,Fairbanks,0.8500000000000001,0.6000000000000001,3917.59866,169.81454,319.17026,4406.58346
2216,8,Fairbanks,0.8500000000000001,0.65,3876.75926,181.1524,334.7519,4392.66356
2217,8,Fairbanks,0.8500000000000001,0.7000000000000001,3844.3285599999995,189.60828999999998,347.64158999999995,4381.578439999999
2218,8,Fairbanks,0.8500000000000001,0.75,3812.4362499999997,197.81081999999998,361.38637,4371.63344
2219,8,Fairbanks,0.8500000000000001,0.8500000000000001,3752.6161199999997,216.90782999999996,390.77612999999997,4360.30008
2220,8,Fairbanks,0.8500000000000001,0.8,3779.55962,207.59685,375.95456999999993,4363.11104
2221,8,Fairbanks,0.8500000000000001,0.9500000000000001,3697.68996,234.32632999999996,420.8626299999999,4352.87892
2222,8,Fairbanks,0.8500000000000001,0.9,3724.8725799999997,225.11036,405.78770999999995,4355.7706499999995
2223,8,Fairbanks,0.8,0.01,4586.99382,59.91964,213.48746999999997,4860.40093
2224,8,Fairbanks,0.8,0.15000000000000002,4226.908899999999,87.7259,219.63144999999997,4534.26625
2225,8,Fairbanks,0.8,0.1,4332.58234,75.12123999999999,216.87616,4624.57974
2226,8,Fairbanks,0.8,0.25,4086.7439199999994,106.44286999999998,234.48468,4427.671469999999
2227,8,Fairbanks,0.8,0.2,4143.73712,100.90061999999999,224.79366,4469.4314
2228,8,Fairbanks,0.8,0.30000000000000004,4035.7790699999996,110.08491999999998,245.66418999999996,4391.528179999999
2229,8,Fairbanks,0.8,0.35000000000000003,3987.15757,118.92084999999999,256.43199,4362.51041
2230,8,Fairbanks,0.8,0.45,3889.86673,140.83649,279.61443,4310.31765
2231,8,Fairbanks,0.8,0.4,3938.16495,129.34028,267.73818,4335.24341
2232,8,Fairbanks,0.8,0.55,3809.1985999999997,161.58034,305.14045,4275.91939
2233,8,Fairbanks,0.8,0.5,3849.400989999999,150.71753,292.28243,4292.400949999999
2234,8,Fairbanks,0.8,0.6000000000000001,3772.37321,171.49304999999998,318.15682,4262.02308
2235,8,Fairbanks,0.8,0.65,3732.18209,181.59578,334.24518,4248.02305
2236,8,Fairbanks,0.8,0.7000000000000001,3698.39362,190.74840999999998,347.73659999999995,4236.87863
2237,8,Fairbanks,0.8,0.75,3666.4611399999994,199.86936999999998,361.82975,4228.16026
2238,8,Fairbanks,0.8,0.8500000000000001,3607.190879999999,218.99805,391.97959,4218.168519999999
2239,8,Fairbanks,0.8,0.8,3636.7564,209.46537999999998,376.93634,4223.15812
2240,8,Fairbanks,0.8,0.9500000000000001,3550.4110699999997,237.42998999999998,423.2378799999999,4211.078939999999
2241,8,Fairbanks,0.8,0.9,3579.3497799999996,227.42227,407.59289999999993,4214.364949999999
2242,8,Fairbanks,0.9500000000000001,0.01,5070.427699999999,59.72962,225.71208999999996,5355.869409999999
2243,8,Fairbanks,0.9500000000000001,0.15000000000000002,4670.020499999999,83.26043,232.7745,4986.0554299999985
2244,8,Fairbanks,0.9500000000000001,0.1,4787.071969999999,72.01758,230.17756,5089.267109999999
2245,8,Fairbanks,0.9500000000000001,0.25,4519.061349999999,102.67414,245.60084999999998,4867.336339999999
2246,8,Fairbanks,0.9500000000000001,0.2,4577.93903,95.35837,237.90504,4911.202439999999
2247,8,Fairbanks,0.9500000000000001,0.30000000000000004,4470.2016,107.77301,256.05195,4834.02656
2248,8,Fairbanks,0.9500000000000001,0.35000000000000003,4421.58499,117.36902,266.75641,4805.71042
2249,8,Fairbanks,0.9500000000000001,0.45,4327.355509999999,138.61959,287.43692,4753.41202
2250,8,Fairbanks,0.9500000000000001,0.4,4373.38837,127.63009999999998,276.85913999999997,4777.87761
2251,8,Fairbanks,0.9500000000000001,0.55,4243.88086,158.35,310.23931999999996,4712.47018
2252,8,Fairbanks,0.9500000000000001,0.5,4285.412329999999,148.2156,298.61643,4732.244359999999
2253,8,Fairbanks,0.9500000000000001,0.6000000000000001,4204.41878,167.24927,321.98888999999997,4693.65694
2254,8,Fairbanks,0.9500000000000001,0.65,4162.573589999999,177.73203999999998,336.46207999999996,4676.767709999999
2255,8,Fairbanks,0.9500000000000001,0.7000000000000001,4129.63723,186.59964,348.52835,4664.76522
2256,8,Fairbanks,0.9500000000000001,0.75,4099.33607,195.30889,361.25969,4655.90465
2257,8,Fairbanks,0.9500000000000001,0.8500000000000001,4035.3801299999996,212.72738999999999,388.90759999999995,4637.015119999999
2258,8,Fairbanks,0.9500000000000001,0.8,4067.1906099999997,203.66977,375.00446999999997,4645.86485
2259,8,Fairbanks,0.9500000000000001,0.9500000000000001,3978.66153,229.22745999999998,417.15723999999994,4625.046229999999
2260,8,Fairbanks,0.9500000000000001,0.9,4008.2459699999995,221.49998,403.09576,4632.84171
2261,8,Fairbanks,0.9,0.01,4912.44051,59.98298,221.84834999999998,5194.27184
2262,8,Fairbanks,0.9,0.15000000000000002,4526.48418,84.62223999999999,228.40404,4839.51046
2263,8,Fairbanks,0.9,0.1,4639.2091900000005,73.03102,226.75719999999995,4938.997410000001
2264,8,Fairbanks,0.9,0.25,4379.43596,103.87759999999999,241.86379,4725.17735
2265,8,Fairbanks,0.9,0.2,4440.99326,97.73361999999999,233.62958999999998,4772.35647
2266,8,Fairbanks,0.9,0.30000000000000004,4331.67467,108.24806,252.69493,4692.61766
2267,8,Fairbanks,0.9,0.35000000000000003,4281.99467,117.74905999999999,263.20937,4662.9531
2268,8,Fairbanks,0.9,0.45,4190.15957,138.65126,284.64995999999996,4613.460789999999
2269,8,Fairbanks,0.9,0.4,4236.8383699999995,128.01014,273.69214,4638.54065
2270,8,Fairbanks,0.9,0.55,4105.55883,159.04674,308.40245999999996,4573.00803
2271,8,Fairbanks,0.9,0.5,4146.418639999999,148.50063,296.33619,4591.2554599999985
2272,8,Fairbanks,0.9,0.6000000000000001,4065.8716599999993,168.13603,320.40539,4554.413079999999
2273,8,Fairbanks,0.9,0.65,4023.9380499999997,178.74548,335.51198,4538.19551
2274,8,Fairbanks,0.9,0.7000000000000001,3990.01312,187.67641999999998,348.02162999999996,4525.7111700000005
2275,8,Fairbanks,0.9,0.75,3956.5315699999996,197.11408,361.29136,4514.93701
2276,8,Fairbanks,0.9,0.8500000000000001,3894.3580799999995,213.89918,389.69935,4497.956609999999
2277,8,Fairbanks,0.9,0.8,3924.6860199999996,205.66497999999999,375.35283999999996,4505.703839999999
2278,8,Fairbanks,0.9,0.9500000000000001,3840.3346199999996,230.65260999999998,418.89909,4489.88632
2279,8,Fairbanks,0.9,0.9,3866.57543,223.84356,404.23587999999995,4494.654869999999
2280,6B,GreatFalls,0.01,0.01,673.2973300000001,196.48067999999998,170.66962999999998,1040.44764
2281,6B,GreatFalls,0.01,0.15000000000000002,585.13593,263.90610999999996,241.83211999999997,1090.87416
2282,6B,GreatFalls,0.01,0.1,612.73684,241.10370999999998,215.0393,1068.87985
2283,6B,GreatFalls,0.01,0.25,477.11958000000004,302.38516,294.68935,1074.19409
2284,6B,GreatFalls,0.01,0.2,541.9484,283.88988,267.83318999999995,1093.6714699999998
2285,6B,GreatFalls,0.01,0.30000000000000004,423.72825,320.88043999999996,322.4006,1067.00929
2286,6B,GreatFalls,0.01,0.35000000000000003,380.40262,339.72409,350.77692,1070.90363
2287,6B,GreatFalls,0.01,0.45,324.60372000000007,383.36535,411.74166999999994,1119.71074
2288,6B,GreatFalls,0.01,0.4,348.11573,361.25969,381.24345999999997,1090.61888
2289,6B,GreatFalls,0.01,0.55,292.13211,426.05651,468.11427,1186.30289
2290,6B,GreatFalls,0.01,0.5,307.65396,404.29922,439.8646299999999,1151.81781
2291,6B,GreatFalls,0.01,0.6000000000000001,278.09662000000003,446.26196999999996,496.11055,1220.4691400000002
2292,6B,GreatFalls,0.01,0.65,265.12068999999997,467.29085000000003,524.04349,1256.45503
2293,6B,GreatFalls,0.01,0.7000000000000001,253.24768,487.6546599999999,552.03977,1292.94211
2294,6B,GreatFalls,0.01,0.75,242.32838,507.86012,579.97271,1330.16121
2295,6B,GreatFalls,0.01,0.8500000000000001,222.9341,547.2576,635.64857,1405.8402700000001
2296,6B,GreatFalls,0.01,0.8,232.36279,528.16059,608.0006599999999,1368.5240399999998
2297,6B,GreatFalls,0.01,0.9500000000000001,205.89912,585.48329,691.1027399999999,1482.48515
2298,6B,GreatFalls,0.01,0.9,214.08482,566.7346499999999,663.4865,1444.30597
2299,6B,GreatFalls,0.05,0.01,774.1972800000001,189.3866,163.06883,1126.65271
2300,6B,GreatFalls,0.05,0.15000000000000002,669.08898,258.04716,229.19579,1156.33193
2301,6B,GreatFalls,0.05,0.1,706.28103,234.45300999999998,204.17648999999997,1144.9105299999999
2302,6B,GreatFalls,0.05,0.25,547.03518,297.50798,278.98103,1123.5241899999999
2303,6B,GreatFalls,0.05,0.2,619.2169600000001,279.07604,253.55002,1151.84302
2304,6B,GreatFalls,0.05,0.30000000000000004,489.49827000000005,317.61843,305.23546,1112.35216
2305,6B,GreatFalls,0.05,0.35000000000000003,440.73263000000003,336.81044999999995,332.31331,1109.85639
2306,6B,GreatFalls,0.05,0.45,378.57379000000003,379.53328,389.47766,1147.58473
2307,6B,GreatFalls,0.05,0.4,404.34203,357.36428,360.62629,1122.3326
2308,6B,GreatFalls,0.05,0.55,341.15294,420.64093999999994,444.14008,1205.9339599999998
2309,6B,GreatFalls,0.05,0.5,359.18246,399.92875999999995,416.61885,1175.73007
2310,6B,GreatFalls,0.05,0.6000000000000001,324.46036000000004,442.39822999999996,471.59797,1238.45656
2311,6B,GreatFalls,0.05,0.65,309.1332,463.23709,499.24587999999994,1271.61617
2312,6B,GreatFalls,0.05,0.7000000000000001,295.3974,482.90415999999993,526.6404299999999,1304.9419899999998
2313,6B,GreatFalls,0.05,0.75,282.7337,503.23629999999997,554.12999,1340.0999900000002
2314,6B,GreatFalls,0.05,0.8500000000000001,260.399,543.64722,609.2991299999999,1413.3453499999998
2315,6B,GreatFalls,0.05,0.8,271.00032999999996,523.94848,581.90458,1376.85339
2316,6B,GreatFalls,0.05,0.9500000000000001,241.10206000000002,582.8546799999999,663.9298799999999,1487.8866199999998
2317,6B,GreatFalls,0.05,0.9,250.52544,562.99759,636.66201,1450.1850399999998
2318,6B,GreatFalls,0.15000000000000002,0.01,1045.5923899999998,175.51514,152.74441,1373.8519399999998
2319,6B,GreatFalls,0.15000000000000002,0.15000000000000002,898.91724,245.18913999999998,209.08533999999997,1353.1917199999998
2320,6B,GreatFalls,0.15000000000000002,0.1,944.9055000000001,219.91647999999998,187.32805,1352.1500300000002
2321,6B,GreatFalls,0.15000000000000002,0.25,748.10665,285.47337999999996,251.64981999999998,1285.2298499999997
2322,6B,GreatFalls,0.15000000000000002,0.2,831.39909,265.64795999999996,229.82918999999995,1326.8762399999998
2323,6B,GreatFalls,0.15000000000000002,0.30000000000000004,672.83496,304.34869999999995,273.85049,1251.03415
2324,6B,GreatFalls,0.15000000000000002,0.35000000000000003,617.03517,322.52728,296.84291,1236.40536
2325,6B,GreatFalls,0.15000000000000002,0.45,539.61816,364.77506,348.14831,1252.54153
2326,6B,GreatFalls,0.15000000000000002,0.4,572.46796,343.23945999999995,321.89387999999997,1237.6012999999998
2327,6B,GreatFalls,0.15000000000000002,0.55,488.41383,407.9096,399.29535999999996,1295.61879
2328,6B,GreatFalls,0.15000000000000002,0.5,512.8951099999999,386.69069999999994,373.67432999999994,1273.2601399999999
2329,6B,GreatFalls,0.15000000000000002,0.6000000000000001,465.04419,429.1285,425.16974999999996,1319.34244
2330,6B,GreatFalls,0.15000000000000002,0.65,443.87402000000003,449.96736,451.29749999999996,1345.13888
2331,6B,GreatFalls,0.15000000000000002,0.7000000000000001,424.20998,470.55286,477.29857,1372.06141
2332,6B,GreatFalls,0.15000000000000002,0.75,406.24974,489.77655,503.52133,1399.54762
2333,6B,GreatFalls,0.15000000000000002,0.8500000000000001,374.44699,531.26425,556.31522,1462.02646
2334,6B,GreatFalls,0.15000000000000002,0.8,389.58733,510.01367999999997,529.96578,1429.5667899999999
2335,6B,GreatFalls,0.15000000000000002,0.9500000000000001,347.41895999999997,571.2317899999999,609.3308,1527.98155
2336,6B,GreatFalls,0.15000000000000002,0.9,360.46951,551.7864099999999,582.9496899999999,1495.20561
2337,6B,GreatFalls,0.1,0.01,906.1750900000001,181.72245999999998,156.60815,1244.5057000000002
2338,6B,GreatFalls,0.1,0.15000000000000002,784.30991,251.42812999999998,217.44621999999998,1253.18426
2339,6B,GreatFalls,0.1,0.1,823.80368,226.59884999999997,194.10542999999998,1244.50796
2340,6B,GreatFalls,0.1,0.25,641.83789,291.58568999999994,263.68442,1197.108
2341,6B,GreatFalls,0.1,0.2,720.4442200000001,272.36199999999997,239.86857999999998,1232.6748
2342,6B,GreatFalls,0.1,0.30000000000000004,578.43778,311.75948,288.07032,1178.26758
2343,6B,GreatFalls,0.1,0.35000000000000003,525.60031,330.34977,312.55123,1168.50131
2344,6B,GreatFalls,0.1,0.45,454.48267,373.07259999999997,366.45356999999996,1194.00884
2345,6B,GreatFalls,0.1,0.4,483.97459000000003,350.23852999999997,338.93233999999995,1173.14546
2346,6B,GreatFalls,0.1,0.55,410.77521,415.09869,419.3108,1245.1847
2347,6B,GreatFalls,0.1,0.5,432.07227,395.08324999999996,392.92968999999994,1220.08521
2348,6B,GreatFalls,0.1,0.6000000000000001,390.83826,436.82430999999997,446.16695999999996,1273.82953
2349,6B,GreatFalls,0.1,0.65,372.55494999999996,457.44147999999996,472.8964399999999,1302.89287
2350,6B,GreatFalls,0.1,0.7000000000000001,355.95461,477.1718899999999,499.65759,1332.7840899999999
2351,6B,GreatFalls,0.1,0.75,340.65465000000006,497.06064999999995,526.6404299999999,1364.35573
2352,6B,GreatFalls,0.1,0.8500000000000001,313.96267,537.7566,580.66945,1432.38872
2353,6B,GreatFalls,0.1,0.8,326.61510999999996,516.34768,553.8132899999999,1396.7760799999999
2354,6B,GreatFalls,0.1,0.9500000000000001,290.99350000000004,576.67903,634.6034599999999,1502.27599
2355,6B,GreatFalls,0.1,0.9,302.07711,556.66359,607.68396,1466.4246600000001
2356,6B,GreatFalls,0.25,0.01,1348.63665,166.26749999999998,150.52751,1665.4316599999997
2357,6B,GreatFalls,0.25,0.15000000000000002,1139.67767,234.29466,198.98261,1572.95494
2358,6B,GreatFalls,0.25,0.1,1201.94113,208.89531999999997,180.01228,1590.8487299999997
2359,6B,GreatFalls,0.25,0.25,968.0264900000001,272.58369,234.92806000000002,1475.53824
2360,6B,GreatFalls,0.25,0.2,1059.62181,254.02506999999997,216.46444999999997,1530.11133
2361,6B,GreatFalls,0.25,0.30000000000000004,888.70251,290.54058,254.53179,1433.77488
2362,6B,GreatFalls,0.25,0.35000000000000003,820.8209199999999,307.32568,274.99061,1403.1372099999999
2363,6B,GreatFalls,0.25,0.45,725.80897,349.28843,321.57718,1396.67458
2364,6B,GreatFalls,0.25,0.4,765.7768799999999,327.34112,297.57131999999996,1390.68932
2365,6B,GreatFalls,0.25,0.55,661.66499,392.89802,369.08218,1423.6451899999997
2366,6B,GreatFalls,0.25,0.5,692.45817,370.91904,345.01297999999997,1408.39019
2367,6B,GreatFalls,0.25,0.6000000000000001,631.6659,414.90867,393.34139999999996,1439.91597
2368,6B,GreatFalls,0.25,0.65,603.9428,435.77919999999995,417.88564999999994,1457.60765
2369,6B,GreatFalls,0.25,0.7000000000000001,578.5524399999999,456.71307,442.58824999999996,1477.85376
2370,6B,GreatFalls,0.25,0.75,554.624,478.09032,467.54420999999996,1500.25853
2371,6B,GreatFalls,0.25,0.8500000000000001,512.5674,520.11641,517.67782,1550.3616299999999
2372,6B,GreatFalls,0.25,0.8,532.87845,499.56258,492.37348999999995,1524.81452
2373,6B,GreatFalls,0.25,0.9500000000000001,476.25050000000005,560.02061,568.41316,1604.6842700000002
2374,6B,GreatFalls,0.25,0.9,493.49997999999994,540.3852099999999,543.20384,1577.08903
2375,6B,GreatFalls,0.2,0.01,1195.79533,170.44794,151.03422999999998,1517.2775
2376,6B,GreatFalls,0.2,0.15000000000000002,1017.83638,239.52020999999996,203.22638999999998,1460.58298
2377,6B,GreatFalls,0.2,0.1,1071.79826,214.05752999999999,182.83091,1468.6867
2378,6B,GreatFalls,0.2,0.25,854.8205,278.56931999999995,241.92712999999998,1375.31695
2379,6B,GreatFalls,0.2,0.2,944.24609,259.18728,222.10170999999997,1425.5350799999999
2380,6B,GreatFalls,0.2,0.30000000000000004,780.16966,297.0646,262.89267,1340.12693
2381,6B,GreatFalls,0.2,0.35000000000000003,713.32086,315.08482999999995,284.36493,1312.77062
2382,6B,GreatFalls,0.2,0.45,629.94265,356.95257,333.45343,1320.34865
2383,6B,GreatFalls,0.2,0.4,666.61645,334.59355,308.27578,1309.48578
2384,6B,GreatFalls,0.2,0.55,571.7964199999999,400.53049,382.73195,1355.0588599999999
2385,6B,GreatFalls,0.2,0.5,600.60629,378.70986,357.93433999999996,1337.25049
2386,6B,GreatFalls,0.2,0.6000000000000001,545.77925,421.49602999999996,407.65623999999997,1374.93152
2387,6B,GreatFalls,0.2,0.65,521.31965,442.2398799999999,433.11891999999995,1396.6784499999999
2388,6B,GreatFalls,0.2,0.7000000000000001,498.53282,464.25052999999997,458.51826,1421.30161
2389,6B,GreatFalls,0.2,0.75,477.68551,483.5058899999999,483.88593,1445.0773299999998
2390,6B,GreatFalls,0.2,0.8500000000000001,441.12546,524.58188,535.69805,1501.40539
2391,6B,GreatFalls,0.2,0.8,458.752,504.31308,509.88699999999994,1472.95208
2392,6B,GreatFalls,0.2,0.9500000000000001,409.82347,565.65787,587.6051799999999,1563.0865199999998
2393,6B,GreatFalls,0.2,0.9,424.84096000000005,544.7556699999999,561.60411,1531.20074
2394,6B,GreatFalls,0.30000000000000004,0.01,1501.53748,162.84714,151.03422999999998,1815.41885
2395,6B,GreatFalls,0.30000000000000004,0.15000000000000002,1261.86712,230.52593000000002,196.35399999999998,1688.7470500000002
2396,6B,GreatFalls,0.30000000000000004,0.1,1332.2094000000002,204.9049,178.42878,1715.5430800000001
2397,6B,GreatFalls,0.30000000000000004,0.25,1077.82212,268.97331,231.60270999999997,1578.39814
2398,6B,GreatFalls,0.30000000000000004,0.2,1174.4855,250.57304,213.55081,1638.60935
2399,6B,GreatFalls,0.30000000000000004,0.30000000000000004,995.69863,286.89853,250.57304,1533.1702
2400,6B,GreatFalls,0.30000000000000004,0.35000000000000003,922.8965000000001,303.7153,270.74683,1497.3586300000002
2401,6B,GreatFalls,0.30000000000000004,0.45,826.5847799999999,343.49281999999994,313.50132999999994,1483.5789299999997
2402,6B,GreatFalls,0.30000000000000004,0.4,867.79548,322.43227,291.71236999999996,1481.94012
2403,6B,GreatFalls,0.30000000000000004,0.55,753.55492,386.31066,357.68098,1497.5465600000002
2404,6B,GreatFalls,0.30000000000000004,0.5,789.61956,364.39502,335.76534,1489.77992
2405,6B,GreatFalls,0.30000000000000004,0.6000000000000001,721.0607,408.06794999999994,381.33847,1510.4671199999998
2406,6B,GreatFalls,0.30000000000000004,0.65,690.67498,429.6668899999999,404.93262,1525.27449
2407,6B,GreatFalls,0.30000000000000004,0.7000000000000001,662.1035899999999,451.3291699999999,429.16016999999994,1542.5929299999998
2408,6B,GreatFalls,0.30000000000000004,0.75,635.4007300000001,472.29470999999995,453.29270999999994,1560.98815
2409,6B,GreatFalls,0.30000000000000004,0.8500000000000001,588.36195,514.5424899999999,502.31787,1605.2223099999999
2410,6B,GreatFalls,0.30000000000000004,0.8,610.76407,493.57694999999995,477.74195,1582.08297
2411,6B,GreatFalls,0.30000000000000004,0.9500000000000001,547.8886299999999,555.61848,551.6913999999999,1655.19851
2412,6B,GreatFalls,0.30000000000000004,0.9,567.42345,535.38135,527.2104899999999,1630.0152899999998
2413,6B,GreatFalls,0.35000000000000003,0.01,1652.12683,159.74347999999998,152.30103,1964.1713399999999
2414,6B,GreatFalls,0.35000000000000003,0.15000000000000002,1385.57949,226.56718,194.45379999999997,1806.60047
2415,6B,GreatFalls,0.35000000000000003,0.1,1463.17866,201.26285,177.41534,1841.8568500000001
2416,6B,GreatFalls,0.35000000000000003,0.25,1193.67734,263.81109999999995,227.67562999999998,1685.1640699999998
2417,6B,GreatFalls,0.35000000000000003,0.2,1292.59908,245.91755,210.57382999999996,1749.0904600000001
2418,6B,GreatFalls,0.35000000000000003,0.30000000000000004,1106.80483,281.13458999999995,245.63252,1633.5719399999998
2419,6B,GreatFalls,0.35000000000000003,0.35000000000000003,1031.09543,297.76133999999996,264.88788,1593.74465
2420,6B,GreatFalls,0.35000000000000003,0.45,927.73362,337.50719,305.71051,1570.9513200000001
2421,6B,GreatFalls,0.35000000000000003,0.4,973.2705699999999,316.44664,284.90331999999995,1574.6205299999997
2422,6B,GreatFalls,0.35000000000000003,0.55,847.6447499999999,379.18491,348.27499,1575.1046499999998
2423,6B,GreatFalls,0.35000000000000003,0.5,887.97145,358.53606999999994,327.24611,1573.75363
2424,6B,GreatFalls,0.35000000000000003,0.6000000000000001,812.9729499999999,401.86062999999996,371.20406999999994,1586.0376499999998
2425,6B,GreatFalls,0.35000000000000003,0.65,779.83449,424.09297,394.32317,1598.25063
2426,6B,GreatFalls,0.35000000000000003,0.7000000000000001,748.6179099999999,445.34353999999996,417.66396,1611.6254099999996
2427,6B,GreatFalls,0.35000000000000003,0.75,719.7774300000001,466.4991,441.35312,1627.62965
2428,6B,GreatFalls,0.35000000000000003,0.8500000000000001,666.85887,509.82365999999996,489.11148,1665.79401
2429,6B,GreatFalls,0.35000000000000003,0.8,692.3113000000001,488.12970999999993,465.07394999999997,1645.51496
2430,6B,GreatFalls,0.35000000000000003,0.9500000000000001,622.3534699999999,550.4246,537.05986,1709.8379299999997
2431,6B,GreatFalls,0.35000000000000003,0.9,643.45011,531.04256,513.21235,1687.70502
2432,6B,GreatFalls,0.45,0.01,1934.4997399999997,154.96131,156.57647999999998,2246.03753
2433,6B,GreatFalls,0.45,0.15000000000000002,1627.55657,220.32818999999998,192.93364,2040.8183999999999
2434,6B,GreatFalls,0.45,0.1,1718.0067399999998,195.24554999999998,177.70037,2090.95266
2435,6B,GreatFalls,0.45,0.25,1424.6557599999999,255.35520999999997,223.05181000000002,1903.0627799999997
2436,6B,GreatFalls,0.45,0.2,1529.10872,237.36665,207.50184,1973.9772099999998
2437,6B,GreatFalls,0.45,0.30000000000000004,1332.73155,271.95029,239.33018999999996,1844.0120299999999
2438,6B,GreatFalls,0.45,0.35000000000000003,1251.37446,287.94364,256.87537,1796.19347
2439,6B,GreatFalls,0.45,0.45,1133.98432,327.97452,294.40432,1756.3631599999999
2440,6B,GreatFalls,0.45,0.4,1187.01197,307.00897999999995,275.30731000000003,1769.3282600000002
2441,6B,GreatFalls,0.45,0.55,1038.22964,369.30386999999996,333.99181999999996,1741.52533
2442,6B,GreatFalls,0.45,0.5,1084.67864,348.94006,314.32475,1747.94345
2443,6B,GreatFalls,0.45,0.6000000000000001,997.8532,389.85769999999997,355.30573,1743.01663
2444,6B,GreatFalls,0.45,0.65,959.9852799999999,413.07180999999997,377.28470999999996,1750.3417999999997
2445,6B,GreatFalls,0.45,0.7000000000000001,924.59591,434.38572,399.39036999999996,1758.3719999999998
2446,6B,GreatFalls,0.45,0.75,890.9558299999999,456.30136,421.84439999999995,1769.1015899999998
2447,6B,GreatFalls,0.45,0.8500000000000001,830.41904,499.46757,467.5758799999999,1797.46249
2448,6B,GreatFalls,0.45,0.8,859.80939,477.64694,444.8051499999999,1782.26148
2449,6B,GreatFalls,0.45,0.9500000000000001,777.73534,541.30364,512.7056299999999,1831.7446099999997
2450,6B,GreatFalls,0.45,0.9,802.86321,520.59146,490.72664999999995,1814.1813200000001
2451,6B,GreatFalls,0.4,0.01,1795.8355099999999,157.01986,154.20122999999998,2107.0566
2452,6B,GreatFalls,0.4,0.15000000000000002,1508.9760099999999,223.14681999999996,193.34534999999997,1925.4681799999998
2453,6B,GreatFalls,0.4,0.1,1591.8392000000001,197.96917,177.16197999999997,1966.97035
2454,6B,GreatFalls,0.4,0.25,1309.3773999999999,258.93392,224.95201,1793.2633299999998
2455,6B,GreatFalls,0.4,0.2,1412.02622,241.3254,208.7053,1862.05692
2456,6B,GreatFalls,0.4,0.30000000000000004,1220.19956,275.75068999999996,242.02213999999998,1737.97239
2457,6B,GreatFalls,0.4,0.35000000000000003,1141.2396199999998,292.34577,260.20072,1693.7861099999998
2458,6B,GreatFalls,0.4,0.45,1029.6706,332.50332999999995,299.43985,1661.61378
2459,6B,GreatFalls,0.4,0.4,1079.27215,311.28443,279.51942,1670.076
2460,6B,GreatFalls,0.4,0.55,942.34184,374.05436999999995,340.57918,1656.9753899999998
2461,6B,GreatFalls,0.4,0.5,985.3471,353.88057999999995,320.1837,1659.41138
2462,6B,GreatFalls,0.4,0.6000000000000001,905.0348399999999,394.57653,362.62149999999997,1662.2328699999998
2463,6B,GreatFalls,0.4,0.65,869.62294,417.69562999999994,385.20221,1672.5207799999998
2464,6B,GreatFalls,0.4,0.7000000000000001,837.1021499999999,439.10455,407.81459,1684.02129
2465,6B,GreatFalls,0.4,0.75,805.25302,461.65359,430.99703,1697.90364
2466,6B,GreatFalls,0.4,0.8500000000000001,748.84417,504.85146999999995,477.80529,1731.50093
2467,6B,GreatFalls,0.4,0.8,776.2701300000001,482.46078,454.27448,1713.0053900000003
2468,6B,GreatFalls,0.4,0.9500000000000001,699.74577,546.08581,524.23351,1770.06509
2469,6B,GreatFalls,0.4,0.9,722.44504,526.32373,501.17774999999995,1749.94652
2470,6B,GreatFalls,0.55,0.01,2199.52218,151.6993,162.56211,2513.78359
2471,6B,GreatFalls,0.55,0.15000000000000002,1856.0303399999998,215.54602,193.63038,2265.20674
2472,6B,GreatFalls,0.55,0.1,1961.6340699999998,190.74840999999998,180.20229999999998,2332.5847799999997
2473,6B,GreatFalls,0.55,0.25,1647.97919,248.10278,221.21494999999996,2117.29692
2474,6B,GreatFalls,0.55,0.2,1754.24055,231.69771999999998,206.96344999999997,2192.90172
2475,6B,GreatFalls,0.55,0.30000000000000004,1551.8700599999997,264.53951,236.22653,2052.6360999999997
2476,6B,GreatFalls,0.55,0.35000000000000003,1466.38693,280.88122999999996,252.31489,1999.5830499999997
2477,6B,GreatFalls,0.55,0.45,1337.83853,319.20193,287.2469,1944.2873599999998
2478,6B,GreatFalls,0.55,0.4,1397.13301,299.21816,269.25834,1965.6095099999998
2479,6B,GreatFalls,0.55,0.55,1229.913,360.78463999999997,324.39581,1915.0934499999998
2480,6B,GreatFalls,0.55,0.5,1284.3675,340.19914,305.83718999999996,1930.40383
2481,6B,GreatFalls,0.55,0.6000000000000001,1183.86763,382.32023999999996,344.22123,1910.4090999999999
2482,6B,GreatFalls,0.55,0.65,1140.7767099999999,404.48924,364.99674999999996,1910.2627
2483,6B,GreatFalls,0.55,0.7000000000000001,1101.1486599999998,425.16974999999996,385.99395999999996,1912.3123699999999
2484,6B,GreatFalls,0.55,0.75,1063.66163,446.9903799999999,407.30787000000004,1917.95988
2485,6B,GreatFalls,0.55,0.8500000000000001,997.01848,488.25638999999995,451.29749999999996,1936.5723699999999
2486,6B,GreatFalls,0.55,0.8,1028.27396,468.20928,429.06515999999993,1925.5484
2487,6B,GreatFalls,0.55,0.9500000000000001,937.3633399999999,530.06079,493.45027,1960.8744
2488,6B,GreatFalls,0.55,0.9,965.0896399999999,511.43883,473.24481,1949.7732799999999
2489,6B,GreatFalls,0.5,0.01,2070.2701,153.21946,159.45845,2382.94801
2490,6B,GreatFalls,0.5,0.15000000000000002,1744.5391799999998,217.79458999999997,193.06032,2155.39409
2491,6B,GreatFalls,0.5,0.1,1842.29874,192.80696,178.84049,2213.94619
2492,6B,GreatFalls,0.5,0.25,1537.27767,251.39645999999996,221.78501,2010.45914
2493,6B,GreatFalls,0.5,0.2,1643.38492,234.23131999999995,206.96344999999997,2084.5796899999996
2494,6B,GreatFalls,0.5,0.30000000000000004,1443.4998,268.05487999999997,237.42998999999998,1948.9846699999998
2495,6B,GreatFalls,0.5,0.35000000000000003,1359.0662499999999,284.23825,254.24676,1897.5512599999997
2496,6B,GreatFalls,0.5,0.45,1236.80063,322.74897,290.47724,1850.0268399999998
2497,6B,GreatFalls,0.5,0.4,1293.06563,302.76519999999994,272.01363,1867.8444599999998
2498,6B,GreatFalls,0.5,0.55,1134.57315,364.39502,328.67125999999996,1827.6394299999997
2499,6B,GreatFalls,0.5,0.5,1185.44426,344.75962,309.60592,1839.8098
2500,6B,GreatFalls,0.5,0.6000000000000001,1091.3347199999998,385.93062,349.09841,1826.36375
2501,6B,GreatFalls,0.5,0.65,1051.10494,407.27619999999996,370.66568,1829.04682
2502,6B,GreatFalls,0.5,0.7000000000000001,1013.61706,428.90681,392.26462,1834.78849
2503,6B,GreatFalls,0.5,0.75,977.6901499999999,450.9808,414.08525,1842.7561999999998
2504,6B,GreatFalls,0.5,0.8500000000000001,911.6102599999999,493.32359,458.70828,1863.64213
2505,6B,GreatFalls,0.5,0.8,943.9693,472.07302,436.25424999999996,1852.29657
2506,6B,GreatFalls,0.5,0.9500000000000001,856.45056,536.3314499999999,502.47621999999996,1895.25823
2507,6B,GreatFalls,0.5,0.9,883.0735099999999,514.7325099999999,481.2256499999999,1879.0316699999998
2508,6B,GreatFalls,0.6000000000000001,0.01,2327.33062,150.49584,165.98246999999998,2643.80893
2509,6B,GreatFalls,0.6000000000000001,0.15000000000000002,1966.07361,213.48746999999997,194.73883,2374.2999099999997
2510,6B,GreatFalls,0.6000000000000001,0.1,2077.36136,189.10156999999998,181.94415,2448.4070799999995
2511,6B,GreatFalls,0.6000000000000001,0.25,1754.19739,245.41082999999998,221.08827,2220.6964900000003
2512,6B,GreatFalls,0.6000000000000001,0.2,1861.3355299999998,229.06911,207.34348999999997,2297.74813
2513,6B,GreatFalls,0.6000000000000001,0.30000000000000004,1656.16701,261.87922999999995,235.43478,2153.4810199999997
2514,6B,GreatFalls,0.6000000000000001,0.35000000000000003,1569.54354,277.80924,251.07976,2098.43254
2515,6B,GreatFalls,0.6000000000000001,0.45,1437.1243799999997,316.31996,284.74496999999997,2038.1893099999998
2516,6B,GreatFalls,0.6000000000000001,0.4,1499.2241000000001,296.55788,267.42148,2063.20346
2517,6B,GreatFalls,0.6000000000000001,0.55,1325.8407699999998,357.36428,320.8171,2004.0221499999998
2518,6B,GreatFalls,0.6000000000000001,0.5,1380.61537,337.12715,302.76519999999994,2020.50772
2519,6B,GreatFalls,0.6000000000000001,0.6000000000000001,1276.7061899999999,378.58317999999997,340.1358,1995.42517
2520,6B,GreatFalls,0.6000000000000001,0.65,1231.71762,400.34047,360.0879,1992.14599
2521,6B,GreatFalls,0.6000000000000001,0.7000000000000001,1188.7759099999998,422.19277,380.80008,1991.76876
2522,6B,GreatFalls,0.6000000000000001,0.75,1150.04461,442.5249099999999,401.67060999999995,1994.2401299999997
2523,6B,GreatFalls,0.6000000000000001,0.8500000000000001,1077.09828,485.21607,444.20341999999994,2006.51777
2524,6B,GreatFalls,0.6000000000000001,0.8,1112.1667,463.8071499999999,422.76283,1998.73668
2525,6B,GreatFalls,0.6000000000000001,0.9500000000000001,1016.94067,524.20184,485.53276999999997,2026.67528
2526,6B,GreatFalls,0.6000000000000001,0.9,1044.78026,505.83324,465.9923799999999,2016.6058799999998
2527,6B,GreatFalls,0.65,0.01,2446.14372,149.64075,169.52951,2765.31398
2528,6B,GreatFalls,0.65,0.15000000000000002,2068.5647599999998,212.85406999999998,196.63903,2478.0578599999994
2529,6B,GreatFalls,0.65,0.1,2184.82002,188.68985999999998,184.44608,2557.9559600000002
2530,6B,GreatFalls,0.65,0.25,1845.0465399999998,245.28414999999998,223.49518999999995,2313.82588
2531,6B,GreatFalls,0.65,0.2,1955.2050199999999,228.21402,209.46537999999998,2392.88442
2532,6B,GreatFalls,0.65,0.30000000000000004,1744.81796,261.62586999999996,238.28507999999997,2244.7289100000003
2533,6B,GreatFalls,0.65,0.35000000000000003,1658.98324,279.48775,254.02506999999997,2192.49606
2534,6B,GreatFalls,0.65,0.45,1525.8433,319.10692,287.46858999999995,2132.41881
2535,6B,GreatFalls,0.65,0.4,1590.1348399999997,299.15482,270.43012999999996,2159.7197899999996
2536,6B,GreatFalls,0.65,0.55,1411.67283,359.86620999999997,322.59062,2094.12966
2537,6B,GreatFalls,0.65,0.5,1468.1134000000002,339.94578,305.20378999999997,2113.26297
2538,6B,GreatFalls,0.65,0.6000000000000001,1362.10741,380.29335999999995,341.43426999999997,2083.83504
2539,6B,GreatFalls,0.65,0.65,1313.21833,402.24066999999997,361.63973,2077.0987299999997
2540,6B,GreatFalls,0.65,0.7000000000000001,1270.4575,423.55458,381.46515,2075.47723
2541,6B,GreatFalls,0.65,0.75,1228.4,444.14008,401.41724999999997,2073.95733
2542,6B,GreatFalls,0.65,0.8500000000000001,1153.30181,486.13449999999995,443.06329999999997,2082.49961
2543,6B,GreatFalls,0.65,0.8,1189.3303199999998,464.85226,422.12942999999996,2076.3120099999996
2544,6B,GreatFalls,0.65,0.9500000000000001,1089.38206,525.43697,483.94926999999996,2098.7682999999997
2545,6B,GreatFalls,0.65,0.9,1119.7069999999999,506.4033,464.31387,2090.42417
2546,6B,GreatFalls,0.7000000000000001,0.01,2560.1461699999995,149.07068999999998,172.72817999999998,2881.9450399999996
2547,6B,GreatFalls,0.7000000000000001,0.15000000000000002,2168.64878,211.99898,199.07762,2579.72538
2548,6B,GreatFalls,0.7000000000000001,0.1,2287.7113999999997,188.4365,187.13803,2663.2859299999996
2549,6B,GreatFalls,0.7000000000000001,0.25,1930.99917,245.56918000000002,226.37716,2402.94551
2550,6B,GreatFalls,0.7000000000000001,0.2,2045.8074,228.18234999999999,211.96731,2485.9570599999997
2551,6B,GreatFalls,0.7000000000000001,0.30000000000000004,1829.3337399999998,263.08268999999996,241.57876,2333.9951899999996
2552,6B,GreatFalls,0.7000000000000001,0.35000000000000003,1747.6505199999997,282.46473,257.54044,2287.6556899999996
2553,6B,GreatFalls,0.7000000000000001,0.45,1611.02496,322.65396,291.20565,2224.8845699999997
2554,6B,GreatFalls,0.7000000000000001,0.4,1675.90314,302.44849999999997,274.10384999999997,2252.45549
2555,6B,GreatFalls,0.7000000000000001,0.55,1495.90949,362.93819999999994,325.59927,2184.44696
2556,6B,GreatFalls,0.7000000000000001,0.5,1551.17402,343.33446999999995,308.59247999999997,2203.10097
2557,6B,GreatFalls,0.7000000000000001,0.6000000000000001,1444.4613,383.01698,343.55616,2171.03444
2558,6B,GreatFalls,0.7000000000000001,0.65,1391.59753,405.31266,363.95164,2160.86183
2559,6B,GreatFalls,0.7000000000000001,0.7000000000000001,1347.5716,425.51812,382.79528999999997,2155.88501
2560,6B,GreatFalls,0.7000000000000001,0.75,1306.05589,446.92704,402.14565999999996,2155.1285900000003
2561,6B,GreatFalls,0.7000000000000001,0.8500000000000001,1227.79155,487.05292999999995,442.5249099999999,2157.36939
2562,6B,GreatFalls,0.7000000000000001,0.8,1264.3033999999998,467.29085000000003,422.09776,2153.6920099999998
2563,6B,GreatFalls,0.7000000000000001,0.9500000000000001,1161.09058,526.1653799999999,482.9675,2170.22346
2564,6B,GreatFalls,0.7000000000000001,0.9,1192.71824,506.71999999999997,463.17375,2162.61199
2565,6B,GreatFalls,0.75,0.01,2672.56682,148.78565999999998,175.92684999999997,2997.27933
2566,6B,GreatFalls,0.75,0.15000000000000002,2261.95925,211.58727,201.64289,2675.18941
2567,6B,GreatFalls,0.75,0.1,2388.27727,188.72153,189.95665999999997,2766.9554599999997
2568,6B,GreatFalls,0.75,0.25,2012.9739199999997,246.29758999999999,229.76584999999997,2489.0373599999994
2569,6B,GreatFalls,0.75,0.2,2132.24762,228.11901,214.84928,2575.21591
2570,6B,GreatFalls,0.75,0.30000000000000004,1910.7734799999998,265.77464,245.50583999999998,2422.0539599999997
2571,6B,GreatFalls,0.75,0.35000000000000003,1830.88416,286.42348,261.84756,2379.1552
2572,6B,GreatFalls,0.75,0.45,1693.2545099999998,327.34112,295.67112,2316.26675
2573,6B,GreatFalls,0.75,0.4,1759.7010999999998,306.97731,278.60098999999997,2345.2793999999994
2574,6B,GreatFalls,0.75,0.55,1576.30558,367.18197999999995,329.65303,2273.14059
2575,6B,GreatFalls,0.75,0.5,1632.3601599999997,348.30665999999997,312.89959999999996,2293.5664199999997
2576,6B,GreatFalls,0.75,0.6000000000000001,1524.3298399999999,386.62735999999995,346.97652,2257.93372
2577,6B,GreatFalls,0.75,0.65,1466.94619,409.01805,367.08696999999995,2243.0512099999996
2578,6B,GreatFalls,0.75,0.7000000000000001,1421.97696,428.90681,384.82216999999997,2235.70594
2579,6B,GreatFalls,0.75,0.75,1379.59872,449.20727999999997,403.34911999999997,2232.15512
2580,6B,GreatFalls,0.75,0.8500000000000001,1300.7694199999999,487.59132,442.30321999999995,2230.66396
2581,6B,GreatFalls,0.75,0.8,1339.08561,468.81100999999995,422.76283,2230.65945
2582,6B,GreatFalls,0.75,0.9500000000000001,1230.24722,525.88035,482.01739999999995,2238.1449700000003
2583,6B,GreatFalls,0.75,0.9,1263.93598,506.84667999999994,462.38199999999995,2233.16466
2584,6B,GreatFalls,0.8500000000000001,0.01,2888.35964,147.39218,182.38753,3218.13935
2585,6B,GreatFalls,0.8500000000000001,0.15000000000000002,2453.3064600000002,207.62852,205.47495999999998,2866.4099400000005
2586,6B,GreatFalls,0.8500000000000001,0.1,2587.07394,186.09292,194.61214999999999,2967.77901
2587,6B,GreatFalls,0.8500000000000001,0.25,2198.40879,244.58741,232.55281000000002,2675.54901
2588,6B,GreatFalls,0.8500000000000001,0.2,2319.0651399999997,225.39539,217.88959999999997,2762.35013
2589,6B,GreatFalls,0.8500000000000001,0.30000000000000004,2095.82935,264.95122,247.94443,2608.725
2590,6B,GreatFalls,0.8500000000000001,0.35000000000000003,2012.65463,285.91676,263.87443999999994,2562.44583
2591,6B,GreatFalls,0.8500000000000001,0.45,1869.7479899999998,326.96108,296.65289,2493.3619599999997
2592,6B,GreatFalls,0.8500000000000001,0.4,1939.7057,306.43892,280.24782999999996,2526.39245
2593,6B,GreatFalls,0.8500000000000001,0.55,1742.63299,366.64358999999996,329.81138,2439.0879600000003
2594,6B,GreatFalls,0.8500000000000001,0.5,1803.92566,347.35656,313.27964,2464.56186
2595,6B,GreatFalls,0.8500000000000001,0.6000000000000001,1687.6469,385.39223,346.1531,2419.19223
2596,6B,GreatFalls,0.8500000000000001,0.65,1625.1325000000002,408.06794999999994,365.94685,2399.1473
2597,6B,GreatFalls,0.8500000000000001,0.7000000000000001,1576.9254899999999,425.83482,382.51025999999996,2385.2705699999997
2598,6B,GreatFalls,0.8500000000000001,0.75,1532.69976,445.50188999999995,400.08711,2378.28876
2599,6B,GreatFalls,0.8500000000000001,0.8500000000000001,1448.4984599999998,485.21607,437.23602,2370.9505499999996
2600,6B,GreatFalls,0.8500000000000001,0.8,1490.4515999999999,464.85226,418.51905,2373.82291
2601,6B,GreatFalls,0.8500000000000001,0.9500000000000001,1374.05258,521.00317,475.0816699999999,2370.13742
2602,6B,GreatFalls,0.8500000000000001,0.9,1410.6766599999999,503.14128999999997,456.23802,2370.05597
2603,6B,GreatFalls,0.8,0.01,2781.7871,148.2156,179.09384999999997,3109.09655
2604,6B,GreatFalls,0.8,0.15000000000000002,2363.79745,208.83198,203.25806,2775.88749
2605,6B,GreatFalls,0.8,0.1,2491.14974,187.32805,192.01521,2870.493
2606,6B,GreatFalls,0.8,0.25,2109.31959,245.25248,231.06431999999998,2585.63639
2607,6B,GreatFalls,0.8,0.2,2230.9383599999996,226.50383999999997,216.11607999999998,2673.5582799999993
2608,6B,GreatFalls,0.8,0.30000000000000004,2007.30937,265.48960999999997,246.77264,2519.57162
2609,6B,GreatFalls,0.8,0.35000000000000003,1924.9019599999997,286.39181,263.05102,2474.3447899999996
2610,6B,GreatFalls,0.8,0.45,1783.29698,327.87951,296.55788,2407.7343699999997
2611,6B,GreatFalls,0.8,0.4,1850.93534,307.19899999999996,279.6461,2437.78044
2612,6B,GreatFalls,0.8,0.55,1661.1407799999997,368.0054,330.57145999999995,2359.71764
2613,6B,GreatFalls,0.8,0.5,1719.3931300000002,348.27499,313.56467,2381.23279
2614,6B,GreatFalls,0.8,0.6000000000000001,1607.14645,386.84905,347.51491,2341.51041
2615,6B,GreatFalls,0.8,0.65,1545.5387899999998,409.9681499999999,367.6887,2323.19564
2616,6B,GreatFalls,0.8,0.7000000000000001,1499.64199,429.06515999999993,384.94885,2313.656
2617,6B,GreatFalls,0.8,0.75,1455.6511299999997,448.8589099999999,402.87406999999996,2307.3841099999995
2618,6B,GreatFalls,0.8,0.8500000000000001,1372.1589,487.4013,441.1631,2300.7232999999997
2619,6B,GreatFalls,0.8,0.8,1413.54538,468.49431,421.87607,2303.91576
2620,6B,GreatFalls,0.8,0.9500000000000001,1300.86493,524.36019,480.08553,2305.31065
2621,6B,GreatFalls,0.8,0.9,1334.61873,506.05492999999996,460.54513999999995,2301.2187999999996
2622,6B,GreatFalls,0.9500000000000001,0.01,3090.2034200000003,146.66377,189.0699,3425.9370900000004
2623,6B,GreatFalls,0.9500000000000001,0.15000000000000002,2626.6323799999996,206.52006999999998,210.19379,3043.3462399999994
2624,6B,GreatFalls,0.9500000000000001,0.1,2769.6230499999997,184.98447,200.12273,3154.7302499999996
2625,6B,GreatFalls,0.9500000000000001,0.25,2368.94452,244.11235999999997,236.03651,2849.09339
2626,6B,GreatFalls,0.9500000000000001,0.2,2492.38381,224.19193,222.03837,2938.6141099999995
2627,6B,GreatFalls,0.9500000000000001,0.30000000000000004,2266.61842,264.79287,251.04808999999997,2782.45938
2628,6B,GreatFalls,0.9500000000000001,0.35000000000000003,2178.7760900000003,285.69507,266.40803999999997,2730.8792
2629,6B,GreatFalls,0.9500000000000001,0.45,2032.1026299999999,326.07431999999994,297.82468,2656.00163
2630,6B,GreatFalls,0.9500000000000001,0.4,2102.65697,305.83718999999996,282.02135,2690.51551
2631,6B,GreatFalls,0.9500000000000001,0.55,1903.87025,364.87006999999994,329.68469999999996,2598.4250199999997
2632,6B,GreatFalls,0.9500000000000001,0.5,1964.2819,345.42468999999994,313.8497,2623.5562899999995
2633,6B,GreatFalls,0.9500000000000001,0.6000000000000001,1845.3496599999999,383.30201,345.10799,2573.7596599999997
2634,6B,GreatFalls,0.9500000000000001,0.65,1779.8300100000001,404.80593999999996,363.76162,2548.39757
2635,6B,GreatFalls,0.9500000000000001,0.7000000000000001,1729.54617,422.4461299999999,379.0899,2531.0822
2636,6B,GreatFalls,0.9500000000000001,0.75,1684.1212299999997,440.52969999999993,395.52662999999995,2520.1775599999996
2637,6B,GreatFalls,0.9500000000000001,0.8500000000000001,1596.4391999999998,479.42045999999993,430.96536000000003,2506.8250199999998
2638,6B,GreatFalls,0.9500000000000001,0.8,1638.43124,460.57681,413.23015999999996,2512.23821
2639,6B,GreatFalls,0.9500000000000001,0.9500000000000001,1518.07814,515.33424,466.59411,2500.00649
2640,6B,GreatFalls,0.9500000000000001,0.9,1556.5973199999999,497.97908,448.7638999999999,2503.3403
2641,6B,GreatFalls,0.9,0.01,2990.27244,146.88546,185.71287999999998,3322.87078
2642,6B,GreatFalls,0.9,0.15000000000000002,2541.5420799999997,206.74176,207.78687,2956.0707099999995
2643,6B,GreatFalls,0.9,0.1,2679.5886199999995,185.39618,197.33577,3062.32057
2644,6B,GreatFalls,0.9,0.25,2285.35102,244.20737,234.26298999999997,2763.8213800000003
2645,6B,GreatFalls,0.9,0.2,2406.11748,224.60363999999998,219.85314,2850.57426
2646,6B,GreatFalls,0.9,0.30000000000000004,2182.2115000000003,264.7612,249.36957999999996,2696.3422800000003
2647,6B,GreatFalls,0.9,0.35000000000000003,2098.33111,285.69507,265.01456,2649.04074
2648,6B,GreatFalls,0.9,0.45,1951.59835,326.20099999999996,297.12793999999997,2574.9272899999996
2649,6B,GreatFalls,0.9,0.4,2021.56435,306.12221999999997,281.00791,2608.6944799999997
2650,6B,GreatFalls,0.9,0.55,1824.42596,365.4718,329.55802,2519.45578
2651,6B,GreatFalls,0.9,0.5,1886.68786,346.62815,313.43798999999996,2546.754
2652,6B,GreatFalls,0.9,0.6000000000000001,1767.74138,384.56881,345.36134999999996,2497.6715400000003
2653,6B,GreatFalls,0.9,0.65,1703.21179,405.97772999999995,364.64838,2473.8379
2654,6B,GreatFalls,0.9,0.7000000000000001,1655.11233,424.0613,380.54672,2459.7203499999996
2655,6B,GreatFalls,0.9,0.75,1608.53388,442.17654,397.55350999999996,2448.26393
2656,6B,GreatFalls,0.9,0.8500000000000001,1523.0151899999998,482.14408,433.84733,2439.0065999999997
2657,6B,GreatFalls,0.9,0.8,1564.5207,463.39543999999995,415.66875,2443.58489
2658,6B,GreatFalls,0.9,0.9500000000000001,1447.4676599999998,516.79106,470.58453,2434.84325
2659,6B,GreatFalls,0.9,0.9,1483.43326,500.48100999999997,452.24760000000003,2436.16187
2660,7,InternationalFalls,0.01,0.01,692.47676,203.3214,151.95265999999998,1047.75082
2661,7,InternationalFalls,0.01,0.15000000000000002,576.13624,263.62107999999995,205.98168,1045.739
2662,7,InternationalFalls,0.01,0.1,613.75213,242.40218000000002,186.06125,1042.21556
2663,7,InternationalFalls,0.01,0.25,482.6421,297.57131999999996,245.4425,1025.6559200000002
2664,7,InternationalFalls,0.01,0.2,535.69921,281.00791,225.20537,1041.91249
2665,7,InternationalFalls,0.01,0.30000000000000004,436.03821,313.15295999999995,266.40803999999997,1015.5992099999999
2666,7,InternationalFalls,0.01,0.35000000000000003,397.44043,331.10985,287.97531,1016.52559
2667,7,InternationalFalls,0.01,0.45,339.09991,369.27219999999994,335.41697,1043.78908
2668,7,InternationalFalls,0.01,0.4,363.73681,349.0034,311.18942,1023.9296299999999
2669,7,InternationalFalls,0.01,0.55,300.14817,406.73781,379.91331999999994,1086.7993
2670,7,InternationalFalls,0.01,0.5,319.03687,388.43255,358.28270999999995,1065.7521299999999
2671,7,InternationalFalls,0.01,0.6000000000000001,283.79307,425.92983,401.29056999999995,1111.0134699999999
2672,7,InternationalFalls,0.01,0.65,268.84484,444.36177,422.57281,1135.7794199999998
2673,7,InternationalFalls,0.01,0.7000000000000001,255.54175,462.92038999999994,443.98172999999997,1162.44387
2674,7,InternationalFalls,0.01,0.75,243.49206999999998,481.85904999999997,465.07394999999997,1190.4250699999998
2675,7,InternationalFalls,0.01,0.8500000000000001,222.59903000000003,518.7546,507.06837,1248.422
2676,7,InternationalFalls,0.01,0.8,232.37506000000002,500.10096999999996,486.16616999999997,1218.6422
2677,7,InternationalFalls,0.01,0.9500000000000001,205.76315,555.08009,549.06279,1309.90603
2678,7,InternationalFalls,0.01,0.9,213.77564999999998,535.79306,528.0972499999999,1277.6659599999998
2679,7,InternationalFalls,0.05,0.01,853.34953,196.35399999999998,147.01214,1196.71567
2680,7,InternationalFalls,0.05,0.15000000000000002,714.10266,257.03371999999996,197.33577,1168.4721499999998
2681,7,InternationalFalls,0.05,0.1,759.13571,235.27643,178.46044999999998,1172.87259
2682,7,InternationalFalls,0.05,0.25,611.4973299999999,291.74404,234.64303,1137.8844
2683,7,InternationalFalls,0.05,0.2,667.76566,274.64223999999996,215.51434999999998,1157.9222499999998
2684,7,InternationalFalls,0.05,0.30000000000000004,561.10175,307.00897999999995,254.6268,1122.7375299999999
2685,7,InternationalFalls,0.05,0.35000000000000003,516.5821,324.01577,275.27564,1115.87351
2686,7,InternationalFalls,0.05,0.45,446.37829,363.00154,320.69042,1130.07025
2687,7,InternationalFalls,0.05,0.4,477.13833999999997,341.7193,297.63466,1116.4923
2688,7,InternationalFalls,0.05,0.55,399.80556,399.86542,362.90653,1162.57751
2689,7,InternationalFalls,0.05,0.5,421.98305,381.68683999999996,341.84598,1145.51587
2690,7,InternationalFalls,0.05,0.6000000000000001,380.04837999999995,418.83574999999996,383.80872999999997,1182.6928599999999
2691,7,InternationalFalls,0.05,0.65,361.09549,438.12278,404.77427,1203.99254
2692,7,InternationalFalls,0.05,0.7000000000000001,343.43192999999997,456.64973,425.35976999999997,1225.4414299999999
2693,7,InternationalFalls,0.05,0.75,327.21605,476.03177,446.10362000000003,1249.3514400000001
2694,7,InternationalFalls,0.05,0.8500000000000001,299.11309,512.54728,487.17961,1298.8399800000002
2695,7,InternationalFalls,0.05,0.8,312.44785,493.57694999999995,466.72078999999997,1272.74559
2696,7,InternationalFalls,0.05,0.9500000000000001,274.78375,549.7595299999999,528.47729,1353.02057
2697,7,InternationalFalls,0.05,0.9,286.30418,531.04256,507.89178999999996,1325.2385299999999
2698,7,InternationalFalls,0.15000000000000002,0.01,1270.72913,182.16584,144.06683,1596.9617999999998
2699,7,InternationalFalls,0.15000000000000002,0.15000000000000002,1075.72137,242.97223999999997,185.39618,1504.08979
2700,7,InternationalFalls,0.15000000000000002,0.1,1137.43856,219.85314,169.18114,1526.47284
2701,7,InternationalFalls,0.15000000000000002,0.25,951.1276700000001,277.71423,217.54122999999998,1446.3831300000002
2702,7,InternationalFalls,0.15000000000000002,0.2,1015.69591,260.04237,200.97781999999998,1476.7161
2703,7,InternationalFalls,0.15000000000000002,0.30000000000000004,892.5848000000001,293.77092,235.14974999999998,1421.50547
2704,7,InternationalFalls,0.15000000000000002,0.35000000000000003,839.2576899999999,309.16254,253.35999999999999,1401.7802299999998
2705,7,InternationalFalls,0.15000000000000002,0.45,748.32575,346.31145,293.01084,1387.6480399999998
2706,7,InternationalFalls,0.15000000000000002,0.4,790.8462099999999,325.75762,272.83705,1389.44088
2707,7,InternationalFalls,0.15000000000000002,0.55,678.94425,383.71371999999997,332.28164,1394.93961
2708,7,InternationalFalls,0.15000000000000002,0.5,712.57735,364.26833999999997,312.55123,1389.3969200000001
2709,7,InternationalFalls,0.15000000000000002,0.6000000000000001,647.63645,402.81073,352.01205,1402.45923
2710,7,InternationalFalls,0.15000000000000002,0.65,620.13585,422.00275,371.90081,1414.0394099999999
2711,7,InternationalFalls,0.15000000000000002,0.7000000000000001,593.8178800000001,440.84639999999996,391.7579,1426.42218
2712,7,InternationalFalls,0.15000000000000002,0.75,570.7345,460.70349,411.51998,1442.95797
2713,7,InternationalFalls,0.15000000000000002,0.8500000000000001,528.16664,498.86584,451.01246999999995,1478.04495
2714,7,InternationalFalls,0.15000000000000002,0.8,548.6146099999999,478.9454099999999,431.12370999999996,1458.6837299999997
2715,7,InternationalFalls,0.15000000000000002,0.9500000000000001,491.7986599999999,536.96485,490.37827999999996,1519.1417899999997
2716,7,InternationalFalls,0.15000000000000002,0.9,509.39803,517.04442,470.77455,1497.217
2717,7,InternationalFalls,0.1,0.01,1057.5409200000001,188.53151,144.03516,1390.10759
2718,7,InternationalFalls,0.1,0.15000000000000002,892.6606800000001,250.12966,189.95665999999997,1332.747
2719,7,InternationalFalls,0.1,0.1,946.112,227.20057999999997,172.34814,1345.66072
2720,7,InternationalFalls,0.1,0.25,777.66131,284.68163,224.50862999999998,1286.85157
2721,7,InternationalFalls,0.1,0.2,838.91885,267.32647,206.71008999999998,1312.95541
2722,7,InternationalFalls,0.1,0.30000000000000004,723.09123,300.23159999999996,243.2256,1266.5484299999998
2723,7,InternationalFalls,0.1,0.35000000000000003,674.71825,316.09827,262.89267,1253.70919
2724,7,InternationalFalls,0.1,0.45,594.14049,353.91225,305.17212,1253.22486
2725,7,InternationalFalls,0.1,0.4,631.0052000000001,333.83347,283.7632,1248.60187
2726,7,InternationalFalls,0.1,0.55,534.83366,390.99781999999993,345.74138999999997,1271.57287
2727,7,InternationalFalls,0.1,0.5,562.73598,372.37586,325.44092,1260.55276
2728,7,InternationalFalls,0.1,0.6000000000000001,508.99073999999996,410.69656,366.13687,1285.8241699999999
2729,7,InternationalFalls,0.1,0.65,485.83147999999994,429.19184,386.62735999999995,1301.65068
2730,7,InternationalFalls,0.1,0.7000000000000001,464.27909999999997,449.11226999999997,406.89615999999995,1320.2875299999998
2731,7,InternationalFalls,0.1,0.75,444.89622,468.52597999999995,426.94327,1340.36547
2732,7,InternationalFalls,0.1,0.8500000000000001,409.96677999999997,505.99159000000003,467.38586000000004,1383.3442300000002
2733,7,InternationalFalls,0.1,0.8,427.05688,487.0846,447.21207,1361.35355
2734,7,InternationalFalls,0.1,0.9500000000000001,378.27342,543.8689099999999,507.54341999999997,1429.6857499999999
2735,7,InternationalFalls,0.1,0.9,394.21596,524.64522,487.43296999999995,1406.29415
2736,7,InternationalFalls,0.25,0.01,1695.0529199999999,172.63316999999998,149.70409,2017.3901799999999
2737,7,InternationalFalls,0.25,0.15000000000000002,1445.888,231.12766,182.92592,1859.94158
2738,7,InternationalFalls,0.25,0.1,1519.96031,208.38859999999997,168.89611,1897.2450199999998
2739,7,InternationalFalls,0.25,0.25,1306.92395,264.19113999999996,210.2888,1781.40389
2740,7,InternationalFalls,0.25,0.2,1376.39618,247.91276,196.10064,1820.40958
2741,7,InternationalFalls,0.25,0.30000000000000004,1240.41786,279.17105,225.14203,1744.73094
2742,7,InternationalFalls,0.25,0.35000000000000003,1178.87099,295.73445999999996,240.66032999999996,1715.2657799999997
2743,7,InternationalFalls,0.25,0.45,1067.9406099999999,332.18663,276.63744999999994,1676.7646899999997
2744,7,InternationalFalls,0.25,0.4,1120.47814,312.39288,258.07883,1690.94985
2745,7,InternationalFalls,0.25,0.55,980.6400600000001,369.96894,312.89959999999996,1663.5086
2746,7,InternationalFalls,0.25,0.5,1023.0602,350.84026,294.531,1668.43146
2747,7,InternationalFalls,0.25,0.6000000000000001,942.89135,389.98438,331.42655,1664.3022799999999
2748,7,InternationalFalls,0.25,0.65,907.32872,408.95471,350.2702,1666.5536299999999
2749,7,InternationalFalls,0.25,0.7000000000000001,874.3623899999999,428.02004999999997,369.11384999999996,1671.4962899999998
2750,7,InternationalFalls,0.25,0.75,842.34871,446.3886499999999,388.05251,1676.7898699999998
2751,7,InternationalFalls,0.25,0.8500000000000001,784.97056,484.74102,425.92983,1695.64141
2752,7,InternationalFalls,0.25,0.8,812.3510699999999,466.11906,407.14952,1685.6196499999999
2753,7,InternationalFalls,0.25,0.9500000000000001,735.06759,521.73158,463.87048999999996,1720.66966
2754,7,InternationalFalls,0.25,0.9,759.73362,503.20462999999995,444.86848999999995,1707.80674
2755,7,InternationalFalls,0.2,0.01,1486.02795,176.87695,146.37874,1809.28364
2756,7,InternationalFalls,0.2,0.15000000000000002,1260.74156,236.70157999999998,183.27428999999998,1680.71743
2757,7,InternationalFalls,0.2,0.1,1329.04037,213.74082999999996,168.19937,1710.98057
2758,7,InternationalFalls,0.2,0.25,1128.2620100000001,270.39845999999994,213.04408999999998,1611.7045600000001
2759,7,InternationalFalls,0.2,0.2,1196.47848,253.29666,197.65246999999997,1647.42761
2760,7,InternationalFalls,0.2,0.30000000000000004,1065.4847,286.04344,229.25913,1580.7872699999998
2761,7,InternationalFalls,0.2,0.35000000000000003,1008.3835399999998,302.48017,246.01256,1556.8762699999997
2762,7,InternationalFalls,0.2,0.45,907.4190099999998,339.02734999999996,283.73153,1530.17789
2763,7,InternationalFalls,0.2,0.4,954.9909399999999,319.13858999999997,264.31782,1538.44735
2764,7,InternationalFalls,0.2,0.55,829.5771599999999,376.11292,321.4505,1527.1405799999998
2765,7,InternationalFalls,0.2,0.5,866.2357,356.50918999999993,302.29015,1525.03504
2766,7,InternationalFalls,0.2,0.6000000000000001,795.17973,395.84333,340.64252,1531.6655799999999
2767,7,InternationalFalls,0.2,0.65,762.60343,414.7186499999999,359.86620999999997,1537.1882899999998
2768,7,InternationalFalls,0.2,0.7000000000000001,731.5931999999999,434.48073,379.31158999999997,1545.38552
2769,7,InternationalFalls,0.2,0.75,703.75252,452.50095999999996,398.82031,1555.07379
2770,7,InternationalFalls,0.2,0.8500000000000001,654.3046199999999,491.36005,437.29936000000004,1582.9640299999999
2771,7,InternationalFalls,0.2,0.8,678.0722,471.69298,418.10734,1567.87252
2772,7,InternationalFalls,0.2,0.9500000000000001,610.8483,528.95234,476.22179,1616.02243
2773,7,InternationalFalls,0.2,0.9,631.7838599999999,509.5703,456.83975,1598.19391
2774,7,InternationalFalls,0.30000000000000004,0.01,1899.7148699999998,169.14946999999998,153.94787,2222.8122099999996
2775,7,InternationalFalls,0.30000000000000004,0.15000000000000002,1626.6025499999998,226.34548999999998,184.22439,2037.1724299999998
2776,7,InternationalFalls,0.30000000000000004,0.1,1707.7374799999998,204.17648999999997,171.08134,2082.99531
2777,7,InternationalFalls,0.30000000000000004,0.25,1477.9447099999998,260.48575,209.97209999999998,1948.4025599999998
2778,7,InternationalFalls,0.30000000000000004,0.2,1552.6369699999998,243.92233999999996,196.67069999999998,1993.2300099999995
2779,7,InternationalFalls,0.30000000000000004,0.30000000000000004,1409.2848399999998,275.24397,224.09692,1908.6257299999997
2780,7,InternationalFalls,0.30000000000000004,0.35000000000000003,1342.90202,292.37744,239.29852,1874.57798
2781,7,InternationalFalls,0.30000000000000004,0.45,1231.28233,326.67605,272.07696999999996,1830.03535
2782,7,InternationalFalls,0.30000000000000004,0.4,1284.8796399999999,308.08576,255.29187,1848.2572699999998
2783,7,InternationalFalls,0.30000000000000004,0.55,1135.4857200000001,363.85663,306.18556,1805.5279100000002
2784,7,InternationalFalls,0.30000000000000004,0.5,1183.78245,345.77306,289.4638,1819.01931
2785,7,InternationalFalls,0.30000000000000004,0.6000000000000001,1093.56231,383.33368,324.42747999999995,1801.3234699999998
2786,7,InternationalFalls,0.30000000000000004,0.65,1053.3291,402.74739,342.54272,1798.6192099999998
2787,7,InternationalFalls,0.30000000000000004,0.7000000000000001,1016.7239099999999,422.12942999999996,360.75296999999995,1799.60631
2788,7,InternationalFalls,0.30000000000000004,0.75,982.56241,441.19477,379.31158999999997,1803.06877
2789,7,InternationalFalls,0.30000000000000004,0.8500000000000001,918.9775800000001,478.88207,416.52384,1814.3834900000002
2790,7,InternationalFalls,0.30000000000000004,0.8,950.18952,459.53169999999994,397.96522,1807.68644
2791,7,InternationalFalls,0.30000000000000004,0.9500000000000001,863.804,515.99931,453.38771999999994,1833.19103
2792,7,InternationalFalls,0.30000000000000004,0.9,890.23186,497.50403,434.98744999999997,1822.72334
2793,7,InternationalFalls,0.35000000000000003,0.01,2097.83006,166.26749999999998,158.6667,2422.76426
2794,7,InternationalFalls,0.35000000000000003,0.15000000000000002,1804.5227,222.26006,185.71287999999998,2212.49564
2795,7,InternationalFalls,0.35000000000000003,0.1,1895.26958,200.12273,173.89996999999997,2269.2922799999997
2796,7,InternationalFalls,0.35000000000000003,0.25,1651.56092,255.48189,209.59206,2116.63487
2797,7,InternationalFalls,0.35000000000000003,0.2,1728.56446,239.42519999999996,197.20909,2165.19875
2798,7,InternationalFalls,0.35000000000000003,0.30000000000000004,1580.6263299999998,269.76506,222.89345999999998,2073.2848499999996
2799,7,InternationalFalls,0.35000000000000003,0.35000000000000003,1512.21705,286.51849,237.17663,2035.9121699999998
2800,7,InternationalFalls,0.35000000000000003,0.45,1393.6735299999998,321.22881,268.2449,1983.1472399999998
2801,7,InternationalFalls,0.35000000000000003,0.4,1450.1836299999998,302.79686999999996,252.28321999999997,2005.2637199999997
2802,7,InternationalFalls,0.35000000000000003,0.55,1289.8544199999997,358.21936999999997,301.15003,1949.2238199999997
2803,7,InternationalFalls,0.35000000000000003,0.5,1340.64309,340.04079,284.74496999999997,1965.42885
2804,7,InternationalFalls,0.35000000000000003,0.6000000000000001,1244.50895,377.47472999999997,318.63187,1940.6155499999998
2805,7,InternationalFalls,0.35000000000000003,0.65,1200.7586699999997,396.35005,336.27206,1933.3807799999997
2806,7,InternationalFalls,0.35000000000000003,0.7000000000000001,1160.4312999999997,416.2071399999999,354.16560999999996,1930.8040499999997
2807,7,InternationalFalls,0.35000000000000003,0.75,1123.64863,435.17746999999997,372.1225,1930.9485999999997
2808,7,InternationalFalls,0.35000000000000003,0.8500000000000001,1055.84489,473.18146999999993,408.8597,1937.88606
2809,7,InternationalFalls,0.35000000000000003,0.8,1089.16958,454.52784,390.49109999999996,1934.18852
2810,7,InternationalFalls,0.35000000000000003,0.9500000000000001,995.35309,510.55207,444.48844999999994,1950.39361
2811,7,InternationalFalls,0.35000000000000003,0.9,1023.4320399999999,491.07502,426.87992999999994,1941.38699
2812,7,InternationalFalls,0.45,0.01,2470.1247399999997,162.02371999999997,169.78286999999997,2801.93133
2813,7,InternationalFalls,0.45,0.15000000000000002,2143.34474,215.29266,189.67163,2548.30903
2814,7,InternationalFalls,0.45,0.1,2245.4145999999996,194.04209,180.04395,2619.5006399999993
2815,7,InternationalFalls,0.45,0.25,1984.25363,246.3926,210.66884,2441.3150699999997
2816,7,InternationalFalls,0.45,0.2,2062.26552,231.53937,199.58434,2493.3892299999998
2817,7,InternationalFalls,0.45,0.30000000000000004,1911.3038399999998,260.83412,222.6401,2394.77806
2818,7,InternationalFalls,0.45,0.35000000000000003,1838.54981,276.82746999999995,235.46644999999998,2350.8437299999996
2819,7,InternationalFalls,0.45,0.45,1710.92252,311.41110999999995,263.93778,2286.2714100000003
2820,7,InternationalFalls,0.45,0.4,1773.2539499999998,293.45421999999996,249.27456999999995,2315.98274
2821,7,InternationalFalls,0.45,0.55,1595.6698999999999,347.64158999999995,294.43599,2237.74748
2822,7,InternationalFalls,0.45,0.5,1654.1276,329.43134,279.17105,2262.72999
2823,7,InternationalFalls,0.45,0.6000000000000001,1543.6945600000001,366.86528,310.68269999999995,2221.24254
2824,7,InternationalFalls,0.45,0.65,1494.2020199999997,385.80393999999995,327.24611,2207.2520699999995
2825,7,InternationalFalls,0.45,0.7000000000000001,1447.93153,405.21765,344.12622,2197.2754
2826,7,InternationalFalls,0.45,0.75,1405.37897,424.40966999999995,361.32303,2191.1116700000002
2827,7,InternationalFalls,0.45,0.8500000000000001,1328.8800099999999,462.12863999999996,396.41339,2187.42204
2828,7,InternationalFalls,0.45,0.8,1366.63106,443.28499,378.67819,2188.59424
2829,7,InternationalFalls,0.45,0.9500000000000001,1260.35466,498.92918,430.80701,2190.09085
2830,7,InternationalFalls,0.45,0.9,1293.8559799999998,481.00395999999995,413.95857,2188.81851
2831,7,InternationalFalls,0.4,0.01,2286.2961099999998,163.89225,163.95559,2614.1439499999997
2832,7,InternationalFalls,0.4,0.15000000000000002,1977.5446299999999,218.42799,187.35971999999998,2383.33234
2833,7,InternationalFalls,0.4,0.1,2073.03287,196.67069999999998,176.90861999999998,2446.6121900000003
2834,7,InternationalFalls,0.4,0.25,1822.74662,250.60470999999998,209.90876,2283.2600899999998
2835,7,InternationalFalls,0.4,0.2,1899.4521699999998,234.92806000000002,198.12752,2332.5077499999998
2836,7,InternationalFalls,0.4,0.30000000000000004,1748.8996599999998,265.23625,222.41841,2236.5543199999997
2837,7,InternationalFalls,0.4,0.35000000000000003,1678.7481,281.35627999999997,236.03651,2196.14089
2838,7,InternationalFalls,0.4,0.45,1554.3367,316.03493,265.7113,2136.08293
2839,7,InternationalFalls,0.4,0.4,1612.98697,297.63466,250.41468999999995,2161.0363199999997
2840,7,InternationalFalls,0.4,0.55,1443.2777,353.05716,297.22294999999997,2093.5578100000002
2841,7,InternationalFalls,0.4,0.5,1498.72101,333.86514,281.5463,2114.13245
2842,7,InternationalFalls,0.4,0.6000000000000001,1393.50842,372.56588,314.00805,2080.0823499999997
2843,7,InternationalFalls,0.4,0.65,1347.5304,390.99781999999993,331.2682,2069.79642
2844,7,InternationalFalls,0.4,0.7000000000000001,1305.46203,411.01326,348.71837,2065.19366
2845,7,InternationalFalls,0.4,0.75,1266.56151,429.85690999999997,366.32689,2062.74531
2846,7,InternationalFalls,0.4,0.8500000000000001,1193.14878,467.89258,402.11399,2063.15535
2847,7,InternationalFalls,0.4,0.8,1228.9788,448.98559,384.22043999999994,2062.18483
2848,7,InternationalFalls,0.4,0.9500000000000001,1127.26458,505.38986,437.17267999999996,2069.82712
2849,7,InternationalFalls,0.4,0.9,1158.95731,485.75445999999994,420.07087999999993,2064.7826499999996
2850,7,InternationalFalls,0.55,0.01,2813.49579,159.83848999999998,180.77236,3154.10664
2851,7,InternationalFalls,0.55,0.15000000000000002,2463.3093199999994,210.79551999999998,195.21388,2869.3187199999993
2852,7,InternationalFalls,0.55,0.1,2572.49558,190.17834999999997,187.45472999999998,2950.12866
2853,7,InternationalFalls,0.55,0.25,2297.58025,239.20351,213.61415,2750.3979099999997
2854,7,InternationalFalls,0.55,0.2,2379.3685299999997,225.20537,203.89145999999997,2808.4653599999997
2855,7,InternationalFalls,0.55,0.30000000000000004,2222.69497,253.96173,224.47695999999996,2701.13366
2856,7,InternationalFalls,0.55,0.35000000000000003,2149.9190399999998,269.41668999999996,236.25819999999996,2655.5939299999995
2857,7,InternationalFalls,0.55,0.45,2014.21058,303.87365,262.32261,2580.40684
2858,7,InternationalFalls,0.55,0.4,2079.7088,286.36014,248.79952,2614.86846
2859,7,InternationalFalls,0.55,0.55,1889.5664199999997,339.15403,290.7306,2519.4510499999997
2860,7,InternationalFalls,0.55,0.5,1952.80948,321.10213,276.41576,2550.32737
2861,7,InternationalFalls,0.55,0.6000000000000001,1833.1424,357.2376,306.02720999999997,2496.4072100000003
2862,7,InternationalFalls,0.55,0.65,1780.09793,376.71465,321.89387999999997,2478.70646
2863,7,InternationalFalls,0.55,0.7000000000000001,1729.35623,395.97001,337.85556,2463.1818000000003
2864,7,InternationalFalls,0.55,0.75,1682.0049199999999,414.97200999999995,354.10227,2451.0791999999997
2865,7,InternationalFalls,0.55,0.8500000000000001,1596.28574,453.3243799999999,387.29243,2436.90255
2866,7,InternationalFalls,0.55,0.8,1637.3972099999999,433.65731,370.539,2441.5935199999994
2867,7,InternationalFalls,0.55,0.9500000000000001,1523.10745,489.26983,419.84918999999996,2432.22647
2868,7,InternationalFalls,0.55,0.9,1557.18542,470.61619999999994,404.33088999999995,2432.13251
2869,7,InternationalFalls,0.5,0.01,2646.86737,160.63024,175.99018999999998,2983.4878
2870,7,InternationalFalls,0.5,0.15000000000000002,2308.6447200000002,212.8224,192.42692,2713.89404
2871,7,InternationalFalls,0.5,0.1,2414.8590999999997,191.98353999999998,183.62265999999997,2790.4653
2872,7,InternationalFalls,0.5,0.25,2142.93096,242.43384999999998,211.96731,2597.33212
2873,7,InternationalFalls,0.5,0.2,2222.49936,228.40404,201.48453999999998,2652.3879399999996
2874,7,InternationalFalls,0.5,0.30000000000000004,2069.52227,256.97038,223.36851,2549.86116
2875,7,InternationalFalls,0.5,0.35000000000000003,1997.42863,272.9954,235.68814,2506.1121700000003
2876,7,InternationalFalls,0.5,0.45,1864.7386,307.48403,262.861,2435.0836299999996
2877,7,InternationalFalls,0.5,0.4,1927.89664,289.81217,248.76784999999998,2466.4766600000003
2878,7,InternationalFalls,0.5,0.55,1743.5145900000002,343.20779,292.25076,2378.97314
2879,7,InternationalFalls,0.5,0.5,1804.2083199999997,324.9342,277.52421,2406.66673
2880,7,InternationalFalls,0.5,0.6000000000000001,1688.7565399999999,362.05143999999996,308.08576,2358.8937399999995
2881,7,InternationalFalls,0.5,0.65,1637.9147299999997,381.33847,324.3008,2343.5539999999996
2882,7,InternationalFalls,0.5,0.7000000000000001,1590.04246,400.37214,340.61084999999997,2331.0254499999996
2883,7,InternationalFalls,0.5,0.75,1545.35058,419.81752,357.33261,2322.5007100000003
2884,7,InternationalFalls,0.5,0.8500000000000001,1464.02184,457.91652999999997,391.50454,2313.44291
2885,7,InternationalFalls,0.5,0.8,1502.53467,438.88286,374.18104999999997,2315.59858
2886,7,InternationalFalls,0.5,0.9500000000000001,1392.64619,494.49537999999995,424.9163899999999,2312.0579599999996
2887,7,InternationalFalls,0.5,0.9,1426.1483600000001,475.87341999999995,408.79636,2310.81814
2888,7,InternationalFalls,0.6000000000000001,0.01,2978.86825,159.33177,185.74454999999998,3323.94457
2889,7,InternationalFalls,0.6000000000000001,0.15000000000000002,2615.5944200000004,208.95866,198.28587,3022.8389500000008
2890,7,InternationalFalls,0.6000000000000001,0.1,2732.5697999999998,188.78486999999998,191.73018,3113.0848499999997
2891,7,InternationalFalls,0.6000000000000001,0.25,2443.47523,236.32154,215.64103,2895.4377999999997
2892,7,InternationalFalls,0.6000000000000001,0.2,2527.21749,223.33683999999997,206.64675,2957.20108
2893,7,InternationalFalls,0.6000000000000001,0.30000000000000004,2369.24354,250.88974,225.90211,2846.03539
2894,7,InternationalFalls,0.6000000000000001,0.35000000000000003,2296.2778,266.50305000000003,237.23996999999997,2800.02082
2895,7,InternationalFalls,0.6000000000000001,0.45,2160.2437099999997,300.83333,262.16426,2723.2412999999997
2896,7,InternationalFalls,0.6000000000000001,0.4,2226.54112,283.06645999999995,249.30623999999997,2758.9138199999998
2897,7,InternationalFalls,0.6000000000000001,0.55,2032.0692999999999,335.67033,289.78049999999996,2657.52013
2898,7,InternationalFalls,0.6000000000000001,0.5,2094.70808,317.99847,275.81403,2688.52058
2899,7,InternationalFalls,0.6000000000000001,0.6000000000000001,1974.8186699999999,353.65889,304.60206,2633.07962
2900,7,InternationalFalls,0.6000000000000001,0.65,1918.24884,372.18584,319.93033999999994,2610.3650199999997
2901,7,InternationalFalls,0.6000000000000001,0.7000000000000001,1866.6637399999997,390.83946999999995,335.67033,2593.17354
2902,7,InternationalFalls,0.6000000000000001,0.75,1816.8030600000002,410.63321999999994,351.56867,2579.00495
2903,7,InternationalFalls,0.6000000000000001,0.8500000000000001,1727.5519299999999,448.03549,383.87206999999995,2559.4594899999997
2904,7,InternationalFalls,0.6000000000000001,0.8,1770.5410699999998,428.84346999999997,367.62536,2567.0098999999996
2905,7,InternationalFalls,0.6000000000000001,0.9500000000000001,1651.4183400000002,483.7909199999999,415.38372,2550.59298
2906,7,InternationalFalls,0.6000000000000001,0.9,1686.1813599999998,467.76589999999993,400.49881999999997,2554.4460799999997
2907,7,InternationalFalls,0.65,0.01,3133.61872,158.54002,190.62172999999999,3482.7804699999997
2908,7,InternationalFalls,0.65,0.15000000000000002,2756.5325199999997,207.69186,201.95959,3166.1839699999996
2909,7,InternationalFalls,0.65,0.1,2878.0250199999996,187.61308,196.10064,3261.73874
2910,7,InternationalFalls,0.65,0.25,2580.3412899999994,235.33977,219.40975999999998,3035.0908199999994
2911,7,InternationalFalls,0.65,0.2,2665.95293,221.49998,210.16212,3097.61503
2912,7,InternationalFalls,0.65,0.30000000000000004,2501.1416600000002,251.20643999999996,229.89253,2982.2406300000002
2913,7,InternationalFalls,0.65,0.35000000000000003,2427.7335999999996,268.21322999999995,241.16705000000002,2937.1138799999994
2914,7,InternationalFalls,0.65,0.45,2289.34147,302.10013,265.86965,2857.3112499999997
2915,7,InternationalFalls,0.65,0.4,2355.32537,285.12501,253.23331999999996,2893.6837
2916,7,InternationalFalls,0.65,0.55,2161.40809,337.03213999999997,292.88416,2791.3243899999998
2917,7,InternationalFalls,0.65,0.5,2222.4040699999996,320.12035999999995,279.42441,2821.9488399999996
2918,7,InternationalFalls,0.65,0.6000000000000001,2103.00735,354.98903,307.16733,2765.16371
2919,7,InternationalFalls,0.65,0.65,2044.30394,374.18104999999997,322.7173,2741.20229
2920,7,InternationalFalls,0.65,0.7000000000000001,1991.6229299999998,392.51797999999997,337.6022,2721.7431099999994
2921,7,InternationalFalls,0.65,0.75,1941.43471,411.0766,353.05716,2705.5684699999997
2922,7,InternationalFalls,0.65,0.8500000000000001,1848.2924200000002,448.38386,384.56881,2681.2450900000003
2923,7,InternationalFalls,0.65,0.8,1893.17921,429.1285,368.76547999999997,2691.07319
2924,7,InternationalFalls,0.65,0.9500000000000001,1769.37761,483.85425999999995,415.63708,2668.86895
2925,7,InternationalFalls,0.65,0.9,1806.39345,466.21407,400.68883999999997,2673.29636
2926,7,InternationalFalls,0.7000000000000001,0.01,3280.64171,158.25499,195.56224999999998,3634.4589499999997
2927,7,InternationalFalls,0.7000000000000001,0.15000000000000002,2896.4896999999996,207.05845999999997,205.855,3309.4031599999994
2928,7,InternationalFalls,0.7000000000000001,0.1,3014.4426,186.85299999999998,200.34441999999999,3401.64002
2929,7,InternationalFalls,0.7000000000000001,0.25,2707.1887899999997,235.71981,223.43184999999997,3166.3404499999997
2930,7,InternationalFalls,0.7000000000000001,0.2,2796.2316299999998,221.27829,213.86750999999998,3231.37743
2931,7,InternationalFalls,0.7000000000000001,0.30000000000000004,2628.3734499999996,252.37822999999997,234.13631,3114.8879899999993
2932,7,InternationalFalls,0.7000000000000001,0.35000000000000003,2551.11525,270.20843999999994,245.56918000000002,3066.8928699999997
2933,7,InternationalFalls,0.7000000000000001,0.45,2414.1452899999995,304.34869999999995,270.17677,2988.6707599999995
2934,7,InternationalFalls,0.7000000000000001,0.4,2480.38914,287.65860999999995,257.66712,3025.7148700000002
2935,7,InternationalFalls,0.7000000000000001,0.55,2284.1185,339.85077,296.55788,2920.52715
2936,7,InternationalFalls,0.7000000000000001,0.5,2345.8603200000002,322.33725999999996,283.38316,2951.58074
2937,7,InternationalFalls,0.7000000000000001,0.6000000000000001,2224.8343999999997,356.63586999999995,310.42933999999997,2891.89961
2938,7,InternationalFalls,0.7000000000000001,0.65,2162.84645,375.89122999999995,326.10598999999996,2864.84367
2939,7,InternationalFalls,0.7000000000000001,0.7000000000000001,2109.95884,393.40473999999995,340.19914,2843.56272
2940,7,InternationalFalls,0.7000000000000001,0.75,2059.7923,411.93168999999995,354.89402,2826.61801
2941,7,InternationalFalls,0.7000000000000001,0.8500000000000001,1965.31413,448.70056,385.67726,2799.69195
2942,7,InternationalFalls,0.7000000000000001,0.8,2011.98273,429.35018999999994,370.2223,2811.5552199999997
2943,7,InternationalFalls,0.7000000000000001,0.9500000000000001,1883.43488,483.6959099999999,416.2071399999999,2783.33793
2944,7,InternationalFalls,0.7000000000000001,0.9,1924.1977699999998,465.77068999999995,401.22722999999996,2791.1956899999996
2945,7,InternationalFalls,0.75,0.01,3425.8595100000002,157.71659999999997,200.53444,3784.11055
2946,7,InternationalFalls,0.75,0.15000000000000002,3023.30553,206.14003,209.68706999999998,3439.13263
2947,7,InternationalFalls,0.75,0.1,3150.3402799999994,186.37795,204.11315,3540.8313799999996
2948,7,InternationalFalls,0.75,0.25,2828.15651,236.66991,227.67562999999998,3292.50205
2949,7,InternationalFalls,0.75,0.2,2920.1238299999995,222.03837,217.63624,3359.7984399999996
2950,7,InternationalFalls,0.75,0.30000000000000004,2745.85173,254.59512999999998,238.69679,3239.14365
2951,7,InternationalFalls,0.75,0.35000000000000003,2669.82313,272.26698999999996,250.38302,3192.47314
2952,7,InternationalFalls,0.75,0.45,2529.06382,308.37079,275.02227999999997,3112.45689
2953,7,InternationalFalls,0.75,0.4,2595.1559099999995,291.07896999999997,262.5443,3148.7791799999995
2954,7,InternationalFalls,0.75,0.55,2403.0117199999995,343.49281999999994,301.05502,3047.5595599999997
2955,7,InternationalFalls,0.75,0.5,2463.0824700000003,326.07431999999994,288.10199,3077.25878
2956,7,InternationalFalls,0.75,0.6000000000000001,2344.92194,359.48617,314.35642,3018.7645300000004
2957,7,InternationalFalls,0.75,0.65,2277.51757,378.89988,329.77970999999997,2986.1971599999997
2958,7,InternationalFalls,0.75,0.7000000000000001,2226.43685,395.97001,343.20779,2965.61465
2959,7,InternationalFalls,0.75,0.75,2175.42946,412.69176999999996,357.30093999999997,2945.42217
2960,7,InternationalFalls,0.75,0.8500000000000001,2079.50956,448.44719999999995,387.10240999999996,2915.05917
2961,7,InternationalFalls,0.75,0.8,2128.1716699999997,430.01525999999996,372.02749,2930.21442
2962,7,InternationalFalls,0.75,0.9500000000000001,1996.1027100000001,483.47421999999995,416.74553,2896.3224600000003
2963,7,InternationalFalls,0.75,0.9,2035.6729799999998,466.4674299999999,402.11399,2904.2544
2964,7,InternationalFalls,0.8500000000000001,0.01,3705.3477,156.86150999999998,207.1218,4069.33101
2965,7,InternationalFalls,0.8500000000000001,0.15000000000000002,3286.22819,202.62465999999998,216.81281999999996,3705.66567
2966,7,InternationalFalls,0.8500000000000001,0.1,3417.8793199999996,183.93936,211.14389,3812.9625699999992
2967,7,InternationalFalls,0.8500000000000001,0.25,3077.51484,235.33977,233.24955,3546.10416
2968,7,InternationalFalls,0.8500000000000001,0.2,3173.37821,218.80803,223.55853,3615.74477
2969,7,InternationalFalls,0.8500000000000001,0.30000000000000004,2993.3576799999996,253.23331999999996,243.82732999999996,3490.4183299999995
2970,7,InternationalFalls,0.8500000000000001,0.35000000000000003,2916.3709,271.03186,255.10184999999998,3442.50461
2971,7,InternationalFalls,0.8500000000000001,0.45,2773.73328,307.19899999999996,278.75933999999995,3359.69162
2972,7,InternationalFalls,0.8500000000000001,0.4,2840.7061799999997,289.05208999999996,266.85142,3396.60969
2973,7,InternationalFalls,0.8500000000000001,0.55,2643.5751299999997,341.7193,303.87365,3289.16808
2974,7,InternationalFalls,0.8500000000000001,0.5,2706.2785299999996,324.14244999999994,291.23731999999995,3321.658299999999
2975,7,InternationalFalls,0.8500000000000001,0.6000000000000001,2579.90484,357.77599,316.50998,3254.19081
2976,7,InternationalFalls,0.8500000000000001,0.65,2512.0488,376.90467,331.55323,3220.5067
2977,7,InternationalFalls,0.8500000000000001,0.7000000000000001,2458.70293,392.45464,344.15789,3195.31546
2978,7,InternationalFalls,0.8500000000000001,0.75,2408.4282,409.20807,357.33261,3174.96888
2979,7,InternationalFalls,0.8500000000000001,0.8500000000000001,2310.88165,443.12663999999995,385.51891,3139.5271999999995
2980,7,InternationalFalls,0.8500000000000001,0.8,2358.5777199999998,426.81659,371.36242,3156.7567299999996
2981,7,InternationalFalls,0.8500000000000001,0.9500000000000001,2222.0360599999995,478.18533,414.5286299999999,3114.7500199999995
2982,7,InternationalFalls,0.8500000000000001,0.9,2264.5482399999996,460.35512,400.05544,3124.9588
2983,7,InternationalFalls,0.8,0.01,3568.2272199999993,157.27321999999998,203.89145999999997,3929.391899999999
2984,7,InternationalFalls,0.8,0.15000000000000002,3159.6657199999995,203.41641,213.04408999999998,3576.126219999999
2985,7,InternationalFalls,0.8,0.1,3286.1928999999996,184.35107,207.43849999999998,3677.98247
2986,7,InternationalFalls,0.8,0.25,2959.9880999999996,235.87816,230.55759999999998,3426.42386
2987,7,InternationalFalls,0.8,0.2,3050.6002,219.7898,220.39153,3490.7815299999997
2988,7,InternationalFalls,0.8,0.30000000000000004,2873.2055199999995,253.9934,241.29372999999998,3368.4926499999992
2989,7,InternationalFalls,0.8,0.35000000000000003,2794.6518199999996,271.91862,252.85327999999998,3319.4237199999993
2990,7,InternationalFalls,0.8,0.45,2652.20826,308.24411,277.17584,3237.62821
2991,7,InternationalFalls,0.8,0.4,2720.9806099999996,290.03386,264.88788,3275.9023499999994
2992,7,InternationalFalls,0.8,0.55,2524.1452200000003,343.20779,303.0819,3170.4349100000004
2993,7,InternationalFalls,0.8,0.5,2587.1478899999997,325.34591,290.0972,3202.591
2994,7,InternationalFalls,0.8,0.6000000000000001,2464.76866,359.20114,316.03493,3140.00473
2995,7,InternationalFalls,0.8,0.65,2395.8332899999996,378.67819,331.61656999999997,3106.12805
2996,7,InternationalFalls,0.8,0.7000000000000001,2343.0757599999997,395.65331,344.60127,3083.33034
2997,7,InternationalFalls,0.8,0.75,2291.62754,411.0766,358.15603,3060.86017
2998,7,InternationalFalls,0.8,0.8500000000000001,2197.3379,447.24373999999995,387.35577,3031.93741
2999,7,InternationalFalls,0.8,0.8,2242.91378,428.90681,372.59755,3044.4181399999998
3000,7,InternationalFalls,0.8,0.9500000000000001,2109.52148,482.87248999999997,416.84054,3009.2345100000002
3001,7,InternationalFalls,0.8,0.9,2150.73604,464.75725,402.14565999999996,3017.63895
3002,7,InternationalFalls,0.9500000000000001,0.01,3964.37133,157.33656,213.42413,4335.13202
3003,7,InternationalFalls,0.9500000000000001,0.15000000000000002,3524.17512,200.47109999999998,223.05181000000002,3947.6980299999996
3004,7,InternationalFalls,0.9500000000000001,0.1,3660.61756,182.67255999999998,218.68134999999998,4061.97147
3005,7,InternationalFalls,0.9500000000000001,0.25,3306.8143699999996,234.45300999999998,238.82347,3780.0908499999996
3006,7,InternationalFalls,0.9500000000000001,0.2,3405.85707,217.19286,230.14588999999998,3853.19582
3007,7,InternationalFalls,0.9500000000000001,0.30000000000000004,3221.2248299999997,252.18820999999997,249.17956,3722.5925999999995
3008,7,InternationalFalls,0.9500000000000001,0.35000000000000003,3143.7264399999995,270.27178,259.97903,3673.9772499999995
3009,7,InternationalFalls,0.9500000000000001,0.45,3001.57981,305.6155,282.52806999999996,3589.72338
3010,7,InternationalFalls,0.9500000000000001,0.4,3070.03865,287.62693999999993,271.15854,3628.82413
3011,7,InternationalFalls,0.9500000000000001,0.55,2867.09307,339.28070999999994,306.18556,3512.55934
3012,7,InternationalFalls,0.9500000000000001,0.5,2930.77484,322.4006,294.24597,3547.42141
3013,7,InternationalFalls,0.9500000000000001,0.6000000000000001,2807.15665,355.14738,317.9668,3480.27083
3014,7,InternationalFalls,0.9500000000000001,0.65,2738.57815,373.92769,332.28164,3444.78748
3015,7,InternationalFalls,0.9500000000000001,0.7000000000000001,2684.7957,388.55922999999996,344.03121,3417.38614
3016,7,InternationalFalls,0.9500000000000001,0.75,2632.55254,403.66581999999994,356.44584999999995,3392.66421
3017,7,InternationalFalls,0.9500000000000001,0.8500000000000001,2534.13942,437.5843899999999,383.27034,3354.99415
3018,7,InternationalFalls,0.9500000000000001,0.8,2581.96706,421.1476599999999,369.74724999999995,3372.86197
3019,7,InternationalFalls,0.9500000000000001,0.9500000000000001,2442.0128999999997,469.69777,410.28485,3321.9955199999995
3020,7,InternationalFalls,0.9500000000000001,0.9,2487.6111,452.91266999999993,396.73008999999996,3337.25386
3021,7,InternationalFalls,0.9,0.01,3837.0759900000003,156.73483,210.25713,4204.067950000001
3022,7,InternationalFalls,0.9,0.15000000000000002,3405.7641699999995,201.54788,219.85314,3827.1651899999997
3023,7,InternationalFalls,0.9,0.1,3538.5753999999997,183.02093,214.88094999999996,3936.4772799999996
3024,7,InternationalFalls,0.9,0.25,3196.55175,234.95972999999998,235.9415,3667.45298
3025,7,InternationalFalls,0.9,0.2,3295.2911400000003,217.85793,226.82054,3739.9696100000006
3026,7,InternationalFalls,0.9,0.30000000000000004,3107.5025299999998,252.56824999999998,246.45593999999997,3606.5267199999994
3027,7,InternationalFalls,0.9,0.35000000000000003,3031.7651199999996,270.62014999999997,257.50876999999997,3559.8940399999997
3028,7,InternationalFalls,0.9,0.45,2886.6055899999997,306.2489,280.56453,3473.41902
3029,7,InternationalFalls,0.9,0.4,2955.29866,288.35535,268.8783,3512.5323099999996
3030,7,InternationalFalls,0.9,0.55,2756.92759,340.67418999999995,304.91875999999996,3402.52054
3031,7,InternationalFalls,0.9,0.5,2820.15769,323.09734,292.66247,3435.9174999999996
3032,7,InternationalFalls,0.9,0.6000000000000001,2697.2953299999995,356.09747999999996,317.11170999999996,3370.5045199999995
3033,7,InternationalFalls,0.9,0.65,2629.60189,375.32117,331.80658999999997,3336.72965
3034,7,InternationalFalls,0.9,0.7000000000000001,2574.9917699999996,390.58610999999996,343.96787,3309.5457499999998
3035,7,InternationalFalls,0.9,0.75,2522.83108,406.48445,356.76255,3286.0780799999998
3036,7,InternationalFalls,0.9,0.8500000000000001,2422.17343,439.80129,384.31544999999994,3246.2901699999998
3037,7,InternationalFalls,0.9,0.8,2471.5254800000002,423.71293,370.60233999999997,3265.8407500000003
3038,7,InternationalFalls,0.9,0.9500000000000001,2333.12294,474.4166,412.21671999999995,3219.75626
3039,7,InternationalFalls,0.9,0.9,2376.27596,455.92132,398.15524,3230.35252
3040,1A,Miami,0.01,0.01,2.63753,1596.86474,211.17556000000002,1810.67783
3041,1A,Miami,0.01,0.15000000000000002,1.55948,1846.01263,259.94736,2107.5194699999997
3042,1A,Miami,0.01,0.1,2.08894,1763.4172699999997,241.9588,2007.46501
3043,1A,Miami,0.01,0.25,1.2159999999999997,1992.80308,293.80258999999995,2287.82167
3044,1A,Miami,0.01,0.2,1.34438,1919.07532,276.92247999999995,2197.3421799999996
3045,1A,Miami,0.01,0.30000000000000004,1.15181,2067.1009,311.47445,2379.72716
3046,1A,Miami,0.01,0.35000000000000003,1.06679,2139.68854,328.67125999999996,2469.42659
3047,1A,Miami,0.01,0.45,0.9292699999999998,2298.7669499999997,362.08311,2661.77933
3048,1A,Miami,0.01,0.4,0.9926099999999999,2218.76853,345.77306,2565.5341999999996
3049,1A,Miami,0.01,0.55,0.85509,2450.37124,392.26462,2843.49095
3050,1A,Miami,0.01,0.5,0.88676,2375.66171,377.28470999999996,2753.8331799999996
3051,1A,Miami,0.01,0.6000000000000001,0.8234199999999999,2526.28423,407.05451,2934.1621600000003
3052,1A,Miami,0.01,0.65,0.79175,2601.0254299999997,421.62271,3023.4398899999997
3053,1A,Miami,0.01,0.7000000000000001,0.76008,2674.94321,436.31759,3112.02088
3054,1A,Miami,0.01,0.75,0.72841,2747.65753,450.85412,3199.24006
3055,1A,Miami,0.01,0.8500000000000001,0.6967399999999999,2894.6696699999998,479.89551,3375.2619199999995
3056,1A,Miami,0.01,0.8,0.72841,2822.1453699999997,465.42232,3288.2961
3057,1A,Miami,0.01,0.9500000000000001,0.6650699999999999,3038.76817,508.87356,3548.3068
3058,1A,Miami,0.01,0.9,0.6967399999999999,2967.0356199999997,494.33702999999997,3462.0693899999997
3059,1A,Miami,0.05,0.01,2.8067200000000003,1592.1142399999999,209.40204,1804.3229999999999
3060,1A,Miami,0.05,0.15000000000000002,1.64365,1841.2304599999998,258.17384,2101.0479499999997
3061,1A,Miami,0.05,0.1,2.19394,1758.4134099999999,240.09027,2000.69762
3062,1A,Miami,0.05,0.25,1.31101,1986.78578,291.87071999999995,2279.96751
3063,1A,Miami,0.05,0.2,1.4393899999999997,1913.7864299999999,274.92726999999996,2190.15309
3064,1A,Miami,0.05,0.30000000000000004,1.21515,2060.98859,309.28921999999994,2371.49296
3065,1A,Miami,0.05,0.35000000000000003,1.1617999999999997,2132.9745,326.10598999999996,2460.2422899999997
3066,1A,Miami,0.05,0.45,1.0242799999999999,2290.9444599999997,359.04278999999997,2651.0115299999998
3067,1A,Miami,0.05,0.4,1.08762,2211.23107,342.95443,2555.27312
3068,1A,Miami,0.05,0.55,0.9184299999999999,2441.0602599999997,389.06595,2831.04464
3069,1A,Miami,0.05,0.5,0.9817699999999999,2366.31906,374.18104999999997,2741.48188
3070,1A,Miami,0.05,0.6000000000000001,0.88676,2516.1814999999997,403.88750999999996,2920.9557699999996
3071,1A,Miami,0.05,0.65,0.85509,2590.6376699999996,418.45570999999995,3009.9484699999994
3072,1A,Miami,0.05,0.7000000000000001,0.8234199999999999,2664.8088099999995,433.11891999999995,3098.7511499999996
3073,1A,Miami,0.05,0.75,0.79175,2737.30144,447.59211,3185.6853
3074,1A,Miami,0.05,0.8500000000000001,0.76008,2882.79342,476.57015999999993,3360.1236599999997
3075,1A,Miami,0.05,0.8,0.79175,2809.88908,461.93862,3272.6194499999997
3076,1A,Miami,0.05,0.9500000000000001,0.72841,3025.94182,505.19984,3531.87007
3077,1A,Miami,0.05,0.9,0.76008,2954.8109999999997,490.78999,3446.36107
3078,1A,Miami,0.15000000000000002,0.01,3.48263,1583.30998,206.01334999999997,1792.80596
3079,1A,Miami,0.15000000000000002,0.15000000000000002,1.97034,1831.7294599999998,254.65846999999997,2088.3582699999997
3080,1A,Miami,0.15000000000000002,0.1,2.52977,1748.2156699999998,236.54322999999997,1987.28867
3081,1A,Miami,0.15000000000000002,0.25,1.5852,1974.14945,287.81696,2263.55161
3082,1A,Miami,0.15000000000000002,0.2,1.74525,1903.24032,271.00019,2175.98576
3083,1A,Miami,0.15000000000000002,0.30000000000000004,1.52101,2047.68719,304.38036999999997,2353.58857
3084,1A,Miami,0.15000000000000002,0.35000000000000003,1.4468299999999998,2117.99459,320.43706000000003,2439.87848
3085,1A,Miami,0.15000000000000002,0.45,1.2776399999999999,2273.14592,352.26541,2626.6889699999997
3086,1A,Miami,0.15000000000000002,0.4,1.37265,2195.45941,336.30373,2533.13579
3087,1A,Miami,0.15000000000000002,0.55,1.1717899999999999,2420.60144,382.22522999999995,2803.99846
3088,1A,Miami,0.15000000000000002,0.5,1.2143,2347.47541,367.49868,2716.1883900000003
3089,1A,Miami,0.15000000000000002,0.6000000000000001,1.10845,2494.9942699999997,396.85677,2892.9594899999997
3090,1A,Miami,0.15000000000000002,0.65,1.07678,2568.8803799999996,411.3933,2981.3504599999997
3091,1A,Miami,0.15000000000000002,0.7000000000000001,1.01344,2640.48625,425.89815999999996,3067.3978500000003
3092,1A,Miami,0.15000000000000002,0.75,0.9817699999999999,2713.23224,440.18133,3154.3953399999996
3093,1A,Miami,0.15000000000000002,0.8500000000000001,0.9501,2857.1723899999997,468.74766999999997,3326.8701599999995
3094,1A,Miami,0.15000000000000002,0.8,0.9817699999999999,2784.23638,454.49616999999995,3239.7143199999996
3095,1A,Miami,0.15000000000000002,0.9500000000000001,0.9184299999999999,2998.00888,497.44068999999996,3496.368
3096,1A,Miami,0.15000000000000002,0.9,0.9184299999999999,2926.7513799999997,482.93583,3410.6056399999998
3097,1A,Miami,0.1,0.01,3.07092,1587.2053899999999,207.59685,1797.8731599999996
3098,1A,Miami,0.1,0.15000000000000002,1.79116,1836.0682499999998,256.27364,2094.13305
3099,1A,Miami,0.1,0.1,2.31977,1752.80782,238.1584,1993.28599
3100,1A,Miami,0.1,0.25,1.42685,1980.3567699999996,289.68548999999996,2271.4691099999995
3101,1A,Miami,0.1,0.2,1.5660699999999999,1908.08583,272.83705,2182.48895
3102,1A,Miami,0.1,0.30000000000000004,1.33099,2053.4827999999998,306.85062999999997,2361.6644199999996
3103,1A,Miami,0.1,0.35000000000000003,1.2884799999999998,2125.53205,323.09734,2449.9178699999998
3104,1A,Miami,0.1,0.45,1.11929,2281.15843,355.49575,2637.77347
3105,1A,Miami,0.1,0.4,1.2143,2203.25023,339.47072999999995,2543.93526
3106,1A,Miami,0.1,0.55,1.01344,2429.9124199999997,385.58225,2816.5081099999998
3107,1A,Miami,0.1,0.5,1.08762,2356.53303,370.66568,2728.28633
3108,1A,Miami,0.1,0.6000000000000001,0.9817699999999999,2504.8436399999996,400.21379,2906.0391999999993
3109,1A,Miami,0.1,0.65,0.9501,2579.48983,414.81365999999997,2995.25359
3110,1A,Miami,0.1,0.7000000000000001,0.9184299999999999,2652.6475299999997,429.41353,3082.9794899999997
3111,1A,Miami,0.1,0.75,0.88676,2724.76012,443.79170999999997,3169.4385899999997
3112,1A,Miami,0.1,0.8500000000000001,0.85509,2869.3970099999997,472.48472999999996,3342.73683
3113,1A,Miami,0.1,0.8,0.85509,2795.98595,457.97987,3254.82091
3114,1A,Miami,0.1,0.9500000000000001,0.8234199999999999,3011.5953099999997,501.24109,3513.65982
3115,1A,Miami,0.1,0.9,0.8234199999999999,2939.89443,486.79957,3427.51742
3116,1A,Miami,0.25,0.01,4.5602599999999995,1577.5143699999999,203.66977,1785.7443999999998
3117,1A,Miami,0.25,0.15000000000000002,2.5928999999999998,1825.33212,252.25155,2080.17657
3118,1A,Miami,0.25,0.1,3.2148199999999996,1742.2933799999998,234.07296999999997,1979.5811699999997
3119,1A,Miami,0.25,0.25,2.10276,1965.9469199999999,284.33326,2252.38294
3120,1A,Miami,0.25,0.2,2.29448,1896.0195599999997,268.30823999999996,2166.6222799999996
3121,1A,Miami,0.25,0.30000000000000004,1.9544,2036.7610399999999,300.19993,2338.9153699999997
3122,1A,Miami,0.25,0.35000000000000003,1.83771,2107.67017,315.36985999999996,2424.8777399999994
3123,1A,Miami,0.25,0.45,1.62601,2260.6045999999997,347.00818999999996,2609.2387999999996
3124,1A,Miami,0.25,0.4,1.73186,2181.58795,330.95149999999995,2514.27131
3125,1A,Miami,0.25,0.55,1.4884899999999999,2405.71654,376.65131,2783.8563400000003
3126,1A,Miami,0.25,0.5,1.5626699999999998,2331.8937699999997,361.89309,2695.3495299999995
3127,1A,Miami,0.25,0.6000000000000001,1.42515,2478.01915,391.18783999999994,2870.63214
3128,1A,Miami,0.25,0.65,1.3934799999999998,2549.56168,405.43934,2956.3945
3129,1A,Miami,0.25,0.7000000000000001,1.3301399999999999,2621.29423,419.78585000000004,3042.41022
3130,1A,Miami,0.25,0.75,1.2668,2692.9001,434.06901999999997,3128.2359199999996
3131,1A,Miami,0.25,0.8500000000000001,1.20346,2834.2116399999995,462.31865999999997,3297.7337599999996
3132,1A,Miami,0.25,0.8,1.23513,2763.08082,448.1305,3212.4464500000004
3133,1A,Miami,0.25,0.9500000000000001,1.1717899999999999,2973.65465,490.47328999999996,3465.2997299999997
3134,1A,Miami,0.25,0.9,1.20346,2903.8223,476.41181,3381.43757
3135,1A,Miami,0.2,0.01,4.01103,1580.11131,204.74655,1788.86889
3136,1A,Miami,0.2,0.15000000000000002,2.25537,1827.73904,253.29666,2083.29107
3137,1A,Miami,0.2,0.1,2.8672999999999997,1745.1120099999998,235.24475999999999,1983.2240699999998
3138,1A,Miami,0.2,0.25,1.81773,1969.5572999999997,286.10678,2257.4818099999998
3139,1A,Miami,0.2,0.2,2.0094499999999997,1899.0598799999998,269.54337,2170.6126999999997
3140,1A,Miami,0.2,0.30000000000000004,1.7010399999999999,2041.00482,302.16346999999996,2344.86933
3141,1A,Miami,0.2,0.35000000000000003,1.61602,2112.32566,317.71343999999993,2431.65512
3142,1A,Miami,0.2,0.45,1.4359899999999999,2266.68524,349.54179,2617.66302
3143,1A,Miami,0.2,0.4,1.5418399999999999,2187.0035199999998,333.39009,2521.9354499999995
3144,1A,Miami,0.2,0.55,1.3301399999999999,2412.71561,379.27992,2793.32567
3145,1A,Miami,0.2,0.5,1.37265,2339.58958,364.49003,2705.4522599999996
3146,1A,Miami,0.2,0.6000000000000001,1.2668,2485.58828,393.9748,2880.82988
3147,1A,Miami,0.2,0.65,1.20346,2559.2527,408.28963999999996,2968.7458
3148,1A,Miami,0.2,0.7000000000000001,1.1717899999999999,2629.8451299999997,422.5411399999999,3053.5580599999994
3149,1A,Miami,0.2,0.75,1.10845,2702.3060899999996,436.88764999999995,3140.30219
3150,1A,Miami,0.2,0.8500000000000001,1.07678,2844.5360599999995,465.29563999999993,3310.908479999999
3151,1A,Miami,0.2,0.8,1.10845,2773.31023,451.20248999999995,3225.6211700000003
3152,1A,Miami,0.2,0.9500000000000001,1.04511,2985.5308999999997,493.67195999999996,3480.24797
3153,1A,Miami,0.2,0.9,1.04511,2914.4317499999997,479.4838,3394.9606599999997
3154,1A,Miami,0.30000000000000004,0.01,5.17198,1575.5825,202.71967,1783.47415
3155,1A,Miami,0.30000000000000004,0.15000000000000002,2.90875,1825.83884,251.96652,2080.71411
3156,1A,Miami,0.30000000000000004,0.1,3.57233,1741.5966399999998,233.53457999999998,1978.7035499999997
3157,1A,Miami,0.30000000000000004,0.25,2.3344399999999994,1969.39895,284.49161,2256.225
3158,1A,Miami,0.30000000000000004,0.2,2.57866,1897.9514299999998,268.33991,2168.87
3159,1A,Miami,0.30000000000000004,0.30000000000000004,2.18608,2041.2898499999997,300.07325,2343.5491799999995
3160,1A,Miami,0.30000000000000004,0.35000000000000003,2.0485599999999997,2113.90916,315.49654,2431.4542600000004
3161,1A,Miami,0.30000000000000004,0.45,1.8476999999999997,2257.31092,345.74138999999997,2604.90001
3162,1A,Miami,0.30000000000000004,0.4,1.9427099999999997,2184.5332599999997,330.66646999999995,2517.1424399999996
3163,1A,Miami,0.30000000000000004,0.55,1.67851,2399.38254,374.27606,2775.3371100000004
3164,1A,Miami,0.30000000000000004,0.5,1.78436,2327.3016199999997,360.62629,2689.71227
3165,1A,Miami,0.30000000000000004,0.6000000000000001,1.61517,2471.55847,388.74924999999996,2861.92289
3166,1A,Miami,0.30000000000000004,0.65,1.5518299999999998,2541.9608799999996,402.90574,2946.4184499999997
3167,1A,Miami,0.30000000000000004,0.7000000000000001,1.4884899999999999,2612.8700099999996,417.18890999999996,3031.5474099999997
3168,1A,Miami,0.30000000000000004,0.75,1.45682,2684.4442099999997,431.3453999999999,3117.2464299999992
3169,1A,Miami,0.30000000000000004,0.8500000000000001,1.3934799999999998,2825.94577,459.46836,3286.80761
3170,1A,Miami,0.30000000000000004,0.8,1.42515,2754.2132199999996,445.40687999999994,3201.0452499999997
3171,1A,Miami,0.30000000000000004,0.9500000000000001,1.3301399999999999,2962.4751399999996,487.14793999999995,3450.9532199999994
3172,1A,Miami,0.30000000000000004,0.9,1.36181,2893.9095899999998,473.56151,3368.8329099999996
3173,1A,Miami,0.35000000000000003,0.01,5.93206,1574.0306699999999,201.92791999999997,1781.8906499999998
3174,1A,Miami,0.35000000000000003,0.15000000000000002,3.30962,1824.92041,251.30144999999996,2079.53148
3175,1A,Miami,0.35000000000000003,0.1,4.0148600000000005,1740.3615099999997,232.74282999999997,1977.1191999999996
3176,1A,Miami,0.35000000000000003,0.25,2.7144799999999996,1967.40374,283.00311999999997,2253.12134
3177,1A,Miami,0.35000000000000003,0.2,2.9587,1896.49461,267.2948,2166.74811
3178,1A,Miami,0.35000000000000003,0.30000000000000004,2.5236099999999997,2038.5028899999998,298.29972999999995,2339.3262299999997
3179,1A,Miami,0.35000000000000003,0.35000000000000003,2.3652599999999997,2110.45713,313.56467,2426.38706
3180,1A,Miami,0.35000000000000003,0.45,2.10106,2252.84545,343.71450999999996,2598.6610199999996
3181,1A,Miami,0.35000000000000003,0.4,2.23858,2180.57451,328.63958999999994,2511.45268
3182,1A,Miami,0.35000000000000003,0.55,1.8685299999999998,2393.46025,372.15417,2767.4829500000005
3183,1A,Miami,0.35000000000000003,0.5,2.00605,2322.70947,358.5044,2683.2199199999995
3184,1A,Miami,0.35000000000000003,0.6000000000000001,1.8368599999999997,2464.33771,386.46900999999997,2852.6435799999995
3185,1A,Miami,0.35000000000000003,0.65,1.77352,2535.31018,400.68883999999997,2937.77254
3186,1A,Miami,0.35000000000000003,0.7000000000000001,1.71018,2605.8075999999996,414.84533,3022.36311
3187,1A,Miami,0.35000000000000003,0.75,1.6468399999999999,2675.70329,428.8118,3106.1619299999998
3188,1A,Miami,0.35000000000000003,0.8500000000000001,1.5518299999999998,2816.3180899999998,456.83975,3274.7096699999997
3189,1A,Miami,0.35000000000000003,0.8,1.61517,2746.4224,442.90494999999993,3190.94252
3190,1A,Miami,0.35000000000000003,0.9500000000000001,1.4884899999999999,2951.89736,484.48765999999995,3437.87351
3191,1A,Miami,0.35000000000000003,0.9,1.52016,2883.7118499999997,470.83788999999996,3356.0698999999995
3192,1A,Miami,0.45,0.01,7.758929999999999,1572.00379,200.75612999999998,1780.51885
3193,1A,Miami,0.45,0.15000000000000002,4.31222,1824.47703,250.25633999999997,2079.04559
3194,1A,Miami,0.45,0.1,5.1432899999999995,1739.12638,231.91941,1976.1890799999999
3195,1A,Miami,0.45,0.25,3.58041,1965.1551699999998,280.62787,2249.36345
3196,1A,Miami,0.45,0.2,3.8771299999999997,1894.8794400000002,265.52128,2164.2778500000004
3197,1A,Miami,0.45,0.30000000000000004,3.3370399999999996,2035.39923,295.57610999999997,2334.31238
3198,1A,Miami,0.45,0.35000000000000003,3.1253399999999996,2106.055,310.49268,2419.6730199999997
3199,1A,Miami,0.45,0.45,2.7977999999999996,2246.13141,340.32581999999996,2589.25503
3200,1A,Miami,0.45,0.4,2.95615,2175.0955999999996,325.47258999999997,2503.5243399999995
3201,1A,Miami,0.45,0.55,2.5019299999999998,2384.05426,368.38543999999996,2754.94163
3202,1A,Miami,0.45,0.5,2.6602799999999998,2315.0769999999998,354.89402,2672.6313
3203,1A,Miami,0.45,0.6000000000000001,2.37525,2453.98162,382.60526999999996,2838.96214
3204,1A,Miami,0.45,0.65,2.2802399999999996,2524.51071,396.66675,2923.4577
3205,1A,Miami,0.45,0.7000000000000001,2.2169,2593.3929599999997,410.53820999999994,3006.1480699999993
3206,1A,Miami,0.45,0.75,2.12189,2663.03529,424.56802,3089.7252
3207,1A,Miami,0.45,0.8500000000000001,2.02688,2801.2115,452.27927,3255.51765
3208,1A,Miami,0.45,0.8,2.05855,2732.2342399999998,438.53448999999995,3172.82728
3209,1A,Miami,0.45,0.9500000000000001,1.9635399999999998,2933.71878,479.19876999999997,3414.8810900000003
3210,1A,Miami,0.45,0.9,1.99521,2867.4968099999996,466.0873899999999,3335.5794099999994
3211,1A,Miami,0.4,0.01,6.81882,1572.8905499999998,201.26285,1780.9722199999999
3212,1A,Miami,0.4,0.15000000000000002,3.77383,1824.192,250.79473,2078.76056
3213,1A,Miami,0.4,0.1,4.5524,1739.44308,232.29944999999998,1976.29493
3214,1A,Miami,0.4,0.25,3.1153499999999994,1965.9152499999998,281.67298,2250.70358
3215,1A,Miami,0.4,0.2,3.39124,1895.1327999999999,266.43971,2164.96375
3216,1A,Miami,0.4,0.30000000000000004,2.90365,2036.6977,296.87458,2336.47593
3217,1A,Miami,0.4,0.35000000000000003,2.7136299999999998,2108.01854,311.91783,2422.65
3218,1A,Miami,0.4,0.45,2.44943,2249.4250899999997,341.90932,2593.78384
3219,1A,Miami,0.4,0.4,2.54444,2177.4708499999997,326.92941,2506.9447
3220,1A,Miami,0.4,0.55,2.18523,2388.13969,370.15896,2760.4838799999998
3221,1A,Miami,0.4,0.5,2.3227499999999996,2318.4340199999997,356.60419999999993,2677.3609699999993
3222,1A,Miami,0.4,0.6000000000000001,2.05855,2458.60544,384.37879,2845.0427799999998
3223,1A,Miami,0.4,0.65,1.99521,2529.8312699999997,398.63029,2930.45677
3224,1A,Miami,0.4,0.7000000000000001,1.9318699999999998,2598.80853,412.59675999999996,3013.3371599999996
3225,1A,Miami,0.4,0.75,1.8685299999999998,2668.76756,426.56323,3097.1993199999997
3226,1A,Miami,0.4,0.8500000000000001,1.77352,2808.62228,454.4645,3264.8603000000003
3227,1A,Miami,0.4,0.8,1.8051899999999999,2738.5365699999998,440.62470999999994,3180.96647
3228,1A,Miami,0.4,0.9500000000000001,1.71018,2942.83974,481.66902999999996,3426.21895
3229,1A,Miami,0.4,0.9,1.7418500000000001,2875.44598,468.3676299999999,3345.5554599999996
3230,1A,Miami,0.55,0.01,9.85999,1571.1170299999999,199.99605,1780.9730699999998
3231,1A,Miami,0.55,0.15000000000000002,5.56818,1825.99719,249.49625999999998,2081.06163
3232,1A,Miami,0.55,0.1,6.52508,1739.75978,231.60270999999997,1977.8875699999999
3233,1A,Miami,0.55,0.25,4.593849999999999,1965.6302199999998,279.04436999999996,2249.26844
3234,1A,Miami,0.55,0.2,4.97474,1894.7210899999998,264.06446,2163.7602899999997
3235,1A,Miami,0.55,0.30000000000000004,4.32965,2034.41746,293.64423999999997,2332.39135
3236,1A,Miami,0.55,0.35000000000000003,4.054609999999999,2103.67975,308.27578,2416.01014
3237,1A,Miami,0.55,0.45,3.6212199999999997,2242.236,337.66554,2583.52276
3238,1A,Miami,0.55,0.4,3.8220799999999997,2173.1003899999996,323.06567,2499.9881399999995
3239,1A,Miami,0.55,0.55,3.26201,2377.8152699999996,365.44012999999995,2746.5174099999995
3240,1A,Miami,0.55,0.5,3.46287,2310.35817,352.10706,2665.9280999999996
3241,1A,Miami,0.55,0.6000000000000001,3.1036599999999996,2446.91921,379.53328,2829.5561500000003
3242,1A,Miami,0.55,0.65,3.00865,2515.57977,393.59476,2912.18318
3243,1A,Miami,0.55,0.7000000000000001,2.88197,2582.5934899999997,407.27619999999996,2992.7516599999994
3244,1A,Miami,0.55,0.75,2.7869599999999997,2651.79244,421.0526499999999,3075.63205
3245,1A,Miami,0.55,0.8500000000000001,2.6286099999999997,2788.3218099999995,448.41553,3239.3659499999994
3246,1A,Miami,0.55,0.8,2.72362,2720.26298,434.73409,3157.72069
3247,1A,Miami,0.55,0.9500000000000001,2.5336,2917.25038,474.54328,3394.32726
3248,1A,Miami,0.55,0.9,2.56527,2854.63879,462.00195999999994,3319.20602
3249,1A,Miami,0.5,0.01,8.77237,1571.59208,200.34441999999999,1780.7088699999997
3250,1A,Miami,0.5,0.15000000000000002,4.90311,1824.85707,249.87630000000001,2079.63648
3251,1A,Miami,0.5,0.1,5.80751,1739.28473,231.69771999999998,1976.78996
3252,1A,Miami,0.5,0.25,4.087129999999999,1965.37686,279.77278,2249.23677
3253,1A,Miami,0.5,0.2,4.40468,1894.8477699999996,264.7612,2164.01365
3254,1A,Miami,0.5,0.30000000000000004,3.8120899999999995,2034.51247,294.531,2332.85556
3255,1A,Miami,0.5,0.35000000000000003,3.56872,2104.9465499999997,309.28921999999994,2417.80449
3256,1A,Miami,0.5,0.45,3.1778399999999998,2243.43946,338.86899999999997,2585.4863
3257,1A,Miami,0.5,0.4,3.36786,2173.38542,324.11078,2500.86406
3258,1A,Miami,0.5,0.55,2.8503,2380.06384,366.77027,2749.68441
3259,1A,Miami,0.5,0.5,3.04032,2311.78332,353.37386,2668.1975
3260,1A,Miami,0.5,0.6000000000000001,2.72362,2450.2445599999996,380.95843,2833.92661
3261,1A,Miami,0.5,0.65,2.6286099999999997,2519.8868899999998,395.05157999999994,2917.56708
3262,1A,Miami,0.5,0.7000000000000001,2.5336,2587.28065,408.70135,2998.5156
3263,1A,Miami,0.5,0.75,2.43859,2657.33469,422.66782,3082.4411000000005
3264,1A,Miami,0.5,0.8500000000000001,2.3119099999999997,2794.8775,450.34739999999994,3247.53681
3265,1A,Miami,0.5,0.8,2.37525,2725.2985099999996,436.53927999999996,3164.2130399999996
3266,1A,Miami,0.5,0.9500000000000001,2.2169,2924.81951,476.69684,3403.7332499999998
3267,1A,Miami,0.5,0.9,2.2802399999999996,2860.56108,463.9021599999999,3326.74348
3268,1A,Miami,0.6000000000000001,0.01,10.947609999999997,1571.05369,199.67934999999997,1781.6806499999998
3269,1A,Miami,0.6000000000000001,0.15000000000000002,6.24409,1827.4856799999998,249.14789,2082.8776599999997
3270,1A,Miami,0.6000000000000001,0.1,7.3059899999999995,1740.86823,231.38102,1979.5552400000001
3271,1A,Miami,0.6000000000000001,0.25,5.1747499999999995,1965.9152499999998,278.50597999999997,2249.5959799999996
3272,1A,Miami,0.6000000000000001,0.2,5.61898,1895.8612099999998,263.58941,2165.0696
3273,1A,Miami,0.6000000000000001,0.30000000000000004,4.84721,2035.2092099999998,292.91582999999997,2332.97225
3274,1A,Miami,0.6000000000000001,0.35000000000000003,4.55134,2104.05979,307.5157,2416.1268299999997
3275,1A,Miami,0.6000000000000001,0.45,4.10711,2240.30413,336.65209999999996,2581.0633399999997
3276,1A,Miami,0.6000000000000001,0.4,4.30797,2172.81536,322.17891,2499.30224
3277,1A,Miami,0.6000000000000001,0.55,3.6737199999999994,2376.0734199999997,364.30001,2744.0471499999994
3278,1A,Miami,0.6000000000000001,0.5,3.9062499999999996,2308.4262999999996,351.03028,2663.3628299999996
3279,1A,Miami,0.6000000000000001,0.6000000000000001,3.51537,2444.38561,378.26647999999994,2826.1674599999997
3280,1A,Miami,0.6000000000000001,0.65,3.38869,2512.5394499999998,392.32795999999996,2908.2561
3281,1A,Miami,0.6000000000000001,0.7000000000000001,3.26201,2580.21824,405.9143899999999,2989.39464
3282,1A,Miami,0.6000000000000001,0.75,3.167,2647.67534,419.53249,3070.3748299999997
3283,1A,Miami,0.6000000000000001,0.8500000000000001,2.9769799999999997,2783.38129,446.83203,3233.1902999999998
3284,1A,Miami,0.6000000000000001,0.8,3.0719899999999996,2715.41747,433.15059,3151.64005
3285,1A,Miami,0.6000000000000001,0.9500000000000001,2.8503,2909.5229,472.5163999999999,3384.8896
3286,1A,Miami,0.6000000000000001,0.9,2.91364,2848.62149,460.19676999999996,3311.7319
3287,1A,Miami,0.65,0.01,12.171050000000001,1571.59208,199.55266999999998,1783.3157999999999
3288,1A,Miami,0.65,0.15000000000000002,6.9816400000000005,1833.0595999999998,249.62293999999997,2089.6641799999998
3289,1A,Miami,0.65,0.1,8.074359999999999,1745.68207,231.8244,1985.58083
3290,1A,Miami,0.65,0.25,5.79646,1979.18498,280.56453,2265.54597
3291,1A,Miami,0.65,0.2,6.272359999999999,1905.23553,264.85621,2176.3641
3292,1A,Miami,0.65,0.30000000000000004,5.43725,2051.04421,295.48109999999997,2351.96256
3293,1A,Miami,0.65,0.35000000000000003,5.12055,2120.17982,310.46101,2435.76138
3294,1A,Miami,0.65,0.45,4.602989999999999,2257.4692699999996,339.75576,2601.8280199999995
3295,1A,Miami,0.65,0.4,4.85635,2189.9804999999997,325.2509,2520.0877499999997
3296,1A,Miami,0.65,0.55,4.14877,2390.7999699999996,367.11863999999997,2762.0673799999995
3297,1A,Miami,0.65,0.5,4.37046,2325.65478,354.13393999999994,2684.1591799999997
3298,1A,Miami,0.65,0.6000000000000001,3.9587499999999998,2457.2753,381.02177,2842.2558199999994
3299,1A,Miami,0.65,0.65,3.8004,2526.72761,395.08324999999996,2925.61126
3300,1A,Miami,0.65,0.7000000000000001,3.6737199999999994,2592.88624,408.2263,3004.7862599999994
3301,1A,Miami,0.65,0.75,3.54704,2659.20322,421.5277,3084.27796
3302,1A,Miami,0.65,0.8500000000000001,3.35702,2792.4705799999997,448.35218999999995,3244.1797899999997
3303,1A,Miami,0.65,0.8,3.45203,2726.1852699999995,434.95578,3164.5930799999996
3304,1A,Miami,0.65,0.9500000000000001,3.19867,2919.43561,473.84654,3396.48082
3305,1A,Miami,0.65,0.9,3.26201,2857.01404,461.62191999999993,3321.89797
3306,1A,Miami,0.7000000000000001,0.01,13.42701,1572.6055199999998,199.48933,1785.5218599999998
3307,1A,Miami,0.7000000000000001,0.15000000000000002,7.688370000000001,1839.61529,250.25633999999997,2097.56
3308,1A,Miami,0.7000000000000001,0.1,8.876100000000001,1750.0842,232.26778,1991.2280799999999
3309,1A,Miami,0.7000000000000001,0.25,6.461529999999999,1994.2599,282.87643999999995,2283.59787
3310,1A,Miami,0.7000000000000001,0.2,6.95826,1916.6684,266.62973,2190.25639
3311,1A,Miami,0.7000000000000001,0.30000000000000004,6.03898,2068.9694299999996,298.45807999999994,2373.4664899999993
3312,1A,Miami,0.7000000000000001,0.35000000000000003,5.6906099999999995,2139.81522,313.91304,2459.41887
3313,1A,Miami,0.7000000000000001,0.45,5.14138,2277.8647499999997,343.52448999999996,2626.5306199999995
3314,1A,Miami,0.7000000000000001,0.4,5.39474,2210.2176299999996,328.92462,2544.5369899999996
3315,1A,Miami,0.7000000000000001,0.55,4.6554899999999995,2408.06012,370.76068999999995,2783.4763000000003
3316,1A,Miami,0.7000000000000001,0.5,4.87718,2344.8468,357.68098,2707.40496
3317,1A,Miami,0.7000000000000001,0.6000000000000001,4.4338,2473.23698,384.22043999999994,2861.89122
3318,1A,Miami,0.7000000000000001,0.65,4.24378,2544.6211599999997,398.4086,2947.2735399999992
3319,1A,Miami,0.7000000000000001,0.7000000000000001,4.08543,2607.4227699999997,410.91825,3022.42645
3320,1A,Miami,0.7000000000000001,0.75,3.9587499999999998,2670.92112,423.80794,3098.68781
3321,1A,Miami,0.7000000000000001,0.8500000000000001,3.7370599999999996,2802.1932699999998,450.06237000000004,3255.9927
3322,1A,Miami,0.7000000000000001,0.8,3.83207,2736.7313799999997,436.85598,3177.4194299999995
3323,1A,Miami,0.7000000000000001,0.9500000000000001,3.5787099999999996,2927.5748,475.24001999999996,3406.3935299999994
3324,1A,Miami,0.7000000000000001,0.9,3.6420499999999993,2866.00832,462.92038999999994,3332.5707599999996
3325,1A,Miami,0.75,0.01,14.788819999999998,1573.87232,199.55266999999998,1788.21381
3326,1A,Miami,0.75,0.15000000000000002,8.46928,1847.05774,251.23810999999998,2106.7651299999998
3327,1A,Miami,0.75,0.1,9.73034,1756.1965099999998,232.96452,1998.8913699999998
3328,1A,Miami,0.75,0.25,7.189939999999999,2010.4115999999997,285.69507,2303.2966099999994
3329,1A,Miami,0.75,0.2,7.6866699999999994,1929.2097199999998,268.68828,2205.5846699999997
3330,1A,Miami,0.75,0.30000000000000004,6.704049999999999,2087.8447499999997,301.97344999999996,2396.5222499999995
3331,1A,Miami,0.75,0.35000000000000003,6.3131699999999995,2161.28748,317.87179,2485.47244
3332,1A,Miami,0.75,0.45,5.7006,2300.35045,347.76827,2653.81932
3333,1A,Miami,0.75,0.4,5.9964699999999995,2231.3731900000002,333.07338999999996,2570.4430500000003
3334,1A,Miami,0.75,0.55,5.193879999999999,2429.78574,375.22616,2810.20578
3335,1A,Miami,0.75,0.5,5.44724,2365.4323,362.01977,2732.89931
3336,1A,Miami,0.75,0.6000000000000001,4.94052,2491.4789,388.02083999999996,2884.4402600000003
3337,1A,Miami,0.75,0.65,4.6871599999999995,2563.21145,402.14565999999996,2970.04427
3338,1A,Miami,0.75,0.7000000000000001,4.528809999999999,2622.7827199999997,413.92689999999993,3041.2384299999994
3339,1A,Miami,0.75,0.75,4.37046,2684.9826,426.40487999999993,3115.75794
3340,1A,Miami,0.75,0.8500000000000001,4.1171,2811.6625999999997,451.77254999999997,3267.5522499999997
3341,1A,Miami,0.75,0.8,4.24378,2749.01934,439.07287999999994,3192.3359999999993
3342,1A,Miami,0.75,0.9500000000000001,3.9270799999999997,2935.8089999999997,476.66516999999993,3416.4012499999994
3343,1A,Miami,0.75,0.9,4.0220899999999995,2874.14751,464.40887999999995,3342.5784799999997
3344,1A,Miami,0.8500000000000001,0.01,17.68078,1573.9356599999999,199.23596999999998,1790.8524099999997
3345,1A,Miami,0.8500000000000001,0.15000000000000002,10.26363,1849.6230099999998,250.79473,2110.68137
3346,1A,Miami,0.8500000000000001,0.1,11.7247,1758.98347,232.48946999999998,2003.1976399999999
3347,1A,Miami,0.8500000000000001,0.25,8.741769999999999,2020.03928,286.51849,2315.29954
3348,1A,Miami,0.8500000000000001,0.2,9.38601,1936.5571599999998,269.03665,2214.9798199999996
3349,1A,Miami,0.8500000000000001,0.30000000000000004,8.19254,2099.27762,303.20858,2410.67874
3350,1A,Miami,0.8500000000000001,0.35000000000000003,7.738319999999999,2173.79713,319.23359999999997,2500.76905
3351,1A,Miami,0.8500000000000001,0.45,6.97824,2312.98678,349.28843,2669.25345
3352,1A,Miami,0.8500000000000001,0.4,7.32661,2244.4529,334.65689,2586.4364000000005
3353,1A,Miami,0.8500000000000001,0.55,6.334,2441.757,376.90467,2824.99567
3354,1A,Miami,0.8500000000000001,0.5,6.6507,2377.91028,363.44491999999997,2748.0059
3355,1A,Miami,0.8500000000000001,0.6000000000000001,6.08064,2501.2965999999997,389.44599,2896.82323
3356,1A,Miami,0.8500000000000001,0.65,5.7006,2574.1375999999996,403.53914,2983.3773399999995
3357,1A,Miami,0.8500000000000001,0.7000000000000001,5.47891,2630.7002199999997,414.94034,3051.1194699999996
3358,1A,Miami,0.8500000000000001,0.75,5.288889999999999,2690.87322,426.72158,3122.8836899999997
3359,1A,Miami,0.8500000000000001,0.8500000000000001,4.97219,2813.43612,451.26583,3269.6741399999996
3360,1A,Miami,0.8500000000000001,0.8,5.13054,2752.62972,438.9462,3196.70646
3361,1A,Miami,0.8500000000000001,0.9500000000000001,4.7505,2935.36562,475.87341999999995,3415.98954
3362,1A,Miami,0.8500000000000001,0.9,4.84551,2874.9709299999995,463.6488,3343.4652399999995
3363,1A,Miami,0.8,0.01,16.2348,1573.33393,199.33097999999998,1788.89971
3364,1A,Miami,0.8,0.15000000000000002,9.38771,1845.9809599999999,250.47803,2105.8467
3365,1A,Miami,0.8,0.1,10.73294,1755.56311,232.33112,1998.6271700000002
3366,1A,Miami,0.8,0.25,7.981689999999999,2015.0987599999999,286.04344,2309.12389
3367,1A,Miami,0.8,0.2,8.53092,1931.90167,268.62494,2209.05753
3368,1A,Miami,0.8,0.30000000000000004,7.46413,2093.64036,302.67018999999993,2403.7746799999995
3369,1A,Miami,0.8,0.35000000000000003,7.04158,2168.66659,318.75855,2494.46672
3370,1A,Miami,0.8,0.45,6.334,2308.48964,348.90839,2663.7320299999997
3371,1A,Miami,0.8,0.4,6.66154,2239.57572,334.18183999999997,2580.4191
3372,1A,Miami,0.8,0.55,5.76394,2438.49499,376.873,2821.13193
3373,1A,Miami,0.8,0.5,6.04897,2373.8248499999995,363.19156,2743.065379999999
3374,1A,Miami,0.8,0.6000000000000001,5.51058,2499.52308,389.47766,2894.51132
3375,1A,Miami,0.8,0.65,5.193879999999999,2572.80746,403.76082999999994,2981.76217
3376,1A,Miami,0.8,0.7000000000000001,4.97219,2631.68199,415.51039999999995,3052.16458
3377,1A,Miami,0.8,0.75,4.81384,2692.1083499999995,427.51333,3124.435519999999
3378,1A,Miami,0.8,0.8500000000000001,4.528809999999999,2816.06473,452.46929,3273.06283
3379,1A,Miami,0.8,0.8,4.6554899999999995,2754.78328,439.8963,3199.33507
3380,1A,Miami,0.8,0.9500000000000001,4.30712,2940.43282,477.42524999999995,3422.1651899999997
3381,1A,Miami,0.8,0.9,4.4338,2879.4997399999997,465.01061,3348.9441499999994
3382,1A,Miami,0.9500000000000001,0.01,20.63608,1575.8041899999998,198.8876,1795.3278699999998
3383,1A,Miami,0.9500000000000001,0.15000000000000002,12.110479999999999,1858.14224,251.68148999999997,2121.93421
3384,1A,Miami,0.9500000000000001,0.1,13.719059999999997,1765.9192,232.96452,2012.60278
3385,1A,Miami,0.9500000000000001,0.25,10.38861,2031.5671599999998,287.84862999999996,2329.8044
3386,1A,Miami,0.9500000000000001,0.2,11.09619,1947.4199699999997,270.30344999999994,2228.8196099999996
3387,1A,Miami,0.9500000000000001,0.30000000000000004,9.744369999999998,2111.59725,304.72873999999996,2426.0703599999997
3388,1A,Miami,0.9500000000000001,0.35000000000000003,9.195139999999999,2185.7683899999997,320.75376,2515.7172899999996
3389,1A,Miami,0.9500000000000001,0.45,8.26587,2322.6461299999996,350.55523,2681.4672299999997
3390,1A,Miami,0.9500000000000001,0.4,8.720089999999999,2257.2475799999997,336.01869999999997,2601.9863699999996
3391,1A,Miami,0.9500000000000001,0.55,7.537459999999999,2449.95953,377.47472999999997,2834.97172
3392,1A,Miami,0.9500000000000001,0.5,7.9174999999999995,2387.72798,364.42668999999995,2760.07217
3393,1A,Miami,0.9500000000000001,0.6000000000000001,7.2524299999999995,2507.91563,389.76268999999996,2904.93075
3394,1A,Miami,0.9500000000000001,0.65,6.809049999999999,2577.52629,403.44413,2987.7794699999995
3395,1A,Miami,0.9500000000000001,0.7000000000000001,6.52402,2632.1253699999997,414.30693999999994,3052.9563299999995
3396,1A,Miami,0.9500000000000001,0.75,6.3023299999999995,2689.00469,425.51812,3120.8251400000004
3397,1A,Miami,0.9500000000000001,0.8500000000000001,5.9539599999999995,2807.6721799999996,449.42896999999994,3263.0551099999993
3398,1A,Miami,0.9500000000000001,0.8,6.112309999999999,2749.1460199999997,437.42604,3192.6843699999995
3399,1A,Miami,0.9500000000000001,0.9500000000000001,5.66893,2925.32623,473.14979999999997,3404.14496
3400,1A,Miami,0.9500000000000001,0.9,5.79561,2867.6868299999996,461.2418799999999,3334.72432
3401,1A,Miami,0.9,0.01,19.158430000000003,1574.9491,199.10929,1793.21682
3402,1A,Miami,0.9,0.15000000000000002,11.171219999999998,1853.29673,251.17477,2115.64272
3403,1A,Miami,0.9,0.1,12.7273,1762.02379,232.61615,2007.36724
3404,1A,Miami,0.9,0.25,9.56519,2025.8348899999999,287.15189,2322.55197
3405,1A,Miami,0.9,0.2,10.20943,1941.71937,269.63838,2221.56718
3406,1A,Miami,0.9,0.30000000000000004,8.95262,2105.1049,303.87365,2417.93117
3407,1A,Miami,0.9,0.35000000000000003,8.43506,2178.8959999999997,319.86699999999996,2507.1980599999997
3408,1A,Miami,0.9,0.45,7.6116399999999995,2318.2439999999997,349.82681999999994,2675.6824599999995
3409,1A,Miami,0.9,0.4,7.99168,2250.6918899999996,335.25861999999995,2593.9421899999998
3410,1A,Miami,0.9,0.55,6.9357299999999995,2445.71575,377.12636,2829.7778399999997
3411,1A,Miami,0.9,0.5,7.284099999999999,2382.40742,363.85663,2753.5481499999996
3412,1A,Miami,0.9,0.6000000000000001,6.6507,2504.2419099999997,389.50933,2900.4019399999997
3413,1A,Miami,0.9,0.65,6.238989999999999,2575.6577599999996,403.41245999999995,2985.3092099999994
3414,1A,Miami,0.9,0.7000000000000001,5.98563,2631.30195,414.5603,3051.8478800000003
3415,1A,Miami,0.9,0.75,5.79561,2689.4797399999998,426.11985,3121.3952
3416,1A,Miami,0.9,0.8500000000000001,5.44724,2810.36413,450.31573,3266.1270999999997
3417,1A,Miami,0.9,0.8,5.605589999999999,2750.5711699999997,438.18612,3194.3628799999997
3418,1A,Miami,0.9,0.9500000000000001,5.193879999999999,2930.58345,474.4166,3410.19393
3419,1A,Miami,0.9,0.9,5.3205599999999995,2870.9488399999996,462.44534,3338.7147399999994
3420,4A,NewYork,0.01,0.01,447.47041,443.63336000000004,179.44222,1070.54599
3421,4A,NewYork,0.01,0.15000000000000002,400.10017,530.7891999999999,239.55187999999998,1170.4412499999999
3422,4A,NewYork,0.01,0.1,416.97898,502.00116999999995,218.01628,1136.99643
3423,4A,NewYork,0.01,0.25,303.42743,584.37484,280.84956,1168.6518299999998
3424,4A,NewYork,0.01,0.2,350.89585,558.3737699999999,260.0107,1169.2803199999998
3425,4A,NewYork,0.01,0.30000000000000004,264.38574,612.59281,301.94178,1178.92033
3426,4A,NewYork,0.01,0.35000000000000003,232.72546,640.0190299999999,323.38237,1196.1268599999999
3427,4A,NewYork,0.01,0.45,191.11551000000003,702.28225,368.76547999999997,1262.16324
3428,4A,NewYork,0.01,0.4,209.34609000000003,671.27732,345.83639999999997,1226.45981
3429,4A,NewYork,0.01,0.55,164.57042,762.6136,409.71479,1336.8988100000001
3430,4A,NewYork,0.01,0.5,177.3761,732.3054099999999,389.66768,1299.34919
3431,4A,NewYork,0.01,0.6000000000000001,150.18804,791.97169,429.54020999999995,1371.69994
3432,4A,NewYork,0.01,0.65,139.55313,823.61002,449.36562999999995,1412.5287799999999
3433,4A,NewYork,0.01,0.7000000000000001,130.2745,853.1581299999999,469.22272,1452.65535
3434,4A,NewYork,0.01,0.75,121.27112,882.73791,488.88979,1492.8988200000001
3435,4A,NewYork,0.01,0.8500000000000001,106.78907000000001,942.40419,527.87556,1577.06882
3436,4A,NewYork,0.01,0.8,113.56408,912.3810299999999,508.36684,1534.3119499999998
3437,4A,NewYork,0.01,0.9500000000000001,94.27968999999999,1000.55031,566.67131,1661.5013099999999
3438,4A,NewYork,0.01,0.9,100.18091000000001,970.65383,547.38428,1618.21902
3439,4A,NewYork,0.05,0.01,503.33032000000003,436.95099,173.64660999999998,1113.92792
3440,4A,NewYork,0.05,0.15000000000000002,443.89101000000005,525.3736299999999,231.31768,1200.58232
3441,4A,NewYork,0.05,0.1,464.05926,496.04720999999995,210.44715,1170.55362
3442,4A,NewYork,0.05,0.25,340.59712,578.04084,270.90518000000003,1189.54314
3443,4A,NewYork,0.05,0.2,390.96069,552.03977,250.8264,1193.82686
3444,4A,NewYork,0.05,0.30000000000000004,298.56336,606.51217,291.23731999999995,1196.3128499999998
3445,4A,NewYork,0.05,0.35000000000000003,263.46062,633.65336,312.07618,1209.19016
3446,4A,NewYork,0.05,0.45,220.71819,695.8532399999999,355.68577,1272.2572
3447,4A,NewYork,0.05,0.4,239.06823,664.65829,333.8018,1237.52832
3448,4A,NewYork,0.05,0.55,190.82692000000003,755.2344899999999,395.39994999999993,1341.46136
3449,4A,NewYork,0.05,0.5,205.45288,724.8629599999999,375.57453,1305.89037
3450,4A,NewYork,0.05,0.6000000000000001,177.93473,785.1626399999999,415.16202999999996,1378.2594
3451,4A,NewYork,0.05,0.65,165.81792000000002,815.21747,434.57574,1415.61113
3452,4A,NewYork,0.05,0.7000000000000001,152.06022000000002,845.30397,454.02112,1451.3853100000001
3453,4A,NewYork,0.05,0.75,142.25999000000002,875.1687799999999,473.49816999999996,1490.9269399999998
3454,4A,NewYork,0.05,0.8500000000000001,125.81653,933.9166299999999,512.26225,1571.99541
3455,4A,NewYork,0.05,0.8,133.47766000000001,904.4318599999999,492.84854,1530.75806
3456,4A,NewYork,0.05,0.9500000000000001,111.3366,992.6961499999999,550.7413,1654.77405
3457,4A,NewYork,0.05,0.9,118.23978,963.4330699999999,531.4226,1613.0954499999998
3458,4A,NewYork,0.15000000000000002,0.01,664.1091299999999,423.04786,164.36729999999997,1251.5242899999998
3459,4A,NewYork,0.15000000000000002,0.15000000000000002,567.28367,513.71907,217.06618,1298.06892
3460,4A,NewYork,0.15000000000000002,0.1,601.5327400000001,483.7909199999999,197.74747999999997,1283.07114
3461,4A,NewYork,0.15000000000000002,0.25,442.89076,566.7029799999999,253.16997999999998,1262.76372
3462,4A,NewYork,0.15000000000000002,0.2,500.88680999999997,540.7019099999999,234.89639,1276.4851099999996
3463,4A,NewYork,0.15000000000000002,0.30000000000000004,395.38913,592.6407099999999,271.91862,1259.9484599999998
3464,4A,NewYork,0.15000000000000002,0.35000000000000003,355.89211,618.89514,291.01563,1265.80288
3465,4A,NewYork,0.15000000000000002,0.45,304.90971,678.7197699999999,330.12807999999995,1313.75756
3466,4A,NewYork,0.15000000000000002,0.4,326.51030000000003,648.88663,310.74604,1286.1429699999999
3467,4A,NewYork,0.15000000000000002,0.55,268.63724,738.3543799999999,368.06874,1375.06036
3468,4A,NewYork,0.15000000000000002,0.5,286.05803000000003,708.0461899999999,349.0034,1343.10762
3469,4A,NewYork,0.15000000000000002,0.6000000000000001,252.77657,767.0473999999999,386.81737999999996,1406.6413499999999
3470,4A,NewYork,0.15000000000000002,0.65,237.56439,796.8172,405.66103,1440.04262
3471,4A,NewYork,0.15000000000000002,0.7000000000000001,223.99926,828.0438199999999,424.59968999999995,1476.64277
3472,4A,NewYork,0.15000000000000002,0.75,210.66602,857.65527,443.28499,1511.60628
3473,4A,NewYork,0.15000000000000002,0.8500000000000001,186.83878,915.61137,480.56058,1583.01073
3474,4A,NewYork,0.15000000000000002,0.8,198.33559000000002,886.47497,461.84361,1546.6541699999998
3475,4A,NewYork,0.15000000000000002,0.9500000000000001,166.50607,974.39089,518.15287,1659.04983
3476,4A,NewYork,0.15000000000000002,0.9,176.4298,944.3993999999999,499.40423,1620.2334299999998
3477,4A,NewYork,0.1,0.01,581.1139599999999,429.50854,168.26271,1178.88521
3478,4A,NewYork,0.1,0.15000000000000002,503.19486000000006,519.60969,223.21016,1246.0147100000002
3479,4A,NewYork,0.1,0.1,529.87098,489.58653,203.16305,1222.6205599999998
3480,4A,NewYork,0.1,0.25,389.51874000000004,572.30857,260.86579,1222.6931000000002
3481,4A,NewYork,0.1,0.2,442.64228,546.56086,241.86379,1231.06693
3482,4A,NewYork,0.1,0.30000000000000004,344.29927,599.5764399999999,280.37451,1224.25022
3483,4A,NewYork,0.1,0.35000000000000003,306.83424,625.4191599999999,300.42161999999996,1232.67502
3484,4A,NewYork,0.1,0.45,259.9375,687.11232,341.68762999999996,1288.7374499999999
3485,4A,NewYork,0.1,0.4,279.84108,656.23407,321.26048,1257.3356299999998
3486,4A,NewYork,0.1,0.55,228.58409,746.8419399999999,380.57838999999996,1356.0044199999998
3487,4A,NewYork,0.1,0.5,243.92996,716.1853799999999,360.97466,1321.0899999999997
3488,4A,NewYork,0.1,0.6000000000000001,213.86503,775.43995,399.67539999999997,1388.98038
3489,4A,NewYork,0.1,0.65,200.03379,806.4448799999999,418.9941,1425.4727699999999
3490,4A,NewYork,0.1,0.7000000000000001,187.31291,836.02466,438.02777,1461.36534
3491,4A,NewYork,0.1,0.75,175.72237,866.6178799999999,457.18812,1499.52837
3492,4A,NewYork,0.1,0.8500000000000001,154.65637,924.9540199999999,495.12878,1574.7391699999998
3493,4A,NewYork,0.1,0.8,164.81964,894.1707799999999,476.12678,1535.1172
3494,4A,NewYork,0.1,0.9500000000000001,136.96735999999999,982.6567599999998,533.06944,1652.69356
3495,4A,NewYork,0.1,0.9,144.99833,953.6787099999999,514.2574599999999,1612.9344999999998
3496,4A,NewYork,0.25,0.01,835.2083399999999,412.72344,159.52178999999998,1407.45357
3497,4A,NewYork,0.25,0.15000000000000002,702.53331,504.43976,208.67363,1415.6467
3498,4A,NewYork,0.25,0.1,751.51273,472.99144999999993,190.49505,1414.99923
3499,4A,NewYork,0.25,0.25,564.6408799999999,554.5417,242.30717,1361.48975
3500,4A,NewYork,0.25,0.2,628.35115,530.06079,225.23704,1383.64898
3501,4A,NewYork,0.25,0.30000000000000004,511.22247,581.11283,259.59898999999996,1351.93429
3502,4A,NewYork,0.25,0.35000000000000003,467.1607,607.30392,276.73245999999995,1351.19708
3503,4A,NewYork,0.25,0.45,407.76021000000003,666.36847,312.89959999999996,1387.02828
3504,4A,NewYork,0.25,0.4,434.44543999999996,636.63034,294.43599,1365.51177
3505,4A,NewYork,0.25,0.55,364.0423,723.18445,348.59168999999997,1435.81844
3506,4A,NewYork,0.25,0.5,385.45798,693.82636,330.76147999999995,1410.04582
3507,4A,NewYork,0.25,0.6000000000000001,344.33085000000005,752.7959,366.86528,1463.9920299999999
3508,4A,NewYork,0.25,0.65,325.58608000000004,780.91886,384.85384,1491.35878
3509,4A,NewYork,0.25,0.7000000000000001,308.12894,812.24049,403.03242,1523.40185
3510,4A,NewYork,0.25,0.75,291.87037,841.8202699999999,421.11598999999995,1554.8066299999998
3511,4A,NewYork,0.25,0.8500000000000001,262.59907999999996,900.8531499999999,457.3781399999999,1620.8303699999997
3512,4A,NewYork,0.25,0.8,276.77126,871.4000499999999,439.23123,1587.4025399999996
3513,4A,NewYork,0.25,0.9500000000000001,237.75308,957.76414,493.57694999999995,1689.0941699999998
3514,4A,NewYork,0.25,0.9,249.90221,929.8312,475.43003999999996,1655.16345
3515,4A,NewYork,0.2,0.01,749.1158800000001,417.44227,161.517,1328.0751500000001
3516,4A,NewYork,0.2,0.15000000000000002,634.16881,509.0319099999999,212.31568000000001,1355.5163999999997
3517,4A,NewYork,0.2,0.1,676.40806,478.15365999999995,193.66205,1348.2237699999998
3518,4A,NewYork,0.2,0.25,502.01079,561.0657199999999,247.12100999999998,1310.19752
3519,4A,NewYork,0.2,0.2,563.21742,535.5396999999999,229.51248999999999,1328.2696099999998
3520,4A,NewYork,0.2,0.30000000000000004,450.91195000000005,587.2251399999999,265.14124,1303.2783299999999
3521,4A,NewYork,0.2,0.35000000000000003,409.34553,612.71949,283.28815,1305.3531699999999
3522,4A,NewYork,0.2,0.45,354.4575,672.19575,320.59541,1347.2486599999997
3523,4A,NewYork,0.2,0.4,378.36363000000006,642.5526299999999,301.78343,1322.69969
3524,4A,NewYork,0.2,0.55,314.55275,730.2151899999999,357.39594999999997,1402.1638899999998
3525,4A,NewYork,0.2,0.5,333.62761,700.4770599999999,339.05902,1373.1636899999999
3526,4A,NewYork,0.2,0.6000000000000001,296.49792,759.06656,376.08124999999995,1431.64573
3527,4A,NewYork,0.2,0.65,279.68736,788.48799,394.41818,1462.59353
3528,4A,NewYork,0.2,0.7000000000000001,263.78779000000003,819.27123,412.85012,1495.90914
3529,4A,NewYork,0.2,0.75,249.49361,849.9594599999999,431.40873999999997,1530.8618099999999
3530,4A,NewYork,0.2,0.8500000000000001,223.45521,908.35894,468.11427,1599.92842
3531,4A,NewYork,0.2,0.8,236.28555999999998,878.65248,449.68233,1564.62037
3532,4A,NewYork,0.2,0.9500000000000001,200.14786,965.71331,504.94647999999995,1670.8076499999997
3533,4A,NewYork,0.2,0.9,211.596,935.37345,486.57787999999994,1633.5473299999999
3534,4A,NewYork,0.30000000000000004,0.01,922.12571,408.13129,158.35,1488.607
3535,4A,NewYork,0.30000000000000004,0.15000000000000002,770.6523199999999,500.98772999999994,206.42506,1478.06511
3536,4A,NewYork,0.30000000000000004,0.1,827.8682600000001,469.19105,188.56318,1485.6224900000002
3537,4A,NewYork,0.30000000000000004,0.25,626.04201,553.02154,240.31195999999997,1419.3755099999998
3538,4A,NewYork,0.30000000000000004,0.2,692.89867,527.65387,223.11515,1443.6676900000002
3539,4A,NewYork,0.30000000000000004,0.30000000000000004,570.2064700000001,580.28941,256.93870999999996,1407.4345899999998
3540,4A,NewYork,0.30000000000000004,0.35000000000000003,522.932,606.51217,273.50212,1402.9462899999999
3541,4A,NewYork,0.30000000000000004,0.45,465.7182,661.2696,307.73739,1434.7251899999999
3542,4A,NewYork,0.30000000000000004,0.4,491.76515,632.70326,290.44557,1414.9139799999998
3543,4A,NewYork,0.30000000000000004,0.55,416.53923,716.0586999999999,341.11756999999994,1473.7154999999998
3544,4A,NewYork,0.30000000000000004,0.5,441.78528,688.41079,325.37757999999997,1455.5736499999998
3545,4A,NewYork,0.30000000000000004,0.6000000000000001,394.85276,744.49836,358.88444,1498.23556
3546,4A,NewYork,0.30000000000000004,0.65,374.55637,775.18659,376.71465,1526.45761
3547,4A,NewYork,0.30000000000000004,0.7000000000000001,355.38501,804.44967,394.51318999999995,1554.3478699999998
3548,4A,NewYork,0.30000000000000004,0.75,337.41796,834.25114,412.2483899999999,1583.91749
3549,4A,NewYork,0.30000000000000004,0.8500000000000001,305.38054,893.1573399999999,447.87713999999994,1646.41502
3550,4A,NewYork,0.30000000000000004,0.8,320.75703,864.24263,430.14194,1615.1416
3551,4A,NewYork,0.30000000000000004,0.9500000000000001,277.33162000000004,949.9099799999999,483.25253,1710.4941299999998
3552,4A,NewYork,0.30000000000000004,0.9,290.62342,921.53366,465.64401,1677.80109
3553,4A,NewYork,0.35000000000000003,0.01,1009.5247199999999,404.83761,157.84328,1572.20561
3554,4A,NewYork,0.35000000000000003,0.15000000000000002,840.41137,496.90229999999997,204.36651,1541.68018
3555,4A,NewYork,0.35000000000000003,0.1,904.3594,464.9156,186.94800999999998,1556.2230100000002
3556,4A,NewYork,0.35000000000000003,0.25,692.3957700000001,548.8094299999999,236.92327,1478.1284699999999
3557,4A,NewYork,0.35000000000000003,0.2,760.8784499999999,522.84003,220.42319999999998,1504.14168
3558,4A,NewYork,0.35000000000000003,0.30000000000000004,634.67809,574.8421699999999,252.69493,1462.21519
3559,4A,NewYork,0.35000000000000003,0.35000000000000003,585.70087,601.6033199999999,268.84663,1456.1508199999998
3560,4A,NewYork,0.35000000000000003,0.45,524.7000499999999,656.04405,302.16346999999996,1482.9075699999999
3561,4A,NewYork,0.35000000000000003,0.4,553.22619,628.26946,285.34669999999994,1466.84235
3562,4A,NewYork,0.35000000000000003,0.55,470.12761,710.6431299999999,334.7519,1515.52264
3563,4A,NewYork,0.35000000000000003,0.5,498.07709,682.9318799999999,319.23359999999997,1500.24257
3564,4A,NewYork,0.35000000000000003,0.6000000000000001,446.9394699999999,738.5443999999999,352.04371999999995,1537.5275899999997
3565,4A,NewYork,0.35000000000000003,0.65,425.39562,768.66257,369.62057,1563.67876
3566,4A,NewYork,0.35000000000000003,0.7000000000000001,404.61674000000005,797.98899,387.00739999999996,1589.61313
3567,4A,NewYork,0.35000000000000003,0.75,385.24962,827.6321099999999,404.61592,1617.4976499999998
3568,4A,NewYork,0.35000000000000003,0.8500000000000001,350.30854999999997,885.9682499999999,439.5796,1675.8564
3569,4A,NewYork,0.35000000000000003,0.8,367.09934999999996,856.89519,422.03441999999995,1646.0289599999999
3570,4A,NewYork,0.35000000000000003,0.9500000000000001,319.98024,942.9109100000001,474.19490999999994,1737.0860599999999
3571,4A,NewYork,0.35000000000000003,0.9,334.55881999999997,914.3445699999999,457.12478,1706.02817
3572,4A,NewYork,0.45,0.01,1180.0387999999998,399.70706999999993,158.50834999999998,1738.2542199999998
3573,4A,NewYork,0.45,0.15000000000000002,977.65497,489.3015,201.89624999999998,1668.85272
3574,4A,NewYork,0.45,0.1,1054.36067,459.05664999999993,185.33284,1698.75016
3575,4A,NewYork,0.45,0.25,826.46701,541.17696,231.63438,1599.27835
3576,4A,NewYork,0.45,0.2,897.09498,515.5876,216.81281999999996,1629.4953999999998
3577,4A,NewYork,0.45,0.30000000000000004,765.71261,567.1780299999999,246.42427,1579.31491
3578,4A,NewYork,0.45,0.35000000000000003,714.33908,593.71749,261.68920999999995,1569.74578
3579,4A,NewYork,0.45,0.45,645.74106,647.6831699999999,293.23253,1586.6567599999998
3580,4A,NewYork,0.45,0.4,678.31565,620.25695,277.30252,1575.87512
3581,4A,NewYork,0.45,0.55,583.1176300000001,701.30048,324.58583,1609.00394
3582,4A,NewYork,0.45,0.5,615.3363999999999,673.9692699999999,309.47924,1598.7849099999999
3583,4A,NewYork,0.45,0.6000000000000001,555.8276900000001,728.2516499999999,341.14923999999996,1625.22858
3584,4A,NewYork,0.45,0.65,530.62117,756.3112699999999,357.93433999999996,1644.86678
3585,4A,NewYork,0.45,0.7000000000000001,507.13227,787.28453,375.03614,1669.45294
3586,4A,NewYork,0.45,0.75,484.97925,813.6022999999999,391.78956999999997,1690.3711199999998
3587,4A,NewYork,0.45,0.8500000000000001,444.13353,872.8885399999999,425.6448,1742.66687
3588,4A,NewYork,0.45,0.8,464.14468,844.19552,408.79636,1717.1365600000001
3589,4A,NewYork,0.45,0.9500000000000001,408.7072,929.1027899999999,458.70828,1796.51827
3590,4A,NewYork,0.45,0.9,425.691,901.39154,442.65159,1769.7341299999998
3591,4A,NewYork,0.4,0.01,1095.9115699999998,402.14565999999996,158.00163,1656.0588599999996
3592,4A,NewYork,0.4,0.15000000000000002,909.41608,492.75352999999996,202.87802,1605.04763
3593,4A,NewYork,0.4,0.1,979.75931,461.81193999999994,185.83955999999998,1627.4108099999999
3594,4A,NewYork,0.4,0.25,759.71387,544.8190099999999,234.10464,1538.63752
3595,4A,NewYork,0.4,0.2,829.6542300000001,518.7229299999999,218.49132999999998,1566.86849
3596,4A,NewYork,0.4,0.30000000000000004,700.23074,570.6617299999999,249.17956,1520.0720299999998
3597,4A,NewYork,0.4,0.35000000000000003,650.03496,597.48622,264.85621,1512.3773899999999
3598,4A,NewYork,0.4,0.45,584.8543300000001,651.70526,297.34963,1533.90922
3599,4A,NewYork,0.4,0.4,615.7146999999999,624.02568,280.94456999999994,1520.6849499999996
3600,4A,NewYork,0.4,0.55,526.35183,705.86096,329.33633,1561.5491200000001
3601,4A,NewYork,0.4,0.5,556.098,678.4347399999999,313.97638,1548.50912
3602,4A,NewYork,0.4,0.6000000000000001,500.87197000000003,733.0021499999999,346.24811,1580.12223
3603,4A,NewYork,0.4,0.65,477.11547,762.17022,363.34990999999997,1602.6355999999998
3604,4A,NewYork,0.4,0.7000000000000001,455.61668,792.25672,380.51505,1628.38845
3605,4A,NewYork,0.4,0.75,434.68285000000003,818.9545299999999,397.71185999999994,1651.3492399999998
3606,4A,NewYork,0.4,0.8500000000000001,396.74482,879.7292599999998,432.20048999999995,1708.67457
3607,4A,NewYork,0.4,0.8,415.06747,849.7061,414.84533,1679.6189
3608,4A,NewYork,0.4,0.9500000000000001,363.86123,935.1517599999999,466.0873899999999,1765.1003799999996
3609,4A,NewYork,0.4,0.9,379.0307,906.68043,449.49231,1735.2034400000002
3610,4A,NewYork,0.55,0.01,1343.69771,395.62163999999996,160.34521,1899.6645599999997
3611,4A,NewYork,0.55,0.15000000000000002,1112.53054,484.48765999999995,201.29452,1798.31272
3612,4A,NewYork,0.55,0.1,1198.94765,454.11612999999994,185.39618,1838.45996
3613,4A,NewYork,0.55,0.25,958.25482,535.3496799999999,228.43570999999997,1722.04021
3614,4A,NewYork,0.55,0.2,1030.4448399999999,509.50695999999994,214.56425,1754.5160499999997
3615,4A,NewYork,0.55,0.30000000000000004,895.07372,561.03405,242.43384999999998,1698.54162
3616,4A,NewYork,0.55,0.35000000000000003,842.58577,587.85854,256.90704,1687.35135
3617,4A,NewYork,0.55,0.45,767.12832,640.93746,286.99354,1695.0593199999998
3618,4A,NewYork,0.55,0.4,803.3273199999999,613.7329299999999,271.76027,1688.8205199999998
3619,4A,NewYork,0.55,0.55,697.5404599999999,694.1113899999999,317.11170999999996,1708.7635599999996
3620,4A,NewYork,0.55,0.5,733.21934,667.31857,302.63851999999997,1703.17643
3621,4A,NewYork,0.55,0.6000000000000001,667.02209,720.68252,333.01005,1720.71466
3622,4A,NewYork,0.55,0.65,638.7121199999999,747.47534,349.03506999999996,1735.2225299999998
3623,4A,NewYork,0.55,0.7000000000000001,612.13805,776.01001,365.53513999999996,1753.6832
3624,4A,NewYork,0.55,0.75,587.68247,804.0379599999999,381.78184999999996,1773.5022799999997
3625,4A,NewYork,0.55,0.8500000000000001,542.14321,861.20231,414.78198999999995,1818.1275099999998
3626,4A,NewYork,0.55,0.8,564.08942,833.42772,398.15524,1795.67238
3627,4A,NewYork,0.55,0.9500000000000001,502.43824,915.1046499999999,446.13529,1863.6781799999999
3628,4A,NewYork,0.55,0.9,520.88375,889.64197,431.21871999999996,1841.74444
3629,4A,NewYork,0.5,0.01,1262.2216199999998,397.45849999999996,159.33177,1819.0118899999998
3630,4A,NewYork,0.5,0.15000000000000002,1045.3956400000002,486.48287,201.45287,1733.3313800000003
3631,4A,NewYork,0.5,0.1,1127.23506,456.14301,185.17449,1768.55256
3632,4A,NewYork,0.5,0.25,892.55508,537.37656,229.76584999999997,1659.69749
3633,4A,NewYork,0.5,0.2,963.70402,511.34382,215.45101,1690.49885
3634,4A,NewYork,0.5,0.30000000000000004,831.08948,563.53598,244.14403,1638.76949
3635,4A,NewYork,0.5,0.35000000000000003,779.03663,590.6455,259.06059999999997,1628.74273
3636,4A,NewYork,0.5,0.45,706.32597,644.04112,289.87550999999996,1640.2426
3637,4A,NewYork,0.5,0.4,740.77568,616.7099099999999,274.29386999999997,1631.7794599999997
3638,4A,NewYork,0.5,0.55,640.47496,697.56342,320.46873,1658.50711
3639,4A,NewYork,0.5,0.5,674.38627,670.3272199999999,305.71051,1650.424
3640,4A,NewYork,0.5,0.6000000000000001,611.45082,724.32457,336.84211999999997,1672.61751
3641,4A,NewYork,0.5,0.65,584.33836,751.71912,353.18384,1689.2413199999999
3642,4A,NewYork,0.5,0.7000000000000001,559.25937,781.3939099999999,369.96894,1710.62222
3643,4A,NewYork,0.5,0.75,535.84465,808.69345,386.40567,1730.9437699999999
3644,4A,NewYork,0.5,0.8500000000000001,492.88469,867.0612599999998,419.91253,1779.8584799999999
3645,4A,NewYork,0.5,0.8,513.8642199999999,838.90663,403.34911999999997,1756.1199699999997
3646,4A,NewYork,0.5,0.9500000000000001,455.54986999999994,921.0902799999999,452.18426,1828.8244099999997
3647,4A,NewYork,0.5,0.9,472.75365999999997,895.5642599999999,436.57095,1804.88887
3648,4A,NewYork,0.6000000000000001,0.01,1421.84101,394.13315,161.54867,1977.52283
3649,4A,NewYork,0.6000000000000001,0.15000000000000002,1178.6579499999998,482.58745999999996,201.13617,1862.3815799999998
3650,4A,NewYork,0.6000000000000001,0.1,1268.56258,452.50095999999996,185.83955999999998,1906.9031
3651,4A,NewYork,0.6000000000000001,0.25,1022.66608,533.54449,227.51728,1783.72785
3652,4A,NewYork,0.6000000000000001,0.2,1096.3139899999999,507.3533999999999,213.93085,1817.5982399999998
3653,4A,NewYork,0.6000000000000001,0.30000000000000004,959.14298,559.07051,241.19871999999998,1759.41221
3654,4A,NewYork,0.6000000000000001,0.35000000000000003,906.5274900000001,585.60997,255.29187,1747.42933
3655,4A,NewYork,0.6000000000000001,0.45,827.103,638.40386,284.77664,1750.2835
3656,4A,NewYork,0.6000000000000001,0.4,865.1063399999998,611.42102,269.8284,1746.35576
3657,4A,NewYork,0.6000000000000001,0.55,754.40999,690.50101,314.00805,1758.91905
3658,4A,NewYork,0.6000000000000001,0.5,791.69979,664.5949499999999,300.00991,1756.3046499999998
3659,4A,NewYork,0.6000000000000001,0.6000000000000001,722.7466099999999,717.76888,330.0014,1770.5168899999999
3660,4A,NewYork,0.6000000000000001,0.65,692.95155,743.6749399999999,345.55136999999996,1782.1778599999998
3661,4A,NewYork,0.6000000000000001,0.7000000000000001,665.3058,772.01959,361.63973,1798.9651199999998
3662,4A,NewYork,0.6000000000000001,0.75,638.87924,799.4458099999999,377.72808999999995,1816.05314
3663,4A,NewYork,0.6000000000000001,0.8500000000000001,590.64229,855.9767599999999,410.12649999999996,1856.7455499999996
3664,4A,NewYork,0.6000000000000001,0.8,614.10611,828.36052,393.68977,1836.1563999999998
3665,4A,NewYork,0.6000000000000001,0.9500000000000001,549.8565,909.5623999999999,440.75138999999996,1900.1702899999998
3666,4A,NewYork,0.6000000000000001,0.9,568.75283,884.4797599999998,426.34154,1879.57413
3667,4A,NewYork,0.65,0.01,1497.66496,393.02469999999994,163.00548999999998,2053.69515
3668,4A,NewYork,0.65,0.15000000000000002,1239.78746,482.04907,201.89624999999998,1923.73278
3669,4A,NewYork,0.65,0.1,1335.75741,452.59596999999997,187.13803,1975.49141
3670,4A,NewYork,0.65,0.25,1077.26477,536.36312,228.87908999999996,1842.5069799999999
3671,4A,NewYork,0.65,0.2,1153.06029,508.36684,215.10263999999998,1876.52977
3672,4A,NewYork,0.65,0.30000000000000004,1012.7726399999999,562.90258,242.97223999999997,1818.64746
3673,4A,NewYork,0.65,0.35000000000000003,963.73753,589.4103700000001,257.35042,1810.49832
3674,4A,NewYork,0.65,0.45,881.74862,642.01424,286.83518999999995,1810.5980499999998
3675,4A,NewYork,0.65,0.4,921.2937999999999,616.9316,272.0453,1810.2706999999998
3676,4A,NewYork,0.65,0.55,808.19308,694.33308,315.90825,1818.4344099999998
3677,4A,NewYork,0.65,0.5,845.3302699999999,669.8521699999999,302.03679,1817.2192299999997
3678,4A,NewYork,0.65,0.6000000000000001,775.4112600000001,721.4742699999999,331.33154,1828.2170700000001
3679,4A,NewYork,0.65,0.65,742.2832,748.1720799999999,347.10319999999996,1837.55848
3680,4A,NewYork,0.65,0.7000000000000001,713.4773499999999,776.01001,362.62149999999997,1852.1088599999998
3681,4A,NewYork,0.65,0.75,686.4632999999999,802.61281,378.23481,1867.31092
3682,4A,NewYork,0.65,0.8500000000000001,636.53041,856.48348,409.8731399999999,1902.8870299999999
3683,4A,NewYork,0.65,0.8,660.73178,829.65899,393.87979,1884.27056
3684,4A,NewYork,0.65,0.9500000000000001,592.37761,911.3675899999998,440.30800999999997,1944.0532099999998
3685,4A,NewYork,0.65,0.9,613.28084,885.52487,425.73981,1924.5455200000001
3686,4A,NewYork,0.7000000000000001,0.01,1572.0422899999999,392.13793999999996,164.58899,2128.76922
3687,4A,NewYork,0.7000000000000001,0.15000000000000002,1300.24042,482.23909,202.84634999999997,1985.3258600000001
3688,4A,NewYork,0.7000000000000001,0.1,1399.6602599999999,453.19769999999994,188.49984,2041.3577999999998
3689,4A,NewYork,0.7000000000000001,0.25,1130.9412,539.6568,230.8743,1901.4723
3690,4A,NewYork,0.7000000000000001,0.2,1208.75,510.8371,216.59113,1936.17823
3691,4A,NewYork,0.7000000000000001,0.30000000000000004,1067.17193,567.71642,245.34749,1880.2358399999998
3692,4A,NewYork,0.7000000000000001,0.35000000000000003,1018.3506299999999,594.73093,260.0107,1873.09226
3693,4A,NewYork,0.7000000000000001,0.45,935.6923999999999,648.1582199999999,289.71716,1873.5677799999996
3694,4A,NewYork,0.7000000000000001,0.4,975.47181,622.4421799999999,274.92726999999996,1872.84126
3695,4A,NewYork,0.7000000000000001,0.55,860.4175399999999,699.8119899999999,318.75855,1878.9880799999999
3696,4A,NewYork,0.7000000000000001,0.5,897.93137,675.2044,304.69706999999994,1877.8328399999998
3697,4A,NewYork,0.7000000000000001,0.6000000000000001,826.9715,725.7497199999999,333.51677,1886.2379899999999
3698,4A,NewYork,0.7000000000000001,0.65,791.15468,753.1126,349.44678,1893.71406
3699,4A,NewYork,0.7000000000000001,0.7000000000000001,760.9353699999999,780.12711,364.14166,1905.20414
3700,4A,NewYork,0.7000000000000001,0.75,732.4662,806.0015,379.18491,1917.6526099999999
3701,4A,NewYork,0.7000000000000001,0.8500000000000001,681.32411,858.76372,409.90481,1949.99264
3702,4A,NewYork,0.7000000000000001,0.8,705.94548,832.3826099999999,394.41818,1932.74627
3703,4A,NewYork,0.7000000000000001,0.9500000000000001,635.8936699999999,912.5393799999999,440.30800999999997,1988.7410599999998
3704,4A,NewYork,0.7000000000000001,0.9,657.8979099999999,886.60165,425.51812,1970.0176799999997
3705,4A,NewYork,0.75,0.01,1643.7161899999999,391.47287,166.29916999999998,2201.48823
3706,4A,NewYork,0.75,0.15000000000000002,1357.69323,483.63257,204.14481999999998,2045.47062
3707,4A,NewYork,0.75,0.1,1461.35939,454.11612999999994,189.82997999999998,2105.3055
3708,4A,NewYork,0.75,0.25,1181.98795,543.55221,233.31288999999998,1958.85305
3709,4A,NewYork,0.75,0.2,1262.61135,514.0041,218.523,1995.1384499999997
3710,4A,NewYork,0.75,0.30000000000000004,1122.5973999999999,573.48036,248.32446999999996,1944.40223
3711,4A,NewYork,0.75,0.35000000000000003,1072.46445,601.76167,263.33605,1937.5621699999997
3712,4A,NewYork,0.75,0.45,987.7117499999999,656.0123799999999,293.32754,1937.0516699999998
3713,4A,NewYork,0.75,0.4,1027.72539,627.98443,278.3793,1934.08912
3714,4A,NewYork,0.75,0.55,911.33673,707.12776,322.27392,1940.73841
3715,4A,NewYork,0.75,0.5,948.40633,680.77832,308.24411,1937.4287600000002
3716,4A,NewYork,0.75,0.6000000000000001,876.8255999999999,731.00694,336.49375,1944.32629
3717,4A,NewYork,0.75,0.65,838.60675,759.2249099999999,352.23373999999995,1950.0653999999997
3718,4A,NewYork,0.75,0.7000000000000001,808.0307799999999,783.07242,366.23188,1957.33508
3719,4A,NewYork,0.75,0.75,778.0739699999999,810.0869299999999,380.64173,1968.80263
3720,4A,NewYork,0.75,0.8500000000000001,725.1743,860.53724,410.44319999999993,1996.15474
3721,4A,NewYork,0.75,0.8,750.8273899999999,835.9296499999999,395.39994999999993,1982.15699
3722,4A,NewYork,0.75,0.9500000000000001,678.1954299999999,913.29946,440.2446699999999,2031.73956
3723,4A,NewYork,0.75,0.9,700.8855699999999,888.6602,425.6448,2015.19057
3724,4A,NewYork,0.8500000000000001,0.01,1786.52347,389.76268999999996,169.71953,2346.00569
3725,4A,NewYork,0.8500000000000001,0.15000000000000002,1484.28568,481.63736,205.03157999999996,2170.95462
3726,4A,NewYork,0.8500000000000001,0.1,1589.81783,451.58252999999996,191.28679999999997,2232.68716
3727,4A,NewYork,0.8500000000000001,0.25,1303.49681,544.2489499999999,234.32632999999996,2082.07209
3728,4A,NewYork,0.8500000000000001,0.2,1385.5915,513.40237,219.53643999999997,2118.53031
3729,4A,NewYork,0.8500000000000001,0.30000000000000004,1241.62472,573.41702,249.2429,2064.2846400000003
3730,4A,NewYork,0.8500000000000001,0.35000000000000003,1188.35474,602.87012,264.09612999999996,2055.32099
3731,4A,NewYork,0.8500000000000001,0.45,1097.70717,656.9941499999999,293.67591,2048.3772299999996
3732,4A,NewYork,0.8500000000000001,0.4,1141.3754,629.5996,279.01269999999994,2049.9876999999997
3733,4A,NewYork,0.8500000000000001,0.55,1018.29438,707.8561699999999,322.43227,2048.5828199999996
3734,4A,NewYork,0.8500000000000001,0.5,1056.7332299999998,682.4884999999999,308.27578,2047.4975099999997
3735,4A,NewYork,0.8500000000000001,0.6000000000000001,981.76976,730.8802599999999,336.11370999999997,2048.76373
3736,4A,NewYork,0.8500000000000001,0.65,938.9137,760.84008,351.75868999999994,2051.51247
3737,4A,NewYork,0.8500000000000001,0.7000000000000001,906.5151099999999,782.5657,364.80672999999996,2053.8875399999997
3738,4A,NewYork,0.8500000000000001,0.75,875.25324,807.04661,378.51984,2060.81969
3739,4A,NewYork,0.8500000000000001,0.8500000000000001,818.4658099999999,858.0986499999999,407.18118999999996,2083.74565
3740,4A,NewYork,0.8500000000000001,0.8,845.65564,832.69931,392.86634999999995,2071.2212999999997
3741,4A,NewYork,0.8500000000000001,0.9500000000000001,768.03342,908.26393,436.15923999999995,2112.45659
3742,4A,NewYork,0.8500000000000001,0.9,792.44033,884.5431,421.65437999999995,2098.63781
3743,4A,NewYork,0.8,0.01,1718.0238,390.39608999999996,167.97768,2276.39757
3744,4A,NewYork,0.8,0.15000000000000002,1424.69314,481.82737999999995,204.20816,2110.72868
3745,4A,NewYork,0.8,0.1,1528.29597,451.64587,190.21002,2170.15186
3746,4A,NewYork,0.8,0.25,1244.6953999999998,543.55221,233.69293000000002,2021.9405399999998
3747,4A,NewYork,0.8,0.2,1326.10418,512.67396,218.74468999999996,2057.52283
3748,4A,NewYork,0.8,0.30000000000000004,1183.03374,573.57537,248.79952,2005.4086300000001
3749,4A,NewYork,0.8,0.35000000000000003,1132.08736,603.09181,263.84277,1999.0219399999999
3750,4A,NewYork,0.8,0.45,1043.5091799999998,656.9941499999999,293.77092,1994.2742499999995
3751,4A,NewYork,0.8,0.4,1086.24814,629.3779099999999,278.88602,1994.5120699999998
3752,4A,NewYork,0.8,0.55,965.91986,709.1863099999999,323.16068,1998.26685
3753,4A,NewYork,0.8,0.5,1003.64284,682.64685,308.75082999999995,1995.04052
3754,4A,NewYork,0.8,0.6000000000000001,930.7228299999999,731.79869,337.15881999999993,1999.6803399999997
3755,4A,NewYork,0.8,0.65,887.70502,761.88519,353.08883,2002.6790399999998
3756,4A,NewYork,0.8,0.7000000000000001,856.35898,784.6559199999999,366.45356999999996,2007.4684699999998
3757,4A,NewYork,0.8,0.75,826.3813399999999,809.96025,380.70507,2017.04666
3758,4A,NewYork,0.8,0.8500000000000001,770.26387,861.23398,409.9681499999999,2041.466
3759,4A,NewYork,0.8,0.8,797.25624,835.7396299999999,395.20993,2028.2058
3760,4A,NewYork,0.8,0.9500000000000001,721.68322,912.47604,439.45291999999995,2073.61218
3761,4A,NewYork,0.8,0.9,745.57682,888.15348,424.72637000000003,2058.45667
3762,4A,NewYork,0.9500000000000001,0.01,1923.14978,388.9709399999999,173.42492,2485.54564
3763,4A,NewYork,0.9500000000000001,0.15000000000000002,1597.9678299999998,481.89072,207.21681,2287.07536
3764,4A,NewYork,0.9500000000000001,0.1,1707.0499999999997,450.85412,193.94708,2351.8511999999996
3765,4A,NewYork,0.9500000000000001,0.25,1416.39674,546.08581,236.13152,2198.61407
3766,4A,NewYork,0.9500000000000001,0.2,1498.2147099999997,514.5424899999999,221.56331999999998,2234.3205199999993
3767,4A,NewYork,0.9500000000000001,0.30000000000000004,1352.84507,575.15887,250.76306,2178.767
3768,4A,NewYork,0.9500000000000001,0.35000000000000003,1296.76305,604.45362,265.26792,2166.48459
3769,4A,NewYork,0.9500000000000001,0.45,1202.17586,657.4691999999999,294.15095999999994,2153.7960199999998
3770,4A,NewYork,0.9500000000000001,0.4,1247.50262,631.5314699999999,279.77278,2158.80687
3771,4A,NewYork,0.9500000000000001,0.55,1119.1777699999998,707.00108,321.98888999999997,2148.16774
3772,4A,NewYork,0.9500000000000001,0.5,1159.9151399999998,683.1218999999999,308.27578,2151.3128199999996
3773,4A,NewYork,0.9500000000000001,0.6000000000000001,1081.8123,730.3735399999999,335.06859999999995,2147.25444
3774,4A,NewYork,0.9500000000000001,0.65,1037.3678499999999,758.11646,349.89016,2145.3744699999997
3775,4A,NewYork,0.9500000000000001,0.7000000000000001,1003.6025599999999,779.65206,362.3048,2145.55942
3776,4A,NewYork,0.9500000000000001,0.75,972.05162,802.5494699999999,375.25782999999996,2149.8589199999997
3777,4A,NewYork,0.9500000000000001,0.8500000000000001,912.21494,852.04968,402.87406999999996,2167.1386899999998
3778,4A,NewYork,0.9500000000000001,0.8,941.3840399999999,828.10716,389.16096,2158.65216
3779,4A,NewYork,0.9500000000000001,0.9500000000000001,859.84834,900.34643,430.04693,2190.2417
3780,4A,NewYork,0.9500000000000001,0.9,885.0635799999999,876.21389,416.49216999999993,2177.76964
3781,4A,NewYork,0.9,0.01,1855.74836,389.31931,171.52471999999997,2416.59239
3782,4A,NewYork,0.9,0.15000000000000002,1541.08297,481.25732,206.07668999999996,2228.41698
3783,4A,NewYork,0.9,0.1,1650.62871,451.29749999999996,192.61694,2294.54315
3784,4A,NewYork,0.9,0.25,1360.18972,544.8506799999999,235.14974999999998,2140.19015
3785,4A,NewYork,0.9,0.2,1442.1977,513.71907,220.45486999999997,2176.37164
3786,4A,NewYork,0.9,0.30000000000000004,1297.11948,574.1454299999999,249.87630000000001,2121.14121
3787,4A,NewYork,0.9,0.35000000000000003,1243.0777300000002,603.47185,264.57118,2111.1207600000002
3788,4A,NewYork,0.9,0.45,1150.5916,656.6774499999999,293.77092,2101.03997
3789,4A,NewYork,0.9,0.4,1194.91491,630.29634,279.23438999999996,2104.44564
3790,4A,NewYork,0.9,0.55,1069.73538,706.8743999999999,322.14723999999995,2098.75702
3791,4A,NewYork,0.9,0.5,1108.5100599999998,682.55184,308.11743,2099.17933
3792,4A,NewYork,0.9,0.6000000000000001,1032.7482499999999,730.6902399999999,335.51198,2098.9504699999998
3793,4A,NewYork,0.9,0.65,988.8079700000001,759.38326,350.5869,2098.7781299999997
3794,4A,NewYork,0.9,0.7000000000000001,955.27181,780.91886,363.38158,2099.57225
3795,4A,NewYork,0.9,0.75,924.1400199999999,804.76637,376.77799,2105.68438
3796,4A,NewYork,0.9,0.8500000000000001,865.08829,854.67829,404.80593999999996,2124.5725199999997
3797,4A,NewYork,0.9,0.8,894.22997,829.91235,390.8078,2114.95012
3798,4A,NewYork,0.9,0.9500000000000001,813.92175,904.8435699999999,432.92889999999994,2151.69422
3799,4A,NewYork,0.9,0.9,839.2128700000001,880.1092999999998,418.9941,2138.31627
3800,6A,Rochester,0.01,0.01,1051.99444,276.00405,163.89225,1491.8907399999998
3801,6A,Rochester,0.01,0.15000000000000002,964.29115,351.09362,219.1564,1534.5411700000002
3802,6A,Rochester,0.01,0.1,993.35744,324.49082,198.95094,1516.7992
3803,6A,Rochester,0.01,0.25,814.19055,392.70799999999997,259.85235,1466.7509
3804,6A,Rochester,0.01,0.2,902.94484,372.94592,239.04516,1514.93592
3805,6A,Rochester,0.01,0.30000000000000004,740.4962400000001,412.69176999999996,281.13458999999995,1434.3226
3806,6A,Rochester,0.01,0.35000000000000003,678.86878,433.5306299999999,302.82854,1415.22795
3807,6A,Rochester,0.01,0.45,601.41885,480.65559,349.60513,1431.67957
3808,6A,Rochester,0.01,0.4,632.02688,456.61806,325.75762,1414.40256
3809,6A,Rochester,0.01,0.55,553.82554,529.58574,396.5084,1479.91968
3810,6A,Rochester,0.01,0.5,577.21452,504.02805,373.00926,1454.25183
3811,6A,Rochester,0.01,0.6000000000000001,531.70804,553.5599299999999,420.07087999999993,1505.3388499999999
3812,6A,Rochester,0.01,0.65,510.68964,577.28076,442.99996,1530.9703599999998
3813,6A,Rochester,0.01,0.7000000000000001,490.68213000000003,599.92481,464.88392999999996,1555.49087
3814,6A,Rochester,0.01,0.75,470.80704000000003,625.1341299999999,486.86290999999994,1582.8040799999999
3815,6A,Rochester,0.01,0.8500000000000001,433.77389,670.89728,530.37749,1635.04866
3816,6A,Rochester,0.01,0.8,453.14481,645.14957,508.65187000000003,1606.94625
3817,6A,Rochester,0.01,0.9500000000000001,403.07303,717.9905699999999,573.73372,1694.79732
3818,6A,Rochester,0.01,0.9,418.34301,692.52789,552.0714399999999,1662.9423399999998
3819,6A,Rochester,0.05,0.01,1182.51246,268.37158,159.23676,1610.1208
3820,6A,Rochester,0.05,0.15000000000000002,1076.93749,344.91796999999997,211.33391,1633.18937
3821,6A,Rochester,0.05,0.1,1111.47611,317.23839,192.2369,1620.9514
3822,6A,Rochester,0.05,0.25,915.78938,387.13408,249.97131000000002,1552.8947699999999
3823,6A,Rochester,0.05,0.2,1008.52219,367.08696999999995,230.17756,1605.78672
3824,6A,Rochester,0.05,0.30000000000000004,837.66318,405.97772999999995,270.24010999999996,1513.88102
3825,6A,Rochester,0.05,0.35000000000000003,774.40864,425.83482,291.33232999999996,1491.5757899999999
3826,6A,Rochester,0.05,0.45,692.7978,473.94155,336.84211999999997,1503.58147
3827,6A,Rochester,0.05,0.4,725.94093,450.18905,313.56467,1489.69465
3828,6A,Rochester,0.05,0.55,640.1564,521.9216,382.35191,1544.4299099999998
3829,6A,Rochester,0.05,0.5,666.19823,497.6623799999999,359.64452,1523.50513
3830,6A,Rochester,0.05,0.6000000000000001,615.45343,545.61076,404.58425,1565.64844
3831,6A,Rochester,0.05,0.65,591.81109,569.2999199999999,426.21486,1587.3258700000001
3832,6A,Rochester,0.05,0.7000000000000001,569.2704,592.6090399999999,447.90881,1609.78825
3833,6A,Rochester,0.05,0.75,548.15231,616.8049199999999,469.12771,1634.08494
3834,6A,Rochester,0.05,0.8500000000000001,508.19212,664.37326,511.6921899999999,1684.25757
3835,6A,Rochester,0.05,0.8,527.78261,638.40386,490.47328999999996,1656.65976
3836,6A,Rochester,0.05,0.9500000000000001,471.60659,710.8331499999999,554.44669,1736.8864299999998
3837,6A,Rochester,0.05,0.9,489.63929999999993,685.43381,533.13278,1708.2058899999997
3838,6A,Rochester,0.15000000000000002,0.01,1523.94059,253.61335999999997,154.77129,1932.32524
3839,6A,Rochester,0.15000000000000002,0.15000000000000002,1364.5708300000001,329.17798,199.80603,1893.55484
3840,6A,Rochester,0.15000000000000002,0.1,1414.69407,300.96001,182.7359,1898.38998
3841,6A,Rochester,0.15000000000000002,0.25,1187.42976,372.56588,233.53457999999998,1793.53022
3842,6A,Rochester,0.15000000000000002,0.2,1284.12646,351.18863,216.08441,1851.3995
3843,6A,Rochester,0.15000000000000002,0.30000000000000004,1102.99759,391.28285,251.90318,1746.18362
3844,6A,Rochester,0.15000000000000002,0.35000000000000003,1032.59475,410.25317999999993,270.90518000000003,1713.7531099999999
3845,6A,Rochester,0.15000000000000002,0.45,936.6479899999999,457.7581799999999,313.27964,1707.6858099999997
3846,6A,Rochester,0.15000000000000002,0.4,976.5381199999999,434.70241999999996,291.49068,1702.7312199999997
3847,6A,Rochester,0.15000000000000002,0.55,872.18983,505.38986,354.19728,1731.77697
3848,6A,Rochester,0.15000000000000002,0.5,903.05189,480.43389999999994,333.77013,1717.25592
3849,6A,Rochester,0.15000000000000002,0.6000000000000001,842.54909,528.5723,374.24439,1745.36578
3850,6A,Rochester,0.15000000000000002,0.65,812.96213,552.03977,394.82989,1759.83179
3851,6A,Rochester,0.15000000000000002,0.7000000000000001,785.05836,576.58402,415.1937,1776.83608
3852,6A,Rochester,0.15000000000000002,0.75,758.27367,599.5764399999999,435.62085,1793.4709599999999
3853,6A,Rochester,0.15000000000000002,0.8500000000000001,709.22694,645.40293,476.72850999999997,1831.35838
3854,6A,Rochester,0.15000000000000002,0.8,733.1181799999999,621.71377,456.23802,1811.0699699999998
3855,6A,Rochester,0.15000000000000002,0.9500000000000001,664.44652,692.59123,517.70949,1874.74724
3856,6A,Rochester,0.15000000000000002,0.9,686.47752,667.50859,497.15565999999995,1851.14177
3857,6A,Rochester,0.1,0.01,1348.8142,260.23239,155.78473,1764.83132
3858,6A,Rochester,0.1,0.15000000000000002,1219.2044499999997,336.65209999999996,204.36651,1760.2230599999998
3859,6A,Rochester,0.1,0.1,1261.01952,308.49746999999996,186.31461,1755.8316
3860,6A,Rochester,0.1,0.25,1048.93409,379.46993999999995,240.53365,1668.93768
3861,6A,Rochester,0.1,0.2,1144.2105099999999,359.26448,221.97503,1725.45002
3862,6A,Rochester,0.1,0.30000000000000004,967.6727599999999,399.26368999999994,259.91569,1626.85214
3863,6A,Rochester,0.1,0.35000000000000003,900.06008,418.36069999999995,279.80445,1598.22523
3864,6A,Rochester,0.1,0.45,811.96537,465.83403,323.73073999999997,1601.5301399999998
3865,6A,Rochester,0.1,0.4,848.19389,442.4298999999999,301.34005,1591.96384
3866,6A,Rochester,0.1,0.55,754.16387,514.0674399999999,367.24531999999994,1635.47663
3867,6A,Rochester,0.1,0.5,782.39604,489.39651,345.74138999999997,1617.5339399999998
3868,6A,Rochester,0.1,0.6000000000000001,726.04287,537.1232,388.11584999999997,1651.28192
3869,6A,Rochester,0.1,0.65,699.65246,560.6856799999999,408.98637999999994,1669.3245199999997
3870,6A,Rochester,0.1,0.7000000000000001,674.91697,583.39307,429.98359,1688.29363
3871,6A,Rochester,0.1,0.75,650.7464399999999,607.96899,451.01246999999995,1709.7278999999996
3872,6A,Rochester,0.1,0.8500000000000001,606.31312,654.80892,492.72186,1753.8438999999998
3873,6A,Rochester,0.1,0.8,628.0709899999999,628.93453,471.81965999999994,1728.8251799999998
3874,6A,Rochester,0.1,0.9500000000000001,565.49273,701.4905,534.30457,1801.2878
3875,6A,Rochester,0.1,0.9,585.3803700000001,675.86947,513.3706999999999,1774.62054
3876,6A,Rochester,0.25,0.01,1876.96204,243.57396999999997,157.0832,2277.61921
3877,6A,Rochester,0.25,0.15000000000000002,1663.09802,316.57331999999997,195.75227,2175.42361
3878,6A,Rochester,0.25,0.1,1726.41276,288.95707999999996,180.48733,2195.8571699999998
3879,6A,Rochester,0.25,0.25,1474.56611,357.42762,225.71208999999996,2057.7058199999997
3880,6A,Rochester,0.25,0.2,1574.91808,338.48895999999996,210.09878,2123.50582
3881,6A,Rochester,0.25,0.30000000000000004,1385.3457899999999,376.61964,242.2755,2004.2409299999997
3882,6A,Rochester,0.25,0.35000000000000003,1309.15561,396.09668999999997,259.44064,1964.6929400000001
3883,6A,Rochester,0.25,0.45,1196.66668,443.03162999999995,297.09627,1936.79458
3884,6A,Rochester,0.25,0.4,1246.2935300000001,419.91253,278.0626,1944.2686600000002
3885,6A,Rochester,0.25,0.55,1116.98396,490.2199299999999,334.62521999999996,1941.82911
3886,6A,Rochester,0.25,0.5,1155.38816,465.9923799999999,315.81323999999995,1937.1937799999998
3887,6A,Rochester,0.25,0.6000000000000001,1080.84555,513.52905,353.84891,1948.22351
3888,6A,Rochester,0.25,0.65,1046.422,537.18654,373.07259999999997,1956.6811400000001
3889,6A,Rochester,0.25,0.7000000000000001,1013.50161,561.16073,392.61298999999997,1967.27533
3890,6A,Rochester,0.25,0.75,982.03358,584.0264699999999,412.12170999999995,1978.18176
3891,6A,Rochester,0.25,0.8500000000000001,922.41905,630.01131,451.36084,2003.7912
3892,6A,Rochester,0.25,0.8,951.38132,606.06879,431.59875999999997,1989.04887
3893,6A,Rochester,0.25,0.9500000000000001,868.7414799999999,676.05949,490.85333,2035.6542999999997
3894,6A,Rochester,0.25,0.9,894.6351599999998,650.91351,471.05958,2016.6082499999998
3895,6A,Rochester,0.2,0.01,1700.95421,248.26112999999998,155.30968,2104.52502
3896,6A,Rochester,0.2,0.15000000000000002,1513.42516,321.41882999999996,197.08240999999998,2031.9263999999998
3897,6A,Rochester,0.2,0.1,1570.2679600000001,294.37264999999996,180.93071,2045.5713200000002
3898,6A,Rochester,0.2,0.25,1330.39897,363.82496,228.81574999999998,1923.0396799999999
3899,6A,Rochester,0.2,0.2,1428.44326,344.5696,212.41068999999996,1985.42355
3900,6A,Rochester,0.2,0.30000000000000004,1243.1160599999998,382.98531,246.17091,1872.27228
3901,6A,Rochester,0.2,0.35000000000000003,1168.94108,403.25410999999997,264.28615,1836.4813399999998
3902,6A,Rochester,0.2,0.45,1063.98749,450.60076,304.34869999999995,1818.93695
3903,6A,Rochester,0.2,0.4,1109.24388,426.94327,283.88988,1820.07703
3904,6A,Rochester,0.2,0.55,992.5155900000001,497.25066999999996,343.42947999999996,1833.1957400000001
3905,6A,Rochester,0.2,0.5,1027.3045200000001,472.92811,323.63572999999997,1823.8683600000002
3906,6A,Rochester,0.2,0.6000000000000001,959.8849,521.03484,363.15988999999996,1844.07963
3907,6A,Rochester,0.2,0.65,928.2355600000001,544.4389699999999,383.01698,1855.69151
3908,6A,Rochester,0.2,0.7000000000000001,898.1960799999999,568.00145,402.90574,1869.1032699999998
3909,6A,Rochester,0.2,0.75,868.59722,591.43725,422.95285,1882.9873200000002
3910,6A,Rochester,0.2,0.8500000000000001,813.92364,637.32708,463.04707,1914.29779
3911,6A,Rochester,0.2,0.8,841.3751,613.6379199999999,442.8099399999999,1897.8229599999997
3912,6A,Rochester,0.2,0.9500000000000001,765.3256,684.6103899999999,503.33131,1953.2673
3913,6A,Rochester,0.2,0.9,789.2283199999999,658.736,483.22086,1931.18518
3914,6A,Rochester,0.30000000000000004,0.01,2047.1929599999999,240.09027,159.04674,2446.32997
3915,6A,Rochester,0.30000000000000004,0.15000000000000002,1810.82859,312.45622,196.13231,2319.41712
3916,6A,Rochester,0.30000000000000004,0.1,1882.06848,284.52328,181.31074999999998,2347.90251
3917,6A,Rochester,0.30000000000000004,0.25,1615.24509,354.03893,225.68042,2194.9644399999997
3918,6A,Rochester,0.30000000000000004,0.2,1717.79506,333.42176,210.22545999999997,2261.44228
3919,6A,Rochester,0.30000000000000004,0.30000000000000004,1524.18471,373.80100999999996,241.57876,2139.56448
3920,6A,Rochester,0.30000000000000004,0.35000000000000003,1443.08589,393.81645,258.33218999999997,2095.23453
3921,6A,Rochester,0.30000000000000004,0.45,1332.48056,438.3761399999999,292.88416,2063.74086
3922,6A,Rochester,0.30000000000000004,0.4,1380.4182799999999,415.76376,275.40232,2071.58436
3923,6A,Rochester,0.30000000000000004,0.55,1243.24477,483.53756,328.00618999999995,2054.78852
3924,6A,Rochester,0.30000000000000004,0.5,1288.29669,461.05186000000003,311.09441,2060.44296
3925,6A,Rochester,0.30000000000000004,0.6000000000000001,1204.3228,506.87835,346.62815,2057.8293
3926,6A,Rochester,0.30000000000000004,0.65,1167.40582,530.4725,365.40846,2063.28678
3927,6A,Rochester,0.30000000000000004,0.7000000000000001,1131.75203,552.60983,384.03042,2068.39228
3928,6A,Rochester,0.30000000000000004,0.75,1097.67643,577.05907,403.31744999999995,2078.05295
3929,6A,Rochester,0.30000000000000004,0.8500000000000001,1033.6208700000002,623.42395,441.60648,2098.6513
3930,6A,Rochester,0.30000000000000004,0.8,1064.98156,599.22807,422.31944999999996,2086.52908
3931,6A,Rochester,0.30000000000000004,0.9500000000000001,975.5855900000001,668.6487099999999,479.92717999999996,2124.16148
3932,6A,Rochester,0.30000000000000004,0.9,1003.99693,643.66108,460.86184000000003,2108.51985
3933,6A,Rochester,0.35000000000000003,0.01,2212.8789100000004,237.17663,161.67534999999998,2611.7308900000003
3934,6A,Rochester,0.35000000000000003,0.15000000000000002,1956.12482,308.11743,196.48067999999998,2460.7229300000004
3935,6A,Rochester,0.35000000000000003,0.1,2033.07423,280.53285999999997,182.45086999999998,2496.05796
3936,6A,Rochester,0.35000000000000003,0.25,1760.0141700000001,349.03506999999996,224.5403,2333.5895400000004
3937,6A,Rochester,0.35000000000000003,0.2,1861.71438,328.67125999999996,210.06710999999999,2400.45275
3938,6A,Rochester,0.35000000000000003,0.30000000000000004,1667.28802,368.51212,239.52020999999996,2275.32035
3939,6A,Rochester,0.35000000000000003,0.35000000000000003,1582.6695699999998,388.5909,255.16518999999997,2226.42566
3940,6A,Rochester,0.35000000000000003,0.45,1466.2380200000002,432.67554,288.60871,2187.5222700000004
3941,6A,Rochester,0.35000000000000003,0.4,1518.4905099999999,410.60155,271.63358999999997,2200.72565
3942,6A,Rochester,0.35000000000000003,0.55,1370.62636,477.71027999999995,322.68563,2171.02227
3943,6A,Rochester,0.35000000000000003,0.5,1418.6378300000001,455.28791999999993,306.18556,2180.1113100000002
3944,6A,Rochester,0.35000000000000003,0.6000000000000001,1328.57905,500.25932,340.67418999999995,2169.51256
3945,6A,Rochester,0.35000000000000003,0.65,1288.0850599999999,523.5051,359.04278999999997,2170.6329499999997
3946,6A,Rochester,0.35000000000000003,0.7000000000000001,1250.67369,547.03591,377.22137,2174.9309700000003
3947,6A,Rochester,0.35000000000000003,0.75,1214.46302,571.86519,396.06502,2182.3932299999997
3948,6A,Rochester,0.35000000000000003,0.8500000000000001,1146.8665799999999,616.45655,433.2456,2196.56873
3949,6A,Rochester,0.35000000000000003,0.8,1179.5081,592.10232,414.5603,2186.17072
3950,6A,Rochester,0.35000000000000003,0.9500000000000001,1084.3443599999998,661.83966,470.52118999999993,2216.7052099999996
3951,6A,Rochester,0.35000000000000003,0.9,1114.92329,638.34052,452.24760000000003,2205.51141
3952,6A,Rochester,0.45,0.01,2530.33303,232.52114,168.61108,2931.4652499999997
3953,6A,Rochester,0.45,0.15000000000000002,2237.9980399999995,301.24504,198.98261,2738.2256899999993
3954,6A,Rochester,0.45,0.1,2331.68407,273.85049,186.56796999999997,2792.1025299999997
3955,6A,Rochester,0.45,0.25,2038.0185000000001,340.70586,223.59019999999998,2602.3145600000003
3956,6A,Rochester,0.45,0.2,2139.27387,320.27871,210.73218,2670.28476
3957,6A,Rochester,0.45,0.30000000000000004,1945.74846,359.77119999999996,237.01828,2542.53794
3958,6A,Rochester,0.45,0.35000000000000003,1858.12538,380.73674,251.61814999999999,2490.4802699999996
3959,6A,Rochester,0.45,0.45,1730.69201,423.33288999999996,282.52806999999996,2436.5529699999997
3960,6A,Rochester,0.45,0.4,1788.98815,401.57559999999995,266.88309,2457.4468399999996
3961,6A,Rochester,0.45,0.55,1621.79362,466.5624399999999,314.70479,2403.06085
3962,6A,Rochester,0.45,0.5,1676.0332399999998,444.96349999999995,298.9648,2419.96154
3963,6A,Rochester,0.45,0.6000000000000001,1573.7915,490.15659,331.74325,2395.69134
3964,6A,Rochester,0.45,0.65,1530.04379,512.54728,349.19342,2391.78449
3965,6A,Rochester,0.45,0.7000000000000001,1487.6311100000003,534.9696399999999,366.83360999999996,2389.43436
3966,6A,Rochester,0.45,0.75,1446.29755,558.88049,384.53713999999997,2389.71518
3967,6A,Rochester,0.45,0.8500000000000001,1371.43741,604.8336599999999,420.64093999999994,2396.9120099999996
3968,6A,Rochester,0.45,0.8,1408.3225,580.73279,402.46236,2391.51765
3969,6A,Rochester,0.45,0.9500000000000001,1303.06261,648.50659,455.95298999999994,2407.5221899999997
3970,6A,Rochester,0.45,0.9,1336.06653,625.19747,438.72450999999995,2399.98851
3971,6A,Rochester,0.4,0.01,2375.00231,234.70637,164.90569,2774.61437
3972,6A,Rochester,0.4,0.15000000000000002,2097.53308,304.31703,197.43078,2599.2808900000005
3973,6A,Rochester,0.4,0.1,2183.1169099999997,276.66911999999996,184.3194,2644.1054299999996
3974,6A,Rochester,0.4,0.25,1901.05618,344.5696,223.78021999999999,2469.406
3975,6A,Rochester,0.4,0.2,2002.7585299999998,324.23745999999994,210.19379,2537.1897799999997
3976,6A,Rochester,0.4,0.30000000000000004,1807.67515,363.79329,237.96838,2409.43682
3977,6A,Rochester,0.4,0.35000000000000003,1722.46325,384.50546999999995,253.13831000000002,2360.1070299999997
3978,6A,Rochester,0.4,0.45,1599.0817299999999,427.7666899999999,285.18834999999996,2312.0367699999997
3979,6A,Rochester,0.4,0.4,1654.4366,405.62936,268.8783,2328.9442599999998
3980,6A,Rochester,0.4,0.55,1496.5234999999998,472.92811,318.41018,2287.86179
3981,6A,Rochester,0.4,0.5,1548.11453,449.99903,302.1318,2300.24536
3982,6A,Rochester,0.4,0.6000000000000001,1451.2741199999998,494.81208,335.79701,2281.88321
3983,6A,Rochester,0.4,0.65,1409.43915,517.4878,353.78556999999995,2280.71252
3984,6A,Rochester,0.4,0.7000000000000001,1368.97003,540.82859,371.71079,2281.50941
3985,6A,Rochester,0.4,0.75,1331.59267,564.9611299999999,389.73102,2286.28482
3986,6A,Rochester,0.4,0.8500000000000001,1259.4051399999998,610.5976,426.68990999999994,2296.69265
3987,6A,Rochester,0.4,0.8,1294.25761,587.25681,408.25796999999994,2289.77239
3988,6A,Rochester,0.4,0.9500000000000001,1194.49874,655.85403,462.76204,2313.11481
3989,6A,Rochester,0.4,0.9,1225.53678,631.2147699999999,444.86848999999995,2301.62004
3990,6A,Rochester,0.55,0.01,2823.87398,229.70251,176.81360999999998,3230.3901
3991,6A,Rochester,0.55,0.15000000000000002,2503.38076,295.51277,202.75133999999997,3001.6448699999996
3992,6A,Rochester,0.55,0.1,2605.2742099999996,270.14509999999996,191.50849,3066.9277999999995
3993,6A,Rochester,0.55,0.25,2303.00413,334.24518,224.47695999999996,2861.7262699999997
3994,6A,Rochester,0.55,0.2,2404.5809,314.00805,212.98075,2931.5697
3995,6A,Rochester,0.55,0.30000000000000004,2209.12124,353.40553,236.92327,2799.4500399999997
3996,6A,Rochester,0.55,0.35000000000000003,2122.22634,373.61098999999996,250.25633999999997,2746.09367
3997,6A,Rochester,0.55,0.45,1986.5160399999997,415.89043999999996,279.39274,2681.79922
3998,6A,Rochester,0.55,0.4,2050.63372,393.59476,264.47617,2708.7046499999997
3999,6A,Rochester,0.55,0.55,1867.9344999999998,457.78985,309.51090999999997,2635.23526
4000,6A,Rochester,0.55,0.5,1928.1525199999999,436.57095,294.65768,2659.38115
4001,6A,Rochester,0.55,0.6000000000000001,1814.9383,479.89551,325.8843,2620.7181100000003
4002,6A,Rochester,0.55,0.65,1764.62661,503.17295999999993,342.28936,2610.08893
4003,6A,Rochester,0.55,0.7000000000000001,1719.09199,525.02526,359.10613,2603.22338
4004,6A,Rochester,0.55,0.75,1674.07557,549.2844799999999,376.17625999999996,2599.5363099999995
4005,6A,Rochester,0.55,0.8500000000000001,1592.2357,592.1656599999999,410.75989999999996,2595.16126
4006,6A,Rochester,0.55,0.8,1631.70179,569.5849499999999,393.21471999999994,2594.50146
4007,6A,Rochester,0.55,0.9500000000000001,1519.7858800000001,636.47199,444.26676,2600.5246300000003
4008,6A,Rochester,0.55,0.9,1553.1862099999998,614.0496299999999,428.27340999999996,2595.5092499999996
4009,6A,Rochester,0.5,0.01,2679.3626999999997,230.8743,172.6015,3082.8385
4010,6A,Rochester,0.5,0.15000000000000002,2373.26487,298.17305,200.85114,2872.28906
4011,6A,Rochester,0.5,0.1,2470.8186800000003,271.85528,188.91154999999998,2931.58551
4012,6A,Rochester,0.5,0.25,2172.0578299999997,337.38050999999996,223.78021999999999,2733.21856
4013,6A,Rochester,0.5,0.2,2273.44733,316.79501,211.52393,2801.7662699999996
4014,6A,Rochester,0.5,0.30000000000000004,2077.92839,356.25582999999995,236.66991,2670.85413
4015,6A,Rochester,0.5,0.35000000000000003,1992.59383,377.09468999999996,250.63637999999997,2620.3249
4016,6A,Rochester,0.5,0.45,1860.4343999999996,419.34247,280.69120999999996,2560.4680799999996
4017,6A,Rochester,0.5,0.4,1921.7742600000001,397.11012999999997,265.33126,2584.21565
4018,6A,Rochester,0.5,0.55,1745.96677,462.00195999999994,311.85449,2519.82322
4019,6A,Rochester,0.5,0.5,1803.6261100000002,440.49802999999997,296.52621,2540.65035
4020,6A,Rochester,0.5,0.6000000000000001,1695.7560399999998,485.21607,328.51291,2509.4850199999996
4021,6A,Rochester,0.5,0.65,1647.95797,507.73344,345.39302,2501.08443
4022,6A,Rochester,0.5,0.7000000000000001,1602.55662,529.71242,362.58982999999995,2494.85887
4023,6A,Rochester,0.5,0.75,1560.37966,553.6549399999999,380.00832999999994,2494.04293
4024,6A,Rochester,0.5,0.8500000000000001,1482.35847,599.63978,415.47873,2497.4769799999995
4025,6A,Rochester,0.5,0.8,1520.0627299999999,575.38056,397.49017,2492.9334599999997
4026,6A,Rochester,0.5,0.9500000000000001,1412.4545799999999,642.5843,449.68233,2504.72121
4027,6A,Rochester,0.5,0.9,1444.77409,619.94025,433.21392999999995,2497.92827
4028,6A,Rochester,0.6000000000000001,0.01,2961.06375,228.97409999999996,180.26564,3370.30349
4029,6A,Rochester,0.6000000000000001,0.15000000000000002,2632.3762999999994,293.35920999999996,204.87322999999998,3130.6087399999997
4030,6A,Rochester,0.6000000000000001,0.1,2736.42692,268.94164,194.32711999999998,3199.69568
4031,6A,Rochester,0.6000000000000001,0.25,2426.46526,331.48989,225.45872999999997,2983.4138799999996
4032,6A,Rochester,0.6000000000000001,0.2,2531.28641,310.84105,214.65926,3056.78672
4033,6A,Rochester,0.6000000000000001,0.30000000000000004,2335.85925,350.61857,237.49332999999996,2923.97115
4034,6A,Rochester,0.6000000000000001,0.35000000000000003,2247.00144,370.85569999999996,250.41468999999995,2868.27183
4035,6A,Rochester,0.6000000000000001,0.45,2111.5432199999996,412.6284299999999,278.50597999999997,2802.677629999999
4036,6A,Rochester,0.6000000000000001,0.4,2176.82355,390.71279,264.25448,2831.79082
4037,6A,Rochester,0.6000000000000001,0.55,1987.2468399999998,454.62285,307.99075,2749.86044
4038,6A,Rochester,0.6000000000000001,0.5,2049.81014,433.30893999999995,293.26419999999996,2776.38328
4039,6A,Rochester,0.6000000000000001,0.6000000000000001,1933.20298,476.34846999999996,323.95243,2733.5038799999998
4040,6A,Rochester,0.6000000000000001,0.65,1881.081,499.05586,339.94578,2720.08264
4041,6A,Rochester,0.6000000000000001,0.7000000000000001,1832.3676899999998,520.90816,356.44584999999995,2709.7217
4042,6A,Rochester,0.6000000000000001,0.75,1785.2444699999996,543.74223,372.85091,2701.8376099999996
4043,6A,Rochester,0.6000000000000001,0.8500000000000001,1697.9815899999999,587.4151599999999,406.54778999999996,2691.94454
4044,6A,Rochester,0.6000000000000001,0.8,1740.2862899999998,564.51775,389.50933,2694.31337
4045,6A,Rochester,0.6000000000000001,0.9500000000000001,1624.2843099999998,630.8347299999999,439.32624,2694.4452799999995
4046,6A,Rochester,0.6000000000000001,0.9,1659.90643,609.3941399999999,423.90295,2693.20352
4047,6A,Rochester,0.65,0.01,3094.8586699999996,228.49905,183.84435,3507.2020699999994
4048,6A,Rochester,0.65,0.15000000000000002,2749.7446999999997,292.59913,207.53350999999998,3249.87734
4049,6A,Rochester,0.65,0.1,2858.1628,268.14988999999997,197.46245,3323.77514
4050,6A,Rochester,0.65,0.25,2537.82296,332.09162,228.6574,3098.57198
4051,6A,Rochester,0.65,0.2,2642.9982199999995,310.77770999999996,217.73125,3171.507179999999
4052,6A,Rochester,0.65,0.30000000000000004,2441.68086,351.56867,240.81868,3034.06821
4053,6A,Rochester,0.65,0.35000000000000003,2357.69978,372.59755,253.93006,2984.22739
4054,6A,Rochester,0.65,0.45,2222.02495,414.49695999999994,281.76799,2918.2898999999998
4055,6A,Rochester,0.65,0.4,2285.8199799999998,393.56309,267.64317,2947.0262399999997
4056,6A,Rochester,0.65,0.55,2096.98103,455.88964999999996,310.71437,2863.58505
4057,6A,Rochester,0.65,0.5,2158.29496,435.81087,296.46286999999995,2890.5687000000003
4058,6A,Rochester,0.65,0.6000000000000001,2041.6053299999999,478.8503999999999,326.35934999999995,2846.8150799999994
4059,6A,Rochester,0.65,0.65,1984.3999999999999,500.44934,342.51105,2827.36039
4060,6A,Rochester,0.65,0.7000000000000001,1934.60481,522.3016399999999,358.34605,2815.2525
4061,6A,Rochester,0.65,0.75,1887.24651,544.5339799999999,374.37107,2806.1515600000002
4062,6A,Rochester,0.65,0.8500000000000001,1797.8001,588.33359,406.99116999999995,2793.1248599999994
4063,6A,Rochester,0.65,0.8,1842.07833,566.5129599999999,390.71279,2799.30408
4064,6A,Rochester,0.65,0.9500000000000001,1720.07903,631.2147699999999,439.51626,2790.81006
4065,6A,Rochester,0.65,0.9,1756.6013,609.71084,424.0613,2790.37344
4066,6A,Rochester,0.7000000000000001,0.01,3223.23441,228.024,187.64475,3638.90316
4067,6A,Rochester,0.7000000000000001,0.15000000000000002,2862.68653,292.15574999999995,210.38381,3365.2260899999997
4068,6A,Rochester,0.7000000000000001,0.1,2976.9971599999994,267.83318999999995,200.78779999999998,3445.6181499999993
4069,6A,Rochester,0.7000000000000001,0.25,2642.2489699999996,332.72502,232.14109999999997,3207.1150899999993
4070,6A,Rochester,0.7000000000000001,0.2,2751.62635,311.82282,220.96158999999997,3284.4107599999998
4071,6A,Rochester,0.7000000000000001,0.30000000000000004,2546.55534,353.72222999999997,244.65075,3144.9283199999995
4072,6A,Rochester,0.7000000000000001,0.35000000000000003,2463.7103099999995,375.22616,257.82547,3096.7619399999994
4073,6A,Rochester,0.7000000000000001,0.45,2327.91092,417.91732,285.82175,3031.64999
4074,6A,Rochester,0.7000000000000001,0.4,2395.17796,397.20514,271.7286,3064.1117
4075,6A,Rochester,0.7000000000000001,0.55,2202.99538,459.56337,314.54643999999996,2977.1051899999998
4076,6A,Rochester,0.7000000000000001,0.5,2263.38918,440.21299999999997,300.51662999999996,3004.11881
4077,6A,Rochester,0.7000000000000001,0.6000000000000001,2146.13034,480.40223,329.39967,2955.93224
4078,6A,Rochester,0.7000000000000001,0.65,2084.49844,504.15473,345.74138999999997,2934.3945599999997
4079,6A,Rochester,0.7000000000000001,0.7000000000000001,2034.00311,524.4552,360.68962999999997,2919.14794
4080,6A,Rochester,0.7000000000000001,0.75,1986.07135,546.78255,376.17625999999996,2909.0301600000003
4081,6A,Rochester,0.7000000000000001,0.8500000000000001,1894.7272899999998,589.25202,408.03628,2892.0155899999995
4082,6A,Rochester,0.7000000000000001,0.8,1938.6012499999997,568.06479,392.29629,2898.9623299999994
4083,6A,Rochester,0.7000000000000001,0.9500000000000001,1814.0692,631.0564199999999,440.02297999999996,2885.1485999999995
4084,6A,Rochester,0.7000000000000001,0.9,1851.86167,610.5025899999999,424.44134,2886.8055999999997
4085,6A,Rochester,0.75,0.01,3344.25825,227.26392,191.25512999999998,3762.7772999999997
4086,6A,Rochester,0.75,0.15000000000000002,2974.41236,292.15574999999995,213.48746999999997,3480.0555799999997
4087,6A,Rochester,0.75,0.1,3090.1366599999997,266.91476,204.23982999999998,3561.2912499999998
4088,6A,Rochester,0.75,0.25,2740.30931,334.91024999999996,236.00483999999997,3311.2244
4089,6A,Rochester,0.75,0.2,2855.41641,312.26619999999997,224.31860999999998,3392.0012199999996
4090,6A,Rochester,0.75,0.30000000000000004,2645.19996,357.58597,249.02120999999997,3251.80714
4091,6A,Rochester,0.75,0.35000000000000003,2566.64396,379.21657999999996,262.41762,3208.27816
4092,6A,Rochester,0.75,0.45,2426.99847,423.14287,290.4139,3140.55524
4093,6A,Rochester,0.75,0.4,2494.9072,401.76561999999996,276.32075,3172.99357
4094,6A,Rochester,0.75,0.55,2303.27725,463.93383,318.98024,3086.19132
4095,6A,Rochester,0.75,0.5,2363.25849,442.96828999999997,304.98209999999995,3111.20888
4096,6A,Rochester,0.75,0.6000000000000001,2248.10985,483.7909199999999,333.35842,3065.2591899999998
4097,6A,Rochester,0.75,0.65,2183.18406,507.4484099999999,349.51012,3040.14259
4098,6A,Rochester,0.75,0.7000000000000001,2132.70786,527.9072299999999,363.69828,3024.31337
4099,6A,Rochester,0.75,0.75,2082.60915,547.891,378.4565,3008.95665
4100,6A,Rochester,0.75,0.8500000000000001,1990.61171,590.07544,409.39809,2990.08524
4101,6A,Rochester,0.75,0.8,2035.1807099999999,569.4899399999999,394.00647,2998.67712
4102,6A,Rochester,0.75,0.9500000000000001,1906.9058599999998,631.2464399999999,440.71971999999994,2978.87202
4103,6A,Rochester,0.75,0.9,1947.3277899999998,611.51603,424.97972999999996,2983.82355
4104,6A,Rochester,0.8500000000000001,0.01,3583.5646699999998,225.71208999999996,198.76091999999997,4008.03768
4105,6A,Rochester,0.8500000000000001,0.15000000000000002,3194.0425699999996,289.71716,218.49132999999998,3702.2510599999996
4106,6A,Rochester,0.8500000000000001,0.1,3316.85203,264.38116,209.18034999999998,3790.41354
4107,6A,Rochester,0.8500000000000001,0.25,2959.6782599999997,332.56667,240.40696999999997,3532.6519
4108,6A,Rochester,0.8500000000000001,0.2,3074.55582,310.42933999999997,228.81574999999998,3613.80091
4109,6A,Rochester,0.8500000000000001,0.30000000000000004,2864.51575,356.22416,253.10664,3473.84655
4110,6A,Rochester,0.8500000000000001,0.35000000000000003,2783.776,378.7732,266.3447,3428.8939
4111,6A,Rochester,0.8500000000000001,0.45,2641.58458,421.97108000000003,293.32754,3356.8832
4112,6A,Rochester,0.8500000000000001,0.4,2707.8622,399.80207999999993,279.74111,3387.40539
4113,6A,Rochester,0.8500000000000001,0.55,2512.15277,463.52212000000003,321.26048,3296.93537
4114,6A,Rochester,0.8500000000000001,0.5,2575.45936,442.68325999999996,307.38902,3325.5316399999997
4115,6A,Rochester,0.8500000000000001,0.6000000000000001,2452.86742,482.42911000000004,334.81523999999996,3270.11177
4116,6A,Rochester,0.8500000000000001,0.65,2383.3050599999997,505.51653999999996,350.74525,3239.5668499999997
4117,6A,Rochester,0.8500000000000001,0.7000000000000001,2330.37773,524.83524,364.23667,3219.44964
4118,6A,Rochester,0.8500000000000001,0.75,2280.9341,543.71056,378.20313999999996,3202.8478
4119,6A,Rochester,0.8500000000000001,0.8500000000000001,2181.6092,585.95834,408.00461,3175.57215
4120,6A,Rochester,0.8500000000000001,0.8,2230.4003,566.6079699999999,393.11970999999994,3190.1279799999998
4121,6A,Rochester,0.8500000000000001,0.9500000000000001,2095.15826,626.14757,437.64772999999997,3158.9535600000004
4122,6A,Rochester,0.8500000000000001,0.9,2138.64793,606.63885,422.73115999999993,3168.01794
4123,6A,Rochester,0.8,0.01,3464.7186199999996,226.4405,194.96052,3886.11964
4124,6A,Rochester,0.8,0.15000000000000002,3087.0338699999998,290.54058,215.64103,3593.21548
4125,6A,Rochester,0.8,0.1,3207.03554,265.29958999999997,206.48839999999998,3678.82353
4126,6A,Rochester,0.8,0.25,2852.60199,333.67512,238.03171999999998,3424.30883
4127,6A,Rochester,0.8,0.2,2968.63135,310.80938,226.37716,3505.8178900000003
4128,6A,Rochester,0.8,0.30000000000000004,2757.8395100000002,356.82588999999996,251.17477,3365.8401700000004
4129,6A,Rochester,0.8,0.35000000000000003,2678.55637,379.46993999999995,264.57118,3322.5974899999997
4130,6A,Rochester,0.8,0.45,2533.86791,423.52290999999997,292.21909,3249.60991
4131,6A,Rochester,0.8,0.4,2605.95623,400.46715,278.25262,3284.6759999999995
4132,6A,Rochester,0.8,0.55,2410.19749,464.44055,320.72209,3195.36013
4133,6A,Rochester,0.8,0.5,2471.20471,443.53835000000004,306.50226,3221.24532
4134,6A,Rochester,0.8,0.6000000000000001,2352.2405799999997,484.42432,334.78356999999994,3171.44847
4135,6A,Rochester,0.8,0.65,2282.84741,507.76511,351.15695999999997,3141.7694799999995
4136,6A,Rochester,0.8,0.7000000000000001,2231.41686,527.65387,364.99674999999996,3124.0674799999997
4137,6A,Rochester,0.8,0.75,2181.12643,547.5426299999999,379.40659999999997,3108.0756599999995
4138,6A,Rochester,0.8,0.8500000000000001,2085.9177799999998,589.3787,409.8731399999999,3085.1696199999997
4139,6A,Rochester,0.8,0.8,2130.4225899999997,569.93332,394.70320999999996,3095.05912
4140,6A,Rochester,0.8,0.9500000000000001,1998.9416299999998,630.10632,440.52969999999993,3069.5776499999997
4141,6A,Rochester,0.8,0.9,2041.81214,610.43925,425.0113999999999,3077.2627899999998
4142,6A,Rochester,0.9500000000000001,0.01,3799.66612,224.95201,206.14003,4230.758159999999
4143,6A,Rochester,0.9500000000000001,0.15000000000000002,3393.1448899999996,287.02520999999996,224.03357999999997,3904.203679999999
4144,6A,Rochester,0.9500000000000001,0.1,3518.65905,262.82932999999997,214.59592,3996.0843000000004
4145,6A,Rochester,0.9500000000000001,0.25,3160.6273899999997,332.66168,245.4425,3738.73157
4146,6A,Rochester,0.9500000000000001,0.2,3275.66608,309.44757,234.07296999999997,3819.18662
4147,6A,Rochester,0.9500000000000001,0.30000000000000004,3066.70424,355.81244999999996,257.54044,3680.05713
4148,6A,Rochester,0.9500000000000001,0.35000000000000003,2985.20972,378.74153,270.30344999999994,3634.2547
4149,6A,Rochester,0.9500000000000001,0.45,2839.6780700000004,420.98931,296.24118,3556.9085600000003
4150,6A,Rochester,0.9500000000000001,0.4,2909.6493899999996,399.48537999999996,283.28815,3592.4229199999995
4151,6A,Rochester,0.9500000000000001,0.55,2708.00704,460.76683,322.84398,3491.61785
4152,6A,Rochester,0.9500000000000001,0.5,2771.7527600000003,441.4798,309.66926,3522.9018200000005
4153,6A,Rochester,0.9500000000000001,0.6000000000000001,2648.2617299999997,480.05386,335.702,3464.0175899999995
4154,6A,Rochester,0.9500000000000001,0.65,2580.66971,501.84282,350.87193,3433.38446
4155,6A,Rochester,0.9500000000000001,0.7000000000000001,2524.84383,520.5281200000001,363.60327,3408.97522
4156,6A,Rochester,0.9500000000000001,0.75,2476.1745199999996,539.0233999999999,376.80966,3392.0075799999995
4157,6A,Rochester,0.9500000000000001,0.8500000000000001,2374.35534,578.64257,405.31266,3358.31057
4158,6A,Rochester,0.9500000000000001,0.8,2424.28231,559.26053,391.02948999999995,3374.57233
4159,6A,Rochester,0.9500000000000001,0.9500000000000001,2283.65828,618.61011,433.21392999999995,3335.48232
4160,6A,Rochester,0.9500000000000001,0.9,2326.94114,599.7981299999999,419.34247,3346.08174
4161,6A,Rochester,0.9,0.01,3691.09199,225.33205,202.43464,4118.85868
4162,6A,Rochester,0.9,0.15000000000000002,3298.07004,288.76706,221.43663999999998,3808.27374
4163,6A,Rochester,0.9,0.1,3421.39387,263.74775999999997,211.84062999999998,3896.98226
4164,6A,Rochester,0.9,0.25,3062.3889599999998,332.40831999999995,243.06724999999997,3637.86453
4165,6A,Rochester,0.9,0.2,3176.79488,309.95429,231.50769999999997,3718.25687
4166,6A,Rochester,0.9,0.30000000000000004,2967.65154,356.00246999999996,255.26019999999997,3578.91421
4167,6A,Rochester,0.9,0.35000000000000003,2887.37536,378.64652,268.27657,3534.2984500000002
4168,6A,Rochester,0.9,0.45,2741.52276,421.33768,294.68935,3457.54979
4169,6A,Rochester,0.9,0.4,2813.73351,399.54871999999995,281.45129,3494.7335199999998
4170,6A,Rochester,0.9,0.55,2611.43183,461.52690999999993,321.89387999999997,3394.85262
4171,6A,Rochester,0.9,0.5,2675.46513,441.7965,308.40245999999996,3425.6640899999998
4172,6A,Rochester,0.9,0.6000000000000001,2554.31343,481.19397999999995,335.10026999999997,3370.60768
4173,6A,Rochester,0.9,0.65,2484.7227999999996,503.77468999999996,350.71358,3339.21107
4174,6A,Rochester,0.9,0.7000000000000001,2430.6579,522.4916599999999,363.76162,3316.91118
4175,6A,Rochester,0.9,0.75,2377.65639,541.49366,377.44306,3296.5931100000003
4176,6A,Rochester,0.9,0.8500000000000001,2279.56088,582.53798,406.38944,3268.4883
4177,6A,Rochester,0.9,0.8,2326.30087,563.12427,391.78956999999997,3281.21471
4178,6A,Rochester,0.9,0.9500000000000001,2189.2187799999997,621.9988,435.24081,3246.45839
4179,6A,Rochester,0.9,0.9,2233.44515,603.37684,420.92596999999995,3257.7479599999997
4180,3C,SanDiego,0.01,0.01,43.15047,369.46221999999995,194.04209,606.65478
4181,3C,SanDiego,0.01,0.15000000000000002,18.001440000000002,461.40022999999997,280.75455,760.15622
4182,3C,SanDiego,0.01,0.1,32.42077,430.0786,250.92141,713.42078
4183,3C,SanDiego,0.01,0.25,7.07025,531.0108899999999,338.17226,876.2533999999998
4184,3C,SanDiego,0.01,0.2,10.862340000000001,493.86197999999996,309.06753,813.79185
4185,3C,SanDiego,0.01,0.30000000000000004,5.434469999999999,570.40837,367.27698999999996,943.11983
4186,3C,SanDiego,0.01,0.35000000000000003,4.53411,608.95076,396.76176,1010.24663
4187,3C,SanDiego,0.01,0.45,3.0477499999999997,691.07107,457.6631699999999,1151.78199
4188,3C,SanDiego,0.01,0.4,3.72132,650.05842,427.32331,1081.10305
4189,3C,SanDiego,0.01,0.55,2.1274100000000002,768.9476,512.8956499999999,1283.97066
4190,3C,SanDiego,0.01,0.5,2.54507,729.86682,485.46942999999993,1217.88132
4191,3C,SanDiego,0.01,0.6000000000000001,1.74227,807.6800099999999,539.56179,1348.98407
4192,3C,SanDiego,0.01,0.65,1.4421499999999998,845.11395,565.7212099999999,1412.27731
4193,3C,SanDiego,0.01,0.7000000000000001,1.20622,882.19952,591.6589399999999,1475.06468
4194,3C,SanDiego,0.01,0.75,1.00281,919.0950699999999,617.34331,1537.4411899999998
4195,3C,SanDiego,0.01,0.8500000000000001,0.69185,992.3477799999998,667.9203,1660.95993
4196,3C,SanDiego,0.01,0.8,0.8419100000000002,955.45223,642.61597,1598.9101099999998
4197,3C,SanDiego,0.01,0.9500000000000001,0.47674999999999995,1064.33369,718.14892,1782.9593599999998
4198,3C,SanDiego,0.01,0.9,0.57346,1028.48325,693.00294,1722.0596500000001
4199,3C,SanDiego,0.05,0.01,47.47628,357.49096,181.27908,586.24632
4200,3C,SanDiego,0.05,0.15000000000000002,19.98963,448.92224999999996,265.80631,734.7181899999999
4201,3C,SanDiego,0.05,0.1,36.71108,419.94419999999997,236.25819999999996,692.9134799999999
4202,3C,SanDiego,0.05,0.25,8.06137,517.42446,321.79886999999997,847.2846999999999
4203,3C,SanDiego,0.05,0.2,12.27027,481.47900999999996,293.5809,787.3301799999999
4204,3C,SanDiego,0.05,0.30000000000000004,6.22218,556.7269299999999,350.96693999999997,913.9160499999998
4205,3C,SanDiego,0.05,0.35000000000000003,5.2368,595.36433,380.03999999999996,980.64113
4206,3C,SanDiego,0.05,0.45,3.56871,676.53454,439.45291999999995,1119.5561699999998
4207,3C,SanDiego,0.05,0.4,4.33814,635.9336,410.31651999999997,1050.58826
4208,3C,SanDiego,0.05,0.55,2.5425199999999997,753.77767,494.14700999999997,1250.4671999999998
4209,3C,SanDiego,0.05,0.5,3.02352,715.01359,466.84747,1184.88458
4210,3C,SanDiego,0.05,0.6000000000000001,2.11487,792.54175,521.00317,1315.65979
4211,3C,SanDiego,0.05,0.65,1.7613999999999999,830.19738,547.51096,1379.46974
4212,3C,SanDiego,0.05,0.7000000000000001,1.47212,867.34629,573.51203,1442.33044
4213,3C,SanDiego,0.05,0.75,1.21536,904.40019,599.4814299999999,1505.0969799999998
4214,3C,SanDiego,0.05,0.8500000000000001,0.84021,977.4628799999999,650.02675,1628.3298399999999
4215,3C,SanDiego,0.05,0.8,1.0327799999999998,940.9157,624.8491,1566.79758
4216,3C,SanDiego,0.05,0.9500000000000001,0.5826,1049.10042,700.44539,1750.1284099999998
4217,3C,SanDiego,0.05,0.9,0.69015,1013.6616899999999,675.45776,1689.8096
4218,3C,SanDiego,0.15000000000000002,0.01,57.00277,330.91983,157.65326,545.5758599999999
4219,3C,SanDiego,0.15000000000000002,0.15000000000000002,24.0572,422.31944999999996,235.56145999999998,681.9381099999999
4220,3C,SanDiego,0.15000000000000002,0.1,44.878299999999996,397.23681,206.90010999999998,649.01522
4221,3C,SanDiego,0.15000000000000002,0.25,10.86448,489.20649,288.60871,788.67968
4222,3C,SanDiego,0.15000000000000002,0.2,15.57266,455.0028899999999,261.81588999999997,732.3914399999999
4223,3C,SanDiego,0.15000000000000002,0.30000000000000004,8.75195,526.51375,315.93992,851.20562
4224,3C,SanDiego,0.15000000000000002,0.35000000000000003,7.383979999999999,564.1693799999999,343.3028,914.8561599999998
4225,3C,SanDiego,0.15000000000000002,0.45,5.077389999999999,644.1044599999999,399.32703,1048.5088799999999
4226,3C,SanDiego,0.15000000000000002,0.4,6.1235599999999994,603.82022,371.10906,981.05284
4227,3C,SanDiego,0.15000000000000002,0.55,3.72111,721.1892399999999,453.45106,1178.36141
4228,3C,SanDiego,0.15000000000000002,0.5,4.3404799999999994,682.3934899999999,426.30987000000005,1113.0438399999998
4229,3C,SanDiego,0.15000000000000002,0.6000000000000001,3.20844,758.6231799999999,480.18054,1242.01216
4230,3C,SanDiego,0.15000000000000002,0.65,2.73828,796.62718,506.78334,1306.1488
4231,3C,SanDiego,0.15000000000000002,0.7000000000000001,2.3323099999999997,833.7127499999999,533.06944,1369.1145
4232,3C,SanDiego,0.15000000000000002,0.75,1.9688500000000002,870.9883399999999,559.10218,1432.05937
4233,3C,SanDiego,0.15000000000000002,0.8500000000000001,1.40198,944.0510299999999,610.09088,1555.54389
4234,3C,SanDiego,0.15000000000000002,0.8,1.6587399999999999,907.1871499999999,584.59653,1493.4424199999999
4235,3C,SanDiego,0.15000000000000002,0.9500000000000001,1.006,1015.0868399999999,660.57286,1676.6657
4236,3C,SanDiego,0.15000000000000002,0.9,1.19857,979.8064599999999,635.36354,1616.3685699999999
4237,3C,SanDiego,0.1,0.01,52.17512,343.55616,168.19937,563.93065
4238,3C,SanDiego,0.1,0.15000000000000002,22.09685,435.39915999999994,249.59126999999998,707.08728
4239,3C,SanDiego,0.1,0.1,41.15124,408.79636,220.39153,670.33913
4240,3C,SanDiego,0.1,0.25,9.421690000000002,502.95126999999997,304.032,816.4049599999998
4241,3C,SanDiego,0.1,0.2,13.87651,468.68433,276.57410999999996,759.1349499999999
4242,3C,SanDiego,0.1,0.30000000000000004,7.42415,540.73358,332.34497999999996,880.50271
4243,3C,SanDiego,0.1,0.35000000000000003,6.215380000000001,579.11762,360.94298999999995,946.2759899999999
4244,3C,SanDiego,0.1,0.45,4.27055,659.6861,418.26568999999995,1082.2223399999998
4245,3C,SanDiego,0.1,0.4,5.17835,619.24351,390.04771999999997,1014.46958
4246,3C,SanDiego,0.1,0.55,3.11683,736.29583,472.67474999999996,1212.08741
4247,3C,SanDiego,0.1,0.5,3.6611700000000003,697.78511,445.59689999999995,1147.04318
4248,3C,SanDiego,0.1,0.6000000000000001,2.64667,774.99657,499.75260000000003,1277.3958400000001
4249,3C,SanDiego,0.1,0.65,2.2407,812.77888,526.41874,1341.4383199999997
4250,3C,SanDiego,0.1,0.7000000000000001,1.9197499999999998,850.3394999999999,552.6415,1404.9007499999998
4251,3C,SanDiego,0.1,0.75,1.6204800000000001,887.0133599999999,578.45255,1467.08639
4252,3C,SanDiego,0.1,0.8500000000000001,1.1819899999999999,960.13939,629.34624,1590.6676200000002
4253,3C,SanDiego,0.1,0.8,1.37456,923.75056,604.0419099999999,1529.1670299999998
4254,3C,SanDiego,0.1,0.9500000000000001,0.8927099999999999,1031.61858,679.9549,1712.46619
4255,3C,SanDiego,0.1,0.9,1.03193,996.2431899999999,654.68224,1651.9573599999999
4256,3C,SanDiego,0.25,0.01,69.7239,309.89095,142.32497999999998,521.93983
4257,3C,SanDiego,0.25,0.15000000000000002,28.737769999999998,399.86542,213.32912,641.9323099999999
4258,3C,SanDiego,0.25,0.1,52.41405,375.16281999999995,186.09292,613.6697899999999
4259,3C,SanDiego,0.25,0.25,14.495899999999999,465.07394999999997,262.82932999999997,742.3991799999999
4260,3C,SanDiego,0.25,0.2,19.698259999999998,431.21871999999996,238.00005000000002,688.91703
4261,3C,SanDiego,0.25,0.30000000000000004,12.070920000000001,501.77948,287.75361999999996,801.60402
4262,3C,SanDiego,0.25,0.35000000000000003,10.36542,538.61169,312.93127,861.9083799999999
4263,3C,SanDiego,0.25,0.45,7.242000000000001,616.96327,366.89694999999995,991.1022199999999
4264,3C,SanDiego,0.25,0.4,8.71327,577.31243,339.31237999999996,925.3380799999999
4265,3C,SanDiego,0.25,0.55,5.408119999999999,692.68624,419.94419999999997,1118.03856
4266,3C,SanDiego,0.25,0.5,6.2183600000000006,654.6188999999999,393.43640999999997,1054.2736699999998
4267,3C,SanDiego,0.25,0.6000000000000001,4.70458,729.8351499999999,446.45198999999997,1180.9917199999998
4268,3C,SanDiego,0.25,0.65,4.06523,767.1424099999999,472.64308,1243.85072
4269,3C,SanDiego,0.25,0.7000000000000001,3.56425,804.7347,498.89750999999995,1307.19646
4270,3C,SanDiego,0.25,0.75,3.1057799999999998,841.37689,524.89858,1369.38125
4271,3C,SanDiego,0.25,0.8500000000000001,2.42307,914.2812299999999,575.85561,1492.55991
4272,3C,SanDiego,0.25,0.8,2.73233,878.1457599999999,550.55128,1431.4293699999998
4273,3C,SanDiego,0.25,0.9500000000000001,1.91125,984.3986099999998,625.67252,1611.98238
4274,3C,SanDiego,0.25,0.9,2.12465,950.1633399999998,600.9382499999999,1553.2262399999997
4275,3C,SanDiego,0.2,0.01,62.816230000000004,319.67697999999996,149.19736999999998,531.69058
4276,3C,SanDiego,0.2,0.15000000000000002,26.22415,410.66488999999996,223.62186999999997,660.51091
4277,3C,SanDiego,0.2,0.1,48.524170000000005,386.21565,195.59391999999997,630.33374
4278,3C,SanDiego,0.2,0.25,12.569770000000002,476.63349999999997,275.05395,764.25722
4279,3C,SanDiego,0.2,0.2,17.46712,442.27155,249.05288,708.79155
4280,3C,SanDiego,0.2,0.30000000000000004,10.27976,513.7824099999999,301.1817,825.2438699999999
4281,3C,SanDiego,0.2,0.35000000000000003,8.78511,550.6146200000001,327.1511,886.5508300000001
4282,3C,SanDiego,0.2,0.45,6.04343,629.78962,382.16188999999997,1017.9949399999999
4283,3C,SanDiego,0.2,0.4,7.344659999999999,589.85375,354.13393999999994,951.3323499999999
4284,3C,SanDiego,0.2,0.55,4.4854400000000005,706.241,435.77919999999995,1146.5056399999999
4285,3C,SanDiego,0.2,0.5,5.17899,668.0786499999999,409.20807,1082.46571
4286,3C,SanDiego,0.2,0.6000000000000001,3.85608,743.6432699999999,462.47700999999995,1209.9763599999999
4287,3C,SanDiego,0.2,0.65,3.3650900000000004,781.33057,488.9848,1273.68046
4288,3C,SanDiego,0.2,0.7000000000000001,2.92745,818.7011699999999,515.17589,1336.80451
4289,3C,SanDiego,0.2,0.75,2.53232,855.7234,541.39865,1399.65437
4290,3C,SanDiego,0.2,0.8500000000000001,1.8812799999999998,928.65941,592.2606699999999,1522.80136
4291,3C,SanDiego,0.2,0.8,2.20138,892.11223,566.8929999999999,1461.2066099999997
4292,3C,SanDiego,0.2,0.9500000000000001,1.45363,999.12516,642.5526299999999,1643.13142
4293,3C,SanDiego,0.2,0.9,1.6461999999999999,964.16148,617.3749799999999,1583.18266
4294,3C,SanDiego,0.30000000000000004,0.01,78.55834,301.24504,136.71939,516.52277
4295,3C,SanDiego,0.30000000000000004,0.15000000000000002,31.85397,390.36442,205.31660999999997,627.535
4296,3C,SanDiego,0.30000000000000004,0.1,56.74625,365.21843999999993,178.6188,600.5834899999999
4297,3C,SanDiego,0.30000000000000004,0.25,16.32192,458.29657,254.37343999999996,728.9919299999999
4298,3C,SanDiego,0.30000000000000004,0.2,21.99019,423.71293,229.89253,675.59565
4299,3C,SanDiego,0.30000000000000004,0.30000000000000004,13.80618,495.03377,279.01269999999994,787.8526499999999
4300,3C,SanDiego,0.30000000000000004,0.35000000000000003,11.83648,532.6260599999999,304.15868,848.62122
4301,3C,SanDiego,0.30000000000000004,0.45,8.75812,606.70219,355.9708,971.43111
4302,3C,SanDiego,0.30000000000000004,0.4,10.17519,569.64829,329.90639,909.72987
4303,3C,SanDiego,0.30000000000000004,0.55,6.4357999999999995,680.36661,405.66103,1092.46344
4304,3C,SanDiego,0.30000000000000004,0.5,7.553599999999999,643.9777799999999,382.35191,1033.8832899999998
4305,3C,SanDiego,0.30000000000000004,0.6000000000000001,5.61557,717.0404699999999,431.69377,1154.34981
4306,3C,SanDiego,0.30000000000000004,0.65,4.93371,754.12604,457.7581799999999,1216.81793
4307,3C,SanDiego,0.30000000000000004,0.7000000000000001,4.31604,791.40163,483.9176,1279.63527
4308,3C,SanDiego,0.30000000000000004,0.75,3.8259,828.0121499999999,509.69697999999994,1341.53503
4309,3C,SanDiego,0.30000000000000004,0.8500000000000001,2.99483,900.6631299999999,560.43232,1464.09028
4310,3C,SanDiego,0.30000000000000004,0.8,3.37827,864.9077,535.31801,1403.6039799999999
4311,3C,SanDiego,0.30000000000000004,0.9500000000000001,2.40883,970.62216,610.0275399999999,1583.0585299999998
4312,3C,SanDiego,0.30000000000000004,0.9,2.6539,935.9435099999998,585.5466299999999,1524.1440399999997
4313,3C,SanDiego,0.35000000000000003,0.01,88.15945,293.83426,132.09556999999998,514.0892799999999
4314,3C,SanDiego,0.35000000000000003,0.15000000000000002,35.61016,382.16188999999997,197.58912999999998,615.36118
4315,3C,SanDiego,0.35000000000000003,0.1,61.607490000000006,355.17905,171.87309,588.65963
4316,3C,SanDiego,0.35000000000000003,0.25,18.86891,449.68233,244.55574,713.10698
4317,3C,SanDiego,0.35000000000000003,0.2,25.16973,414.78198999999995,220.89825,660.84997
4318,3C,SanDiego,0.35000000000000003,0.30000000000000004,16.1132,485.62778,268.46659,770.20757
4319,3C,SanDiego,0.35000000000000003,0.35000000000000003,13.89014,522.65001,293.10585,829.646
4320,3C,SanDiego,0.35000000000000003,0.45,10.39922,595.9027199999999,343.58782999999994,949.8897699999999
4321,3C,SanDiego,0.35000000000000003,0.4,12.017149999999999,559.35554,318.15682,889.5295100000001
4322,3C,SanDiego,0.35000000000000003,0.55,7.63097,669.02875,392.58131999999995,1069.2410399999999
4323,3C,SanDiego,0.35000000000000003,0.5,8.94049,633.0516299999999,369.39887999999996,1011.3909999999998
4324,3C,SanDiego,0.35000000000000003,0.6000000000000001,6.70404,705.73428,418.39237,1130.83069
4325,3C,SanDiego,0.35000000000000003,0.65,5.883809999999999,742.0281,444.17175,1192.08366
4326,3C,SanDiego,0.35000000000000003,0.7000000000000001,5.19111,778.89198,469.9828,1254.0658899999999
4327,3C,SanDiego,0.35000000000000003,0.75,4.58343,815.88254,495.76217999999994,1316.22815
4328,3C,SanDiego,0.35000000000000003,0.8500000000000001,3.6131399999999996,888.5651899999999,546.37084,1438.54917
4329,3C,SanDiego,0.35000000000000003,0.8,4.07161,852.08135,521.22486,1377.3778200000002
4330,3C,SanDiego,0.35000000000000003,0.9500000000000001,2.87708,957.3207599999998,595.30099,1555.4988299999998
4331,3C,SanDiego,0.35000000000000003,0.9,3.19718,923.2121699999999,571.1684499999999,1497.5777999999998
4332,3C,SanDiego,0.45,0.01,112.13959,281.10292,125.00148999999999,518.2439999999999
4333,3C,SanDiego,0.45,0.15000000000000002,45.61363,367.84705,184.82611999999997,598.2868
4334,3C,SanDiego,0.45,0.1,74.61706,337.6022,161.35865,573.57791
4335,3C,SanDiego,0.45,0.25,25.938119999999998,434.79742999999996,228.53071999999997,689.26627
4336,3C,SanDiego,0.45,0.2,33.35312999999999,400.24546,206.20336999999998,639.8019599999999
4337,3C,SanDiego,0.45,0.30000000000000004,22.04569,469.57109,251.07976,742.69654
4338,3C,SanDiego,0.45,0.35000000000000003,18.96754,505.61154999999997,274.48389,799.0629799999999
4339,3C,SanDiego,0.45,0.45,14.36732,577.47078,322.74897,914.5870699999999
4340,3C,SanDiego,0.45,0.4,16.47114,541.52533,298.3314,856.3278700000001
4341,3C,SanDiego,0.45,0.55,10.828149999999999,648.9182999999999,369.9056,1029.65205
4342,3C,SanDiego,0.45,0.5,12.571060000000001,613.8912799999999,347.57824999999997,974.0405899999998
4343,3C,SanDiego,0.45,0.6000000000000001,9.476970000000001,685.27546,395.30493999999993,1090.05737
4344,3C,SanDiego,0.45,0.65,8.40168,721.0942299999999,420.41925,1149.91516
4345,3C,SanDiego,0.45,0.7000000000000001,7.518109999999999,757.0713499999999,445.62857,1210.21803
4346,3C,SanDiego,0.45,0.75,6.7303999999999995,793.2701599999999,470.90122999999994,1270.90179
4347,3C,SanDiego,0.45,0.8500000000000001,5.4308700000000005,865.6361099999999,521.06651,1392.13349
4348,3C,SanDiego,0.45,0.8,6.016869999999999,830.00736,496.1738899999999,1332.19812
4349,3C,SanDiego,0.45,0.9500000000000001,4.47227,933.3465699999999,568.85654,1506.67538
4350,3C,SanDiego,0.45,0.9,4.90906,901.2965299999998,545.80078,1452.0063699999998
4351,3C,SanDiego,0.4,0.01,99.68073999999999,287.08855,128.23183,515.0011199999999
4352,3C,SanDiego,0.4,0.15000000000000002,40.30561,374.3394,190.81175,605.45676
4353,3C,SanDiego,0.4,0.1,67.67559,346.21644,166.20415999999997,580.09619
4354,3C,SanDiego,0.4,0.25,22.00679,441.7965,235.97317,699.77646
4355,3C,SanDiego,0.4,0.2,28.90764,406.83282,213.01242,648.75288
4356,3C,SanDiego,0.4,0.30000000000000004,18.821089999999998,477.1718899999999,259.18728,755.1802599999999
4357,3C,SanDiego,0.4,0.35000000000000003,16.20715,513.6873999999999,283.28815,813.1826999999998
4358,3C,SanDiego,0.4,0.45,12.19867,586.27504,332.56667,931.0403799999999
4359,3C,SanDiego,0.4,0.4,14.049130000000002,550.0445599999999,307.67405,871.76774
4360,3C,SanDiego,0.4,0.55,9.060369999999999,658.54598,380.76841,1048.3747600000002
4361,3C,SanDiego,0.4,0.5,10.666609999999999,622.8222199999999,357.90267,991.3915
4362,3C,SanDiego,0.4,0.6000000000000001,7.974239999999999,694.9664799999999,406.26275999999996,1109.20348
4363,3C,SanDiego,0.4,0.65,7.068989999999999,731.29197,431.88379,1170.2447499999998
4364,3C,SanDiego,0.4,0.7000000000000001,6.29127,768.06084,457.44147999999996,1231.79359
4365,3C,SanDiego,0.4,0.75,5.5777399999999995,804.54468,482.90415999999993,1293.0265799999997
4366,3C,SanDiego,0.4,0.8500000000000001,4.44825,876.9106299999999,533.1961200000001,1414.5549999999998
4367,3C,SanDiego,0.4,0.8,4.9809,840.45846,508.17682,1353.61618
4368,3C,SanDiego,0.4,0.9500000000000001,3.5955,945.0327999999998,581.61955,1530.2478499999997
4369,3C,SanDiego,0.4,0.9,4.00062,911.62095,558.0887399999999,1473.71031
4370,3C,SanDiego,0.55,0.01,140.55501999999998,271.66526,119.93428999999999,532.15457
4371,3C,SanDiego,0.55,0.15000000000000002,58.39981,357.20593,175.19843999999998,590.80418
4372,3C,SanDiego,0.55,0.1,90.50839,325.50426,153.31446999999997,569.3271199999999
4373,3C,SanDiego,0.55,0.25,35.373439999999995,422.88951,216.21108999999998,674.47404
4374,3C,SanDiego,0.55,0.2,44.32264,389.35098,195.15053999999998,628.8241599999999
4375,3C,SanDiego,0.55,0.30000000000000004,30.256719999999998,456.80808,237.58833999999996,724.6531399999999
4376,3C,SanDiego,0.55,0.35000000000000003,25.94344,491.8351,259.82068,777.5992200000001
4377,3C,SanDiego,0.55,0.45,19.716359999999998,562.4591999999999,305.93219999999997,888.1077599999999
4378,3C,SanDiego,0.55,0.4,22.549439999999997,527.17882,282.68642,832.41468
4379,3C,SanDiego,0.55,0.55,15.07873,632.1332,351.56867,998.7805999999999
4380,3C,SanDiego,0.55,0.5,17.360030000000002,597.9296,329.74804,945.0376700000002
4381,3C,SanDiego,0.55,0.6000000000000001,13.336669999999998,667.76195,376.01791,1057.11653
4382,3C,SanDiego,0.55,0.65,11.82799,703.13734,400.56216,1115.52749
4383,3C,SanDiego,0.55,0.7000000000000001,10.61603,738.9877799999999,425.07473999999996,1174.6785499999999
4384,3C,SanDiego,0.55,0.75,9.594940000000001,774.45818,449.74566999999996,1233.7987899999998
4385,3C,SanDiego,0.55,0.8500000000000001,7.90368,845.77902,499.18253999999996,1352.8652399999999
4386,3C,SanDiego,0.55,0.8,8.701379999999999,810.21361,474.54328,1293.45827
4387,3C,SanDiego,0.55,0.9500000000000001,6.648359999999999,912.3493599999999,545.70577,1464.7034899999999
4388,3C,SanDiego,0.55,0.9,7.222669999999999,880.6476899999999,523.5051,1411.3754599999997
4389,3C,SanDiego,0.5,0.01,125.70434,276.1624,122.27787,524.14461
4390,3C,SanDiego,0.5,0.15000000000000002,51.83838,362.39981,179.63224,593.87043
4391,3C,SanDiego,0.5,0.1,82.03018,330.6348,157.0832,569.74818
4392,3C,SanDiego,0.5,0.25,30.3445,428.43176,221.97503,680.7512899999999
4393,3C,SanDiego,0.5,0.2,38.64287,394.44984999999997,200.24940999999998,633.34213
4394,3C,SanDiego,0.5,0.30000000000000004,25.82951,462.88872,243.92233999999996,732.6405699999999
4395,3C,SanDiego,0.5,0.35000000000000003,22.2338,498.32744999999994,266.69307,787.25432
4396,3C,SanDiego,0.5,0.45,16.862659999999998,569.8066399999999,313.94471,900.6140099999999
4397,3C,SanDiego,0.5,0.4,19.29402,533.86119,290.0972,843.25241
4398,3C,SanDiego,0.5,0.55,12.80593,640.0506999999999,360.30958999999996,1013.1662199999998
4399,3C,SanDiego,0.5,0.5,14.8022,605.72042,338.10892,958.63154
4400,3C,SanDiego,0.5,0.6000000000000001,11.222219999999998,676.1545,385.20221,1072.57893
4401,3C,SanDiego,0.5,0.65,10.009409999999999,711.59323,409.93647999999996,1131.53912
4402,3C,SanDiego,0.5,0.7000000000000001,8.93497,747.95039,434.92411000000004,1191.8094700000001
4403,3C,SanDiego,0.5,0.75,8.073080000000001,783.38912,459.9434099999999,1251.40561
4404,3C,SanDiego,0.5,0.8500000000000001,6.59352,855.43837,509.69697999999994,1371.72887
4405,3C,SanDiego,0.5,0.8,7.2853699999999995,819.7462799999998,484.86769999999996,1311.8993499999997
4406,3C,SanDiego,0.5,0.9500000000000001,5.475719999999999,922.2620699999999,556.8219399999999,1484.55973
4407,3C,SanDiego,0.5,0.9,5.986689999999999,890.4020499999999,534.2728999999999,1430.6616399999998
4408,3C,SanDiego,0.6000000000000001,0.01,156.68249,267.54816,117.97075,542.2013999999999
4409,3C,SanDiego,0.6000000000000001,0.15000000000000002,65.78381,352.86714,171.42971,590.0806600000001
4410,3C,SanDiego,0.6000000000000001,0.1,99.3016,320.97544999999997,150.08413,570.36118
4411,3C,SanDiego,0.6000000000000001,0.25,40.97244,418.13901,211.17556000000002,670.28701
4412,3C,SanDiego,0.6000000000000001,0.2,50.62411999999999,385.26555,190.68507,626.57474
4413,3C,SanDiego,0.6000000000000001,0.30000000000000004,35.0323,451.83588999999995,232.07775999999998,718.9459499999999
4414,3C,SanDiego,0.6000000000000001,0.35000000000000003,30.053949999999997,486.13449999999995,253.80337999999998,769.9918299999999
4415,3C,SanDiego,0.6000000000000001,0.45,22.97263,556.09353,298.93313,877.99929
4416,3C,SanDiego,0.6000000000000001,0.4,26.20658,520.9715,276.19406999999995,823.3721499999999
4417,3C,SanDiego,0.6000000000000001,0.55,17.585759999999997,624.94411,343.74618,986.27605
4418,3C,SanDiego,0.6000000000000001,0.5,20.236259999999998,591.31057,322.30559,933.8524199999999
4419,3C,SanDiego,0.6000000000000001,0.6000000000000001,15.62286,660.2561599999999,367.6887,1043.5677199999998
4420,3C,SanDiego,0.6000000000000001,0.65,13.945839999999999,695.5998799999999,391.94792,1101.49364
4421,3C,SanDiego,0.6000000000000001,0.7000000000000001,12.53387,730.7852499999999,416.1438,1159.46292
4422,3C,SanDiego,0.6000000000000001,0.75,11.35528,765.71726,440.56137,1217.63391
4423,3C,SanDiego,0.6000000000000001,0.8500000000000001,9.4757,836.59472,489.3015,1335.37192
4424,3C,SanDiego,0.6000000000000001,0.8,10.3784,801.12432,464.97893999999997,1276.48166
4425,3C,SanDiego,0.6000000000000001,0.9500000000000001,8.032059999999998,901.9932699999999,535.09632,1445.12165
4426,3C,SanDiego,0.6000000000000001,0.9,8.71137,871.9067699999999,513.62406,1394.2422
4427,3C,SanDiego,0.65,0.01,172.40909,264.19113999999996,116.35558,552.9558099999999
4428,3C,SanDiego,0.65,0.15000000000000002,72.65747999999999,351.28364,169.1178,593.05892
4429,3C,SanDiego,0.65,0.1,106.81229,318.75855,148.08891999999997,573.65976
4430,3C,SanDiego,0.65,0.25,46.537220000000005,420.00754,210.00377,676.54853
4431,3C,SanDiego,0.65,0.2,56.36936,385.23388,188.97489,630.57813
4432,3C,SanDiego,0.65,0.30000000000000004,39.794489999999996,454.84454,231.50769999999997,726.1467299999999
4433,3C,SanDiego,0.65,0.35000000000000003,34.46777,490.06158,253.48668,778.01603
4434,3C,SanDiego,0.65,0.45,26.36217,560.08395,298.67976999999996,885.1258899999999
4435,3C,SanDiego,0.65,0.4,29.986999999999995,525.21528,275.94070999999997,831.1429899999999
4436,3C,SanDiego,0.65,0.55,20.416079999999997,628.07944,342.98609999999996,991.4816199999999
4437,3C,SanDiego,0.65,0.5,23.28827,594.85761,321.76719999999995,939.91308
4438,3C,SanDiego,0.65,0.6000000000000001,18.13648,662.34638,366.4219,1046.90476
4439,3C,SanDiego,0.65,0.65,16.10025,698.7352099999999,390.87113999999997,1105.7066
4440,3C,SanDiego,0.65,0.7000000000000001,14.498259999999998,732.3054099999999,414.40194999999994,1161.2056199999997
4441,3C,SanDiego,0.65,0.75,13.12965,766.63569,438.21779,1217.9831299999998
4442,3C,SanDiego,0.65,0.8500000000000001,11.060049999999999,835.7712999999999,486.32452,1333.15587
4443,3C,SanDiego,0.65,0.8,12.01525,800.9976399999999,462.22364999999996,1275.2365399999999
4444,3C,SanDiego,0.65,0.9500000000000001,9.41555,901.1065099999998,531.9609899999999,1442.4830499999998
4445,3C,SanDiego,0.65,0.9,10.18987,869.37317,510.17203,1389.73507
4446,3C,SanDiego,0.7000000000000001,0.01,187.18559,261.24582999999996,114.96209999999998,563.39352
4447,3C,SanDiego,0.7000000000000001,0.15000000000000002,79.72032,350.11184999999995,167.28094,597.11311
4448,3C,SanDiego,0.7000000000000001,0.1,114.52129,316.3833,146.50542,577.4100099999999
4449,3C,SanDiego,0.7000000000000001,0.25,52.46036,423.14287,209.75041,685.35364
4450,3C,SanDiego,0.7000000000000001,0.2,62.30547,386.21565,187.92978,636.4509
4451,3C,SanDiego,0.7000000000000001,0.30000000000000004,44.91504,459.37335,231.85606999999996,736.14446
4452,3C,SanDiego,0.7000000000000001,0.35000000000000003,38.98659,495.06543999999997,254.18342,788.2354499999999
4453,3C,SanDiego,0.7000000000000001,0.45,29.994229999999995,565.9428999999999,299.50318999999996,895.4403199999999
4454,3C,SanDiego,0.7000000000000001,0.4,34.01993,530.6941899999999,276.82746999999995,841.5415899999999
4455,3C,SanDiego,0.7000000000000001,0.55,23.478079999999995,632.63992,343.58782999999994,999.7058299999999
4456,3C,SanDiego,0.7000000000000001,0.5,26.56112,600.3681899999999,322.4006,949.3299099999999
4457,3C,SanDiego,0.7000000000000001,0.6000000000000001,20.945119999999996,666.17845,366.48524,1053.60881
4458,3C,SanDiego,0.7000000000000001,0.65,18.48634,702.3139199999999,390.90281,1111.70307
4459,3C,SanDiego,0.7000000000000001,0.7000000000000001,16.64183,734.7756699999999,413.54686000000004,1164.96436
4460,3C,SanDiego,0.7000000000000001,0.75,15.135699999999998,768.47255,436.60262,1220.2108699999999
4461,3C,SanDiego,0.7000000000000001,0.8500000000000001,12.71773,835.9296499999999,483.88593,1332.5333099999998
4462,3C,SanDiego,0.7000000000000001,0.8,13.83128,801.63104,460.19676999999996,1275.6590899999999
4463,3C,SanDiego,0.7000000000000001,0.9500000000000001,10.91488,900.94816,529.42739,1441.29043
4464,3C,SanDiego,0.7000000000000001,0.9,11.75254,868.5814199999999,507.22671999999994,1387.5606799999998
4465,3C,SanDiego,0.75,0.01,202.47795,258.77556999999996,113.72696999999998,574.9804899999999
4466,3C,SanDiego,0.75,0.15000000000000002,87.37319999999998,349.70014,165.98246999999998,603.05581
4467,3C,SanDiego,0.75,0.1,122.6911,314.51477,145.30196,582.50783
4468,3C,SanDiego,0.75,0.25,58.53101,426.97493999999995,210.2888,695.7947499999999
4469,3C,SanDiego,0.75,0.2,69.11346,388.84425999999996,187.64475,645.60247
4470,3C,SanDiego,0.75,0.30000000000000004,50.49979999999999,464.85226,233.18620999999996,748.5382699999999
4471,3C,SanDiego,0.75,0.35000000000000003,43.75791999999999,501.9695,256.02028,801.7476999999999
4472,3C,SanDiego,0.75,0.45,33.899629999999995,573.00531,301.65675,908.56169
4473,3C,SanDiego,0.75,0.4,38.305369999999996,537.97829,278.91768999999994,855.20135
4474,3C,SanDiego,0.75,0.55,26.76092,639.3856299999999,345.70971999999995,1011.8562699999999
4475,3C,SanDiego,0.75,0.5,30.06565,607.1139,324.23745999999994,961.4170099999999
4476,3C,SanDiego,0.75,0.6000000000000001,23.95377,671.53068,367.6887,1063.1731499999999
4477,3C,SanDiego,0.75,0.65,21.0091,707.22277,392.01126,1120.2431299999998
4478,3C,SanDiego,0.75,0.7000000000000001,18.942899999999998,737.8476599999999,413.51518999999996,1170.30575
4479,3C,SanDiego,0.75,0.75,17.32093,769.7710199999999,435.65252,1222.7444699999999
4480,3C,SanDiego,0.75,0.8500000000000001,14.586259999999998,836.3730299999999,481.92238999999995,1332.88168
4481,3C,SanDiego,0.75,0.8,15.82649,803.18287,458.96163999999993,1277.971
4482,3C,SanDiego,0.75,0.9500000000000001,12.550880000000001,899.80804,526.89379,1439.25271
4483,3C,SanDiego,0.75,0.9,13.49439,868.26472,504.69312,1386.4522299999999
4484,3C,SanDiego,0.8500000000000001,0.01,236.95382999999998,254.08841,111.38339,602.42563
4485,3C,SanDiego,0.8500000000000001,0.15000000000000002,106.02087999999999,344.22123,161.2003,611.44241
4486,3C,SanDiego,0.8500000000000001,0.1,145.048,309.13086999999996,141.50155999999998,595.6804299999999
4487,3C,SanDiego,0.8500000000000001,0.25,73.22014999999999,424.18798,205.5383,702.94643
4488,3C,SanDiego,0.8500000000000001,0.2,85.24518,384.63214999999997,182.83091,652.7082399999999
4489,3C,SanDiego,0.8500000000000001,0.30000000000000004,63.21371,462.66703,228.40404,754.2847800000001
4490,3C,SanDiego,0.8500000000000001,0.35000000000000003,55.257529999999996,499.30922,251.07976,805.6465099999999
4491,3C,SanDiego,0.8500000000000001,0.45,43.30902,570.63006,295.76613,909.70521
4492,3C,SanDiego,0.8500000000000001,0.4,48.89739,535.5396999999999,273.56546,858.0025499999999
4493,3C,SanDiego,0.8500000000000001,0.55,34.53346,636.69368,339.78743,1011.0145699999999
4494,3C,SanDiego,0.8500000000000001,0.5,38.60911,604.45362,318.03013999999996,961.09287
4495,3C,SanDiego,0.8500000000000001,0.6000000000000001,31.145409999999995,667.6036,360.87964999999997,1059.6286599999999
4496,3C,SanDiego,0.8500000000000001,0.65,27.228959999999997,703.64406,384.98052,1115.85354
4497,3C,SanDiego,0.8500000000000001,0.7000000000000001,24.60354,732.4004199999999,405.47101,1162.4749699999998
4498,3C,SanDiego,0.8500000000000001,0.75,22.46401,762.96197,426.81659,1212.24257
4499,3C,SanDiego,0.8500000000000001,0.8500000000000001,19.0851,827.0620499999999,471.59797,1317.7451199999998
4500,3C,SanDiego,0.8500000000000001,0.8,20.652869999999997,795.07535,449.20727999999997,1264.9355
4501,3C,SanDiego,0.8500000000000001,0.9500000000000001,16.56383,889.9269999999999,515.55593,1422.04676
4502,3C,SanDiego,0.8500000000000001,0.9,17.729029999999998,858.79539,493.83031,1370.35473
4503,3C,SanDiego,0.8,0.01,221.12478,256.11529,112.4285,589.66857
4504,3C,SanDiego,0.8,0.15000000000000002,97.31099,345.86806999999993,162.91047999999998,606.0895399999999
4505,3C,SanDiego,0.8,0.1,135.23242,311.09441,142.92670999999999,589.2535399999999
4506,3C,SanDiego,0.8,0.25,66.21937999999999,425.67646999999994,207.72353,699.61938
4507,3C,SanDiego,0.8,0.2,77.41184999999999,386.31066,184.79444999999998,648.5169599999999
4508,3C,SanDiego,0.8,0.30000000000000004,56.98385999999999,463.87048999999996,230.81095999999997,751.6653099999999
4509,3C,SanDiego,0.8,0.35000000000000003,49.62940999999999,501.17774999999995,253.77170999999998,804.5788699999999
4510,3C,SanDiego,0.8,0.45,38.69434,572.34024,299.12315,910.15773
4511,3C,SanDiego,0.8,0.4,43.744319999999995,537.40823,276.60578,857.75833
4512,3C,SanDiego,0.8,0.55,30.60468,639.98736,343.9362,1014.52824
4513,3C,SanDiego,0.8,0.5,34.26862,607.0188899999999,321.79886999999997,963.0863799999998
4514,3C,SanDiego,0.8,0.6000000000000001,27.480829999999997,671.02396,365.53513999999996,1064.03993
4515,3C,SanDiego,0.8,0.65,23.94442,707.60281,390.07939,1121.62662
4516,3C,SanDiego,0.8,0.7000000000000001,21.635699999999996,737.3409399999999,411.13993999999997,1170.1165799999999
4517,3C,SanDiego,0.8,0.75,19.7287,768.06084,432.92889999999994,1220.7184399999999
4518,3C,SanDiego,0.8,0.8500000000000001,16.65565,833.68108,478.62870999999996,1328.96544
4519,3C,SanDiego,0.8,0.8,18.06507,801.3776799999999,455.92132,1275.3640699999999
4520,3C,SanDiego,0.8,0.9500000000000001,14.409419999999999,897.4644599999999,523.3467499999999,1435.2206299999998
4521,3C,SanDiego,0.8,0.9,15.4371,865.76279,501.14608,1382.3459699999999
4522,3C,SanDiego,0.9500000000000001,0.01,269.44279,250.44635999999997,109.70487999999999,629.59403
4523,3C,SanDiego,0.9500000000000001,0.15000000000000002,124.31488,342.32103,158.6667,625.30261
4524,3C,SanDiego,0.9500000000000001,0.1,164.60157999999998,305.90053,139.25298999999998,609.7551
4525,3C,SanDiego,0.9500000000000001,0.25,87.97008,422.66782,202.3713,713.0092
4526,3C,SanDiego,0.9500000000000001,0.2,101.57861,382.73195,179.91727,664.22783
4527,3C,SanDiego,0.9500000000000001,0.30000000000000004,76.7385,460.64014999999995,224.76199,762.14064
4528,3C,SanDiego,0.9500000000000001,0.35000000000000003,67.49383999999999,497.37735000000004,246.99432999999996,811.8655200000001
4529,3C,SanDiego,0.9500000000000001,0.45,53.431729999999995,567.30471,290.50891,911.24535
4530,3C,SanDiego,0.9500000000000001,0.4,59.876039999999996,533.06944,268.94164,861.88712
4531,3C,SanDiego,0.9500000000000001,0.55,43.25015,632.06986,332.88336999999996,1008.2033799999999
4532,3C,SanDiego,0.9500000000000001,0.5,47.991719999999994,600.4631999999999,312.04451,960.4994299999998
4533,3C,SanDiego,0.9500000000000001,0.6000000000000001,39.090329999999994,661.9980099999999,353.15217,1054.2405099999999
4534,3C,SanDiego,0.9500000000000001,0.65,34.528789999999994,696.48664,376.14459,1107.1600199999998
4535,3C,SanDiego,0.9500000000000001,0.7000000000000001,31.38496,723.75451,395.62163999999996,1150.76111
4536,3C,SanDiego,0.9500000000000001,0.75,28.70619,753.27095,415.92211000000003,1197.89925
4537,3C,SanDiego,0.9500000000000001,0.8500000000000001,24.61715,815.21747,459.08832,1298.9229400000002
4538,3C,SanDiego,0.9500000000000001,0.8,26.587490000000003,784.40256,437.4893799999999,1248.4794299999999
4539,3C,SanDiego,0.9500000000000001,0.9500000000000001,21.480759999999997,876.18222,501.36776999999995,1399.03075
4540,3C,SanDiego,0.9500000000000001,0.9,22.98519,845.96904,480.46557,1349.4198
4541,3C,SanDiego,0.9,0.01,253.46793,252.18820999999997,110.49663,616.1527699999999
4542,3C,SanDiego,0.9,0.15000000000000002,114.94076999999999,342.98609999999996,159.80682,617.7336899999999
4543,3C,SanDiego,0.9,0.1,155.3161,307.00897999999995,140.26642999999999,602.59151
4544,3C,SanDiego,0.9,0.25,80.44175999999999,423.11119999999994,203.76478,707.31774
4545,3C,SanDiego,0.9,0.2,93.41689000000001,383.46036,181.24740999999997,658.12466
4546,3C,SanDiego,0.9,0.30000000000000004,69.82275,461.46357,226.40882999999997,757.69515
4547,3C,SanDiego,0.9,0.35000000000000003,61.40150999999999,498.13742999999994,248.79952,808.3384599999999
4548,3C,SanDiego,0.9,0.45,48.30034,568.72986,292.91582999999997,909.9460300000001
4549,3C,SanDiego,0.9,0.4,54.332939999999994,534.11455,271.03186,859.4793500000001
4550,3C,SanDiego,0.9,0.55,38.84717,633.9383899999999,336.05037,1008.83593
4551,3C,SanDiego,0.9,0.5,43.25121,602.20505,314.83146999999997,960.28773
4552,3C,SanDiego,0.9,0.6000000000000001,35.09906,664.5949499999999,356.73087999999996,1056.4248899999998
4553,3C,SanDiego,0.9,0.65,30.82255,699.87533,380.32502999999997,1111.02291
4554,3C,SanDiego,0.9,0.7000000000000001,27.93208,727.83994,400.24546,1156.01748
4555,3C,SanDiego,0.9,0.75,25.538339999999998,757.83143,421.08432,1204.45409
4556,3C,SanDiego,0.9,0.8500000000000001,21.79767,820.94974,465.13729,1307.8847
4557,3C,SanDiego,0.9,0.8,23.57799,789.37475,443.03162999999995,1255.98437
4558,3C,SanDiego,0.9,0.9500000000000001,18.957149999999995,882.8645899999999,508.24015999999995,1410.0618999999997
4559,3C,SanDiego,0.9,0.9,20.22905,852.14469,486.83124,1359.20498
4560,4C,Seattle,0.01,0.01,282.82683000000003,152.96609999999998,143.43343,579.22636
4561,4C,Seattle,0.01,0.15000000000000002,258.387,198.95094,201.48453999999998,658.82248
4562,4C,Seattle,0.01,0.1,267.93133,185.77621999999997,179.94894,633.65649
4563,4C,Seattle,0.01,0.25,178.99521000000001,211.99898,243.44729,634.44148
4564,4C,Seattle,0.01,0.2,218.19118,205.72831999999997,222.19671999999997,646.1162199999999
4565,4C,Seattle,0.01,0.30000000000000004,147.98259000000002,223.24182999999996,265.39459999999997,636.61902
4566,4C,Seattle,0.01,0.35000000000000003,124.45829,235.81481999999997,286.86686,647.13997
4567,4C,Seattle,0.01,0.45,101.34441000000001,266.62973,330.6348,698.6089400000001
4568,4C,Seattle,0.01,0.4,109.26846,251.14309999999998,308.59247999999997,669.00404
4569,4C,Seattle,0.01,0.55,89.18957,298.07804,371.48909999999995,758.7567099999999
4570,4C,Seattle,0.01,0.5,94.90353000000002,282.40139,351.18863,728.49355
4571,4C,Seattle,0.01,0.6000000000000001,84.20083,313.50132999999994,391.25118,788.9533399999999
4572,4C,Seattle,0.01,0.65,79.35981000000001,328.98796,410.72823,819.076
4573,4C,Seattle,0.01,0.7000000000000001,75.14985,344.28457,429.95192,849.38634
4574,4C,Seattle,0.01,0.75,70.96837,359.42283,448.9539199999999,879.34512
4575,4C,Seattle,0.01,0.8500000000000001,64.33939,389.03427999999997,486.4512,939.8248699999999
4576,4C,Seattle,0.01,0.8,67.54548,374.46608,467.76589999999993,909.7774599999999
4577,4C,Seattle,0.01,0.9500000000000001,58.62841,418.74073999999996,522.9983799999999,1000.3675299999999
4578,4C,Seattle,0.01,0.9,61.37008,403.85583999999994,504.7881299999999,970.0140499999999
4579,4C,Seattle,0.05,0.01,318.33778,145.55532,134.09078,597.98388
4580,4C,Seattle,0.05,0.15000000000000002,292.77246,193.75706,189.03822999999997,675.56775
4581,4C,Seattle,0.05,0.1,302.2101,179.2522,168.45272999999997,649.91503
4582,4C,Seattle,0.05,0.25,208.94392000000002,208.13523999999998,229.16412,646.24328
4583,4C,Seattle,0.05,0.2,251.75557,204.46152,208.76864,664.98573
4584,4C,Seattle,0.05,0.30000000000000004,175.46679,218.45966,250.16132999999996,644.0877800000001
4585,4C,Seattle,0.05,0.35000000000000003,149.00994,230.65260999999998,269.95507999999995,649.61763
4586,4C,Seattle,0.05,0.45,124.82757000000001,261.43584999999996,312.99460999999997,699.25803
4587,4C,Seattle,0.05,0.4,131.11222,245.34749,291.07896999999997,667.5386799999999
4588,4C,Seattle,0.05,0.55,107.93966,292.97917,353.43719999999996,754.3560299999999
4589,4C,Seattle,0.05,0.5,115.10045,277.20751,333.35842,725.66638
4590,4C,Seattle,0.05,0.6000000000000001,102.18999,308.02242,373.45264,783.66505
4591,4C,Seattle,0.05,0.65,96.57294999999999,323.35069999999996,392.73967,812.6633199999999
4592,4C,Seattle,0.05,0.7000000000000001,91.78698,339.12235999999996,412.05837,842.9677099999999
4593,4C,Seattle,0.05,0.75,86.95445999999998,354.29229,431.18705,872.4338
4594,4C,Seattle,0.05,0.8500000000000001,78.76664,384.37879,468.96936,932.11479
4595,4C,Seattle,0.05,0.8,82.87883000000001,368.86048999999997,450.03069999999997,901.7700199999999
4596,4C,Seattle,0.05,0.9500000000000001,71.75188,413.89522999999997,505.61154999999997,991.25866
4597,4C,Seattle,0.05,0.9,74.90207,398.63029,487.30629,960.8386499999999
4598,4C,Seattle,0.15000000000000002,0.01,418.03723,130.86043999999998,118.60415,667.5018200000001
4599,4C,Seattle,0.15000000000000002,0.15000000000000002,386.78591,182.95759,166.80589,736.54939
4600,4C,Seattle,0.15000000000000002,0.1,398.06681000000003,165.25405999999998,148.37395,711.69482
4601,4C,Seattle,0.15000000000000002,0.25,287.67291,199.96437999999998,202.02292999999997,689.66022
4602,4C,Seattle,0.15000000000000002,0.2,336.89464,193.59870999999998,184.3194,714.8127499999999
4603,4C,Seattle,0.15000000000000002,0.30000000000000004,248.72432,209.46537999999998,219.85314,678.0428400000001
4604,4C,Seattle,0.15000000000000002,0.35000000000000003,219.02927,218.74468999999996,238.03171999999998,675.8056799999999
4605,4C,Seattle,0.15000000000000002,0.45,189.86025,249.17956,278.28429,717.3241
4606,4C,Seattle,0.15000000000000002,0.4,201.19871,233.34456,257.69879,692.24206
4607,4C,Seattle,0.15000000000000002,0.55,171.57312000000002,279.45608,317.46007999999995,768.48928
4608,4C,Seattle,0.15000000000000002,0.5,180.46577000000002,264.06446,297.79301,742.3232399999999
4609,4C,Seattle,0.15000000000000002,0.6000000000000001,163.65820000000002,295.06939,337.03213999999997,795.75973
4610,4C,Seattle,0.15000000000000002,0.65,156.10759000000002,310.17598,356.28749999999997,822.57107
4611,4C,Seattle,0.15000000000000002,0.7000000000000001,148.97464000000002,325.69428,375.51118999999994,850.18011
4612,4C,Seattle,0.15000000000000002,0.75,142.81857000000002,341.33925999999997,394.35483999999997,878.51267
4613,4C,Seattle,0.15000000000000002,0.8500000000000001,131.37171999999998,371.04571999999996,431.85212,934.26956
4614,4C,Seattle,0.15000000000000002,0.8,136.86676,356.03414,413.26183000000003,906.16273
4615,4C,Seattle,0.15000000000000002,0.9500000000000001,120.2235,400.94219999999996,468.71599999999995,989.8816999999999
4616,4C,Seattle,0.15000000000000002,0.9,125.04496999999999,385.89894999999996,450.41074,961.35466
4617,4C,Seattle,0.1,0.01,365.71458,137.51113999999998,125.22317999999999,628.4489
4618,4C,Seattle,0.1,0.15000000000000002,338.57210000000003,187.45472999999998,176.62359,702.65042
4619,4C,Seattle,0.1,0.1,348.76473,171.49304999999998,157.11487,677.3726499999999
4620,4C,Seattle,0.1,0.25,246.69281,204.30317,214.46923999999999,665.46522
4621,4C,Seattle,0.1,0.2,293.06722,199.71102,195.15053999999998,687.92878
4622,4C,Seattle,0.1,0.30000000000000004,209.98131,214.18420999999998,233.37623,657.54175
4623,4C,Seattle,0.1,0.35000000000000003,182.02895999999998,225.23704,252.4099,659.6759
4624,4C,Seattle,0.1,0.45,155.04815,255.13352,294.02428,704.20595
4625,4C,Seattle,0.1,0.4,165.0265,238.91848,272.80538,676.75036
4626,4C,Seattle,0.1,0.55,139.05954,286.07511,334.18183999999997,759.3164899999999
4627,4C,Seattle,0.1,0.5,146.74873,270.33511999999996,314.1664,731.25025
4628,4C,Seattle,0.1,0.6000000000000001,131.01709,300.96001,353.7539,785.731
4629,4C,Seattle,0.1,0.65,124.56578999999999,316.73167,373.42096999999995,814.7184299999999
4630,4C,Seattle,0.1,0.7000000000000001,118.55297999999999,332.02828,392.54965,843.13091
4631,4C,Seattle,0.1,0.75,113.36869000000002,347.73659999999995,411.74166999999994,872.8469599999999
4632,4C,Seattle,0.1,0.8500000000000001,102.01855,378.07645999999994,449.17561,929.27062
4633,4C,Seattle,0.1,0.8,106.4434,363.06487999999996,430.3953,899.9035799999999
4634,4C,Seattle,0.1,0.9500000000000001,93.62753000000001,407.05451,486.07115999999996,986.7532
4635,4C,Seattle,0.1,0.9,97.37626,392.20128,467.67088999999993,957.2484299999999
4636,4C,Seattle,0.25,0.01,537.51963,121.23276,109.83156,768.58395
4637,4C,Seattle,0.25,0.15000000000000002,489.9121,173.89996999999997,152.74441,816.55648
4638,4C,Seattle,0.25,0.1,504.6714,154.35958,136.11765999999997,795.14864
4639,4C,Seattle,0.25,0.25,378.22995000000003,189.79831,183.30596,751.3342200000001
4640,4C,Seattle,0.25,0.2,433.34527,185.20615999999998,167.66098,786.21241
4641,4C,Seattle,0.25,0.30000000000000004,335.02099999999996,197.90583,199.55266999999998,732.4794999999999
4642,4C,Seattle,0.25,0.35000000000000003,302.31007,208.54694999999998,216.3061,727.1631199999999
4643,4C,Seattle,0.25,0.45,268.60839999999996,238.41176,253.58168999999995,760.6018499999999
4644,4C,Seattle,0.25,0.4,282.89281,222.51342,234.42134,739.8275699999999
4645,4C,Seattle,0.25,0.55,246.19014,268.97331,290.76227,805.92572
4646,4C,Seattle,0.25,0.5,257.01211,253.35999999999999,272.10864,782.48075
4647,4C,Seattle,0.25,0.6000000000000001,236.01666,284.14324,309.51090999999997,829.67081
4648,4C,Seattle,0.25,0.65,226.84004,299.88322999999997,328.38622999999995,855.1094999999999
4649,4C,Seattle,0.25,0.7000000000000001,218.13188,314.26141,346.81817,879.21146
4650,4C,Seattle,0.25,0.75,209.6063,329.30466,365.59848,904.50944
4651,4C,Seattle,0.25,0.8500000000000001,195.22902,359.48617,402.58904,957.30423
4652,4C,Seattle,0.25,0.8,202.24677,344.82295999999997,384.28378,931.3535099999999
4653,4C,Seattle,0.25,0.9500000000000001,182.46138000000002,390.01605,439.04121,1011.51864
4654,4C,Seattle,0.25,0.9,188.7114,373.80100999999996,421.0526499999999,983.5650599999999
4655,4C,Seattle,0.2,0.01,475.84135000000003,125.66655999999999,113.63196,715.1398700000001
4656,4C,Seattle,0.2,0.15000000000000002,437.22769,178.36543999999998,159.07841,774.6715399999999
4657,4C,Seattle,0.2,0.1,450.81987000000004,159.42678,141.53322999999997,751.77988
4658,4C,Seattle,0.2,0.25,331.6757,194.86551,191.73018,718.27139
4659,4C,Seattle,0.2,0.2,383.68396,189.51328,175.26178,748.45902
4660,4C,Seattle,0.2,0.30000000000000004,290.42774,203.60643000000002,208.67363,702.7078
4661,4C,Seattle,0.2,0.35000000000000003,259.43931999999995,213.77249999999998,226.18714,699.39896
4662,4C,Seattle,0.2,0.45,228.04978,243.38394999999997,264.95122,736.3849499999999
4663,4C,Seattle,0.2,0.4,240.72412,227.48560999999998,245.09412999999998,713.30386
4664,4C,Seattle,0.2,0.55,207.74916000000002,274.23053,303.17691,785.1566
4665,4C,Seattle,0.2,0.5,217.15767,258.61722,283.92155,759.6964399999999
4666,4C,Seattle,0.2,0.6000000000000001,198.55575,289.36879,322.27392,810.19846
4667,4C,Seattle,0.2,0.65,190.36005,304.88708999999994,341.46593999999993,836.7130799999999
4668,4C,Seattle,0.2,0.7000000000000001,182.52695999999997,319.86699999999996,360.30958999999996,862.70355
4669,4C,Seattle,0.2,0.75,174.87815,335.35363,379.21657999999996,889.44836
4670,4C,Seattle,0.2,0.8500000000000001,162.48609,365.25010999999995,416.49216999999993,944.2283699999998
4671,4C,Seattle,0.2,0.8,168.72293,350.42855,397.83853999999997,916.99002
4672,4C,Seattle,0.2,0.9500000000000001,150.94933,394.35483999999997,453.22937,998.53354
4673,4C,Seattle,0.2,0.9,156.55766,380.38836999999995,434.89243999999997,971.8384699999999
4674,4C,Seattle,0.30000000000000004,0.01,602.71562,116.92564,106.98125999999999,826.62252
4675,4C,Seattle,0.30000000000000004,0.15000000000000002,543.11663,170.22625,147.77221999999998,861.1150999999999
4676,4C,Seattle,0.30000000000000004,0.1,561.0084999999999,150.21080999999998,132.12724,843.34655
4677,4C,Seattle,0.30000000000000004,0.25,425.86141,186.50463,177.9854,790.35144
4678,4C,Seattle,0.30000000000000004,0.2,483.85976000000005,182.03915999999998,162.40376,828.3026800000001
4679,4C,Seattle,0.30000000000000004,0.30000000000000004,379.69780000000003,195.11887,193.78873,768.6054
4680,4C,Seattle,0.30000000000000004,0.35000000000000003,344.34211000000005,205.50663,210.35214,760.20088
4681,4C,Seattle,0.30000000000000004,0.45,311.56459,234.70637,244.77743,791.04839
4682,4C,Seattle,0.30000000000000004,0.4,325.80692,219.69479,227.35893000000002,772.86064
4683,4C,Seattle,0.30000000000000004,0.55,286.19187999999997,263.87443999999994,280.02614,830.0924599999998
4684,4C,Seattle,0.30000000000000004,0.5,298.72828000000004,249.40124999999998,262.51263,810.6421600000001
4685,4C,Seattle,0.30000000000000004,0.6000000000000001,275.42836,279.07604,298.3314,852.8358000000001
4686,4C,Seattle,0.30000000000000004,0.65,265.14244,293.77092,316.92168999999996,875.8350499999999
4687,4C,Seattle,0.30000000000000004,0.7000000000000001,255.37832999999998,309.47924,335.22695,900.08452
4688,4C,Seattle,0.30000000000000004,0.75,246.41935999999998,324.90253,353.46887,924.7907599999999
4689,4C,Seattle,0.30000000000000004,0.8500000000000001,230.171,354.51397999999995,390.26941,974.95439
4690,4C,Seattle,0.30000000000000004,0.8,238.02471,339.05902,372.05915999999996,949.1428899999999
4691,4C,Seattle,0.30000000000000004,0.9500000000000001,216.04984,382.79528999999997,426.11985,1024.96498
4692,4C,Seattle,0.30000000000000004,0.9,222.47989,369.11384999999996,408.35297999999995,999.9467199999999
4693,4C,Seattle,0.35000000000000003,0.01,668.4113199999999,112.96688999999999,104.79603,886.1742399999999
4694,4C,Seattle,0.35000000000000003,0.15000000000000002,597.1830600000001,166.42584999999997,143.40176,907.01067
4695,4C,Seattle,0.35000000000000003,0.1,618.14692,145.84034999999997,128.61186999999998,892.5991399999999
4696,4C,Seattle,0.35000000000000003,0.25,476.12551999999994,182.22917999999999,172.18979,830.5444899999999
4697,4C,Seattle,0.35000000000000003,0.2,536.0370399999999,177.85871999999998,157.33656,871.2323199999998
4698,4C,Seattle,0.35000000000000003,0.30000000000000004,428.11357,190.11500999999998,187.39139,805.61997
4699,4C,Seattle,0.35000000000000003,0.35000000000000003,390.55118,201.70622999999998,203.28973,795.5471399999999
4700,4C,Seattle,0.35000000000000003,0.45,355.76144,230.11422,236.51156,822.38722
4701,4C,Seattle,0.35000000000000003,0.4,371.35049000000004,215.51434999999998,219.75813,806.6229699999999
4702,4C,Seattle,0.35000000000000003,0.55,327.90189,259.40896999999995,270.7785,858.0893599999999
4703,4C,Seattle,0.35000000000000003,0.5,341.43834000000004,245.1258,253.70836999999997,840.27251
4704,4C,Seattle,0.35000000000000003,0.6000000000000001,315.82077,274.29386999999997,288.73539,878.8500300000001
4705,4C,Seattle,0.35000000000000003,0.65,304.49144,289.68548999999996,306.72394999999995,900.9008799999999
4706,4C,Seattle,0.35000000000000003,0.7000000000000001,293.98808,305.26713,324.74418000000003,923.9993900000001
4707,4C,Seattle,0.35000000000000003,0.75,283.97231,319.74031999999994,342.73274,946.4453699999999
4708,4C,Seattle,0.35000000000000003,0.8500000000000001,266.1379,349.16175,379.05823,994.3578799999999
4709,4C,Seattle,0.35000000000000003,0.8,274.80504,335.10026999999997,360.94298999999995,970.8482999999999
4710,4C,Seattle,0.35000000000000003,0.9500000000000001,250.52655,378.7732,414.27527,1043.5750199999998
4711,4C,Seattle,0.35000000000000003,0.9,258.09672,364.42668999999995,397.01511999999997,1019.53853
4712,4C,Seattle,0.45,0.01,801.04062,106.82290999999998,102.29409999999999,1010.1576299999999
4713,4C,Seattle,0.45,0.15000000000000002,703.70034,159.55346,136.87774,1000.13154
4714,4C,Seattle,0.45,0.1,732.9453699999999,138.61959,123.35465,994.9196099999999
4715,4C,Seattle,0.45,0.25,577.4395499999999,172.98154,163.16384,913.58493
4716,4C,Seattle,0.45,0.2,639.24788,168.83277,149.51407,957.59472
4717,4C,Seattle,0.45,0.30000000000000004,527.20559,183.08427,177.32032999999998,887.6101900000001
4718,4C,Seattle,0.45,0.35000000000000003,487.72556,195.11887,192.14189,874.98632
4719,4C,Seattle,0.45,0.45,446.71488999999997,222.70343999999997,223.30517,892.7235
4720,4C,Seattle,0.45,0.4,465.33831,208.61029,207.47017,881.41877
4721,4C,Seattle,0.45,0.55,413.27822999999995,251.42812999999998,255.48189,920.1882499999999
4722,4C,Seattle,0.45,0.5,429.74744999999996,237.42998999999998,239.36185999999998,906.5392999999999
4723,4C,Seattle,0.45,0.6000000000000001,399.30030999999997,266.15468,272.52034999999995,937.97534
4724,4C,Seattle,0.45,0.65,385.8933,281.19793,289.74882999999994,956.84006
4725,4C,Seattle,0.45,0.7000000000000001,373.57646,296.52621,307.19899999999996,977.30167
4726,4C,Seattle,0.45,0.75,362.27476,311.66447,324.64916999999997,998.5883999999999
4727,4C,Seattle,0.45,0.8500000000000001,340.96409,340.54751,359.77119999999996,1041.2828
4728,4C,Seattle,0.45,0.8,351.12227,326.26433999999995,342.16268,1019.54929
4729,4C,Seattle,0.45,0.9500000000000001,322.68991,368.98717,393.81645,1085.49353
4730,4C,Seattle,0.45,0.9,331.62273999999996,355.62243,377.34805,1064.59322
4731,4C,Seattle,0.4,0.01,734.16845,109.64153999999999,103.24419999999999,947.05419
4732,4C,Seattle,0.4,0.15000000000000002,650.78401,162.84714,139.79138,953.4225299999999
4733,4C,Seattle,0.4,0.1,675.6041700000001,142.00828,125.69822999999998,943.31068
4734,4C,Seattle,0.4,0.25,526.86851,177.57369,167.28094,871.72314
4735,4C,Seattle,0.4,0.2,588.38309,173.58327,153.09278,915.0591400000001
4736,4C,Seattle,0.4,0.30000000000000004,477.57424000000003,186.50463,181.94415,846.0230200000001
4737,4C,Seattle,0.4,0.35000000000000003,438.79542000000004,198.12752,197.30409999999998,834.22704
4738,4C,Seattle,0.4,0.45,400.97236999999996,226.37716,229.44915,856.79868
4739,4C,Seattle,0.4,0.4,418.03652,211.84062999999998,213.10743,842.98458
4740,4C,Seattle,0.4,0.55,370.58347000000003,255.38688,262.67098,888.64133
4741,4C,Seattle,0.4,0.5,385.25919,241.3254,246.0759,872.66049
4742,4C,Seattle,0.4,0.6000000000000001,357.26807,270.20843999999994,280.05781,907.53432
4743,4C,Seattle,0.4,0.65,344.9795,285.28335999999996,297.76133999999996,928.0241999999998
4744,4C,Seattle,0.4,0.7000000000000001,333.34771,300.865,315.46486999999996,949.67758
4745,4C,Seattle,0.4,0.75,322.64689,315.93992,333.26340999999996,971.85022
4746,4C,Seattle,0.4,0.8500000000000001,303.12057999999996,344.44292,368.89216,1016.45566
4747,4C,Seattle,0.4,0.8,312.53866,330.19142,350.93527,993.66535
4748,4C,Seattle,0.4,0.9500000000000001,286.54659,374.05436999999995,403.69748999999996,1064.29845
4749,4C,Seattle,0.4,0.9,294.58182,359.01112,386.78570999999994,1040.3786499999999
4750,4C,Seattle,0.55,0.01,933.4835199999999,102.10408,101.78738,1137.3749799999998
4751,4C,Seattle,0.55,0.15000000000000002,808.2436799999999,153.37780999999998,132.82397999999998,1094.44547
4752,4C,Seattle,0.55,0.1,846.29636,132.95065999999997,120.34599999999999,1099.59302
4753,4C,Seattle,0.55,0.25,677.48275,166.80589,156.86150999999998,1001.1501499999999
4754,4C,Seattle,0.55,0.2,740.9300699999999,160.82026,144.35186,1046.1021899999998
4755,4C,Seattle,0.55,0.30000000000000004,625.78707,176.90861999999998,170.03623,972.73192
4756,4C,Seattle,0.55,0.35000000000000003,585.13375,189.0699,183.97103,958.17468
4757,4C,Seattle,0.55,0.45,538.48794,216.74947999999998,213.20243999999997,968.43986
4758,4C,Seattle,0.55,0.4,560.26582,202.90968999999996,198.31753999999998,961.4930499999999
4759,4C,Seattle,0.55,0.55,500.25593,245.03079,243.76398999999998,989.05071
4760,4C,Seattle,0.55,0.5,519.01283,231.06431999999998,228.46738,978.5445299999999
4761,4C,Seattle,0.55,0.6000000000000001,483.69275999999996,259.25061999999997,259.91569,1002.85907
4762,4C,Seattle,0.55,0.65,468.41891999999996,273.78715,276.35242,1018.5584899999999
4763,4C,Seattle,0.55,0.7000000000000001,453.88603,288.86206999999996,293.16918999999996,1035.9172899999999
4764,4C,Seattle,0.55,0.75,440.86501,303.62029,310.01763,1054.50293
4765,4C,Seattle,0.55,0.8500000000000001,416.82243,332.91504,343.80951999999996,1093.54699
4766,4C,Seattle,0.55,0.8,428.51076,318.41018,326.96108,1073.88202
4767,4C,Seattle,0.55,0.9500000000000001,396.13219,361.22801999999996,376.52463,1133.88484
4768,4C,Seattle,0.55,0.9,405.88588999999996,347.54657999999995,360.94298999999995,1114.37546
4769,4C,Seattle,0.5,0.01,867.6283999999999,104.28930999999999,101.85071999999998,1073.7684299999999
4770,4C,Seattle,0.5,0.15000000000000002,756.63963,156.57647999999998,134.5975,1047.81361
4771,4C,Seattle,0.5,0.1,789.3088399999999,135.61094,121.54946,1046.46924
4772,4C,Seattle,0.5,0.25,628.0971,169.27615,159.74347999999998,957.11673
4773,4C,Seattle,0.5,0.2,690.4157700000001,164.90569,146.66377,1001.9852300000001
4774,4C,Seattle,0.5,0.30000000000000004,576.38761,180.23396999999997,173.39325,930.01483
4775,4C,Seattle,0.5,0.35000000000000003,536.29628,191.95186999999999,187.73976,915.98791
4776,4C,Seattle,0.5,0.45,492.97815999999995,219.63144999999997,217.88959999999997,930.49921
4777,4C,Seattle,0.5,0.4,512.4658099999999,205.66497999999999,202.56132,920.69211
4778,4C,Seattle,0.5,0.55,456.81044,248.03943999999996,249.17956,954.02944
4779,4C,Seattle,0.5,0.5,474.80980999999997,233.88294999999997,233.56625,942.2590099999999
4780,4C,Seattle,0.5,0.6000000000000001,441.53405000000004,262.67098,265.86965,970.0746800000001
4781,4C,Seattle,0.5,0.65,427.20861,277.23918,282.68642,987.1342099999999
4782,4C,Seattle,0.5,0.7000000000000001,414.06835,292.50412,299.81989,1006.39236
4783,4C,Seattle,0.5,0.75,401.56233999999995,307.04064999999997,316.95336,1025.5563499999998
4784,4C,Seattle,0.5,0.8500000000000001,379.39318000000003,336.87379,351.34698,1067.61395
4785,4C,Seattle,0.5,0.8,390.29231,322.68563,334.08682999999996,1047.06477
4786,4C,Seattle,0.5,0.9500000000000001,360.31046,365.21843999999993,384.75883,1110.28773
4787,4C,Seattle,0.5,0.9,369.34085,351.79035999999996,368.76547999999997,1089.89669
4788,4C,Seattle,0.6000000000000001,0.01,999.09442,100.26722,102.00907,1201.3707100000001
4789,4C,Seattle,0.6000000000000001,0.15000000000000002,859.47917,150.14746999999997,131.58884999999998,1141.21549
4790,4C,Seattle,0.6000000000000001,0.1,903.0079900000001,130.60708,119.52258,1153.1376500000001
4791,4C,Seattle,0.6000000000000001,0.25,726.37486,164.36729999999997,154.64460999999997,1045.38677
4792,4C,Seattle,0.6000000000000001,0.2,790.51744,157.49490999999998,142.57834,1090.59069
4793,4C,Seattle,0.6000000000000001,0.30000000000000004,674.40966,174.24834,167.31260999999998,1015.97061
4794,4C,Seattle,0.6000000000000001,0.35000000000000003,633.39776,186.82133,180.80403,1001.02312
4795,4C,Seattle,0.6000000000000001,0.45,584.7435599999999,214.24755000000002,209.24368999999996,1008.2348
4796,4C,Seattle,0.6000000000000001,0.4,607.10064,200.47109999999998,194.7705,1002.34224
4797,4C,Seattle,0.6000000000000001,0.55,543.75796,242.08548,238.98181999999997,1024.82526
4798,4C,Seattle,0.6000000000000001,0.5,563.52745,228.18234999999999,224.16026,1015.8700600000001
4799,4C,Seattle,0.6000000000000001,0.6000000000000001,525.73967,256.17863,254.75347999999997,1036.6717800000001
4800,4C,Seattle,0.6000000000000001,0.65,509.63241999999997,270.4618,270.7785,1050.8727199999998
4801,4C,Seattle,0.6000000000000001,0.7000000000000001,494.56113999999997,285.06167,287.15189,1066.7747
4802,4C,Seattle,0.6000000000000001,0.75,480.39000999999996,300.10492,303.7153,1084.21023
4803,4C,Seattle,0.6000000000000001,0.8500000000000001,454.76478,329.93806,337.06381,1121.76665
4804,4C,Seattle,0.6000000000000001,0.8,467.02232000000004,314.73645999999997,320.40539,1102.16417
4805,4C,Seattle,0.6000000000000001,0.9500000000000001,433.04197,356.57253,368.73381,1158.3483099999999
4806,4C,Seattle,0.6000000000000001,0.9,443.22651,344.50626,353.81723999999997,1141.55001
4807,4C,Seattle,0.65,0.01,1063.55096,98.81039999999999,102.48411999999999,1264.8454800000002
4808,4C,Seattle,0.65,0.15000000000000002,907.8135699999999,148.31061,131.17714,1187.3013199999998
4809,4C,Seattle,0.65,0.1,956.51266,129.21359999999999,119.33255999999999,1205.05882
4810,4C,Seattle,0.65,0.25,765.85847,163.35386,154.73962,1083.9519500000001
4811,4C,Seattle,0.65,0.2,831.7293,154.20122999999998,142.41998999999998,1128.35052
4812,4C,Seattle,0.65,0.30000000000000004,714.28329,174.47003,167.75599,1056.50931
4813,4C,Seattle,0.65,0.35000000000000003,677.62077,188.15147,181.34241999999998,1047.11466
4814,4C,Seattle,0.65,0.45,627.1318299999999,215.83105,209.59206,1052.55494
4815,4C,Seattle,0.65,0.4,651.1574300000001,202.02292999999997,195.27721999999997,1048.45758
4816,4C,Seattle,0.65,0.55,584.8394699999999,243.06724999999997,238.63344999999998,1066.5401699999998
4817,4C,Seattle,0.65,0.5,605.5664999999999,229.48081999999997,224.25527,1059.3025899999998
4818,4C,Seattle,0.65,0.6000000000000001,566.3778,257.00205,253.89838999999998,1077.27824
4819,4C,Seattle,0.65,0.65,548.16269,271.88694999999996,270.24010999999996,1090.28975
4820,4C,Seattle,0.65,0.7000000000000001,531.75043,285.60006,285.91676,1103.26725
4821,4C,Seattle,0.65,0.75,516.92422,300.70664999999997,302.00512,1119.63599
4822,4C,Seattle,0.65,0.8500000000000001,490.02220000000005,330.03306999999995,334.49854,1154.55381
4823,4C,Seattle,0.65,0.8,502.96563999999995,314.7998,318.18849,1135.95393
4824,4C,Seattle,0.65,0.9500000000000001,466.37666,356.38250999999997,365.97852,1188.73769
4825,4C,Seattle,0.65,0.9,477.37632999999994,344.53793,350.77692,1172.69118
4826,4C,Seattle,0.7000000000000001,0.01,1126.57151,97.48026,103.11752,1327.16929
4827,4C,Seattle,0.7000000000000001,0.15000000000000002,953.66836,146.69544,131.05046,1231.41426
4828,4C,Seattle,0.7000000000000001,0.1,1009.6632199999999,128.20015999999998,119.52258,1257.3859599999998
4829,4C,Seattle,0.7000000000000001,0.25,804.0495599999999,162.97382,155.27801,1122.3013899999999
4830,4C,Seattle,0.7000000000000001,0.2,872.12603,152.6494,142.67334999999997,1167.4487800000002
4831,4C,Seattle,0.7000000000000001,0.30000000000000004,754.0053599999999,175.57847999999998,168.73775999999998,1098.3215999999998
4832,4C,Seattle,0.7000000000000001,0.35000000000000003,721.35916,189.89332,182.51421,1093.76669
4833,4C,Seattle,0.7000000000000001,0.45,669.16748,217.82626,210.76385,1097.75759
4834,4C,Seattle,0.7000000000000001,0.4,693.8698400000001,204.04981,196.57568999999998,1094.49534
4835,4C,Seattle,0.7000000000000001,0.55,625.6625200000001,245.09412999999998,239.26684999999998,1110.0235
4836,4C,Seattle,0.7000000000000001,0.5,646.61953,231.76106000000001,225.30038,1103.6809700000001
4837,4C,Seattle,0.7000000000000001,0.6000000000000001,605.6165,258.61722,254.05674,1118.29046
4838,4C,Seattle,0.7000000000000001,0.65,585.82193,273.78715,270.39845999999994,1130.0075399999998
4839,4C,Seattle,0.7000000000000001,0.7000000000000001,568.80879,286.67683999999997,285.34669999999994,1140.83233
4840,4C,Seattle,0.7000000000000001,0.75,553.30752,301.62507999999997,300.865,1155.7975999999999
4841,4C,Seattle,0.7000000000000001,0.8500000000000001,524.88534,329.58968999999996,332.47166,1186.94669
4842,4C,Seattle,0.7000000000000001,0.8,538.69386,314.76813,316.66832999999997,1170.13032
4843,4C,Seattle,0.7000000000000001,0.9500000000000001,500.16216999999995,355.81244999999996,363.5716,1219.54622
4844,4C,Seattle,0.7000000000000001,0.9,511.86028,344.31624,348.37,1204.5465199999999
4845,4C,Seattle,0.75,0.01,1187.0310399999998,96.43515,103.84593,1387.3121199999998
4846,4C,Seattle,0.75,0.15000000000000002,998.77965,145.0486,131.20881,1275.03706
4847,4C,Seattle,0.75,0.1,1061.60118,127.50341999999999,119.87095,1308.97555
4848,4C,Seattle,0.75,0.25,841.4049,162.84714,156.38646,1160.6385
4849,4C,Seattle,0.75,0.2,910.2650500000001,151.66763,143.30675,1205.23943
4850,4C,Seattle,0.75,0.30000000000000004,794.90643,177.51035,170.25791999999998,1142.6747
4851,4C,Seattle,0.75,0.35000000000000003,762.97226,192.26856999999998,184.28772999999998,1139.52856
4852,4C,Seattle,0.75,0.45,709.5837099999999,220.51820999999998,212.72738999999999,1142.8293099999999
4853,4C,Seattle,0.75,0.4,735.0478499999999,206.61507999999998,198.50755999999998,1140.17049
4854,4C,Seattle,0.75,0.55,664.37771,247.81775,240.88201999999998,1153.07748
4855,4C,Seattle,0.75,0.5,686.13646,234.42134,227.10556999999997,1147.66337
4856,4C,Seattle,0.75,0.6000000000000001,644.19417,260.70743999999996,255.07018,1159.9717899999998
4857,4C,Seattle,0.75,0.65,622.40843,275.84569999999997,271.28522,1169.53935
4858,4C,Seattle,0.75,0.7000000000000001,605.11111,288.07032,285.37836999999996,1178.5598
4859,4C,Seattle,0.75,0.75,588.87144,301.94178,300.26327,1191.07649
4860,4C,Seattle,0.75,0.8500000000000001,559.2032899999999,329.62136,330.98317,1219.80782
4861,4C,Seattle,0.75,0.8,573.29684,315.43319999999994,315.52820999999994,1204.2582499999999
4862,4C,Seattle,0.75,0.9500000000000001,533.2333,356.00246999999996,361.48138,1250.71715
4863,4C,Seattle,0.75,0.9,545.92572,343.58782999999994,346.40646,1235.9200099999998
4864,4C,Seattle,0.8500000000000001,0.01,1308.05531,94.56661999999999,105.52444,1508.14637
4865,4C,Seattle,0.8500000000000001,0.15000000000000002,1097.18623,141.08984999999998,130.44872999999998,1368.7248100000002
4866,4C,Seattle,0.8500000000000001,0.1,1164.75507,124.43142999999999,119.74427,1408.93077
4867,4C,Seattle,0.8500000000000001,0.25,931.9284,161.04194999999999,155.15133,1248.12168
4868,4C,Seattle,0.8500000000000001,0.2,1003.1661499999999,148.56396999999998,142.22996999999998,1293.96009
4869,4C,Seattle,0.8500000000000001,0.30000000000000004,885.44521,176.30688999999998,168.76943,1230.52153
4870,4C,Seattle,0.8500000000000001,0.35000000000000003,851.6835299999999,191.03343999999998,182.57754999999997,1225.29452
4871,4C,Seattle,0.8500000000000001,0.45,793.26859,219.44143,210.32046999999997,1223.0304899999999
4872,4C,Seattle,0.8500000000000001,0.4,821.2046899999999,205.37994999999998,196.44901,1223.0336499999999
4873,4C,Seattle,0.8500000000000001,0.55,744.21713,246.29758999999999,237.96838,1228.4831
4874,4C,Seattle,0.8500000000000001,0.5,767.69605,233.09119999999996,224.25527,1225.04252
4875,4C,Seattle,0.8500000000000001,0.6000000000000001,722.8826300000001,259.18728,251.39645999999996,1233.46637
4876,4C,Seattle,0.8500000000000001,0.65,697.9864299999999,274.23053,267.42148,1239.63844
4877,4C,Seattle,0.8500000000000001,0.7000000000000001,679.0422699999999,286.17012,280.69120999999996,1245.9035999999999
4878,4C,Seattle,0.8500000000000001,0.75,661.19827,298.74311,294.49933,1254.4407099999999
4879,4C,Seattle,0.8500000000000001,0.8500000000000001,629.46583,326.04265,324.14244999999994,1279.6509299999998
4880,4C,Seattle,0.8500000000000001,0.8,644.8878199999999,312.61456999999996,309.38423,1266.8866199999998
4881,4C,Seattle,0.8500000000000001,0.9500000000000001,601.29233,352.70879,353.81723999999997,1307.81836
4882,4C,Seattle,0.8500000000000001,0.9,614.9656699999999,339.24904,338.96401,1293.1787199999999
4883,4C,Seattle,0.8,0.01,1248.8649199999998,95.39004,104.60601,1448.8609699999997
4884,4C,Seattle,0.8,0.15000000000000002,1051.29128,142.83169999999998,130.44872999999998,1324.57171
4885,4C,Seattle,0.8,0.1,1114.54153,125.47653999999999,119.55425,1359.5723199999998
4886,4C,Seattle,0.8,0.25,887.48327,161.70702,155.62637999999998,1204.81667
4887,4C,Seattle,0.8,0.2,958.6017699999999,149.57741,142.515,1250.69418
4888,4C,Seattle,0.8,0.30000000000000004,841.8352,176.94028999999998,169.56117999999998,1188.33667
4889,4C,Seattle,0.8,0.35000000000000003,808.68439,191.85685999999998,183.59098999999998,1184.13224
4890,4C,Seattle,0.8,0.45,752.7913599999999,220.29652,211.77729,1184.86517
4891,4C,Seattle,0.8,0.4,778.9014400000001,206.29837999999998,197.68413999999999,1182.8839600000001
4892,4C,Seattle,0.8,0.55,705.01754,248.13444999999996,239.99526,1193.14725
4893,4C,Seattle,0.8,0.5,728.0331,234.13631,226.06045999999998,1188.22987
4894,4C,Seattle,0.8,0.6000000000000001,683.7880399999999,260.54909,253.86672,1198.2038499999999
4895,4C,Seattle,0.8,0.65,660.0102800000001,275.90904,270.27178,1206.1911
4896,4C,Seattle,0.8,0.7000000000000001,641.78284,288.22867,283.95322,1213.9647300000001
4897,4C,Seattle,0.8,0.75,624.54057,301.43506,298.3314,1224.30703
4898,4C,Seattle,0.8,0.8500000000000001,593.19561,329.14631,328.54457999999994,1250.8865
4899,4C,Seattle,0.8,0.8,608.28092,315.08482999999995,313.37465,1236.7404
4900,4C,Seattle,0.8,0.9500000000000001,566.17137,355.74911,358.82109999999994,1280.7415799999999
4901,4C,Seattle,0.8,0.9,579.45468,342.63773,343.68283999999994,1265.77525
4902,4C,Seattle,0.9500000000000001,0.01,1421.2866299999998,93.26814999999999,107.678,1622.2327799999998
4903,4C,Seattle,0.9500000000000001,0.15000000000000002,1186.9152399999998,138.33455999999998,130.89210999999997,1456.1419099999998
4904,4C,Seattle,0.9500000000000001,0.1,1261.93948,122.75291999999999,120.56769,1505.26009
4905,4C,Seattle,0.9500000000000001,0.25,1017.2059399999998,160.12351999999998,154.83463,1332.16409
4906,4C,Seattle,0.9500000000000001,0.2,1089.60636,146.37874,142.32497999999998,1378.3100799999997
4907,4C,Seattle,0.9500000000000001,0.30000000000000004,970.66662,175.26178,168.04102,1313.96942
4908,4C,Seattle,0.9500000000000001,0.35000000000000003,933.2329199999999,190.05166999999997,181.46909999999997,1304.75369
4909,4C,Seattle,0.9500000000000001,0.45,872.3160499999999,218.2063,208.35693,1298.8792799999999
4910,4C,Seattle,0.9500000000000001,0.4,901.64478,204.30317,194.99219,1300.94014
4911,4C,Seattle,0.9500000000000001,0.55,820.47933,244.30238,234.92806000000002,1299.70977
4912,4C,Seattle,0.9500000000000001,0.5,845.98428,231.22267,221.75333999999998,1298.96029
4913,4C,Seattle,0.9500000000000001,0.6000000000000001,797.89971,257.31874999999997,247.56439,1302.78285
4914,4C,Seattle,0.9500000000000001,0.65,771.5892,271.31689,262.82932999999997,1305.73542
4915,4C,Seattle,0.9500000000000001,0.7000000000000001,752.10835,282.81309999999996,275.24397,1310.1654199999998
4916,4C,Seattle,0.9500000000000001,0.75,733.48514,294.68935,288.32368,1316.4981699999998
4917,4C,Seattle,0.9500000000000001,0.8500000000000001,699.62337,321.10213,316.60499,1337.33049
4918,4C,Seattle,0.9500000000000001,0.8,715.75039,308.05409,302.54350999999997,1326.34799
4919,4C,Seattle,0.9500000000000001,0.9500000000000001,670.03981,346.94485,344.8863,1361.87096
4920,4C,Seattle,0.9500000000000001,0.9,684.239,334.30852,330.72981,1349.2773300000001
4921,4C,Seattle,0.9,0.01,1365.27642,93.86988,106.60121999999998,1565.74752
4922,4C,Seattle,0.9,0.15000000000000002,1143.07459,139.56968999999998,130.57540999999998,1413.21969
4923,4C,Seattle,0.9,0.1,1214.6553099999999,123.54466999999998,120.09264,1458.29262
4924,4C,Seattle,0.9,0.25,975.4893199999999,160.44021999999998,154.8663,1290.7958399999998
4925,4C,Seattle,0.9,0.2,1046.84547,147.23383,142.16663,1336.2459299999998
4926,4C,Seattle,0.9,0.30000000000000004,928.1776,175.67349,168.29438,1272.14547
4927,4C,Seattle,0.9,0.35000000000000003,893.2458300000001,190.40004,181.88081,1265.52668
4928,4C,Seattle,0.9,0.45,833.3632299999999,218.61801,209.21202,1261.1932599999998
4929,4C,Seattle,0.9,0.4,861.92189,204.77821999999998,195.59391999999997,1262.29403
4930,4C,Seattle,0.9,0.55,782.9824799999999,245.22081,236.22653,1264.4298199999998
4931,4C,Seattle,0.9,0.5,807.11563,231.95107999999996,222.86179,1261.9285
4932,4C,Seattle,0.9,0.6000000000000001,760.7720599999999,258.04716,249.27456999999995,1268.09379
4933,4C,Seattle,0.9,0.65,734.90493,272.61535999999995,264.98289,1272.50318
4934,4C,Seattle,0.9,0.7000000000000001,715.9932899999999,284.33326,277.77756999999997,1278.10412
4935,4C,Seattle,0.9,0.75,697.51674,296.87458,291.23731999999995,1285.62864
4936,4C,Seattle,0.9,0.8500000000000001,664.7725599999999,323.47738,320.21537,1308.46531
4937,4C,Seattle,0.9,0.8,680.67874,310.30266,305.74218,1296.7235799999999
4938,4C,Seattle,0.9,0.9500000000000001,635.7990199999999,349.44678,349.06674,1334.31254
4939,4C,Seattle,0.9,0.9,649.87238,337.12715,334.68856,1321.68809
4940,2A,Tampa,0.01,0.01,25.50827,1275.6992699999998,177.6687,1478.8762399999998
4941,2A,Tampa,0.01,0.15000000000000002,14.95881,1468.7279199999998,223.87523,1707.56196
4942,2A,Tampa,0.01,0.1,22.39718,1402.41094,206.36172,1631.16984
4943,2A,Tampa,0.01,0.25,8.377650000000001,1587.4904199999999,257.54044,1853.4085099999998
4944,2A,Tampa,0.01,0.2,10.79816,1528.04583,240.85034999999996,1779.69434
4945,2A,Tampa,0.01,0.30000000000000004,7.38547,1646.77666,273.66047,1927.8226
4946,2A,Tampa,0.01,0.35000000000000003,6.61923,1707.0763399999998,289.93885,2003.6344199999999
4947,2A,Tampa,0.01,0.45,5.49208,1832.0461599999999,323.92076,2161.459
4948,2A,Tampa,0.01,0.4,5.953099999999999,1769.6879299999998,306.75561999999996,2082.3966499999997
4949,2A,Tampa,0.01,0.55,4.93265,1950.68198,356.57253,2312.18716
4950,2A,Tampa,0.01,0.5,5.21194,1890.98403,340.19914,2236.39511
4951,2A,Tampa,0.01,0.6000000000000001,4.706709999999999,2007.5929699999997,372.56588,2384.8655599999997
4952,2A,Tampa,0.01,0.65,4.53412,2067.16424,388.81258999999994,2460.51095
4953,2A,Tampa,0.01,0.7000000000000001,4.41488,2122.5234,404.64759,2531.58587
4954,2A,Tampa,0.01,0.75,4.2748099999999996,2179.90944,420.54592999999994,2604.7301799999996
4955,2A,Tampa,0.01,0.8500000000000001,4.133039999999999,2292.5912999999996,452.21592999999996,2748.9402699999996
4956,2A,Tampa,0.01,0.8,4.20892,2236.3770499999996,436.44426999999996,2677.0302399999996
4957,2A,Tampa,0.01,0.9500000000000001,4.00296,2405.6531999999997,483.9176,2893.5737599999993
4958,2A,Tampa,0.01,0.9,4.05716,2347.9187899999997,467.79757,2819.7735199999997
4959,2A,Tampa,0.05,0.01,29.15967,1270.0620099999999,175.61015,1474.8318299999999
4960,2A,Tampa,0.05,0.15000000000000002,16.27896,1463.66072,220.99326,1700.9329400000001
4961,2A,Tampa,0.05,0.1,24.401739999999997,1396.83702,203.66977,1624.90853
4962,2A,Tampa,0.05,0.25,9.31776,1582.1698599999997,253.48668,1844.9742999999996
4963,2A,Tampa,0.05,0.2,11.917449999999999,1522.9786299999998,237.62000999999998,1772.5160899999996
4964,2A,Tampa,0.05,0.30000000000000004,8.23057,1640.8227,269.32168,1918.37495
4965,2A,Tampa,0.05,0.35000000000000003,7.41183,1700.17228,285.37836999999996,1992.96248
4966,2A,Tampa,0.05,0.45,6.20136,1824.6670499999998,318.75855,2149.6269599999996
4967,2A,Tampa,0.05,0.4,6.73656,1761.20037,301.97344999999996,2069.9103800000003
4968,2A,Tampa,0.05,0.55,5.536079999999999,1943.0495099999998,351.15695999999997,2299.74255
4969,2A,Tampa,0.05,0.5,5.85788,1883.6365899999998,335.00525999999996,2224.49973
4970,2A,Tampa,0.05,0.6000000000000001,5.26763,1999.58046,366.99195999999995,2371.84005
4971,2A,Tampa,0.05,0.65,5.05253,2058.42332,383.04865,2446.5245
4972,2A,Tampa,0.05,0.7000000000000001,4.8907799999999995,2113.90916,398.97866,2517.7786000000006
4973,2A,Tampa,0.05,0.75,4.739870000000001,2171.7385799999997,414.84533,2591.3237799999997
4974,2A,Tampa,0.05,0.8500000000000001,4.5555900000000005,2283.9770599999997,446.2303,2734.76295
4975,2A,Tampa,0.05,0.8,4.61064,2227.3194299999996,430.64865999999995,2662.5787299999993
4976,2A,Tampa,0.05,0.9500000000000001,4.457179999999999,2394.72705,477.48859,2876.67282
4977,2A,Tampa,0.05,0.9,4.479710000000001,2338.73449,461.97029,2805.1844899999996
4978,2A,Tampa,0.15000000000000002,0.01,41.990480000000005,1259.8326,171.9681,1473.79118
4979,2A,Tampa,0.15000000000000002,0.15000000000000002,22.05948,1452.3228599999998,215.86271999999997,1690.2450599999997
4980,2A,Tampa,0.15000000000000002,0.1,32.25441,1385.5625,199.01427999999999,1616.8311899999999
4981,2A,Tampa,0.15000000000000002,0.25,13.488209999999999,1569.3118399999998,245.50583999999998,1828.3058899999999
4982,2A,Tampa,0.15000000000000002,0.2,16.80462,1511.38741,230.74761999999998,1758.9396500000003
4983,2A,Tampa,0.15000000000000002,0.30000000000000004,11.778459999999999,1628.2497099999998,260.70743999999996,1900.7356099999997
4984,2A,Tampa,0.15000000000000002,0.35000000000000003,10.59307,1686.71253,275.94070999999997,1973.24631
4985,2A,Tampa,0.15000000000000002,0.45,8.87843,1809.6237999999998,308.33912,2126.8413499999997
4986,2A,Tampa,0.15000000000000002,0.4,9.624479999999998,1747.1072199999999,291.93406,2048.66576
4987,2A,Tampa,0.15000000000000002,0.55,7.885609999999999,1926.5177699999997,339.78743,2274.1908099999996
4988,2A,Tampa,0.15000000000000002,0.5,8.33409,1867.8965999999998,324.17411999999996,2200.40481
4989,2A,Tampa,0.15000000000000002,0.6000000000000001,7.47964,1983.4287599999998,355.62243,2346.5308299999997
4990,2A,Tampa,0.15000000000000002,0.65,7.11618,2040.4030899999998,371.1724,2418.6916699999997
4991,2A,Tampa,0.15000000000000002,0.7000000000000001,6.816909999999999,2095.73058,386.78570999999994,2489.3332
4992,2A,Tampa,0.15000000000000002,0.75,6.60266,2153.11662,402.55737,2562.27665
4993,2A,Tampa,0.15000000000000002,0.8500000000000001,6.270020000000001,2263.89828,433.27727,2703.44557
4994,2A,Tampa,0.15000000000000002,0.8,6.4309199999999995,2208.15908,417.85398,2632.4439799999996
4995,2A,Tampa,0.15000000000000002,0.9500000000000001,6.05492,2373.9832,464.28219999999993,2844.3203200000003
4996,2A,Tampa,0.15000000000000002,0.9,6.11996,2318.7190499999997,448.79557,2773.63458
4997,2A,Tampa,0.1,0.01,34.99545,1264.36141,173.58327,1472.94013
4998,2A,Tampa,0.1,0.15000000000000002,18.810859999999998,1457.9284499999999,218.14295999999996,1694.8822699999998
4999,2A,Tampa,0.1,0.1,27.975559999999998,1390.7880499999999,201.04116,1619.80477
5000,2A,Tampa,0.1,0.25,10.93293,1574.98077,249.14789,1835.0615899999998
5001,2A,Tampa,0.1,0.2,13.933489999999999,1516.51795,233.91461999999999,1764.3660599999998
5002,2A,Tampa,0.1,0.30000000000000004,9.65572,1634.2036699999999,264.79287,1908.6522599999998
5003,2A,Tampa,0.1,0.35000000000000003,8.72199,1692.9515199999996,280.21616,1981.8896699999996
5004,2A,Tampa,0.1,0.45,7.3757,1816.6862099999998,313.15295999999995,2137.21487
5005,2A,Tampa,0.1,0.4,8.00591,1753.72625,296.55788,2058.29004
5006,2A,Tampa,0.1,0.55,6.56206,1934.53028,345.17132999999995,2286.26367
5007,2A,Tampa,0.1,0.5,6.9263699999999995,1875.1807,329.14631,2211.2533799999997
5008,2A,Tampa,0.1,0.6000000000000001,6.21943,1991.1879099999999,360.94298999999995,2358.3503299999998
5009,2A,Tampa,0.1,0.65,5.930149999999999,2048.7322999999997,376.77799,2431.44044
5010,2A,Tampa,0.1,0.7000000000000001,5.69422,2104.37649,392.51797999999997,2502.58869
5011,2A,Tampa,0.1,0.75,5.53247,2162.49094,408.32131,2576.34472
5012,2A,Tampa,0.1,0.8500000000000001,5.26317,2273.2092599999996,439.42125,2717.8936799999997
5013,2A,Tampa,0.1,0.8,5.360729999999999,2217.72342,423.87128,2646.9554299999995
5014,2A,Tampa,0.1,0.9500000000000001,5.133089999999999,2384.0225899999996,470.52118999999993,2859.6768699999993
5015,2A,Tampa,0.1,0.9,5.17645,2328.5367499999998,455.0028899999999,2788.7160899999994
5016,2A,Tampa,0.25,0.01,59.73737,1254.03699,170.00456,1483.7789200000002
5017,2A,Tampa,0.25,0.15000000000000002,31.02932,1445.4188,212.25233999999998,1688.70046
5018,2A,Tampa,0.25,0.1,43.380359999999996,1378.6267699999999,196.29065999999997,1618.2977899999998
5019,2A,Tampa,0.25,0.25,20.44307,1561.04597,239.99526,1821.4842999999998
5020,2A,Tampa,0.25,0.2,24.652829999999998,1504.07164,225.96544999999998,1754.6899199999998
5021,2A,Tampa,0.25,0.30000000000000004,18.00576,1619.5721299999998,254.50011999999998,1892.0780099999997
5022,2A,Tampa,0.25,0.35000000000000003,16.3179,1677.21153,269.22667,1962.7561
5023,2A,Tampa,0.25,0.45,13.45145,1798.69765,300.64331,2112.79241
5024,2A,Tampa,0.25,0.4,14.820909999999998,1736.3710899999999,284.64995999999996,2035.8419599999997
5025,2A,Tampa,0.25,0.55,11.718530000000001,1913.2163699999999,331.17319,2256.1080899999997
5026,2A,Tampa,0.25,0.5,12.537059999999999,1856.2420399999999,316.00326,2184.78236
5027,2A,Tampa,0.25,0.6000000000000001,11.005849999999999,1969.6206399999999,346.43813,2327.06462
5028,2A,Tampa,0.25,0.65,10.504869999999999,2026.0249099999999,362.01977,2398.5495499999997
5029,2A,Tampa,0.25,0.7000000000000001,10.057239999999998,2081.09904,377.09468999999996,2468.25097
5030,2A,Tampa,0.25,0.75,9.67295,2137.7566699999998,392.51797999999997,2539.9476
5031,2A,Tampa,0.25,0.8500000000000001,9.10693,2247.39821,422.79449999999997,2679.2996399999997
5032,2A,Tampa,0.25,0.8,9.35285,2192.5457699999997,407.68790999999993,2609.58653
5033,2A,Tampa,0.25,0.9500000000000001,8.72264,2356.15299,453.19769999999994,2818.07333
5034,2A,Tampa,0.25,0.9,8.871849999999998,2301.20554,437.9961,2748.0734899999998
5035,2A,Tampa,0.2,0.01,50.19386,1256.5072499999999,170.85965,1477.5607599999998
5036,2A,Tampa,0.2,0.15000000000000002,26.053939999999997,1448.61747,214.05752999999999,1688.72894
5037,2A,Tampa,0.2,0.1,37.35987,1381.85711,197.49411999999998,1616.7111
5038,2A,Tampa,0.2,0.25,16.54851,1565.0680599999998,242.49718999999996,1824.11376
5039,2A,Tampa,0.2,0.2,20.274929999999998,1507.1436299999998,228.15068,1755.5692399999998
5040,2A,Tampa,0.2,0.30000000000000004,14.49039,1623.3091900000002,257.28707999999995,1895.08666
5041,2A,Tampa,0.2,0.35000000000000003,13.138359999999999,1681.70867,272.33032999999995,1967.17736
5042,2A,Tampa,0.2,0.45,10.831979999999998,1803.85986,304.25368999999995,2118.94553
5043,2A,Tampa,0.2,0.4,11.905569999999999,1741.2482699999998,287.97531,2041.1291499999998
5044,2A,Tampa,0.2,0.55,9.574110000000001,1919.55037,335.19527999999997,2264.31976
5045,2A,Tampa,0.2,0.5,10.10761,1861.4042499999998,319.74031999999994,2191.25218
5046,2A,Tampa,0.2,0.6000000000000001,9.09396,1976.2079999999999,350.68191,2335.98387
5047,2A,Tampa,0.2,0.65,8.63549,2033.3723499999996,366.29522,2408.3030599999993
5048,2A,Tampa,0.2,0.7000000000000001,8.272029999999999,2088.1297799999998,381.65517,2478.05698
5049,2A,Tampa,0.2,0.75,7.972759999999999,2144.6290599999998,397.26847999999995,2549.8702999999996
5050,2A,Tampa,0.2,0.8500000000000001,7.5017499999999995,2255.2207,427.6716799999999,2690.3941299999997
5051,2A,Tampa,0.2,0.8,7.715999999999999,2200.1782399999997,412.6284299999999,2620.5226699999994
5052,2A,Tampa,0.2,0.9500000000000001,7.23415,2364.5138699999998,458.39158,2830.1396
5053,2A,Tampa,0.2,0.9,7.34085,2309.24972,443.12663999999995,2759.71721
5054,2A,Tampa,0.30000000000000004,0.01,70.49603,1252.45349,169.46616999999998,1492.41569
5055,2A,Tampa,0.30000000000000004,0.15000000000000002,36.51312,1445.13377,211.08055000000002,1692.7274400000001
5056,2A,Tampa,0.30000000000000004,0.1,49.79003,1377.45498,195.75227,1622.99728
5057,2A,Tampa,0.30000000000000004,0.25,24.579299999999996,1563.64291,239.1085,1827.3307100000002
5058,2A,Tampa,0.30000000000000004,0.2,29.4316,1505.40178,224.88867,1759.7220499999999
5059,2A,Tampa,0.30000000000000004,0.30000000000000004,21.786179999999998,1623.02416,253.64503,1898.45537
5060,2A,Tampa,0.30000000000000004,0.35000000000000003,19.71913,1681.8670199999997,268.49826,1970.0844099999997
5061,2A,Tampa,0.30000000000000004,0.45,16.73854,1797.14582,298.48974999999996,2112.3741099999997
5062,2A,Tampa,0.30000000000000004,0.4,18.06464,1738.93636,283.38316,2040.38416
5063,2A,Tampa,0.30000000000000004,0.55,14.362229999999998,1908.1808399999998,327.7845,2250.3275699999995
5064,2A,Tampa,0.30000000000000004,0.5,15.54996,1853.8667899999998,313.62800999999996,2183.0447599999998
5065,2A,Tampa,0.30000000000000004,0.6000000000000001,13.48121,1964.3950899999998,342.82775,2320.70405
5066,2A,Tampa,0.30000000000000004,0.65,12.737709999999998,2020.6093399999997,358.02934999999997,2391.3763999999996
5067,2A,Tampa,0.30000000000000004,0.7000000000000001,12.079229999999999,2075.30343,373.16760999999997,2460.5502699999997
5068,2A,Tampa,0.30000000000000004,0.75,11.58994,2130.7892699999998,388.24253,2530.6217399999996
5069,2A,Tampa,0.30000000000000004,0.8500000000000001,10.88725,2240.05077,418.32903,2669.26705
5070,2A,Tampa,0.30000000000000004,0.8,11.217339999999998,2185.83173,403.41245999999995,2600.46153
5071,2A,Tampa,0.30000000000000004,0.9500000000000001,10.38627,2347.57042,448.1305,2806.08719
5072,2A,Tampa,0.30000000000000004,0.9,10.63134,2293.8581,433.40394999999995,2737.8933899999997
5073,2A,Tampa,0.35000000000000003,0.01,82.49811,1251.31337,169.02279,1502.83427
5074,2A,Tampa,0.35000000000000003,0.15000000000000002,42.83862,1443.67695,209.81375,1696.32932
5075,2A,Tampa,0.35000000000000003,0.1,57.12217,1376.1565099999998,195.02385999999998,1628.30254
5076,2A,Tampa,0.35000000000000003,0.25,29.78232,1561.48935,237.39831999999996,1828.66999
5077,2A,Tampa,0.35000000000000003,0.2,35.117960000000004,1503.5015799999999,223.43184999999997,1762.0513899999999
5078,2A,Tampa,0.35000000000000003,0.30000000000000004,26.538379999999997,1620.7755899999997,251.68148999999997,1898.9954599999996
5079,2A,Tampa,0.35000000000000003,0.35000000000000003,23.99628,1678.2883099999997,266.18634999999995,1968.4709399999997
5080,2A,Tampa,0.35000000000000003,0.45,20.33978,1793.53544,295.86114,2109.73636
5081,2A,Tampa,0.35000000000000003,0.4,22.025089999999995,1735.86437,280.94456999999994,2038.83403
5082,2A,Tampa,0.35000000000000003,0.55,17.39341,1902.7019299999997,324.68084,2244.77618
5083,2A,Tampa,0.35000000000000003,0.5,18.86617,1849.78136,310.71437,2179.3619
5084,2A,Tampa,0.35000000000000003,0.6000000000000001,16.385709999999996,1959.04286,339.53407,2314.96264
5085,2A,Tampa,0.35000000000000003,0.65,15.420519999999998,2014.49703,354.57732,2384.49487
5086,2A,Tampa,0.35000000000000003,0.7000000000000001,14.667029999999999,2069.88786,369.65223999999995,2454.20713
5087,2A,Tampa,0.35000000000000003,0.75,13.98772,2124.07523,384.44212999999996,2522.50508
5088,2A,Tampa,0.35000000000000003,0.8500000000000001,12.989159999999998,2234.0018,414.33861,2661.32957
5089,2A,Tampa,0.35000000000000003,0.8,13.414259999999997,2179.24437,399.48537999999996,2592.14401
5090,2A,Tampa,0.35000000000000003,0.9500000000000001,12.39317,2339.65292,443.69669999999996,2795.74279
5091,2A,Tampa,0.35000000000000003,0.9,12.63824,2287.01738,429.28685,2728.94247
5092,2A,Tampa,0.45,0.01,107.94315,1250.1732499999998,168.57940999999997,1526.69581
5093,2A,Tampa,0.45,0.15000000000000002,57.82065999999999,1443.55027,208.23024999999998,1709.60118
5094,2A,Tampa,0.45,0.1,74.13492,1375.45977,193.56704,1643.1617299999998
5095,2A,Tampa,0.45,0.25,41.90853,1559.36746,234.86471999999998,1836.14071
5096,2A,Tampa,0.45,0.2,48.53584,1502.0447599999998,221.27829,1771.8588899999997
5097,2A,Tampa,0.45,0.30000000000000004,37.802910000000004,1617.35523,248.79952,1903.95766
5098,2A,Tampa,0.45,0.35000000000000003,34.29987,1674.23455,262.79766,1971.33208
5099,2A,Tampa,0.45,0.45,29.079849999999997,1786.97975,291.58568999999994,2107.64529
5100,2A,Tampa,0.45,0.4,31.42024,1731.2722199999998,277.08083,2039.7732899999996
5101,2A,Tampa,0.45,0.55,24.991659999999996,1895.6395199999997,319.74031999999994,2240.3714999999997
5102,2A,Tampa,0.45,0.5,27.10951,1843.8274000000001,306.05888,2176.99579
5103,2A,Tampa,0.45,0.6000000000000001,23.47639,1951.6320799999999,334.27684999999997,2309.38532
5104,2A,Tampa,0.45,0.65,22.247,2005.2810599999998,348.6867,2376.21476
5105,2A,Tampa,0.45,0.7000000000000001,21.08095,2060.1335,363.44491999999997,2444.65937
5106,2A,Tampa,0.45,0.75,20.1266,2114.0991799999997,378.1398,2512.3655799999997
5107,2A,Tampa,0.45,0.8500000000000001,18.54629,2221.71384,407.18118999999996,2647.4413199999995
5108,2A,Tampa,0.45,0.8,19.2781,2168.41323,392.70799999999997,2580.39933
5109,2A,Tampa,0.45,0.9500000000000001,17.465259999999997,2325.68645,435.71586,2778.8675700000003
5110,2A,Tampa,0.45,0.9,17.951999999999998,2274.60274,421.87607,2714.43081
5111,2A,Tampa,0.4,0.01,95.00521,1250.61663,168.76943,1514.39127
5112,2A,Tampa,0.4,0.15000000000000002,49.955870000000004,1443.2335699999999,208.89531999999997,1702.0847599999997
5113,2A,Tampa,0.4,0.1,65.2552,1375.39643,194.20044,1634.8520700000001
5114,2A,Tampa,0.4,0.25,35.51374,1560.1908799999999,236.00483999999997,1831.70946
5115,2A,Tampa,0.4,0.2,41.416039999999995,1502.5514799999999,222.26006,1766.22758
5116,2A,Tampa,0.4,0.30000000000000004,31.838959999999997,1619.03374,250.09798999999998,1900.97069
5117,2A,Tampa,0.4,0.35000000000000003,28.86432,1676.2297599999997,264.34949,1969.4435699999997
5118,2A,Tampa,0.4,0.45,24.44774,1789.1333099999997,293.48589,2107.0669399999997
5119,2A,Tampa,0.4,0.4,26.41808,1733.6791399999997,278.85434999999995,2038.9515699999997
5120,2A,Tampa,0.4,0.55,20.920469999999998,1899.02821,322.02056,2241.96924
5121,2A,Tampa,0.4,0.5,22.70993,1846.4560099999999,308.18077,2177.34671
5122,2A,Tampa,0.4,0.6000000000000001,19.680239999999998,1955.2107899999999,336.71543999999994,2311.6064699999997
5123,2A,Tampa,0.4,0.65,18.567539999999997,2009.68319,351.44199,2379.69272
5124,2A,Tampa,0.4,0.7000000000000001,17.58152,2064.6623099999997,366.29522,2448.53905
5125,2A,Tampa,0.4,0.75,16.786369999999998,2118.62799,381.11678,2516.5311399999996
5126,2A,Tampa,0.4,0.8500000000000001,15.50278,2227.73114,410.63321999999994,2653.8671399999994
5127,2A,Tampa,0.4,0.8,16.086229999999997,2173.7337899999998,395.90667,2585.7266899999995
5128,2A,Tampa,0.4,0.9500000000000001,14.62176,2332.62218,439.5796,2786.82354
5129,2A,Tampa,0.4,0.9,15.025179999999999,2280.46169,425.29642999999993,2720.7833
5130,2A,Tampa,0.55,0.01,134.05070999999998,1250.10991,168.4844,1552.64502
5131,2A,Tampa,0.55,0.15000000000000002,74.69376,1445.60882,207.47017,1727.77275
5132,2A,Tampa,0.55,0.1,92.95541,1376.3781999999999,192.71195,1662.04556
5133,2A,Tampa,0.55,0.25,56.07671,1559.5891499999998,233.34456,1849.0104199999998
5134,2A,Tampa,0.55,0.2,63.738929999999996,1502.4247999999998,220.10649999999998,1786.2702299999996
5135,2A,Tampa,0.55,0.30000000000000004,50.85265,1616.5951499999999,246.86765,1914.3154499999998
5136,2A,Tampa,0.55,0.35000000000000003,46.36784,1672.5243699999999,260.42241,1979.31462
5137,2A,Tampa,0.55,0.45,39.55347999999999,1784.0344400000001,288.54537,2112.13329
5138,2A,Tampa,0.55,0.4,42.63312,1728.61194,274.32554,2045.5706
5139,2A,Tampa,0.55,0.55,33.997629999999994,1890.8573499999998,316.00326,2240.85824
5140,2A,Tampa,0.55,0.5,36.87556,1839.0452300000002,302.51183999999995,2178.4326300000002
5141,2A,Tampa,0.55,0.6000000000000001,32.09148,1946.6282199999998,330.25476,2308.97446
5142,2A,Tampa,0.55,0.65,30.365359999999995,1999.3904400000001,344.37958,2374.13538
5143,2A,Tampa,0.55,0.7000000000000001,28.882609999999996,2053.35612,358.72608999999994,2440.96482
5144,2A,Tampa,0.55,0.75,27.53738,2106.24502,373.04093,2506.82333
5145,2A,Tampa,0.55,0.8500000000000001,25.386159999999997,2212.08616,401.57559999999995,2639.04792
5146,2A,Tampa,0.55,0.8,26.393009999999997,2160.11569,387.38743999999997,2573.89614
5147,2A,Tampa,0.55,0.9500000000000001,23.74591,2313.30348,429.03349,2766.08288
5148,2A,Tampa,0.55,0.9,24.51768,2265.22842,415.85877,2705.6048699999997
5149,2A,Tampa,0.5,0.01,120.95527000000001,1249.91989,168.51606999999998,1539.3912299999997
5150,2A,Tampa,0.5,0.15000000000000002,66.06719,1444.40536,207.78687,1718.2594199999999
5151,2A,Tampa,0.5,0.1,83.31306000000001,1375.77647,193.09198999999998,1652.1815199999999
5152,2A,Tampa,0.5,0.25,48.83427,1559.0190899999998,234.00963,1841.8629899999999
5153,2A,Tampa,0.5,0.2,55.93153,1502.1081,220.64489,1778.68452
5154,2A,Tampa,0.5,0.30000000000000004,44.106089999999995,1616.72183,247.69106999999997,1908.51899
5155,2A,Tampa,0.5,0.35000000000000003,40.09633,1673.0627599999998,261.49918999999994,1974.6582799999999
5156,2A,Tampa,0.5,0.45,34.084559999999996,1785.1428899999999,289.93885,2109.1663
5157,2A,Tampa,0.5,0.4,36.83666,1729.5937099999999,275.56067,2041.9910399999999
5158,2A,Tampa,0.5,0.55,29.3313,1892.9159,317.65009999999995,2239.8973
5159,2A,Tampa,0.5,0.5,31.818349999999995,1840.91376,304.19034999999997,2176.92246
5160,2A,Tampa,0.5,0.6000000000000001,27.583499999999997,1948.8767899999998,332.15495999999996,2308.61525
5161,2A,Tampa,0.5,0.65,26.121579999999998,2002.24074,346.43813,2374.8004499999997
5162,2A,Tampa,0.5,0.7000000000000001,24.839689999999997,2056.87149,361.00632999999993,2442.7175099999995
5163,2A,Tampa,0.5,0.75,23.65281,2110.23544,375.51118999999994,2509.39944
5164,2A,Tampa,0.5,0.8500000000000001,21.8083,2216.20326,404.20421,2642.21577
5165,2A,Tampa,0.5,0.8,22.67763,2163.5677199999996,389.85769999999997,2576.1030499999997
5166,2A,Tampa,0.5,0.9500000000000001,20.421409999999998,2318.8774,432.23215999999996,2771.53097
5167,2A,Tampa,0.5,0.9,21.087329999999998,2269.85224,418.8674199999999,2709.80699
5168,2A,Tampa,0.6000000000000001,0.01,147.05029,1250.29993,168.45272999999997,1565.8029499999998
5169,2A,Tampa,0.6000000000000001,0.15000000000000002,83.58453,1447.2873299999999,207.31181999999995,1738.1836799999999
5170,2A,Tampa,0.6000000000000001,0.1,102.71444999999999,1377.80335,192.58527,1673.10307
5171,2A,Tampa,0.6000000000000001,0.25,63.625009999999996,1560.31756,232.90118,1856.84375
5172,2A,Tampa,0.6000000000000001,0.2,71.96888,1502.96319,219.75813,1794.6901999999998
5173,2A,Tampa,0.6000000000000001,0.30000000000000004,57.79922,1617.0385299999998,246.20257999999998,1921.0403299999998
5174,2A,Tampa,0.6000000000000001,0.35000000000000003,52.850199999999994,1672.84107,259.66232999999994,1985.3536
5175,2A,Tampa,0.6000000000000001,0.45,45.24409,1783.30603,287.37357999999995,2115.9237
5176,2A,Tampa,0.6000000000000001,0.4,48.70376999999999,1728.29524,273.37543999999997,2050.37445
5177,2A,Tampa,0.6000000000000001,0.55,39.05484,1889.59055,314.51477,2243.16016
5178,2A,Tampa,0.6000000000000001,0.5,42.31281,1838.0634599999998,301.30838,2181.6846499999997
5179,2A,Tampa,0.6000000000000001,0.6000000000000001,36.863659999999996,1943.8729299999998,328.57624999999996,2309.3128399999996
5180,2A,Tampa,0.6000000000000001,0.65,34.87334,1996.4768,342.54272,2373.89286
5181,2A,Tampa,0.6000000000000001,0.7000000000000001,33.221399999999996,2050.3791399999996,356.63586999999995,2440.2364099999995
5182,2A,Tampa,0.6000000000000001,0.75,31.65448,2103.55307,370.95070999999996,2506.15826
5183,2A,Tampa,0.6000000000000001,0.8500000000000001,29.21823,2208.4757799999998,399.20034999999996,2636.89436
5184,2A,Tampa,0.6000000000000001,0.8,30.383429999999993,2156.31529,384.98052,2571.67924
5185,2A,Tampa,0.6000000000000001,0.9500000000000001,27.22961,2307.76123,426.02484,2761.01568
5186,2A,Tampa,0.6000000000000001,0.9,28.191399999999998,2261.0163099999995,413.23015999999996,2702.4378699999997
5187,2A,Tampa,0.65,0.01,159.54229999999998,1251.44005,168.67442,1579.65677
5188,2A,Tampa,0.65,0.15000000000000002,92.13351999999999,1452.2595199999998,207.88188,1752.2749199999998
5189,2A,Tampa,0.65,0.1,111.70491,1382.0154599999998,193.02865,1686.7490199999997
5190,2A,Tampa,0.65,0.25,71.17246,1571.9087799999998,234.86471999999998,1877.9459599999998
5191,2A,Tampa,0.65,0.2,79.78202,1511.22906,221.08827,1812.09935
5192,2A,Tampa,0.65,0.30000000000000004,64.89245,1630.3399299999999,248.70451,1943.93689
5193,2A,Tampa,0.65,0.35000000000000003,59.457539999999995,1687.82098,262.44929,2009.7278099999999
5194,2A,Tampa,0.65,0.45,51.2497,1799.3310499999998,290.38223,2140.96298
5195,2A,Tampa,0.65,0.4,54.99441,1743.65519,276.44743,2075.09703
5196,2A,Tampa,0.65,0.55,44.5854,1903.6837,317.27006,2265.53916
5197,2A,Tampa,0.65,0.5,48.03339,1852.7266699999998,304.31703,2205.0770899999998
5198,2A,Tampa,0.65,0.6000000000000001,42.05669,1956.5409299999997,330.95149999999995,2329.5491199999997
5199,2A,Tampa,0.65,0.65,39.591319999999996,2010.15824,345.07631999999995,2394.8258800000003
5200,2A,Tampa,0.65,0.7000000000000001,37.68602,2061.87535,358.59941,2458.1607799999997
5201,2A,Tampa,0.65,0.75,35.90825,2112.67403,372.37586,2520.95814
5202,2A,Tampa,0.65,0.8500000000000001,33.028620000000004,2216.64664,399.9921,2649.66736
5203,2A,Tampa,0.65,0.8,34.38384,2165.40458,386.15231,2585.94073
5204,2A,Tampa,0.65,0.9500000000000001,30.78749,2315.5837199999996,426.78491999999994,2773.15613
5205,2A,Tampa,0.65,0.9,31.865119999999997,2267.8887,413.83188999999993,2713.58571
5206,2A,Tampa,0.7000000000000001,0.01,172.05684000000002,1252.32681,168.70609,1593.08974
5207,2A,Tampa,0.7000000000000001,0.15000000000000002,100.64255,1457.96012,208.7053,1767.30797
5208,2A,Tampa,0.7000000000000001,0.1,120.66709999999999,1386.4492599999999,193.53537,1700.6517299999998
5209,2A,Tampa,0.7000000000000001,0.25,78.75327999999999,1585.1785099999997,237.27164,1901.2034299999996
5210,2A,Tampa,0.7000000000000001,0.2,87.79028,1521.0467599999997,222.76678,1831.6038199999996
5211,2A,Tampa,0.7000000000000001,0.30000000000000004,71.98822999999999,1645.2248299999999,251.55481,1968.76787
5212,2A,Tampa,0.7000000000000001,0.35000000000000003,66.08911,1704.44773,265.83797999999996,2036.3748200000002
5213,2A,Tampa,0.7000000000000001,0.45,57.23873,1815.89446,293.89759999999995,2167.03079
5214,2A,Tampa,0.7000000000000001,0.4,61.20428,1761.0420199999996,280.08948,2102.3357799999994
5215,2A,Tampa,0.7000000000000001,0.55,50.15358,1920.7855,320.78543,2291.72451
5216,2A,Tampa,0.7000000000000001,0.5,53.66406,1869.63845,307.80073,2231.10324
5217,2A,Tampa,0.7000000000000001,0.6000000000000001,47.26651,1970.2857099999999,333.99181999999996,2351.5440399999998
5218,2A,Tampa,0.7000000000000001,0.65,44.252759999999995,2025.1064800000001,348.0533,2417.4125400000003
5219,2A,Tampa,0.7000000000000001,0.7000000000000001,42.01078,2073.7199299999997,360.87964999999997,2476.6103599999997
5220,2A,Tampa,0.7000000000000001,0.75,40.032999999999994,2123.72686,374.14938,2537.90924
5221,2A,Tampa,0.7000000000000001,0.8500000000000001,36.817539999999994,2225.03919,401.03720999999996,2662.89394
5222,2A,Tampa,0.7000000000000001,0.8,38.319419999999994,2175.57065,387.6408,2601.53087
5223,2A,Tampa,0.7000000000000001,0.9500000000000001,34.28968,2322.6778,427.41832,2784.3858
5224,2A,Tampa,0.7000000000000001,0.9,35.45318,2275.29948,414.49695999999994,2725.24962
5225,2A,Tampa,0.75,0.01,184.17794999999998,1253.84697,168.70609,1606.73101
5226,2A,Tampa,0.75,0.15000000000000002,109.05572000000001,1464.3891299999998,209.6554,1783.10025
5227,2A,Tampa,0.75,0.1,129.60676,1391.7064799999998,194.29545,1715.60869
5228,2A,Tampa,0.75,0.25,86.3849,1598.8916199999999,240.02693,1925.3034499999999
5229,2A,Tampa,0.75,0.2,95.89524999999999,1532.00458,224.73031999999998,1852.63015
5230,2A,Tampa,0.75,0.30000000000000004,79.20814000000001,1662.2632899999999,254.97517,1996.4465999999998
5231,2A,Tampa,0.75,0.35000000000000003,72.99231999999999,1722.6579800000002,269.79672999999997,2065.4470300000003
5232,2A,Tampa,0.75,0.45,63.50854,1835.56153,298.26806,2197.33813
5233,2A,Tampa,0.75,0.4,67.82245999999999,1780.64575,284.11157,2132.57978
5234,2A,Tampa,0.75,0.55,56.01167999999999,1938.48903,324.77585,2319.2765600000002
5235,2A,Tampa,0.75,0.5,59.68050999999999,1889.33719,311.98117,2260.99887
5236,2A,Tampa,0.75,0.6000000000000001,52.85042,1986.78578,337.66554,2377.30174
5237,2A,Tampa,0.75,0.65,49.30912,2042.0815999999998,351.50532999999996,2442.89605
5238,2A,Tampa,0.75,0.7000000000000001,46.75044,2087.49638,363.53993,2497.7867499999998
5239,2A,Tampa,0.75,0.75,44.530139999999996,2135.72979,376.20793,2556.4678599999997
5240,2A,Tampa,0.75,0.8500000000000001,40.91381,2233.8751199999997,402.14565999999996,2676.93459
5241,2A,Tampa,0.75,0.8,42.60571,2184.50159,389.16096,2616.26826
5242,2A,Tampa,0.75,0.9500000000000001,38.08009,2329.86689,428.02004999999997,2795.96703
5243,2A,Tampa,0.75,0.9,39.359429999999996,2283.1219699999997,415.28871,2737.7701099999995
5244,2A,Tampa,0.8500000000000001,0.01,208.99851999999998,1254.7654,168.45272999999997,1632.2166499999998
5245,2A,Tampa,0.8500000000000001,0.15000000000000002,128.11256,1466.73271,209.68706999999998,1804.53234
5246,2A,Tampa,0.8500000000000001,0.1,149.67428,1394.7468,194.35878999999997,1738.7798699999998
5247,2A,Tampa,0.8500000000000001,0.25,102.95915,1607.85423,241.10370999999998,1951.91709
5248,2A,Tampa,0.8500000000000001,0.2,113.64129,1538.75029,225.39539,1877.7869699999999
5249,2A,Tampa,0.8500000000000001,0.30000000000000004,94.73727999999998,1672.5877099999998,256.36865,2023.69364
5250,2A,Tampa,0.8500000000000001,0.35000000000000003,87.69803999999999,1733.96417,271.34856,2093.01077
5251,2A,Tampa,0.8500000000000001,0.45,76.80994,1846.9944,299.78821999999997,2223.59256
5252,2A,Tampa,0.8500000000000001,0.4,81.79977,1791.9519400000001,285.72674,2159.47845
5253,2A,Tampa,0.8500000000000001,0.55,68.20463000000001,1949.0034699999999,326.29600999999997,2343.50411
5254,2A,Tampa,0.8500000000000001,0.5,72.26434,1900.23167,313.31131,2285.80732
5255,2A,Tampa,0.8500000000000001,0.6000000000000001,64.40997,1997.3635599999998,338.64731,2400.4208399999998
5256,2A,Tampa,0.8500000000000001,0.65,59.855230000000006,2050.98087,352.39208999999994,2463.22819
5257,2A,Tampa,0.8500000000000001,0.7000000000000001,56.73733,2094.84382,363.76162,2515.34277
5258,2A,Tampa,0.8500000000000001,0.75,54.04198,2141.36705,375.66954,2571.0785699999997
5259,2A,Tampa,0.8500000000000001,0.8500000000000001,49.66557,2236.12369,400.78385,2686.57311
5260,2A,Tampa,0.8500000000000001,0.8,51.80084999999999,2188.6186900000002,388.21085999999997,2628.6304000000005
5261,2A,Tampa,0.8500000000000001,0.9500000000000001,46.26179,2330.05691,425.86649,2802.1851899999997
5262,2A,Tampa,0.8500000000000001,0.9,47.85782999999999,2283.75537,413.26183000000003,2744.8750299999997
5263,2A,Tampa,0.8,0.01,196.68824,1254.1319999999998,168.4844,1619.3046399999998
5264,2A,Tampa,0.8,0.15000000000000002,118.96588,1463.85074,209.21202,1792.02864
5265,2A,Tampa,0.8,0.1,140.1652,1391.73815,194.04209,1725.9454399999997
5266,2A,Tampa,0.8,0.25,95.04164999999999,1603.3887599999998,240.50197999999997,1938.9323899999997
5267,2A,Tampa,0.8,0.2,104.96370999999999,1534.53818,224.857,1864.35889
5268,2A,Tampa,0.8,0.30000000000000004,87.26315999999998,1668.15391,255.73524999999998,2011.15232
5269,2A,Tampa,0.8,0.35000000000000003,80.63562999999999,1730.1320999999998,270.87351,2081.64124
5270,2A,Tampa,0.8,0.45,70.38092999999999,1842.62394,299.40818,2212.41305
5271,2A,Tampa,0.8,0.4,75.13823,1787.9931900000001,285.25168999999994,2148.38311
5272,2A,Tampa,0.8,0.55,62.314009999999996,1946.5332099999998,326.26433999999995,2335.11156
5273,2A,Tampa,0.8,0.5,66.07784999999998,1896.6212899999998,313.12129,2275.8204299999998
5274,2A,Tampa,0.8,0.6000000000000001,58.804379999999995,1994.73495,338.83732999999995,2392.37666
5275,2A,Tampa,0.8,0.65,54.523830000000004,2050.22079,352.86714,2457.61176
5276,2A,Tampa,0.8,0.7000000000000001,51.69096,2094.46378,364.52169999999995,2510.6764399999997
5277,2A,Tampa,0.8,0.75,49.15396,2142.12713,376.80966,2568.09075
5278,2A,Tampa,0.8,0.8500000000000001,45.125919999999994,2237.9922199999996,402.209,2685.3271399999994
5279,2A,Tampa,0.8,0.8,47.00784,2190.1705199999997,389.57267,2626.75103
5280,2A,Tampa,0.8,0.9500000000000001,41.94383,2333.92065,427.83002999999997,2803.6945100000003
5281,2A,Tampa,0.8,0.9,43.41318999999999,2287.33408,415.09869,2745.84596
5282,2A,Tampa,0.9500000000000001,0.01,232.53889999999998,1256.7606099999998,168.38939,1657.6888999999999
5283,2A,Tampa,0.9500000000000001,0.15000000000000002,145.70004,1474.3968499999999,210.82718999999997,1830.9240799999998
5284,2A,Tampa,0.9500000000000001,0.1,168.21909,1401.17581,195.24554999999998,1764.6404499999999
5285,2A,Tampa,0.9500000000000001,0.25,118.82497,1617.86195,242.68720999999996,1979.37413
5286,2A,Tampa,0.9500000000000001,0.2,130.39386999999996,1548.44131,226.91555,1905.7507299999997
5287,2A,Tampa,0.9500000000000001,0.30000000000000004,109.71634,1682.9754699999999,258.07883,2050.7706399999997
5288,2A,Tampa,0.9500000000000001,0.35000000000000003,101.98035999999999,1744.7953099999997,272.96373,2119.7394
5289,2A,Tampa,0.9500000000000001,0.45,89.68794,1856.7804299999998,301.05502,2247.52339
5290,2A,Tampa,0.9500000000000001,0.4,95.38535,1802.27636,287.18356,2184.8452700000003
5291,2A,Tampa,0.9500000000000001,0.55,80.1642,1956.69928,326.8344,2363.69788
5292,2A,Tampa,0.9500000000000001,0.5,84.68812,1908.6558899999998,314.29308,2307.6370899999997
5293,2A,Tampa,0.9500000000000001,0.6000000000000001,75.95782999999999,2003.91925,338.80566,2418.6827399999997
5294,2A,Tampa,0.9500000000000001,0.65,70.72717999999999,2055.60469,352.07538999999997,2478.40726
5295,2A,Tampa,0.9500000000000001,0.7000000000000001,67.19757,2096.8707,362.62149999999997,2526.68977
5296,2A,Tampa,0.9500000000000001,0.75,64.12218,2141.36705,373.99102999999997,2579.48026
5297,2A,Tampa,0.9500000000000001,0.8500000000000001,59.133199999999995,2232.38663,398.0919,2689.61173
5298,2A,Tampa,0.9500000000000001,0.8,61.53268,2186.87684,386.12064,2634.53016
5299,2A,Tampa,0.9500000000000001,0.9500000000000001,55.09602,2322.9945,422.03441999999995,2800.1249399999997
5300,2A,Tampa,0.9500000000000001,0.9,56.98792999999999,2278.59316,410.03148999999996,2745.6125799999995
5301,2A,Tampa,0.9,0.01,220.79038999999997,1255.9371899999999,168.42105999999998,1645.1486399999997
5302,2A,Tampa,0.9,0.15000000000000002,136.96422,1470.08973,210.16212,1817.21607
5303,2A,Tampa,0.9,0.1,158.98334999999997,1397.7554499999999,194.7705,1751.5093
5304,2A,Tampa,0.9,0.25,111.02416,1613.14312,241.83211999999997,1965.9994
5305,2A,Tampa,0.9,0.2,122.10717,1543.34244,226.09213,1891.54174
5306,2A,Tampa,0.9,0.30000000000000004,102.20056,1677.62324,257.09706,2036.92086
5307,2A,Tampa,0.9,0.35000000000000003,94.84461999999999,1739.37974,272.14031,2106.36467
5308,2A,Tampa,0.9,0.45,83.24894,1851.6182199999998,300.35828,2235.2254399999997
5309,2A,Tampa,0.9,0.4,88.61881,1796.79745,286.42348,2171.83974
5310,2A,Tampa,0.9,0.55,74.20025,1952.5821799999999,326.45435999999995,2353.23679
5311,2A,Tampa,0.9,0.5,78.47080999999999,1904.2537599999998,313.72301999999996,2296.4475899999998
5312,2A,Tampa,0.9,0.6000000000000001,70.10972,2000.18219,338.5523,2408.8442099999997
5313,2A,Tampa,0.9,0.65,65.23827999999999,2053.1027599999998,352.1704,2470.5114399999998
5314,2A,Tampa,0.9,0.7000000000000001,61.91951999999999,2095.69891,363.09655,2520.7149799999997
5315,2A,Tampa,0.9,0.75,59.09749,2140.73365,374.62443,2574.45557
5316,2A,Tampa,0.9,0.8500000000000001,54.37271,2233.9701299999997,399.26368999999994,2687.6065299999996
5317,2A,Tampa,0.9,0.8,56.63466999999999,2187.73193,387.13408,2631.5006799999996
5318,2A,Tampa,0.9,0.9500000000000001,50.67305999999999,2326.2565099999997,423.87128,2800.8008499999996
5319,2A,Tampa,0.9,0.9,52.40662,2281.09509,411.51998,2745.02169
5320,2B,Tucson,0.01,0.01,31.578450000000004,973.3141099999999,320.08869,1324.9812499999998
5321,2B,Tucson,0.01,0.15000000000000002,19.24528,1164.34755,416.74553,1600.33836
5322,2B,Tucson,0.01,0.1,26.12932,1096.51041,384.66381999999993,1507.30355
5323,2B,Tucson,0.01,0.25,12.70557,1286.21371,472.54807,1771.4673500000001
5324,2B,Tucson,0.01,0.2,14.85104,1225.15395,445.85026,1685.8552499999998
5325,2B,Tucson,0.01,0.30000000000000004,11.27554,1345.40494,496.90229999999997,1853.58278
5326,2B,Tucson,0.01,0.35000000000000003,10.06316,1407.76317,521.06651,1938.89284
5327,2B,Tucson,0.01,0.45,7.96615,1532.38462,569.04656,2109.39733
5328,2B,Tucson,0.01,0.4,8.949190000000002,1469.07629,544.9456899999999,2022.9711699999998
5329,2B,Tucson,0.01,0.55,6.73464,1653.5857099999998,616.55156,2276.87191
5330,2B,Tucson,0.01,0.5,7.252409999999999,1592.4626099999998,592.7357199999999,2192.4507399999998
5331,2B,Tucson,0.01,0.6000000000000001,6.32442,1714.42378,640.3990699999999,2361.14727
5332,2B,Tucson,0.01,0.65,5.93673,1775.8952499999998,664.6899599999999,2446.5219399999996
5333,2B,Tucson,0.01,0.7000000000000001,5.58156,1837.1767,689.10753,2531.86579
5334,2B,Tucson,0.01,0.75,5.24807,1898.10978,713.93681,2617.29466
5335,2B,Tucson,0.01,0.8500000000000001,4.63614,2018.77248,764.0704199999999,2787.47904
5336,2B,Tucson,0.01,0.8,4.915430000000001,1959.2962199999997,738.95611,2703.16776
5337,2B,Tucson,0.01,0.9500000000000001,4.14345,2138.51675,814.1723599999999,2956.83256
5338,2B,Tucson,0.01,0.9,4.36854,2079.00882,789.1213899999999,2872.4987499999997
5339,2B,Tucson,0.05,0.01,35.37034,967.5501699999999,314.1664,1317.08691
5340,2B,Tucson,0.05,0.15000000000000002,20.89318,1164.3158799999999,410.85490999999996,1596.06397
5341,2B,Tucson,0.05,0.1,28.766849999999998,1094.9902499999998,378.17146999999994,1501.9285699999998
5342,2B,Tucson,0.05,0.25,13.57405,1283.14172,464.0921799999999,1760.80795
5343,2B,Tucson,0.05,0.2,16.12379,1222.71536,439.13622,1677.97537
5344,2B,Tucson,0.05,0.30000000000000004,11.92233,1342.58631,488.25638999999995,1842.76503
5345,2B,Tucson,0.05,0.35000000000000003,10.52992,1402.8226499999998,512.57895,1925.9315199999996
5346,2B,Tucson,0.05,0.45,8.30453,1527.5074399999999,560.43232,2096.2442899999996
5347,2B,Tucson,0.05,0.4,9.309249999999999,1463.9457499999999,536.58481,2009.83981
5348,2B,Tucson,0.05,0.55,7.05134,1649.88032,608.2856899999999,2265.21735
5349,2B,Tucson,0.05,0.5,7.56996,1588.2504999999999,584.2164899999999,2180.0369499999997
5350,2B,Tucson,0.05,0.6000000000000001,6.55525,1710.1799999999998,631.87984,2348.61509
5351,2B,Tucson,0.05,0.65,6.14503,1770.4163399999998,655.75902,2432.32039
5352,2B,Tucson,0.05,0.7000000000000001,5.72482,1831.0960599999996,680.01824,2516.8391199999996
5353,2B,Tucson,0.05,0.75,5.33713,1892.5991999999999,704.6574999999999,2602.59383
5354,2B,Tucson,0.05,0.8500000000000001,4.6276399999999995,2012.50182,754.12604,2771.2554999999998
5355,2B,Tucson,0.05,0.8,4.95029,1953.0255599999998,729.45511,2687.4309599999997
5356,2B,Tucson,0.05,0.9500000000000001,3.9940300000000004,2131.89772,804.25965,2940.1513999999997
5357,2B,Tucson,0.05,0.9,4.28416,2072.92818,779.17701,2856.38935
5358,2B,Tucson,0.15000000000000002,0.01,48.12037,958.3975399999999,304.63372999999996,1311.1516399999998
5359,2B,Tucson,0.15000000000000002,0.15000000000000002,24.82217,1159.91375,396.38172,1581.11764
5360,2B,Tucson,0.15000000000000002,0.1,34.8834,1090.61979,365.94685,1491.45004
5361,2B,Tucson,0.15000000000000002,0.25,16.49279,1273.51404,447.02205,1737.02888
5362,2B,Tucson,0.15000000000000002,0.2,19.59771,1217.90152,422.16110000000003,1659.66033
5363,2B,Tucson,0.15000000000000002,0.30000000000000004,14.66359,1334.5421299999998,471.02790999999996,1820.23363
5364,2B,Tucson,0.15000000000000002,0.35000000000000003,13.10369,1392.8465999999999,495.09711,1901.0473999999997
5365,2B,Tucson,0.15000000000000002,0.45,10.566699999999999,1516.993,542.66545,2070.22515
5366,2B,Tucson,0.15000000000000002,0.4,11.694700000000001,1454.79312,519.0713,1985.55912
5367,2B,Tucson,0.15000000000000002,0.55,9.021889999999999,1639.27087,590.0121,2238.30486
5368,2B,Tucson,0.15000000000000002,0.5,9.75136,1577.5777099999998,566.2279299999999,2153.557
5369,2B,Tucson,0.15000000000000002,0.6000000000000001,8.37829,1698.58878,613.7962699999999,2320.76334
5370,2B,Tucson,0.15000000000000002,0.65,7.78889,1759.8385599999997,637.35875,2404.9862
5371,2B,Tucson,0.15000000000000002,0.7000000000000001,7.26368,1819.6315199999997,661.0162399999999,2487.91144
5372,2B,Tucson,0.15000000000000002,0.75,6.8026599999999995,1880.5962699999998,684.83208,2572.23101
5373,2B,Tucson,0.15000000000000002,0.8500000000000001,6.1048599999999995,1999.5487899999998,733.5722099999999,2739.2258599999996
5374,2B,Tucson,0.15000000000000002,0.8,6.4375,1939.72416,709.2813199999999,2655.44298
5375,2B,Tucson,0.15000000000000002,0.9500000000000001,5.48294,2117.61455,782.6290399999999,2905.7265299999995
5376,2B,Tucson,0.15000000000000002,0.9,5.77222,2058.51833,758.08479,2822.3753399999996
5377,2B,Tucson,0.1,0.01,40.54827,961.91291,308.65581999999995,1311.117
5378,2B,Tucson,0.1,0.15000000000000002,22.84694,1162.1306499999998,404.04585999999995,1589.0234499999997
5379,2B,Tucson,0.1,0.1,31.85116,1092.9317,371.45743,1496.24029
5380,2B,Tucson,0.1,0.25,14.950949999999999,1278.80293,454.87620999999996,1748.6300899999999
5381,2B,Tucson,0.1,0.2,17.8108,1220.7201499999999,429.98359,1668.51454
5382,2B,Tucson,0.1,0.30000000000000004,13.24758,1338.27919,479.0404199999999,1830.5671899999998
5383,2B,Tucson,0.1,0.35000000000000003,11.803519999999999,1397.62877,503.10962,1912.54191
5384,2B,Tucson,0.1,0.45,9.29395,1522.09187,550.99466,2082.38048
5385,2B,Tucson,0.1,0.4,10.45702,1459.38527,527.1154799999999,1996.95777
5386,2B,Tucson,0.1,0.55,7.875819999999999,1644.43308,598.65801,2250.96691
5387,2B,Tucson,0.1,0.5,8.53111,1583.8167,574.77883,2167.12664
5388,2B,Tucson,0.1,0.6000000000000001,7.33807,1703.71932,622.1571499999999,2333.21454
5389,2B,Tucson,0.1,0.65,6.949529999999999,1764.74741,645.9096499999999,2417.60659
5390,2B,Tucson,0.1,0.7000000000000001,6.56184,1825.30045,669.9155099999999,2501.7778
5391,2B,Tucson,0.1,0.75,6.206670000000001,1886.0751799999998,694.3014099999999,2586.58326
5392,2B,Tucson,0.1,0.8500000000000001,5.55138,2005.72444,743.3582399999999,2754.63406
5393,2B,Tucson,0.1,0.8,5.88402,1946.6598899999997,718.909,2671.4529099999995
5394,2B,Tucson,0.1,0.9500000000000001,4.96198,2124.8036399999996,792.89012,2922.6557399999997
5395,2B,Tucson,0.1,0.9,5.240419999999999,2064.75732,768.15585,2838.1535900000003
5396,2B,Tucson,0.25,0.01,63.554280000000006,953.61537,300.04157999999995,1317.21123
5397,2B,Tucson,0.25,0.15000000000000002,29.963340000000002,1153.0730299999998,385.01219,1568.0485599999997
5398,2B,Tucson,0.25,0.1,41.72965,1083.49404,354.89402,1480.11771
5399,2B,Tucson,0.25,0.25,20.278100000000002,1265.91324,434.73409,1720.92543
5400,2B,Tucson,0.25,0.2,24.028109999999998,1210.1740399999999,410.34818999999993,1644.5503399999998
5401,2B,Tucson,0.25,0.30000000000000004,18.124760000000002,1323.67932,458.32824,1800.13232
5402,2B,Tucson,0.25,0.35000000000000003,16.33488,1382.6488599999998,481.92238999999995,1880.9061299999996
5403,2B,Tucson,0.25,0.45,13.44803,1509.8989199999999,529.36405,2052.711
5404,2B,Tucson,0.25,0.4,14.76265,1446.5272499999999,505.73823,1967.0281299999997
5405,2B,Tucson,0.25,0.55,11.54486,1630.94166,575.85561,2218.34213
5406,2B,Tucson,0.25,0.5,12.42184,1569.91357,552.4831499999999,2134.8185599999997
5407,2B,Tucson,0.25,0.6000000000000001,10.74291,1690.4179199999999,599.32308,2300.48391
5408,2B,Tucson,0.25,0.65,10.04766,1750.84428,622.7272099999999,2383.61915
5409,2B,Tucson,0.25,0.7000000000000001,9.374089999999999,1811.2389699999999,646.22635,2466.83941
5410,2B,Tucson,0.25,0.75,8.80722,1870.1135,669.7571599999999,2548.6778799999997
5411,2B,Tucson,0.25,0.8500000000000001,7.7701899999999995,1988.74932,717.19882,2713.7183299999997
5412,2B,Tucson,0.25,0.8,8.25119,1930.0331399999998,693.4146499999999,2631.6989799999997
5413,2B,Tucson,0.25,0.9500000000000001,6.9049,2105.61162,764.98885,2877.50537
5414,2B,Tucson,0.25,0.9,7.3108699999999995,2046.54707,741.1096699999999,2794.9676099999997
5415,2B,Tucson,0.2,0.01,55.619780000000006,956.18064,301.84677,1313.6471900000001
5416,2B,Tucson,0.2,0.15000000000000002,27.22229,1156.7784199999999,390.1744,1574.1751099999997
5417,2B,Tucson,0.2,0.1,37.99854,1087.00941,359.92955,1484.9375
5418,2B,Tucson,0.2,0.25,18.241229999999998,1269.11191,440.27634,1727.62948
5419,2B,Tucson,0.2,0.2,21.6637,1214.51283,415.63708,1651.81361
5420,2B,Tucson,0.2,0.30000000000000004,16.254530000000003,1328.71485,464.12385,1809.09323
5421,2B,Tucson,0.2,0.35000000000000003,14.58963,1387.49437,487.97136,1890.0553599999998
5422,2B,Tucson,0.2,0.45,11.865169999999999,1513.9526799999999,535.57137,2061.38922
5423,2B,Tucson,0.2,0.4,13.022289999999998,1450.89771,512.00889,1975.9288900000001
5424,2B,Tucson,0.2,0.55,10.096119999999999,1634.5520399999998,582.50631,2227.1544699999995
5425,2B,Tucson,0.2,0.5,10.94313,1574.25236,558.91216,2144.10765
5426,2B,Tucson,0.2,0.6000000000000001,9.33498,1694.31333,606.13213,2309.78044
5427,2B,Tucson,0.2,0.65,8.648869999999999,1756.16484,629.7579499999999,2394.5716599999996
5428,2B,Tucson,0.2,0.7000000000000001,8.016110000000001,1815.19772,653.2887599999999,2476.50259
5429,2B,Tucson,0.2,0.75,7.45838,1875.0540199999998,676.94625,2559.4586499999996
5430,2B,Tucson,0.2,0.8500000000000001,6.407959999999999,1993.59483,724.83129,2724.83408
5431,2B,Tucson,0.2,0.8,6.92233,1935.1003399999997,700.8571,2642.8797699999996
5432,2B,Tucson,0.2,0.9500000000000001,5.48677,2111.0271900000002,773.1597099999999,2889.67367
5433,2B,Tucson,0.2,0.9,5.95778,2052.9127399999998,748.93216,2807.80268
5434,2B,Tucson,0.30000000000000004,0.01,74.82816,952.03187,297.91968999999995,1324.77972
5435,2B,Tucson,0.30000000000000004,0.15000000000000002,33.41771,1151.42619,381.52849,1566.3723899999998
5436,2B,Tucson,0.30000000000000004,0.1,46.168980000000005,1081.8472,351.34698,1479.3631599999999
5437,2B,Tucson,0.30000000000000004,0.25,22.50988,1267.56008,432.32716999999997,1722.39713
5438,2B,Tucson,0.30000000000000004,0.2,26.830799999999996,1209.1606,407.27619999999996,1643.2676
5439,2B,Tucson,0.30000000000000004,0.30000000000000004,20.05153,1327.66974,456.33303,1804.0543
5440,2B,Tucson,0.30000000000000004,0.35000000000000003,18.117539999999998,1387.6210499999997,480.33888999999994,1886.0774799999997
5441,2B,Tucson,0.30000000000000004,0.45,15.374159999999998,1509.93059,527.68554,2052.9902899999997
5442,2B,Tucson,0.30000000000000004,0.4,16.687079999999998,1449.59924,504.24974,1970.53606
5443,2B,Tucson,0.30000000000000004,0.55,13.058430000000001,1626.85623,570.34503,2210.25969
5444,2B,Tucson,0.30000000000000004,0.5,14.22129,1570.54697,550.96299,2135.73125
5445,2B,Tucson,0.30000000000000004,0.6000000000000001,12.182300000000001,1687.56762,593.43246,2293.18238
5446,2B,Tucson,0.30000000000000004,0.65,11.36037,1747.80396,616.74158,2375.90591
5447,2B,Tucson,0.30000000000000004,0.7000000000000001,10.6343,1807.6919299999997,640.0190299999999,2458.3452599999996
5448,2B,Tucson,0.30000000000000004,0.75,9.96158,1866.47145,663.2331399999999,2539.66617
5449,2B,Tucson,0.30000000000000004,0.8500000000000001,8.8187,1984.4105299999999,710.32643,2703.55566
5450,2B,Tucson,0.30000000000000004,0.8,9.34221,1925.34598,686.9539699999999,2621.64216
5451,2B,Tucson,0.30000000000000004,0.9500000000000001,7.82588,2099.4993099999997,757.41972,2864.7449099999994
5452,2B,Tucson,0.30000000000000004,0.9,8.27436,2043.00003,733.92058,2785.19497
5453,2B,Tucson,0.35000000000000003,0.01,85.09603999999999,951.08177,295.82946999999996,1332.0072799999998
5454,2B,Tucson,0.35000000000000003,0.15000000000000002,37.59964,1149.1142799999998,378.1398,1564.8537199999996
5455,2B,Tucson,0.35000000000000003,0.1,52.79099,1079.69364,348.14831,1480.63294
5456,2B,Tucson,0.35000000000000003,0.25,25.39929,1265.4381899999998,428.33675,1719.1742299999999
5457,2B,Tucson,0.35000000000000003,0.2,30.21524,1206.0252699999999,403.66581999999994,1639.9063299999998
5458,2B,Tucson,0.35000000000000003,0.30000000000000004,22.63678,1325.4845099999998,452.15259000000003,1800.2738799999997
5459,2B,Tucson,0.35000000000000003,0.35000000000000003,20.62372,1385.49916,475.90509000000003,1882.02797
5460,2B,Tucson,0.35000000000000003,0.45,17.46863,1507.1436299999998,522.9983799999999,2047.6106399999999
5461,2B,Tucson,0.35000000000000003,0.4,18.939899999999998,1446.3372299999999,499.62591999999995,1964.90305
5462,2B,Tucson,0.35000000000000003,0.55,14.793689999999998,1623.02416,565.21449,2203.0323399999997
5463,2B,Tucson,0.35000000000000003,0.5,16.1149,1566.7149,545.95913,2128.7889299999997
5464,2B,Tucson,0.35000000000000003,0.6000000000000001,13.79088,1684.40062,588.23858,2286.43008
5465,2B,Tucson,0.35000000000000003,0.65,12.89477,1744.22525,611.35768,2368.4777
5466,2B,Tucson,0.35000000000000003,0.7000000000000001,12.07369,1803.9865399999999,634.38177,2450.442
5467,2B,Tucson,0.35000000000000003,0.75,11.30596,1863.3044499999999,657.4375299999999,2532.0479399999995
5468,2B,Tucson,0.35000000000000003,0.8500000000000001,10.00473,1980.57846,704.11911,2694.7023
5469,2B,Tucson,0.35000000000000003,0.8,10.623249999999999,1922.1789800000001,680.80999,2613.61222
5470,2B,Tucson,0.35000000000000003,0.9500000000000001,8.86355,2094.93883,750.45232,2854.2547
5471,2B,Tucson,0.35000000000000003,0.9,9.428719999999998,2039.35798,727.4599,2776.2466
5472,2B,Tucson,0.45,0.01,108.74949,951.11344,293.23253,1353.09546
5473,2B,Tucson,0.45,0.15000000000000002,49.49056,1147.18241,373.35763,1570.0305999999998
5474,2B,Tucson,0.45,0.1,66.31345,1076.65332,343.9362,1486.90297
5475,2B,Tucson,0.45,0.25,32.85746999999999,1262.27119,422.31944999999996,1717.4481099999998
5476,2B,Tucson,0.45,0.2,38.85265,1204.37843,398.21858,1641.44966
5477,2B,Tucson,0.45,0.30000000000000004,29.545939999999998,1322.4125199999999,445.66024,1797.6186999999998
5478,2B,Tucson,0.45,0.35000000000000003,26.75367,1382.4905099999999,469.09603999999996,1878.3402199999998
5479,2B,Tucson,0.45,0.45,22.50182,1502.01309,515.0175399999999,2039.5324499999997
5480,2B,Tucson,0.45,0.4,24.500639999999997,1441.9351,491.93011,1958.36585
5481,2B,Tucson,0.45,0.55,19.11845,1618.71704,556.88528,2194.72077
5482,2B,Tucson,0.45,0.5,20.82055,1563.26287,538.1366399999999,2122.2200599999996
5483,2B,Tucson,0.45,0.6000000000000001,17.756429999999998,1679.55511,579.5926699999999,2276.9042099999997
5484,2B,Tucson,0.45,0.65,16.59612,1739.5380899999998,602.14171,2358.2759199999996
5485,2B,Tucson,0.45,0.7000000000000001,15.563339999999998,1798.1909299999998,625.00745,2438.7617199999995
5486,2B,Tucson,0.45,0.75,14.58391,1857.0021199999999,647.7781799999999,2519.3642099999997
5487,2B,Tucson,0.45,0.8500000000000001,12.880959999999998,1974.33947,693.5096599999999,2680.73009
5488,2B,Tucson,0.45,0.8,13.71118,1915.84498,670.5172399999999,2600.0734
5489,2B,Tucson,0.45,0.9500000000000001,11.497259999999999,2086.19791,738.3543799999999,2836.0495499999997
5490,2B,Tucson,0.45,0.9,12.178269999999998,2030.9970999999998,716.5337499999999,2759.70912
5491,2B,Tucson,0.4,0.01,96.87154,950.3533599999998,294.34098,1341.5658799999999
5492,2B,Tucson,0.4,0.15000000000000002,43.735119999999995,1148.06917,375.41618,1567.22047
5493,2B,Tucson,0.4,0.1,58.97047,1078.17348,345.77306,1482.91701
5494,2B,Tucson,0.4,0.25,28.90127,1263.79135,425.0113999999999,1717.70402
5495,2B,Tucson,0.4,0.2,34.16974,1204.94849,400.56216,1639.68039
5496,2B,Tucson,0.4,0.30000000000000004,25.8905,1322.91924,448.60555,1797.41529
5497,2B,Tucson,0.4,0.35000000000000003,23.51993,1384.23236,472.23137,1879.9836599999999
5498,2B,Tucson,0.4,0.45,19.879799999999996,1504.6100299999998,518.7546,2043.2444299999997
5499,2B,Tucson,0.4,0.4,21.57276,1443.07522,495.41381,1960.06179
5500,2B,Tucson,0.4,0.55,16.86648,1620.61724,560.74902,2198.23274
5501,2B,Tucson,0.4,0.5,18.388550000000002,1564.1179599999998,541.65201,2124.15852
5502,2B,Tucson,0.4,0.6000000000000001,15.673649999999999,1681.55032,583.4247399999999,2280.64871
5503,2B,Tucson,0.4,0.65,14.640019999999998,1741.37495,606.4805,2362.49547
5504,2B,Tucson,0.4,0.7000000000000001,13.713090000000001,1801.2312499999998,629.4729199999999,2444.4172599999997
5505,2B,Tucson,0.4,0.75,12.839509999999999,1859.4407099999999,652.3386599999999,2524.61888
5506,2B,Tucson,0.4,0.8500000000000001,11.34826,1976.7780599999996,698.57686,2686.7031799999995
5507,2B,Tucson,0.4,0.8,12.07263,1918.79029,675.36275,2606.22567
5508,2B,Tucson,0.4,0.9500000000000001,10.12291,2091.23344,744.1183199999999,2845.47467
5509,2B,Tucson,0.4,0.9,10.698069999999998,2034.7975,721.7592999999999,2767.2548699999998
5510,2B,Tucson,0.55,0.01,135.13634,952.9186299999999,291.80737999999997,1379.8623499999999
5511,2B,Tucson,0.55,0.15000000000000002,62.855729999999994,1148.3542,370.60233999999997,1581.81227
5512,2B,Tucson,0.55,0.1,82.75954,1078.4268399999999,341.75097,1502.93735
5513,2B,Tucson,0.55,0.25,43.23439,1264.04471,418.39237,1725.67147
5514,2B,Tucson,0.55,0.2,51.23371,1206.0252699999999,394.76655,1652.02553
5515,2B,Tucson,0.55,0.30000000000000004,38.434369999999994,1322.82423,441.28978,1802.54838
5516,2B,Tucson,0.55,0.35000000000000003,34.81783,1381.92045,464.28219999999993,1881.02048
5517,2B,Tucson,0.55,0.45,29.13913,1501.158,509.44362,2039.74075
5518,2B,Tucson,0.55,0.4,31.68803,1442.5684999999999,486.83124,1961.0877699999999
5519,2B,Tucson,0.55,0.55,24.67558,1617.26022,550.70963,2192.64543
5520,2B,Tucson,0.55,0.5,26.92861,1561.83772,532.21435,2120.9806799999997
5521,2B,Tucson,0.55,0.6000000000000001,22.94096,1677.0531799999999,573.10032,2273.09446
5522,2B,Tucson,0.55,0.65,21.37638,1736.18107,595.2376499999999,2352.7951
5523,2B,Tucson,0.55,0.7000000000000001,19.981840000000002,1796.0057,617.81836,2433.8059
5524,2B,Tucson,0.55,0.75,18.778170000000003,1852.91669,640.1140399999999,2511.8089
5525,2B,Tucson,0.55,0.8500000000000001,16.59337,1968.3855099999998,684.92709,2669.90597
5526,2B,Tucson,0.55,0.8,17.60617,1911.3161699999998,662.40972,2591.3320599999997
5527,2B,Tucson,0.55,0.9500000000000001,14.792009999999998,2077.39365,728.1566399999999,2820.3423000000003
5528,2B,Tucson,0.55,0.9,15.602249999999998,2026.4682899999998,707.3494499999999,2749.4199899999994
5529,2B,Tucson,0.5,0.01,121.63918,951.87352,292.37744,1365.89014
5530,2B,Tucson,0.5,0.15000000000000002,55.75272,1146.8973799999999,371.83746999999994,1574.4875699999998
5531,2B,Tucson,0.5,0.1,74.21565000000001,1077.35006,342.70106999999996,1494.26678
5532,2B,Tucson,0.5,0.25,37.44048,1262.6828999999998,420.16588999999993,1720.2892699999998
5533,2B,Tucson,0.5,0.2,45.21406999999999,1205.01183,396.22337,1646.4492699999998
5534,2B,Tucson,0.5,0.30000000000000004,33.72893,1322.3175099999999,443.28499,1799.3314299999997
5535,2B,Tucson,0.5,0.35000000000000003,30.472450000000002,1381.98379,466.40409,1878.86033
5536,2B,Tucson,0.5,0.45,25.60888,1501.31635,512.00889,2038.93412
5537,2B,Tucson,0.5,0.4,27.829389999999997,1442.09345,489.17482,1959.0976600000001
5538,2B,Tucson,0.5,0.55,21.676280000000002,1617.3235599999998,553.49659,2192.4964299999997
5539,2B,Tucson,0.5,0.5,23.642580000000002,1562.09108,535.03298,2120.76664
5540,2B,Tucson,0.5,0.6000000000000001,20.123389999999997,1677.6865799999998,576.01396,2273.8239299999996
5541,2B,Tucson,0.5,0.65,18.78305,1737.8595799999998,598.49966,2355.14229
5542,2B,Tucson,0.5,0.7000000000000001,17.58108,1796.6390999999996,621.11204,2435.3322199999993
5543,2B,Tucson,0.5,0.75,16.52747,1855.73532,643.8194299999999,2516.08222
5544,2B,Tucson,0.5,0.8500000000000001,14.59114,1971.8692099999998,689.04419,2675.50454
5545,2B,Tucson,0.5,0.8,15.495539999999998,1912.80466,666.2417899999999,2594.5419899999997
5546,2B,Tucson,0.5,0.9500000000000001,13.02741,2081.92246,733.12883,2828.0787
5547,2B,Tucson,0.5,0.9,13.740089999999999,2028.30515,711.65657,2753.70181
5548,2B,Tucson,0.6000000000000001,0.01,148.82437,953.64704,291.364,1393.83541
5549,2B,Tucson,0.6000000000000001,0.15000000000000002,70.09880999999999,1150.0643799999998,369.93727,1590.1004599999997
5550,2B,Tucson,0.6000000000000001,0.1,91.45348999999999,1079.59863,341.24424999999997,1512.2963699999998
5551,2B,Tucson,0.6000000000000001,0.25,49.158379999999994,1265.97658,417.18890999999996,1732.3238700000002
5552,2B,Tucson,0.6000000000000001,0.2,57.710119999999996,1207.64044,393.78478,1659.1353399999998
5553,2B,Tucson,0.6000000000000001,0.30000000000000004,43.524100000000004,1324.37606,439.8646299999999,1807.7647900000002
5554,2B,Tucson,0.6000000000000001,0.35000000000000003,39.34834,1382.9655599999999,462.50867999999997,1884.8225799999998
5555,2B,Tucson,0.6000000000000001,0.45,32.87789,1501.9814199999998,507.3533999999999,2042.2127099999998
5556,2B,Tucson,0.6000000000000001,0.4,35.76432,1443.55027,484.96270999999996,1964.2773
5557,2B,Tucson,0.6000000000000001,0.55,27.81261,1617.45024,548.3027099999999,2193.56556
5558,2B,Tucson,0.6000000000000001,0.5,30.318999999999996,1562.2811,529.90244,2122.50254
5559,2B,Tucson,0.6000000000000001,0.6000000000000001,25.83547,1676.45145,570.5667199999999,2272.85364
5560,2B,Tucson,0.6000000000000001,0.65,24.1017,1735.9593799999998,592.6407099999999,2352.7017899999996
5561,2B,Tucson,0.6000000000000001,0.7000000000000001,22.5588,1794.39053,614.55635,2431.5056799999998
5562,2B,Tucson,0.6000000000000001,0.75,21.154269999999997,1851.3648600000001,636.91537,2509.4345000000003
5563,2B,Tucson,0.6000000000000001,0.8500000000000001,18.69443,1966.58032,681.28504,2666.5597900000002
5564,2B,Tucson,0.6000000000000001,0.8,19.855590000000003,1909.98603,659.08437,2588.9259899999997
5565,2B,Tucson,0.6000000000000001,0.9500000000000001,16.75555,2074.0049599999998,723.62783,2814.3883399999995
5566,2B,Tucson,0.6000000000000001,0.9,17.67164,2024.7264400000001,703.5807199999999,2745.9788
5567,2B,Tucson,0.65,0.01,162.23076999999998,955.1988699999999,291.30066,1408.7302999999997
5568,2B,Tucson,0.65,0.15000000000000002,77.57356999999999,1155.47995,370.76068999999995,1603.81421
5569,2B,Tucson,0.65,0.1,99.19394,1083.71573,341.97266,1524.88233
5570,2B,Tucson,0.65,0.25,54.4732,1277.66281,419.81752,1751.95353
5571,2B,Tucson,0.65,0.2,63.412209999999995,1215.87464,395.5583,1674.8451499999999
5572,2B,Tucson,0.65,0.30000000000000004,48.302229999999994,1337.9308199999998,443.31665999999996,1829.5497099999998
5573,2B,Tucson,0.65,0.35000000000000003,43.5681,1399.71899,466.4674299999999,1909.75452
5574,2B,Tucson,0.65,0.45,36.35181,1520.3500199999999,512.00889,2068.71072
5575,2B,Tucson,0.65,0.4,39.57407,1460.49372,489.11148,1989.1792699999999
5576,2B,Tucson,0.65,0.55,30.84825,1633.9186399999999,552.79985,2217.5667399999998
5577,2B,Tucson,0.65,0.5,33.467929999999996,1579.0662,534.43125,2146.96538
5578,2B,Tucson,0.65,0.6000000000000001,28.6728,1692.4447999999998,574.8104999999999,2295.9280999999996
5579,2B,Tucson,0.65,0.65,26.59236,1752.45945,596.9161599999999,2375.96797
5580,2B,Tucson,0.65,0.7000000000000001,24.85115,1809.08541,618.32508,2452.2616399999997
5581,2B,Tucson,0.65,0.75,23.290819999999997,1865.1413099999997,640.0506999999999,2528.4828299999995
5582,2B,Tucson,0.65,0.8500000000000001,20.67858,1977.72816,683.78697,2682.19371
5583,2B,Tucson,0.65,0.8,21.910519999999998,1922.7173699999998,661.96634,2606.5942299999997
5584,2B,Tucson,0.65,0.9500000000000001,18.554779999999997,2086.16624,726.1614299999999,2830.88245
5585,2B,Tucson,0.65,0.9,19.531659999999995,2034.8291699999997,705.79762,2760.15845
5586,2B,Tucson,0.7000000000000001,0.01,175.71623999999997,957.4474399999999,291.39567,1424.55935
5587,2B,Tucson,0.7000000000000001,0.15000000000000002,84.86404999999999,1161.7506099999998,372.02749,1618.6421499999997
5588,2B,Tucson,0.7000000000000001,0.1,107.29849,1088.6879199999998,342.95443,1538.9408399999998
5589,2B,Tucson,0.7000000000000001,0.25,60.24798,1291.7876299999998,423.33288999999996,1775.3684999999998
5590,2B,Tucson,0.7000000000000001,0.2,69.79021,1226.0723799999998,398.0919,1693.9544899999996
5591,2B,Tucson,0.7000000000000001,0.30000000000000004,53.622789999999995,1354.87427,447.8138,1856.31086
5592,2B,Tucson,0.7000000000000001,0.35000000000000003,48.266099999999994,1418.11926,471.47129,1937.85665
5593,2B,Tucson,0.7000000000000001,0.45,40.24722,1540.30212,517.58281,2098.13215
5594,2B,Tucson,0.7000000000000001,0.4,43.89203,1479.59073,495.0021,2018.4848599999998
5595,2B,Tucson,0.7000000000000001,0.55,34.30113,1652.8256299999998,558.88049,2246.0072499999997
5596,2B,Tucson,0.7000000000000001,0.5,37.120819999999995,1598.1315399999999,539.6568,2174.90916
5597,2B,Tucson,0.7000000000000001,0.6000000000000001,31.840650000000004,1709.73662,580.1944,2321.77167
5598,2B,Tucson,0.7000000000000001,0.65,29.432669999999998,1770.8913899999998,602.0467,2402.37076
5599,2B,Tucson,0.7000000000000001,0.7000000000000001,27.53311,1824.8254,622.66387,2475.02238
5600,2B,Tucson,0.7000000000000001,0.75,25.81443,1879.6145,643.7244199999999,2549.1533499999996
5601,2B,Tucson,0.7000000000000001,0.8500000000000001,22.91716,1989.7944299999997,686.51059,2699.2221799999998
5602,2B,Tucson,0.7000000000000001,0.8,24.30745,1935.6387300000001,665.0699999999999,2625.01618
5603,2B,Tucson,0.7000000000000001,0.9500000000000001,20.5925,2097.1874,728.60002,2846.37992
5604,2B,Tucson,0.7000000000000001,0.9,21.67523,2045.5969699999998,708.10953,2775.38173
5605,2B,Tucson,0.75,0.01,189.01743,960.01271,291.58568999999994,1440.6158299999997
5606,2B,Tucson,0.75,0.15000000000000002,92.10203,1168.46465,373.73767,1634.3043499999999
5607,2B,Tucson,0.75,0.1,115.25553,1094.26184,344.34791,1553.8652799999998
5608,2B,Tucson,0.75,0.25,66.27527,1306.3874999999998,427.70335,1800.36612
5609,2B,Tucson,0.75,0.2,76.24919,1238.45535,401.2589,1715.96344
5610,2B,Tucson,0.75,0.30000000000000004,58.93251,1373.9079399999998,453.29270999999994,1886.1331599999999
5611,2B,Tucson,0.75,0.35000000000000003,53.21661,1438.73643,477.96363999999994,1969.9166799999998
5612,2B,Tucson,0.75,0.45,44.35348,1561.74271,524.4552,2130.55139
5613,2B,Tucson,0.75,0.4,48.399159999999995,1501.6013799999998,501.77948,2051.7800199999997
5614,2B,Tucson,0.75,0.55,37.80566,1675.3429999999998,566.5129599999999,2279.66162
5615,2B,Tucson,0.75,0.5,40.89954,1619.82549,546.49752,2207.22255
5616,2B,Tucson,0.75,0.6000000000000001,35.17684,1730.1637699999997,586.94011,2352.2807199999997
5617,2B,Tucson,0.75,0.65,32.346309999999995,1789.60836,608.15901,2430.11368
5618,2B,Tucson,0.75,0.7000000000000001,30.299239999999998,1841.13545,627.57272,2499.00741
5619,2B,Tucson,0.75,0.75,28.443039999999996,1894.15103,647.71484,2570.30891
5620,2B,Tucson,0.75,0.8500000000000001,25.29241,2002.20907,689.70926,2717.21074
5621,2B,Tucson,0.75,0.8,26.809379999999997,1948.4334099999999,668.5536999999999,2643.7964899999997
5622,2B,Tucson,0.75,0.9500000000000001,22.77773,2107.3217999999997,730.91193,2861.0114599999997
5623,2B,Tucson,0.75,0.9,23.966309999999996,2056.07974,710.61146,2790.65751
5624,2B,Tucson,0.8500000000000001,0.01,217.18907,962.92635,291.58568999999994,1471.7011099999997
5625,2B,Tucson,0.8500000000000001,0.15000000000000002,109.19363,1173.4368399999998,373.54765,1656.1781199999998
5626,2B,Tucson,0.8500000000000001,0.1,134.96383999999998,1098.50562,344.37958,1577.8490399999998
5627,2B,Tucson,0.8500000000000001,0.25,80.01176,1317.472,429.22351,1826.70727
5628,2B,Tucson,0.8500000000000001,0.2,92.32926,1247.13293,401.95563999999996,1741.4178299999999
5629,2B,Tucson,0.8500000000000001,0.30000000000000004,71.47637999999999,1387.0193199999999,455.47793999999993,1913.97364
5630,2B,Tucson,0.8500000000000001,0.35000000000000003,64.39867,1453.0195999999999,480.62391999999994,1998.04219
5631,2B,Tucson,0.8500000000000001,0.45,53.8887,1576.12089,527.27383,2157.2834199999998
5632,2B,Tucson,0.8500000000000001,0.4,58.726130000000005,1516.4862799999999,504.5031,2079.71551
5633,2B,Tucson,0.8500000000000001,0.55,46.031569999999995,1691.46303,570.40837,2307.90297
5634,2B,Tucson,0.8500000000000001,0.5,49.66384,1635.05876,549.2844799999999,2234.00708
5635,2B,Tucson,0.8500000000000001,0.6000000000000001,42.81186,1745.2070199999998,590.26546,2378.2843399999997
5636,2B,Tucson,0.8500000000000001,0.65,39.17874,1804.1132199999997,610.62927,2453.92123
5637,2B,Tucson,0.8500000000000001,0.7000000000000001,36.6783,1852.59999,628.90286,2518.18115
5638,2B,Tucson,0.8500000000000001,0.75,34.49456,1904.7604800000001,648.22156,2587.4766
5639,2B,Tucson,0.8500000000000001,0.8500000000000001,30.76303,2009.9048799999998,688.8225,2729.49041
5640,2B,Tucson,0.8500000000000001,0.8,32.490849999999995,1957.3326799999998,668.4586899999999,2658.2822199999996
5641,2B,Tucson,0.8500000000000001,0.9500000000000001,27.7733,2112.61069,728.98006,2869.3640499999997
5642,2B,Tucson,0.8500000000000001,0.9,29.2044,2060.86191,708.7746,2798.84091
5643,2B,Tucson,0.8,0.01,203.47871999999998,960.93114,291.42733999999996,1455.8372
5644,2B,Tucson,0.8,0.15000000000000002,101.1571,1168.7180099999998,372.81924,1642.6943499999998
5645,2B,Tucson,0.8,0.1,125.81397,1095.1802699999998,343.84119,1564.8354299999996
5646,2B,Tucson,0.8,0.25,73.43439,1311.80307,428.33675,1813.5742099999998
5647,2B,Tucson,0.8,0.2,84.83346,1241.8123699999999,401.19556,1727.84139
5648,2B,Tucson,0.8,0.30000000000000004,65.33155,1381.0653599999998,454.62285,1901.01976
5649,2B,Tucson,0.8,0.35000000000000003,58.98224999999999,1446.6856,479.64214999999996,1985.31
5650,2B,Tucson,0.8,0.45,49.126509999999996,1570.48363,526.51375,2146.12389
5651,2B,Tucson,0.8,0.4,53.59474,1510.62733,503.67967999999996,2067.90175
5652,2B,Tucson,0.8,0.55,41.93445,1687.12424,570.15501,2299.2137000000002
5653,2B,Tucson,0.8,0.5,45.28169,1629.9915599999997,548.8094299999999,2224.0826799999995
5654,2B,Tucson,0.8,0.6000000000000001,38.9681,1741.5332999999998,590.42381,2370.92521
5655,2B,Tucson,0.8,0.65,35.640840000000004,1801.73797,611.19933,2448.57814
5656,2B,Tucson,0.8,0.7000000000000001,33.30874,1851.5232099999998,629.9796399999999,2514.81159
5657,2B,Tucson,0.8,0.75,31.29419,1903.71537,649.67838,2584.68794
5658,2B,Tucson,0.8,0.8500000000000001,27.890199999999997,2010.4115999999997,691.1027399999999,2729.4045399999995
5659,2B,Tucson,0.8,0.8,29.491339999999997,1957.2376699999998,670.3272199999999,2657.0562299999997
5660,2B,Tucson,0.8,0.9500000000000001,25.12216,2114.98594,732.0203799999999,2872.12848
5661,2B,Tucson,0.8,0.9,26.39491,2062.47708,711.49822,2800.37021
5662,2B,Tucson,0.9500000000000001,0.01,243.26198999999997,966.8217599999998,292.09241,1502.1761599999998
5663,2B,Tucson,0.9500000000000001,0.15000000000000002,125.30090999999999,1184.61635,375.60619999999994,1685.52346
5664,2B,Tucson,0.9500000000000001,0.1,152.92605,1106.99318,346.08975999999996,1606.0089899999998
5665,2B,Tucson,0.9500000000000001,0.25,93.59903999999999,1330.5833799999998,431.85212,1856.0345399999999
5666,2B,Tucson,0.9500000000000001,0.2,107.27834999999999,1258.7241499999998,404.36256,1770.3650599999999
5667,2B,Tucson,0.9500000000000001,0.30000000000000004,83.596,1400.41573,458.26489999999995,1942.2766299999998
5668,2B,Tucson,0.9500000000000001,0.35000000000000003,75.67403999999999,1466.79605,483.53756,2026.0076499999998
5669,2B,Tucson,0.9500000000000001,0.45,63.52807,1589.6439799999998,529.77576,2182.9478099999997
5670,2B,Tucson,0.9500000000000001,0.4,69.20975,1529.24929,507.1633799999999,2105.6224199999997
5671,2B,Tucson,0.9500000000000001,0.55,54.552499999999995,1702.95924,571.8968600000001,2329.4085999999998
5672,2B,Tucson,0.9500000000000001,0.5,58.72316,1647.25171,551.3747,2257.34957
5673,2B,Tucson,0.9500000000000001,0.6000000000000001,50.88941,1754.42299,591.0888799999999,2396.40128
5674,2B,Tucson,0.9500000000000001,0.65,46.67623999999999,1811.36565,610.34424,2468.38613
5675,2B,Tucson,0.9500000000000001,0.7000000000000001,43.73242,1858.3639299999998,627.76274,2529.85909
5676,2B,Tucson,0.9500000000000001,0.75,41.15865,1906.4389899999999,645.94132,2593.53896
5677,2B,Tucson,0.9500000000000001,0.8500000000000001,36.846219999999995,2010.0315599999997,685.05377,2731.9315499999993
5678,2B,Tucson,0.9500000000000001,0.8,38.901579999999996,1958.59948,665.3550299999999,2662.85609
5679,2B,Tucson,0.9500000000000001,0.9500000000000001,33.38144,2108.9686399999996,723.4061399999999,2865.7562199999998
5680,2B,Tucson,0.9500000000000001,0.9,35.002559999999995,2059.1200599999997,704.4041399999999,2798.5267599999997
5681,2B,Tucson,0.9,0.01,230.09428,965.3016,291.87071999999995,1487.2666
5682,2B,Tucson,0.9,0.15000000000000002,117.31518,1178.7257299999999,374.49775,1670.53866
5683,2B,Tucson,0.9,0.1,144.17705,1102.7494,345.203,1592.12945
5684,2B,Tucson,0.9,0.25,86.68414000000001,1323.8059999999998,430.30028999999996,1840.7904299999998
5685,2B,Tucson,0.9,0.2,99.92007,1252.70685,403.06408999999996,1755.69101
5686,2B,Tucson,0.9,0.30000000000000004,77.54703,1393.35332,456.74474,1927.64509
5687,2B,Tucson,0.9,0.35000000000000003,70.02593999999999,1459.2269199999998,481.85904999999997,2011.1119099999999
5688,2B,Tucson,0.9,0.45,58.69255,1582.35988,528.3822799999999,2169.43471
5689,2B,Tucson,0.9,0.4,63.87834999999999,1522.7886099999998,505.61154999999997,2092.2785099999996
5690,2B,Tucson,0.9,0.55,50.24453,1696.8152599999999,571.0734399999999,2318.1332299999995
5691,2B,Tucson,0.9,0.5,54.17267,1640.91771,550.1079,2245.1982799999996
5692,2B,Tucson,0.9,0.6000000000000001,46.77146,1749.7991699999998,590.5821599999999,2387.1527899999996
5693,2B,Tucson,0.9,0.65,42.864149999999995,1807.7235999999998,610.34424,2460.9319899999996
5694,2B,Tucson,0.9,0.7000000000000001,40.14202,1855.4819599999998,628.23779,2523.86177
5695,2B,Tucson,0.9,0.75,37.7791,1905.8372599999998,646.9864299999999,2590.60279
5696,2B,Tucson,0.9,0.8500000000000001,33.72003,2010.15824,686.79562,2730.67389
5697,2B,Tucson,0.9,0.8,35.648709999999994,1957.7760599999997,666.81185,2660.2366199999997
5698,2B,Tucson,0.9,0.9500000000000001,30.508609999999997,2110.55214,726.00308,2867.0638299999996
5699,2B,Tucson,0.9,0.9,32.07723,2060.5452099999998,706.49436,2799.1168
