,Climate Zone,City,U,SHGC,HeatingSource,CoolingSource,FanSource,TotalSource
0,4B,Albuquerque,0.01,0.01,116.77514999999998,784.62425,901.92993,1803.32933
1,4B,Albuquerque,0.01,0.15000000000000002,100.68084,837.8931899999999,928.4060499999998,1866.9800799999998
2,4B,Albuquerque,0.01,0.1,105.91893,818.6695,918.7150299999998,1843.3034599999999
3,4B,Albuquerque,0.01,0.25,91.74735,873.42693,945.5711899999999,1910.7454699999998
4,4B,Albuquerque,0.01,0.2,96.06615999999998,855.62839,936.95695,1888.6515
5,4B,Albuquerque,0.01,0.30000000000000004,87.74524,891.44716,954.2171,1933.4095
6,4B,Albuquerque,0.01,0.35000000000000003,83.99649,909.49906,962.89468,1956.39023
7,4B,Albuquerque,0.01,0.45,76.55234,948.48483,980.4715299999999,2005.5086999999999
8,4B,Albuquerque,0.01,0.4,80.19523999999998,928.62774,971.5405899999998,1980.36357
9,4B,Albuquerque,0.01,0.55,70.38583,985.9821099999999,998.39675,2054.76469
10,4B,Albuquerque,0.01,0.5,73.35282000000001,967.23347,989.43414,2030.02043
11,4B,Albuquerque,0.01,0.6000000000000001,67.57718999999999,1004.8891,1007.3910299999999,2079.85732
12,4B,Albuquerque,0.01,0.65,64.93773999999999,1023.8910999999999,1016.35364,2105.18248
13,4B,Albuquerque,0.01,0.7000000000000001,62.44579999999999,1042.9247699999999,1025.3795899999998,2130.7501599999996
14,4B,Albuquerque,0.01,0.75,60.12305,1062.05345,1034.37387,2156.55037
15,4B,Albuquerque,0.01,0.8500000000000001,55.82592,1100.0891199999999,1052.3941,2208.30914
16,4B,Albuquerque,0.01,0.8,57.895309999999995,1081.08712,1043.3998199999999,2182.3822499999997
17,4B,Albuquerque,0.01,0.9500000000000001,51.98301,1138.2197999999999,1070.446,2260.6488099999997
18,4B,Albuquerque,0.01,0.9,53.862379999999995,1119.12279,1061.42005,2234.4052199999996
19,4B,Albuquerque,0.05,0.01,125.05355999999999,775.81999,901.77158,1802.6451299999999
20,4B,Albuquerque,0.05,0.15000000000000002,107.82912,829.1522699999999,928.3427099999999,1865.3240999999998
21,4B,Albuquerque,0.05,0.1,113.41557999999998,809.9919199999999,918.58835,1841.9958499999998
22,4B,Albuquerque,0.05,0.25,98.30389,864.43265,945.4445099999998,1908.1810499999997
23,4B,Albuquerque,0.05,0.2,102.88690000000001,846.72912,936.8619399999999,1886.4779599999997
24,4B,Albuquerque,0.05,0.30000000000000004,94.01675,882.2628599999999,954.0587499999999,1930.3383599999997
25,4B,Albuquerque,0.05,0.35000000000000003,90.04630999999999,900.21975,962.67299,1952.93905
26,4B,Albuquerque,0.05,0.45,82.11627,939.1105099999999,980.2498399999998,2001.4766199999997
27,4B,Albuquerque,0.05,0.4,86.01253,919.2217499999999,971.3188999999999,1976.5531799999999
28,4B,Albuquerque,0.05,0.55,75.53805,976.35443,998.11172,2050.0042
29,4B,Albuquerque,0.05,0.5,78.72673,957.73247,989.1807799999999,2025.63998
30,4B,Albuquerque,0.05,0.6000000000000001,72.53939,995.1030699999999,1007.0743299999999,2074.7167899999995
31,4B,Albuquerque,0.05,0.65,69.73074999999999,1013.94672,1016.03694,2099.71441
32,4B,Albuquerque,0.05,0.7000000000000001,67.05962999999998,1032.9170499999998,1025.03122,2125.0078999999996
33,4B,Albuquerque,0.05,0.75,64.56769,1051.91905,1033.99383,2150.4805699999997
34,4B,Albuquerque,0.05,0.8500000000000001,59.98553,1089.79637,1051.95072,2201.7326199999998
35,4B,Albuquerque,0.05,0.8,62.213269999999994,1070.85771,1042.95644,2176.02742
36,4B,Albuquerque,0.05,0.9500000000000001,55.857589999999995,1127.6736899999999,1069.97095,2253.50223
37,4B,Albuquerque,0.05,0.9,57.852799999999995,1108.70336,1060.945,2227.50116
38,4B,Albuquerque,0.15000000000000002,0.01,145.95086999999998,756.46962,901.4865499999999,1803.9070399999998
39,4B,Albuquerque,0.15000000000000002,0.15000000000000002,125.85275,809.54854,928.27937,1863.68066
40,4B,Albuquerque,0.15000000000000002,0.1,132.34765,790.4515299999999,918.4933399999999,1841.29252
41,4B,Albuquerque,0.15000000000000002,0.25,114.93319,844.2588599999999,945.2228199999998,1904.4148699999996
42,4B,Albuquerque,0.15000000000000002,0.2,120.19211000000001,826.9037000000001,936.7035899999998,1883.7993999999999
43,4B,Albuquerque,0.15000000000000002,0.30000000000000004,110.00181,861.7090299999999,953.77372,1925.4845599999999
44,4B,Albuquerque,0.15000000000000002,0.35000000000000003,105.41879999999998,879.25421,962.35629,1947.0293
45,4B,Albuquerque,0.15000000000000002,0.45,96.30612999999998,917.76493,979.8381299999999,1993.9091899999999
46,4B,Albuquerque,0.15000000000000002,0.4,100.78329,898.1612,970.9705299999998,1969.91502
47,4B,Albuquerque,0.15000000000000002,0.55,88.70362999999999,954.6604799999999,997.5733299999999,2040.93744
48,4B,Albuquerque,0.15000000000000002,0.5,92.40987,936.2602099999999,988.6740599999999,2017.3441399999997
49,4B,Albuquerque,0.15000000000000002,0.6000000000000001,85.25075000000001,973.1240899999999,1006.4725999999999,2064.84744
50,4B,Albuquerque,0.15000000000000002,0.65,81.96706,991.61937,1015.37187,2088.9583000000002
51,4B,Albuquerque,0.15000000000000002,0.7000000000000001,78.90505999999999,1010.2729999999999,1024.27114,2113.4492
52,4B,Albuquerque,0.15000000000000002,0.75,76.01225,1028.9582999999998,1033.17041,2138.1409599999997
53,4B,Albuquerque,0.15000000000000002,0.8500000000000001,70.65917,1066.5505899999998,1051.00062,2188.2103799999995
54,4B,Albuquerque,0.15000000000000002,0.8,73.26695,1047.77028,1042.10135,2163.13858
55,4B,Albuquerque,0.15000000000000002,0.9500000000000001,65.85532,1103.88952,1068.8308299999999,2238.5756699999997
56,4B,Albuquerque,0.15000000000000002,0.9,68.17806999999999,1085.1725499999998,1059.89989,2213.25051
57,4B,Albuquerque,0.1,0.01,135.54972,765.81227,901.6132299999999,1802.9752199999998
58,4B,Albuquerque,0.1,0.15000000000000002,116.82509999999999,819.01787,928.27937,1864.12234
59,4B,Albuquerque,0.1,0.1,122.92912,799.8575199999999,918.5250099999998,1841.3116499999996
60,4B,Albuquerque,0.1,0.25,106.61312000000001,853.9815499999999,945.28616,1905.8808299999998
61,4B,Albuquerque,0.1,0.2,111.52366999999998,836.3096899999999,936.76693,1884.6002899999999
62,4B,Albuquerque,0.1,0.30000000000000004,102.00927999999999,871.5900699999999,953.8687299999999,1927.4680799999996
63,4B,Albuquerque,0.1,0.35000000000000003,97.7113,889.3569399999999,962.48297,1949.5512099999999
64,4B,Albuquerque,0.1,0.45,89.17953,928.0260099999998,979.9964799999999,1997.2020199999997
65,4B,Albuquerque,0.1,0.4,93.39249,908.35894,971.1288799999999,1972.8803099999998
66,4B,Albuquerque,0.1,0.55,82.08375000000001,965.11158,997.8266899999999,2045.0220199999999
67,4B,Albuquerque,0.1,0.5,85.53662999999999,946.6162999999999,988.8957499999999,2021.0486799999999
68,4B,Albuquerque,0.1,0.6000000000000001,78.8634,983.73354,1006.75763,2069.35457
69,4B,Albuquerque,0.1,0.65,75.83306999999999,1002.3238299999999,1015.6885699999999,2093.8454699999998
70,4B,Albuquerque,0.1,0.7000000000000001,72.96108999999998,1021.16748,1024.6195099999998,2118.7480799999994
71,4B,Albuquerque,0.1,0.75,70.25829999999999,1040.10614,1033.55045,2143.91489
72,4B,Albuquerque,0.1,0.8500000000000001,65.2961,1077.7301,1051.444,2194.4701999999997
73,4B,Albuquerque,0.1,0.8,67.71386,1058.94979,1042.48139,2169.14504
74,4B,Albuquerque,0.1,0.9500000000000001,60.80895,1115.32239,1069.36922,2245.5005600000004
75,4B,Albuquerque,0.1,0.9,63.005019999999995,1096.54208,1060.40661,2219.95371
76,4B,Albuquerque,0.25,0.01,166.51064999999997,739.77953,901.2965299999998,1807.5867099999998
77,4B,Albuquerque,0.25,0.15000000000000002,143.70803999999998,792.85845,928.4060499999998,1864.9725399999998
78,4B,Albuquerque,0.25,0.1,151.12222,773.79311,918.5250099999998,1843.4403399999997
79,4B,Albuquerque,0.25,0.25,131.47832,826.8720299999999,945.1911499999999,1903.5414999999998
80,4B,Albuquerque,0.25,0.2,137.37149,809.8969099999999,936.76693,1884.03533
81,4B,Albuquerque,0.25,0.30000000000000004,125.99771,844.0055,953.6787099999999,1923.68192
82,4B,Albuquerque,0.25,0.35000000000000003,120.86546999999999,861.3289900000001,962.1979399999999,1944.3924
83,4B,Albuquerque,0.25,0.45,110.52766,899.33299,979.6481099999999,1989.5087599999997
84,4B,Albuquerque,0.25,0.4,115.60654999999998,879.8876099999999,970.7805099999998,1966.2746699999998
85,4B,Albuquerque,0.25,0.55,101.99589,935.81683,997.2249599999999,2035.03768
86,4B,Albuquerque,0.25,0.5,106.14550999999997,917.57491,988.4207,2012.14112
87,4B,Albuquerque,0.25,0.6000000000000001,98.09962999999999,953.99541,1006.06089,2058.15593
88,4B,Albuquerque,0.25,0.65,94.39339,972.2689999999999,1014.8968199999998,2081.55921
89,4B,Albuquerque,0.25,0.7000000000000001,90.88801,990.66927,1023.7327499999999,2105.29003
90,4B,Albuquerque,0.25,0.75,87.57265,1009.06954,1032.56868,2129.21087
91,4B,Albuquerque,0.25,0.8500000000000001,81.49116,1046.0601,1050.2722099999999,2177.82347
92,4B,Albuquerque,0.25,0.8,84.44730999999999,1027.62816,1041.4046099999998,2153.48008
93,4B,Albuquerque,0.25,0.9500000000000001,76.04307,1082.9556499999999,1067.8807299999999,2226.8794499999995
94,4B,Albuquerque,0.25,0.9,78.68252,1064.65039,1059.07647,2202.40938
95,4B,Albuquerque,0.2,0.01,156.25701,747.8237099999999,901.39154,1805.47226
96,4B,Albuquerque,0.2,0.15000000000000002,134.76456,800.9343,928.3110399999999,1864.0099
97,4B,Albuquerque,0.2,0.1,141.74535,781.80562,918.4933399999999,1842.0443099999998
98,4B,Albuquerque,0.2,0.25,123.22158999999999,835.1379,945.1911499999999,1903.55064
99,4B,Albuquerque,0.2,0.2,128.77638,818.06777,936.7352599999998,1883.5794099999998
100,4B,Albuquerque,0.2,0.30000000000000004,117.99434,852.52473,953.7103799999999,1924.2294499999998
101,4B,Albuquerque,0.2,0.35000000000000003,113.12629999999999,870.0382400000001,962.2612799999998,1945.42582
102,4B,Albuquerque,0.2,0.45,103.40105999999999,908.2322599999999,979.71145,1991.34477
103,4B,Albuquerque,0.2,0.4,108.16325,888.6602,970.84385,1967.6673
104,4B,Albuquerque,0.2,0.55,95.34433999999999,944.93779,997.35164,2037.63377
105,4B,Albuquerque,0.2,0.5,99.2406,926.6325299999999,988.5157099999999,2014.3888399999998
106,4B,Albuquerque,0.2,0.6000000000000001,91.64894,963.2113799999998,1006.25091,2061.1112299999995
107,4B,Albuquerque,0.2,0.65,88.13272,981.67499,1015.1185099999999,2084.92622
108,4B,Albuquerque,0.2,0.7000000000000001,84.84903,1000.0752599999998,1023.9861099999999,2108.9103999999998
109,4B,Albuquerque,0.2,0.75,81.75536,1018.6655499999998,1032.8537099999999,2133.2746199999997
110,4B,Albuquerque,0.2,0.8500000000000001,76.05390999999999,1056.03615,1050.58891,2182.67897
111,4B,Albuquerque,0.2,0.8,78.83088,1037.35085,1041.75298,2157.93471
112,4B,Albuquerque,0.2,0.9500000000000001,70.90169,1093.0900499999998,1068.3557799999999,2232.3475199999993
113,4B,Albuquerque,0.2,0.9,73.41446,1074.59477,1059.4565099999998,2207.4657399999996
114,4B,Albuquerque,0.30000000000000004,0.01,176.7543,732.1153899999999,901.2331899999999,1810.10288
115,4B,Albuquerque,0.30000000000000004,0.15000000000000002,152.37733,785.76437,928.84943,1866.9911299999999
116,4B,Albuquerque,0.30000000000000004,0.1,160.2774,766.414,918.81004,1845.50144
117,4B,Albuquerque,0.30000000000000004,0.25,139.20749999999998,820.94974,946.26793,1906.42517
118,4B,Albuquerque,0.30000000000000004,0.2,145.54405,803.30955,937.55868,1886.41228
119,4B,Albuquerque,0.30000000000000004,0.30000000000000004,133.32516999999999,838.36824,955.07219,1926.7656
120,4B,Albuquerque,0.30000000000000004,0.35000000000000003,127.80204999999998,856.1667799999999,963.87645,1947.84528
121,4B,Albuquerque,0.30000000000000004,0.45,117.74926999999998,891.92221,981.57998,1991.25146
122,4B,Albuquerque,0.30000000000000004,0.4,122.61731,874.06033,972.7440499999999,1969.42169
123,4B,Albuquerque,0.30000000000000004,0.55,108.66826999999999,927.2976,997.12995,2033.09582
124,4B,Albuquerque,0.30000000000000004,0.5,113.17709999999998,909.9424399999999,990.44758,2013.56712
125,4B,Albuquerque,0.30000000000000004,0.6000000000000001,104.55032,945.3811699999999,1005.9342099999999,2055.8657
126,4B,Albuquerque,0.30000000000000004,0.65,100.65405999999999,963.5280799999999,1014.73847,2078.92061
127,4B,Albuquerque,0.30000000000000004,0.7000000000000001,96.95865999999998,981.73833,1023.5427299999999,2102.2397199999996
128,4B,Albuquerque,0.30000000000000004,0.75,93.45328,1000.0435899999999,1032.34699,2125.84386
129,4B,Albuquerque,0.30000000000000004,0.8500000000000001,86.98091,1036.78079,1049.9555099999998,2173.71721
130,4B,Albuquerque,0.30000000000000004,0.8,90.13792,1018.4755299999998,1041.15125,2149.7646999999997
131,4B,Albuquerque,0.30000000000000004,0.9500000000000001,81.21611999999999,1073.35964,1067.40568,2221.98144
132,4B,Albuquerque,0.30000000000000004,0.9,84.01392,1055.2443999999998,1058.75977,2198.0180899999996
133,4B,Albuquerque,0.35000000000000003,0.01,186.86128,725.02131,901.20152,1813.0841099999998
134,4B,Albuquerque,0.35000000000000003,0.15000000000000002,161.21581,778.7653,929.0077799999999,1868.98889
135,4B,Albuquerque,0.35000000000000003,0.1,169.53843,759.35159,918.9050499999998,1847.79507
136,4B,Albuquerque,0.35000000000000003,0.25,147.41173,813.69731,946.3629399999999,1907.4719799999998
137,4B,Albuquerque,0.35000000000000003,0.2,154.05498999999998,796.1521299999999,937.68536,1887.89248
138,4B,Albuquerque,0.35000000000000003,0.30000000000000004,141.26519999999996,830.95746,955.1355299999999,1927.35819
139,4B,Albuquerque,0.35000000000000003,0.35000000000000003,135.45705,848.6609900000001,963.9081199999999,1948.02616
140,4B,Albuquerque,0.35000000000000003,0.45,124.90753999999998,884.09972,981.57998,1990.58724
141,4B,Albuquerque,0.35000000000000003,0.4,130.03977999999998,866.52287,972.7123799999999,1969.2750299999998
142,4B,Albuquerque,0.35000000000000003,0.55,115.38315999999999,919.2534199999999,997.0666099999999,2031.7031899999997
143,4B,Albuquerque,0.35000000000000003,0.5,120.11367999999997,901.92993,990.38424,2012.42785
144,4B,Albuquerque,0.35000000000000003,0.6000000000000001,111.03267999999998,937.2736499999999,1005.8392,2054.14553
145,4B,Albuquerque,0.35000000000000003,0.65,106.9464,955.26221,1014.6117899999999,2076.8203999999996
146,4B,Albuquerque,0.35000000000000003,0.7000000000000001,103.02931,973.3457799999999,1023.3843799999999,2099.7594699999995
147,4B,Albuquerque,0.35000000000000003,0.75,99.35473999999999,991.5243599999999,1032.15697,2123.03607
148,4B,Albuquerque,0.35000000000000003,0.8500000000000001,92.56567,1028.07154,1049.67048,2170.3076899999996
149,4B,Albuquerque,0.35000000000000003,0.8,95.88103,1009.79795,1040.89789,2146.57687
150,4B,Albuquerque,0.35000000000000003,0.9500000000000001,86.45250999999999,1064.3020199999999,1066.99397,2217.7484999999997
151,4B,Albuquerque,0.35000000000000003,0.9,89.4195,1046.3134599999998,1058.4430699999998,2194.1760299999996
152,4B,Albuquerque,0.45,0.01,206.84355999999997,712.06828,901.39154,1820.3033799999998
153,4B,Albuquerque,0.45,0.15000000000000002,178.59775,766.0656299999999,929.6095099999999,1874.2728899999997
154,4B,Albuquerque,0.45,0.1,187.75548,746.6519199999999,919.3167599999998,1853.7241599999998
155,4B,Albuquerque,0.45,0.25,163.61019,800.52259,946.90133,1911.03411
156,4B,Albuquerque,0.45,0.2,170.83434999999997,783.1991,938.1920799999999,1892.22553
157,4B,Albuquerque,0.45,0.30000000000000004,157.03026999999997,817.59272,955.35722,1929.98021
158,4B,Albuquerque,0.45,0.35000000000000003,150.69371999999998,834.8212,964.09814,1949.61306
159,4B,Albuquerque,0.45,0.45,139.19326,869.94323,981.6433199999999,1990.77981
160,4B,Albuquerque,0.45,0.4,144.77972000000003,852.42972,972.87073,1970.08017
161,4B,Albuquerque,0.45,0.55,128.74960000000002,904.55854,997.0982799999998,2030.4064199999998
162,4B,Albuquerque,0.45,0.5,133.93434,887.4250699999999,990.41591,2011.77532
163,4B,Albuquerque,0.45,0.6000000000000001,124.01907999999999,922.38875,1005.7758599999999,2052.18369
164,4B,Albuquerque,0.45,0.65,119.51025,940.18729,1014.4851099999998,2074.1826499999997
165,4B,Albuquerque,0.45,0.7000000000000001,115.26561999999998,958.0808399999999,1023.1943599999998,2096.5408199999997
166,4B,Albuquerque,0.45,0.75,111.21101,976.0060599999999,1031.87194,2119.0890099999997
167,4B,Albuquerque,0.45,0.8500000000000001,103.75686999999998,1012.04652,1049.2271,2165.03049
168,4B,Albuquerque,0.45,0.8,107.38892999999999,993.8996099999999,1040.54952,2141.83806
169,4B,Albuquerque,0.45,0.9500000000000001,97.09448,1047.3268999999998,1066.2022200000001,2210.6236
170,4B,Albuquerque,0.45,0.9,100.28316000000001,1029.97174,1057.90468,2188.15958
171,4B,Albuquerque,0.4,0.01,196.87324999999998,718.3706099999999,901.3282,1816.57206
172,4B,Albuquerque,0.4,0.15000000000000002,169.95928,772.14627,929.1977999999999,1871.30335
173,4B,Albuquerque,0.4,0.1,178.72613,752.7325599999999,919.0317299999999,1850.4904199999999
174,4B,Albuquerque,0.4,0.25,155.5743,806.9199299999999,946.55296,1909.0471899999998
175,4B,Albuquerque,0.4,0.2,162.47092,789.46976,937.84371,1889.7843899999998
176,4B,Albuquerque,0.4,0.30000000000000004,149.16357,824.0533999999999,955.2305399999999,1928.44751
177,4B,Albuquerque,0.4,0.35000000000000003,143.11204999999998,841.5035699999999,964.0031299999999,1948.6187499999996
178,4B,Albuquerque,0.4,0.45,132.04497999999998,876.81562,981.57998,1990.44058
179,4B,Albuquerque,0.4,0.4,137.39891,859.2387699999999,972.77572,1969.4134
180,4B,Albuquerque,0.4,0.55,122.06638000000001,911.6842899999999,997.0666099999999,2030.8172799999998
181,4B,Albuquerque,0.4,0.5,127.01858999999999,894.4558099999999,990.38424,2011.85864
182,4B,Albuquerque,0.4,0.6000000000000001,117.52587999999999,929.6095099999999,1005.7758599999999,2052.9112499999997
183,4B,Albuquerque,0.4,0.65,113.24957999999998,947.50306,1014.5167799999998,2075.2694199999996
184,4B,Albuquerque,0.4,0.7000000000000001,109.1633,965.45995,1023.2577,2097.88095
185,4B,Albuquerque,0.4,0.75,105.29871,983.51185,1031.99862,2120.80918
186,4B,Albuquerque,0.4,0.8500000000000001,98.12960000000001,1019.7739999999999,1049.44879,2167.35239
187,4B,Albuquerque,0.4,0.8,101.63498,1001.6587599999998,1040.73954,2144.0332799999996
188,4B,Albuquerque,0.4,0.9500000000000001,91.76308,1055.71945,1066.61393,2214.0964599999998
189,4B,Albuquerque,0.4,0.9,94.81424,1037.95258,1058.15804,2190.92486
190,4B,Albuquerque,0.55,0.01,226.50085,700.2870399999999,900.2514199999999,1827.03931
191,4B,Albuquerque,0.55,0.15000000000000002,195.57967,754.63276,929.1344599999999,1879.3468899999998
192,4B,Albuquerque,0.55,0.1,205.50916999999995,735.2190499999999,918.62002,1859.3482399999998
193,4B,Albuquerque,0.55,0.25,179.51363,788.96304,947.4397200000001,1915.91639
194,4B,Albuquerque,0.55,0.2,187.28787,771.67122,937.7487,1896.70779
195,4B,Albuquerque,0.55,0.30000000000000004,172.44781999999998,805.77981,956.02229,1934.24992
196,4B,Albuquerque,0.55,0.35000000000000003,165.67788,822.7866,964.6048599999999,1953.06934
197,4B,Albuquerque,0.55,0.45,153.31064,857.43358,982.0233599999999,1992.76758
198,4B,Albuquerque,0.55,0.4,159.33049,840.04675,973.3141099999999,1972.69135
199,4B,Albuquerque,0.55,0.55,142.01103999999998,891.6371800000001,997.4149799999999,2031.0632
200,4B,Albuquerque,0.55,0.5,147.66083999999998,874.7253999999999,990.7326099999999,2013.1188499999998
201,4B,Albuquerque,0.55,0.6000000000000001,136.88963999999999,909.2457,1006.02922,2052.16456
202,4B,Albuquerque,0.55,0.65,132.05327,926.7908799999999,1014.5167799999998,2073.36093
203,4B,Albuquerque,0.55,0.7000000000000001,127.44943,944.46274,1023.1310199999999,2095.04319
204,4B,Albuquerque,0.55,0.75,123.04645,962.10293,1031.77693,2116.92631
205,4B,Albuquerque,0.55,0.8500000000000001,114.93723,997.7000099999999,1048.9737400000001,2161.6109800000004
206,4B,Albuquerque,0.55,0.8,118.89683000000001,979.8381299999999,1040.3595,2139.09446
207,4B,Albuquerque,0.55,0.9500000000000001,107.86313000000001,1032.03029,1065.47381,2205.36723
208,4B,Albuquerque,0.55,0.9,111.17849,1015.4352099999999,1057.55631,2184.17001
209,4B,Albuquerque,0.5,0.01,216.74053999999998,705.9243,900.3781,1823.04294
210,4B,Albuquerque,0.5,0.15000000000000002,187.15204999999997,760.23835,929.9578799999999,1877.34828
211,4B,Albuquerque,0.5,0.1,196.67982999999998,740.9196499999999,919.53845,1857.1379299999999
212,4B,Albuquerque,0.5,0.25,171.62524999999997,794.50529,947.09135,1913.2218899999998
213,4B,Albuquerque,0.5,0.2,179.11360999999997,777.3401499999999,938.44544,1894.8991999999998
214,4B,Albuquerque,0.5,0.30000000000000004,164.78113,811.5754199999999,955.7055899999999,1932.0621399999998
215,4B,Albuquerque,0.5,0.35000000000000003,158.21205,828.6455499999998,964.4148399999999,1951.2724399999997
216,4B,Albuquerque,0.5,0.45,146.2782,863.54589,981.73833,1991.56242
217,4B,Albuquerque,0.5,0.4,152.06551999999996,846.0323799999999,973.1557599999999,1971.2536599999999
218,4B,Albuquerque,0.5,0.55,135.41198999999997,897.9078399999999,997.16162,2030.4814499999998
219,4B,Albuquerque,0.5,0.5,140.82925999999998,880.8377099999999,990.47925,2012.1462199999999
220,4B,Albuquerque,0.5,0.6000000000000001,130.48061,915.5797,1005.8075299999998,2051.86784
221,4B,Albuquerque,0.5,0.65,125.81343,933.3149,1014.4534399999999,2073.58177
222,4B,Albuquerque,0.5,0.7000000000000001,121.36793999999999,951.08177,1023.1310199999999,2095.58073
223,4B,Albuquerque,0.5,0.75,117.12331,968.7852999999999,1031.8086,2117.71721
224,4B,Albuquerque,0.5,0.8500000000000001,109.34163,1004.66741,1049.10042,2163.1094599999997
225,4B,Albuquerque,0.5,0.8,113.14287999999999,986.67885,1040.4545099999998,2140.27624
226,4B,Albuquerque,0.5,0.9500000000000001,102.48921999999999,1039.47274,1065.82218,2207.7841399999998
227,4B,Albuquerque,0.5,0.9,105.70957000000001,1022.5609599999999,1057.71466,2185.9851900000003
228,4B,Albuquerque,0.6000000000000001,0.01,236.13533,694.9981499999999,900.15641,1831.28989
229,4B,Albuquerque,0.6000000000000001,0.15000000000000002,203.90229,749.5338899999999,929.32448,1882.76066
230,4B,Albuquerque,0.6000000000000001,0.1,214.24434999999997,730.0885099999999,918.7150299999998,1863.0478899999998
231,4B,Albuquerque,0.6000000000000001,0.25,187.32868,783.38912,946.48962,1917.20742
232,4B,Albuquerque,0.6000000000000001,0.2,195.33544999999998,766.38233,937.87538,1899.59316
233,4B,Albuquerque,0.6000000000000001,0.30000000000000004,180.0195,800.20589,955.07219,1935.29758
234,4B,Albuquerque,0.6000000000000001,0.35000000000000003,173.01703,817.1493399999999,963.7180999999999,1953.88447
235,4B,Albuquerque,0.6000000000000001,0.45,160.25891,851.66964,982.0867000000001,1994.01525
236,4B,Albuquerque,0.6000000000000001,0.4,166.46877999999998,834.34615,972.49069,1973.30562
237,4B,Albuquerque,0.6000000000000001,0.55,148.58926,885.7465599999999,997.2566299999999,2031.5924499999999
238,4B,Albuquerque,0.6000000000000001,0.5,154.40824999999998,868.89812,990.9859700000001,2014.29234
239,4B,Albuquerque,0.6000000000000001,0.6000000000000001,143.26699999999997,903.2284,1006.1875699999998,2052.68297
240,4B,Albuquerque,0.6000000000000001,0.65,138.27228,920.71024,1014.77014,2073.75266
241,4B,Albuquerque,0.6000000000000001,0.7000000000000001,133.49925,938.25542,1023.3527099999999,2095.10738
242,4B,Albuquerque,0.6000000000000001,0.75,128.93792,955.8006,1031.9036099999998,2116.64213
243,4B,Albuquerque,0.6000000000000001,0.8500000000000001,120.53282999999999,991.08098,1049.06875,2160.6825599999997
244,4B,Albuquerque,0.6000000000000001,0.8,124.61910999999999,973.44079,1040.48618,2138.54608
245,4B,Albuquerque,0.6000000000000001,0.9500000000000001,113.23704,1024.96788,1065.1571099999999,2203.36203
246,4B,Albuquerque,0.6000000000000001,0.9,116.61574,1008.7211699999999,1057.4296299999999,2182.7665399999996
247,4B,Albuquerque,0.65,0.01,245.59063,689.96262,900.0930699999999,1835.6463199999998
248,4B,Albuquerque,0.65,0.15000000000000002,211.77154,745.4801299999999,930.08456,1887.33623
249,4B,Albuquerque,0.65,0.1,222.54698999999997,725.81306,919.2850899999999,1867.6451399999996
250,4B,Albuquerque,0.65,0.25,194.25696999999997,780.76051,948.3898199999999,1923.4072999999999
251,4B,Albuquerque,0.65,0.2,202.66546,763.0886499999999,939.2688599999999,1905.0229699999998
252,4B,Albuquerque,0.65,0.30000000000000004,186.55691,798.14734,957.4791099999999,1942.18336
253,4B,Albuquerque,0.65,0.35000000000000003,179.27939999999998,815.5658399999999,966.47339,1961.3186299999998
254,4B,Albuquerque,0.65,0.45,166.15122999999997,850.1494799999999,984.2085899999998,2000.5092999999997
255,4B,Albuquerque,0.65,0.4,172.50946,832.9526699999999,975.37266,1980.8347899999999
256,4B,Albuquerque,0.65,0.55,154.32323,884.0363799999999,999.79023,2038.14984
257,4B,Albuquerque,0.65,0.5,160.14222,867.4096299999999,992.9495099999998,2020.5013599999997
258,4B,Albuquerque,0.65,0.6000000000000001,148.86345,901.4232099999999,1009.2912299999999,2059.57789
259,4B,Albuquerque,0.65,0.65,143.44618,919.6017899999999,1018.0321499999999,2081.0801199999996
260,4B,Albuquerque,0.65,0.7000000000000001,138.60981,936.7986,1026.20301,2101.61142
261,4B,Albuquerque,0.65,0.75,133.93179,954.18543,1034.6589,2122.77612
262,4B,Albuquerque,0.65,0.8500000000000001,125.27334,989.3707999999999,1052.0457299999998,2166.6898699999997
263,4B,Albuquerque,0.65,0.8,129.49714,971.6989399999999,1043.1781299999998,2144.37421
264,4B,Albuquerque,0.65,0.9500000000000001,117.68167999999999,1023.5110599999999,1068.41912,2209.61186
265,4B,Albuquerque,0.65,0.9,121.2504,1006.94765,1060.5332899999999,2188.73134
266,4B,Albuquerque,0.7000000000000001,0.01,254.89842,685.24379,900.0613999999999,1840.20361
267,4B,Albuquerque,0.7000000000000001,0.15000000000000002,219.45077,741.8064099999999,930.9396499999999,1892.1968299999999
268,4B,Albuquerque,0.7000000000000001,0.1,230.63877999999997,722.0126599999999,919.8868199999998,1872.5382599999998
269,4B,Albuquerque,0.7000000000000001,0.25,200.94274,778.57528,950.5117099999999,1930.0297299999997
270,4B,Albuquerque,0.7000000000000001,0.2,209.81628999999995,760.23835,940.7890199999999,1910.84366
271,4B,Albuquerque,0.7000000000000001,0.30000000000000004,192.84096,796.62718,960.13939,1949.60753
272,4B,Albuquerque,0.7000000000000001,0.35000000000000003,185.26758,814.4257200000001,969.51371,1969.20701
273,4B,Albuquerque,0.7000000000000001,0.45,171.73769,849.5794199999999,987.62895,2008.94606
274,4B,Albuquerque,0.7000000000000001,0.4,178.28593999999998,832.1609199999999,978.6980099999998,1989.1448699999996
275,4B,Albuquerque,0.7000000000000001,0.55,159.76133,883.21296,1003.49562,2046.4699099999998
276,4B,Albuquerque,0.7000000000000001,0.5,165.62283,866.7762299999999,996.40154,2028.8006
277,4B,Albuquerque,0.7000000000000001,0.6000000000000001,154.26988,900.15641,1011.8565,2066.28279
278,4B,Albuquerque,0.7000000000000001,0.65,148.46173,918.81004,1020.4390699999999,2087.7108399999997
279,4B,Albuquerque,0.7000000000000001,0.7000000000000001,143.56202,935.6584799999999,1028.48325,2107.7037499999997
280,4B,Albuquerque,0.7000000000000001,0.75,138.82066,952.82362,1036.84413,2128.48841
281,4B,Albuquerque,0.7000000000000001,0.8500000000000001,129.96134999999998,987.9139799999999,1054.83269,2172.70802
282,4B,Albuquerque,0.7000000000000001,0.8,134.28016,970.43214,1046.40847,2151.12077
283,4B,Albuquerque,0.7000000000000001,0.9500000000000001,122.07382,1022.1492499999999,1071.17441,2215.39748
284,4B,Albuquerque,0.7000000000000001,0.9,125.8434,1005.30081,1063.03522,2194.17943
285,4B,Albuquerque,0.75,0.01,264.0062,680.7466499999999,900.02973,1844.7825799999998
286,4B,Albuquerque,0.75,0.15000000000000002,226.93998,738.6077399999999,931.85808,1897.4058
287,4B,Albuquerque,0.75,0.1,238.58306000000002,718.49729,920.5835599999999,1877.66391
288,4B,Albuquerque,0.75,0.25,207.38599,776.99178,952.8869599999999,1937.2647299999999
289,4B,Albuquerque,0.75,0.2,216.68208999999996,757.83143,942.4992,1917.01272
290,4B,Albuquerque,0.75,0.30000000000000004,198.85082,795.7720899999999,963.0530299999998,1957.6759399999996
291,4B,Albuquerque,0.75,0.35000000000000003,191.01324,814.07735,972.83906,1977.92965
292,4B,Albuquerque,0.75,0.45,177.08163,849.6110899999999,991.42935,2018.12207
293,4B,Albuquerque,0.75,0.4,183.79907,832.09758,982.34006,1998.2367100000001
294,4B,Albuquerque,0.75,0.55,164.89356999999998,883.33964,1007.86608,2056.09929
295,4B,Albuquerque,0.75,0.5,170.78673999999998,866.8712400000001,1000.2336099999999,2037.8915899999997
296,4B,Albuquerque,0.75,0.6000000000000001,159.39127999999997,899.96639,1015.94193,2075.2996000000003
297,4B,Albuquerque,0.75,0.65,153.25559,918.8733799999999,1024.30281,2096.43178
298,4B,Albuquerque,0.75,0.7000000000000001,148.32421,935.24677,1031.93528,2115.50626
299,4B,Albuquerque,0.75,0.75,143.54034,952.03187,1039.88445,2135.45666
300,4B,Albuquerque,0.75,0.8500000000000001,134.55435,986.5205,1056.44786,2177.52271
301,4B,Albuquerque,0.75,0.8,138.9365,969.26035,1048.18199,2156.3788400000003
302,4B,Albuquerque,0.75,0.9500000000000001,126.43428999999999,1020.8191099999999,1073.86636,2221.1197599999996
303,4B,Albuquerque,0.75,0.9,130.36222,1003.7806499999999,1064.84041,2198.98328
304,4B,Albuquerque,0.8500000000000001,0.01,282.25512999999995,672.06907,899.3963299999999,1853.72053
305,4B,Albuquerque,0.8500000000000001,0.15000000000000002,242.88189,730.0885099999999,931.7630699999999,1904.7334699999997
306,4B,Albuquerque,0.8500000000000001,0.1,255.19174,709.81971,920.36187,1885.37332
307,4B,Albuquerque,0.8500000000000001,0.25,221.81518,769.3276399999999,953.9320699999998,1945.0748899999996
308,4B,Albuquerque,0.8500000000000001,0.2,231.83054999999996,749.78725,943.0375899999999,1924.65539
309,4B,Albuquerque,0.8500000000000001,0.30000000000000004,212.7091,788.4246499999999,964.4465099999999,1965.5802599999997
310,4B,Albuquerque,0.8500000000000001,0.35000000000000003,204.39561999999998,806.85659,974.58091,1985.83312
311,4B,Albuquerque,0.8500000000000001,0.45,189.64972999999998,842.6120199999999,993.4878999999999,2025.7496499999997
312,4B,Albuquerque,0.8500000000000001,0.4,196.73721999999998,825.0668399999998,984.2402599999998,2006.0443199999995
313,4B,Albuquerque,0.8500000000000001,0.55,176.72156999999999,876.6889399999999,1010.77972,2064.19023
314,4B,Albuquerque,0.8500000000000001,0.5,182.95311999999998,859.9355099999999,1002.3554999999999,2045.2441299999998
315,4B,Albuquerque,0.8500000000000001,0.6000000000000001,170.95507999999998,893.1573399999999,1018.69722,2082.80964
316,4B,Albuquerque,0.8500000000000001,0.65,164.22765,912.5710499999999,1026.89975,2103.69845
317,4B,Albuquerque,0.8500000000000001,0.7000000000000001,159.0529,928.5643999999999,1034.2471899999998,2121.86449
318,4B,Albuquerque,0.8500000000000001,0.75,154.07900999999998,945.06447,1041.91133,2141.0548099999996
319,4B,Albuquerque,0.8500000000000001,0.8500000000000001,144.64879,979.0463799999999,1058.22138,2181.91655
320,4B,Albuquerque,0.8500000000000001,0.8,149.2318,962.0395899999999,1050.0821899999999,2161.35358
321,4B,Albuquerque,0.8500000000000001,0.9500000000000001,136.10618,1012.8699399999999,1074.40475,2223.38087
322,4B,Albuquerque,0.8500000000000001,0.9,140.26664,996.0215,1066.3289,2202.61704
323,4B,Albuquerque,0.8,0.01,273.29400999999996,676.1545,899.4913399999999,1848.9398499999998
324,4B,Albuquerque,0.8,0.15000000000000002,235.27514000000002,733.7938999999999,931.6997299999999,1900.7687699999997
325,4B,Albuquerque,0.8,0.1,247.2041,713.71512,920.45688,1881.3761
326,4B,Albuquerque,0.8,0.25,214.84353,772.90635,953.64704,1941.39692
327,4B,Albuquerque,0.8,0.2,224.54134999999997,753.3976299999999,942.8475699999999,1920.7865499999998
328,4B,Albuquerque,0.8,0.30000000000000004,205.96998,792.0667,964.09814,1962.1348199999998
329,4B,Albuquerque,0.8,0.35000000000000003,197.85735999999997,810.4986399999999,974.20087,1982.55687
330,4B,Albuquerque,0.8,0.45,183.46069,846.3807499999999,993.1078599999998,2022.9492999999998
331,4B,Albuquerque,0.8,0.4,190.37899,828.7722299999999,983.86022,2003.01144
332,4B,Albuquerque,0.8,0.55,170.83924,880.7427,1010.4946899999999,2062.07663
333,4B,Albuquerque,0.8,0.5,176.9016,863.8309199999999,1002.0387999999999,2042.7713199999998
334,4B,Albuquerque,0.8,0.6000000000000001,165.13609,897.36945,1018.53887,2081.04441
335,4B,Albuquerque,0.8,0.65,158.57784999999998,916.9415099999999,1026.83641,2102.3557699999997
336,4B,Albuquerque,0.8,0.7000000000000001,153.47728,933.1248799999998,1034.3422,2120.94436
337,4B,Albuquerque,0.8,0.75,148.56672999999998,949.8783099999999,1042.1646899999998,2140.6097299999997
338,4B,Albuquerque,0.8,0.8500000000000001,139.33737,984.3036,1058.34806,2181.9890299999997
339,4B,Albuquerque,0.8,0.8,143.85703999999998,967.07512,1050.0821899999999,2161.0143499999995
340,4B,Albuquerque,0.8,0.9500000000000001,130.96394999999998,1018.53887,1074.78479,2224.28761
341,4B,Albuquerque,0.8,0.9,135.06107,1001.46874,1066.58226,2203.11207
342,4B,Albuquerque,0.9500000000000001,0.01,299.6715,664.34159,899.17464,1863.1877299999999
343,4B,Albuquerque,0.9500000000000001,0.15000000000000002,257.54700999999994,723.5011499999999,932.64983,1913.6979899999997
344,4B,Albuquerque,0.9500000000000001,0.1,270.69282,702.94732,920.8685899999999,1894.50873
345,4B,Albuquerque,0.9500000000000001,0.25,235.29512,763.02531,955.26221,1953.58264
346,4B,Albuquerque,0.9500000000000001,0.2,245.86057,743.42158,944.14604,1933.42819
347,4B,Albuquerque,0.9500000000000001,0.30000000000000004,225.73396999999997,782.21733,965.935,1973.8863
348,4B,Albuquerque,0.9500000000000001,0.35000000000000003,216.97626,800.68094,976.16441,1993.82161
349,4B,Albuquerque,0.9500000000000001,0.45,201.61695,836.088,995.0713999999999,2032.77635
350,4B,Albuquerque,0.9500000000000001,0.4,208.97948,818.6695,985.85543,2013.50441
351,4B,Albuquerque,0.9500000000000001,0.55,188.21289000000002,869.72154,1012.1098599999999,2070.04429
352,4B,Albuquerque,0.9500000000000001,0.5,194.68780999999998,853.25314,1003.8439900000001,2051.78494
353,4B,Albuquerque,0.9500000000000001,0.6000000000000001,182.23469999999998,885.6515499999999,1019.8373399999999,2087.72359
354,4B,Albuquerque,0.9500000000000001,0.65,175.23223,904.90691,1027.7548399999998,2107.89398
355,4B,Albuquerque,0.9500000000000001,0.7000000000000001,169.95162999999997,920.2985299999999,1034.78558,2125.03574
356,4B,Albuquerque,0.9500000000000001,0.75,164.79771,936.19687,1042.1646899999998,2143.15927
357,4B,Albuquerque,0.9500000000000001,0.8500000000000001,155.06078,969.48204,1057.9996899999999,2182.5425099999998
358,4B,Albuquerque,0.9500000000000001,0.8,159.78131,952.85529,1050.0821899999999,2162.71879
359,4B,Albuquerque,0.9500000000000001,0.9500000000000001,146.21146,1002.1971499999999,1073.7080099999998,2222.11662
360,4B,Albuquerque,0.9500000000000001,0.9,150.54110999999997,985.8871,1065.88552,2202.31373
361,4B,Albuquerque,0.9,0.01,291.03706999999997,668.11032,899.26965,1858.4170399999998
362,4B,Albuquerque,0.9,0.15000000000000002,250.29862,726.6998199999999,932.1747799999998,1909.1732199999997
363,4B,Albuquerque,0.9,0.1,263.03186999999997,706.27267,920.6152299999999,1889.9197699999997
364,4B,Albuquerque,0.9,0.25,228.65015999999997,766.0656299999999,954.56547,1949.28126
365,4B,Albuquerque,0.9,0.2,238.89805999999996,746.49357,943.57598,1928.96761
366,4B,Albuquerque,0.9,0.30000000000000004,219.26904,785.1626399999999,965.1749199999999,1969.6065999999998
367,4B,Albuquerque,0.9,0.35000000000000003,210.77553,803.6262499999999,975.3093199999998,1989.7110999999998
368,4B,Albuquerque,0.9,0.45,195.69126,839.19166,994.24798,2029.1309
369,4B,Albuquerque,0.9,0.4,202.92711,821.67815,985.0320099999999,2009.63727
370,4B,Albuquerque,0.9,0.55,182.53056999999998,873.1102299999999,1011.4131199999999,2067.05392
371,4B,Albuquerque,0.9,0.5,188.86796999999999,856.38847,1003.05224,2048.30868
372,4B,Albuquerque,0.9,0.6000000000000001,176.65823,889.2936,1019.2356099999998,2085.1874399999997
373,4B,Albuquerque,0.9,0.65,169.79327999999998,908.6122999999999,1027.31146,2105.7170399999995
374,4B,Albuquerque,0.9,0.7000000000000001,164.54434999999998,924.32062,1034.46888,2123.33385
375,4B,Albuquerque,0.9,0.75,159.49627999999996,940.4723199999999,1042.00634,2141.9749399999996
376,4B,Albuquerque,0.9,0.8500000000000001,149.89687,974.20087,1058.0630299999998,2182.1607699999995
377,4B,Albuquerque,0.9,0.8,154.55406,957.2890899999999,1050.05052,2161.89367
378,4B,Albuquerque,0.9,0.9500000000000001,141.1534,1007.3910299999999,1074.05638,2222.60081
379,4B,Albuquerque,0.9,0.9,145.44053999999997,990.7959500000001,1066.10721,2202.3437
380,3A,Atlanta,0.01,0.01,151.98622,972.8073899999999,736.26416,1861.05777
381,3A,Atlanta,0.01,0.15000000000000002,137.07348,1020.0590299999999,756.4062799999999,1913.5387899999998
382,3A,Atlanta,0.01,0.1,142.10412000000002,1002.86222,749.02717,1893.9935099999998
383,3A,Atlanta,0.01,0.25,128.30152999999999,1051.444,769.4226499999999,1949.1681799999997
384,3A,Atlanta,0.01,0.2,132.57124,1035.64067,762.86696,1931.0788699999998
385,3A,Atlanta,0.01,0.30000000000000004,124.23267999999999,1067.08898,775.97834,1967.3000000000002
386,3A,Atlanta,0.01,0.35000000000000003,120.37553000000001,1082.82897,782.6290399999999,1985.83354
387,3A,Atlanta,0.01,0.45,112.54539,1116.58919,796.02545,2025.16003
388,3A,Atlanta,0.01,0.4,116.43421,1099.39238,789.05805,2004.8846399999998
389,3A,Atlanta,0.01,0.55,105.85707,1148.9242599999998,809.45353,2064.2348599999996
390,3A,Atlanta,0.01,0.5,109.13247,1132.70922,802.80283,2044.6445199999998
391,3A,Atlanta,0.01,0.6000000000000001,102.70835,1165.3293199999998,816.3259199999999,2084.3635899999995
392,3A,Atlanta,0.01,0.65,99.69715,1181.5443599999999,823.19831,2104.4398199999996
393,3A,Atlanta,0.01,0.7000000000000001,96.81263,1197.7910699999998,830.10237,2124.7060699999997
394,3A,Atlanta,0.01,0.75,94.03396,1213.97444,836.87975,2144.8881499999998
395,3A,Atlanta,0.01,0.8500000000000001,88.87834,1246.8795699999998,850.7828799999999,2186.5407899999996
396,3A,Atlanta,0.01,0.8,91.39281,1230.34783,843.6887999999999,2165.42944
397,3A,Atlanta,0.01,0.9500000000000001,84.10275999999999,1279.59468,864.4009799999999,2228.09842
398,3A,Atlanta,0.01,0.9,86.44804,1263.2529599999998,857.59193,2207.2929299999996
399,3A,Atlanta,0.05,0.01,159.35385,966.7267499999999,736.20082,1862.28142
400,3A,Atlanta,0.05,0.15000000000000002,143.76434999999998,1013.8517099999999,756.5962999999999,1914.2123599999998
401,3A,Atlanta,0.05,0.1,149.00669,996.78158,749.24886,1895.0371300000002
402,3A,Atlanta,0.05,0.25,134.64317999999997,1045.07833,769.6760099999999,1949.39752
403,3A,Atlanta,0.05,0.2,139.12458999999998,1029.43335,763.05698,1931.61492
404,3A,Atlanta,0.05,0.30000000000000004,130.43681,1060.84999,776.10502,1967.3918199999998
405,3A,Atlanta,0.05,0.35000000000000003,126.41047,1076.33662,782.5657,1985.31279
406,3A,Atlanta,0.05,0.45,118.27361999999998,1109.97016,796.0571199999999,2024.3009
407,3A,Atlanta,0.05,0.4,122.28912,1092.96337,789.24807,2004.50056
408,3A,Atlanta,0.05,0.55,111.27859000000001,1142.30523,809.7068899999999,2063.2907099999998
409,3A,Atlanta,0.05,0.5,114.69151000000001,1126.09019,802.9295099999999,2043.71121
410,3A,Atlanta,0.05,0.6000000000000001,107.99235,1158.52027,816.3892599999999,2082.90188
411,3A,Atlanta,0.05,0.65,104.88613999999998,1174.8303199999998,823.1349700000001,2102.8514299999997
412,3A,Atlanta,0.05,0.7000000000000001,101.86410000000001,1190.8553399999998,830.10237,2122.82181
413,3A,Atlanta,0.05,0.75,98.97958,1207.07038,836.9430899999999,2142.9930499999996
414,3A,Atlanta,0.05,0.8500000000000001,93.54892,1239.62714,850.5928599999999,2183.76892
415,3A,Atlanta,0.05,0.8,96.20091000000001,1223.22208,843.6571299999999,2163.08012
416,3A,Atlanta,0.05,0.9500000000000001,88.57247999999998,1272.24724,864.4009799999999,2225.2207
417,3A,Atlanta,0.05,0.9,91.02360999999999,1255.90552,857.65527,2204.5843999999997
418,3A,Atlanta,0.15000000000000002,0.01,177.38874,952.9186299999999,736.39084,1866.69821
419,3A,Atlanta,0.15000000000000002,0.15000000000000002,160.18067,1000.0119199999999,757.10302,1917.29561
420,3A,Atlanta,0.15000000000000002,0.1,165.96225,983.1634799999999,749.5338899999999,1898.65962
421,3A,Atlanta,0.15000000000000002,0.25,150.32939,1030.9535099999998,769.99271,1951.2756099999997
422,3A,Atlanta,0.15000000000000002,0.2,155.11750999999998,1015.6569,763.62704,1934.4014499999998
423,3A,Atlanta,0.15000000000000002,0.30000000000000004,145.75296999999998,1046.44014,776.5483999999999,1968.7415099999998
424,3A,Atlanta,0.15000000000000002,0.35000000000000003,141.37741,1061.7684199999999,783.00908,1986.15491
425,3A,Atlanta,0.15000000000000002,0.45,132.38376999999997,1095.30695,796.37382,2024.0645399999999
426,3A,Atlanta,0.15000000000000002,0.4,136.87516999999997,1078.17348,789.62811,2004.6767599999998
427,3A,Atlanta,0.15000000000000002,0.55,124.72196999999998,1127.23031,809.86524,2061.81752
428,3A,Atlanta,0.15000000000000002,0.5,128.48411,1111.2052899999999,803.0561899999999,2042.7455899999995
429,3A,Atlanta,0.15000000000000002,0.6000000000000001,121.13986,1143.287,816.61095,2081.03781
430,3A,Atlanta,0.15000000000000002,0.65,117.7161,1159.2170099999998,823.38833,2100.3214399999997
431,3A,Atlanta,0.15000000000000002,0.7000000000000001,114.42986,1175.30537,830.16571,2119.90094
432,3A,Atlanta,0.15000000000000002,0.75,111.24947,1191.26705,836.9430899999999,2139.45961
433,3A,Atlanta,0.15000000000000002,0.8500000000000001,105.26873,1223.28542,850.6245299999998,2179.17868
434,3A,Atlanta,0.15000000000000002,0.8,108.19576,1207.16539,843.72047,2159.08162
435,3A,Atlanta,0.15000000000000002,0.9500000000000001,99.79556,1255.3988,864.2109599999999,2219.40532
436,3A,Atlanta,0.15000000000000002,0.9,102.47922,1239.40545,857.3702400000001,2199.25491
437,3A,Atlanta,0.1,0.01,168.47671999999997,959.50599,736.3275,1864.31021
438,3A,Atlanta,0.1,0.15000000000000002,152.03043,1006.75763,756.94467,1915.7327299999997
439,3A,Atlanta,0.1,0.1,157.56864,989.6874999999999,749.28053,1896.53667
440,3A,Atlanta,0.1,0.25,142.59170999999998,1037.79423,769.6760099999999,1950.0619499999998
441,3A,Atlanta,0.1,0.2,147.17897,1022.2125899999999,763.40535,1932.7969099999998
442,3A,Atlanta,0.1,0.30000000000000004,138.15281,1053.3442,776.4217199999999,1967.9187299999999
443,3A,Atlanta,0.1,0.35000000000000003,133.92560999999998,1068.79916,782.75572,1985.48049
444,3A,Atlanta,0.1,0.45,125.37619999999998,1102.30602,796.21547,2023.8976899999998
445,3A,Atlanta,0.1,0.4,129.62422999999998,1085.3309,789.43809,2004.39322
446,3A,Atlanta,0.1,0.55,118.02111000000001,1134.51441,809.7068899999999,2062.24241
447,3A,Atlanta,0.1,0.5,121.61405999999998,1118.4260499999998,802.89784,2042.9379499999995
448,3A,Atlanta,0.1,0.6000000000000001,114.60819,1150.60277,816.42093,2081.6318899999997
449,3A,Atlanta,0.1,0.65,111.32195,1166.6594599999999,823.22998,2101.21139
450,3A,Atlanta,0.1,0.7000000000000001,108.14156000000001,1182.84283,830.0707,2121.05509
451,3A,Atlanta,0.1,0.75,105.11952,1198.89952,836.9114199999999,2140.9304599999996
452,3A,Atlanta,0.1,0.8500000000000001,99.45633,1231.10791,850.4028399999999,2180.96708
453,3A,Atlanta,0.1,0.8,102.23499999999999,1214.8295299999997,843.78381,2160.8483399999996
454,3A,Atlanta,0.1,0.9500000000000001,94.17318,1263.633,864.30597,2222.11215
455,3A,Atlanta,0.1,0.9,96.76183,1247.32295,857.3702400000001,2201.45502
456,3A,Atlanta,0.25,0.01,194.74857,940.6623399999999,736.6442,1872.0551099999998
457,3A,Atlanta,0.25,0.15000000000000002,176.04945999999998,988.26235,757.48306,1921.79487
458,3A,Atlanta,0.25,0.1,182.34945,971.25556,750.0089399999999,1903.61395
459,3A,Atlanta,0.25,0.25,165.43639999999996,1018.6655499999998,770.46776,1954.5697099999998
460,3A,Atlanta,0.25,0.2,170.60541,1003.4006099999999,763.81706,1937.8230799999997
461,3A,Atlanta,0.25,0.30000000000000004,160.54243,1033.89882,776.8651,1971.3063499999998
462,3A,Atlanta,0.25,0.35000000000000003,155.83848,1049.1320899999998,783.38912,1988.35969
463,3A,Atlanta,0.25,0.45,146.18890999999996,1082.25891,796.69052,2025.13834
464,3A,Atlanta,0.25,0.4,150.99785999999997,1065.31546,789.9131399999999,2006.2264599999999
465,3A,Atlanta,0.25,0.55,137.88201999999998,1114.0872599999998,810.0869299999999,2062.0562099999997
466,3A,Atlanta,0.25,0.5,141.95087,1098.1889199999998,803.4678999999999,2043.6076899999996
467,3A,Atlanta,0.25,0.6000000000000001,133.98235999999997,1129.8272499999998,816.8959799999999,2080.7055899999996
468,3A,Atlanta,0.25,0.65,130.25188999999997,1145.59891,823.6416899999999,2099.4924899999996
469,3A,Atlanta,0.25,0.7000000000000001,126.72227999999998,1161.5605899999998,830.29239,2118.5752599999996
470,3A,Atlanta,0.25,0.75,123.26685,1177.36392,837.2914599999999,2137.92223
471,3A,Atlanta,0.25,0.8500000000000001,116.81020999999998,1208.93891,850.7512099999999,2176.50033
472,3A,Atlanta,0.25,0.8,120.00143999999999,1193.1989199999998,844.0688399999999,2157.2691999999997
473,3A,Atlanta,0.25,0.9500000000000001,110.86113999999999,1240.6722499999998,864.0526099999998,2215.586
474,3A,Atlanta,0.25,0.9,113.78817,1224.90059,857.3702400000001,2196.059
475,3A,Atlanta,0.2,0.01,186.17408,946.67964,736.48585,1869.33957
476,3A,Atlanta,0.2,0.15000000000000002,168.15173000000001,993.9312799999999,757.2613699999999,1919.3443799999998
477,3A,Atlanta,0.2,0.1,174.21919,976.9878299999999,749.75558,1900.9625999999998
478,3A,Atlanta,0.2,0.25,157.95123,1024.68285,770.43609,1953.07017
479,3A,Atlanta,0.2,0.2,162.91938,1009.25956,763.8487299999999,1936.02767
480,3A,Atlanta,0.2,0.30000000000000004,153.19477999999998,1039.97946,776.77009,1969.94433
481,3A,Atlanta,0.2,0.35000000000000003,148.65003,1055.33941,783.32578,1987.31522
482,3A,Atlanta,0.2,0.45,139.34967999999998,1088.62458,796.69052,2024.66478
483,3A,Atlanta,0.2,0.4,143.97859999999997,1071.58612,789.7864599999999,2005.3511799999997
484,3A,Atlanta,0.2,0.55,131.31783,1120.4212599999998,810.15027,2061.8893599999997
485,3A,Atlanta,0.2,0.5,135.28082999999998,1104.55459,803.30955,2043.1449699999998
486,3A,Atlanta,0.2,0.6000000000000001,127.58735999999999,1136.3196,816.83264,2080.7396
487,3A,Atlanta,0.2,0.65,124.02608,1152.21794,823.4516699999999,2099.69569
488,3A,Atlanta,0.2,0.7000000000000001,120.60231999999999,1168.1796199999999,830.16571,2118.94765
489,3A,Atlanta,0.2,0.75,117.28441000000001,1184.17297,837.0381,2138.49548
490,3A,Atlanta,0.2,0.8500000000000001,111.07114,1215.84297,850.5611899999999,2177.4753
491,3A,Atlanta,0.2,0.8,114.12485,1199.9762999999998,843.6887999999999,2157.7899499999994
492,3A,Atlanta,0.2,0.9500000000000001,105.32293000000001,1247.8930099999998,864.1792899999999,2217.3952299999996
493,3A,Atlanta,0.2,0.9,108.14411000000001,1231.89966,857.40191,2197.44568
494,3A,Atlanta,0.30000000000000004,0.01,203.24972999999997,934.83506,736.67587,1874.76066
495,3A,Atlanta,0.30000000000000004,0.15000000000000002,183.63048999999998,983.32183,757.95811,1924.91043
496,3A,Atlanta,0.30000000000000004,0.1,190.22635,966.1566899999999,750.35731,1906.74035
497,3A,Atlanta,0.30000000000000004,0.25,172.37233999999998,1014.6751299999999,771.25951,1958.3069799999998
498,3A,Atlanta,0.30000000000000004,0.2,177.84805999999998,998.8401299999999,764.5771399999999,1941.2653299999997
499,3A,Atlanta,0.30000000000000004,0.30000000000000004,167.26666999999998,1030.2250999999999,778.03689,1975.52866
500,3A,Atlanta,0.30000000000000004,0.35000000000000003,162.29852,1045.87008,784.8459399999999,1993.01454
501,3A,Atlanta,0.30000000000000004,0.45,153.01814999999996,1077.12837,798.1156699999999,2028.2621899999997
502,3A,Atlanta,0.30000000000000004,0.4,157.57374,1061.42005,791.46497,2010.45876
503,3A,Atlanta,0.30000000000000004,0.55,144.37288,1108.0066199999999,810.1186,2062.4981
504,3A,Atlanta,0.30000000000000004,0.5,148.67426,1092.9000299999998,804.8613799999999,2046.4356699999998
505,3A,Atlanta,0.30000000000000004,0.6000000000000001,140.32486,1123.80995,817.0543299999999,2081.18914
506,3A,Atlanta,0.30000000000000004,0.65,136.45686999999998,1139.5499399999999,823.7367,2099.74351
507,3A,Atlanta,0.30000000000000004,0.7000000000000001,132.75806999999998,1155.1632499999998,830.35573,2118.2770499999997
508,3A,Atlanta,0.30000000000000004,0.75,129.26012999999998,1170.9982499999999,837.06977,2137.32815
509,3A,Atlanta,0.30000000000000004,0.8500000000000001,122.53928999999998,1202.41489,850.5928599999999,2175.54704
510,3A,Atlanta,0.30000000000000004,0.8,125.8047,1186.6749,843.78381,2156.26341
511,3A,Atlanta,0.30000000000000004,0.9500000000000001,116.37852,1233.76819,863.92593,2214.07264
512,3A,Atlanta,0.30000000000000004,0.9,119.37973,1218.18655,857.3385699999999,2194.90485
513,3A,Atlanta,0.35000000000000003,0.01,211.59253999999999,929.7678599999999,736.70754,1878.06794
514,3A,Atlanta,0.35000000000000003,0.15000000000000002,191.20067999999998,978.38131,758.30648,1927.8884699999999
515,3A,Atlanta,0.35000000000000003,0.1,198.03991,961.0894900000001,750.45232,1909.5817200000001
516,3A,Atlanta,0.35000000000000003,0.25,179.60415,1009.44958,771.6078799999999,1960.66161
517,3A,Atlanta,0.35000000000000003,0.2,185.24906,993.86794,764.98885,1944.10585
518,3A,Atlanta,0.35000000000000003,0.30000000000000004,174.32929,1024.96788,778.1635699999999,1977.4607399999998
519,3A,Atlanta,0.35000000000000003,0.35000000000000003,169.22361999999998,1040.48618,785.0993,1994.8091
520,3A,Atlanta,0.35000000000000003,0.45,159.69987999999998,1071.74447,798.24235,2029.6867
521,3A,Atlanta,0.35000000000000003,0.4,164.36131999999998,1056.03615,791.78167,2012.1791399999997
522,3A,Atlanta,0.35000000000000003,0.55,150.76873,1102.30602,810.1186,2063.19335
523,3A,Atlanta,0.35000000000000003,0.5,155.21846999999997,1087.19943,804.98806,2047.40596
524,3A,Atlanta,0.35000000000000003,0.6000000000000001,146.59403,1118.01434,816.99099,2081.59936
525,3A,Atlanta,0.35000000000000003,0.65,142.57768000000002,1133.69099,823.7050299999999,2099.9737
526,3A,Atlanta,0.35000000000000003,0.7000000000000001,138.77303,1149.2409599999999,830.3874,2118.40139
527,3A,Atlanta,0.35000000000000003,0.75,135.13756999999998,1164.98095,836.9747599999998,2137.09328
528,3A,Atlanta,0.35000000000000003,0.8500000000000001,128.20503,1196.23924,850.46618,2174.9104500000003
529,3A,Atlanta,0.35000000000000003,0.8,131.60796,1180.6576,843.91049,2156.17605
530,3A,Atlanta,0.35000000000000003,0.9500000000000001,121.8434,1227.33918,863.76758,2212.95016
531,3A,Atlanta,0.35000000000000003,0.9,124.90795,1211.9475599999998,857.27523,2194.1307399999996
532,3A,Atlanta,0.45,0.01,227.77143999999998,920.1085099999999,736.92923,1884.80918
533,3A,Atlanta,0.45,0.15000000000000002,206.00438,969.26035,758.8131999999999,1934.07793
534,3A,Atlanta,0.45,0.1,213.26701,951.8101800000001,751.1807299999999,1916.25792
535,3A,Atlanta,0.45,0.25,193.72025,999.8535699999999,771.8929099999999,1965.4667299999996
536,3A,Atlanta,0.45,0.2,199.70353999999998,984.5886299999999,765.36889,1949.6610599999997
537,3A,Atlanta,0.45,0.30000000000000004,188.117,1015.2135199999999,778.57528,1981.9058
538,3A,Atlanta,0.45,0.35000000000000003,182.76796,1030.70015,785.1626399999999,1998.6307499999998
539,3A,Atlanta,0.45,0.45,172.68329999999997,1061.45172,798.6223899999999,2032.7574099999997
540,3A,Atlanta,0.45,0.4,177.63062000000002,1045.96509,791.94002,2015.53573
541,3A,Atlanta,0.45,0.55,163.26541,1091.75991,810.30862,2065.33394
542,3A,Atlanta,0.45,0.5,167.99018999999998,1076.78,805.14641,2049.9166
543,3A,Atlanta,0.45,0.6000000000000001,158.87901,1107.37322,816.83264,2083.08487
544,3A,Atlanta,0.45,0.65,154.6618,1122.89152,823.6733599999999,2101.2266799999998
545,3A,Atlanta,0.45,0.7000000000000001,150.61378,1138.47316,830.16571,2119.25265
546,3A,Atlanta,0.45,0.75,146.70327999999998,1153.9597899999999,836.84808,2137.51115
547,3A,Atlanta,0.45,0.8500000000000001,139.34734,1184.8380399999999,850.1811499999999,2174.36653
548,3A,Atlanta,0.45,0.8,142.96197,1169.38308,843.43544,2155.78049
549,3A,Atlanta,0.45,0.9500000000000001,132.679,1215.11456,863.2291899999999,2211.02275
550,3A,Atlanta,0.45,0.9,135.88107,1200.22966,856.7368399999999,2192.84757
551,3A,Atlanta,0.4,0.01,219.71366,924.7323299999999,737.02424,1881.47023
552,3A,Atlanta,0.4,0.15000000000000002,198.66586999999998,973.7574900000001,758.5281699999999,1930.9515299999998
553,3A,Atlanta,0.4,0.1,205.71679999999998,956.40233,750.8006899999999,1912.91982
554,3A,Atlanta,0.4,0.25,186.68845,1004.5407299999999,771.73456,1962.9637399999997
555,3A,Atlanta,0.4,0.2,192.54505999999998,989.0541,765.2422099999999,1946.8413699999999
556,3A,Atlanta,0.4,0.30000000000000004,181.2969,1019.8690099999999,778.3535899999999,1979.5194999999999
557,3A,Atlanta,0.4,0.35000000000000003,176.05370999999997,1035.45065,784.87761,1996.38197
558,3A,Atlanta,0.4,0.45,166.25493,1066.3922400000001,798.24235,2030.8895200000002
559,3A,Atlanta,0.4,0.4,171.05389,1050.8106,791.68666,2013.5511499999998
560,3A,Atlanta,0.4,0.55,157.04874,1096.82711,810.0869299999999,2063.96278
561,3A,Atlanta,0.4,0.5,161.66767,1081.75219,804.89305,2048.31291
562,3A,Atlanta,0.4,0.6000000000000001,152.78902,1112.53543,816.7692999999999,2082.09375
563,3A,Atlanta,0.4,0.65,148.67766,1128.14874,823.4516699999999,2100.2780700000003
564,3A,Atlanta,0.4,0.7000000000000001,144.70382,1143.7620499999998,830.1340399999999,2118.59991
565,3A,Atlanta,0.4,0.75,140.96250999999998,1159.28035,836.7213999999999,2136.9642599999997
566,3A,Atlanta,0.4,0.8500000000000001,133.82911,1190.31695,850.11781,2174.2638699999998
567,3A,Atlanta,0.4,0.8,137.32705,1174.7669799999999,843.4671099999999,2155.56114
568,3A,Atlanta,0.4,0.9500000000000001,127.28744999999999,1221.03685,863.2291899999999,2211.55349
569,3A,Atlanta,0.4,0.9,130.45784999999998,1205.8985899999998,856.89519,2193.2516299999997
570,3A,Atlanta,0.55,0.01,243.44446999999997,911.3992599999999,736.89756,1891.74129
571,3A,Atlanta,0.55,0.15000000000000002,220.17468000000002,961.4061899999999,759.6049499999999,1941.18582
572,3A,Atlanta,0.55,0.1,227.92404999999997,943.57598,751.24407,1922.7441
573,3A,Atlanta,0.55,0.25,207.32963,991.61937,772.5579799999999,1971.50698
574,3A,Atlanta,0.55,0.2,213.59879999999998,976.4177699999999,766.00229,1956.0188599999997
575,3A,Atlanta,0.55,0.30000000000000004,201.46218000000002,1006.6942899999999,779.27202,1987.4284899999998
576,3A,Atlanta,0.55,0.35000000000000003,195.79558999999998,1021.9908999999999,785.9227199999999,2003.70921
577,3A,Atlanta,0.55,0.45,185.25585999999998,1052.45744,799.0341,2036.7473999999997
578,3A,Atlanta,0.55,0.4,190.40403999999998,1037.2558399999998,792.3833999999999,2020.0432799999996
579,3A,Atlanta,0.55,0.55,175.34038999999999,1082.54394,810.8470099999998,2068.73134
580,3A,Atlanta,0.55,0.5,180.34020999999998,1067.8807299999999,805.6848,2053.90574
581,3A,Atlanta,0.55,0.6000000000000001,170.77396000000002,1097.90389,817.3393599999999,2086.01721
582,3A,Atlanta,0.55,0.65,166.35589000000002,1113.35885,823.92672,2103.6414600000003
583,3A,Atlanta,0.55,0.7000000000000001,162.09617,1128.7187999999999,830.4190699999999,2121.23404
584,3A,Atlanta,0.55,0.75,157.97396999999998,1144.07875,837.06977,2139.1224899999997
585,3A,Atlanta,0.55,0.8500000000000001,150.23713999999998,1174.60863,850.1494799999999,2174.99525
586,3A,Atlanta,0.55,0.8,154.05263,1159.34369,843.59379,2156.9901099999997
587,3A,Atlanta,0.55,0.9500000000000001,143.31458999999998,1203.96672,862.78581,2210.0671199999997
588,3A,Atlanta,0.55,0.9,146.59084,1189.87357,856.8001800000001,2193.26459
589,3A,Atlanta,0.5,0.01,235.65004,915.7063799999999,737.0559099999999,1888.4123299999997
590,3A,Atlanta,0.5,0.15000000000000002,213.18454,965.1749199999999,759.3199199999999,1937.6793799999998
591,3A,Atlanta,0.5,0.1,220.69053999999997,947.47139,751.0857199999999,1919.2476499999998
592,3A,Atlanta,0.5,0.25,200.56203,995.54645,772.30462,1968.4131000000002
593,3A,Atlanta,0.5,0.2,206.71450999999996,980.4715299999999,765.62225,1952.80829
594,3A,Atlanta,0.5,0.30000000000000004,194.86377,1010.9063999999998,778.86031,1984.6304799999998
595,3A,Atlanta,0.5,0.35000000000000003,189.35553,1026.20301,785.4159999999999,2000.97454
596,3A,Atlanta,0.5,0.45,179.03834,1056.8595699999998,798.7173999999999,2034.6153099999997
597,3A,Atlanta,0.5,0.4,184.06982999999997,1041.53129,792.13004,2017.7311599999998
598,3A,Atlanta,0.5,0.55,169.36623999999998,1086.97774,810.56198,2066.90596
599,3A,Atlanta,0.5,0.5,174.22854,1072.25119,805.43144,2051.91117
600,3A,Atlanta,0.5,0.6000000000000001,164.87399,1102.46437,817.0859999999999,2084.42436
601,3A,Atlanta,0.5,0.65,160.51926,1117.91933,823.80004,2102.23863
602,3A,Atlanta,0.5,0.7000000000000001,156.39705999999998,1133.53264,830.3874,2120.3170999999998
603,3A,Atlanta,0.5,0.75,152.38071,1148.8609199999999,836.9747599999998,2138.2163899999996
604,3A,Atlanta,0.5,0.8500000000000001,144.82391,1179.5491499999998,850.11781,2174.4908699999996
605,3A,Atlanta,0.5,0.8,148.53355,1164.2208699999999,843.53045,2156.2848699999995
606,3A,Atlanta,0.5,0.9500000000000001,138.03888,1209.54064,862.8491499999999,2210.42867
607,3A,Atlanta,0.5,0.9,141.28346,1194.87743,856.70517,2192.8660600000003
608,3A,Atlanta,0.6000000000000001,0.01,251.0272,907.3771699999999,737.02424,1895.4286099999997
609,3A,Atlanta,0.6000000000000001,0.15000000000000002,227.00646999999998,957.76414,759.8899799999999,1944.66059
610,3A,Atlanta,0.6000000000000001,0.1,234.99921,939.8389199999999,751.5291,1926.3672299999998
611,3A,Atlanta,0.6000000000000001,0.25,213.88637999999997,987.81897,772.9696899999999,1974.6750399999999
612,3A,Atlanta,0.6000000000000001,0.2,220.32474,972.7440499999999,766.44567,1959.5144599999999
613,3A,Atlanta,0.6000000000000001,0.30000000000000004,207.91307999999998,1002.8938899999999,779.43037,1990.23734
614,3A,Atlanta,0.6000000000000001,0.35000000000000003,202.14064,1018.15883,786.2394199999999,2006.5388899999998
615,3A,Atlanta,0.6000000000000001,0.45,191.3467,1048.43535,799.2874599999999,2039.0695099999998
616,3A,Atlanta,0.6000000000000001,0.4,196.64324,1033.26542,792.73177,2022.64043
617,3A,Atlanta,0.6000000000000001,0.55,181.23037,1078.39517,811.13204,2070.75758
618,3A,Atlanta,0.6000000000000001,0.5,186.33604,1063.70029,805.87482,2055.91115
619,3A,Atlanta,0.6000000000000001,0.6000000000000001,176.55809000000002,1093.6601099999998,817.59272,2087.81092
620,3A,Atlanta,0.6000000000000001,0.65,172.02333000000002,1108.89338,824.11674,2105.03345
621,3A,Atlanta,0.6000000000000001,0.7000000000000001,167.65776,1124.31667,830.67243,2122.64686
622,3A,Atlanta,0.6000000000000001,0.75,163.47222,1139.5499399999999,837.22812,2140.25028
623,3A,Atlanta,0.6000000000000001,0.8500000000000001,155.59786999999997,1169.76312,850.24449,2175.60548
624,3A,Atlanta,0.6000000000000001,0.8,159.44502999999997,1154.75154,843.6571299999999,2157.8537
625,3A,Atlanta,0.6000000000000001,0.9500000000000001,148.52696,1198.8678499999999,862.6274599999999,2210.0222699999995
626,3A,Atlanta,0.6000000000000001,0.9,151.81404999999998,1184.96472,856.83185,2193.61062
627,3A,Atlanta,0.65,0.01,258.44159,903.6717799999999,737.21426,1899.32763
628,3A,Atlanta,0.65,0.15000000000000002,233.52155999999997,955.0405199999999,760.6500599999999,1949.2121399999999
629,3A,Atlanta,0.65,0.1,241.726,936.7986,752.22584,1930.7504399999998
630,3A,Atlanta,0.65,0.25,219.74553999999998,986.45716,774.83822,1981.04092
631,3A,Atlanta,0.65,0.2,226.42726999999996,970.7805099999998,767.6808,1964.8885799999998
632,3A,Atlanta,0.65,0.30000000000000004,213.43386,1002.1338099999999,781.6156,1997.18327
633,3A,Atlanta,0.65,0.35000000000000003,207.49223,1017.77879,788.583,2013.8540199999998
634,3A,Atlanta,0.65,0.45,196.45492,1048.277,802.04275,2046.7746699999998
635,3A,Atlanta,0.65,0.4,201.84647,1032.98039,795.3920499999999,2030.2189099999998
636,3A,Atlanta,0.65,0.55,186.28524,1078.07847,813.95067,2078.31438
637,3A,Atlanta,0.65,0.5,191.2959,1063.5419399999998,808.63011,2063.4679499999997
638,3A,Atlanta,0.65,0.6000000000000001,181.53878,1093.0267099999999,820.3480099999998,2094.9134999999997
639,3A,Atlanta,0.65,0.65,176.73982,1108.86171,826.8720299999999,2112.47356
640,3A,Atlanta,0.65,0.7000000000000001,172.34258,1123.93663,833.26937,2129.5485799999997
641,3A,Atlanta,0.65,0.75,168.11453,1138.94821,839.63504,2146.69778
642,3A,Atlanta,0.65,0.8500000000000001,160.07099,1169.03471,852.52473,2181.6304299999997
643,3A,Atlanta,0.65,0.8,163.98148999999998,1154.0548,846.0323799999999,2164.0686699999997
644,3A,Atlanta,0.65,0.9500000000000001,152.82005,1198.26612,864.9393699999999,2216.02554
645,3A,Atlanta,0.65,0.9,156.24466,1184.0779599999998,858.8903999999999,2199.2130199999997
646,3A,Atlanta,0.7000000000000001,0.01,265.68679,900.15641,737.18259,1903.0257900000001
647,3A,Atlanta,0.7000000000000001,0.15000000000000002,239.83579,952.60193,761.53682,1953.9745400000002
648,3A,Atlanta,0.7000000000000001,0.1,248.28359999999995,934.10665,753.01759,1935.4078399999999
649,3A,Atlanta,0.7000000000000001,0.25,225.30882999999997,985.44372,776.6434099999999,1987.3959599999998
650,3A,Atlanta,0.7000000000000001,0.2,232.32893999999996,969.1970099999999,769.13762,1970.6635699999997
651,3A,Atlanta,0.7000000000000001,0.30000000000000004,218.75378,1001.8171099999998,784.02252,2004.59341
652,3A,Atlanta,0.7000000000000001,0.35000000000000003,212.57962,1017.8421299999999,791.1482699999999,2021.5700199999999
653,3A,Atlanta,0.7000000000000001,0.45,201.33060999999998,1048.65704,805.0514,2055.03905
654,3A,Atlanta,0.7000000000000001,0.4,206.79634,1033.2970899999998,798.17901,2038.2724399999997
655,3A,Atlanta,0.7000000000000001,0.55,191.10757999999998,1078.3635,817.1810099999999,2086.6520899999996
656,3A,Atlanta,0.7000000000000001,0.5,196.06574,1063.89031,811.67043,2071.62648
657,3A,Atlanta,0.7000000000000001,0.6000000000000001,186.32944999999998,1093.12172,823.42,2102.87117
658,3A,Atlanta,0.7000000000000001,0.65,181.22377999999998,1109.27342,829.88068,2120.37788
659,3A,Atlanta,0.7000000000000001,0.7000000000000001,176.82654000000002,1123.99997,835.89798,2136.72449
660,3A,Atlanta,0.7000000000000001,0.75,172.55598,1138.72652,842.0419599999999,2153.32446
661,3A,Atlanta,0.7000000000000001,0.8500000000000001,164.40659,1168.49632,854.80497,2187.70788
662,3A,Atlanta,0.7000000000000001,0.8,168.43377999999998,1153.6747599999999,848.31262,2170.42116
663,3A,Atlanta,0.7000000000000001,0.9500000000000001,156.9973,1197.7277299999998,867.1879399999999,2221.91297
664,3A,Atlanta,0.7000000000000001,0.9,160.58025999999998,1183.38122,861.1389700000001,2205.10045
665,3A,Atlanta,0.75,0.01,272.77364,896.79939,737.2459299999999,1906.81896
666,3A,Atlanta,0.75,0.15000000000000002,245.91749,950.5117099999999,762.55026,1958.9794599999998
667,3A,Atlanta,0.75,0.1,254.65118,931.66806,753.65099,1939.97023
668,3A,Atlanta,0.75,0.25,230.67126,984.9369999999999,778.7653,1994.37356
669,3A,Atlanta,0.75,0.2,238.00891999999996,967.9302099999999,770.78446,1976.7235899999996
670,3A,Atlanta,0.75,0.30000000000000004,223.82034,1001.9437899999999,786.7144699999999,2012.4786
671,3A,Atlanta,0.75,0.35000000000000003,217.43448,1018.31718,794.0619099999999,2029.8135699999998
672,3A,Atlanta,0.75,0.45,205.94209999999998,1049.7021499999998,808.2817399999999,2063.9259899999997
673,3A,Atlanta,0.75,0.4,211.51368,1034.18385,801.21933,2046.9168599999998
674,3A,Atlanta,0.75,0.55,195.64489,1079.47195,820.6647099999999,2095.78155
675,3A,Atlanta,0.75,0.5,200.61389,1064.90375,814.83743,2080.35507
676,3A,Atlanta,0.75,0.6000000000000001,190.86676,1093.8817999999999,826.80869,2111.55725
677,3A,Atlanta,0.75,0.65,185.56023,1110.22352,833.04768,2128.83143
678,3A,Atlanta,0.75,0.7000000000000001,181.18382,1124.41168,838.68494,2144.28044
679,3A,Atlanta,0.75,0.75,176.88159,1138.8532,844.6388999999999,2160.37369
680,3A,Atlanta,0.75,0.8500000000000001,168.65801999999996,1168.14795,857.02187,2193.82784
681,3A,Atlanta,0.75,0.8,172.68520999999998,1153.51641,850.7195399999999,2176.92116
682,3A,Atlanta,0.75,0.9500000000000001,161.11121,1197.126,869.27816,2227.51537
683,3A,Atlanta,0.75,0.9,164.83168999999998,1182.65281,863.2925299999998,2210.7770299999997
684,3A,Atlanta,0.8500000000000001,0.01,286.77815,890.0220099999999,737.46762,1914.2677799999997
685,3A,Atlanta,0.8500000000000001,0.15000000000000002,258.75849999999997,944.2410499999999,763.1836599999999,1966.1832099999997
686,3A,Atlanta,0.8500000000000001,0.1,267.83056999999997,925.36573,754.1893799999999,1947.3856799999999
687,3A,Atlanta,0.8500000000000001,0.25,242.64463999999998,979.8697999999998,780.3488,2002.86324
688,3A,Atlanta,0.8500000000000001,0.2,250.35234999999997,962.4512999999998,771.7978999999999,1984.6015499999999
689,3A,Atlanta,0.8500000000000001,0.30000000000000004,235.39114999999998,997.0349399999999,788.55133,2020.97742
690,3A,Atlanta,0.8500000000000001,0.35000000000000003,228.68774,1013.7250299999998,796.1521299999999,2038.5648999999999
691,3A,Atlanta,0.8500000000000001,0.45,216.71945999999997,1045.4267,810.65699,2072.8031499999997
692,3A,Atlanta,0.8500000000000001,0.4,222.50274,1029.78172,803.68959,2055.97405
693,3A,Atlanta,0.8500000000000001,0.55,205.93551,1075.32318,823.57835,2104.8370400000003
694,3A,Atlanta,0.8500000000000001,0.5,211.13704,1060.5332899999999,817.30769,2088.97802
695,3A,Atlanta,0.8500000000000001,0.6000000000000001,201.02984999999998,1089.66969,829.5956499999999,2120.29519
696,3A,Atlanta,0.8500000000000001,0.65,195.28993,1106.39145,835.6129500000001,2137.29433
697,3A,Atlanta,0.8500000000000001,0.7000000000000001,190.80767,1120.1679,841.02852,2152.00409
698,3A,Atlanta,0.8500000000000001,0.75,186.43125999999998,1134.13437,846.8557999999999,2167.42143
699,3A,Atlanta,0.8500000000000001,0.8500000000000001,177.95347999999998,1163.11242,858.82706,2199.8929599999997
700,3A,Atlanta,0.8500000000000001,0.8,182.09736,1148.73424,852.68308,2183.51468
701,3A,Atlanta,0.8500000000000001,0.9500000000000001,170.13163,1191.71043,870.89333,2232.7353900000003
702,3A,Atlanta,0.8500000000000001,0.9,173.9688,1177.42726,864.9077,2216.30376
703,3A,Atlanta,0.8,0.01,279.89216,893.1890099999998,737.40428,1910.48545
704,3A,Atlanta,0.8,0.15000000000000002,252.62345,946.86966,762.64527,1962.1383799999999
705,3A,Atlanta,0.8,0.1,261.46299,928.1210199999999,753.71433,1943.29834
706,3A,Atlanta,0.8,0.25,236.85881,982.2133799999999,779.55705,1998.6292399999998
707,3A,Atlanta,0.8,0.2,244.429,964.8265499999999,771.2911799999999,1980.5467299999998
708,3A,Atlanta,0.8,0.30000000000000004,229.75368,999.2835099999999,787.69624,2016.7334299999998
709,3A,Atlanta,0.8,0.35000000000000003,223.19862999999998,1016.0686099999999,795.4237199999999,2034.69096
710,3A,Atlanta,0.8,0.45,211.38869999999997,1047.77028,809.8969099999999,2069.0558899999996
711,3A,Atlanta,0.8,0.4,217.10863999999998,1032.15697,802.8344999999999,2052.10011
712,3A,Atlanta,0.8,0.55,200.82729,1078.0467999999998,822.9132799999999,2101.7873699999996
713,3A,Atlanta,0.8,0.5,205.92297,1063.03522,816.61095,2085.56914
714,3A,Atlanta,0.8,0.6000000000000001,195.96414,1092.39331,828.9939199999999,2117.35137
715,3A,Atlanta,0.8,0.65,190.25589,1109.27342,835.2329100000001,2134.76222
716,3A,Atlanta,0.8,0.7000000000000001,185.81614,1123.27156,840.64848,2149.73618
717,3A,Atlanta,0.8,0.75,181.4714,1137.6180699999998,846.4757599999998,2165.5652299999992
718,3A,Atlanta,0.8,0.8500000000000001,173.07864,1166.8494799999999,858.76372,2198.69184
719,3A,Atlanta,0.8,0.8,177.20084,1152.21794,852.52473,2181.94351
720,3A,Atlanta,0.8,0.9500000000000001,165.36264,1195.79586,871.0200099999998,2232.1785099999997
721,3A,Atlanta,0.8,0.9,169.17813,1181.291,864.9077,2215.37683
722,3A,Atlanta,0.9500000000000001,0.01,300.11674,884.0363799999999,737.6576399999999,1921.8107599999998
723,3A,Atlanta,0.9500000000000001,0.15000000000000002,270.52102999999994,939.58556,764.2604399999999,1974.3670299999999
724,3A,Atlanta,0.9500000000000001,0.1,280.03733,920.4885499999999,754.88612,1955.4119999999998
725,3A,Atlanta,0.9500000000000001,0.25,253.70873,975.6893599999999,781.7422799999999,2011.1403699999998
726,3A,Atlanta,0.9500000000000001,0.2,261.79733,958.2075199999999,773.22305,1993.2278999999999
727,3A,Atlanta,0.9500000000000001,0.30000000000000004,246.18019999999999,992.9178399999998,790.1664999999999,2029.2645399999997
728,3A,Atlanta,0.9500000000000001,0.35000000000000003,239.30759999999998,1009.82962,798.0206599999999,2047.15788
729,3A,Atlanta,0.9500000000000001,0.45,226.90508,1041.2145899999998,812.3671699999999,2080.4868399999996
730,3A,Atlanta,0.9500000000000001,0.4,232.86838999999998,1025.82297,805.49478,2064.18614
731,3A,Atlanta,0.9500000000000001,0.55,215.89858999999998,1070.7627,825.3202,2111.98149
732,3A,Atlanta,0.9500000000000001,0.5,221.20597,1056.22617,819.04954,2096.48168
733,3A,Atlanta,0.9500000000000001,0.6000000000000001,210.88707999999997,1084.6975,830.95746,2126.54204
734,3A,Atlanta,0.9500000000000001,0.65,204.9988,1101.07089,836.81641,2142.8861
735,3A,Atlanta,0.9500000000000001,0.7000000000000001,200.47402999999997,1114.30895,841.97862,2156.7616
736,3A,Atlanta,0.9500000000000001,0.75,196.02344,1127.9270499999998,847.39419,2171.3446799999997
737,3A,Atlanta,0.9500000000000001,0.8500000000000001,187.40814,1156.24003,859.0487499999999,2202.69692
738,3A,Atlanta,0.9500000000000001,0.8,191.64702999999997,1142.21022,853.2214700000001,2187.07872
739,3A,Atlanta,0.9500000000000001,0.9500000000000001,179.43793,1183.91961,870.7666499999999,2234.12419
740,3A,Atlanta,0.9500000000000001,0.9,183.37010999999998,1170.14316,864.9393699999999,2218.45264
741,3A,Atlanta,0.9,0.01,293.49494999999996,887.0133599999999,737.49929,1918.0076
742,3A,Atlanta,0.9,0.15000000000000002,264.71351999999996,941.70745,763.6903799999999,1970.1113499999997
743,3A,Atlanta,0.9,0.1,273.99729,922.8637999999999,754.5694199999999,1951.4305099999997
744,3A,Atlanta,0.9,0.25,248.21876999999998,977.55789,781.04554,2006.8222
745,3A,Atlanta,0.9,0.2,256.16985,960.20273,772.4946399999999,1988.8672199999999
746,3A,Atlanta,0.9,0.30000000000000004,240.83859999999999,994.84971,789.27974,2024.96805
747,3A,Atlanta,0.9,0.35000000000000003,234.06100999999998,1011.66648,797.0388899999999,2042.76638
748,3A,Atlanta,0.9,0.45,221.87019,1043.24147,811.4170699999999,2076.52873
749,3A,Atlanta,0.9,0.4,227.77016,1027.65983,804.54468,2059.97467
750,3A,Atlanta,0.9,0.55,210.98039,1072.9162599999997,824.4017699999999,2108.2984199999996
751,3A,Atlanta,0.9,0.5,216.2561,1058.2530499999998,818.1944500000001,2092.7036
752,3A,Atlanta,0.9,0.6000000000000001,206.01138999999998,1087.10442,830.29239,2123.4082
753,3A,Atlanta,0.9,0.65,200.18644999999998,1103.6995,836.1830099999999,2140.0689599999996
754,3A,Atlanta,0.9,0.7000000000000001,195.70418999999998,1117.15925,841.53524,2154.39868
755,3A,Atlanta,0.9,0.75,191.29611,1130.9357,847.07749,2169.3093
756,3A,Atlanta,0.9,0.8500000000000001,182.71248,1159.53371,858.95374,2201.1999299999998
757,3A,Atlanta,0.9,0.8,186.91969999999998,1145.37722,853.09479,2185.39171
758,3A,Atlanta,0.9,0.9500000000000001,174.81645,1187.75168,870.8299900000001,2233.3981200000003
759,3A,Atlanta,0.9,0.9,178.71695999999997,1173.72187,865.0660499999999,2217.50488
760,5A,Buffalo,0.01,0.01,579.00455,536.77483,672.16408,1787.94346
761,5A,Buffalo,0.01,0.15000000000000002,541.4658400000001,570.82008,695.9482499999999,1808.23417
762,5A,Buffalo,0.01,0.1,554.6135599999999,558.53212,687.1439899999999,1800.2896699999997
763,5A,Buffalo,0.01,0.25,517.90996,593.68582,711.24486,1822.8406400000001
764,5A,Buffalo,0.01,0.2,529.52413,582.22128,703.5807199999999,1815.32613
765,5A,Buffalo,0.01,0.30000000000000004,506.65585,605.2136999999999,718.94067,1830.8102199999998
766,5A,Buffalo,0.01,0.35000000000000003,495.6659399999999,616.64657,726.66815,1838.98066
767,5A,Buffalo,0.01,0.45,473.00022,641.28583,742.5981599999999,1856.8842100000002
768,5A,Buffalo,0.01,0.4,484.3385,628.80785,734.4906399999999,1847.63699
769,5A,Buffalo,0.01,0.55,452.42727,665.41837,758.59151,1876.43715
770,5A,Buffalo,0.01,0.5,462.59206,653.41544,750.579,1866.5865
771,5A,Buffalo,0.01,0.6000000000000001,442.60085999999995,677.7696699999999,766.57235,1886.94288
772,5A,Buffalo,0.01,0.65,433.04948999999993,690.0893,774.58486,1897.72365
773,5A,Buffalo,0.01,0.7000000000000001,423.74148999999994,702.37726,782.6290399999999,1908.74779
774,5A,Buffalo,0.01,0.75,414.66602,714.72856,790.6732199999999,1920.0678
775,5A,Buffalo,0.01,0.8500000000000001,397.25602999999995,739.71619,806.79325,1943.7654699999998
776,5A,Buffalo,0.01,0.8,405.84476,727.33322,798.7173999999999,1931.89538
777,5A,Buffalo,0.01,0.9500000000000001,380.75618,764.7671599999999,822.8816099999999,1968.4049499999996
778,5A,Buffalo,0.01,0.9,388.88984,752.13083,814.83743,1955.8581
779,5A,Buffalo,0.05,0.01,604.6582999999999,529.30071,671.68903,1805.64804
780,5A,Buffalo,0.05,0.15000000000000002,565.9986,563.21928,695.40986,1824.6277400000001
781,5A,Buffalo,0.05,0.1,579.5272100000001,550.96299,686.6056,1817.0958
782,5A,Buffalo,0.05,0.25,541.7976299999999,585.70498,710.6748,1838.17741
783,5A,Buffalo,0.05,0.2,553.75018,574.4621299999999,703.04233,1831.2546399999999
784,5A,Buffalo,0.05,0.30000000000000004,530.22597,597.13785,718.33894,1845.7027600000001
785,5A,Buffalo,0.05,0.35000000000000003,518.88684,608.44404,726.0347499999999,1853.3656299999998
786,5A,Buffalo,0.05,0.45,495.5760299999999,632.98829,741.93309,1870.49741
787,5A,Buffalo,0.05,0.4,507.28435999999994,620.51031,733.8572399999999,1861.65191
788,5A,Buffalo,0.05,0.55,474.38965999999994,656.9624799999999,757.89477,1889.2469099999998
789,5A,Buffalo,0.05,0.5,484.82949,644.86454,749.9139299999999,1879.60796
790,5A,Buffalo,0.05,0.6000000000000001,464.2140299999999,669.02875,765.87561,1899.1183899999999
791,5A,Buffalo,0.05,0.65,454.35595,681.2216999999999,773.8564499999999,1909.4341
792,5A,Buffalo,0.05,0.7000000000000001,444.76207,693.3196399999999,781.8689599999999,1919.9506699999997
793,5A,Buffalo,0.05,0.75,435.41156,705.70261,789.8498,1930.96397
794,5A,Buffalo,0.05,0.8500000000000001,417.40898,730.4685499999999,805.90649,1953.78402
795,5A,Buffalo,0.05,0.8,426.30442,718.02224,797.8939799999999,1942.22064
796,5A,Buffalo,0.05,0.9500000000000001,400.41155,755.1711499999999,821.96318,1977.54588
797,5A,Buffalo,0.05,0.9,408.78858,742.72484,813.95067,1965.46409
798,5A,Buffalo,0.15000000000000002,0.01,666.11486,512.45227,670.54891,1849.1160399999999
799,5A,Buffalo,0.15000000000000002,0.15000000000000002,624.8947799999999,546.02247,694.3014099999999,1865.21866
800,5A,Buffalo,0.15000000000000002,0.1,639.3435199999999,533.92453,685.43381,1858.70186
801,5A,Buffalo,0.15000000000000002,0.25,599.39194,567.96978,709.43967,1876.8013899999999
802,5A,Buffalo,0.15000000000000002,0.2,612.0112599999999,557.0436299999999,701.83887,1870.89376
803,5A,Buffalo,0.15000000000000002,0.30000000000000004,587.12184,579.05428,717.0404699999999,1883.21659
804,5A,Buffalo,0.15000000000000002,0.35000000000000003,575.08427,590.20212,724.64127,1889.9276599999998
805,5A,Buffalo,0.15000000000000002,0.45,550.2073899999999,614.3029899999999,740.50794,1905.0183199999997
806,5A,Buffalo,0.15000000000000002,0.4,562.6883399999999,601.88835,732.43209,1897.00878
807,5A,Buffalo,0.15000000000000002,0.55,527.5608,637.61211,756.37461,1921.54752
808,5A,Buffalo,0.15000000000000002,0.5,538.69907,625.86254,748.42544,1912.98705
809,5A,Buffalo,0.15000000000000002,0.6000000000000001,516.6975699999999,649.42502,764.29211,1930.4146999999998
810,5A,Buffalo,0.15000000000000002,0.65,506.10938,661.3012699999999,772.20961,1939.6202599999997
811,5A,Buffalo,0.15000000000000002,0.7000000000000001,495.7962299999999,673.17752,780.12711,1949.10086
812,5A,Buffalo,0.15000000000000002,0.75,485.78979,685.08544,788.07628,1958.9515099999999
813,5A,Buffalo,0.15000000000000002,0.8500000000000001,466.55951999999996,709.43967,803.97462,1979.97381
814,5A,Buffalo,0.15000000000000002,0.8,476.04755,697.27839,795.99378,1969.31972
815,5A,Buffalo,0.15000000000000002,0.9500000000000001,448.22855,733.63555,819.8729599999999,2001.73706
816,5A,Buffalo,0.15000000000000002,0.9,457.27235,721.53761,811.9237899999999,1990.7337499999999
817,5A,Buffalo,0.1,0.01,635.8778900000001,520.5281200000001,671.0873,1827.4933100000003
818,5A,Buffalo,0.1,0.15000000000000002,595.938,554.35168,694.8398,1845.1294799999998
819,5A,Buffalo,0.1,0.1,609.9,542.06372,685.9721999999999,1837.93592
820,5A,Buffalo,0.1,0.25,571.02775,576.48901,710.0414,1857.55816
821,5A,Buffalo,0.1,0.2,583.3295199999999,565.37284,702.4089299999999,1851.1112899999998
822,5A,Buffalo,0.1,0.30000000000000004,559.0435299999999,587.73186,717.6421999999999,1864.4175899999996
823,5A,Buffalo,0.1,0.35000000000000003,547.35518,598.94304,725.30634,1871.6045600000002
824,5A,Buffalo,0.1,0.45,523.21925,623.23393,741.2046799999999,1887.6578599999998
825,5A,Buffalo,0.1,0.4,535.34014,610.88263,733.0971599999999,1879.3199299999997
826,5A,Buffalo,0.1,0.55,501.22859,646.8914199999999,757.10302,1905.2230299999999
827,5A,Buffalo,0.1,0.5,512.08098,635.0151699999999,749.15385,1896.25
828,5A,Buffalo,0.1,0.6000000000000001,490.74625,658.76767,765.0521899999999,1914.5661099999998
829,5A,Buffalo,0.1,0.65,480.50728,670.86561,773.00136,1924.3742499999998
830,5A,Buffalo,0.1,0.7000000000000001,470.57502,682.83687,780.95053,1934.36242
831,5A,Buffalo,0.1,0.75,460.87529,694.9664799999999,788.96304,1944.80481
832,5A,Buffalo,0.1,0.8500000000000001,442.23761,719.57407,804.89305,1966.70473
833,5A,Buffalo,0.1,0.8,451.46144,707.31778,796.91221,1955.6914299999999
834,5A,Buffalo,0.1,0.9500000000000001,424.54173999999995,744.0233099999999,820.8863999999999,1989.4514499999998
835,5A,Buffalo,0.1,0.9,433.26799,731.79869,812.9055599999999,1977.9722399999998
836,5A,Buffalo,0.25,0.01,724.24267,497.85239999999993,669.5671399999999,1891.6622099999997
837,5A,Buffalo,0.25,0.15000000000000002,680.67391,531.26425,693.4146499999999,1905.3528099999999
838,5A,Buffalo,0.25,0.1,695.88443,519.16631,684.5153799999999,1899.56612
839,5A,Buffalo,0.25,0.25,653.94423,552.70484,708.39456,1915.04363
840,5A,Buffalo,0.25,0.2,667.1452999999999,541.93704,700.88877,1909.97111
841,5A,Buffalo,0.25,0.30000000000000004,641.08154,563.47264,715.93202,1920.4862
842,5A,Buffalo,0.25,0.35000000000000003,628.5255599999999,574.30378,723.5011499999999,1926.3304899999998
843,5A,Buffalo,0.25,0.45,602.2201299999999,597.99294,739.33615,1939.5492199999999
844,5A,Buffalo,0.25,0.4,615.45202,585.92667,731.2603,1932.63899
845,5A,Buffalo,0.25,0.55,578.40919,620.89035,755.0761399999999,1954.3756799999999
846,5A,Buffalo,0.25,0.5,590.17172,609.4891499999999,747.19031,1946.8511799999999
847,5A,Buffalo,0.25,0.6000000000000001,566.94253,632.41823,762.9303,1962.29106
848,5A,Buffalo,0.25,0.65,555.76175,643.9777799999999,770.8161299999999,1970.5556599999998
849,5A,Buffalo,0.25,0.7000000000000001,544.85601,655.7906899999999,778.67029,1979.3169899999998
850,5A,Buffalo,0.25,0.75,534.21447,667.38191,786.55612,1988.1525
851,5A,Buffalo,0.25,0.8500000000000001,513.7881799999999,691.0393999999999,802.29611,2007.1236899999997
852,5A,Buffalo,0.25,0.8,523.8796399999999,679.1314799999999,794.4419499999999,1997.4530699999996
853,5A,Buffalo,0.25,0.9500000000000001,494.44122,714.85524,818.0044300000001,2027.30089
854,5A,Buffalo,0.25,0.9,503.9826,703.04233,810.15027,2017.1752000000001
855,5A,Buffalo,0.2,0.01,695.57007,504.8831399999999,670.0421899999999,1870.4953999999998
856,5A,Buffalo,0.2,0.15000000000000002,653.16481,538.42167,693.82636,1885.41284
857,5A,Buffalo,0.2,0.1,667.9736099999999,526.29206,684.95876,1879.2244299999998
858,5A,Buffalo,0.2,0.25,627.04855,560.08395,708.86961,1896.00211
859,5A,Buffalo,0.2,0.2,639.9429099999999,549.25281,701.33215,1890.5278699999997
860,5A,Buffalo,0.2,0.30000000000000004,614.4608999999999,570.9784299999999,716.4704099999999,1901.9097399999996
861,5A,Buffalo,0.2,0.35000000000000003,602.1799599999999,581.93625,724.03954,1908.15575
862,5A,Buffalo,0.2,0.45,576.5413,605.91044,739.90621,1922.35795
863,5A,Buffalo,0.2,0.4,589.3923,593.68582,731.83036,1914.90848
864,5A,Buffalo,0.2,0.55,553.2596100000001,628.9662,755.67787,1937.90368
865,5A,Buffalo,0.2,0.5,564.7787699999999,617.3749799999999,747.7920399999999,1929.9457899999998
866,5A,Buffalo,0.2,0.6000000000000001,542.0788299999999,640.62076,763.59537,1946.29496
867,5A,Buffalo,0.2,0.65,531.17309,652.3069899999999,771.4812,1954.9612799999998
868,5A,Buffalo,0.2,0.7000000000000001,520.57406,664.15157,779.36703,1964.0926599999998
869,5A,Buffalo,0.2,0.75,510.2184,675.99615,787.28453,1973.49908
870,5A,Buffalo,0.2,0.8500000000000001,490.39554,700.0336799999999,803.08786,1993.51708
871,5A,Buffalo,0.2,0.8,500.20112,687.9040699999999,795.2020299999999,1983.30722
872,5A,Buffalo,0.2,0.9500000000000001,471.53532,723.94453,818.9228599999999,2014.4027099999998
873,5A,Buffalo,0.2,0.9,480.83333000000005,712.03661,811.0053599999999,2003.8753
874,5A,Buffalo,0.30000000000000004,0.01,752.34606,491.10668999999996,669.2504399999999,1912.7031899999997
875,5A,Buffalo,0.30000000000000004,0.15000000000000002,707.1904,524.80357,693.4146499999999,1925.40862
876,5A,Buffalo,0.30000000000000004,0.1,722.91933,512.64229,684.3887,1919.95032
877,5A,Buffalo,0.30000000000000004,0.25,679.05385,547.00424,709.0279599999999,1935.08605
878,5A,Buffalo,0.30000000000000004,0.2,692.97419,535.8563999999999,701.1738,1930.00439
879,5A,Buffalo,0.30000000000000004,0.30000000000000004,665.67275,557.9303899999999,716.88212,1940.4852599999997
880,5A,Buffalo,0.30000000000000004,0.35000000000000003,652.5033500000001,569.04656,724.73628,1946.2861900000003
881,5A,Buffalo,0.30000000000000004,0.45,627.16885,591.4689199999999,740.4446,1959.0823699999999
882,5A,Buffalo,0.30000000000000004,0.4,639.66149,580.2260699999999,732.59044,1952.4779999999998
883,5A,Buffalo,0.30000000000000004,0.55,602.9987,613.3212199999999,754.4744099999999,1970.7943299999997
884,5A,Buffalo,0.30000000000000004,0.5,614.9404099999999,602.61676,748.33043,1965.8876
885,5A,Buffalo,0.30000000000000004,0.6000000000000001,591.257,624.7224199999999,762.32857,1978.3079899999998
886,5A,Buffalo,0.30000000000000004,0.65,579.79034,636.1552899999999,770.18273,1986.12836
887,5A,Buffalo,0.30000000000000004,0.7000000000000001,568.64123,647.7781799999999,778.03689,1994.4562999999998
888,5A,Buffalo,0.30000000000000004,0.75,557.75632,659.3693999999999,785.8593799999999,2002.9850999999999
889,5A,Buffalo,0.30000000000000004,0.8500000000000001,536.82246,682.7101899999999,801.53603,2021.0686799999999
890,5A,Buffalo,0.30000000000000004,0.8,547.14645,670.99229,793.71354,2011.8522799999998
891,5A,Buffalo,0.30000000000000004,0.9500000000000001,516.99875,706.27267,817.11767,2040.3890900000001
892,5A,Buffalo,0.30000000000000004,0.9,526.72016,694.5864399999999,809.35852,2030.66512
893,5A,Buffalo,0.35000000000000003,0.01,779.6126399999999,484.83603,668.80706,1933.2557299999999
894,5A,Buffalo,0.35000000000000003,0.15000000000000002,733.28264,518.5329099999999,693.2563,1945.0718499999998
895,5A,Buffalo,0.35000000000000003,0.1,749.39246,506.4033,684.19868,1939.99444
896,5A,Buffalo,0.35000000000000003,0.25,704.63852,540.5118899999999,708.6479199999999,1953.7983299999996
897,5A,Buffalo,0.35000000000000003,0.2,718.8230599999999,529.49073,700.82543,1949.13922
898,5A,Buffalo,0.35000000000000003,0.30000000000000004,691.01405,551.3747,716.4704099999999,1958.85916
899,5A,Buffalo,0.35000000000000003,0.35000000000000003,677.5379399999999,562.2375099999999,724.2928999999999,1964.0683499999998
900,5A,Buffalo,0.35000000000000003,0.45,651.70586,584.43818,739.96955,1976.1135900000002
901,5A,Buffalo,0.35000000000000003,0.4,664.48438,573.38535,732.14706,1970.01679
902,5A,Buffalo,0.35000000000000003,0.55,627.02814,606.29048,753.96769,1987.28631
903,5A,Buffalo,0.35000000000000003,0.5,639.2448899999999,595.55435,747.8237099999999,1982.6229499999997
904,5A,Buffalo,0.35000000000000003,0.6000000000000001,615.07474,617.4699899999999,761.79018,1994.33491
905,5A,Buffalo,0.35000000000000003,0.65,603.3330399999999,628.83952,769.5809999999999,2001.7535599999999
906,5A,Buffalo,0.35000000000000003,0.7000000000000001,591.92972,640.27239,777.4351599999999,2009.6372699999997
907,5A,Buffalo,0.35000000000000003,0.75,580.80144,651.89528,785.2259799999999,2017.9226999999998
908,5A,Buffalo,0.35000000000000003,0.8500000000000001,559.3491700000001,674.91937,800.83929,2035.10783
909,5A,Buffalo,0.35000000000000003,0.8,569.9590399999998,663.3281499999999,793.04847,2026.3356599999997
910,5A,Buffalo,0.35000000000000003,0.9500000000000001,539.18708,698.0701399999999,816.2942499999999,2053.55147
911,5A,Buffalo,0.35000000000000003,0.9,549.04601,686.5422599999999,808.63011,2044.2183799999998
912,5A,Buffalo,0.45,0.01,832.2430499999999,473.24481,667.25523,1972.74309
913,5A,Buffalo,0.45,0.15000000000000002,783.6060299999999,507.03669999999994,692.11618,1982.7589099999998
914,5A,Buffalo,0.45,0.1,800.4251299999999,494.87541999999996,682.9952199999999,1978.2957699999997
915,5A,Buffalo,0.45,0.25,753.9567599999999,528.66731,708.20454,1990.8286099999998
916,5A,Buffalo,0.45,0.2,768.59637,517.8361699999999,700.4770599999999,1986.9095999999997
917,5A,Buffalo,0.45,0.30000000000000004,739.88806,539.4034399999999,715.90035,1995.1918499999997
918,5A,Buffalo,0.45,0.35000000000000003,725.95688,550.1079,723.6911699999999,1999.7559499999998
919,5A,Buffalo,0.45,0.45,699.10966,571.7068399999999,739.2728099999999,2010.0893099999998
920,5A,Buffalo,0.45,0.4,712.3640800000001,560.8756999999999,731.48199,2004.7217699999999
921,5A,Buffalo,0.45,0.55,673.45846,593.24244,753.04926,2019.7501599999998
922,5A,Buffalo,0.45,0.5,686.23613,582.63299,746.90528,2015.7743999999998
923,5A,Buffalo,0.45,0.6000000000000001,661.01832,604.35861,760.8084099999999,2026.1853399999998
924,5A,Buffalo,0.45,0.65,648.85322,615.44311,768.56756,2032.86389
925,5A,Buffalo,0.45,0.7000000000000001,637.00567,626.62262,776.3267099999999,2039.955
926,5A,Buffalo,0.45,0.75,625.4223199999999,637.8971399999999,784.08586,2047.4053199999998
927,5A,Buffalo,0.45,0.8500000000000001,603.12325,660.5411899999999,799.5408199999999,2063.2052599999997
928,5A,Buffalo,0.45,0.8,614.12485,649.2033299999999,791.81334,2055.14152
929,5A,Buffalo,0.45,0.9500000000000001,582.3477399999999,682.9952199999999,814.67908,2080.02204
930,5A,Buffalo,0.45,0.9,592.37586,671.97406,807.2683,2071.6182200000003
931,5A,Buffalo,0.4,0.01,806.28748,478.88207,667.76195,1952.9315000000001
932,5A,Buffalo,0.4,0.15000000000000002,758.71895,512.61062,693.00294,1964.3325099999997
933,5A,Buffalo,0.4,0.1,775.1888299999999,500.60768999999993,683.97699,1959.77351
934,5A,Buffalo,0.4,0.25,729.5989299999999,534.3679099999999,708.4262299999999,1972.3930699999996
935,5A,Buffalo,0.4,0.2,743.9951699999999,523.4734299999999,700.6670799999999,1968.1356799999996
936,5A,Buffalo,0.4,0.30000000000000004,715.7627599999998,545.2307199999999,716.21705,1977.2105299999996
937,5A,Buffalo,0.4,0.35000000000000003,702.07495,555.96685,723.91286,1981.9546599999999
938,5A,Buffalo,0.4,0.45,675.71447,577.88249,739.52617,1993.12313
939,5A,Buffalo,0.4,0.4,688.73636,566.95634,731.70368,1987.3963800000001
940,5A,Buffalo,0.4,0.55,650.4758299999999,599.4814299999999,753.4926399999999,2003.4498999999996
941,5A,Buffalo,0.4,0.5,663.0101299999999,588.90365,747.3169899999999,1999.2307699999997
942,5A,Buffalo,0.4,0.6000000000000001,638.2790600000001,610.7876200000001,761.2517899999999,2010.3184700000002
943,5A,Buffalo,0.4,0.65,626.3573299999999,621.9354599999999,769.04261,2017.3354
944,5A,Buffalo,0.4,0.7000000000000001,614.7214799999999,633.2416499999999,776.8334299999999,2024.7965599999998
945,5A,Buffalo,0.4,0.75,603.3498299999999,644.61118,784.62425,2032.5852599999998
946,5A,Buffalo,0.4,0.8500000000000001,581.47416,667.54026,800.17422,2049.18864
947,5A,Buffalo,0.4,0.8,592.2957299999999,656.1073899999999,792.3833999999999,2040.7865199999999
948,5A,Buffalo,0.4,0.9500000000000001,560.9628499999999,690.37433,815.47083,2066.8080099999997
949,5A,Buffalo,0.4,0.9,570.89596,679.06814,807.93337,2057.89747
950,5A,Buffalo,0.55,0.01,882.46229,462.88872,666.30513,2011.65614
951,5A,Buffalo,0.55,0.15000000000000002,831.3599,496.77562,691.6411299999999,2019.7766499999998
952,5A,Buffalo,0.55,0.1,848.89827,484.74102,682.3934899999999,2016.03278
953,5A,Buffalo,0.55,0.25,801.0121899999999,517.86784,706.81106,2025.6910899999998
954,5A,Buffalo,0.55,0.2,816.03269,507.3533999999999,699.1469199999999,2022.5330099999999
955,5A,Buffalo,0.55,0.30000000000000004,786.5309299999999,528.47729,714.4752,2029.48342
956,5A,Buffalo,0.55,0.35000000000000003,772.18719,539.08674,722.20268,2033.4766099999997
957,5A,Buffalo,0.55,0.45,744.44067,560.36898,738.2276999999999,2043.0373499999998
958,5A,Buffalo,0.55,0.4,758.1818299999999,549.63285,729.9301599999999,2037.7448399999998
959,5A,Buffalo,0.55,0.55,717.8585,581.55621,752.13083,2051.54554
960,5A,Buffalo,0.55,0.5,731.0695599999999,571.1684499999999,746.17687,2048.41488
961,5A,Buffalo,0.55,0.6000000000000001,704.99496,592.5140299999999,759.85831,2057.3673
962,5A,Buffalo,0.55,0.65,692.35396,603.40851,767.8391499999999,2063.60162
963,5A,Buffalo,0.55,0.7000000000000001,680.08301,614.36633,775.53496,2069.9843
964,5A,Buffalo,0.55,0.75,668.1396,625.45083,783.23077,2076.8212
965,5A,Buffalo,0.55,0.8500000000000001,645.0470799999999,647.6831699999999,798.5907199999999,2091.3209699999998
966,5A,Buffalo,0.55,0.8,656.46124,636.53533,790.92658,2083.92315
967,5A,Buffalo,0.55,0.9500000000000001,623.9115099999999,669.31378,813.2222599999999,2106.44755
968,5A,Buffalo,0.55,0.9,633.93963,658.89435,806.09651,2098.9304899999997
969,5A,Buffalo,0.5,0.01,857.65938,467.95591999999994,666.78018,1992.39548
970,5A,Buffalo,0.5,0.15000000000000002,807.77384,501.71613999999994,691.83115,2001.3211299999998
971,5A,Buffalo,0.5,0.1,824.96299,489.68154,682.6785199999999,1997.32305
972,5A,Buffalo,0.5,0.25,777.80702,522.9983799999999,707.09609,2007.9014899999997
973,5A,Buffalo,0.5,0.2,792.6474900000001,512.38893,699.40028,2004.4366999999997
974,5A,Buffalo,0.5,0.30000000000000004,763.4949499999999,533.76618,714.88691,2012.1480399999998
975,5A,Buffalo,0.5,0.35000000000000003,749.33124,544.50231,723.43781,2017.2713599999997
976,5A,Buffalo,0.5,0.45,722.06062,565.9428999999999,738.8927699999999,2026.8962899999997
977,5A,Buffalo,0.5,0.4,735.5267399999999,555.14343,730.91193,2021.5820999999999
978,5A,Buffalo,0.5,0.55,695.8910099999999,587.25681,752.76423,2035.91205
979,5A,Buffalo,0.5,0.5,708.91205,576.77404,746.6519199999999,2032.33801
980,5A,Buffalo,0.5,0.6000000000000001,683.2183399999999,598.30964,760.5233799999999,2042.0513599999997
981,5A,Buffalo,0.5,0.65,670.84154,609.2674599999999,768.25086,2048.35986
982,5A,Buffalo,0.5,0.7000000000000001,658.8031199999999,620.35196,775.8516599999999,2055.00674
983,5A,Buffalo,0.5,0.75,647.01891,631.4997999999999,783.5791399999999,2062.0978499999997
984,5A,Buffalo,0.5,0.8500000000000001,624.3389500000001,653.95383,798.9707599999999,2077.26354
985,5A,Buffalo,0.5,0.8,635.50974,642.67931,791.27495,2069.464
986,5A,Buffalo,0.5,0.9500000000000001,603.32007,675.93281,813.95067,2093.20355
987,5A,Buffalo,0.5,0.9,613.3798599999999,665.1966799999999,806.66657,2085.24311
988,5A,Buffalo,0.6000000000000001,0.01,906.68345,458.20156,665.83008,2030.71509
989,5A,Buffalo,0.6000000000000001,0.15000000000000002,854.33254,492.08845999999994,691.45111,2037.8721099999998
990,5A,Buffalo,0.6000000000000001,0.1,872.2517999999999,480.11719999999997,682.1401299999999,2034.50913
991,5A,Buffalo,0.6000000000000001,0.25,823.5930999999999,512.9906599999999,706.5577,2043.1414599999998
992,5A,Buffalo,0.6000000000000001,0.2,838.8253,502.5078899999999,698.9252299999999,2040.2584199999997
993,5A,Buffalo,0.6000000000000001,0.30000000000000004,808.90014,523.5367699999999,714.19017,2046.6270799999998
994,5A,Buffalo,0.6000000000000001,0.35000000000000003,794.38721,534.11455,721.8859799999999,2050.38774
995,5A,Buffalo,0.6000000000000001,0.45,766.31315,555.11176,737.30927,2058.73418
996,5A,Buffalo,0.6000000000000001,0.4,780.2235000000001,544.6289899999999,729.6134599999999,2054.46595
997,5A,Buffalo,0.6000000000000001,0.55,739.33925,576.10897,751.0857199999999,2066.53394
998,5A,Buffalo,0.6000000000000001,0.5,752.8045199999999,565.7212099999999,745.00508,2063.5308099999997
999,5A,Buffalo,0.6000000000000001,0.6000000000000001,726.2431799999999,586.97178,758.84487,2072.0598299999997
1000,5A,Buffalo,0.6000000000000001,0.65,713.4538200000001,597.86626,767.11074,2078.43082
1001,5A,Buffalo,0.6000000000000001,0.7000000000000001,701.01368,608.72907,774.6482,2084.39095
1002,5A,Buffalo,0.6000000000000001,0.75,688.8268999999999,619.75023,782.50236,2091.07949
1003,5A,Buffalo,0.6000000000000001,0.8500000000000001,665.3426499999999,641.7608799999999,798.084,2105.1875299999997
1004,5A,Buffalo,0.6000000000000001,0.8,676.9685099999999,630.6763799999999,790.1664999999999,2097.81139
1005,5A,Buffalo,0.6000000000000001,0.9500000000000001,644.03789,663.04312,812.68387,2119.7648799999997
1006,5A,Buffalo,0.6000000000000001,0.9,654.06601,652.8137099999999,805.6848,2112.56452
1007,5A,Buffalo,0.65,0.01,930.3020299999998,453.73609,665.41837,2049.4564899999996
1008,5A,Buffalo,0.65,0.15000000000000002,876.1733499999998,488.09803999999997,691.7994799999999,2056.0708699999996
1009,5A,Buffalo,0.65,0.1,894.5901899999999,476.09511000000003,682.2984799999999,2052.9837799999996
1010,5A,Buffalo,0.65,0.25,844.0270399999999,509.82365999999996,707.88784,2061.73854
1011,5A,Buffalo,0.65,0.2,859.91517,498.96085,699.78032,2058.65634
1012,5A,Buffalo,0.65,0.30000000000000004,828.67815,520.6548,715.9636899999999,2065.29664
1013,5A,Buffalo,0.65,0.35000000000000003,813.7209899999999,531.4859399999999,723.9762,2069.18313
1014,5A,Buffalo,0.65,0.45,785.10684,552.70484,739.74786,2077.55954
1015,5A,Buffalo,0.65,0.4,799.18638,542.15873,731.92537,2073.27048
1016,5A,Buffalo,0.65,0.55,757.9637499999999,573.48036,753.71433,2085.15844
1017,5A,Buffalo,0.65,0.5,771.3340099999999,563.31429,747.47534,2082.12364
1018,5A,Buffalo,0.65,0.6000000000000001,744.8360099999999,584.18482,761.2517899999999,2090.2726199999997
1019,5A,Buffalo,0.65,0.65,731.3382199999999,595.45934,769.0742799999999,2095.87184
1020,5A,Buffalo,0.65,0.7000000000000001,718.85557,606.03712,776.6117399999999,2101.50443
1021,5A,Buffalo,0.65,0.75,706.5737799999999,617.02661,784.68759,2108.28798
1022,5A,Buffalo,0.65,0.8500000000000001,682.88867,638.94225,799.79418,2121.6250999999997
1023,5A,Buffalo,0.65,0.8,694.57787,627.92109,792.35173,2114.8506899999998
1024,5A,Buffalo,0.65,0.9500000000000001,661.0229899999999,660.38284,814.7424199999999,2136.1482499999997
1025,5A,Buffalo,0.65,0.9,671.432,649.93174,807.6166699999999,2128.98041
1026,5A,Buffalo,0.7000000000000001,0.01,953.3705299999999,449.49231,665.03833,2067.9011699999996
1027,5A,Buffalo,0.7000000000000001,0.15000000000000002,897.3690700000001,484.45599,692.24286,2074.06792
1028,5A,Buffalo,0.7000000000000001,0.1,916.2618100000001,472.29470999999995,682.55184,2071.10836
1029,5A,Buffalo,0.7000000000000001,0.25,863.6992,506.94168999999994,709.4079999999999,2080.04889
1030,5A,Buffalo,0.7000000000000001,0.2,880.3065999999999,495.76217999999994,700.76209,2076.83087
1031,5A,Buffalo,0.7000000000000001,0.30000000000000004,847.6943799999999,518.15287,717.9589,2083.80615
1032,5A,Buffalo,0.7000000000000001,0.35000000000000003,832.31382,529.23737,726.28811,2087.8393
1033,5A,Buffalo,0.7000000000000001,0.45,803.10708,550.6146200000001,742.4081399999999,2096.12984
1034,5A,Buffalo,0.7000000000000001,0.4,817.42999,540.03684,734.4589699999999,2091.9258
1035,5A,Buffalo,0.7000000000000001,0.55,775.78396,571.3267999999999,756.65964,2103.7704
1036,5A,Buffalo,0.7000000000000001,0.5,789.15422,561.25574,750.16729,2100.57725
1037,5A,Buffalo,0.7000000000000001,0.6000000000000001,762.65622,581.90458,764.0704199999999,2108.6312199999998
1038,5A,Buffalo,0.7000000000000001,0.65,748.48167,593.52747,771.92458,2113.93372
1039,5A,Buffalo,0.7000000000000001,0.7000000000000001,736.05237,603.91523,779.082,2119.0496
1040,5A,Buffalo,0.7000000000000001,0.75,723.81309,614.68303,786.3977699999999,2124.89389
1041,5A,Buffalo,0.7000000000000001,0.8500000000000001,699.94795,636.34531,801.50436,2137.79762
1042,5A,Buffalo,0.7000000000000001,0.8,711.71133,625.4191599999999,793.90356,2131.03405
1043,5A,Buffalo,0.7000000000000001,0.9500000000000001,677.50052,657.88091,816.8959799999999,2152.2774099999997
1044,5A,Buffalo,0.7000000000000001,0.9,688.3646,647.3031299999999,809.58021,2145.2479399999997
1045,5A,Buffalo,0.75,0.01,975.84644,445.40687999999994,664.6899599999999,2085.94328
1046,5A,Buffalo,0.75,0.15000000000000002,917.9721999999999,481.1306399999999,692.74958,2091.8524199999997
1047,5A,Buffalo,0.75,0.1,937.3091699999999,468.68433,682.8685399999999,2088.86204
1048,5A,Buffalo,0.75,0.25,882.6095799999999,504.47142999999994,711.1181799999999,2098.19919
1049,5A,Buffalo,0.75,0.2,899.9787599999999,492.88021,701.9338799999999,2094.79285
1050,5A,Buffalo,0.75,0.30000000000000004,865.96966,516.03098,720.1441299999999,2102.14477
1051,5A,Buffalo,0.75,0.35000000000000003,850.07069,527.3371699999999,728.8533799999999,2106.26124
1052,5A,Buffalo,0.75,0.45,820.2821999999999,549.03112,745.35345,2114.66677
1053,5A,Buffalo,0.75,0.4,834.8484799999999,538.42167,737.2459299999999,2110.51608
1054,5A,Buffalo,0.75,0.55,792.74738,569.7433,760.04833,2122.53901
1055,5A,Buffalo,0.75,0.5,806.1601499999999,559.67224,753.14427,2118.9766600000003
1056,5A,Buffalo,0.75,0.6000000000000001,779.68298,580.1310599999999,767.2374199999999,2127.0514599999997
1057,5A,Buffalo,0.75,0.65,764.9166899999999,592.00731,774.99657,2131.92057
1058,5A,Buffalo,0.75,0.7000000000000001,752.5824,602.14171,781.8372899999999,2136.5614
1059,5A,Buffalo,0.75,0.75,740.3856299999999,612.59281,788.93137,2141.90981
1060,5A,Buffalo,0.75,0.8500000000000001,716.4363199999999,634.06507,803.6579199999999,2154.15931
1061,5A,Buffalo,0.75,0.8,728.2521999999999,623.29727,796.31048,2147.85995
1062,5A,Buffalo,0.75,0.9500000000000001,693.8513699999999,655.34731,818.1311099999999,2167.32979
1063,5A,Buffalo,0.75,0.9,704.91631,644.8012,810.9736899999999,2160.6911999999998
1064,5A,Buffalo,0.8500000000000001,0.01,1019.7922599999998,437.5843899999999,663.73986,2121.11651
1065,5A,Buffalo,0.8500000000000001,0.15000000000000002,959.9819,473.27648,692.0845099999999,2125.34289
1066,5A,Buffalo,0.8500000000000001,0.1,979.9223,460.83016999999995,682.07679,2122.82926
1067,5A,Buffalo,0.8500000000000001,0.25,923.0532099999999,496.99730999999997,711.27653,2131.32705
1068,5A,Buffalo,0.8500000000000001,0.2,941.08916,485.24773999999996,701.77553,2128.11243
1069,5A,Buffalo,0.8500000000000001,0.30000000000000004,905.7473699999999,508.68354,720.58751,2135.01842
1070,5A,Buffalo,0.8500000000000001,0.35000000000000003,889.27664,520.05307,729.55012,2138.87983
1071,5A,Buffalo,0.8500000000000001,0.45,858.5146699999999,541.74702,746.3352199999999,2146.5969099999998
1072,5A,Buffalo,0.8500000000000001,0.4,873.56769,531.23258,738.1326899999999,2142.93296
1073,5A,Buffalo,0.8500000000000001,0.55,830.00637,562.68089,761.6635,2154.35076
1074,5A,Buffalo,0.8500000000000001,0.5,843.9909,552.3881399999999,754.1893799999999,2150.5684199999996
1075,5A,Buffalo,0.8500000000000001,0.6000000000000001,816.6569399999998,572.8786299999999,768.75758,2158.2931499999995
1076,5A,Buffalo,0.8500000000000001,0.65,800.9388499999999,585.16659,776.5483999999999,2162.65384
1077,5A,Buffalo,0.8500000000000001,0.7000000000000001,788.3828699999999,595.11097,783.16743,2166.6612699999996
1078,5A,Buffalo,0.8500000000000001,0.75,775.9744000000001,605.3087099999999,790.0714899999999,2171.3545999999997
1079,5A,Buffalo,0.8500000000000001,0.8500000000000001,751.5383499999999,626.55928,804.54468,2182.6423099999997
1080,5A,Buffalo,0.8500000000000001,0.8,763.57677,615.88649,797.3239199999999,2176.78718
1081,5A,Buffalo,0.8500000000000001,0.9500000000000001,728.4141599999999,647.4614799999999,818.85952,2194.7351599999997
1082,5A,Buffalo,0.8500000000000001,0.9,739.78581,637.0103799999999,811.67043,2188.46662
1083,5A,Buffalo,0.8,0.01,998.2056599999999,441.35312,664.15157,2103.71035
1084,5A,Buffalo,0.8,0.15000000000000002,939.718,476.85518999999994,692.33787,2108.91106
1085,5A,Buffalo,0.8,0.1,959.26667,464.47221999999994,682.4251599999999,2106.16405
1086,5A,Buffalo,0.8,0.25,903.3285499999998,500.51267999999993,711.40321,2115.2444399999995
1087,5A,Buffalo,0.8,0.2,921.1636400000001,488.73143999999996,701.9338799999999,2111.82896
1088,5A,Buffalo,0.8,0.30000000000000004,886.2660799999999,512.23058,720.68252,2119.1791799999996
1089,5A,Buffalo,0.8,0.35000000000000003,870.00705,523.6634499999999,729.6134599999999,2123.2839599999998
1090,5A,Buffalo,0.8,0.45,839.6259699999999,545.48408,746.4302299999999,2131.5402799999997
1091,5A,Buffalo,0.8,0.4,854.46729,534.8746299999999,738.19603,2127.53795
1092,5A,Buffalo,0.8,0.55,811.3610399999999,566.6079699999999,761.85352,2139.82253
1093,5A,Buffalo,0.8,0.5,825.1972099999999,556.18854,754.31606,2135.70181
1094,5A,Buffalo,0.8,0.6000000000000001,798.0641099999999,576.90072,769.0109399999999,2143.97577
1095,5A,Buffalo,0.8,0.65,782.5260499999999,589.25202,776.89677,2148.6748399999997
1096,5A,Buffalo,0.8,0.7000000000000001,769.9592299999999,599.4814299999999,783.64248,2153.0831399999997
1097,5A,Buffalo,0.8,0.75,757.59327,609.8375199999999,790.6098799999999,2158.04067
1098,5A,Buffalo,0.8,0.8500000000000001,733.32641,631.27811,805.0514,2169.6559199999997
1099,5A,Buffalo,0.8,0.8,745.2798099999999,620.51031,797.98899,2163.77911
1100,5A,Buffalo,0.8,0.9500000000000001,710.33974,652.5286799999999,819.5562599999998,2182.4246799999996
1101,5A,Buffalo,0.8,0.9,721.7113899999999,641.9508999999999,812.30383,2175.9661199999996
1102,5A,Buffalo,0.9500000000000001,0.01,1061.5585899999999,430.61699,662.75809,2154.93367
1103,5A,Buffalo,0.9500000000000001,0.15000000000000002,998.93364,466.72078999999997,692.21119,2157.86562
1104,5A,Buffalo,0.9500000000000001,0.1,1019.6991600000001,454.24281,681.9184399999999,2155.8604100000002
1105,5A,Buffalo,0.9500000000000001,0.25,960.85144,490.63163999999995,711.65657,2163.13965
1106,5A,Buffalo,0.9500000000000001,0.2,979.4374699999998,478.78706,702.09223,2160.3167599999997
1107,5A,Buffalo,0.9500000000000001,0.30000000000000004,943.02719,502.28619999999995,721.06256,2166.37595
1108,5A,Buffalo,0.9500000000000001,0.35000000000000003,926.15474,513.56072,730.05684,2169.7722999999996
1109,5A,Buffalo,0.9500000000000001,0.45,894.8743599999998,535.1596599999999,746.81027,2176.8442899999995
1110,5A,Buffalo,0.9500000000000001,0.4,910.1390799999998,524.64522,738.6394099999999,2173.4237099999996
1111,5A,Buffalo,0.9500000000000001,0.55,865.89016,555.6501499999999,761.9802,2183.52051
1112,5A,Buffalo,0.9500000000000001,0.5,880.0330399999999,545.57909,754.60109,2180.21322
1113,5A,Buffalo,0.9500000000000001,0.6000000000000001,852.3923699999999,565.46785,768.9159299999999,2186.7761499999997
1114,5A,Buffalo,0.9500000000000001,0.65,836.45259,577.53412,776.5167299999999,2190.50344
1115,5A,Buffalo,0.9500000000000001,0.7000000000000001,823.88577,587.1934699999999,782.9140699999999,2193.99331
1116,5A,Buffalo,0.9500000000000001,0.75,811.43564,596.9794999999999,789.5331,2197.94824
1117,5A,Buffalo,0.9500000000000001,0.8500000000000001,786.78789,617.5649999999999,803.6262499999999,2207.97914
1118,5A,Buffalo,0.9500000000000001,0.8,798.92132,607.33559,796.62718,2202.88409
1119,5A,Buffalo,0.9500000000000001,0.9500000000000001,763.49451,637.9921499999999,817.46604,2218.9527
1120,5A,Buffalo,0.9500000000000001,0.9,775.0036799999999,627.82608,810.5936499999999,2213.42341
1121,5A,Buffalo,0.9,0.01,1040.90296,434.03735,663.35982,2138.30013
1122,5A,Buffalo,0.9,0.15000000000000002,979.69572,469.82444999999996,692.11618,2141.6363499999998
1123,5A,Buffalo,0.9,0.1,1000.0486799999999,457.44147999999996,681.98178,2139.47194
1124,5A,Buffalo,0.9,0.25,942.20611,493.76696999999996,711.4348799999999,2147.40796
1125,5A,Buffalo,0.9,0.2,960.5596099999998,481.95405999999997,701.90221,2144.4158799999996
1126,5A,Buffalo,0.9,0.30000000000000004,924.6252299999999,505.42152999999996,720.77753,2150.8242899999996
1127,5A,Buffalo,0.9,0.35000000000000003,907.9961500000001,516.69605,729.77181,2154.4640099999997
1128,5A,Buffalo,0.9,0.45,876.92747,538.29499,746.5252399999999,2161.7477
1129,5A,Buffalo,0.9,0.4,892.10717,527.8122199999999,738.3543799999999,2158.27377
1130,5A,Buffalo,0.9,0.55,848.1757999999999,559.10218,761.79018,2169.06816
1131,5A,Buffalo,0.9,0.5,862.2553399999999,548.87277,754.3793999999999,2165.50751
1132,5A,Buffalo,0.9,0.6000000000000001,834.7521899999999,569.07823,768.8209199999999,2172.6513399999994
1133,5A,Buffalo,0.9,0.65,818.93909,581.27118,776.5167299999999,2176.727
1134,5A,Buffalo,0.9,0.7000000000000001,806.3514399999999,591.02554,783.00908,2180.38606
1135,5A,Buffalo,0.9,0.75,793.9221399999999,601.0649299999999,789.7864599999999,2184.7735299999995
1136,5A,Buffalo,0.9,0.8500000000000001,769.33773,621.9354599999999,804.06963,2195.34282
1137,5A,Buffalo,0.9,0.8,781.4711599999999,611.51603,796.9438799999999,2189.9310699999996
1138,5A,Buffalo,0.9,0.9500000000000001,746.1393599999999,642.6476399999999,818.1627799999999,2206.94978
1139,5A,Buffalo,0.9,0.9,757.58519,632.29155,811.13204,2201.00878
1140,5B,Denver,0.01,0.01,279.42267,632.98829,886.2216099999999,1798.6325699999998
1141,5B,Denver,0.01,0.15000000000000002,251.55754,682.0134499999999,915.16799,1848.73898
1142,5B,Denver,0.01,0.1,260.85618999999997,664.3099199999999,904.4952000000001,1829.66131
1143,5B,Denver,0.01,0.25,235.37969999999996,715.23528,934.07498,1884.68996
1144,5B,Denver,0.01,0.2,243.199,698.51352,924.5739799999999,1866.2865
1145,5B,Denver,0.01,0.30000000000000004,227.96212,731.95704,943.6393199999999,1903.55848
1146,5B,Denver,0.01,0.35000000000000003,220.98877000000002,748.90049,953.20366,1923.09292
1147,5B,Denver,0.01,0.45,206.95789999999997,785.47934,972.7440499999999,1965.18129
1148,5B,Denver,0.01,0.4,213.88873999999998,766.8573799999999,962.8313399999998,1943.5774599999997
1149,5B,Denver,0.01,0.55,194.96645,821.0764199999999,992.60114,2008.64401
1150,5B,Denver,0.01,0.5,200.80882,803.2145399999999,982.6567599999998,1986.6801199999998
1151,5B,Denver,0.01,0.6000000000000001,189.40911,838.90663,1002.57719,2030.89293
1152,5B,Denver,0.01,0.65,184.12680999999998,856.89519,1012.5532400000001,2053.57524
1153,5B,Denver,0.01,0.7000000000000001,179.10870999999997,874.9787599999999,1022.52929,2076.61676
1154,5B,Denver,0.01,0.75,174.29147,893.1573399999999,1032.5370099999998,2099.98582
1155,5B,Denver,0.01,0.8500000000000001,165.26955999999998,929.45116,1052.55245,2147.27317
1156,5B,Denver,0.01,0.8,169.69592,911.1775699999998,1042.5447299999998,2123.4182199999996
1157,5B,Denver,0.01,0.9500000000000001,157.05108999999996,965.8399900000001,1072.5995599999999,2195.49064
1158,5B,Denver,0.01,0.9,161.07573,947.66141,1062.56017,2171.29731
1159,5B,Denver,0.05,0.01,296.64561999999995,623.70898,885.68322,1806.03782
1160,5B,Denver,0.05,0.15000000000000002,267.15193,672.51245,914.7246099999999,1854.38899
1161,5B,Denver,0.05,0.1,276.98982,654.80892,904.02015,1835.81889
1162,5B,Denver,0.05,0.25,250.15980999999996,705.3225699999999,933.5682599999999,1889.05064
1163,5B,Denver,0.05,0.2,258.39167,688.85417,924.09893,1871.34477
1164,5B,Denver,0.05,0.30000000000000004,242.37218,721.9809899999999,943.1009300000001,1907.4541
1165,5B,Denver,0.05,0.35000000000000003,234.99711000000002,738.76609,952.6336,1926.3968
1166,5B,Denver,0.05,0.45,220.23697999999996,775.02824,972.1106499999999,1967.3758699999998
1167,5B,Denver,0.05,0.4,227.52703,756.56463,962.2296099999999,1946.32127
1168,5B,Denver,0.05,0.55,207.57960999999997,810.34029,991.9360699999999,2009.8559699999998
1169,5B,Denver,0.05,0.5,213.72869,792.63676,982.0233599999999,1988.38881
1170,5B,Denver,0.05,0.6000000000000001,201.69473,828.0754900000001,1001.8487799999998,2031.619
1171,5B,Denver,0.05,0.65,196.11656000000002,845.9057,1011.82483,2053.84709
1172,5B,Denver,0.05,0.7000000000000001,190.79175,863.8309199999999,1021.7692099999999,2076.39188
1173,5B,Denver,0.05,0.75,185.71030999999996,881.91449,1031.7135899999998,2099.33839
1174,5B,Denver,0.05,0.8500000000000001,176.20251,917.8916099999999,1051.6656899999998,2145.7598099999996
1175,5B,Denver,0.05,0.8,180.85055999999997,899.83971,1041.68964,2122.37991
1176,5B,Denver,0.05,0.9500000000000001,167.48730999999998,954.1220899999998,1071.6494599999999,2193.25886
1177,5B,Denver,0.05,0.9,171.74447999999998,936.0701899999999,1061.64174,2169.45641
1178,5B,Denver,0.15000000000000002,0.01,339.06172999999995,603.12348,884.4797599999998,1826.6649699999998
1179,5B,Denver,0.15000000000000002,0.15000000000000002,305.6449999999999,651.38856,913.86952,1870.9030799999998
1180,5B,Denver,0.15000000000000002,0.1,316.80474,633.90672,903.0700499999999,1853.7815099999998
1181,5B,Denver,0.15000000000000002,0.25,286.6751,683.4386,932.5548199999998,1902.6685199999997
1182,5B,Denver,0.15000000000000002,0.2,295.89043,667.31857,923.14883,1886.35783
1183,5B,Denver,0.15000000000000002,0.30000000000000004,277.97817999999995,699.68531,941.9924799999999,1919.6559699999998
1184,5B,Denver,0.15000000000000002,0.35000000000000003,269.74631999999997,716.09037,951.46181,1937.2984999999999
1185,5B,Denver,0.15000000000000002,0.45,253.19927999999996,751.8457999999999,970.81218,1975.8572599999998
1186,5B,Denver,0.15000000000000002,0.4,261.36695,733.6672199999999,960.99448,1956.0286499999997
1187,5B,Denver,0.15000000000000002,0.55,238.9667,786.3977699999999,990.5109199999999,2015.87539
1188,5B,Denver,0.15000000000000002,0.5,245.91921999999997,769.13762,980.6615499999999,1995.71839
1189,5B,Denver,0.15000000000000002,0.6000000000000001,232.35255999999998,803.8479399999999,1000.36029,2036.56079
1190,5B,Denver,0.15000000000000002,0.65,226.07680000000002,821.36145,1010.20966,2057.6479099999997
1191,5B,Denver,0.15000000000000002,0.7000000000000001,220.0544,838.90663,1020.0907,2079.05173
1192,5B,Denver,0.15000000000000002,0.75,214.30703999999997,856.57849,1029.97174,2100.85727
1193,5B,Denver,0.15000000000000002,0.8500000000000001,203.53073999999998,892.08056,1049.73382,2145.34512
1194,5B,Denver,0.15000000000000002,0.8,208.79220999999998,874.3453599999999,1039.85278,2122.99035
1195,5B,Denver,0.15000000000000002,0.9500000000000001,193.65288999999999,927.67764,1069.52757,2190.8581
1196,5B,Denver,0.15000000000000002,0.9,198.48097,909.8157599999998,1059.6465299999998,2167.9432599999996
1197,5B,Denver,0.1,0.01,318.0116,613.00452,885.0181499999999,1816.0342699999999
1198,5B,Denver,0.1,0.15000000000000002,286.5193,661.5229599999999,914.24956,1862.29182
1199,5B,Denver,0.1,0.1,297.04479000000003,643.8827699999999,903.51343,1844.44099
1200,5B,Denver,0.1,0.25,268.54371,693.95304,933.02987,1895.52662
1201,5B,Denver,0.1,0.2,277.25147,677.6746599999999,923.5922099999999,1878.5183399999996
1202,5B,Denver,0.1,0.30000000000000004,260.28018,710.32643,942.4992,1913.10581
1203,5B,Denver,0.1,0.35000000000000003,252.46087999999997,726.95318,952.0002000000001,1931.41426
1204,5B,Denver,0.1,0.45,236.79145999999997,763.02531,971.44558,1971.26235
1205,5B,Denver,0.1,0.4,244.55740999999998,744.65671,961.56454,1950.77866
1206,5B,Denver,0.1,0.55,223.34148999999996,797.8939799999999,991.1759900000001,2012.4114599999998
1207,5B,Denver,0.1,0.5,229.88144999999997,780.4121399999999,981.29495,1991.5885399999997
1208,5B,Denver,0.1,0.6000000000000001,217.08656,815.5658399999999,1001.0570299999998,2033.7094299999999
1209,5B,Denver,0.1,0.65,211.13833999999994,833.1110199999999,1010.96974,2055.2191
1210,5B,Denver,0.1,0.7000000000000001,205.46515999999997,850.87789,1020.8824500000001,2077.2255
1211,5B,Denver,0.1,0.75,200.04533999999998,868.77144,1030.79516,2099.61194
1212,5B,Denver,0.1,0.8500000000000001,189.87161999999998,904.4635299999999,1050.6522499999999,2144.9874
1213,5B,Denver,0.1,0.8,194.85805,886.66499,1040.73954,2122.26258
1214,5B,Denver,0.1,0.9500000000000001,180.58551,940.4723199999999,1070.54101,2191.5988399999997
1215,5B,Denver,0.1,0.9,185.14939,922.4204199999999,1060.59663,2168.16644
1216,5B,Denver,0.25,0.01,380.33113,585.41995,883.52966,1849.2807400000002
1217,5B,Denver,0.25,0.15000000000000002,343.29722,633.4,913.3311299999999,1890.02835
1218,5B,Denver,0.25,0.1,355.71547,616.07651,902.37331,1874.16529
1219,5B,Denver,0.25,0.25,322.45539,664.6899599999999,931.82641,1918.97176
1220,5B,Denver,0.25,0.2,332.62251999999995,648.88663,922.5471,1904.0562499999999
1221,5B,Denver,0.25,0.30000000000000004,312.92251,680.5883,941.2007299999999,1934.7115399999998
1222,5B,Denver,0.25,0.35000000000000003,303.86553,696.6133199999999,950.60672,1951.08557
1223,5B,Denver,0.25,0.45,285.59492,731.86203,969.86208,1987.31903
1224,5B,Denver,0.25,0.4,294.64021,713.81013,960.0760499999999,1968.52639
1225,5B,Denver,0.25,0.55,269.94548,765.81227,989.3707999999999,2025.12855
1226,5B,Denver,0.25,0.5,277.56392,748.80548,979.5847699999999,2005.95417
1227,5B,Denver,0.25,0.6000000000000001,262.65457999999995,782.8824,999.1885,2044.7254799999998
1228,5B,Denver,0.25,0.65,255.73372999999998,800.07921,1008.9745299999998,2064.7874699999998
1229,5B,Denver,0.25,0.7000000000000001,249.04540999999998,817.3393599999999,1018.7605599999999,2085.14533
1230,5B,Denver,0.25,0.75,242.68462999999997,834.63118,1028.5782599999998,2105.89407
1231,5B,Denver,0.25,0.8500000000000001,230.77734999999996,869.5948599999999,1048.11865,2148.49086
1232,5B,Denver,0.25,0.8,236.59888999999995,852.11302,1038.36429,2127.0762
1233,5B,Denver,0.25,0.9500000000000001,219.80018999999996,904.52687,1067.6907099999999,2192.01777
1234,5B,Denver,0.25,0.9,225.15666999999996,887.0767000000001,1057.90468,2170.13805
1235,5B,Denver,0.2,0.01,359.83851999999996,593.93918,884.0047099999999,1837.7824099999998
1236,5B,Denver,0.2,0.15000000000000002,324.54986,642.01424,913.5844900000001,1880.1485900000002
1237,5B,Denver,0.2,0.1,336.35468999999995,624.65908,902.6900099999999,1863.7037799999998
1238,5B,Denver,0.2,0.25,304.65983,673.7159099999999,932.1431099999999,1910.51885
1239,5B,Denver,0.2,0.2,314.35105999999996,657.8175699999999,922.8004599999999,1894.9690899999998
1240,5B,Denver,0.2,0.30000000000000004,295.53950999999995,689.80427,941.5807699999999,1926.9245499999997
1241,5B,Denver,0.2,0.35000000000000003,286.87426,705.9243,950.9867599999999,1943.78532
1242,5B,Denver,0.2,0.45,269.43875999999995,741.45804,970.3054599999999,1981.20226
1243,5B,Denver,0.2,0.4,278.08232999999996,723.37447,960.4877599999999,1961.94456
1244,5B,Denver,0.2,0.55,254.50859,775.6616399999999,989.90919,2020.07942
1245,5B,Denver,0.2,0.5,261.78865,758.65485,980.09149,2000.53499
1246,5B,Denver,0.2,0.6000000000000001,247.55606999999998,792.9851299999999,999.72689,2040.26809
1247,5B,Denver,0.2,0.65,240.94192999999999,810.37196,1009.5445899999999,2060.85848
1248,5B,Denver,0.2,0.7000000000000001,234.58115,827.72712,1019.3939599999999,2081.70223
1249,5B,Denver,0.2,0.75,228.53791999999999,845.2089599999999,1029.24333,2102.99021
1250,5B,Denver,0.2,0.8500000000000001,217.15903999999998,880.4576699999999,1048.9104,2146.52711
1251,5B,Denver,0.2,0.8,222.71638,862.8491499999999,1039.0610299999998,2124.6265599999997
1252,5B,Denver,0.2,0.9500000000000001,206.71027999999998,915.7380499999999,1068.57747,2191.0258
1253,5B,Denver,0.2,0.9,211.83423,898.0978599999999,1058.7281,2168.6601899999996
1254,5B,Denver,0.30000000000000004,0.01,400.59290999999996,577.28076,883.1179500000001,1860.99162
1255,5B,Denver,0.30000000000000004,0.15000000000000002,361.57038,625.7041899999999,913.5528199999999,1900.82739
1256,5B,Denver,0.30000000000000004,0.1,374.60204999999996,608.25402,902.34164,1885.19771
1257,5B,Denver,0.30000000000000004,0.25,339.20583999999997,657.84924,932.83985,1929.89493
1258,5B,Denver,0.30000000000000004,0.2,350.0814,641.66587,923.14883,1914.8961
1259,5B,Denver,0.30000000000000004,0.30000000000000004,329.13372,673.9376,942.56254,1945.63386
1260,5B,Denver,0.30000000000000004,0.35000000000000003,319.44249,690.406,952.3485699999999,1962.19706
1261,5B,Denver,0.30000000000000004,0.45,301.55107,723.5011499999999,971.9522999999999,1997.00452
1262,5B,Denver,0.30000000000000004,0.4,310.2905,706.93774,962.1346,1979.3628399999998
1263,5B,Denver,0.30000000000000004,0.55,285.28820999999994,756.5012899999999,988.9274199999999,2030.7169199999998
1264,5B,Denver,0.30000000000000004,0.5,293.2767,740.25458,981.73833,2015.2696100000003
1265,5B,Denver,0.30000000000000004,0.6000000000000001,277.69059999999996,773.41307,998.6817799999999,2049.78545
1266,5B,Denver,0.30000000000000004,0.65,270.3997,790.3881899999999,1008.43614,2069.22403
1267,5B,Denver,0.30000000000000004,0.7000000000000001,263.46801,807.55333,1018.1904999999999,2089.21184
1268,5B,Denver,0.30000000000000004,0.75,256.81136,824.78181,1027.9448599999998,2109.5380299999997
1269,5B,Denver,0.30000000000000004,0.8500000000000001,244.29066,859.3337799999998,1047.4535799999999,2151.07802
1270,5B,Denver,0.30000000000000004,0.8,250.41890999999998,842.0102899999999,1037.69922,2130.12842
1271,5B,Denver,0.30000000000000004,0.9500000000000001,232.86926999999997,893.8857499999999,1066.80395,2193.55897
1272,5B,Denver,0.30000000000000004,0.9,238.42660999999998,876.7206099999999,1057.17627,2172.3234899999998
1273,5B,Denver,0.35000000000000003,0.01,420.53883999999994,569.83831,882.73791,1873.11506
1274,5B,Denver,0.35000000000000003,0.15000000000000002,379.77020999999996,618.2617399999999,913.42614,1911.4580899999999
1275,5B,Denver,0.35000000000000003,0.1,393.3628,600.81157,902.11995,1896.29432
1276,5B,Denver,0.35000000000000003,0.25,356.61222,650.05842,932.64983,1939.32047
1277,5B,Denver,0.35000000000000003,0.2,367.86867,634.0333999999999,922.9904799999999,1924.8925499999998
1278,5B,Denver,0.35000000000000003,0.30000000000000004,346.09586999999993,665.9567599999999,942.30918,1954.3618099999999
1279,5B,Denver,0.35000000000000003,0.35000000000000003,336.02374999999995,682.26681,952.06354,1970.3541
1280,5B,Denver,0.35000000000000003,0.45,317.44473,715.04526,971.6356,2004.12559
1281,5B,Denver,0.35000000000000003,0.4,326.50171,698.57686,961.8495699999999,1986.92814
1282,5B,Denver,0.35000000000000003,0.55,300.46259999999995,747.7920399999999,988.5473799999999,2036.8020199999996
1283,5B,Denver,0.35000000000000003,0.5,308.83198,731.60867,981.38996,2021.83061
1284,5B,Denver,0.35000000000000003,0.6000000000000001,292.55827999999997,764.5454699999999,998.2700699999999,2055.37382
1285,5B,Denver,0.35000000000000003,0.65,284.99233999999996,781.42558,1007.9927599999999,2074.41068
1286,5B,Denver,0.35000000000000003,0.7000000000000001,277.76478,798.36903,1017.71545,2093.84926
1287,5B,Denver,0.35000000000000003,0.75,270.83308999999997,815.43916,1027.43814,2113.71039
1288,5B,Denver,0.35000000000000003,0.8500000000000001,257.80481999999995,849.73777,1046.82018,2154.3627699999997
1289,5B,Denver,0.35000000000000003,0.8,264.19727,832.5409599999999,1037.12916,2133.86739
1290,5B,Denver,0.35000000000000003,0.9500000000000001,245.87586,883.8780299999999,1065.9805299999998,2195.73442
1291,5B,Denver,0.35000000000000003,0.9,251.66573000000002,866.96625,1056.5112,2175.14318
1292,5B,Denver,0.45,0.01,459.36645999999996,556.31522,882.1678499999999,1897.84953
1293,5B,Denver,0.45,0.15000000000000002,415.32816999999994,604.7069799999999,913.3627999999999,1933.3979499999998
1294,5B,Denver,0.45,0.1,430.00009,587.1618,901.8032499999999,1918.9651399999998
1295,5B,Denver,0.45,0.25,390.63577999999995,635.8702599999999,932.4914799999999,1958.9975199999997
1296,5B,Denver,0.45,0.2,402.65400999999997,620.16194,922.89547,1945.71142
1297,5B,Denver,0.45,0.30000000000000004,379.42098999999996,651.4518999999999,942.11916,1972.9920499999998
1298,5B,Denver,0.45,0.35000000000000003,368.6821,667.44525,951.7468399999999,1987.87419
1299,5B,Denver,0.45,0.45,348.70619999999997,699.6536399999999,971.1605499999998,2019.5203899999997
1300,5B,Denver,0.45,0.4,358.45078,683.50194,961.4378599999999,2003.3905799999998
1301,5B,Denver,0.45,0.55,330.42305,731.83036,988.00899,2050.2624
1302,5B,Denver,0.45,0.5,339.43752,715.90035,980.88324,2036.22111
1303,5B,Denver,0.45,0.6000000000000001,321.90531,748.42544,997.6366699999999,2067.96742
1304,5B,Denver,0.45,0.65,313.75762,765.0205199999999,1007.29602,2086.07416
1305,5B,Denver,0.45,0.7000000000000001,305.97998,781.6156,1016.9237,2104.51928
1306,5B,Denver,0.45,0.75,298.49821,798.4006999999999,1026.51971,2123.41862
1307,5B,Denver,0.45,0.8500000000000001,284.48646999999994,832.12925,1045.7433999999998,2162.3591199999996
1308,5B,Denver,0.45,0.8,291.36566,815.21747,1036.14739,2142.73052
1309,5B,Denver,0.45,0.9500000000000001,271.80656999999997,865.38275,1064.4920399999999,2201.6813599999996
1310,5B,Denver,0.45,0.9,277.88232,849.0727,1055.37108,2182.3261
1311,5B,Denver,0.4,0.01,440.12640999999996,562.87091,882.35787,1885.35519
1312,5B,Denver,0.4,0.15000000000000002,397.69669999999996,611.26267,913.3627999999999,1922.32217
1313,5B,Denver,0.4,0.1,411.85020999999995,593.78083,901.9616,1907.5926399999998
1314,5B,Denver,0.4,0.25,373.76609,642.7426499999999,932.5548199999998,1949.0635599999998
1315,5B,Denver,0.4,0.2,385.38259999999997,626.84431,922.92714,1935.1540499999999
1316,5B,Denver,0.4,0.30000000000000004,362.90052,658.48264,942.1824999999999,1963.5656599999998
1317,5B,Denver,0.4,0.35000000000000003,352.47917999999993,674.5709999999999,951.87352,1978.9236999999998
1318,5B,Denver,0.4,0.45,333.17005,707.12776,971.3505699999998,2011.6483799999999
1319,5B,Denver,0.4,0.4,342.57624999999996,690.8493799999999,961.6278799999999,1995.0535099999997
1320,5B,Denver,0.4,0.55,315.51116,739.5578399999999,988.26235,2043.33135
1321,5B,Denver,0.4,0.5,324.21892,723.46948,981.1365999999999,2028.8249999999998
1322,5B,Denver,0.4,0.6000000000000001,307.30012999999997,756.2479299999999,997.9217,2061.46976
1323,5B,Denver,0.4,0.65,299.45914999999997,773.0330299999999,1007.5810499999999,2080.07323
1324,5B,Denver,0.4,0.7000000000000001,291.92488,789.75479,1017.2720699999999,2098.95174
1325,5B,Denver,0.4,0.75,284.71815,806.6348999999999,1026.96309,2118.31614
1326,5B,Denver,0.4,0.8500000000000001,271.18231,840.6801499999999,1046.25012,2158.11258
1327,5B,Denver,0.4,0.8,277.81813,823.6733599999999,1036.59077,2138.08226
1328,5B,Denver,0.4,0.9500000000000001,258.84078999999997,874.4087000000001,1065.2521199999999,2198.5016100000003
1329,5B,Denver,0.4,0.9,264.81068999999997,857.78195,1055.90947,2178.5021100000004
1330,5B,Denver,0.55,0.01,497.02569,544.02726,880.55268,1921.60563
1331,5B,Denver,0.55,0.15000000000000002,449.6218799999999,592.76739,913.6795,1956.0687699999999
1332,5B,Denver,0.55,0.1,465.3523,575.2538799999999,901.92993,1942.5361099999998
1333,5B,Denver,0.55,0.25,423.57427,623.39228,932.7448399999998,1979.71139
1334,5B,Denver,0.55,0.2,436.23843999999997,608.03233,923.1804999999999,1967.45127
1335,5B,Denver,0.55,0.30000000000000004,411.69271,638.7522299999999,942.30918,1992.7541199999998
1336,5B,Denver,0.55,0.35000000000000003,400.32955999999996,654.33387,951.7468399999999,2006.4102699999999
1337,5B,Denver,0.55,0.45,379.15764,686.0988799999999,970.9705299999998,2036.2270499999997
1338,5B,Denver,0.55,0.4,389.50565,670.1371999999999,961.34285,2020.9857
1339,5B,Denver,0.55,0.55,359.6468,717.76888,987.7239599999999,2065.13964
1340,5B,Denver,0.55,0.5,369.29637,701.99722,980.5982099999999,2051.8918
1341,5B,Denver,0.55,0.6000000000000001,350.56813999999997,734.0789299999999,997.2566299999999,2081.9037
1342,5B,Denver,0.55,0.65,341.90204,750.4206499999999,1006.82097,2099.1436599999997
1343,5B,Denver,0.55,0.7000000000000001,333.61683,766.76237,1016.38531,2116.76451
1344,5B,Denver,0.55,0.75,325.65915999999993,783.1991,1025.91798,2134.77624
1345,5B,Denver,0.55,0.8500000000000001,310.68478,816.4526,1044.88831,2172.02569
1346,5B,Denver,0.55,0.8,317.99735999999996,799.7625099999999,1035.41898,2153.17885
1347,5B,Denver,0.55,0.9500000000000001,297.36978,848.5976499999999,1063.1618999999998,2209.1293299999998
1348,5B,Denver,0.55,0.9,303.65722999999997,833.1110199999999,1054.38931,2191.1575599999996
1349,5B,Denver,0.5,0.01,478.32232999999997,550.1079,881.8828199999999,1910.3130499999997
1350,5B,Denver,0.5,0.15000000000000002,432.63295,598.53133,913.5528199999999,1944.7170999999998
1351,5B,Denver,0.5,0.1,447.83412,581.08116,901.8665899999999,1930.7818699999998
1352,5B,Denver,0.5,0.25,407.23127999999997,629.3779099999999,932.5231499999999,1969.1323399999997
1353,5B,Denver,0.5,0.2,419.60956999999996,613.8912799999999,922.92714,1956.42799
1354,5B,Denver,0.5,0.30000000000000004,395.69893999999994,644.89621,942.11916,1982.7143099999998
1355,5B,Denver,0.5,0.35000000000000003,384.62167,660.66787,951.71517,1997.00471
1356,5B,Denver,0.5,0.45,364.05317999999994,692.6229,971.03387,2027.70995
1357,5B,Denver,0.5,0.4,374.0728,676.62955,961.34285,2012.0452
1358,5B,Denver,0.5,0.55,345.13493,724.64127,987.85064,2057.62684
1359,5B,Denver,0.5,0.5,354.46694999999994,708.7429299999999,980.72489,2043.9347699999998
1360,5B,Denver,0.5,0.6000000000000001,336.34214999999995,741.0146599999999,997.4149799999999,2074.77179
1361,5B,Denver,0.5,0.65,327.91941999999995,757.51473,1007.01099,2092.44514
1362,5B,Denver,0.5,0.7000000000000001,319.86674,773.98313,1016.607,2110.45687
1363,5B,Denver,0.5,0.75,312.15243999999996,790.5782099999999,1026.1713399999999,2128.90199
1364,5B,Denver,0.5,0.8500000000000001,297.68562999999995,824.0850699999999,1045.30002,2167.0707199999997
1365,5B,Denver,0.5,0.8,304.73400999999996,807.2683,1035.76735,2147.76966
1366,5B,Denver,0.5,0.9500000000000001,284.62483999999995,856.7368399999999,1063.7952999999998,2205.1569799999997
1367,5B,Denver,0.5,0.9,290.83811,840.8701699999999,1054.8643599999998,2186.5726399999994
1368,5B,Denver,0.6000000000000001,0.01,515.3598499999999,538.45334,880.2359799999999,1934.0491699999998
1369,5B,Denver,0.6000000000000001,0.15000000000000002,466.34746,587.1618,912.79274,1966.3020000000001
1370,5B,Denver,0.6000000000000001,0.1,482.59628999999995,569.5849499999999,900.7264700000001,1952.90771
1371,5B,Denver,0.6000000000000001,0.25,439.54805999999996,617.75502,932.9665299999999,1990.2696099999998
1372,5B,Denver,0.6000000000000001,0.2,452.5614499999999,602.55342,923.4021899999999,1978.5170599999997
1373,5B,Denver,0.6000000000000001,0.30000000000000004,427.4122899999999,632.92495,942.4675299999999,2002.8047699999997
1374,5B,Denver,0.6000000000000001,0.35000000000000003,415.69991999999996,648.50659,952.03187,2016.23838
1375,5B,Denver,0.6000000000000001,0.45,393.99875000000003,679.9549,971.19222,2045.1458699999998
1376,5B,Denver,0.6000000000000001,0.4,404.60096999999996,664.18324,961.5962099999999,2030.3804199999997
1377,5B,Denver,0.6000000000000001,0.55,373.92699,711.40321,987.69229,2073.02249
1378,5B,Denver,0.6000000000000001,0.5,383.88327,695.72656,980.6298799999998,2060.23971
1379,5B,Denver,0.6000000000000001,0.6000000000000001,364.59412,727.55491,997.2249599999999,2089.37399
1380,5B,Denver,0.6000000000000001,0.65,355.69549,743.7382799999999,1006.7259599999999,2106.15973
1381,5B,Denver,0.6000000000000001,0.7000000000000001,347.15607,760.04833,1016.22696,2123.43136
1382,5B,Denver,0.6000000000000001,0.75,338.95502999999997,776.29504,1025.72796,2140.97803
1383,5B,Denver,0.6000000000000001,0.8500000000000001,323.56809,809.20017,1044.6032799999998,2177.3715399999996
1384,5B,Denver,0.6000000000000001,0.8,331.09237,792.66843,1035.16562,2158.92642
1385,5B,Denver,0.6000000000000001,0.9500000000000001,309.97804999999994,840.8385,1062.49683,2213.31338
1386,5B,Denver,0.6000000000000001,0.9,316.33968,825.73191,1054.00927,2196.08086
1387,5B,Denver,0.65,0.01,533.1981299999999,533.1961200000001,879.98262,1946.3768699999998
1388,5B,Denver,0.65,0.15000000000000002,482.20710999999994,582.6646599999999,913.42614,1978.2979099999998
1389,5B,Denver,0.65,0.1,499.01686000000007,565.02447,901.20152,1965.24285
1390,5B,Denver,0.65,0.25,454.0433499999999,614.3029899999999,933.9482999999999,2002.2946399999996
1391,5B,Denver,0.65,0.2,467.73349999999994,598.53133,923.6555499999998,1989.92038
1392,5B,Denver,0.65,0.30000000000000004,441.21997999999996,630.2646699999999,945.3494999999999,2016.8341499999997
1393,5B,Denver,0.65,0.35000000000000003,429.09505,646.13134,955.3255499999999,2030.5519399999998
1394,5B,Denver,0.65,0.45,406.83295999999996,677.83301,974.8659399999999,2059.5319099999997
1395,5B,Denver,0.65,0.4,417.66770999999994,661.96634,965.11158,2044.74563
1396,5B,Denver,0.65,0.55,386.48530999999997,708.9962899999999,991.8727299999999,2087.3543299999997
1397,5B,Denver,0.65,0.5,396.46327,693.573,984.5252899999999,2074.56156
1398,5B,Denver,0.65,0.6000000000000001,377.01491999999996,724.8946299999999,1001.2470499999998,2103.1566
1399,5B,Denver,0.65,0.65,367.49203,741.67973,1010.62137,2119.79313
1400,5B,Denver,0.65,0.7000000000000001,358.84675999999996,757.57807,1019.8373399999999,2136.26217
1401,5B,Denver,0.65,0.75,350.47652999999997,773.60309,1029.11665,2153.19627
1402,5B,Denver,0.65,0.8500000000000001,334.72952999999995,806.3181999999999,1047.77028,2188.81801
1403,5B,Denver,0.65,0.8,342.43384,789.9131399999999,1038.4592999999998,2170.80628
1404,5B,Denver,0.65,0.9500000000000001,320.66358999999994,838.1148799999999,1065.75884,2224.5373099999997
1405,5B,Denver,0.65,0.9,327.33193,822.7232599999999,1057.11293,2207.16812
1406,5B,Denver,0.7000000000000001,0.01,550.6880399999999,528.2556,879.7926,1958.73624
1407,5B,Denver,0.7000000000000001,0.15000000000000002,497.62338,578.64257,914.24956,1990.51551
1408,5B,Denver,0.7000000000000001,0.1,514.99405,560.81236,901.73991,1977.5463200000002
1409,5B,Denver,0.7000000000000001,0.25,467.98940999999996,611.51603,936.22854,2015.73398
1410,5B,Denver,0.7000000000000001,0.2,482.33548999999994,595.17431,925.33406,2002.84386
1411,5B,Denver,0.7000000000000001,0.30000000000000004,454.65847,627.82608,946.933,2029.4175500000001
1412,5B,Denver,0.7000000000000001,0.35000000000000003,442.07847,644.04112,957.3841,2043.50369
1413,5B,Denver,0.7000000000000001,0.45,419.18128,676.24951,978.6663399999999,2074.0971299999997
1414,5B,Denver,0.7000000000000001,0.4,430.27023999999994,660.3195,968.69029,2059.28003
1415,5B,Denver,0.7000000000000001,0.55,398.61109,707.2544399999999,995.98983,2101.85536
1416,5B,Denver,0.7000000000000001,0.5,408.59988999999996,692.05284,988.1673399999999,2088.8200699999998
1417,5B,Denver,0.7000000000000001,0.6000000000000001,389.02401,722.93109,1005.5224999999999,2117.4776
1418,5B,Denver,0.7000000000000001,0.65,378.8877,740.15957,1014.9918299999999,2134.0391
1419,5B,Denver,0.7000000000000001,0.7000000000000001,370.12574,755.70954,1023.8277599999999,2149.66304
1420,5B,Denver,0.7000000000000001,0.75,361.68133,771.41786,1032.82204,2165.92123
1421,5B,Denver,0.7000000000000001,0.8500000000000001,345.69095999999996,803.7212599999999,1051.0322899999999,2200.44451
1422,5B,Denver,0.7000000000000001,0.8,353.53279,787.50622,1041.84799,2182.8869999999997
1423,5B,Denver,0.7000000000000001,0.9500000000000001,331.10661,835.67629,1069.05252,2235.83542
1424,5B,Denver,0.7000000000000001,0.9,338.14500000000004,819.96797,1060.2165899999998,2218.32956
1425,5B,Denver,0.75,0.01,567.81959,523.5684399999999,879.60258,1970.9906099999998
1426,5B,Denver,0.75,0.15000000000000002,512.59627,574.9371799999999,915.23133,2002.76478
1427,5B,Denver,0.75,0.1,530.5278599999999,556.9169499999999,902.4049799999999,1989.8497899999998
1428,5B,Denver,0.75,0.25,481.41790999999995,609.23579,938.8888199999999,2029.5425199999997
1429,5B,Denver,0.75,0.2,496.41991999999993,592.2289999999999,927.2342599999998,2015.8831799999998
1430,5B,Denver,0.75,0.30000000000000004,467.44188,626.2109099999999,950.22668,2043.8794699999999
1431,5B,Denver,0.75,0.35000000000000003,454.48098999999996,642.77432,961.15283,2058.40814
1432,5B,Denver,0.75,0.45,431.08621999999997,675.14106,981.77,2087.99728
1433,5B,Denver,0.75,0.4,442.39772000000005,659.08437,971.6672699999999,2073.14936
1434,5B,Denver,0.75,0.55,410.14513,706.39935,1001.1520399999999,2117.69652
1435,5B,Denver,0.75,0.5,420.26146,690.9443899999999,991.61937,2102.8252199999997
1436,5B,Denver,0.75,0.6000000000000001,400.51553999999993,721.6642899999999,1010.0829799999999,2132.2628099999997
1437,5B,Denver,0.75,0.65,389.87166,739.1144599999999,1019.0772599999999,2148.06338
1438,5B,Denver,0.75,0.7000000000000001,381.09886,754.1893799999999,1027.43814,2162.72638
1439,5B,Denver,0.75,0.75,372.56942999999995,769.5809999999999,1036.4957599999998,2178.6461899999995
1440,5B,Denver,0.75,0.8500000000000001,356.32485,801.5677,1054.54766,2212.4402099999998
1441,5B,Denver,0.75,0.8,364.28336999999993,785.5426799999999,1045.52171,2195.3477599999997
1442,5B,Denver,0.75,0.9500000000000001,341.40211999999997,833.26937,1072.37787,2247.04936
1443,5B,Denver,0.75,0.9,348.68388,817.49771,1063.5419399999998,2229.7235299999998
1444,5B,Denver,0.8500000000000001,0.01,601.53346,514.5424899999999,878.96918,1995.04513
1445,5B,Denver,0.8500000000000001,0.15000000000000002,543.72808,565.9428999999999,915.2946699999999,2024.9656499999996
1446,5B,Denver,0.8500000000000001,0.1,562.50647,547.9226699999999,902.2466299999999,2012.6757699999998
1447,5B,Denver,0.8500000000000001,0.25,510.59191999999996,600.9699199999999,940.31397,2051.87581
1448,5B,Denver,0.8500000000000001,0.2,526.4724,583.58309,928.05768,2038.11317
1449,5B,Denver,0.8500000000000001,0.30000000000000004,495.83243,618.13506,952.09521,2066.0627
1450,5B,Denver,0.8500000000000001,0.35000000000000003,482.19392999999997,634.7934799999999,963.3697299999999,2080.35714
1451,5B,Denver,0.8500000000000001,0.45,457.64565,667.16022,984.3669399999999,2109.17281
1452,5B,Denver,0.8500000000000001,0.4,469.4864,651.16687,974.1375299999999,2094.7907999999998
1453,5B,Denver,0.8500000000000001,0.55,435.72023999999993,698.4501799999999,1003.4322799999999,2137.6027
1454,5B,Denver,0.8500000000000001,0.5,446.3658199999999,682.9318799999999,994.18464,2123.4823399999996
1455,5B,Denver,0.8500000000000001,0.6000000000000001,425.68807999999996,713.33508,1012.1732000000001,2151.19636
1456,5B,Denver,0.8500000000000001,0.65,414.12406999999996,731.35531,1021.0724700000001,2166.55185
1457,5B,Denver,0.8500000000000001,0.7000000000000001,405.05454999999995,745.92351,1029.02164,2179.9997
1458,5B,Denver,0.8500000000000001,0.75,396.23924,760.99843,1037.2875099999999,2194.5251799999996
1459,5B,Denver,0.8500000000000001,0.8500000000000001,379.25371,792.54175,1056.09949,2227.89495
1460,5B,Denver,0.8500000000000001,0.8,387.59312,776.7067499999999,1046.21845,2210.51832
1461,5B,Denver,0.8500000000000001,0.9500000000000001,363.66420999999997,823.8633799999999,1073.9297,2261.45729
1462,5B,Denver,0.8500000000000001,0.9,371.29518999999993,808.1867299999999,1064.7453999999998,2244.2273199999995
1463,5B,Denver,0.8,0.01,584.98281,518.78627,879.22254,1982.99162
1464,5B,Denver,0.8,0.15000000000000002,528.77517,569.8066399999999,914.97797,2013.55978
1465,5B,Denver,0.8,0.1,547.1093299999999,551.9764299999999,902.11995,2001.20571
1466,5B,Denver,0.8,0.25,496.45414,604.8336599999999,939.74391,2041.0317099999997
1467,5B,Denver,0.8,0.2,511.9428899999999,587.54184,927.5826299999999,2027.0673599999998
1468,5B,Denver,0.8,0.30000000000000004,481.98053,622.0621399999999,951.43014,2055.4728099999998
1469,5B,Denver,0.8,0.35000000000000003,468.6387499999999,638.7522299999999,962.67299,2070.06397
1470,5B,Denver,0.8,0.45,444.55637999999993,671.30899,983.70187,2099.56724
1471,5B,Denver,0.8,0.4,456.17458999999997,655.2206299999999,973.44079,2084.83601
1472,5B,Denver,0.8,0.55,422.98019,702.8206399999999,1002.8938899999999,2128.69472
1473,5B,Denver,0.8,0.5,433.44573999999994,687.20733,993.5195699999999,2114.17264
1474,5B,Denver,0.8,0.6000000000000001,413.09638999999993,717.9589,1011.7298199999999,2142.78511
1475,5B,Denver,0.8,0.65,401.70157,736.29583,1021.7692099999999,2159.7666099999997
1476,5B,Denver,0.8,0.7000000000000001,392.68539999999996,751.2123999999999,1030.35178,2174.2495799999997
1477,5B,Denver,0.8,0.75,383.9759399999999,766.44567,1038.61765,2189.0392599999996
1478,5B,Denver,0.8,0.8500000000000001,367.36131,798.27402,1056.54287,2222.1782000000003
1479,5B,Denver,0.8,0.8,375.47818,782.3756799999999,1047.58026,2205.43412
1480,5B,Denver,0.8,0.9500000000000001,351.95183999999995,830.10237,1074.8798,2256.93401
1481,5B,Denver,0.8,0.9,359.4978,814.26737,1065.9805299999998,2239.7457
1482,5B,Denver,0.9500000000000001,0.01,633.75799,506.43496999999996,878.17743,2018.3703899999998
1483,5B,Denver,0.9500000000000001,0.15000000000000002,572.58794,558.62713,915.80139,2047.0164599999998
1484,5B,Denver,0.9500000000000001,0.1,592.35065,540.4168799999999,902.30997,2035.0774999999999
1485,5B,Denver,0.9500000000000001,0.25,537.8956999999999,593.93918,941.35908,2073.1939599999996
1486,5B,Denver,0.9500000000000001,0.2,554.46463,576.52068,928.84943,2059.8347400000002
1487,5B,Denver,0.9500000000000001,0.30000000000000004,522.5436199999999,611.07265,953.3303399999999,2086.94661
1488,5B,Denver,0.9500000000000001,0.35000000000000003,508.34419999999994,627.66773,964.73154,2100.74347
1489,5B,Denver,0.9500000000000001,0.45,483.00162,659.6544299999999,985.72875,2128.3848
1490,5B,Denver,0.9500000000000001,0.4,495.2341,643.9777799999999,975.5310099999998,2114.7428899999995
1491,5B,Denver,0.9500000000000001,0.55,460.41943,690.4376699999999,1004.50906,2155.36616
1492,5B,Denver,0.9500000000000001,0.5,471.31922,675.2044,995.41977,2141.94339
1493,5B,Denver,0.9500000000000001,0.6000000000000001,450.14390000000003,705.0375399999999,1012.99662,2168.1780599999997
1494,5B,Denver,0.9500000000000001,0.65,438.24066000000005,722.64606,1021.6108599999999,2182.4975799999997
1495,5B,Denver,0.9500000000000001,0.7000000000000001,428.99111,736.70754,1029.17999,2194.87864
1496,5B,Denver,0.9500000000000001,0.75,420.00576,751.3074099999999,1037.09749,2208.41066
1497,5B,Denver,0.9500000000000001,0.8500000000000001,402.64932999999996,781.6789399999999,1054.0409399999999,2238.36921
1498,5B,Denver,0.9500000000000001,0.8,411.11627,766.38233,1045.58505,2223.0836499999996
1499,5B,Denver,0.9500000000000001,0.9500000000000001,386.59391999999997,811.9871299999999,1070.95272,2269.53377
1500,5B,Denver,0.9500000000000001,0.9,394.46827,796.88054,1062.5285,2253.87731
1501,5B,Denver,0.9,0.01,617.81991,510.36205,878.43079,2006.6127500000002
1502,5B,Denver,0.9,0.15000000000000002,558.31094,562.20584,915.6747099999999,2036.1914899999997
1503,5B,Denver,0.9,0.1,577.58691,544.0906,902.4366499999999,2024.1141599999999
1504,5B,Denver,0.9,0.25,524.40216,597.39121,940.94737,2062.7407399999997
1505,5B,Denver,0.9,0.2,540.6743700000001,579.90937,928.5643999999999,2049.14814
1506,5B,Denver,0.9,0.30000000000000004,509.32512,614.4930099999999,952.82362,2076.64175
1507,5B,Denver,0.9,0.35000000000000003,495.41157999999996,631.1514299999999,964.16148,2090.7244899999996
1508,5B,Denver,0.9,0.45,470.47156999999993,663.26481,985.1586899999999,2118.8950699999996
1509,5B,Denver,0.9,0.4,482.48150999999996,647.4614799999999,974.96095,2104.90394
1510,5B,Denver,0.9,0.55,448.17526,694.33308,1004.09735,2146.60569
1511,5B,Denver,0.9,0.5,459.00086999999996,678.9414599999999,994.9130499999999,2132.85538
1512,5B,Denver,0.9,0.6000000000000001,438.03725000000003,709.05963,1012.7115899999999,2159.80847
1513,5B,Denver,0.9,0.65,426.29321,726.85817,1021.4525099999998,2174.60389
1514,5B,Denver,0.9,0.7000000000000001,417.14951,741.26802,1029.21166,2187.6291899999997
1515,5B,Denver,0.9,0.75,408.20667,756.0262399999999,1037.31918,2201.55209
1516,5B,Denver,0.9,0.8500000000000001,391.08362,786.93616,1054.57933,2232.59911
1517,5B,Denver,0.9,0.8,399.4547,771.41786,1045.96509,2216.83765
1518,5B,Denver,0.9,0.9500000000000001,375.23990999999995,817.7510699999999,1071.96616,2264.9571399999995
1519,5B,Denver,0.9,0.9,382.97674,802.3594499999999,1063.22524,2248.5614299999997
1520,3B,ElPaso,0.01,0.01,58.67876999999999,1000.55031,844.4488799999999,1903.67796
1521,3B,ElPaso,0.01,0.15000000000000002,50.675399999999996,1055.30774,867.6313199999998,1973.6144599999998
1522,3B,ElPaso,0.01,0.1,53.29402,1035.6723399999998,859.0804199999999,1948.0467799999997
1523,3B,ElPaso,0.01,0.25,46.20908,1091.79158,882.76958,2020.7702400000003
1524,3B,ElPaso,0.01,0.2,48.33097,1073.45465,875.3587999999999,1997.1444199999996
1525,3B,ElPaso,0.01,0.30000000000000004,44.223859999999995,1109.97016,890.2120299999999,2044.40605
1526,3B,ElPaso,0.01,0.35000000000000003,42.38699999999999,1128.21208,897.8444999999999,2068.44358
1527,3B,ElPaso,0.01,0.45,38.649939999999994,1167.95793,913.5844900000001,2120.19236
1528,3B,ElPaso,0.01,0.4,40.486799999999995,1147.75247,905.4452999999999,2093.6845699999994
1529,3B,ElPaso,0.01,0.55,35.546279999999996,1206.05694,929.5778399999999,2171.18106
1530,3B,ElPaso,0.01,0.5,37.02393,1186.95993,921.4703199999999,2145.4541799999997
1531,3B,ElPaso,0.01,0.6000000000000001,34.11029,1225.05894,937.2736499999999,2196.4428799999996
1532,3B,ElPaso,0.01,0.65,32.790989999999994,1244.18762,945.2228199999998,2222.2014299999996
1533,3B,ElPaso,0.01,0.7000000000000001,31.55586,1263.34797,953.2669999999999,2248.17083
1534,3B,ElPaso,0.01,0.75,30.374080000000003,1282.50832,961.12116,2274.00356
1535,3B,ElPaso,0.01,0.8500000000000001,28.178009999999997,1320.79735,976.82948,2325.8048400000002
1536,3B,ElPaso,0.01,0.8,29.26563,1301.57366,969.07033,2299.9096200000004
1537,3B,ElPaso,0.01,0.9500000000000001,26.2353,1359.14972,992.8544999999999,2378.23952
1538,3B,ElPaso,0.01,0.9,27.1854,1340.0210399999999,984.7469799999999,2351.95342
1539,3B,ElPaso,0.05,0.01,62.26832,994.40633,844.8289199999999,1901.5035699999999
1540,3B,ElPaso,0.05,0.15000000000000002,53.747389999999996,1049.38545,868.1380399999999,1971.27088
1541,3B,ElPaso,0.05,0.1,56.492689999999996,1029.5283599999998,859.6188099999999,1945.6398599999998
1542,3B,ElPaso,0.05,0.25,49.02771,1085.6476,883.3079700000001,2017.9832800000001
1543,3B,ElPaso,0.05,0.2,51.26628999999999,1067.43735,875.83385,1994.53749
1544,3B,ElPaso,0.05,0.30000000000000004,46.926649999999995,1103.7628399999999,890.9721099999999,2041.6615999999997
1545,3B,ElPaso,0.05,0.35000000000000003,44.96311,1121.90975,898.6679199999999,2065.54078
1546,3B,ElPaso,0.05,0.45,40.99352,1161.49725,914.2812299999999,2116.772
1547,3B,ElPaso,0.05,0.4,42.96789999999999,1141.3234599999998,906.0153599999999,2090.3067199999996
1548,3B,ElPaso,0.05,0.55,37.699839999999995,1199.4379099999999,929.9578799999999,2167.09563
1549,3B,ElPaso,0.05,0.5,39.31501,1180.3725699999998,921.97704,2141.6646199999996
1550,3B,ElPaso,0.05,0.6000000000000001,36.23218,1218.47158,937.8120399999999,2192.5157999999997
1551,3B,ElPaso,0.05,0.65,34.81787,1237.50525,945.6345299999998,2217.95765
1552,3B,ElPaso,0.05,0.7000000000000001,33.48773,1256.60226,953.7420499999998,2243.83204
1553,3B,ElPaso,0.05,0.75,32.263439999999996,1275.63593,961.4378599999999,2269.3372299999996
1554,3B,ElPaso,0.05,0.8500000000000001,29.94069,1313.7349399999998,977.39954,2321.0751699999996
1555,3B,ElPaso,0.05,0.8,31.070819999999998,1294.63793,969.45037,2295.1591200000003
1556,3B,ElPaso,0.05,0.9500000000000001,27.892979999999994,1351.9606299999998,993.1078599999998,2372.9614699999997
1557,3B,ElPaso,0.05,0.9,28.87475,1332.83195,985.1586899999999,2346.86539
1558,3B,ElPaso,0.15000000000000002,0.01,71.25261,980.53487,846.31741,1898.10489
1559,3B,ElPaso,0.15000000000000002,0.15000000000000002,61.44405,1035.9257,869.75321,1967.1229600000001
1560,3B,ElPaso,0.15000000000000002,0.1,64.64357,1016.0686099999999,861.1072999999999,1941.8194799999999
1561,3B,ElPaso,0.15000000000000002,0.25,56.09097,1071.74447,884.89147,2012.72691
1562,3B,ElPaso,0.15000000000000002,0.2,58.66708,1053.78758,877.2589999999999,1989.71366
1563,3B,ElPaso,0.15000000000000002,0.30000000000000004,53.69404000000001,1089.7330299999999,892.30225,2035.72932
1564,3B,ElPaso,0.15000000000000002,0.35000000000000003,51.4663,1107.6899199999998,899.77637,2058.93259
1565,3B,ElPaso,0.15000000000000002,0.45,46.94748,1147.02406,915.7063799999999,2109.67792
1566,3B,ElPaso,0.15000000000000002,0.4,49.175219999999996,1126.9136099999998,907.5355199999999,2083.62435
1567,3B,ElPaso,0.15000000000000002,0.55,43.24209,1184.5530099999999,931.3196899999999,2159.1147899999996
1568,3B,ElPaso,0.15000000000000002,0.5,45.04727999999999,1165.7727,923.4655299999998,2134.2855099999997
1569,3B,ElPaso,0.15000000000000002,0.6000000000000001,41.54275,1203.3966599999999,939.0788399999999,2184.01825
1570,3B,ElPaso,0.15000000000000002,0.65,39.948409999999996,1222.20864,947.0280099999999,2209.18506
1571,3B,ElPaso,0.15000000000000002,0.7000000000000001,38.45992,1241.1156299999998,954.78716,2234.36271
1572,3B,ElPaso,0.15000000000000002,0.75,37.034769999999995,1260.02262,962.6413199999998,2259.6987099999997
1573,3B,ElPaso,0.15000000000000002,0.8500000000000001,34.427839999999996,1297.77326,978.4446499999999,2310.6457499999997
1574,3B,ElPaso,0.15000000000000002,0.8,35.6838,1278.86627,970.7171699999999,2285.26724
1575,3B,ElPaso,0.15000000000000002,0.9500000000000001,32.07342,1335.61891,994.0262899999999,2361.7186199999996
1576,3B,ElPaso,0.15000000000000002,0.9,33.21354,1316.64858,986.26714,2336.12926
1577,3B,ElPaso,0.1,0.01,66.80797,987.24891,845.5889999999999,1899.64588
1578,3B,ElPaso,0.1,0.15000000000000002,57.5903,1042.3547099999998,868.7081,1968.6531099999997
1579,3B,ElPaso,0.1,0.1,60.59979999999999,1022.5609599999999,860.4105599999999,1943.57132
1580,3B,ElPaso,0.1,0.25,52.55392,1078.39517,884.35308,2015.30217
1581,3B,ElPaso,0.1,0.2,54.982519999999994,1060.37494,876.43558,1991.79304
1582,3B,ElPaso,0.1,0.30000000000000004,50.326179999999994,1096.44707,891.5105,2038.28375
1583,3B,ElPaso,0.1,0.35000000000000003,48.22512,1114.5939799999999,899.17464,2061.99374
1584,3B,ElPaso,0.1,0.45,43.981339999999996,1154.0548,914.81962,2112.85576
1585,3B,ElPaso,0.1,0.4,46.07156,1133.84934,906.9337899999999,2086.85469
1586,3B,ElPaso,0.1,0.55,40.486799999999995,1191.71043,930.52794,2162.7251699999997
1587,3B,ElPaso,0.1,0.5,42.16530999999999,1172.80344,922.6104399999999,2137.57919
1588,3B,ElPaso,0.1,0.6000000000000001,38.871629999999996,1210.6807599999997,938.6671299999999,2188.2195199999996
1589,3B,ElPaso,0.1,0.65,37.38313999999999,1229.58775,946.39461,2213.3655
1590,3B,ElPaso,0.1,0.7000000000000001,36.000499999999995,1248.55808,954.0904199999999,2238.649
1591,3B,ElPaso,0.1,0.75,34.63869,1267.5917499999998,962.2612799999998,2264.4917199999995
1592,3B,ElPaso,0.1,0.8500000000000001,32.16843,1305.40573,977.81125,2315.38541
1593,3B,ElPaso,0.1,0.8,33.37189,1286.49874,970.02043,2289.89106
1594,3B,ElPaso,0.1,0.9500000000000001,29.983199999999997,1343.50474,993.6145799999999,2367.10252
1595,3B,ElPaso,0.1,0.9,31.059979999999996,1324.56608,985.6020699999999,2341.22813
1596,3B,ElPaso,0.25,0.01,80.10023,968.4685999999999,847.2358399999999,1895.80467
1597,3B,ElPaso,0.25,0.15000000000000002,68.9932,1024.33448,871.30504,1964.6327199999998
1598,3B,ElPaso,0.25,0.1,72.62525999999998,1004.44572,862.6591299999999,1939.73011
1599,3B,ElPaso,0.25,0.25,63.03753999999999,1059.80488,886.47497,2009.31739
1600,3B,ElPaso,0.25,0.2,65.92036,1042.0380099999998,878.7158199999999,1986.6741899999997
1601,3B,ElPaso,0.25,0.30000000000000004,60.36642,1077.5717499999998,894.0757699999999,2032.0139399999998
1602,3B,ElPaso,0.25,0.35000000000000003,57.88531999999999,1095.3702899999998,901.2965299999998,2054.55214
1603,3B,ElPaso,0.25,0.45,52.828109999999995,1134.4510699999998,917.19487,2104.47405
1604,3B,ElPaso,0.25,0.4,55.330040000000004,1114.4672999999998,909.30904,2079.1063799999997
1605,3B,ElPaso,0.25,0.55,48.70016999999999,1171.6633199999999,932.9031899999999,2153.2666799999997
1606,3B,ElPaso,0.25,0.5,50.69538,1153.13637,925.1440399999999,2128.9757899999995
1607,3B,ElPaso,0.25,0.6000000000000001,46.82079999999999,1190.34862,940.72568,2177.8950999999997
1608,3B,ElPaso,0.25,0.65,45.058119999999995,1209.0339199999999,948.1997999999999,2202.29184
1609,3B,ElPaso,0.25,0.7000000000000001,43.37961,1227.6558799999998,956.2756499999999,2227.31114
1610,3B,ElPaso,0.25,0.75,41.79611,1246.34118,963.87645,2252.01374
1611,3B,ElPaso,0.25,0.8500000000000001,38.8508,1283.8067899999999,979.36308,2302.02067
1612,3B,ElPaso,0.25,0.8,40.275949999999995,1265.08982,971.6989399999999,2277.0647099999996
1613,3B,ElPaso,0.25,0.9500000000000001,36.2647,1321.17739,995.0713999999999,2352.51349
1614,3B,ElPaso,0.25,0.9,37.5315,1302.55543,987.12223,2327.20916
1615,3B,ElPaso,0.2,0.01,75.70808999999998,974.35922,846.91914,1896.98645
1616,3B,ElPaso,0.2,0.15000000000000002,65.23446,1029.9400699999999,870.54496,1965.7194899999997
1617,3B,ElPaso,0.2,0.1,68.64483,1010.0829799999999,861.8673799999999,1940.5951899999998
1618,3B,ElPaso,0.2,0.25,59.58551,1065.56882,885.7782299999999,2010.9325599999997
1619,3B,ElPaso,0.2,0.2,62.31997,1047.7069399999998,877.95574,1987.98265
1620,3B,ElPaso,0.2,0.30000000000000004,57.03022999999999,1083.55738,893.0939999999999,2033.68161
1621,3B,ElPaso,0.2,0.35000000000000003,54.67581,1101.1975699999998,900.63146,2056.5048399999996
1622,3B,ElPaso,0.2,0.45,49.90363,1140.53171,916.40312,2106.83846
1623,3B,ElPaso,0.2,0.4,52.247209999999995,1120.45293,908.2956,2080.99574
1624,3B,ElPaso,0.2,0.55,45.976549999999996,1177.87064,932.0481,2155.8952900000004
1625,3B,ElPaso,0.2,0.5,47.90841999999999,1159.1853399999998,924.2256099999998,2131.3193699999997
1626,3B,ElPaso,0.2,0.6000000000000001,44.19219,1196.68262,939.80725,2180.68206
1627,3B,ElPaso,0.2,0.65,42.524519999999995,1215.30458,947.5980699999999,2205.42717
1628,3B,ElPaso,0.2,0.7000000000000001,40.909349999999996,1234.14823,955.4205599999999,2230.4781399999997
1629,3B,ElPaso,0.2,0.75,39.42086,1252.8652,963.27472,2255.56078
1630,3B,ElPaso,0.2,0.8500000000000001,36.6339,1290.5525,978.98304,2306.16944
1631,3B,ElPaso,0.2,0.8,37.99571,1271.77219,971.0022,2280.7700999999997
1632,3B,ElPaso,0.2,0.9500000000000001,34.174479999999996,1328.17646,994.46967,2356.8206099999998
1633,3B,ElPaso,0.2,0.9,35.3671,1309.3961499999998,986.71052,2331.4737699999996
1634,3B,ElPaso,0.30000000000000004,0.01,84.51405,962.7996699999999,847.96425,1895.2779699999999
1635,3B,ElPaso,0.30000000000000004,0.15000000000000002,72.64609,1019.67899,872.44516,1964.77024
1636,3B,ElPaso,0.30000000000000004,0.1,76.47900999999999,999.31518,863.51422,1939.30841
1637,3B,ElPaso,0.30000000000000004,0.25,66.20539,1056.2895099999998,887.7734399999999,2010.2683399999999
1638,3B,ElPaso,0.30000000000000004,0.2,69.28822,1037.92091,879.95095,1987.16008
1639,3B,ElPaso,0.30000000000000004,0.30000000000000004,63.35424,1074.40475,895.7859500000001,2033.5449399999998
1640,3B,ElPaso,0.30000000000000004,0.35000000000000003,60.68312,1092.8366899999999,903.41842,2056.9382299999997
1641,3B,ElPaso,0.30000000000000004,0.45,55.81593,1129.47888,918.7467,2104.04151
1642,3B,ElPaso,0.30000000000000004,0.4,58.20202,1111.14195,911.05089,2080.39486
1643,3B,ElPaso,0.30000000000000004,0.55,51.42379,1165.83604,933.50492,2150.76475
1644,3B,ElPaso,0.30000000000000004,0.5,53.609019999999994,1147.94249,926.6008599999999,2128.15237
1645,3B,ElPaso,0.30000000000000004,0.6000000000000001,49.42858,1184.39466,941.0740499999998,2174.89729
1646,3B,ElPaso,0.30000000000000004,0.65,47.56005,1203.1116299999999,948.9282099999999,2199.59989
1647,3B,ElPaso,0.30000000000000004,0.7000000000000001,45.8182,1221.5752400000001,956.94072,2224.3341600000003
1648,3B,ElPaso,0.30000000000000004,0.75,44.139689999999995,1240.22887,964.6682000000001,2249.03676
1649,3B,ElPaso,0.30000000000000004,0.8500000000000001,41.07854,1277.5044599999999,980.1864999999999,2298.7695
1650,3B,ElPaso,0.30000000000000004,0.8,42.5987,1258.81916,972.30067,2273.71853
1651,3B,ElPaso,0.30000000000000004,0.9500000000000001,38.35492,1314.46335,995.3247599999999,2348.1430299999997
1652,3B,ElPaso,0.30000000000000004,0.9,39.65339,1295.99974,987.85064,2323.50377
1653,3B,ElPaso,0.35000000000000003,0.01,88.82202,957.6691299999999,848.53431,1895.0254599999998
1654,3B,ElPaso,0.35000000000000003,0.15000000000000002,76.34149,1014.8968199999998,873.2685799999999,1964.5068899999997
1655,3B,ElPaso,0.35000000000000003,0.1,80.32191999999999,994.34299,864.43265,1939.09756
1656,3B,ElPaso,0.35000000000000003,0.25,69.61576000000001,1051.2856499999998,888.47018,2009.3715899999997
1657,3B,ElPaso,0.35000000000000003,0.2,72.83611,1033.01206,880.8060399999999,1986.65421
1658,3B,ElPaso,0.35000000000000003,0.30000000000000004,66.63792999999998,1069.30588,896.3243399999999,2032.2681499999997
1659,3B,ElPaso,0.35000000000000003,0.35000000000000003,63.82928999999999,1087.64281,904.0518199999999,2055.5239199999996
1660,3B,ElPaso,0.35000000000000003,0.45,58.74041,1124.06331,919.53845,2102.34217
1661,3B,ElPaso,0.35000000000000003,0.4,61.221509999999995,1105.88473,911.84264,2078.94888
1662,3B,ElPaso,0.35000000000000003,0.55,54.115739999999995,1160.29379,934.0116399999999,2148.4211699999996
1663,3B,ElPaso,0.35000000000000003,0.5,56.417660000000005,1142.49525,927.26593,2126.17884
1664,3B,ElPaso,0.35000000000000003,0.6000000000000001,52.05719,1178.88408,941.89747,2172.83874
1665,3B,ElPaso,0.35000000000000003,0.65,50.09365,1197.37936,949.5932799999998,2197.0662899999998
1666,3B,ElPaso,0.35000000000000003,0.7000000000000001,48.25679,1215.87464,957.0990699999999,2221.2304999999997
1667,3B,ElPaso,0.35000000000000003,0.75,46.514939999999996,1234.40159,965.0165699999999,2245.9330999999997
1668,3B,ElPaso,0.35000000000000003,0.8500000000000001,43.2846,1271.4238199999998,980.53487,2295.2432899999994
1669,3B,ElPaso,0.35000000000000003,0.8,44.87894,1252.8018599999998,972.8073899999999,2270.48819
1670,3B,ElPaso,0.35000000000000003,0.9500000000000001,40.455980000000004,1308.1926899999999,995.95816,2344.6068299999997
1671,3B,ElPaso,0.35000000000000003,0.9,41.80695,1289.98244,988.3573599999999,2320.14675
1672,3B,ElPaso,0.45,0.01,97.37546999999999,948.07312,849.3893999999999,1894.83799
1673,3B,ElPaso,0.45,0.15000000000000002,83.60645999999998,1005.9342099999999,874.66206,1964.20273
1674,3B,ElPaso,0.45,0.1,88.03027,985.38038,865.4777599999999,1938.88841
1675,3B,ElPaso,0.45,0.25,76.37315999999998,1042.10135,889.5152899999999,2007.9897999999998
1676,3B,ElPaso,0.45,0.2,79.85771,1024.01778,882.19952,1986.07501
1677,3B,ElPaso,0.45,0.30000000000000004,73.15281,1060.0265699999998,897.4961299999999,2030.6755099999996
1678,3B,ElPaso,0.45,0.35000000000000003,70.07997,1078.0467999999998,905.2552799999999,2053.3820499999997
1679,3B,ElPaso,0.45,0.45,64.53687,1114.2772799999998,920.4885499999999,2099.3026999999997
1680,3B,ElPaso,0.45,0.4,67.23965999999999,1096.2253799999999,913.10944,2076.5744799999998
1681,3B,ElPaso,0.45,0.55,59.52132,1150.15939,934.83506,2144.51577
1682,3B,ElPaso,0.45,0.5,62.05577,1132.3925199999999,928.1843599999999,2122.6326499999996
1683,3B,ElPaso,0.45,0.6000000000000001,57.27275,1168.59133,942.59421,2168.45829
1684,3B,ElPaso,0.45,0.65,55.14001999999999,1186.86492,950.3216899999999,2192.32663
1685,3B,ElPaso,0.45,0.7000000000000001,53.14481,1205.23352,957.8908199999998,2216.26915
1686,3B,ElPaso,0.45,0.75,51.244609999999994,1223.60212,965.8083199999999,2240.65505
1687,3B,ElPaso,0.45,0.8500000000000001,47.72924,1260.24431,981.4532999999999,2289.42685
1688,3B,ElPaso,0.45,0.8,49.43942,1241.87571,973.47246,2264.78759
1689,3B,ElPaso,0.45,0.9500000000000001,44.65725,1296.3164399999998,996.40154,2337.3752299999996
1690,3B,ElPaso,0.45,0.9,46.11407,1278.61291,989.21245,2313.9394300000004
1691,3B,ElPaso,0.4,0.01,93.10916,952.79195,849.13604,1895.03715
1692,3B,ElPaso,0.4,0.15000000000000002,80.00607000000001,1010.3363399999998,873.9653199999999,1964.3077299999995
1693,3B,ElPaso,0.4,0.1,84.18651,989.6874999999999,865.0343799999999,1938.90839
1694,3B,ElPaso,0.4,0.25,73.03696999999998,1046.59849,889.3569399999999,2008.9923999999999
1695,3B,ElPaso,0.4,0.2,76.37315999999998,1028.38824,881.72447,1986.48587
1696,3B,ElPaso,0.4,0.30000000000000004,69.90079,1064.5553799999998,897.1160899999999,2031.5722599999995
1697,3B,ElPaso,0.4,0.35000000000000003,66.9863,1082.73396,904.8118999999999,2054.5321599999997
1698,3B,ElPaso,0.4,0.45,61.66488999999999,1119.05945,920.0451699999999,2100.76951
1699,3B,ElPaso,0.4,0.4,64.24099999999999,1101.0075499999998,912.4443699999999,2077.6929199999995
1700,3B,ElPaso,0.4,0.55,56.818529999999996,1155.06824,934.48669,2146.37346
1701,3B,ElPaso,0.4,0.5,59.24713,1137.30137,927.67764,2124.2261399999998
1702,3B,ElPaso,0.4,0.6000000000000001,54.66497,1173.56352,942.4358599999999,2170.66435
1703,3B,ElPaso,0.4,0.65,52.62725,1191.9954599999999,950.00499,2194.6277
1704,3B,ElPaso,0.4,0.7000000000000001,50.69538,1210.4590699999999,957.8274799999999,2218.98193
1705,3B,ElPaso,0.4,0.75,48.89019,1228.85934,965.5866299999999,2243.33616
1706,3B,ElPaso,0.4,0.8500000000000001,45.51234,1265.65988,980.88324,2292.05546
1707,3B,ElPaso,0.4,0.8,47.14834,1247.2596099999998,973.44079,2267.84874
1708,3B,ElPaso,0.4,0.9500000000000001,42.53536,1302.11205,995.8948199999999,2340.54223
1709,3B,ElPaso,0.4,0.9,43.96051,1284.15516,988.6740599999999,2316.78973
1710,3B,ElPaso,0.55,0.01,105.77141999999999,939.4588799999999,850.49785,1895.72815
1711,3B,ElPaso,0.55,0.15000000000000002,90.72391999999999,998.2384,876.0872099999999,1965.0495299999998
1712,3B,ElPaso,0.55,0.1,95.53860999999999,977.4628799999999,866.96625,1939.9677399999998
1713,3B,ElPaso,0.55,0.25,82.97305999999999,1034.15218,891.44716,2008.5724
1714,3B,ElPaso,0.55,0.2,86.73264999999999,1016.16362,883.97304,1986.86931
1715,3B,ElPaso,0.55,0.30000000000000004,79.52018,1051.95072,898.98462,2030.45552
1716,3B,ElPaso,0.55,0.35000000000000003,76.22564999999999,1069.8126,906.8387799999998,2052.8770299999996
1717,3B,ElPaso,0.55,0.45,70.3125,1105.78972,921.9137000000001,2098.01592
1718,3B,ElPaso,0.55,0.4,73.19531999999998,1087.80116,914.40791,2075.40439
1719,3B,ElPaso,0.55,0.55,64.89608,1141.3867999999998,936.2918799999999,2142.5747599999995
1720,3B,ElPaso,0.55,0.5,67.59886999999999,1123.5882599999998,929.6095099999999,2120.7966399999996
1721,3B,ElPaso,0.55,0.6000000000000001,62.435810000000004,1159.4387,943.9876899999999,2165.8621999999996
1722,3B,ElPaso,0.55,0.65,60.16556,1177.6806199999999,951.65183,2189.49801
1723,3B,ElPaso,0.55,0.7000000000000001,57.980329999999995,1195.8592,959.25263,2213.09216
1724,3B,ElPaso,0.55,0.75,55.95344999999999,1214.06945,966.7900899999999,2236.81299
1725,3B,ElPaso,0.55,0.8500000000000001,52.14221,1250.20492,982.15004,2284.4971699999996
1726,3B,ElPaso,0.55,0.8,53.98991,1232.1846899999998,974.58091,2260.75551
1727,3B,ElPaso,0.55,0.9500000000000001,48.8802,1285.39029,996.52822,2330.79871
1728,3B,ElPaso,0.55,0.9,50.40036,1268.3835,989.59249,2308.37635
1729,3B,ElPaso,0.5,0.01,101.58927999999999,943.6076499999999,849.92779,1895.1247199999998
1730,3B,ElPaso,0.5,0.15000000000000002,87.19686,1001.91212,875.3271299999999,1964.4361099999999
1731,3B,ElPaso,0.5,0.1,91.82153000000001,981.29495,866.1745,1939.2909799999998
1732,3B,ElPaso,0.5,0.25,79.67853,1037.98425,890.71875,2008.3815299999999
1733,3B,ElPaso,0.5,0.2,83.33227,1019.9640199999999,882.9279300000001,1986.2242199999998
1734,3B,ElPaso,0.5,0.30000000000000004,76.35233,1055.84613,898.2562099999999,2030.4546699999996
1735,3B,ElPaso,0.5,0.35000000000000003,73.18448,1073.77135,905.92035,2052.8761799999997
1736,3B,ElPaso,0.5,0.45,67.47219,1109.93849,921.18529,2098.59597
1737,3B,ElPaso,0.5,0.4,70.21749,1091.8865899999998,913.80618,2075.9102599999997
1738,3B,ElPaso,0.5,0.55,62.20328,1145.63058,935.59514,2143.429
1739,3B,ElPaso,0.5,0.5,64.83274,1127.89538,928.84943,2121.57755
1740,3B,ElPaso,0.5,0.6000000000000001,59.88053,1163.8725,943.35429,2167.10732
1741,3B,ElPaso,0.5,0.65,57.65279,1182.14609,950.8917499999999,2190.69063
1742,3B,ElPaso,0.5,0.7000000000000001,55.56257000000001,1200.45135,958.4608799999999,2214.4748
1743,3B,ElPaso,0.5,0.75,53.59903,1218.6616,966.2517,2238.51233
1744,3B,ElPaso,0.5,0.8500000000000001,49.94614,1255.0820999999999,981.54831,2286.5765499999998
1745,3B,ElPaso,0.5,0.8,51.7305,1236.9035199999998,973.9158399999999,2262.5498599999996
1746,3B,ElPaso,0.5,0.9500000000000001,46.75831,1290.67918,996.21152,2333.64901
1747,3B,ElPaso,0.5,0.9,48.267630000000004,1273.38736,989.1174399999999,2310.77243
1748,3B,ElPaso,0.6000000000000001,0.01,109.92188999999999,935.5317999999999,851.1312499999999,1896.5849399999997
1749,3B,ElPaso,0.6000000000000001,0.15000000000000002,94.21931,994.81804,877.0373099999999,1966.07466
1750,3B,ElPaso,0.6000000000000001,0.1,99.27736999999999,973.82083,867.72633,1940.8245299999999
1751,3B,ElPaso,0.6000000000000001,0.25,86.21508999999999,1030.5418,892.27058,2009.02747
1752,3B,ElPaso,0.6000000000000001,0.2,90.09051999999998,1012.7432599999999,884.73312,1987.5668999999998
1753,3B,ElPaso,0.6000000000000001,0.30000000000000004,82.6672,1048.30867,899.9030499999999,2030.8789199999999
1754,3B,ElPaso,0.6000000000000001,0.35000000000000003,79.27766,1066.10721,907.5355199999999,2052.9203899999998
1755,3B,ElPaso,0.6000000000000001,0.45,73.16364999999999,1101.9576499999998,922.8321299999999,2097.9534299999996
1756,3B,ElPaso,0.6000000000000001,0.4,76.10981,1084.03243,915.23133,2075.3735699999997
1757,3B,ElPaso,0.6000000000000001,0.55,67.54637,1137.3647099999998,936.8302699999999,2141.74135
1758,3B,ElPaso,0.6000000000000001,0.5,70.35501,1119.69285,930.3379199999999,2120.3857799999996
1759,3B,ElPaso,0.6000000000000001,0.6000000000000001,65.02275999999999,1155.4482799999998,944.74777,2165.21881
1760,3B,ElPaso,0.6000000000000001,0.65,62.62583,1173.46851,952.41191,2188.50625
1761,3B,ElPaso,0.6000000000000001,0.7000000000000001,60.40893,1191.55208,959.82269,2211.7837
1762,3B,ElPaso,0.6000000000000001,0.75,58.276199999999996,1209.6673199999998,967.3284799999999,2235.272
1763,3B,ElPaso,0.6000000000000001,0.8500000000000001,54.36994999999999,1245.6444399999998,982.68843,2282.70282
1764,3B,ElPaso,0.6000000000000001,0.8,56.24931999999999,1227.75089,975.0876299999999,2259.0878399999997
1765,3B,ElPaso,0.6000000000000001,0.9500000000000001,50.98125999999999,1280.3230899999999,997.0349399999999,2328.33929
1766,3B,ElPaso,0.6000000000000001,0.9,52.533089999999994,1263.7280099999998,990.1308799999999,2306.3919799999994
1767,3B,ElPaso,0.65,0.01,113.99903,931.82641,851.7013099999999,1897.52675
1768,3B,ElPaso,0.65,0.15000000000000002,97.50384999999999,992.37945,878.46246,1968.34576
1769,3B,ElPaso,0.65,0.1,102.76277,971.1288799999999,868.77144,1942.6630899999998
1770,3B,ElPaso,0.65,0.25,89.02457999999999,1029.68671,894.51915,2013.2304399999998
1771,3B,ElPaso,0.65,0.2,93.1217,1011.1280899999999,886.50664,1990.75643
1772,3B,ElPaso,0.65,0.30000000000000004,85.29666,1048.11865,902.6266699999999,2036.0419799999997
1773,3B,ElPaso,0.65,0.35000000000000003,81.78043999999998,1066.3605699999998,910.48083,2058.62184
1774,3B,ElPaso,0.65,0.45,75.46557,1102.65439,925.96746,2104.08742
1775,3B,ElPaso,0.65,0.4,78.51758,1084.60249,918.23998,2081.36005
1776,3B,ElPaso,0.65,0.55,69.78495,1137.64974,940.18729,2147.62198
1777,3B,ElPaso,0.65,0.5,72.59358999999999,1120.4846,933.5365899999999,2126.61478
1778,3B,ElPaso,0.65,0.6000000000000001,67.22967,1155.66997,947.85143,2170.75107
1779,3B,ElPaso,0.65,0.65,64.64272,1174.4502799999998,955.67392,2194.76692
1780,3B,ElPaso,0.65,0.7000000000000001,62.35164,1192.1854799999999,962.92635,2217.4634699999997
1781,3B,ElPaso,0.65,0.75,60.198080000000004,1210.1107,970.1154399999999,2240.42422
1782,3B,ElPaso,0.65,0.8500000000000001,56.185979999999994,1245.8661299999999,985.47539,2287.5274999999997
1783,3B,ElPaso,0.65,0.8,58.12868999999999,1228.0675899999999,977.8745899999999,2264.0708699999996
1784,3B,ElPaso,0.65,0.9500000000000001,52.659769999999995,1280.76647,999.8218999999999,2333.2481399999997
1785,3B,ElPaso,0.65,0.9,54.30660999999999,1263.82302,992.9495099999998,2311.07914
1786,3B,ElPaso,0.7000000000000001,0.01,118.05534,928.43772,852.08135,1898.5744100000002
1787,3B,ElPaso,0.7000000000000001,0.15000000000000002,100.69338,990.25756,879.63425,1970.5851899999998
1788,3B,ElPaso,0.7000000000000001,0.1,106.18482999999999,968.69029,869.94323,1944.81835
1789,3B,ElPaso,0.7000000000000001,0.25,91.75988999999998,1029.2749999999999,897.05275,2018.0876399999997
1790,3B,ElPaso,0.7000000000000001,0.2,96.05787,1009.98797,888.31183,1994.3576699999999
1791,3B,ElPaso,0.7000000000000001,0.30000000000000004,87.81027999999999,1048.49869,905.47697,2041.7859399999998
1792,3B,ElPaso,0.7000000000000001,0.35000000000000003,84.16738,1067.279,913.61616,2065.06254
1793,3B,ElPaso,0.7000000000000001,0.45,77.66249,1103.92119,929.54617,2111.12985
1794,3B,ElPaso,0.7000000000000001,0.4,80.79866999999999,1085.71094,921.7236800000001,2088.23329
1795,3B,ElPaso,0.7000000000000001,0.55,71.89684999999999,1138.82153,943.766,2154.48438
1796,3B,ElPaso,0.7000000000000001,0.5,74.71633,1121.84641,936.98862,2133.55136
1797,3B,ElPaso,0.7000000000000001,0.6000000000000001,69.32074,1156.55673,951.2401199999999,2177.11759
1798,3B,ElPaso,0.7000000000000001,0.65,66.5646,1175.81209,958.9992699999999,2201.37596
1799,3B,ElPaso,0.7000000000000001,0.7000000000000001,64.24185,1193.23059,966.1883599999999,2223.6607999999997
1800,3B,ElPaso,0.7000000000000001,0.75,62.056619999999995,1210.8707799999997,973.3774500000001,2246.30485
1801,3B,ElPaso,0.7000000000000001,0.8500000000000001,57.94951,1246.37285,988.1673399999999,2292.4896999999996
1802,3B,ElPaso,0.7000000000000001,0.8,59.95555999999999,1228.6059799999998,980.72489,2269.2864299999997
1803,3B,ElPaso,0.7000000000000001,0.9500000000000001,54.328289999999996,1281.3682,1002.5455199999999,2338.24201
1804,3B,ElPaso,0.7000000000000001,0.9,56.070139999999995,1264.1080499999998,995.6731299999999,2315.8513199999998
1805,3B,ElPaso,0.75,0.01,122.00580000000001,925.17571,852.6197400000001,1899.80125
1806,3B,ElPaso,0.75,0.15000000000000002,103.79874,988.45237,881.0910699999998,1973.3421799999996
1807,3B,ElPaso,0.75,0.1,109.49105,966.6000699999998,871.1466899999999,1947.2378099999996
1808,3B,ElPaso,0.75,0.25,94.34768999999999,1029.43335,899.6813599999999,2023.4624
1809,3B,ElPaso,0.75,0.2,98.89903,1009.25956,890.5920699999999,1998.75066
1810,3B,ElPaso,0.75,0.30000000000000004,90.22888999999999,1049.44879,908.45395,2048.13163
1811,3B,ElPaso,0.75,0.35000000000000003,86.4168,1068.67248,917.1315299999999,2072.22081
1812,3B,ElPaso,0.75,0.45,79.74271999999998,1105.97974,933.2515599999999,2118.9740199999997
1813,3B,ElPaso,0.75,0.4,82.95307999999999,1087.61114,925.46074,2096.0249599999997
1814,3B,ElPaso,0.75,0.55,73.93542000000001,1140.97509,947.8831,2162.7936099999997
1815,3B,ElPaso,0.75,0.5,76.73322,1123.84162,940.9790399999999,2141.55388
1816,3B,ElPaso,0.75,0.6000000000000001,71.30596,1158.20357,954.97718,2184.4867099999997
1817,3B,ElPaso,0.75,0.65,68.40231,1177.8073,962.6096499999999,2208.8192599999998
1818,3B,ElPaso,0.75,0.7000000000000001,66.10038999999999,1194.7190799999998,969.48204,2230.30151
1819,3B,ElPaso,0.75,0.75,63.851820000000004,1211.91589,976.4177699999999,2252.18548
1820,3B,ElPaso,0.75,0.8500000000000001,59.71304,1247.0695899999998,990.9542999999999,2297.73693
1821,3B,ElPaso,0.75,0.8,61.75076,1229.49274,983.6702,2274.9137
1822,3B,ElPaso,0.75,0.9500000000000001,55.985969999999995,1281.87492,1005.2057999999998,2343.0666899999997
1823,3B,ElPaso,0.75,0.9,57.75949000000001,1264.55143,998.39675,2320.70767
1824,3B,ElPaso,0.8500000000000001,0.01,129.93924,918.55668,853.5381699999999,1902.03409
1825,3B,ElPaso,0.8500000000000001,0.15000000000000002,110.55869,982.56175,882.57956,1975.6999999999998
1826,3B,ElPaso,0.8500000000000001,0.1,116.58937999999999,960.4877599999999,872.41349,1949.4906299999998
1827,3B,ElPaso,0.8500000000000001,0.25,100.35754999999999,1024.77786,901.9932699999999,2027.1286799999998
1828,3B,ElPaso,0.8500000000000001,0.2,105.20476,1003.90733,892.3655899999999,2001.47768
1829,3B,ElPaso,0.8500000000000001,0.30000000000000004,95.95372,1045.1733399999998,911.20924,2052.3363
1830,3B,ElPaso,0.8500000000000001,0.35000000000000003,91.9091,1064.84041,920.0768399999998,2076.82635
1831,3B,ElPaso,0.8500000000000001,0.45,84.8333,1102.4010299999998,936.6719199999999,2123.9062499999995
1832,3B,ElPaso,0.8500000000000001,0.4,88.24452,1083.87408,928.5010599999999,2100.61966
1833,3B,ElPaso,0.8500000000000001,0.55,78.68761999999998,1137.8080899999998,951.7785099999999,2168.2742199999993
1834,3B,ElPaso,0.8500000000000001,0.5,81.63378,1120.35792,944.1777099999999,2146.16941
1835,3B,ElPaso,0.8500000000000001,0.6000000000000001,75.93148,1154.75154,958.5875599999999,2189.27058
1836,3B,ElPaso,0.8500000000000001,0.65,72.74279999999999,1174.9569999999999,966.1883599999999,2213.8881599999995
1837,3B,ElPaso,0.8500000000000001,0.7000000000000001,70.34586999999999,1191.45707,972.7440499999999,2234.54699
1838,3B,ElPaso,0.8500000000000001,0.75,68.01227999999999,1208.2738399999998,979.4580899999999,2255.74421
1839,3B,ElPaso,0.8500000000000001,0.8500000000000001,63.65181,1242.98416,993.6462499999999,2300.28222
1840,3B,ElPaso,0.8500000000000001,0.8,65.78453999999999,1225.59733,986.48883,2277.8707000000004
1841,3B,ElPaso,0.8500000000000001,0.9500000000000001,59.72388,1277.40945,1007.86608,2344.9994100000004
1842,3B,ElPaso,0.8500000000000001,0.9,61.61409,1260.21264,1000.8353399999999,2322.66207
1843,3B,ElPaso,0.8,0.01,126.06211,921.7236800000001,853.0314500000001,1900.8172400000003
1844,3B,ElPaso,0.8,0.15000000000000002,107.35831999999999,984.9053299999999,881.56612,1973.8297699999998
1845,3B,ElPaso,0.8,0.1,113.18815,963.0530299999998,871.62174,1947.8629199999998
1846,3B,ElPaso,0.8,0.25,97.47388000000001,1026.83641,900.8848199999999,2025.1951099999997
1847,3B,ElPaso,0.8,0.2,102.19440999999999,1006.25091,891.25714,1999.70246
1848,3B,ElPaso,0.8,0.30000000000000004,93.1759,1047.23189,909.91077,2050.3185599999997
1849,3B,ElPaso,0.8,0.35000000000000003,89.22629,1066.89896,918.7467,2074.87195
1850,3B,ElPaso,0.8,0.45,82.31967999999999,1104.5229199999999,935.2784399999999,2122.12104
1851,3B,ElPaso,0.8,0.4,85.62504999999999,1085.90096,927.32927,2098.8552799999998
1852,3B,ElPaso,0.8,0.55,76.27985,1140.12,950.60672,2167.0065699999996
1853,3B,ElPaso,0.8,0.5,79.18349999999998,1122.47981,942.97425,2144.63756
1854,3B,ElPaso,0.8,0.6000000000000001,73.61872,1157.28514,957.4791099999999,2188.3829699999997
1855,3B,ElPaso,0.8,0.65,70.49337999999999,1177.64895,965.3016,2213.44393
1856,3B,ElPaso,0.8,0.7000000000000001,68.09644999999999,1194.37071,971.8889599999999,2234.35612
1857,3B,ElPaso,0.8,0.75,65.83704,1211.50418,978.6980099999998,2256.0392299999994
1858,3B,ElPaso,0.8,0.8500000000000001,61.57158,1246.56287,993.20287,2301.33732
1859,3B,ElPaso,0.8,0.8,63.63013,1229.01769,985.8871,2278.53492
1860,3B,ElPaso,0.8,0.9500000000000001,57.70699,1281.43154,1007.51771,2346.65624
1861,3B,ElPaso,0.8,0.9,59.58636,1263.98137,1000.3919599999999,2323.9596899999997
1862,3B,ElPaso,0.9500000000000001,0.01,137.58849999999998,912.8244100000001,854.4882699999999,1904.9011799999998
1863,3B,ElPaso,0.9500000000000001,0.15000000000000002,116.73859,978.4763199999999,884.51143,1979.72634
1864,3B,ElPaso,0.9500000000000001,0.1,123.13932999999999,955.86394,873.90198,1952.9052499999998
1865,3B,ElPaso,0.9500000000000001,0.25,105.93486999999999,1021.2308199999999,904.2735099999999,2031.4391999999998
1866,3B,ElPaso,0.9500000000000001,0.2,111.08878999999999,1000.1386,894.5508199999999,2005.77821
1867,3B,ElPaso,0.9500000000000001,0.30000000000000004,101.29851,1041.68964,913.7428399999999,2056.73099
1868,3B,ElPaso,0.9500000000000001,0.35000000000000003,97.0847,1061.45172,922.6104399999999,2081.14686
1869,3B,ElPaso,0.9500000000000001,0.45,89.72386999999999,1098.91733,939.3322000000001,2127.9734
1870,3B,ElPaso,0.9500000000000001,0.4,93.21926,1080.45372,931.3830299999998,2105.05601
1871,3B,ElPaso,0.9500000000000001,0.55,83.30315,1133.7859999999998,954.1537599999998,2171.2429099999995
1872,3B,ElPaso,0.9500000000000001,0.5,86.38682999999999,1116.7475399999998,946.9963399999999,2150.1307099999995
1873,3B,ElPaso,0.9500000000000001,0.6000000000000001,80.48367,1150.34941,960.8994700000001,2191.73255
1874,3B,ElPaso,0.9500000000000001,0.65,77.14662999999999,1170.17483,968.21524,2215.5366999999997
1875,3B,ElPaso,0.9500000000000001,0.7000000000000001,74.66552999999999,1186.1365099999998,974.39089,2235.1929299999997
1876,3B,ElPaso,0.9500000000000001,0.75,72.30027,1202.5098999999998,980.91491,2255.7250799999997
1877,3B,ElPaso,0.9500000000000001,0.8500000000000001,67.78059999999999,1236.36513,994.81804,2298.96377
1878,3B,ElPaso,0.9500000000000001,0.8,69.95584,1219.4850199999998,987.81897,2277.25983
1879,3B,ElPaso,0.9500000000000001,0.9500000000000001,63.70516,1269.87199,1008.43614,2342.01329
1880,3B,ElPaso,0.9500000000000001,0.9,65.67953999999999,1253.1818999999998,1001.88045,2320.74189
1881,3B,ElPaso,0.9,0.01,133.79554,915.6430399999999,854.01322,1903.4518
1882,3B,ElPaso,0.9,0.15000000000000002,113.67489,980.4081899999999,883.52966,1977.61274
1883,3B,ElPaso,0.9,0.1,119.90644,958.1125099999998,873.1419,1951.1608499999998
1884,3B,ElPaso,0.9,0.25,103.20954999999998,1022.9726699999999,902.9750399999999,2029.15726
1885,3B,ElPaso,0.9,0.2,108.16260999999997,1001.91212,893.3473599999999,2003.4220899999996
1886,3B,ElPaso,0.9,0.30000000000000004,98.63653,1043.24147,912.47604,2054.35404
1887,3B,ElPaso,0.9,0.35000000000000003,94.52857,1062.9718799999998,921.37531,2078.87576
1888,3B,ElPaso,0.9,0.45,87.29442,1100.5641699999999,937.9070499999999,2125.7656399999996
1889,3B,ElPaso,0.9,0.4,90.75813999999998,1082.03722,929.92621,2102.7215699999997
1890,3B,ElPaso,0.9,0.55,81.00038,1135.6545299999998,952.98197,2169.63688
1891,3B,ElPaso,0.9,0.5,84.06322999999999,1118.3627099999999,945.3811699999999,2147.8071099999997
1892,3B,ElPaso,0.9,0.6000000000000001,78.22340999999999,1152.4396299999999,959.601,2190.26404
1893,3B,ElPaso,0.9,0.65,74.99221999999999,1172.48674,967.23347,2214.71243
1894,3B,ElPaso,0.9,0.7000000000000001,72.53195,1188.73345,973.5357999999999,2234.8012
1895,3B,ElPaso,0.9,0.75,70.16669,1205.29686,980.12316,2255.58671
1896,3B,ElPaso,0.9,0.8500000000000001,65.7212,1239.62714,994.3113199999999,2299.65966
1897,3B,ElPaso,0.9,0.8,67.86477,1222.4936699999998,987.31225,2277.67069
1898,3B,ElPaso,0.9,0.9500000000000001,61.71994,1273.57738,1008.1194399999999,2343.41676
1899,3B,ElPaso,0.9,0.9,63.66265,1256.63393,1001.31039,2321.60697
1900,8,Fairbanks,0.01,0.01,1477.55423,324.33246999999994,724.13455,2526.02125
1901,8,Fairbanks,0.01,0.15000000000000002,1428.28785,355.36906999999997,759.6999599999999,2543.35688
1902,8,Fairbanks,0.01,0.1,1445.65958,344.22123,746.4302299999999,2536.31104
1903,8,Fairbanks,0.01,0.25,1396.9198999999999,376.39795,782.97741,2556.29526
1904,8,Fairbanks,0.01,0.2,1412.5138599999998,365.7885,771.1645,2549.4668599999995
1905,8,Fairbanks,0.01,0.30000000000000004,1381.55847,387.10240999999996,794.88533,2563.54621
1906,8,Fairbanks,0.01,0.35000000000000003,1366.5670899999998,397.90188,806.8249199999999,2571.29389
1907,8,Fairbanks,0.01,0.45,1335.70841,421.62271,832.85766,2590.18878
1908,8,Fairbanks,0.01,0.4,1351.1431699999998,409.58811000000003,819.6196,2580.35088
1909,8,Fairbanks,0.01,0.55,1307.54423,444.48844999999994,857.7502799999999,2609.7829599999995
1910,8,Fairbanks,0.01,0.5,1321.4363,432.92889999999994,845.30397,2599.66917
1911,8,Fairbanks,0.01,0.6000000000000001,1293.89553,455.98465999999996,870.2282599999999,2620.1084499999997
1912,8,Fairbanks,0.01,0.65,1280.61688,467.73422999999997,882.70624,2631.05735
1913,8,Fairbanks,0.01,0.7000000000000001,1267.6132699999998,479.51546999999994,895.18422,2642.3129599999997
1914,8,Fairbanks,0.01,0.75,1254.90553,491.29670999999996,907.7255399999999,2653.92778
1915,8,Fairbanks,0.01,0.8500000000000001,1230.11431,515.2709,932.80818,2678.19339
1916,8,Fairbanks,0.01,0.8,1242.43032,503.20462999999995,920.26686,2665.90181
1917,8,Fairbanks,0.01,0.9500000000000001,1206.29572,539.46678,957.95416,2703.71666
1918,8,Fairbanks,0.01,0.9,1218.0833299999997,527.36884,945.3811699999999,2690.833339999999
1919,8,Fairbanks,0.05,0.01,1540.2567599999998,317.14338,723.3428,2580.7429399999996
1920,8,Fairbanks,0.05,0.15000000000000002,1489.62602,348.0533,758.78153,2596.46085
1921,8,Fairbanks,0.05,0.1,1507.50532,336.87379,745.4801299999999,2589.8592399999998
1922,8,Fairbanks,0.05,0.25,1457.71883,368.82881999999995,781.9006299999999,2608.4482799999996
1923,8,Fairbanks,0.05,0.2,1473.54532,358.34605,770.24607,2602.13744
1924,8,Fairbanks,0.05,0.30000000000000004,1441.9873499999999,379.27992,793.7768799999999,2615.0441499999997
1925,8,Fairbanks,0.05,0.35000000000000003,1426.72093,390.01605,805.6848,2622.4217799999997
1926,8,Fairbanks,0.05,0.45,1395.1646600000001,413.54686000000004,831.68587,2640.39739
1927,8,Fairbanks,0.05,0.4,1411.0011399999999,401.67060999999995,818.44781,2631.1195599999996
1928,8,Fairbanks,0.05,0.55,1366.2495399999998,436.0958999999999,856.48348,2658.8289199999995
1929,8,Fairbanks,0.05,0.5,1380.53249,424.78970999999996,844.0688399999999,2649.39104
1930,8,Fairbanks,0.05,0.6000000000000001,1352.33664,447.59211,868.9297899999999,2668.85854
1931,8,Fairbanks,0.05,0.65,1338.75128,459.18333,881.3761,2679.3107099999997
1932,8,Fairbanks,0.05,0.7000000000000001,1325.44096,470.71120999999994,893.85408,2690.00625
1933,8,Fairbanks,0.05,0.75,1312.4056799999998,482.49244999999996,906.33206,2701.2301899999998
1934,8,Fairbanks,0.05,0.8500000000000001,1287.06438,506.08660000000003,931.3196899999999,2724.47067
1935,8,Fairbanks,0.05,0.8,1299.6345999999999,494.24201999999997,918.8417099999999,2712.7183299999997
1936,8,Fairbanks,0.05,0.9500000000000001,1262.73822,530.09246,956.40233,2749.23301
1937,8,Fairbanks,0.05,0.9,1274.8008699999998,518.08953,943.8610099999999,2736.75141
1938,8,Fairbanks,0.15000000000000002,0.01,1684.21639,301.15003,721.4426,2706.80902
1939,8,Fairbanks,0.15000000000000002,0.15000000000000002,1630.52939,331.9016,756.84966,2719.2806499999997
1940,8,Fairbanks,0.15000000000000002,0.1,1649.44466,320.78543,743.51659,2713.74668
1941,8,Fairbanks,0.15000000000000002,0.25,1597.26868,352.10706,779.65206,2729.0278
1942,8,Fairbanks,0.15000000000000002,0.2,1613.7085899999997,341.87765,768.25086,2723.8370999999997
1943,8,Fairbanks,0.15000000000000002,0.30000000000000004,1581.0296299999998,362.33646999999996,791.3382899999999,2734.70439
1944,8,Fairbanks,0.15000000000000002,0.35000000000000003,1565.09729,372.66089,803.1511999999999,2740.9093799999996
1945,8,Fairbanks,0.15000000000000002,0.45,1531.89163,395.77999,829.0572599999998,2756.7288799999997
1946,8,Fairbanks,0.15000000000000002,0.4,1548.56322,383.96707999999995,815.85087,2748.3811699999997
1947,8,Fairbanks,0.15000000000000002,0.55,1501.5062999999998,417.88564999999994,853.7281899999999,2773.1201399999995
1948,8,Fairbanks,0.15000000000000002,0.5,1516.5193599999998,406.73781,841.37689,2764.63406
1949,8,Fairbanks,0.15000000000000002,0.6000000000000001,1486.9058,428.93847999999997,866.0794900000001,2781.9237700000003
1950,8,Fairbanks,0.15000000000000002,0.65,1472.58034,440.18133,878.43079,2791.1924599999998
1951,8,Fairbanks,0.15000000000000002,0.7000000000000001,1458.5932599999999,451.58252999999996,890.8137599999999,2800.98955
1952,8,Fairbanks,0.15000000000000002,0.75,1444.90205,463.01539999999994,903.1967299999999,2811.1141799999996
1953,8,Fairbanks,0.15000000000000002,0.8500000000000001,1418.30224,486.03948999999994,928.0260099999998,2832.3677399999997
1954,8,Fairbanks,0.15000000000000002,0.8,1431.44337,474.51161,915.61137,2821.56635
1955,8,Fairbanks,0.15000000000000002,0.9500000000000001,1392.7492399999999,509.44362,952.85529,2855.0481499999996
1956,8,Fairbanks,0.15000000000000002,0.9,1405.3936399999998,497.63070999999997,940.4406499999999,2843.4649999999997
1957,8,Fairbanks,0.1,0.01,1614.1343299999999,308.75082999999995,722.3610299999999,2645.24619
1958,8,Fairbanks,0.1,0.15000000000000002,1561.94921,339.59740999999997,757.76809,2659.31471
1959,8,Fairbanks,0.1,0.1,1580.3360799999998,328.51291,744.43502,2653.28401
1960,8,Fairbanks,0.1,0.25,1529.34358,360.05622999999997,780.6655,2670.06531
1961,8,Fairbanks,0.1,0.2,1545.45595,349.76347999999996,769.2009599999999,2664.42039
1962,8,Fairbanks,0.1,0.30000000000000004,1513.3479,370.41231999999997,792.51008,2676.2703
1963,8,Fairbanks,0.1,0.35000000000000003,1497.64809,380.95843,804.35466,2682.96118
1964,8,Fairbanks,0.1,0.45,1465.2142,404.26754999999997,830.3240599999999,2699.80581
1965,8,Fairbanks,0.1,0.4,1481.48407,392.45464,817.11767,2691.05638
1966,8,Fairbanks,0.1,0.55,1435.5906499999999,426.49988999999994,855.05833,2717.1488699999995
1967,8,Fairbanks,0.1,0.5,1450.2436500000001,415.47873,842.67536,2708.3977400000003
1968,8,Fairbanks,0.1,0.6000000000000001,1421.28602,437.86941999999993,867.4412999999998,2726.59674
1969,8,Fairbanks,0.1,0.65,1407.29894,449.20727999999997,879.8559399999999,2736.3621599999997
1970,8,Fairbanks,0.1,0.7000000000000001,1393.61857,460.7985,892.27058,2746.68765
1971,8,Fairbanks,0.1,0.75,1380.23407,472.3263799999999,904.71689,2757.27734
1972,8,Fairbanks,0.1,0.8500000000000001,1354.29019,495.66716999999994,929.6095099999999,2779.5668699999997
1973,8,Fairbanks,0.1,0.8,1367.1562800000002,483.94926999999996,917.1632000000001,2768.26875
1974,8,Fairbanks,0.1,0.9500000000000001,1329.32978,519.3246599999999,954.56547,2803.21991
1975,8,Fairbanks,0.1,0.9,1341.7199699999999,507.4484099999999,942.08749,2791.25587
1976,8,Fairbanks,0.25,0.01,1815.44681,287.69028,719.76409,2822.90118
1977,8,Fairbanks,0.25,0.15000000000000002,1758.83023,318.18849,755.2661599999999,2832.28488
1978,8,Fairbanks,0.25,0.1,1778.62312,307.19899999999996,742.12311,2827.94523
1979,8,Fairbanks,0.25,0.25,1724.45852,337.82389,777.9735499999999,2840.2559599999995
1980,8,Fairbanks,0.25,0.2,1741.45935,327.87951,766.60402,2835.9428799999996
1981,8,Fairbanks,0.25,0.30000000000000004,1707.77524,347.83160999999996,789.37475,2844.9816
1982,8,Fairbanks,0.25,0.35000000000000003,1691.30366,357.90267,801.06098,2850.26731
1983,8,Fairbanks,0.25,0.45,1656.7236500000001,380.64173,826.8720299999999,2864.23741
1984,8,Fairbanks,0.25,0.4,1674.10367,368.92382999999995,813.72898,2856.75648
1985,8,Fairbanks,0.25,0.55,1625.12232,402.17733,851.38461,2878.68426
1986,8,Fairbanks,0.25,0.5,1640.7062899999999,391.28285,839.1283199999999,2871.11746
1987,8,Fairbanks,0.25,0.6000000000000001,1609.87673,413.07180999999997,863.6725699999998,2886.6211099999996
1988,8,Fairbanks,0.25,0.65,1595.0120299999999,424.0613,875.9605299999998,2895.0338599999995
1989,8,Fairbanks,0.25,0.7000000000000001,1580.43236,435.11412999999993,888.2484900000001,2903.79498
1990,8,Fairbanks,0.25,0.75,1566.1910699999999,446.32531,900.5364500000001,2913.0528299999996
1991,8,Fairbanks,0.25,0.8500000000000001,1538.5869599999999,468.87435,925.1440399999999,2932.60535
1992,8,Fairbanks,0.25,0.8,1552.2464999999997,457.50482,912.8244100000001,2922.57573
1993,8,Fairbanks,0.25,0.9500000000000001,1512.0504899999999,491.61340999999993,949.7199599999999,2953.38386
1994,8,Fairbanks,0.25,0.9,1525.17079,480.18054,937.4636699999999,2942.8149999999996
1995,8,Fairbanks,0.2,0.01,1751.22221,294.15095999999994,720.58751,2765.9606799999997
1996,8,Fairbanks,0.2,0.15000000000000002,1696.09667,324.74418000000003,755.99457,2776.83542
1997,8,Fairbanks,0.2,0.1,1715.4136600000002,313.75469,742.7565099999999,2771.92486
1998,8,Fairbanks,0.2,0.25,1662.2542099999998,344.72794999999996,778.7653,2785.7474599999996
1999,8,Fairbanks,0.2,0.2,1678.98,334.65689,767.3641,2781.00099
2000,8,Fairbanks,0.2,0.30000000000000004,1645.8142999999998,354.83068,790.2615099999999,2790.90649
2001,8,Fairbanks,0.2,0.35000000000000003,1629.51191,364.99674999999996,802.04275,2796.55141
2002,8,Fairbanks,0.2,0.45,1595.59782,387.92582999999996,827.91714,2811.4407899999997
2003,8,Fairbanks,0.2,0.4,1612.6394599999999,376.17625999999996,814.7424199999999,2803.5581399999996
2004,8,Fairbanks,0.2,0.55,1564.5990699999998,409.8098,852.49306,2826.90193
2005,8,Fairbanks,0.2,0.5,1579.87633,398.75696999999997,840.17343,2818.8067300000002
2006,8,Fairbanks,0.2,0.6000000000000001,1549.6601899999998,420.70428,864.81269,2835.1771599999997
2007,8,Fairbanks,0.2,0.65,1535.05969,431.75711,877.1323199999999,2843.94912
2008,8,Fairbanks,0.2,0.7000000000000001,1520.75506,442.96828999999997,889.48362,2853.20697
2009,8,Fairbanks,0.2,0.75,1506.75714,454.43283,901.8032499999999,2862.99322
2010,8,Fairbanks,0.2,0.8500000000000001,1479.61809,477.14021999999994,926.53752,2883.29583
2011,8,Fairbanks,0.2,0.8,1493.0451,465.67567999999994,914.1545499999999,2872.87533
2012,8,Fairbanks,0.2,0.9500000000000001,1453.55752,500.2276499999999,951.2401199999999,2905.02529
2013,8,Fairbanks,0.2,0.9,1466.43445,488.63642999999996,938.8888199999999,2893.9597
2014,8,Fairbanks,0.30000000000000004,0.01,1877.3877699999998,281.51463,719.06735,2877.96975
2015,8,Fairbanks,0.30000000000000004,0.15000000000000002,1818.9626,312.26619999999997,755.10781,2886.33661
2016,8,Fairbanks,0.30000000000000004,0.1,1839.3263999999997,301.1817,741.8064099999999,2882.3145099999992
2017,8,Fairbanks,0.30000000000000004,0.25,1783.11069,332.40831999999995,778.32192,2893.84093
2018,8,Fairbanks,0.30000000000000004,0.2,1800.8832899999998,322.17891,766.63569,2889.69789
2019,8,Fairbanks,0.30000000000000004,0.30000000000000004,1766.0465199999999,342.41604,789.8181299999999,2898.2806899999996
2020,8,Fairbanks,0.30000000000000004,0.35000000000000003,1749.0248599999998,352.70879,801.75772,2903.4913699999997
2021,8,Fairbanks,0.30000000000000004,0.45,1715.68997,373.67432999999994,825.8585899999999,2915.2228899999996
2022,8,Fairbanks,0.30000000000000004,0.4,1732.17239,363.12821999999994,813.7923199999999,2909.09293
2023,8,Fairbanks,0.30000000000000004,0.55,1683.32941,395.17825999999997,850.3711699999999,2928.87884
2024,8,Fairbanks,0.30000000000000004,0.5,1699.56676,384.12543,837.9248599999999,2921.61705
2025,8,Fairbanks,0.30000000000000004,0.6000000000000001,1667.8404500000001,405.9143899999999,862.59579,2936.35063
2026,8,Fairbanks,0.30000000000000004,0.65,1652.7007099999996,416.87220999999994,874.85208,2944.4249999999997
2027,8,Fairbanks,0.30000000000000004,0.7000000000000001,1637.846,427.70335,887.10837,2952.65772
2028,8,Fairbanks,0.30000000000000004,0.75,1623.34051,438.81951999999995,899.36466,2961.52469
2029,8,Fairbanks,0.30000000000000004,0.8500000000000001,1595.2179899999999,461.14687000000004,923.87724,2980.2420999999995
2030,8,Fairbanks,0.30000000000000004,0.8,1609.14173,449.90402,911.62095,2970.6667
2031,8,Fairbanks,0.30000000000000004,0.9500000000000001,1568.4381499999997,483.53756,948.29481,3000.2705199999996
2032,8,Fairbanks,0.30000000000000004,0.9,1581.62179,472.29470999999995,936.1335299999998,2990.0500299999994
2033,8,Fairbanks,0.35000000000000003,0.01,1937.0108699999998,275.78236,718.3706099999999,2931.1638399999997
2034,8,Fairbanks,0.35000000000000003,0.15000000000000002,1877.05215,306.43892,754.6961,2938.18717
2035,8,Fairbanks,0.35000000000000003,0.1,1897.9235199999998,295.44943,741.2996899999999,2934.67264
2036,8,Fairbanks,0.35000000000000003,0.25,1840.7876800000001,326.39101999999997,777.7201899999999,2944.89889
2037,8,Fairbanks,0.35000000000000003,0.2,1858.7928100000001,316.41497,766.0656299999999,2941.2734100000002
2038,8,Fairbanks,0.35000000000000003,0.30000000000000004,1823.4484699999998,336.3354,789.2163999999999,2949.0002699999995
2039,8,Fairbanks,0.35000000000000003,0.35000000000000003,1806.1725999999996,346.50147,800.96597,2953.6400399999993
2040,8,Fairbanks,0.35000000000000003,0.45,1772.37265,367.27698999999996,825.0034999999999,2964.65314
2041,8,Fairbanks,0.35000000000000003,0.4,1789.0876,356.79422,812.9689,2958.85072
2042,8,Fairbanks,0.35000000000000003,0.55,1739.55787,388.52756,849.4527400000001,2977.5381700000003
2043,8,Fairbanks,0.35000000000000003,0.5,1756.05942,377.60141,837.0381,2970.6989299999996
2044,8,Fairbanks,0.35000000000000003,0.6000000000000001,1723.74137,399.29535999999996,861.64569,2984.6824199999996
2045,8,Fairbanks,0.35000000000000003,0.65,1708.3265899999997,409.9681499999999,873.87031,2992.1650499999996
2046,8,Fairbanks,0.35000000000000003,0.7000000000000001,1693.26018,420.8626299999999,886.0632599999999,3000.1860699999997
2047,8,Fairbanks,0.35000000000000003,0.75,1678.52216,431.75711,898.2878799999999,3008.56715
2048,8,Fairbanks,0.35000000000000003,0.8500000000000001,1649.9762399999997,453.8311,922.70545,3026.5127899999998
2049,8,Fairbanks,0.35000000000000003,0.8,1664.11168,442.84161,910.48083,3017.43412
2050,8,Fairbanks,0.35000000000000003,0.9500000000000001,1622.86886,475.93676,946.96467,3045.77029
2051,8,Fairbanks,0.35000000000000003,0.9,1636.11584,464.94727,934.8983999999999,3035.96151
2052,8,Fairbanks,0.45,0.01,2050.28951,265.48960999999997,717.1354799999999,3032.9146
2053,8,Fairbanks,0.45,0.15000000000000002,1987.3370199999997,296.08282999999994,754.1893799999999,3037.6092299999996
2054,8,Fairbanks,0.45,0.1,2009.2027,285.03,740.50794,3034.74064
2055,8,Fairbanks,0.45,0.25,1950.19493,315.62321999999995,776.77009,3042.58824
2056,8,Fairbanks,0.45,0.2,1968.5809499999998,305.86886,765.36889,3039.8187
2057,8,Fairbanks,0.45,0.30000000000000004,1932.3798199999999,325.34591,788.20296,3045.92869
2058,8,Fairbanks,0.45,0.35000000000000003,1914.7022299999996,335.22695,799.79418,3049.7233599999995
2059,8,Fairbanks,0.45,0.45,1880.088,355.62243,823.61002,3059.32045
2060,8,Fairbanks,0.45,0.4,1897.24718,345.29801,811.67043,3054.21562
2061,8,Fairbanks,0.45,0.55,1846.2689199999998,376.5563,847.93258,3070.7578
2062,8,Fairbanks,0.45,0.5,1863.2672,365.85184,835.5496099999999,3064.66865
2063,8,Fairbanks,0.45,0.6000000000000001,1830.0507,387.07074,860.0621899999999,3077.1836299999995
2064,8,Fairbanks,0.45,0.65,1814.2025299999998,397.58518,872.1917999999998,3083.979509999999
2065,8,Fairbanks,0.45,0.7000000000000001,1798.71357,408.28963999999996,884.28974,3091.29295
2066,8,Fairbanks,0.45,0.75,1783.49965,418.93075999999996,896.41935,3098.84976
2067,8,Fairbanks,0.45,0.8500000000000001,1754.1502899999998,440.62470999999994,920.6152299999999,3115.3902299999995
2068,8,Fairbanks,0.45,0.8,1768.6241099999997,429.73022999999995,908.51729,3106.8716299999996
2069,8,Fairbanks,0.45,0.9500000000000001,1726.6411899999998,462.00195999999994,944.46274,3133.10589
2070,8,Fairbanks,0.45,0.9,1739.9089999999999,451.55086,932.7131699999999,3124.17303
2071,8,Fairbanks,0.4,0.01,1994.5494899999999,270.43012999999996,717.7055399999999,2982.68516
2072,8,Fairbanks,0.4,0.15000000000000002,1933.10972,301.05502,754.41107,2988.5758100000003
2073,8,Fairbanks,0.4,0.1,1954.4995,290.16054,740.85631,2985.51635
2074,8,Fairbanks,0.4,0.25,1896.38019,320.8171,777.2134699999999,2994.4107599999998
2075,8,Fairbanks,0.4,0.2,1914.6286899999998,310.9994,765.65392,2991.28201
2076,8,Fairbanks,0.4,0.30000000000000004,1878.8401199999998,330.66646999999995,788.64634,2998.15293
2077,8,Fairbanks,0.4,0.35000000000000003,1861.3633899999998,340.67418999999995,800.26923,3002.3068099999996
2078,8,Fairbanks,0.4,0.45,1827.13005,361.22801999999996,824.2434199999999,3012.6014899999996
2079,8,Fairbanks,0.4,0.4,1844.0458599999997,350.9036,812.27216,3007.22162
2080,8,Fairbanks,0.4,0.55,1793.7760299999998,382.35191,848.6293199999999,3024.75726
2081,8,Fairbanks,0.4,0.5,1810.5101099999997,371.64744999999994,836.24635,3018.4039099999995
2082,8,Fairbanks,0.4,0.6000000000000001,1777.7903399999998,393.02469999999994,860.7906,3031.6056399999998
2083,8,Fairbanks,0.4,0.65,1762.1321899999998,403.57081,872.9835499999999,3038.68655
2084,8,Fairbanks,0.4,0.7000000000000001,1746.8549299999997,414.40194999999994,885.14483,3046.40171
2085,8,Fairbanks,0.4,0.75,1731.8735399999998,425.1064099999999,897.3061099999999,3054.28606
2086,8,Fairbanks,0.4,0.8500000000000001,1702.88339,447.05371999999994,921.597,3071.5341099999996
2087,8,Fairbanks,0.4,0.8,1717.2622000000001,436.06422999999995,909.4357200000001,3062.76215
2088,8,Fairbanks,0.4,0.9500000000000001,1675.50097,468.77934,945.7295399999999,3090.00985
2089,8,Fairbanks,0.4,0.9,1688.8537999999999,458.07487999999995,933.7582799999999,3080.68696
2090,8,Fairbanks,0.55,0.01,2156.47705,256.24197,716.2487199999999,3128.96774
2091,8,Fairbanks,0.55,0.15000000000000002,2090.4683,286.99354,753.99936,3131.4611999999997
2092,8,Fairbanks,0.55,0.1,2113.31745,275.94070999999997,740.03289,3129.29105
2093,8,Fairbanks,0.55,0.25,2052.4911,306.05888,776.3267099999999,3134.87669
2094,8,Fairbanks,0.55,0.2,2071.28968,296.49454,765.1471999999999,3132.93142
2095,8,Fairbanks,0.55,0.30000000000000004,2034.26343,315.71822999999995,787.60123,3137.5828899999997
2096,8,Fairbanks,0.55,0.35000000000000003,2016.22663,325.34591,799.12911,3140.70165
2097,8,Fairbanks,0.55,0.45,1980.86146,345.26633999999996,822.62825,3148.75605
2098,8,Fairbanks,0.55,0.4,1998.4223599999998,335.19527999999997,810.752,3144.36964
2099,8,Fairbanks,0.55,0.55,1946.2280999999998,365.91518,846.8557999999999,3158.9990799999996
2100,8,Fairbanks,0.55,0.5,1963.7022799999997,355.40074,834.5045,3153.6075199999996
2101,8,Fairbanks,0.55,0.6000000000000001,1929.6715,376.2396,858.8903999999999,3164.8014999999996
2102,8,Fairbanks,0.55,0.65,1913.4216099999996,386.65903,870.925,3171.0056399999994
2103,8,Fairbanks,0.55,0.7000000000000001,1897.5309300000001,397.04679,882.9596,3177.5373200000004
2104,8,Fairbanks,0.55,0.75,1881.98947,407.59289999999993,894.9625299999999,3184.5449
2105,8,Fairbanks,0.55,0.8500000000000001,1851.87918,428.8118,918.96839,3199.65937
2106,8,Fairbanks,0.55,0.8,1866.7863899999998,418.20235,906.9971299999999,3191.9858699999995
2107,8,Fairbanks,0.55,0.9500000000000001,1824.25424,449.42896999999994,942.30918,3215.9923900000003
2108,8,Fairbanks,0.55,0.9,1837.3103499999997,439.51626,930.9713199999999,3207.7979299999997
2109,8,Fairbanks,0.5,0.01,2104.23008,260.70743999999996,716.59709,3081.5346099999997
2110,8,Fairbanks,0.5,0.15000000000000002,2039.7332,291.364,754.03103,3085.12823
2111,8,Fairbanks,0.5,0.1,2062.07478,280.37451,740.22291,3082.6722
2112,8,Fairbanks,0.5,0.25,2002.20023,310.68269999999995,776.48506,3089.3679899999997
2113,8,Fairbanks,0.5,0.2,2020.7554400000001,301.05502,765.2105399999999,3087.021
2114,8,Fairbanks,0.5,0.30000000000000004,1984.14175,320.37372,787.85459,3092.3700599999997
2115,8,Fairbanks,0.5,0.35000000000000003,1966.2632999999998,330.15975,799.4141399999999,3095.8371899999997
2116,8,Fairbanks,0.5,0.45,1931.27902,350.23852999999997,823.0716299999999,3104.58918
2117,8,Fairbanks,0.5,0.4,1948.65989,340.07246,811.1637099999999,3099.8960599999996
2118,8,Fairbanks,0.5,0.55,1897.0790499999998,371.04571999999996,847.3625199999999,3115.48729
2119,8,Fairbanks,0.5,0.5,1914.2890299999997,360.49960999999996,834.9795499999999,3109.76819
2120,8,Fairbanks,0.5,0.6000000000000001,1880.6282999999999,381.49681999999996,859.4287899999999,3121.5539099999996
2121,8,Fairbanks,0.5,0.65,1864.57927,391.88457999999997,871.5267299999999,3127.99058
2122,8,Fairbanks,0.5,0.7000000000000001,1848.93196,402.49403,883.593,3135.0189899999996
2123,8,Fairbanks,0.5,0.75,1833.58052,413.10348,895.65927,3142.3432700000003
2124,8,Fairbanks,0.5,0.8500000000000001,1803.7660999999998,434.54407,919.76014,3158.0703099999996
2125,8,Fairbanks,0.5,0.8,1818.4724499999998,423.80794,907.69387,3149.97426
2126,8,Fairbanks,0.5,0.9500000000000001,1776.1936600000001,455.57294999999993,943.35429,3175.1209
2127,8,Fairbanks,0.5,0.9,1789.3556199999998,445.37521,931.79474,3166.52557
2128,8,Fairbanks,0.6000000000000001,0.01,2207.22129,251.99818999999997,715.80534,3175.0248199999996
2129,8,Fairbanks,0.6000000000000001,0.15000000000000002,2139.58398,282.84477,754.03103,3176.45978
2130,8,Fairbanks,0.6000000000000001,0.1,2162.95154,271.82361,739.93788,3174.71303
2131,8,Fairbanks,0.6000000000000001,0.25,2101.17339,301.78343,776.3267099999999,3179.2835299999997
2132,8,Fairbanks,0.6000000000000001,0.2,2120.16199,292.25076,765.1471999999999,3177.55995
2133,8,Fairbanks,0.6000000000000001,0.30000000000000004,2082.77653,311.34776999999997,787.47455,3181.59885
2134,8,Fairbanks,0.6000000000000001,0.35000000000000003,2064.51719,320.91211,799.0024299999999,3184.43173
2135,8,Fairbanks,0.6000000000000001,0.45,2028.86699,340.61084999999997,822.3432200000001,3191.82106
2136,8,Fairbanks,0.6000000000000001,0.4,2046.61791,330.66646999999995,810.4986399999999,3187.78302
2137,8,Fairbanks,0.6000000000000001,0.55,1993.8744199999999,361.13300999999996,846.50743,3201.5148599999998
2138,8,Fairbanks,0.6000000000000001,0.5,2011.5069499999997,350.61857,834.1877999999999,3196.3133199999993
2139,8,Fairbanks,0.6000000000000001,0.6000000000000001,1977.1061199999997,371.33074999999997,858.4786899999999,3206.9155599999995
2140,8,Fairbanks,0.6000000000000001,0.65,1960.6870399999998,381.6235,870.48162,3212.79216
2141,8,Fairbanks,0.6000000000000001,0.7000000000000001,1944.66968,391.88457999999997,882.4528799999999,3219.0071399999997
2142,8,Fairbanks,0.6000000000000001,0.75,1928.9907,402.33567999999997,894.42414,3225.75052
2143,8,Fairbanks,0.6000000000000001,0.8500000000000001,1898.5736999999997,423.33288999999996,918.2716499999999,3240.1782399999993
2144,8,Fairbanks,0.6000000000000001,0.8,1913.6184299999998,412.85012,906.3637299999999,3232.8322799999996
2145,8,Fairbanks,0.6000000000000001,0.9500000000000001,1870.92793,443.66503,941.32741,3255.92037
2146,8,Fairbanks,0.6000000000000001,0.9,1883.8356799999997,434.03735,930.2112400000001,3248.08427
2147,8,Fairbanks,0.65,0.01,2256.40031,248.03943999999996,714.6018799999999,3219.0416299999997
2148,8,Fairbanks,0.65,0.15000000000000002,2186.3509799999997,279.23438999999996,754.79111,3220.37648
2149,8,Fairbanks,0.65,0.1,2210.33196,268.2449,740.50794,3219.0848
2150,8,Fairbanks,0.65,0.25,2146.01511,298.93313,778.41693,3223.3651699999996
2151,8,Fairbanks,0.65,0.2,2165.8605,289.05208999999996,766.57235,3221.48494
2152,8,Fairbanks,0.65,0.30000000000000004,2126.86646,308.78249999999997,790.1031599999999,3225.75212
2153,8,Fairbanks,0.65,0.35000000000000003,2108.02537,318.44185,802.01108,3228.4782999999998
2154,8,Fairbanks,0.65,0.45,2071.77174,338.26727,825.70024,3235.73925
2155,8,Fairbanks,0.65,0.4,2089.76603,328.35456,813.7606499999999,3231.8812399999997
2156,8,Fairbanks,0.65,0.55,2036.9800300000002,358.40939,849.3893999999999,3244.77882
2157,8,Fairbanks,0.65,0.5,2054.28502,348.30665999999997,837.5131499999999,3240.1048299999993
2158,8,Fairbanks,0.65,0.6000000000000001,2020.33926,368.48044999999996,861.04396,3249.8636699999997
2159,8,Fairbanks,0.65,0.65,2003.2117499999997,379.18491,873.33192,3255.72858
2160,8,Fairbanks,0.65,0.7000000000000001,1987.45944,389.22429999999997,884.8281299999999,3261.51187
2161,8,Fairbanks,0.65,0.75,1971.85464,399.42204,896.41935,3267.69603
2162,8,Fairbanks,0.65,0.8500000000000001,1941.4276499999999,420.22923,919.8234799999999,3281.48036
2163,8,Fairbanks,0.65,0.8,1956.4823699999997,409.84146999999996,908.13725,3274.46109
2164,8,Fairbanks,0.65,0.9500000000000001,1913.3801599999997,440.56137,942.68922,3296.6307499999994
2165,8,Fairbanks,0.65,0.9,1926.7004699999998,430.74366999999995,931.5097099999999,3288.9538499999994
2166,8,Fairbanks,0.7000000000000001,0.01,2304.01241,244.30238,714.25351,3262.5683
2167,8,Fairbanks,0.7000000000000001,0.15000000000000002,2231.57274,276.00405,755.61453,3263.19132
2168,8,Fairbanks,0.7000000000000001,0.1,2256.0612899999996,264.85621,741.14134,3262.0588399999997
2169,8,Fairbanks,0.7000000000000001,0.25,2189.14155,296.39952999999997,780.82385,3266.3649299999997
2170,8,Fairbanks,0.7000000000000001,0.2,2209.91876,286.20179,768.3141999999999,3264.43475
2171,8,Fairbanks,0.7000000000000001,0.30000000000000004,2169.14695,306.53393,793.11181,3268.7926899999998
2172,8,Fairbanks,0.7000000000000001,0.35000000000000003,2149.6816,316.50998,805.43144,3271.6230199999995
2173,8,Fairbanks,0.7000000000000001,0.45,2112.83538,336.36706999999996,829.4372999999998,3278.6397499999994
2174,8,Fairbanks,0.7000000000000001,0.4,2131.0097,326.45435999999995,817.4027,3274.8667600000003
2175,8,Fairbanks,0.7000000000000001,0.55,2078.15951,356.22416,852.74642,3287.13009
2176,8,Fairbanks,0.7000000000000001,0.5,2095.24281,346.34312,841.2502099999999,3282.8361400000003
2177,8,Fairbanks,0.7000000000000001,0.6000000000000001,2061.6562599999997,366.04186,864.0526099999998,3291.7507299999993
2178,8,Fairbanks,0.7000000000000001,0.65,2044.0011999999997,377.06302,876.5305899999998,3297.5948099999996
2179,8,Fairbanks,0.7000000000000001,0.7000000000000001,2028.49226,386.91238999999996,887.4567400000001,3302.86139
2180,8,Fairbanks,0.7000000000000001,0.75,2013.15251,396.82509999999996,898.6045799999999,3308.58219
2181,8,Fairbanks,0.7000000000000001,0.8500000000000001,1982.90555,417.34726,921.4703199999999,3321.72313
2182,8,Fairbanks,0.7000000000000001,0.8,1997.8860899999997,407.08617999999996,910.03745,3315.00972
2183,8,Fairbanks,0.7000000000000001,0.9500000000000001,1954.54136,437.64772999999997,944.0510299999999,3336.2401199999995
2184,8,Fairbanks,0.7000000000000001,0.9,1968.29506,427.70335,932.83985,3328.83826
2185,8,Fairbanks,0.75,0.01,2350.2068,240.78700999999998,713.93681,3304.93062
2186,8,Fairbanks,0.75,0.15000000000000002,2275.19676,272.9954,756.5962999999999,3304.7884599999998
2187,8,Fairbanks,0.75,0.1,2300.4470899999997,261.68920999999995,740.7296299999999,3302.8659299999995
2188,8,Fairbanks,0.75,0.25,2230.3743799999997,294.27763999999996,783.64248,3308.2944999999995
2189,8,Fairbanks,0.75,0.2,2252.29426,283.66819,770.2144,3306.17685
2190,8,Fairbanks,0.75,0.30000000000000004,2209.54382,304.69706999999994,796.53217,3310.77306
2191,8,Fairbanks,0.75,0.35000000000000003,2189.51755,314.92647999999997,809.29518,3313.73921
2192,8,Fairbanks,0.75,0.45,2152.04707,334.94192,833.68108,3320.6700699999997
2193,8,Fairbanks,0.75,0.4,2170.45392,324.96587,821.55147,3316.97126
2194,8,Fairbanks,0.75,0.55,2117.4237,354.57732,856.6735,3328.6745199999996
2195,8,Fairbanks,0.75,0.5,2134.32782,344.8863,845.4306499999999,3324.64477
2196,8,Fairbanks,0.75,0.6000000000000001,2101.21717,364.17332999999996,867.53631,3332.92681
2197,8,Fairbanks,0.75,0.65,2083.09705,375.38451,880.0776299999999,3338.5591899999995
2198,8,Fairbanks,0.75,0.7000000000000001,2068.0540199999996,384.91718,890.3387099999999,3343.3099099999995
2199,8,Fairbanks,0.75,0.75,2053.00015,394.54485999999997,900.97983,3348.52484
2200,8,Fairbanks,0.75,0.8500000000000001,2022.9865699999998,414.7186499999999,923.1804999999999,3360.8857199999998
2201,8,Fairbanks,0.75,0.8,2037.8295899999998,404.64759,912.096,3354.57318
2202,8,Fairbanks,0.75,0.9500000000000001,1994.6015499999999,434.76576,945.1594799999999,3374.5267899999994
2203,8,Fairbanks,0.75,0.9,2008.52444,424.88471999999996,934.23333,3367.6424899999997
2204,8,Fairbanks,0.8500000000000001,0.01,2439.21922,233.97795999999997,712.9867099999999,3386.1838900000002
2205,8,Fairbanks,0.8500000000000001,0.15000000000000002,2361.85136,266.02799999999996,755.20282,3383.08218
2206,8,Fairbanks,0.8500000000000001,0.1,2387.64093,254.81681999999998,740.34959,3382.8073400000003
2207,8,Fairbanks,0.8500000000000001,0.25,2314.70198,287.59526999999997,783.5791399999999,3385.8763899999994
2208,8,Fairbanks,0.8500000000000001,0.2,2337.61617,276.95414999999997,769.5493299999999,3384.1196499999996
2209,8,Fairbanks,0.8500000000000001,0.30000000000000004,2292.7495799999997,298.29972999999995,798.33736,3389.3866699999994
2210,8,Fairbanks,0.8500000000000001,0.35000000000000003,2272.1940600000003,308.65581999999995,811.25872,3392.1086000000005
2211,8,Fairbanks,0.8500000000000001,0.45,2233.8351199999997,328.54457999999994,835.70796,3398.0876599999992
2212,8,Fairbanks,0.8500000000000001,0.4,2252.55952,318.66354,823.7050299999999,3394.9280899999994
2213,8,Fairbanks,0.8500000000000001,0.55,2198.54498,347.92661999999996,858.63704,3405.10864
2214,8,Fairbanks,0.8500000000000001,0.5,2215.73498,338.36228,847.4575299999999,3401.55479
2215,8,Fairbanks,0.8500000000000001,0.6000000000000001,2182.1800999999996,357.42762,869.18315,3408.7908699999994
2216,8,Fairbanks,0.8500000000000001,0.65,2163.1407,368.86048999999997,881.9778299999999,3413.9790199999998
2217,8,Fairbanks,0.8500000000000001,0.7000000000000001,2148.15102,378.20313999999996,891.7955299999999,3418.1496899999997
2218,8,Fairbanks,0.8500000000000001,0.75,2133.1821699999996,387.60913,901.9932699999999,3422.7845699999993
2219,8,Fairbanks,0.8500000000000001,0.8500000000000001,2103.0844199999997,407.27619999999996,923.5922099999999,3433.9528299999993
2220,8,Fairbanks,0.8500000000000001,0.8,2117.9166,397.36348999999996,912.79274,3428.07283
2221,8,Fairbanks,0.8500000000000001,0.9500000000000001,2074.4668699999997,426.9116,944.9694599999999,3446.3479299999995
2222,8,Fairbanks,0.8500000000000001,0.9,2088.56979,417.12557,934.3283399999999,3440.0237
2223,8,Fairbanks,0.8,0.01,2395.52272,237.23996999999997,713.3984199999999,3346.16111
2224,8,Fairbanks,0.8,0.15000000000000002,2319.9209399999995,269.09999,754.9811299999999,3344.00206
2225,8,Fairbanks,0.8,0.1,2345.18126,257.95215,740.28625,3343.41966
2226,8,Fairbanks,0.8,0.25,2273.39497,290.79393999999996,784.2758799999999,3348.46479
2227,8,Fairbanks,0.8,0.2,2296.11914,279.99447,769.2009599999999,3345.3145699999995
2228,8,Fairbanks,0.8,0.30000000000000004,2251.9401499999994,301.34005,797.64062,3350.9208199999994
2229,8,Fairbanks,0.8,0.35000000000000003,2231.5755,311.72781,810.53031,3353.83362
2230,8,Fairbanks,0.8,0.45,2193.50159,331.74325,835.1379,3360.38274
2231,8,Fairbanks,0.8,0.4,2212.12014,321.79886999999997,822.97662,3356.89563
2232,8,Fairbanks,0.8,0.55,2158.33813,351.41031999999996,858.1619900000001,3367.91044
2233,8,Fairbanks,0.8,0.5,2175.5073,341.65596,846.9508099999999,3364.11407
2234,8,Fairbanks,0.8,0.6000000000000001,2142.0365899999997,360.94298999999995,868.89812,3371.8776999999995
2235,8,Fairbanks,0.8,0.65,2123.07137,372.56588,881.7878099999999,3377.42506
2236,8,Fairbanks,0.8,0.7000000000000001,2108.03918,382.00354,891.73219,3381.77491
2237,8,Fairbanks,0.8,0.75,2093.02782,391.56788,902.0882799999998,3386.68398
2238,8,Fairbanks,0.8,0.8500000000000001,2062.9617399999997,411.51998,923.9722499999999,3398.4539699999996
2239,8,Fairbanks,0.8,0.8,2077.7939199999996,401.48058999999995,913.0461,3392.3206099999998
2240,8,Fairbanks,0.8,0.9500000000000001,2034.3333499999999,431.40873999999997,945.6345299999998,3411.3766199999995
2241,8,Fairbanks,0.8,0.9,2048.4570999999996,421.62271,934.83506,3404.9148699999996
2242,8,Fairbanks,0.9500000000000001,0.01,2522.97251,227.89731999999998,712.2899699999999,3463.1598
2243,8,Fairbanks,0.9500000000000001,0.15000000000000002,2441.91329,260.42241,755.89956,3458.23526
2244,8,Fairbanks,0.9500000000000001,0.1,2468.6863299999995,249.14789,740.66629,3458.50051
2245,8,Fairbanks,0.9500000000000001,0.25,2393.1986899999997,282.14803,784.81427,3460.1609899999994
2246,8,Fairbanks,0.9500000000000001,0.2,2416.8638199999996,271.50691,770.5311,3458.90183
2247,8,Fairbanks,0.9500000000000001,0.30000000000000004,2370.83458,292.6308,798.4006999999999,3461.86608
2248,8,Fairbanks,0.9500000000000001,0.35000000000000003,2349.8665,302.89187999999996,811.3537299999999,3464.11211
2249,8,Fairbanks,0.9500000000000001,0.45,2310.6924299999996,322.84398,837.38647,3470.9228799999996
2250,8,Fairbanks,0.9500000000000001,0.4,2329.91441,312.86793,823.8317099999999,3466.6140499999997
2251,8,Fairbanks,0.9500000000000001,0.55,2275.07475,341.84598,859.99885,3476.91958
2252,8,Fairbanks,0.9500000000000001,0.5,2292.40227,332.47166,849.0093599999999,3473.88329
2253,8,Fairbanks,0.9500000000000001,0.6000000000000001,2258.75238,351.06194999999997,870.2282599999999,3480.0425899999996
2254,8,Fairbanks,0.9500000000000001,0.65,2239.66048,362.24145999999996,882.76958,3484.67152
2255,8,Fairbanks,0.9500000000000001,0.7000000000000001,2224.78749,371.20406999999994,892.1438999999999,3488.13546
2256,8,Fairbanks,0.9500000000000001,0.75,2209.89282,380.42004,901.9932699999999,3492.30613
2257,8,Fairbanks,0.9500000000000001,0.8500000000000001,2179.93344,399.42204,923.08549,3502.4409699999997
2258,8,Fairbanks,0.9500000000000001,0.8,2194.74394,389.76268999999996,912.5393799999999,3497.04601
2259,8,Fairbanks,0.9500000000000001,0.9500000000000001,2151.43258,418.51905,943.8610099999999,3513.81264
2260,8,Fairbanks,0.9500000000000001,0.9,2165.48215,408.89137,933.5365899999999,3507.91011
2261,8,Fairbanks,0.9,0.01,2481.70971,230.8743,712.63834,3425.22235
2262,8,Fairbanks,0.9,0.15000000000000002,2402.49075,263.11436,755.5195199999999,3421.12463
2263,8,Fairbanks,0.9,0.1,2428.7878899999996,251.87151,740.47627,3421.1356699999997
2264,8,Fairbanks,0.9,0.25,2354.55876,284.77664,784.1492,3423.4846
2265,8,Fairbanks,0.9,0.2,2377.8646799999997,274.13552,769.99271,3421.9929099999995
2266,8,Fairbanks,0.9,0.30000000000000004,2332.5013599999997,295.29107999999997,797.67229,3425.4647299999997
2267,8,Fairbanks,0.9,0.35000000000000003,2311.55411,305.77385,812.05047,3429.37843
2268,8,Fairbanks,0.9,0.45,2272.87762,325.56759999999997,836.4997099999999,3434.94493
2269,8,Fairbanks,0.9,0.4,2291.73954,315.71822999999995,824.4651099999999,3431.92288
2270,8,Fairbanks,0.9,0.55,2237.4291299999995,344.75962,859.2071,3441.3958499999994
2271,8,Fairbanks,0.9,0.5,2254.69331,335.29028999999997,848.1226,3438.1062
2272,8,Fairbanks,0.9,0.6000000000000001,2221.0959199999998,354.16560999999996,869.6582,3444.9197299999996
2273,8,Fairbanks,0.9,0.65,2202.02485,365.44012999999995,882.3262,3449.7911799999997
2274,8,Fairbanks,0.9,0.7000000000000001,2187.08852,374.59276,891.89054,3453.5718199999997
2275,8,Fairbanks,0.9,0.75,2172.11967,383.90373999999997,901.8982599999998,3457.9216699999997
2276,8,Fairbanks,0.9,0.8500000000000001,2142.07527,403.25410999999997,923.30718,3468.63656
2277,8,Fairbanks,0.9,0.8,2156.91744,393.49974999999995,912.66606,3463.08325
2278,8,Fairbanks,0.9,0.9500000000000001,2113.54274,422.60447999999997,944.3993999999999,3480.5466199999996
2279,8,Fairbanks,0.9,0.9,2127.62398,412.91346,933.88496,3474.4224
2280,6B,GreatFalls,0.01,0.01,561.83479,483.53756,816.92765,1862.3000000000002
2281,6B,GreatFalls,0.01,0.15000000000000002,520.24848,524.36019,848.50264,1893.1113100000002
2282,6B,GreatFalls,0.01,0.1,534.54036,509.5703,836.7530699999999,1880.8637299999996
2283,6B,GreatFalls,0.01,0.25,495.11100999999996,552.19812,868.89812,1916.20725
2284,6B,GreatFalls,0.01,0.2,507.42596,538.19998,858.6687099999999,1904.2946499999998
2285,6B,GreatFalls,0.01,0.30000000000000004,483.29278999999997,566.3229399999999,879.19087,1928.8066
2286,6B,GreatFalls,0.01,0.35000000000000003,472.00297,580.57444,889.5786299999999,1942.1560399999998
2287,6B,GreatFalls,0.01,0.45,449.24499999999995,611.83273,911.3042499999999,1972.3819799999999
2288,6B,GreatFalls,0.01,0.4,460.60814999999997,595.9027199999999,900.21975,1956.7306199999998
2289,6B,GreatFalls,0.01,0.55,429.12902999999994,642.29927,932.83985,2004.2681499999999
2290,6B,GreatFalls,0.01,0.5,439.00199,627.0026599999999,922.0403799999999,1988.0450299999998
2291,6B,GreatFalls,0.01,0.6000000000000001,419.59445,657.59588,943.6709900000001,2020.86132
2292,6B,GreatFalls,0.01,0.65,410.46159,673.08251,954.5337999999999,2038.0779
2293,6B,GreatFalls,0.01,0.7000000000000001,401.69878,688.69582,965.3649399999999,2055.75954
2294,6B,GreatFalls,0.01,0.75,393.23184,704.3408,976.2277499999999,2073.80039
2295,6B,GreatFalls,0.01,0.8500000000000001,377.15475,735.75744,998.0167099999999,2110.9289
2296,6B,GreatFalls,0.01,0.8,385.03994,720.04912,987.12223,2092.21129
2297,6B,GreatFalls,0.01,0.9500000000000001,362.16612999999995,767.39577,1019.8373399999999,2149.3992399999997
2298,6B,GreatFalls,0.01,0.9,369.50209,751.5291,1008.9428599999999,2129.97405
2299,6B,GreatFalls,0.05,0.01,589.8710199999999,474.92332,816.2942499999999,1881.0885899999998
2300,6B,GreatFalls,0.05,0.15000000000000002,546.58197,515.46092,847.90091,1909.9438
2301,6B,GreatFalls,0.05,0.1,561.4872700000001,500.76604,836.1830099999999,1898.4363199999998
2302,6B,GreatFalls,0.05,0.25,520.51353,542.91881,868.26472,1931.69706
2303,6B,GreatFalls,0.05,0.2,533.2518799999999,529.11069,858.06698,1920.4295499999998
2304,6B,GreatFalls,0.05,0.30000000000000004,508.26192,556.9169499999999,878.4941299999999,1943.6729999999998
2305,6B,GreatFalls,0.05,0.35000000000000003,496.53871000000004,570.9784299999999,888.7868799999999,1956.3040199999998
2306,6B,GreatFalls,0.05,0.45,472.82893999999993,601.95169,910.5758399999999,1985.3564699999997
2307,6B,GreatFalls,0.05,0.4,484.60464999999994,586.08502,899.45967,1970.14934
2308,6B,GreatFalls,0.05,0.55,451.87785999999994,632.10153,932.01643,2015.99582
2309,6B,GreatFalls,0.05,0.5,462.15254,616.9316,921.2802999999999,2000.3644399999998
2310,6B,GreatFalls,0.05,0.6000000000000001,441.97323,647.23979,942.78423,2031.99725
2311,6B,GreatFalls,0.05,0.65,432.47031999999996,662.5364,953.5837,2048.59042
2312,6B,GreatFalls,0.05,0.7000000000000001,423.29495,677.9596899999999,964.38317,2065.6378099999997
2313,6B,GreatFalls,0.05,0.75,414.50046999999995,693.54133,975.21431,2083.25611
2314,6B,GreatFalls,0.05,0.8500000000000001,397.73578,724.6729399999999,996.93993,2119.34865
2315,6B,GreatFalls,0.05,0.8,405.97019,709.1229699999999,986.07712,2101.17028
2316,6B,GreatFalls,0.05,0.9500000000000001,382.12375,755.99457,1018.6655499999998,2156.7838699999998
2317,6B,GreatFalls,0.05,0.9,389.80808,740.28625,1007.80274,2137.89707
2318,6B,GreatFalls,0.15000000000000002,0.01,657.1125699999999,455.92132,815.1224599999999,1928.1563499999997
2319,6B,GreatFalls,0.15000000000000002,0.15000000000000002,609.8779499999999,495.76217999999994,846.69745,1952.33758
2320,6B,GreatFalls,0.15000000000000002,0.1,626.08427,481.3206599999999,834.9478799999999,1942.3528099999999
2321,6B,GreatFalls,0.15000000000000002,0.25,581.6616899999999,522.36498,866.8712400000001,1970.8979099999997
2322,6B,GreatFalls,0.15000000000000002,0.2,595.45769,509.00023999999996,856.7368399999999,1961.19477
2323,6B,GreatFalls,0.15000000000000002,0.30000000000000004,568.41577,535.88807,877.00564,1981.30948
2324,6B,GreatFalls,0.15000000000000002,0.35000000000000003,555.6982499999999,549.5695099999999,887.2033799999999,1992.4711399999997
2325,6B,GreatFalls,0.15000000000000002,0.45,529.78901,579.8777,908.929,2018.59571
2326,6B,GreatFalls,0.15000000000000002,0.4,542.7065399999999,564.39107,897.8444999999999,2004.9421099999997
2327,6B,GreatFalls,0.15000000000000002,0.55,506.93433,609.20412,930.2112400000001,2046.34969
2328,6B,GreatFalls,0.15000000000000002,0.5,518.12914,594.4458999999999,919.57012,2032.14516
2329,6B,GreatFalls,0.15000000000000002,0.6000000000000001,496.1520799999999,624.05735,940.9157,2061.12513
2330,6B,GreatFalls,0.15000000000000002,0.65,485.77155,639.00559,951.58849,2076.36563
2331,6B,GreatFalls,0.15000000000000002,0.7000000000000001,475.75023,654.08051,962.29295,2092.12369
2332,6B,GreatFalls,0.15000000000000002,0.75,466.10979999999995,669.1871,972.99741,2108.2943099999998
2333,6B,GreatFalls,0.15000000000000002,0.8500000000000001,447.80157,699.68531,994.5013399999999,2141.9882199999997
2334,6B,GreatFalls,0.15000000000000002,0.8,456.77608000000004,684.42037,983.73354,2124.92999
2335,6B,GreatFalls,0.15000000000000002,0.9500000000000001,430.66683,730.4052099999999,1016.00527,2177.07731
2336,6B,GreatFalls,0.15000000000000002,0.9,439.09126,715.1086,1005.23747,2159.4373299999997
2337,6B,GreatFalls,0.1,0.01,624.00893,465.07394999999997,815.69252,1904.7754
2338,6B,GreatFalls,0.1,0.15000000000000002,578.68875,505.19984,847.2675099999999,1931.1561
2339,6B,GreatFalls,0.1,0.1,594.2499799999999,490.66330999999997,835.51794,1920.43123
2340,6B,GreatFalls,0.1,0.25,551.4884799999999,532.1826799999999,867.53631,1951.2074699999998
2341,6B,GreatFalls,0.1,0.2,564.80858,518.65959,857.3702400000001,1940.8384100000003
2342,6B,GreatFalls,0.1,0.30000000000000004,538.7609699999999,545.9908,877.70238,1962.4541499999998
2343,6B,GreatFalls,0.1,0.35000000000000003,526.48768,559.86226,887.93179,1974.2817300000002
2344,6B,GreatFalls,0.1,0.45,501.66776,590.45548,909.72075,2001.8439899999998
2345,6B,GreatFalls,0.1,0.4,514.01438,574.7471599999999,898.6045799999999,1987.36612
2346,6B,GreatFalls,0.1,0.55,479.73321,620.22528,931.06633,2031.02482
2347,6B,GreatFalls,0.1,0.5,490.48379,605.24537,920.3935399999999,2016.1227
2348,6B,GreatFalls,0.1,0.6000000000000001,469.39518999999996,635.23686,941.8024599999999,2046.4345099999998
2349,6B,GreatFalls,0.1,0.65,459.4480499999999,650.31178,952.5069199999999,2062.26675
2350,6B,GreatFalls,0.1,0.7000000000000001,449.83928999999995,665.4817099999999,963.27472,2078.59572
2351,6B,GreatFalls,0.1,0.75,440.56890999999996,680.905,974.04252,2095.5164299999997
2352,6B,GreatFalls,0.1,0.8500000000000001,423.03245,711.78325,995.6731299999999,2130.48883
2353,6B,GreatFalls,0.1,0.8,431.66858,696.2649499999999,984.84199,2112.7755199999997
2354,6B,GreatFalls,0.1,0.9500000000000001,406.63781,742.7565099999999,1017.3037400000001,2166.6980599999997
2355,6B,GreatFalls,0.1,0.9,414.70302999999996,727.23821,1006.4725999999999,2148.4138399999997
2356,6B,GreatFalls,0.25,0.01,720.76542,439.51626,814.14069,1974.42237
2357,6B,GreatFalls,0.25,0.15000000000000002,669.9544299999999,478.91373999999996,845.8740299999998,1994.7421999999997
2358,6B,GreatFalls,0.25,0.1,687.46177,464.59889999999996,834.02945,1986.0901199999998
2359,6B,GreatFalls,0.25,0.25,639.80205,504.75645999999995,865.79446,2010.35297
2360,6B,GreatFalls,0.25,0.2,654.6031999999999,491.70841999999993,855.7550699999999,2002.0666899999999
2361,6B,GreatFalls,0.25,0.30000000000000004,625.62516,517.86784,875.83385,2019.32685
2362,6B,GreatFalls,0.25,0.35000000000000003,612.01918,531.23258,885.90491,2029.15667
2363,6B,GreatFalls,0.25,0.45,584.1004899999999,560.84403,907.59886,2052.54338
2364,6B,GreatFalls,0.25,0.4,598.00149,545.64243,896.5460299999999,2040.18995
2365,6B,GreatFalls,0.25,0.55,559.54307,589.53705,928.7544199999999,2077.83454
2366,6B,GreatFalls,0.25,0.5,571.58383,575.15887,918.17664,2064.91934
2367,6B,GreatFalls,0.25,0.6000000000000001,547.92486,604.01024,939.36387,2091.29897
2368,6B,GreatFalls,0.25,0.65,536.76172,618.61011,949.9733199999998,2105.34515
2369,6B,GreatFalls,0.25,0.7000000000000001,525.96863,633.3366599999999,960.58277,2119.8880599999998
2370,6B,GreatFalls,0.25,0.75,515.59809,648.1582199999999,971.19222,2134.9485299999997
2371,6B,GreatFalls,0.25,0.8500000000000001,495.86215999999996,677.99136,992.44279,2166.2963099999997
2372,6B,GreatFalls,0.25,0.8,505.57676999999995,663.01145,981.8333399999999,2150.4215599999998
2373,6B,GreatFalls,0.25,0.9500000000000001,477.46891,708.1411999999999,1013.6933599999999,2199.30347
2374,6B,GreatFalls,0.25,0.9,486.5176,693.06628,1003.08391,2182.66779
2375,6B,GreatFalls,0.2,0.01,689.29778,447.43375999999995,814.6157400000001,1951.34728
2376,6B,GreatFalls,0.2,0.15000000000000002,640.2645600000001,487.02126,846.2540699999998,1973.53989
2377,6B,GreatFalls,0.2,0.1,657.11597,472.6114099999999,834.4728299999999,1964.2002099999997
2378,6B,GreatFalls,0.2,0.25,611.0539899999999,513.2756899999999,866.30118,1990.6308599999998
2379,6B,GreatFalls,0.2,0.2,625.3684,500.10096999999996,856.19845,1981.6678199999997
2380,6B,GreatFalls,0.2,0.30000000000000004,597.353,526.57709,876.37224,2000.30233
2381,6B,GreatFalls,0.2,0.35000000000000003,584.1595799999999,540.03684,886.50664,2010.7030599999998
2382,6B,GreatFalls,0.2,0.45,557.26687,570.06,908.2322599999999,2035.5591299999996
2383,6B,GreatFalls,0.2,0.4,570.6603,554.66838,897.1477599999998,2022.47644
2384,6B,GreatFalls,0.2,0.55,533.52373,599.0063799999999,929.45116,2061.9812699999998
2385,6B,GreatFalls,0.2,0.5,545.1519299999999,584.53319,918.8417099999999,2048.52683
2386,6B,GreatFalls,0.2,0.6000000000000001,522.31808,613.66959,940.0922799999998,2076.07995
2387,6B,GreatFalls,0.2,0.65,511.50415999999996,628.49115,950.7334,2090.72871
2388,6B,GreatFalls,0.2,0.7000000000000001,501.10195,643.37605,961.4061899999999,2105.8841899999998
2389,6B,GreatFalls,0.2,0.75,491.09147,658.29262,972.0473099999999,2121.4314
2390,6B,GreatFalls,0.2,0.8500000000000001,472.0323,688.47413,993.39289,2153.89932
2391,6B,GreatFalls,0.2,0.8,481.40853,673.36754,982.7201,2137.49617
2392,6B,GreatFalls,0.2,0.9500000000000001,454.28414000000004,718.97234,1014.8018099999999,2188.05829
2393,6B,GreatFalls,0.2,0.9,463.02612000000005,703.73907,1004.09735,2170.86254
2394,6B,GreatFalls,0.30000000000000004,0.01,751.63218,432.10547999999994,813.69731,1997.4349699999998
2395,6B,GreatFalls,0.30000000000000004,0.15000000000000002,698.63086,471.72464999999994,846.0323799999999,2016.3878899999997
2396,6B,GreatFalls,0.30000000000000004,0.1,716.89998,457.2831299999999,833.9661099999998,2008.1492199999998
2397,6B,GreatFalls,0.30000000000000004,0.25,666.7757399999999,498.32744999999994,866.8078999999999,2031.9110899999996
2398,6B,GreatFalls,0.30000000000000004,0.2,682.39117,484.89937000000003,856.3567999999999,2023.64734
2399,6B,GreatFalls,0.30000000000000004,0.30000000000000004,651.9429199999998,511.5971799999999,877.19566,2040.7357599999996
2400,6B,GreatFalls,0.30000000000000004,0.35000000000000003,637.5543299999999,525.21528,887.7101,2050.4797099999996
2401,6B,GreatFalls,0.30000000000000004,0.45,610.40571,552.73651,908.7706499999999,2071.91287
2402,6B,GreatFalls,0.30000000000000004,0.4,623.70498,538.89672,898.2245399999999,2060.82624
2403,6B,GreatFalls,0.30000000000000004,0.55,585.0765200000001,580.7011200000001,928.1210199999999,2093.8986600000003
2404,6B,GreatFalls,0.30000000000000004,0.5,597.5823399999999,566.76632,919.2850899999999,2083.63375
2405,6B,GreatFalls,0.30000000000000004,0.6000000000000001,573.11993,594.92095,938.6987999999999,2106.7396799999997
2406,6B,GreatFalls,0.30000000000000004,0.65,561.54423,609.3941399999999,949.27658,2120.2149499999996
2407,6B,GreatFalls,0.30000000000000004,0.7000000000000001,550.4127599999999,623.96234,959.8543599999999,2134.22946
2408,6B,GreatFalls,0.30000000000000004,0.75,539.6405,638.62555,970.43214,2148.69819
2409,6B,GreatFalls,0.30000000000000004,0.8500000000000001,519.2803099999999,668.1736599999999,991.5877,2179.0416699999996
2410,6B,GreatFalls,0.30000000000000004,0.8,529.31247,653.3521,980.9782499999999,2163.64282
2411,6B,GreatFalls,0.30000000000000004,0.9500000000000001,500.33698,697.88012,1012.61658,2210.83368
2412,6B,GreatFalls,0.30000000000000004,0.9,509.56569999999994,682.9952199999999,1002.1654799999999,2194.7263999999996
2413,6B,GreatFalls,0.35000000000000003,0.01,781.68551,425.23309,813.2856,2020.2042000000001
2414,6B,GreatFalls,0.35000000000000003,0.15000000000000002,727.01142,464.63057,845.8106899999999,2037.4526799999999
2415,6B,GreatFalls,0.35000000000000003,0.1,745.82063,450.31573,833.7444199999999,2029.88078
2416,6B,GreatFalls,0.35000000000000003,0.25,694.26784,490.885,866.4278599999999,2051.5807
2417,6B,GreatFalls,0.35000000000000003,0.2,710.37001,477.5836,856.0717699999999,2044.02538
2418,6B,GreatFalls,0.35000000000000003,0.30000000000000004,679.04329,504.02805,876.81562,2059.88696
2419,6B,GreatFalls,0.35000000000000003,0.35000000000000003,664.2312999999999,517.4561299999999,887.2667200000001,2068.95415
2420,6B,GreatFalls,0.35000000000000003,0.45,636.2575599999999,544.69233,908.26393,2089.21382
2421,6B,GreatFalls,0.35000000000000003,0.4,649.93772,531.07423,897.74949,2078.76144
2422,6B,GreatFalls,0.35000000000000003,0.55,610.14576,572.34024,927.5826299999999,2110.0686299999998
2423,6B,GreatFalls,0.35000000000000003,0.5,623.09581,558.53212,918.7467,2100.3746300000003
2424,6B,GreatFalls,0.35000000000000003,0.6000000000000001,597.8191199999999,586.46506,938.0970699999999,2122.38125
2425,6B,GreatFalls,0.35000000000000003,0.65,585.9258699999999,600.7482299999999,948.64318,2135.3172799999998
2426,6B,GreatFalls,0.35000000000000003,0.7000000000000001,574.40267,615.15808,959.1892899999999,2148.75004
2427,6B,GreatFalls,0.35000000000000003,0.75,563.2712,629.5996,969.70373,2162.57453
2428,6B,GreatFalls,0.35000000000000003,0.8500000000000001,542.25508,658.86268,990.7642799999999,2191.88204
2429,6B,GreatFalls,0.35000000000000003,0.8,552.59395,644.1994699999999,980.2498399999998,2177.04326
2430,6B,GreatFalls,0.35000000000000003,0.9500000000000001,522.8041800000001,688.12576,1011.63481,2222.56475
2431,6B,GreatFalls,0.35000000000000003,0.9,532.2654299999999,673.5892299999999,1001.31039,2207.16505
2432,6B,GreatFalls,0.45,0.01,839.8494599999999,412.6601,812.7155399999999,2065.2250999999997
2433,6B,GreatFalls,0.45,0.15000000000000002,781.86235,451.77254999999997,845.52566,2079.1605600000003
2434,6B,GreatFalls,0.45,0.1,801.64589,437.74273999999997,833.5860699999998,2072.9746999999998
2435,6B,GreatFalls,0.45,0.25,747.55185,477.39358,866.0161499999999,2090.96158
2436,6B,GreatFalls,0.45,0.2,764.3633,464.53556,855.7234,2084.62226
2437,6B,GreatFalls,0.45,0.30000000000000004,731.55468,490.2516,876.24556,2098.05184
2438,6B,GreatFalls,0.45,0.35000000000000003,715.9809099999999,503.39464999999996,886.6333199999999,2106.00888
2439,6B,GreatFalls,0.45,0.45,686.4935999999999,530.02912,907.4405099999999,2123.96323
2440,6B,GreatFalls,0.45,0.4,700.94638,516.69605,897.02108,2114.66351
2441,6B,GreatFalls,0.45,0.55,658.85824,557.0753,926.69587,2142.62941
2442,6B,GreatFalls,0.45,0.5,672.5592300000001,543.52054,917.8599399999999,2133.93971
2443,6B,GreatFalls,0.45,0.6000000000000001,645.78066,571.0101,937.14697,2153.9377299999996
2444,6B,GreatFalls,0.45,0.65,633.21065,584.91323,947.5980699999999,2165.72195
2445,6B,GreatFalls,0.45,0.7000000000000001,621.0740299999999,598.97471,958.0491699999999,2178.0979099999995
2446,6B,GreatFalls,0.45,0.75,609.33913,613.19454,968.50027,2191.03394
2447,6B,GreatFalls,0.45,0.8500000000000001,587.0645,641.8558899999999,989.3707999999999,2218.29119
2448,6B,GreatFalls,0.45,0.8,597.9851199999999,627.4460399999999,978.95137,2204.38253
2449,6B,GreatFalls,0.45,0.9500000000000001,566.7143,670.16887,1009.82962,2246.71279
2450,6B,GreatFalls,0.45,0.9,576.48226,656.2974099999999,999.79023,2232.5699
2451,6B,GreatFalls,0.4,0.01,811.0946,418.7724099999999,813.06391,2042.9309199999998
2452,6B,GreatFalls,0.4,0.15000000000000002,754.74859,457.97987,845.6523399999999,2058.3808
2453,6B,GreatFalls,0.4,0.1,774.07621,443.85505,833.5860699999998,2051.5173299999997
2454,6B,GreatFalls,0.4,0.25,721.1790399999999,483.9176,866.2061699999999,2071.3028099999997
2455,6B,GreatFalls,0.4,0.2,737.6621,470.90122999999994,855.8500799999999,2064.41341
2456,6B,GreatFalls,0.4,0.30000000000000004,705.56276,496.90229999999997,876.4989199999999,2078.96398
2457,6B,GreatFalls,0.4,0.35000000000000003,690.36988,510.20369999999997,886.91835,2087.49193
2458,6B,GreatFalls,0.4,0.45,661.6343599999999,537.1232,907.8205499999999,2106.57811
2459,6B,GreatFalls,0.4,0.4,675.72708,523.6634499999999,897.3377799999998,2096.7283099999995
2460,6B,GreatFalls,0.4,0.55,634.76078,564.48608,927.10758,2126.35444
2461,6B,GreatFalls,0.4,0.5,648.0492099999999,550.80464,918.2716499999999,2117.1255
2462,6B,GreatFalls,0.4,0.6000000000000001,622.05325,578.5158899999999,937.59035,2138.15949
2463,6B,GreatFalls,0.4,0.65,609.78995,592.6090399999999,948.07312,2150.4721099999997
2464,6B,GreatFalls,0.4,0.7000000000000001,597.92837,606.7972,958.5875599999999,2163.31313
2465,6B,GreatFalls,0.4,0.75,586.51102,621.20705,969.07033,2176.7884
2466,6B,GreatFalls,0.4,0.8500000000000001,564.8498099999999,650.15343,990.0358699999999,2205.0391099999997
2467,6B,GreatFalls,0.4,0.8,575.46372,635.64857,979.5531,2190.66539
2468,6B,GreatFalls,0.4,0.9500000000000001,544.9121700000001,678.9097899999999,1010.7163799999998,2234.53834
2469,6B,GreatFalls,0.4,0.9,554.54261,664.7216299999999,1000.51864,2219.7828799999997
2470,6B,GreatFalls,0.55,0.01,895.55314,401.35391,811.0687,2107.97575
2471,6B,GreatFalls,0.55,0.15000000000000002,834.0313199999999,440.52969999999993,845.8423599999999,2120.4033799999997
2472,6B,GreatFalls,0.55,0.1,855.0425499999999,426.43655,832.50929,2113.98839
2473,6B,GreatFalls,0.55,0.25,798.4181,465.61234,866.0161499999999,2130.04659
2474,6B,GreatFalls,0.55,0.2,815.9388299999999,452.94434,855.81841,2124.70158
2475,6B,GreatFalls,0.55,0.30000000000000004,781.7433199999999,478.18533,876.1505499999998,2136.0791999999997
2476,6B,GreatFalls,0.55,0.35000000000000003,765.52361,490.98001,886.2532799999999,2142.7569
2477,6B,GreatFalls,0.55,0.45,734.63942,517.01275,906.9337899999999,2158.58596
2478,6B,GreatFalls,0.55,0.4,749.7906399999999,504.02805,896.5777,2150.39639
2479,6B,GreatFalls,0.55,0.55,705.6280099999999,543.52054,926.0624700000001,2175.2110199999997
2480,6B,GreatFalls,0.55,0.5,720.1016199999999,530.18747,917.25821,2167.5472999999997
2481,6B,GreatFalls,0.55,0.6000000000000001,691.947,557.17031,936.41856,2185.53587
2482,6B,GreatFalls,0.55,0.65,678.72106,570.91509,946.8063199999999,2196.44247
2483,6B,GreatFalls,0.55,0.7000000000000001,665.99185,584.69154,957.16241,2207.8458
2484,6B,GreatFalls,0.55,0.75,653.6543699999999,598.53133,967.5501699999999,2219.73587
2485,6B,GreatFalls,0.55,0.8500000000000001,630.23707,626.62262,988.23068,2245.09037
2486,6B,GreatFalls,0.55,0.8,641.73944,612.62448,977.9062599999999,2232.2701799999995
2487,6B,GreatFalls,0.55,0.9500000000000001,609.2201,654.04884,1008.24612,2271.5150599999997
2488,6B,GreatFalls,0.55,0.9,619.13642,640.84245,998.5550999999999,2258.53397
2489,6B,GreatFalls,0.5,0.01,868.06593,406.80114999999995,811.5437499999999,2086.41083
2490,6B,GreatFalls,0.5,0.15000000000000002,808.2902099999999,445.97693999999996,845.6840099999998,2099.9511599999996
2491,6B,GreatFalls,0.5,0.1,828.62383,431.9788,833.5227299999999,2094.12536
2492,6B,GreatFalls,0.5,0.25,773.29126,471.2496,865.92114,2110.462
2493,6B,GreatFalls,0.5,0.2,790.42026,458.51826,855.81841,2104.75693
2494,6B,GreatFalls,0.5,0.30000000000000004,756.9765399999999,484.10762,876.0872099999999,2117.17137
2495,6B,GreatFalls,0.5,0.35000000000000003,741.03187,496.96563999999995,886.41163,2124.4091399999998
2496,6B,GreatFalls,0.5,0.45,710.82529,523.2834099999999,907.1554799999999,2141.2641799999997
2497,6B,GreatFalls,0.5,0.4,725.65896,510.17203,896.76772,2132.59871
2498,6B,GreatFalls,0.5,0.55,682.51232,550.1079,926.3475,2158.96772
2499,6B,GreatFalls,0.5,0.5,696.5308600000001,536.64815,917.5115699999999,2150.69058
2500,6B,GreatFalls,0.5,0.6000000000000001,669.08552,563.94769,936.7352599999998,2169.76847
2501,6B,GreatFalls,0.5,0.65,656.19796,577.69247,947.1863599999999,2181.07679
2502,6B,GreatFalls,0.5,0.7000000000000001,643.7546299999999,591.6589399999999,957.57412,2192.98769
2503,6B,GreatFalls,0.5,0.75,631.72386,605.6887499999999,967.9935499999999,2205.4061599999995
2504,6B,GreatFalls,0.5,0.8500000000000001,608.82497,634.06507,988.7690699999998,2231.6591099999996
2505,6B,GreatFalls,0.5,0.8,620.0839699999999,619.84524,978.38131,2218.31052
2506,6B,GreatFalls,0.5,0.9500000000000001,588.1572199999999,661.9029999999999,1009.0062,2259.06642
2507,6B,GreatFalls,0.5,0.9,597.9993599999999,648.31657,999.15683,2245.4727599999997
2508,6B,GreatFalls,0.6000000000000001,0.01,922.4069499999999,396.19169999999997,810.6886599999999,2129.2873099999997
2509,6B,GreatFalls,0.6000000000000001,0.15000000000000002,859.29738,435.27248,844.79725,2139.36711
2510,6B,GreatFalls,0.6000000000000001,0.1,880.73201,421.27434,832.31927,2134.3256199999996
2511,6B,GreatFalls,0.6000000000000001,0.25,822.93237,460.19676999999996,865.8894700000001,2149.01861
2512,6B,GreatFalls,0.6000000000000001,0.2,840.88734,447.59211,854.80497,2143.28442
2513,6B,GreatFalls,0.6000000000000001,0.30000000000000004,806.00338,472.6114099999999,875.83385,2154.4486399999996
2514,6B,GreatFalls,0.6000000000000001,0.35000000000000003,789.39194,485.34274999999997,886.37996,2161.11465
2515,6B,GreatFalls,0.6000000000000001,0.45,757.9251499999999,511.1538,906.9654599999999,2176.0444099999995
2516,6B,GreatFalls,0.6000000000000001,0.4,773.37309,498.23243999999994,896.6727099999999,2168.27824
2517,6B,GreatFalls,0.6000000000000001,0.55,728.2894799999999,537.37656,925.8724500000001,2191.53849
2518,6B,GreatFalls,0.6000000000000001,0.5,743.0381299999999,524.1385,917.2898799999999,2184.4665099999997
2519,6B,GreatFalls,0.6000000000000001,0.6000000000000001,714.25925,550.80464,936.22854,2201.29243
2520,6B,GreatFalls,0.6000000000000001,0.65,700.7791,564.51775,946.5212899999999,2211.81814
2521,6B,GreatFalls,0.6000000000000001,0.7000000000000001,687.7540200000001,578.07251,956.8457099999999,2222.67224
2522,6B,GreatFalls,0.6000000000000001,0.75,675.16233,591.78562,967.1701299999999,2234.1180799999997
2523,6B,GreatFalls,0.6000000000000001,0.8500000000000001,651.25829,619.62355,987.7239599999999,2258.6058
2524,6B,GreatFalls,0.6000000000000001,0.8,663.00403,605.72042,977.4628799999999,2246.1873299999997
2525,6B,GreatFalls,0.6000000000000001,0.9500000000000001,629.90294,646.54305,1007.5493799999999,2283.9953699999996
2526,6B,GreatFalls,0.6000000000000001,0.9,639.92511,633.65336,998.0167099999999,2271.59518
2527,6B,GreatFalls,0.65,0.01,948.479,391.40952999999996,810.37196,2150.2604899999997
2528,6B,GreatFalls,0.65,0.15000000000000002,883.14743,430.99703,845.4623199999999,2159.60678
2529,6B,GreatFalls,0.65,0.1,905.20632,416.93555,832.7943199999999,2154.93619
2530,6B,GreatFalls,0.65,0.25,845.18468,456.58638999999994,866.8712400000001,2168.6423099999997
2531,6B,GreatFalls,0.65,0.2,863.8380899999999,443.72837000000004,856.0717699999999,2163.63823
2532,6B,GreatFalls,0.65,0.30000000000000004,827.43057,469.31773,877.6390399999999,2174.3873399999998
2533,6B,GreatFalls,0.65,0.35000000000000003,810.23738,482.42911000000004,889.2302599999998,2181.89675
2534,6B,GreatFalls,0.65,0.45,778.02964,508.39851,910.1324599999999,2196.56061
2535,6B,GreatFalls,0.65,0.4,793.85847,495.47714999999994,899.64969,2188.98531
2536,6B,GreatFalls,0.65,0.55,748.14975,534.33624,929.64118,2212.12717
2537,6B,GreatFalls,0.65,0.5,762.8567399999998,521.47822,920.80525,2205.1402099999996
2538,6B,GreatFalls,0.65,0.6000000000000001,733.9711599999999,547.60597,939.8389199999999,2221.41605
2539,6B,GreatFalls,0.65,0.65,719.61339,561.8574699999999,950.44837,2231.91923
2540,6B,GreatFalls,0.65,0.7000000000000001,706.5032899999999,575.15887,960.29774,2241.9599
2541,6B,GreatFalls,0.65,0.75,693.7740799999999,588.77697,970.40047,2252.95152
2542,6B,GreatFalls,0.65,0.8500000000000001,669.49999,616.36154,990.7642799999999,2276.62581
2543,6B,GreatFalls,0.65,0.8,681.4465899999999,602.52175,980.5982099999999,2264.5665499999996
2544,6B,GreatFalls,0.65,0.9500000000000001,647.58372,643.3443799999999,1010.4946899999999,2301.4227899999996
2545,6B,GreatFalls,0.65,0.9,657.98678,630.29634,1000.89868,2289.1818000000003
2546,6B,GreatFalls,0.7000000000000001,0.01,973.9701499999999,386.88071999999994,810.1186,2170.96947
2547,6B,GreatFalls,0.7000000000000001,0.15000000000000002,906.33156,427.03828,846.2540699999998,2179.62391
2548,6B,GreatFalls,0.7000000000000001,0.1,928.93054,412.85012,833.3643799999999,2175.14504
2549,6B,GreatFalls,0.7000000000000001,0.25,866.5177099999999,453.54607,869.08814,2189.15192
2550,6B,GreatFalls,0.7000000000000001,0.2,886.0170699999999,440.21299999999997,857.6236,2183.85367
2551,6B,GreatFalls,0.7000000000000001,0.30000000000000004,848.0018200000001,466.68912,880.36266,2195.0536
2552,6B,GreatFalls,0.7000000000000001,0.35000000000000003,830.3218899999999,479.86384,891.4154900000001,2201.60122
2553,6B,GreatFalls,0.7000000000000001,0.45,797.34153,506.14993999999996,913.7111699999999,2217.20264
2554,6B,GreatFalls,0.7000000000000001,0.4,813.45624,493.07023,902.34164,2208.86811
2555,6B,GreatFalls,0.7000000000000001,0.55,767.15408,531.8976499999999,933.3149,2232.36663
2556,6B,GreatFalls,0.7000000000000001,0.5,781.9460899999999,519.1346399999999,924.0039199999999,2225.08465
2557,6B,GreatFalls,0.7000000000000001,0.6000000000000001,752.9438199999998,544.9140199999999,943.32262,2241.1804599999996
2558,6B,GreatFalls,0.7000000000000001,0.65,737.7609299999999,559.64057,954.4387899999999,2251.84029
2559,6B,GreatFalls,0.7000000000000001,0.7000000000000001,724.6083199999999,572.72028,964.09814,2261.42674
2560,6B,GreatFalls,0.7000000000000001,0.75,711.79409,586.11669,973.9475099999999,2271.8582899999997
2561,6B,GreatFalls,0.7000000000000001,0.8500000000000001,687.23412,613.4162299999999,993.86794,2294.51829
2562,6B,GreatFalls,0.7000000000000001,0.8,699.3290799999999,599.73479,983.8285499999998,2282.8924199999997
2563,6B,GreatFalls,0.7000000000000001,0.9500000000000001,664.74694,640.46241,1013.5350099999998,2318.7443599999997
2564,6B,GreatFalls,0.7000000000000001,0.9,675.5833899999999,627.1610099999999,1003.8439900000001,2306.58839
2565,6B,GreatFalls,0.75,0.01,998.7745499999999,382.47858999999994,809.92858,2191.1817199999996
2566,6B,GreatFalls,0.75,0.15000000000000002,928.7547599999998,423.39622999999995,847.1724999999999,2199.3234899999998
2567,6B,GreatFalls,0.75,0.1,951.94633,409.01805,834.02945,2194.99383
2568,6B,GreatFalls,0.75,0.25,886.9414499999999,450.88579,871.5583999999999,2209.3856399999995
2569,6B,GreatFalls,0.75,0.2,907.4142899999999,437.07766999999996,859.3337799999998,2203.8257399999998
2570,6B,GreatFalls,0.75,0.30000000000000004,867.67462,464.53556,883.4346499999999,2215.64483
2571,6B,GreatFalls,0.75,0.35000000000000003,849.4020999999999,477.93197,894.9942,2222.32827
2572,6B,GreatFalls,0.75,0.45,815.8291499999999,504.34475,916.9098399999999,2237.0837399999996
2573,6B,GreatFalls,0.75,0.4,832.1555599999999,491.29670999999996,906.1737099999999,2229.62598
2574,6B,GreatFalls,0.75,0.55,785.2708,530.1241299999999,937.6220199999999,2253.0169499999997
2575,6B,GreatFalls,0.75,0.5,800.11616,517.32945,927.4242799999998,2244.86989
2576,6B,GreatFalls,0.75,0.6000000000000001,771.07053,542.8238,947.15469,2261.04902
2577,6B,GreatFalls,0.75,0.65,755.17921,557.8987199999999,958.2708599999999,2271.34879
2578,6B,GreatFalls,0.75,0.7000000000000001,742.04743,570.5983899999999,967.5184999999999,2280.16432
2579,6B,GreatFalls,0.75,0.75,729.2331999999999,583.7097699999999,977.05117,2289.99414
2580,6B,GreatFalls,0.75,0.8500000000000001,704.4190199999999,610.7876200000001,997.2249599999999,2312.4316
2581,6B,GreatFalls,0.75,0.8,716.6198299999999,597.2962,987.3755899999999,2301.29162
2582,6B,GreatFalls,0.75,0.9500000000000001,681.5401099999999,637.67545,1016.4803199999999,2335.6958799999998
2583,6B,GreatFalls,0.75,0.9,692.72578,624.3423799999999,1007.01099,2324.0791499999996
2584,6B,GreatFalls,0.8500000000000001,0.01,1047.3799000000001,374.14938,808.97848,2230.5077600000004
2585,6B,GreatFalls,0.8500000000000001,0.15000000000000002,974.68134,414.81365999999997,846.8241299999999,2236.31913
2586,6B,GreatFalls,0.8500000000000001,0.1,998.70972,400.59382999999997,833.49106,2232.79461
2587,6B,GreatFalls,0.8500000000000001,0.25,930.8352,442.68325999999996,872.5084999999999,2246.02696
2588,6B,GreatFalls,0.8500000000000001,0.2,952.1973499999999,428.74845999999997,859.9355099999999,2240.88132
2589,6B,GreatFalls,0.8500000000000001,0.30000000000000004,910.6157199999999,456.36469999999997,884.8281299999999,2251.8085499999997
2590,6B,GreatFalls,0.8500000000000001,0.35000000000000003,891.6022499999998,469.85612000000003,896.6727099999999,2258.1310799999997
2591,6B,GreatFalls,0.8500000000000001,0.45,856.6957600000001,496.1738899999999,918.96839,2271.83804
2592,6B,GreatFalls,0.8500000000000001,0.4,873.65727,483.12585,908.10558,2264.8887
2593,6B,GreatFalls,0.8500000000000001,0.55,824.97306,521.76325,939.14218,2285.87849
2594,6B,GreatFalls,0.8500000000000001,0.5,840.39018,509.09524999999996,929.45116,2278.93659
2595,6B,GreatFalls,0.8500000000000001,0.6000000000000001,810.2752099999999,534.2728999999999,948.6115099999998,2293.1596199999994
2596,6B,GreatFalls,0.8500000000000001,0.65,793.18872,549.69619,959.44265,2302.3275599999997
2597,6B,GreatFalls,0.8500000000000001,0.7000000000000001,779.69688,562.1741699999999,968.2785799999999,2310.14963
2598,6B,GreatFalls,0.8500000000000001,0.75,766.5225899999999,574.9371799999999,977.4628799999999,2318.92265
2599,6B,GreatFalls,0.8500000000000001,0.8500000000000001,740.89328,601.73,998.14339,2340.76667
2600,6B,GreatFalls,0.8500000000000001,0.8,753.51749,588.23858,987.31225,2329.06832
2601,6B,GreatFalls,0.8500000000000001,0.9500000000000001,717.11507,628.30113,1017.93714,2363.3533399999997
2602,6B,GreatFalls,0.8500000000000001,0.9,728.81915,614.99973,1007.89775,2351.71663
2603,6B,GreatFalls,0.8,0.01,1023.4947799999999,378.17146999999994,809.54854,2211.21479
2604,6B,GreatFalls,0.8,0.15000000000000002,952.5956699999999,418.6773999999999,846.8557999999999,2218.1288699999996
2605,6B,GreatFalls,0.8,0.1,976.0839599999999,404.45757,833.68108,2214.22261
2606,6B,GreatFalls,0.8,0.25,909.54383,446.54699999999997,872.1284599999999,2228.21929
2607,6B,GreatFalls,0.8,0.2,930.54592,432.58053,859.55547,2222.68192
2608,6B,GreatFalls,0.8,0.30000000000000004,889.68441,460.22844,884.35308,2234.26593
2609,6B,GreatFalls,0.8,0.35000000000000003,870.96766,473.78319999999997,896.22933,2240.98019
2610,6B,GreatFalls,0.8,0.45,836.5795799999999,500.35433,918.5250099999998,2255.4589199999996
2611,6B,GreatFalls,0.8,0.4,853.26605,487.24294999999995,907.59886,2248.10786
2612,6B,GreatFalls,0.8,0.55,805.2169399999999,526.2603899999999,939.1105099999999,2270.5878399999997
2613,6B,GreatFalls,0.8,0.5,820.4857,513.3706999999999,929.03945,2262.89585
2614,6B,GreatFalls,0.8,0.6000000000000001,790.69912,538.9283899999999,948.8015299999998,2278.4290399999995
2615,6B,GreatFalls,0.8,0.65,773.7293199999999,554.63671,960.58277,2288.9488
2616,6B,GreatFalls,0.8,0.7000000000000001,760.3433299999999,567.33638,969.51371,2297.1934199999996
2617,6B,GreatFalls,0.8,0.75,747.3174,580.32108,979.0147099999999,2306.65319
2618,6B,GreatFalls,0.8,0.8500000000000001,722.0481499999999,607.33559,999.0301499999999,2328.41389
2619,6B,GreatFalls,0.8,0.8,734.42899,593.87584,989.24412,2317.54895
2620,6B,GreatFalls,0.8,0.9500000000000001,698.52415,634.3184299999999,1019.0455899999998,2351.8881699999997
2621,6B,GreatFalls,0.8,0.9,710.07987,620.89035,1009.2912299999999,2340.26145
2622,6B,GreatFalls,0.9500000000000001,0.01,1093.3740699999998,366.80193999999995,808.4717599999999,2268.6477699999996
2623,6B,GreatFalls,0.9500000000000001,0.15000000000000002,1017.0241100000001,407.84626,847.4892,2272.35957
2624,6B,GreatFalls,0.9500000000000001,0.1,1042.16349,393.56309,833.7760899999998,2269.50267
2625,6B,GreatFalls,0.9500000000000001,0.25,971.70606,435.65252,873.2685799999999,2280.62716
2626,6B,GreatFalls,0.9500000000000001,0.2,993.7249899999999,421.84439999999995,860.56891,2276.1382999999996
2627,6B,GreatFalls,0.9500000000000001,0.30000000000000004,950.8406399999999,449.36562999999995,885.71489,2285.92116
2628,6B,GreatFalls,0.9500000000000001,0.35000000000000003,931.2129,462.63536,897.59114,2291.4394
2629,6B,GreatFalls,0.9500000000000001,0.45,895.4379299999999,488.60476,919.8551499999999,2303.8978399999996
2630,6B,GreatFalls,0.9500000000000001,0.4,912.79117,475.77840999999995,909.0240099999999,2297.5935899999995
2631,6B,GreatFalls,0.9500000000000001,0.55,862.8892599999999,513.71907,940.0606099999999,2316.66894
2632,6B,GreatFalls,0.9500000000000001,0.5,878.6981099999999,501.3361,930.24291,2310.2771199999997
2633,6B,GreatFalls,0.9500000000000001,0.6000000000000001,847.9372,525.88035,949.3082499999999,2323.1258
2634,6B,GreatFalls,0.9500000000000001,0.65,830.41647,540.9236,959.8860299999999,2331.2261
2635,6B,GreatFalls,0.9500000000000001,0.7000000000000001,816.8079399999999,553.0848799999999,968.4052599999999,2338.2980799999996
2636,6B,GreatFalls,0.9500000000000001,0.75,803.4427800000001,565.46785,977.2728599999999,2346.18349
2637,6B,GreatFalls,0.9500000000000001,0.8500000000000001,777.4425699999999,591.1522199999999,996.0215,2364.61629
2638,6B,GreatFalls,0.9500000000000001,0.8,790.1834699999999,578.26253,986.67885,2355.12485
2639,6B,GreatFalls,0.9500000000000001,0.9500000000000001,753.2934599999999,616.77325,1014.6117899999999,2384.6785
2640,6B,GreatFalls,0.9500000000000001,0.9,765.17757,604.01024,1005.30081,2374.48862
2641,6B,GreatFalls,0.9,0.01,1070.69411,370.38065,808.72512,2249.79988
2642,6B,GreatFalls,0.9,0.15000000000000002,996.13276,411.20328,847.10916,2254.4452
2643,6B,GreatFalls,0.9,0.1,1020.71122,396.98344999999995,833.61774,2251.31241
2644,6B,GreatFalls,0.9,0.25,951.60901,439.04121,872.6985199999999,2263.34874
2645,6B,GreatFalls,0.9,0.2,973.2678800000001,425.16974999999996,860.0621899999999,2258.49982
2646,6B,GreatFalls,0.9,0.30000000000000004,930.9978,452.72264999999993,885.08149,2268.80194
2647,6B,GreatFalls,0.9,0.35000000000000003,911.7301199999999,466.0873899999999,896.9577400000001,2274.7752499999997
2648,6B,GreatFalls,0.9,0.45,876.34688,492.24681,919.2217499999999,2287.8154400000003
2649,6B,GreatFalls,0.9,0.4,893.52009,479.32544999999993,908.3906099999999,2281.2361499999997
2650,6B,GreatFalls,0.9,0.55,844.15827,517.6461499999999,939.55389,2301.35831
2651,6B,GreatFalls,0.9,0.5,859.8296,505.0731599999999,929.6728499999999,2294.57561
2652,6B,GreatFalls,0.9,0.6000000000000001,829.35457,529.96578,948.89654,2308.2168899999997
2653,6B,GreatFalls,0.9,0.65,812.05638,545.1990499999999,959.63267,2316.8881
2654,6B,GreatFalls,0.9,0.7000000000000001,798.44785,557.5186799999999,968.31025,2324.27678
2655,6B,GreatFalls,0.9,0.75,785.19938,570.06,977.3362,2332.59558
2656,6B,GreatFalls,0.9,0.8500000000000001,759.4533799999999,596.15608,996.36987,2351.97933
2657,6B,GreatFalls,0.9,0.8,772.08843,583.1397099999999,986.90054,2342.12868
2658,6B,GreatFalls,0.9,0.9500000000000001,735.4843,622.3154999999999,1015.4985499999999,2373.2983499999996
2659,6B,GreatFalls,0.9,0.9,747.19922,609.2991299999999,1005.9658799999999,2362.4642299999996
2660,7,InternationalFalls,0.01,0.01,1131.49274,439.70628,724.35624,2295.55526
2661,7,InternationalFalls,0.01,0.15000000000000002,1075.1545999999998,471.43962,750.2623,2296.85652
2662,7,InternationalFalls,0.01,0.1,1095.12582,459.8483999999999,740.28625,2295.2604699999997
2663,7,InternationalFalls,0.01,0.25,1038.95517,492.91187999999994,767.6808,2299.54785
2664,7,InternationalFalls,0.01,0.2,1056.84361,482.14408,758.9398799999999,2297.92757
2665,7,InternationalFalls,0.01,0.30000000000000004,1021.3101,503.61634,776.9284399999999,2301.85488
2666,7,InternationalFalls,0.01,0.35000000000000003,1004.0242400000001,514.4791499999999,786.3027599999999,2304.80615
2667,7,InternationalFalls,0.01,0.45,968.28073,538.48501,805.96983,2312.73557
2668,7,InternationalFalls,0.01,0.4,986.23166,526.19705,795.99378,2308.42249
2669,7,InternationalFalls,0.01,0.55,935.63344,561.6674499999999,825.4785499999999,2322.77944
2670,7,InternationalFalls,0.01,0.5,951.7032999999999,550.0445599999999,815.7241899999999,2317.47205
2671,7,InternationalFalls,0.01,0.6000000000000001,919.94447,573.4486899999999,835.26458,2328.65774
2672,7,InternationalFalls,0.01,0.65,904.5938799999999,585.48329,845.0506099999999,2335.12778
2673,7,InternationalFalls,0.01,0.7000000000000001,889.62418,597.39121,854.86831,2341.8837
2674,7,InternationalFalls,0.01,0.75,874.9820199999999,609.5524899999999,864.6543399999999,2349.18885
2675,7,InternationalFalls,0.01,0.8500000000000001,846.8086999999999,633.7167,884.32141,2364.84681
2676,7,InternationalFalls,0.01,0.8,860.72075,621.6504299999999,874.50371,2356.87489
2677,7,InternationalFalls,0.01,0.9500000000000001,819.86222,658.32429,904.02015,2382.20666
2678,7,InternationalFalls,0.01,0.9,833.16085,646.03633,894.1707799999999,2373.36796
2679,7,InternationalFalls,0.05,0.01,1177.7536599999999,432.51718999999997,724.1028799999999,2334.37373
2680,7,InternationalFalls,0.05,0.15000000000000002,1120.1145,463.96549999999996,749.85059,2333.93059
2681,7,InternationalFalls,0.05,0.1,1140.52995,452.50095999999996,739.96955,2333.00046
2682,7,InternationalFalls,0.05,0.25,1083.1749699999998,485.1843999999999,767.17408,2335.53345
2683,7,InternationalFalls,0.05,0.2,1101.4226199999998,474.57494999999994,758.4965,2334.4940699999997
2684,7,InternationalFalls,0.05,0.30000000000000004,1065.2865299999999,495.82552,775.9466699999999,2337.0587199999995
2685,7,InternationalFalls,0.05,0.35000000000000003,1047.63062,506.56164999999993,785.2259799999999,2339.4182499999997
2686,7,InternationalFalls,0.05,0.45,1011.06199,530.25081,804.8613799999999,2346.17418
2687,7,InternationalFalls,0.05,0.4,1029.43632,518.05786,794.88533,2342.37951
2688,7,InternationalFalls,0.05,0.55,977.58958,553.1798899999999,824.33843,2355.1079
2689,7,InternationalFalls,0.05,0.5,994.10367,541.68368,814.5840699999999,2350.37142
2690,7,InternationalFalls,0.05,0.6000000000000001,961.48805,564.83445,834.06112,2360.38362
2691,7,InternationalFalls,0.05,0.65,945.7882400000001,576.58402,843.81548,2366.1877400000003
2692,7,InternationalFalls,0.05,0.7000000000000001,930.45848,588.52361,853.6015099999998,2372.5836
2693,7,InternationalFalls,0.05,0.75,915.4462699999999,600.3681899999999,863.38754,2379.2019999999998
2694,7,InternationalFalls,0.05,0.8500000000000001,886.4794999999999,624.4373899999999,882.9596,2393.87649
2695,7,InternationalFalls,0.05,0.8,900.7832799999999,612.37112,873.1735699999999,2386.32797
2696,7,InternationalFalls,0.05,0.9500000000000001,858.84542,648.6649399999999,902.5949999999999,2410.1053599999996
2697,7,InternationalFalls,0.05,0.9,872.5249399999999,636.47199,892.7772999999999,2401.7742299999995
2698,7,InternationalFalls,0.15000000000000002,0.01,1286.1621400000001,416.55550999999997,723.53282,2426.25047
2699,7,InternationalFalls,0.15000000000000002,0.15000000000000002,1225.50668,447.52877,749.05884,2422.09429
2700,7,InternationalFalls,0.15000000000000002,0.1,1246.8431099999998,436.25424999999996,739.52617,2422.62353
2701,7,InternationalFalls,0.15000000000000002,0.25,1187.07611,468.24094999999994,766.12897,2421.44603
2702,7,InternationalFalls,0.15000000000000002,0.2,1206.13804,457.78985,757.51473,2421.44262
2703,7,InternationalFalls,0.15000000000000002,0.30000000000000004,1168.43673,478.59704,774.7748799999999,2421.80865
2704,7,InternationalFalls,0.15000000000000002,0.35000000000000003,1150.1673999999998,488.9848,783.4841299999999,2422.63633
2705,7,InternationalFalls,0.15000000000000002,0.45,1111.92685,511.85053999999997,802.4544599999999,2426.23185
2706,7,InternationalFalls,0.15000000000000002,0.4,1131.21132,500.19597999999996,792.51008,2423.91738
2707,7,InternationalFalls,0.15000000000000002,0.55,1076.81504,534.33624,821.7098199999999,2432.8611
2708,7,InternationalFalls,0.15000000000000002,0.5,1094.15425,523.1567299999999,812.08214,2429.3931199999997
2709,7,InternationalFalls,0.15000000000000002,0.6000000000000001,1059.88839,545.64243,831.3375,2436.86832
2710,7,InternationalFalls,0.15000000000000002,0.65,1043.2576099999999,557.0436299999999,841.02852,2441.3297599999996
2711,7,InternationalFalls,0.15000000000000002,0.7000000000000001,1027.0918900000001,568.53984,850.7195399999999,2446.35127
2712,7,InternationalFalls,0.15000000000000002,0.75,1011.2862299999999,580.16273,860.44223,2451.89119
2713,7,InternationalFalls,0.15000000000000002,0.8500000000000001,980.72172,603.53519,879.82427,2464.08118
2714,7,InternationalFalls,0.15000000000000002,0.8,995.8506199999999,591.78562,870.13325,2457.7694899999997
2715,7,InternationalFalls,0.15000000000000002,0.9500000000000001,951.4473899999999,627.1926799999999,899.26965,2477.9097199999997
2716,7,InternationalFalls,0.15000000000000002,0.9,965.9311999999999,615.3481,889.5469599999999,2470.82626
2717,7,InternationalFalls,0.1,0.01,1233.05179,424.15631,723.84952,2381.05762
2718,7,InternationalFalls,0.1,0.15000000000000002,1173.9099,455.44626999999997,749.40721,2378.76338
2719,7,InternationalFalls,0.1,0.1,1194.7487499999997,444.10840999999994,739.74786,2378.6050199999995
2720,7,InternationalFalls,0.1,0.25,1136.15609,476.41181,766.63569,2379.20359
2721,7,InternationalFalls,0.1,0.2,1154.8163,465.92904,758.02145,2378.7667899999997
2722,7,InternationalFalls,0.1,0.30000000000000004,1117.85509,486.86290999999994,775.34494,2380.06294
2723,7,InternationalFalls,0.1,0.35000000000000003,1099.98748,497.37735000000004,784.11753,2381.48236
2724,7,InternationalFalls,0.1,0.45,1062.48788,520.71814,803.6262499999999,2386.83227
2725,7,InternationalFalls,0.1,0.4,1081.34895,508.71520999999996,793.58686,2383.65102
2726,7,InternationalFalls,0.1,0.55,1028.15868,543.39386,822.9449500000001,2394.49749
2727,7,InternationalFalls,0.1,0.5,1045.12784,532.0559999999999,813.25393,2390.43777
2728,7,InternationalFalls,0.1,0.6000000000000001,1011.57041,554.82673,832.66764,2399.06478
2729,7,InternationalFalls,0.1,0.65,995.3947,566.3862799999999,842.39033,2404.1713099999997
2730,7,InternationalFalls,0.1,0.7000000000000001,979.62071,578.16752,852.11302,2409.90125
2731,7,InternationalFalls,0.1,0.75,964.1850999999999,589.85375,861.8673799999999,2415.9062299999996
2732,7,InternationalFalls,0.1,0.8500000000000001,934.3823699999999,613.57458,881.34443,2429.30138
2733,7,InternationalFalls,0.1,0.8,949.13038,601.6983299999999,871.5900699999999,2422.4187799999995
2734,7,InternationalFalls,0.1,0.9500000000000001,905.9548399999998,637.58044,900.8531499999999,2444.3884299999995
2735,7,InternationalFalls,0.1,0.9,920.01525,625.5141699999999,891.09879,2436.62821
2736,7,InternationalFalls,0.25,0.01,1386.88459,402.74739,723.15278,2512.78476
2737,7,InternationalFalls,0.25,0.15000000000000002,1323.2028400000002,433.49895999999995,748.90049,2505.60229
2738,7,InternationalFalls,0.25,0.1,1345.43857,422.4778,739.33615,2507.25252
2739,7,InternationalFalls,0.25,0.25,1283.6821,453.57773999999995,765.43223,2502.69207
2740,7,InternationalFalls,0.25,0.2,1303.30495,443.50667999999996,757.00801,2503.8196399999997
2741,7,InternationalFalls,0.25,0.30000000000000004,1264.4084699999999,463.8071499999999,773.98313,2502.1987499999996
2742,7,InternationalFalls,0.25,0.35000000000000003,1245.5257199999999,473.94155,782.5657,2502.0329699999998
2743,7,InternationalFalls,0.25,0.45,1205.81496,496.42724999999996,801.02931,2503.27152
2744,7,InternationalFalls,0.25,0.4,1225.77619,484.93104,791.59165,2502.29888
2745,7,InternationalFalls,0.25,0.55,1169.39129,518.15287,819.5245899999999,2507.06875
2746,7,InternationalFalls,0.25,0.5,1187.52395,507.10004,810.02359,2504.64758
2747,7,InternationalFalls,0.25,0.6000000000000001,1151.7770399999997,529.11069,829.08893,2509.97666
2748,7,InternationalFalls,0.25,0.65,1134.522,540.32187,838.6532699999999,2513.49714
2749,7,InternationalFalls,0.25,0.7000000000000001,1117.58451,551.5013799999999,848.2492799999999,2517.33517
2750,7,InternationalFalls,0.25,0.75,1101.0804099999998,562.8075699999999,857.84529,2521.7332699999997
2751,7,InternationalFalls,0.25,0.8500000000000001,1069.1298599999998,585.6416399999999,877.1006499999999,2531.8721499999997
2752,7,InternationalFalls,0.25,0.8,1084.9146899999998,574.20877,867.47297,2526.5964299999996
2753,7,InternationalFalls,0.25,0.9500000000000001,1038.6703499999999,608.63406,896.3243399999999,2543.62875
2754,7,InternationalFalls,0.25,0.9,1053.71508,597.10618,886.72833,2537.54959
2755,7,InternationalFalls,0.2,0.01,1337.30555,409.39809,723.37447,2470.0781100000004
2756,7,InternationalFalls,0.2,0.15000000000000002,1275.1690399999998,440.2446699999999,748.96383,2464.37754
2757,7,InternationalFalls,0.2,0.1,1296.9180299999998,429.09683,739.43116,2465.44602
2758,7,InternationalFalls,0.2,0.25,1236.1775499999999,460.64014999999995,765.74893,2462.56663
2759,7,InternationalFalls,0.2,0.2,1255.55703,450.41074,757.19803,2463.1657999999998
2760,7,InternationalFalls,0.2,0.30000000000000004,1217.17896,470.93289999999996,774.36317,2462.47503
2761,7,InternationalFalls,0.2,0.35000000000000003,1198.59208,481.25732,782.97741,2462.8268099999996
2762,7,InternationalFalls,0.2,0.45,1159.66393,503.77468999999996,801.50436,2464.94298
2763,7,InternationalFalls,0.2,0.4,1179.28678,492.27847999999994,792.03503,2463.60029
2764,7,InternationalFalls,0.2,0.55,1123.8645199999999,525.97536,820.5697,2470.40958
2765,7,InternationalFalls,0.2,0.5,1141.5846199999999,514.89086,810.9736899999999,2467.44917
2766,7,InternationalFalls,0.2,0.6000000000000001,1106.52531,537.09153,830.16571,2473.78255
2767,7,InternationalFalls,0.2,0.65,1089.61949,548.36605,839.79339,2477.7789300000004
2768,7,InternationalFalls,0.2,0.7000000000000001,1073.02038,559.79892,849.4210699999999,2482.2403699999995
2769,7,InternationalFalls,0.2,0.75,1056.85466,571.1367799999999,859.1120899999999,2487.1035299999994
2770,7,InternationalFalls,0.2,0.8500000000000001,1025.5492,594.2558799999999,878.43079,2498.23587
2771,7,InternationalFalls,0.2,0.8,1041.03816,582.728,868.77144,2492.5376
2772,7,InternationalFalls,0.2,0.9500000000000001,995.6189400000001,617.5966699999999,897.74949,2510.9651
2773,7,InternationalFalls,0.2,0.9,1010.45197,605.91044,888.09014,2504.45255
2774,7,InternationalFalls,0.30000000000000004,0.01,1435.07929,396.41339,723.0261,2554.51878
2775,7,InternationalFalls,0.30000000000000004,0.15000000000000002,1369.4189099999999,427.60834,749.28053,2546.30778
2776,7,InternationalFalls,0.30000000000000004,0.1,1392.3105699999999,416.42883,739.5895099999999,2548.3289099999997
2777,7,InternationalFalls,0.30000000000000004,0.25,1328.17375,448.16216999999995,766.35066,2542.68658
2778,7,InternationalFalls,0.30000000000000004,0.2,1348.6642299999999,437.80608,757.67308,2544.14339
2779,7,InternationalFalls,0.30000000000000004,0.30000000000000004,1308.30753,458.51826,775.21826,2542.04405
2780,7,InternationalFalls,0.30000000000000004,0.35000000000000003,1288.63133,468.96936,784.11753,2541.7182199999997
2781,7,InternationalFalls,0.30000000000000004,0.45,1250.42075,489.87156,802.04275,2542.33506
2782,7,InternationalFalls,0.30000000000000004,0.4,1269.33602,479.42045999999993,793.0801399999999,2541.83662
2783,7,InternationalFalls,0.30000000000000004,0.55,1213.6595499999999,510.86877,818.5744900000001,2543.10281
2784,7,InternationalFalls,0.30000000000000004,0.5,1231.98138,500.25932,811.0687,2543.3094
2785,7,InternationalFalls,0.30000000000000004,0.6000000000000001,1195.6644099999999,521.73158,828.10716,2545.50315
2786,7,InternationalFalls,0.30000000000000004,0.65,1178.10266,532.7210699999999,837.63983,2548.46356
2787,7,InternationalFalls,0.30000000000000004,0.7000000000000001,1160.85846,543.83724,847.1724999999999,2551.8682
2788,7,InternationalFalls,0.30000000000000004,0.75,1144.01598,555.04842,856.7368399999999,2555.80124
2789,7,InternationalFalls,0.30000000000000004,0.8500000000000001,1111.5045099999998,577.53412,875.86552,2564.90415
2790,7,InternationalFalls,0.30000000000000004,0.8,1127.60689,566.2596,866.30118,2560.16767
2791,7,InternationalFalls,0.30000000000000004,0.9500000000000001,1080.5691,600.24151,894.9308599999999,2575.74147
2792,7,InternationalFalls,0.30000000000000004,0.9,1095.7830199999999,588.93532,885.4298599999998,2570.1481999999996
2793,7,InternationalFalls,0.35000000000000003,0.01,1481.75957,390.55443999999994,722.96276,2595.27677
2794,7,InternationalFalls,0.35000000000000003,0.15000000000000002,1414.57563,421.74938999999995,749.3122,2585.63722
2795,7,InternationalFalls,0.35000000000000003,0.1,1437.9332,410.60155,739.5578399999999,2588.0925899999997
2796,7,InternationalFalls,0.35000000000000003,0.25,1372.84373,442.04986,766.19231,2581.0859
2797,7,InternationalFalls,0.35000000000000003,0.2,1393.60925,431.82044999999994,757.57807,2583.00777
2798,7,InternationalFalls,0.35000000000000003,0.30000000000000004,1352.6708,452.27927,774.9649,2579.91497
2799,7,InternationalFalls,0.35000000000000003,0.35000000000000003,1332.68789,462.57201999999995,783.8325,2579.0924099999997
2800,7,InternationalFalls,0.35000000000000003,0.45,1293.9063999999998,483.22086,801.66271,2578.78997
2801,7,InternationalFalls,0.35000000000000003,0.4,1313.1066999999998,472.95977999999997,792.73177,2578.79825
2802,7,InternationalFalls,0.35000000000000003,0.55,1256.4892699999998,504.02805,818.1311099999999,2578.6484299999997
2803,7,InternationalFalls,0.35000000000000003,0.5,1275.11781,493.64029,810.62532,2579.38342
2804,7,InternationalFalls,0.35000000000000003,0.6000000000000001,1238.3249399999997,514.7325099999999,827.18873,2580.2461799999996
2805,7,InternationalFalls,0.35000000000000003,0.65,1220.3822999999998,525.62699,836.6897299999999,2582.6990199999996
2806,7,InternationalFalls,0.35000000000000003,0.7000000000000001,1202.88389,536.6164799999999,846.1907299999999,2585.6911
2807,7,InternationalFalls,0.35000000000000003,0.75,1185.80888,547.70098,855.6917299999999,2589.20159
2808,7,InternationalFalls,0.35000000000000003,0.8500000000000001,1152.7264999999998,569.96499,874.7253999999999,2597.4168899999995
2809,7,InternationalFalls,0.35000000000000003,0.8,1169.06141,558.78548,865.2244,2593.07129
2810,7,InternationalFalls,0.35000000000000003,0.9500000000000001,1121.45271,592.2606699999999,893.60072,2607.3141
2811,7,InternationalFalls,0.35000000000000003,0.9,1136.76164,581.20784,884.2580699999999,2602.2275499999996
2812,7,InternationalFalls,0.45,0.01,1571.3220699999997,379.81831,722.29769,2673.4380699999997
2813,7,InternationalFalls,0.45,0.15000000000000002,1500.96433,411.13993999999997,749.7239099999999,2661.82818
2814,7,InternationalFalls,0.45,0.1,1525.2528699999998,399.92875999999995,739.84287,2665.0244999999995
2815,7,InternationalFalls,0.45,0.25,1458.29062,430.99703,766.16064,2655.44829
2816,7,InternationalFalls,0.45,0.2,1479.47954,421.02097999999995,757.8631,2658.36362
2817,7,InternationalFalls,0.45,0.30000000000000004,1437.76847,440.84639999999996,774.67987,2653.29474
2818,7,InternationalFalls,0.45,0.35000000000000003,1417.21465,451.07581,783.4841299999999,2651.77459
2819,7,InternationalFalls,0.45,0.45,1377.333,471.31293999999997,801.15599,2649.80193
2820,7,InternationalFalls,0.45,0.4,1397.0308799999998,461.2418799999999,792.32006,2650.59282
2821,7,InternationalFalls,0.45,0.55,1338.68903,491.58173999999997,817.52938,2647.80015
2822,7,InternationalFalls,0.45,0.5,1357.98434,481.44734,810.02359,2649.45527
2823,7,InternationalFalls,0.45,0.6000000000000001,1319.97462,502.15952,826.39698,2648.5311199999996
2824,7,InternationalFalls,0.45,0.65,1301.66193,512.67396,835.29625,2649.6321399999997
2825,7,InternationalFalls,0.45,0.7000000000000001,1283.68762,523.3784199999999,844.4805499999999,2651.5465899999995
2826,7,InternationalFalls,0.45,0.75,1266.02002,534.30457,853.88654,2654.2111299999997
2827,7,InternationalFalls,0.45,0.8500000000000001,1231.91166,556.06186,872.7301899999999,2660.70371
2828,7,InternationalFalls,0.45,0.8,1248.76498,545.1357099999999,863.3242,2657.22489
2829,7,InternationalFalls,0.45,0.9500000000000001,1200.0777999999998,577.69247,891.1937999999999,2668.9640699999995
2830,7,InternationalFalls,0.45,0.9,1215.43923,567.01968,882.13618,2664.59509
2831,7,InternationalFalls,0.4,0.01,1527.0963199999999,385.04386,722.89942,2635.0396
2832,7,InternationalFalls,0.4,0.15000000000000002,1458.3679899999997,416.23881,749.47055,2624.0773499999996
2833,7,InternationalFalls,0.4,0.1,1482.1906199999999,405.15431,739.77953,2627.12446
2834,7,InternationalFalls,0.4,0.25,1416.21269,436.31759,766.19231,2618.72259
2835,7,InternationalFalls,0.4,0.2,1437.17907,426.21486,757.70475,2621.09868
2836,7,InternationalFalls,0.4,0.30000000000000004,1395.8280599999998,446.3886499999999,774.83822,2617.05493
2837,7,InternationalFalls,0.4,0.35000000000000003,1375.50677,456.64973,783.6741499999999,2615.83065
2838,7,InternationalFalls,0.4,0.45,1336.1435299999998,477.20356,801.40935,2614.7564399999997
2839,7,InternationalFalls,0.4,0.4,1355.6188699999998,466.97414999999995,792.54175,2615.1347699999997
2840,7,InternationalFalls,0.4,0.55,1298.11298,497.59904,817.84608,2613.5581
2841,7,InternationalFalls,0.4,0.5,1317.12241,487.3696299999999,810.30862,2614.80066
2842,7,InternationalFalls,0.4,0.6000000000000001,1279.70528,508.24015999999995,826.74535,2614.69079
2843,7,InternationalFalls,0.4,0.65,1261.5934499999998,518.94462,835.83464,2616.3727099999996
2844,7,InternationalFalls,0.4,0.7000000000000001,1243.86251,529.80743,845.30397,2618.9739099999997
2845,7,InternationalFalls,0.4,0.75,1226.4382799999998,540.7652499999999,854.7732999999998,2621.9768299999996
2846,7,InternationalFalls,0.4,0.8500000000000001,1192.80582,562.7759,873.68029,2629.2620100000004
2847,7,InternationalFalls,0.4,0.8,1209.47911,551.7864099999999,864.2109599999999,2625.47648
2848,7,InternationalFalls,0.4,0.9500000000000001,1161.22532,584.81822,892.3655899999999,2638.40913
2849,7,InternationalFalls,0.4,0.9,1176.6084299999998,573.89207,883.14962,2633.65012
2850,7,InternationalFalls,0.55,0.01,1656.0171699999999,370.38065,722.04433,2748.44215
2851,7,InternationalFalls,0.55,0.15000000000000002,1582.4756399999999,401.51225999999997,749.56556,2733.55346
2852,7,InternationalFalls,0.55,0.1,1607.79016,390.33275,739.52617,2737.64908
2853,7,InternationalFalls,0.55,0.25,1538.96597,421.2426699999999,766.50901,2726.7176499999996
2854,7,InternationalFalls,0.55,0.2,1560.5674499999998,411.29829,757.64141,2729.5071499999995
2855,7,InternationalFalls,0.55,0.30000000000000004,1518.0312599999997,430.83867999999995,774.71154,2723.58148
2856,7,InternationalFalls,0.55,0.35000000000000003,1497.0857099999998,440.75138999999996,783.5158,2721.3529
2857,7,InternationalFalls,0.55,0.45,1456.2631000000001,460.86184000000003,801.02931,2718.15425
2858,7,InternationalFalls,0.55,0.4,1476.42604,450.79078,792.2883899999999,2719.5052100000003
2859,7,InternationalFalls,0.55,0.55,1416.5723199999998,480.65559,817.21268,2714.4405899999997
2860,7,InternationalFalls,0.55,0.5,1436.50188,470.77455,809.7068899999999,2716.98332
2861,7,InternationalFalls,0.55,0.6000000000000001,1397.3820099999998,490.885,826.01694,2714.28395
2862,7,InternationalFalls,0.55,0.65,1378.59342,501.20941999999997,834.8212,2714.6240399999997
2863,7,InternationalFalls,0.55,0.7000000000000001,1360.20655,511.75552999999996,843.59379,2715.55587
2864,7,InternationalFalls,0.55,0.75,1342.2639100000001,522.2066299999999,852.3980499999999,2716.86859
2865,7,InternationalFalls,0.55,0.8500000000000001,1307.1820699999998,543.5838799999999,871.05168,2721.8176299999996
2866,7,InternationalFalls,0.55,0.8,1324.49046,532.97443,861.7090299999999,2719.1739199999997
2867,7,InternationalFalls,0.55,0.9500000000000001,1274.97816,564.42274,889.1352499999999,2728.53615
2868,7,InternationalFalls,0.55,0.9,1290.2020699999998,554.35168,880.36266,2724.91641
2869,7,InternationalFalls,0.5,0.01,1614.2567900000001,374.90945999999997,722.13934,2711.30559
2870,7,InternationalFalls,0.5,0.15000000000000002,1542.22798,406.23109,750.0089399999999,2698.4680099999996
2871,7,InternationalFalls,0.5,0.1,1567.1299399999998,394.9249,739.3994899999999,2701.4543299999996
2872,7,InternationalFalls,0.5,0.25,1499.2367199999999,425.9615,766.35066,2691.54888
2873,7,InternationalFalls,0.5,0.2,1520.58399,416.08045999999996,758.05312,2694.71757
2874,7,InternationalFalls,0.5,0.30000000000000004,1478.46036,435.68418999999994,774.80655,2688.9511
2875,7,InternationalFalls,0.5,0.35000000000000003,1457.70568,445.72358,783.42079,2686.85005
2876,7,InternationalFalls,0.5,0.45,1417.3272999999997,465.9923799999999,801.02931,2684.3489899999995
2877,7,InternationalFalls,0.5,0.4,1437.27854,455.88964999999996,792.22505,2685.39324
2878,7,InternationalFalls,0.5,0.55,1378.14409,485.94447999999994,817.3393599999999,2681.42793
2879,7,InternationalFalls,0.5,0.5,1397.7669399999997,475.96842999999996,809.83357,2683.5689399999997
2880,7,InternationalFalls,0.5,0.6000000000000001,1359.18631,496.3639099999999,826.17529,2681.72551
2881,7,InternationalFalls,0.5,0.65,1340.6619199999998,506.81501,835.01122,2682.4881499999997
2882,7,InternationalFalls,0.5,0.7000000000000001,1322.5184199999999,517.32945,843.8471499999999,2683.6950199999997
2883,7,InternationalFalls,0.5,0.75,1304.6391199999998,528.06558,853.09479,2685.79949
2884,7,InternationalFalls,0.5,0.8500000000000001,1270.0231899999999,549.6645199999999,871.8751,2691.5628099999994
2885,7,InternationalFalls,0.5,0.8,1287.14071,538.86505,862.5007799999998,2688.50654
2886,7,InternationalFalls,0.5,0.9500000000000001,1237.96679,570.8834199999999,890.1170199999999,2698.9672299999997
2887,7,InternationalFalls,0.5,0.9,1253.26488,560.4956599999999,881.2177499999999,2694.9782899999996
2888,7,InternationalFalls,0.6000000000000001,0.01,1696.6457199999998,366.04186,721.94932,2784.6368999999995
2889,7,InternationalFalls,0.6000000000000001,0.15000000000000002,1621.37977,397.23681,749.8189199999999,2768.4354999999996
2890,7,InternationalFalls,0.6000000000000001,0.1,1647.2868799999999,385.96229,739.65285,2772.9020199999995
2891,7,InternationalFalls,0.6000000000000001,0.25,1577.57423,416.58717999999993,766.00229,2760.1637
2892,7,InternationalFalls,0.6000000000000001,0.2,1599.33406,406.99116999999995,757.89477,2764.22
2893,7,InternationalFalls,0.6000000000000001,0.30000000000000004,1556.44865,426.18318999999997,774.36317,2756.99501
2894,7,InternationalFalls,0.6000000000000001,0.35000000000000003,1535.2913999999998,436.0008899999999,783.45246,2754.74475
2895,7,InternationalFalls,0.6000000000000001,0.45,1494.10958,456.01633,800.83929,2750.9652
2896,7,InternationalFalls,0.6000000000000001,0.4,1514.46254,446.07194999999996,792.3833999999999,2752.9178899999997
2897,7,InternationalFalls,0.6000000000000001,0.55,1453.90039,475.65173,817.2760199999999,2746.82814
2898,7,InternationalFalls,0.6000000000000001,0.5,1474.10499,465.86569999999995,809.8018999999999,2749.77259
2899,7,InternationalFalls,0.6000000000000001,0.6000000000000001,1434.49838,485.84946999999994,826.0486099999999,2746.39646
2900,7,InternationalFalls,0.6000000000000001,0.65,1415.5089300000002,496.04720999999995,834.69452,2746.25066
2901,7,InternationalFalls,0.6000000000000001,0.7000000000000001,1396.9211999999998,506.33995999999996,843.43544,2746.6965999999998
2902,7,InternationalFalls,0.6000000000000001,0.75,1378.7351899999999,516.69605,852.1763599999999,2747.6076
2903,7,InternationalFalls,0.6000000000000001,0.8500000000000001,1343.39999,537.88328,870.32327,2751.6065399999998
2904,7,InternationalFalls,0.6000000000000001,0.8,1360.96174,527.3371699999999,861.04396,2749.34287
2905,7,InternationalFalls,0.6000000000000001,0.9500000000000001,1311.0793899999999,558.3421,888.15348,2757.5749699999997
2906,7,InternationalFalls,0.6000000000000001,0.9,1326.2291200000002,548.5243999999999,879.57091,2754.32443
2907,7,InternationalFalls,0.65,0.01,1735.99408,361.89309,721.9176499999999,2819.80482
2908,7,InternationalFalls,0.65,0.15000000000000002,1658.46447,393.6581,750.6106699999999,2802.73324
2909,7,InternationalFalls,0.65,0.1,1684.8791499999998,382.32023999999996,740.25458,2807.4539699999996
2910,7,InternationalFalls,0.65,0.25,1612.6694599999998,413.67354,767.9341599999999,2794.2771599999996
2911,7,InternationalFalls,0.65,0.2,1635.2760899999998,403.76082999999994,759.25658,2798.2934999999998
2912,7,InternationalFalls,0.65,0.30000000000000004,1590.6979299999998,423.64959,776.7067499999999,2791.0542699999996
2913,7,InternationalFalls,0.65,0.35000000000000003,1569.00144,433.5306299999999,785.5110099999999,2788.04308
2914,7,InternationalFalls,0.65,0.45,1527.1628399999997,453.70441999999997,803.8162699999999,2784.68353
2915,7,InternationalFalls,0.65,0.4,1547.8550300000002,443.66503,794.47362,2785.9936800000005
2916,7,InternationalFalls,0.65,0.55,1486.9753299999998,473.18146999999993,820.18966,2780.3464599999998
2917,7,InternationalFalls,0.65,0.5,1506.9048899999998,463.58545999999996,812.77888,2783.26923
2918,7,InternationalFalls,0.65,0.6000000000000001,1467.6049899999998,483.15752,828.8355699999998,2779.5980799999998
2919,7,InternationalFalls,0.65,0.65,1447.5578899999998,493.86197999999996,838.01987,2779.43974
2920,7,InternationalFalls,0.65,0.7000000000000001,1429.0126699999998,503.93304,846.5391,2779.48481
2921,7,InternationalFalls,0.65,0.75,1410.80583,514.13078,855.0899999999999,2780.02661
2922,7,InternationalFalls,0.65,0.8500000000000001,1375.3331099999998,535.0646499999999,872.66685,2783.06461
2923,7,InternationalFalls,0.65,0.8,1392.96904,524.64522,863.6408999999999,2781.2551599999997
2924,7,InternationalFalls,0.65,0.9500000000000001,1342.33575,555.58681,890.46539,2788.38795
2925,7,InternationalFalls,0.65,0.9,1358.0672299999999,545.61076,881.7878099999999,2785.4658
2926,7,InternationalFalls,0.7000000000000001,0.01,1774.25227,357.93433999999996,721.9176499999999,2854.1042599999996
2927,7,InternationalFalls,0.7000000000000001,0.15000000000000002,1694.25814,390.20606999999995,751.4974299999999,2835.96164
2928,7,InternationalFalls,0.7000000000000001,0.1,1721.2970799999998,378.7732,740.95132,2841.0216
2929,7,InternationalFalls,0.7000000000000001,0.25,1646.36866,411.10827,770.02438,2827.50131
2930,7,InternationalFalls,0.7000000000000001,0.2,1669.9804399999998,400.81552,760.7767399999999,2831.5726999999997
2931,7,InternationalFalls,0.7000000000000001,0.30000000000000004,1623.5294999999996,421.36935,779.30369,2824.2025399999993
2932,7,InternationalFalls,0.7000000000000001,0.35000000000000003,1601.27209,431.44040999999993,788.45632,2821.16882
2933,7,InternationalFalls,0.7000000000000001,0.45,1558.7992399999998,451.77254999999997,806.6348999999999,2817.2066899999995
2934,7,InternationalFalls,0.7000000000000001,0.4,1579.6814499999998,441.73315999999994,797.67229,2819.0869
2935,7,InternationalFalls,0.7000000000000001,0.55,1518.51587,471.15459,823.57835,2813.24881
2936,7,InternationalFalls,0.7000000000000001,0.5,1538.3820899999998,461.59024999999997,815.40749,2815.37983
2937,7,InternationalFalls,0.7000000000000001,0.6000000000000001,1499.23055,480.97229,832.06591,2812.26875
2938,7,InternationalFalls,0.7000000000000001,0.65,1478.3374999999999,491.96178,841.2502099999999,2811.5494899999994
2939,7,InternationalFalls,0.7000000000000001,0.7000000000000001,1459.9723099999999,501.81114999999994,849.3893999999999,2811.1728599999997
2940,7,InternationalFalls,0.7000000000000001,0.75,1441.87132,511.88220999999993,857.7502799999999,2811.5038099999997
2941,7,InternationalFalls,0.7000000000000001,0.8500000000000001,1406.2502399999998,532.56272,875.23212,2814.04508
2942,7,InternationalFalls,0.7000000000000001,0.8,1423.8545,522.3016399999999,866.52287,2812.67901
2943,7,InternationalFalls,0.7000000000000001,0.9500000000000001,1372.75615,552.98987,892.7456299999999,2818.49165
2944,7,InternationalFalls,0.7000000000000001,0.9,1388.9743700000001,542.9821499999999,884.2263999999999,2816.18292
2945,7,InternationalFalls,0.75,0.01,1811.45281,354.26061999999996,721.9176499999999,2887.6310799999997
2946,7,InternationalFalls,0.75,0.15000000000000002,1728.95165,387.10240999999996,752.4792,2868.53326
2947,7,InternationalFalls,0.75,0.1,1756.5615,375.63786999999996,741.7113999999999,2873.9107699999995
2948,7,InternationalFalls,0.75,0.25,1678.74516,408.8597,772.33629,2859.9411499999997
2949,7,InternationalFalls,0.75,0.2,1703.37208,398.15524,762.4869199999999,2864.01424
2950,7,InternationalFalls,0.75,0.30000000000000004,1654.9325199999998,419.46914999999996,782.12232,2856.5239899999997
2951,7,InternationalFalls,0.75,0.35000000000000003,1632.11419,429.82523999999995,791.71833,2853.65776
2952,7,InternationalFalls,0.75,0.45,1588.9429,450.31573,810.2769499999999,2849.5355799999998
2953,7,InternationalFalls,0.75,0.4,1610.0368099999998,440.21299999999997,801.15599,2851.4057999999995
2954,7,InternationalFalls,0.75,0.55,1548.59619,469.69777,826.99871,2845.29267
2955,7,InternationalFalls,0.75,0.5,1568.33573,460.1651,819.0812099999999,2847.58204
2956,7,InternationalFalls,0.75,0.6000000000000001,1529.45923,479.23043999999993,835.1695699999999,2843.8592399999998
2957,7,InternationalFalls,0.75,0.65,1507.76274,490.44162,844.73391,2842.93827
2958,7,InternationalFalls,0.75,0.7000000000000001,1489.68343,500.0693,852.5563999999999,2842.30913
2959,7,InternationalFalls,0.75,0.75,1471.7308,509.91866999999996,860.5055699999999,2842.15504
2960,7,InternationalFalls,0.75,0.8500000000000001,1436.2689199999998,530.18747,877.48069,2843.9370799999997
2961,7,InternationalFalls,0.75,0.8,1453.75649,520.14808,869.1198099999999,2843.02438
2962,7,InternationalFalls,0.75,0.9500000000000001,1402.4256099999998,550.48794,895.1525499999999,2848.0660999999996
2963,7,InternationalFalls,0.75,0.9,1419.0455499999998,540.4802199999999,886.50664,2846.03241
2964,7,InternationalFalls,0.8500000000000001,0.01,1883.75772,347.03986,721.6959599999999,2952.49354
2965,7,InternationalFalls,0.8500000000000001,0.15000000000000002,1798.68619,379.81831,752.82757,2931.33207
2966,7,InternationalFalls,0.8500000000000001,0.1,1827.02615,368.44878,741.93309,2937.40802
2967,7,InternationalFalls,0.8500000000000001,0.25,1746.37439,402.11399,773.6664299999999,2922.1548099999995
2968,7,InternationalFalls,0.8500000000000001,0.2,1771.9114499999998,391.15617,763.3736799999999,2926.4412999999995
2969,7,InternationalFalls,0.8500000000000001,0.30000000000000004,1721.7791399999999,412.75511,783.70582,2918.24007
2970,7,InternationalFalls,0.8500000000000001,0.35000000000000003,1698.27321,423.14287,793.52352,2914.9395999999997
2971,7,InternationalFalls,0.8500000000000001,0.45,1654.0651,443.63336000000004,812.30383,2910.00229
2972,7,InternationalFalls,0.8500000000000001,0.4,1675.7090899999998,433.5623,803.0561899999999,2912.3275799999997
2973,7,InternationalFalls,0.8500000000000001,0.55,1612.7765799999997,463.11040999999994,829.5956499999999,2905.4826399999993
2974,7,InternationalFalls,0.8500000000000001,0.5,1633.0136999999997,453.45106,821.17143,2907.6361899999997
2975,7,InternationalFalls,0.8500000000000001,0.6000000000000001,1593.34375,472.45306,837.57649,2903.3732999999997
2976,7,InternationalFalls,0.8500000000000001,0.65,1570.4737699999998,483.98094,846.72912,2901.18383
2977,7,InternationalFalls,0.8500000000000001,0.7000000000000001,1552.21528,493.32359,854.1715699999999,2899.71044
2978,7,InternationalFalls,0.8500000000000001,0.75,1534.1359699999998,502.95126999999997,861.9307200000001,2899.01796
2979,7,InternationalFalls,0.8500000000000001,0.8500000000000001,1498.33656,522.8716999999999,878.05075,2899.2590099999998
2980,7,InternationalFalls,0.8500000000000001,0.8,1516.02499,512.86398,870.10158,2898.99055
2981,7,InternationalFalls,0.8500000000000001,0.9500000000000001,1464.2923899999998,542.5071,894.23412,2901.03361
2982,7,InternationalFalls,0.8500000000000001,0.9,1481.12403,532.59439,886.1582699999999,2899.87669
2983,7,InternationalFalls,0.8,0.01,1848.28245,350.49189,721.7909699999999,2920.56531
2984,7,InternationalFalls,0.8,0.15000000000000002,1764.9986799999997,383.11199,752.41586,2900.5265299999996
2985,7,InternationalFalls,0.8,0.1,1792.8519,371.74245999999994,741.67973,2906.27409
2986,7,InternationalFalls,0.8,0.25,1713.4378199999999,405.28099,773.09637,2891.8151799999996
2987,7,InternationalFalls,0.8,0.2,1738.6364999999998,394.38651,762.86696,2895.8899699999997
2988,7,InternationalFalls,0.8,0.30000000000000004,1689.0859399999997,415.98544999999996,783.13576,2888.2071499999997
2989,7,InternationalFalls,0.8,0.35000000000000003,1665.79171,426.46822,792.95346,2885.21339
2990,7,InternationalFalls,0.8,0.45,1621.95365,447.08538999999996,811.7971099999999,2880.8361499999996
2991,7,InternationalFalls,0.8,0.4,1643.3967799999998,436.91932,802.5494699999999,2882.86557
2992,7,InternationalFalls,0.8,0.55,1580.8659899999998,466.72078999999997,829.1839399999999,2876.7707199999995
2993,7,InternationalFalls,0.8,0.5,1601.02893,456.96642999999995,820.6963799999999,2878.6917399999998
2994,7,InternationalFalls,0.8,0.6000000000000001,1561.4965,476.19012000000004,837.2914599999999,2874.97808
2995,7,InternationalFalls,0.8,0.65,1538.7006999999999,487.78134,846.50743,2872.98947
2996,7,InternationalFalls,0.8,0.7000000000000001,1520.4522,497.34567999999996,854.07656,2871.8744399999996
2997,7,InternationalFalls,0.8,0.75,1502.38373,507.10004,861.96239,2871.44616
2998,7,InternationalFalls,0.8,0.8500000000000001,1466.58347,527.4005099999999,879.1275299999999,2873.1115099999997
2999,7,InternationalFalls,0.8,0.8,1484.20856,517.29778,870.925,2872.43134
3000,7,InternationalFalls,0.8,0.9500000000000001,1432.4442899999997,547.51096,896.38768,2876.34293
3001,7,InternationalFalls,0.8,0.9,1449.38178,537.40823,887.4567400000001,2874.2467500000002
3002,7,InternationalFalls,0.9500000000000001,0.01,1951.99952,340.70586,721.4109299999999,3014.11631
3003,7,InternationalFalls,0.9500000000000001,0.15000000000000002,1863.1941199999999,373.86434999999994,753.55598,2990.61445
3004,7,InternationalFalls,0.9500000000000001,0.1,1892.6233999999997,362.49481999999995,742.3764699999999,2997.4946899999995
3005,7,InternationalFalls,0.9500000000000001,0.25,1809.40127,396.22337,774.7748799999999,2980.39952
3006,7,InternationalFalls,0.9500000000000001,0.2,1835.59426,385.1072,764.3554499999999,2985.0569100000002
3007,7,InternationalFalls,0.9500000000000001,0.30000000000000004,1784.2559399999998,406.86449,784.8459399999999,2975.96637
3008,7,InternationalFalls,0.9500000000000001,0.35000000000000003,1760.27411,417.25225,794.7269799999999,2972.2533399999998
3009,7,InternationalFalls,0.9500000000000001,0.45,1715.5159199999998,437.45770999999996,813.34894,2966.32257
3010,7,InternationalFalls,0.9500000000000001,0.4,1737.42411,427.44998999999996,804.16464,2969.03874
3011,7,InternationalFalls,0.9500000000000001,0.55,1673.8573499999998,456.52305,830.45074,2960.8311400000002
3012,7,InternationalFalls,0.9500000000000001,0.5,1694.25282,447.14872999999994,822.1532,2963.5547500000002
3013,7,InternationalFalls,0.9500000000000001,0.6000000000000001,1654.43536,465.64401,838.2415599999999,2958.32093
3014,7,InternationalFalls,0.9500000000000001,0.65,1631.36452,476.88686,847.20417,2955.45555
3015,7,InternationalFalls,0.9500000000000001,0.7000000000000001,1613.24355,485.84946999999994,854.3299199999999,2953.4229399999995
3016,7,InternationalFalls,0.9500000000000001,0.75,1595.18592,495.16044999999997,861.80404,2952.1504099999997
3017,7,InternationalFalls,0.9500000000000001,0.8500000000000001,1559.25983,514.41581,877.67071,2951.34635
3018,7,InternationalFalls,0.9500000000000001,0.8,1577.0115999999998,504.8198,869.75321,2951.58461
3019,7,InternationalFalls,0.9500000000000001,0.9500000000000001,1525.2481799999998,533.51282,893.2840199999999,2952.04502
3020,7,InternationalFalls,0.9500000000000001,0.9,1541.9948,524.01182,885.52487,2951.5314900000003
3021,7,InternationalFalls,0.9,0.01,1918.33369,343.71450999999996,721.4426,2983.4907999999996
3022,7,InternationalFalls,0.9,0.15000000000000002,1831.4427300000002,376.80966,753.04926,2961.3016500000003
3023,7,InternationalFalls,0.9,0.1,1860.3011,365.31345,742.05977,2967.6743199999996
3024,7,InternationalFalls,0.9,0.25,1778.3483199999998,399.10533999999996,774.26816,2951.7218199999998
3025,7,InternationalFalls,0.9,0.2,1804.2662699999996,388.02083999999996,763.72205,2956.0091599999996
3026,7,InternationalFalls,0.9,0.30000000000000004,1753.4988599999997,409.7781299999999,784.33922,2947.6162099999992
3027,7,InternationalFalls,0.9,0.35000000000000003,1729.69706,420.07087999999993,794.18859,2943.9565299999995
3028,7,InternationalFalls,0.9,0.45,1685.2347399999999,440.46636,812.87389,2938.5749899999996
3029,7,InternationalFalls,0.9,0.4,1706.9845799999998,430.3953,803.6579199999999,2941.0378
3030,7,InternationalFalls,0.9,0.55,1643.79871,459.69005,829.88068,2933.3694400000004
3031,7,InternationalFalls,0.9,0.5,1664.0883299999998,450.18905,821.5197999999999,2935.79718
3032,7,InternationalFalls,0.9,0.6000000000000001,1624.3658799999998,468.96936,837.7665099999998,2931.10175
3033,7,InternationalFalls,0.9,0.65,1601.3900499999997,480.33888999999994,846.8241299999999,2928.5530699999995
3034,7,InternationalFalls,0.9,0.7000000000000001,1583.1740699999998,489.49152,854.1082299999999,2926.7738199999994
3035,7,InternationalFalls,0.9,0.75,1565.1055999999999,498.92918,861.7090299999999,2925.74381
3036,7,InternationalFalls,0.9,0.8500000000000001,1529.2003399999999,518.5329099999999,877.82906,2925.56231
3037,7,InternationalFalls,0.9,0.8,1546.9096,508.7468799999999,869.7848799999999,2925.44136
3038,7,InternationalFalls,0.9,0.9500000000000001,1495.1353399999998,537.91495,893.6957299999999,2926.7460199999996
3039,7,InternationalFalls,0.9,0.9,1511.9353099999998,528.22393,885.8098999999999,2925.9691399999997
3040,1A,Miami,0.01,0.01,1.5835,1701.09071,761.0301,2463.70431
3041,1A,Miami,0.01,0.15000000000000002,1.42515,1752.7761500000001,778.2585799999999,2532.4598800000003
3042,1A,Miami,0.01,0.1,1.4884899999999999,1734.40755,771.9879199999999,2507.8839599999997
3043,1A,Miami,0.01,0.25,1.3301399999999999,1786.3146799999997,789.34308,2576.9878999999996
3044,1A,Miami,0.01,0.2,1.3934799999999998,1769.5929199999998,783.7691599999999,2554.7555599999996
3045,1A,Miami,0.01,0.30000000000000004,1.2984699999999998,1803.06811,794.88533,2599.25191
3046,1A,Miami,0.01,0.35000000000000003,1.2668,1819.5998499999998,800.42758,2621.29423
3047,1A,Miami,0.01,0.45,1.20346,1855.45029,812.0187999999998,2668.67255
3048,1A,Miami,0.01,0.4,1.23513,1837.14503,806.1281799999999,2644.50834
3049,1A,Miami,0.01,0.55,1.1401199999999998,1889.6855599999997,823.5150099999998,2714.3406899999995
3050,1A,Miami,0.01,0.5,1.1717899999999999,1872.5204199999998,817.78274,2691.47495
3051,1A,Miami,0.01,0.6000000000000001,1.10845,1906.8507,829.2472799999998,2737.2064299999997
3052,1A,Miami,0.01,0.65,1.07678,1923.88916,835.01122,2759.97716
3053,1A,Miami,0.01,0.7000000000000001,1.04511,1941.0859699999999,840.77516,2782.90624
3054,1A,Miami,0.01,0.75,1.01344,1958.21944,846.50743,2805.74031
3055,1A,Miami,0.01,0.8500000000000001,0.9817699999999999,1992.29636,858.06698,2851.34511
3056,1A,Miami,0.01,0.8,1.01344,1975.1628899999998,852.30304,2828.47937
3057,1A,Miami,0.01,0.9500000000000001,0.9501,2026.1515899999997,869.56319,2896.66488
3058,1A,Miami,0.01,0.9,0.9501,2009.2398099999998,863.7992499999999,2873.9891599999996
3059,1A,Miami,0.05,0.01,1.6468399999999999,1699.19051,761.28346,2462.12081
3060,1A,Miami,0.05,0.15000000000000002,1.4884899999999999,1751.0976399999997,778.57528,2531.1614099999997
3061,1A,Miami,0.05,0.1,1.5518299999999998,1732.5073499999999,772.30462,2506.3638
3062,1A,Miami,0.05,0.25,1.3934799999999998,1784.50949,789.62811,2575.5310799999997
3063,1A,Miami,0.05,0.2,1.45682,1767.78773,784.11753,2553.36208
3064,1A,Miami,0.05,0.30000000000000004,1.36181,1801.19958,795.17036,2597.73175
3065,1A,Miami,0.05,0.35000000000000003,1.3301399999999999,1817.73132,800.71261,2619.7740700000004
3066,1A,Miami,0.05,0.45,1.23513,1853.4867499999998,812.3354999999999,2667.0573799999997
3067,1A,Miami,0.05,0.4,1.2668,1835.18149,806.4448799999999,2642.89317
3068,1A,Miami,0.05,0.55,1.1717899999999999,1887.6903499999999,823.76837,2712.63051
3069,1A,Miami,0.05,0.5,1.20346,1870.5568799999999,818.0361,2689.79644
3070,1A,Miami,0.05,0.6000000000000001,1.1401199999999998,1904.6971399999998,829.27895,2735.1162099999997
3071,1A,Miami,0.05,0.65,1.10845,1921.7039299999997,835.01122,2757.8235999999997
3072,1A,Miami,0.05,0.7000000000000001,1.07678,1938.7423899999997,840.77516,2780.59433
3073,1A,Miami,0.05,0.75,1.04511,1955.87586,846.50743,2803.4284000000002
3074,1A,Miami,0.05,0.8500000000000001,1.01344,1989.8260999999998,858.00364,2848.84318
3075,1A,Miami,0.05,0.8,1.04511,1972.88265,852.27137,2826.19913
3076,1A,Miami,0.05,0.9500000000000001,0.9817699999999999,2023.64966,869.49985,2894.13128
3077,1A,Miami,0.05,0.9,0.9817699999999999,2006.7695499999998,863.73591,2871.4872299999997
3078,1A,Miami,0.15000000000000002,0.01,1.8368599999999997,1694.59836,761.82185,2458.2570699999997
3079,1A,Miami,0.15000000000000002,0.15000000000000002,1.6468399999999999,1747.04388,779.43037,2528.12109
3080,1A,Miami,0.15000000000000002,0.1,1.71018,1728.32691,773.09637,2503.13346
3081,1A,Miami,0.15000000000000002,0.25,1.5518299999999998,1780.4240599999998,790.41986,2572.3957499999997
3082,1A,Miami,0.15000000000000002,0.2,1.5835,1763.86065,784.90928,2550.35343
3083,1A,Miami,0.15000000000000002,0.30000000000000004,1.4884899999999999,1796.9874699999998,795.93044,2594.4064
3084,1A,Miami,0.15000000000000002,0.35000000000000003,1.45682,1813.5508799999998,801.47269,2616.4803899999997
3085,1A,Miami,0.15000000000000002,0.45,1.36181,1849.02128,812.77888,2663.16197
3086,1A,Miami,0.15000000000000002,0.4,1.42515,1830.9693799999998,806.88826,2639.2827899999997
3087,1A,Miami,0.15000000000000002,0.55,1.2984699999999998,1883.0982,824.18008,2708.5767499999997
3088,1A,Miami,0.15000000000000002,0.5,1.3301399999999999,1866.15475,818.47948,2685.9643699999997
3089,1A,Miami,0.15000000000000002,0.6000000000000001,1.2668,1900.00998,829.88068,2731.1574600000004
3090,1A,Miami,0.15000000000000002,0.65,1.23513,1916.9850999999996,835.6129500000001,2753.8331799999996
3091,1A,Miami,0.15000000000000002,0.7000000000000001,1.20346,1933.8335399999999,841.3135499999999,2776.3505499999997
3092,1A,Miami,0.15000000000000002,0.75,1.1401199999999998,1950.6503099999998,847.0458199999999,2798.83625
3093,1A,Miami,0.15000000000000002,0.8500000000000001,1.10845,1984.47387,858.4786899999999,2844.06101
3094,1A,Miami,0.15000000000000002,0.8,1.1401199999999998,1967.5304199999998,852.7780899999999,2821.44863
3095,1A,Miami,0.15000000000000002,0.9500000000000001,1.04511,2017.9490599999997,869.87989,2888.8740599999996
3096,1A,Miami,0.15000000000000002,0.9,1.07678,2001.2589699999999,864.2109599999999,2866.5467099999996
3097,1A,Miami,0.1,0.01,1.7418500000000001,1696.8469299999997,761.56849,2460.1572699999997
3098,1A,Miami,0.1,0.15000000000000002,1.5835,1749.00742,779.01866,2529.60958
3099,1A,Miami,0.1,0.1,1.6468399999999999,1730.32212,772.71633,2504.6852900000004
3100,1A,Miami,0.1,0.25,1.45682,1782.4192699999996,790.03982,2573.9159099999997
3101,1A,Miami,0.1,0.2,1.52016,1765.7291799999998,784.52924,2551.7785799999997
3102,1A,Miami,0.1,0.30000000000000004,1.42515,1799.07769,795.5820699999999,2596.08491
3103,1A,Miami,0.1,0.35000000000000003,1.3934799999999998,1815.57776,801.0926499999999,2618.06389
3104,1A,Miami,0.1,0.45,1.2984699999999998,1851.17484,812.6522,2665.12551
3105,1A,Miami,0.1,0.4,1.3301399999999999,1833.0912699999997,806.79325,2641.2146599999996
3106,1A,Miami,0.1,0.55,1.23513,1885.2834299999997,823.8633799999999,2710.3819399999998
3107,1A,Miami,0.1,0.5,1.2668,1868.2133,818.1627799999999,2687.64288
3108,1A,Miami,0.1,0.6000000000000001,1.20346,1902.2585499999998,829.5956499999999,2733.0576599999995
3109,1A,Miami,0.1,0.65,1.1717899999999999,1919.3286799999998,835.29625,2755.79672
3110,1A,Miami,0.1,0.7000000000000001,1.1401199999999998,1936.20879,841.0601899999999,2778.4091
3111,1A,Miami,0.1,0.75,1.10845,1953.15224,846.7924599999999,2801.0531499999997
3112,1A,Miami,0.1,0.8500000000000001,1.07678,1987.0391399999999,858.257,2846.37292
3113,1A,Miami,0.1,0.8,1.07678,1970.15903,852.52473,2823.76054
3114,1A,Miami,0.1,0.9500000000000001,1.01344,2020.6726799999997,869.68987,2891.3759899999995
3115,1A,Miami,0.1,0.9,1.04511,2004.0142599999997,863.9892699999999,2869.0486399999995
3116,1A,Miami,0.25,0.01,1.99521,1690.5762699999998,762.26523,2454.8367099999996
3117,1A,Miami,0.25,0.15000000000000002,1.8051899999999999,1743.65519,780.22212,2525.6825
3118,1A,Miami,0.25,0.1,1.8685299999999998,1724.7482,773.79311,2500.40984
3119,1A,Miami,0.25,0.25,1.67851,1776.8136799999997,790.9582499999999,2569.4504399999996
3120,1A,Miami,0.25,0.2,1.7418500000000001,1760.28194,785.70103,2547.7248200000004
3121,1A,Miami,0.25,0.30000000000000004,1.6468399999999999,1793.3137499999998,796.43716,2591.39775
3122,1A,Miami,0.25,0.35000000000000003,1.5835,1809.81382,801.91607,2613.3133900000003
3123,1A,Miami,0.25,0.45,1.4884899999999999,1845.37923,813.44395,2660.31167
3124,1A,Miami,0.25,0.4,1.52016,1827.29566,807.5849999999999,2636.40082
3125,1A,Miami,0.25,0.55,1.3934799999999998,1879.17112,824.8134799999999,2705.37808
3126,1A,Miami,0.25,0.5,1.45682,1862.2276699999998,819.1128799999999,2682.79737
3127,1A,Miami,0.25,0.6000000000000001,1.36181,1896.05123,830.48241,2727.89545
3128,1A,Miami,0.25,0.65,1.3301399999999999,1912.8363299999999,836.1513399999999,2750.3178099999996
3129,1A,Miami,0.25,0.7000000000000001,1.2984699999999998,1929.46308,841.8519399999999,2772.6134899999997
3130,1A,Miami,0.25,0.75,1.2668,1946.2165099999997,847.52087,2795.00418
3131,1A,Miami,0.25,0.8500000000000001,1.20346,1979.6916999999999,858.8903999999999,2839.78556
3132,1A,Miami,0.25,0.8,1.23513,1962.8749299999997,853.2214700000001,2817.33153
3133,1A,Miami,0.25,0.9500000000000001,1.1401199999999998,2012.91353,870.2282599999999,2884.2819099999997
3134,1A,Miami,0.25,0.9,1.1717899999999999,1996.31845,864.5909999999999,2862.08124
3135,1A,Miami,0.2,0.01,1.9318699999999998,1692.5398099999998,762.07521,2456.5468899999996
3136,1A,Miami,0.2,0.15000000000000002,1.7418500000000001,1745.30203,779.84208,2526.88596
3137,1A,Miami,0.2,0.1,1.8051899999999999,1726.5217199999997,773.4447399999999,2501.7716499999997
3138,1A,Miami,0.2,0.25,1.61517,1778.5872,790.7998999999999,2571.00227
3139,1A,Miami,0.2,0.2,1.67851,1762.02379,785.28932,2548.99162
3140,1A,Miami,0.2,0.30000000000000004,1.5518299999999998,1795.11894,796.31048,2592.9812500000003
3141,1A,Miami,0.2,0.35000000000000003,1.52016,1811.5873399999998,801.5677,2614.6751999999997
3142,1A,Miami,0.2,0.45,1.42515,1847.12108,813.0955799999999,2661.64181
3143,1A,Miami,0.2,0.4,1.4884899999999999,1829.1325199999997,807.2366299999999,2637.8576399999993
3144,1A,Miami,0.2,0.55,1.3301399999999999,1881.00798,824.52845,2706.86657
3145,1A,Miami,0.2,0.5,1.3934799999999998,1864.03286,818.79618,2684.2225200000003
3146,1A,Miami,0.2,0.6000000000000001,1.2984699999999998,1897.9514299999998,830.19738,2729.44728
3147,1A,Miami,0.2,0.65,1.2668,1914.83154,835.89798,2751.99632
3148,1A,Miami,0.2,0.7000000000000001,1.23513,1931.5849699999999,841.59858,2774.4186799999998
3149,1A,Miami,0.2,0.75,1.20346,1948.37007,847.2675099999999,2796.84104
3150,1A,Miami,0.2,0.8500000000000001,1.1401199999999998,1981.9719400000001,858.7003799999999,2841.81244
3151,1A,Miami,0.2,0.8,1.1717899999999999,1965.2185099999997,852.9997799999999,2819.3900799999997
3152,1A,Miami,0.2,0.9500000000000001,1.10845,2015.3837899999999,870.06991,2886.5621499999997
3153,1A,Miami,0.2,0.9,1.1401199999999998,1998.7253699999999,864.4009799999999,2864.2664699999996
3154,1A,Miami,0.30000000000000004,0.01,2.09022,1688.4227099999998,762.45525,2452.96818
3155,1A,Miami,0.30000000000000004,0.15000000000000002,1.8685299999999998,1742.54674,780.76051,2525.17578
3156,1A,Miami,0.30000000000000004,0.1,1.9318699999999998,1723.3230499999997,774.17315,2499.4280699999995
3157,1A,Miami,0.30000000000000004,0.25,1.7418500000000001,1776.8770199999997,791.84501,2570.46388
3158,1A,Miami,0.30000000000000004,0.2,1.8051899999999999,1759.7118799999998,786.17608,2547.69315
3159,1A,Miami,0.30000000000000004,0.30000000000000004,1.67851,1793.6937899999998,797.4506,2592.8228999999997
3160,1A,Miami,0.30000000000000004,0.35000000000000003,1.6468399999999999,1810.70058,803.08786,2615.43528
3161,1A,Miami,0.30000000000000004,0.45,1.5518299999999998,1844.3657899999998,814.4257200000001,2660.34334
3162,1A,Miami,0.30000000000000004,0.4,1.5835,1827.58069,808.75679,2637.92098
3163,1A,Miami,0.30000000000000004,0.55,1.45682,1877.3342599999999,825.0985099999999,2703.8895899999998
3164,1A,Miami,0.30000000000000004,0.5,1.4884899999999999,1860.9608699999999,820.0629799999999,2682.5123399999998
3165,1A,Miami,0.30000000000000004,0.6000000000000001,1.42515,1894.15103,830.7991099999999,2726.37529
3166,1A,Miami,0.30000000000000004,0.65,1.3934799999999998,1910.9361299999998,836.43637,2748.7659799999997
3167,1A,Miami,0.30000000000000004,0.7000000000000001,1.36181,1927.56288,842.1052999999998,2771.02999
3168,1A,Miami,0.30000000000000004,0.75,1.2984699999999998,1944.1579599999998,847.77423,2793.2306599999997
3169,1A,Miami,0.30000000000000004,0.8500000000000001,1.23513,1977.5064699999998,859.1120899999999,2837.85369
3170,1A,Miami,0.30000000000000004,0.8,1.2668,1960.78471,853.44316,2815.49467
3171,1A,Miami,0.30000000000000004,0.9500000000000001,1.1717899999999999,2010.53828,870.32327,2882.03334
3172,1A,Miami,0.30000000000000004,0.9,1.20346,1994.1332199999997,864.7493499999999,2860.0860299999995
3173,1A,Miami,0.35000000000000003,0.01,2.18523,1686.5858499999997,762.64527,2451.4163499999995
3174,1A,Miami,0.35000000000000003,0.15000000000000002,1.9318699999999998,1741.08992,780.91886,2523.9406499999996
3175,1A,Miami,0.35000000000000003,0.1,2.02688,1721.7395499999998,774.26816,2498.0345899999998
3176,1A,Miami,0.35000000000000003,0.25,1.8051899999999999,1775.48354,792.1933799999999,2569.48211
3177,1A,Miami,0.35000000000000003,0.2,1.8685299999999998,1758.3184,786.55612,2546.74305
3178,1A,Miami,0.35000000000000003,0.30000000000000004,1.7418500000000001,1792.2369699999997,797.7989699999999,2591.7777899999996
3179,1A,Miami,0.35000000000000003,0.35000000000000003,1.71018,1809.1487499999998,803.4362299999999,2614.2951599999997
3180,1A,Miami,0.35000000000000003,0.45,1.61517,1842.81396,814.7424199999999,2659.17155
3181,1A,Miami,0.35000000000000003,0.4,1.6468399999999999,1825.99719,809.10516,2636.74919
3182,1A,Miami,0.35000000000000003,0.55,1.52016,1875.7824299999997,825.3835399999999,2702.6861299999996
3183,1A,Miami,0.35000000000000003,0.5,1.5518299999999998,1859.3456999999999,820.37968,2681.27721
3184,1A,Miami,0.35000000000000003,0.6000000000000001,1.4884899999999999,1892.53586,831.0524700000001,2725.07682
3185,1A,Miami,0.35000000000000003,0.65,1.42515,1909.13094,836.7213999999999,2747.27749
3186,1A,Miami,0.35000000000000003,0.7000000000000001,1.3934799999999998,1925.78936,842.32699,2769.50983
3187,1A,Miami,0.35000000000000003,0.75,1.36181,1942.3210999999997,847.99592,2791.67883
3188,1A,Miami,0.35000000000000003,0.8500000000000001,1.2984699999999998,1975.5429299999998,859.2704399999999,2836.1118399999996
3189,1A,Miami,0.35000000000000003,0.8,1.3301399999999999,1958.7894999999999,853.66485,2813.78449
3190,1A,Miami,0.35000000000000003,0.9500000000000001,1.23513,2008.16303,870.4182799999999,2879.8164399999996
3191,1A,Miami,0.35000000000000003,0.9,1.2668,1992.043,864.9393699999999,2858.24917
3192,1A,Miami,0.45,0.01,2.3435799999999998,1682.9754699999999,762.74028,2448.05933
3193,1A,Miami,0.45,0.15000000000000002,2.09022,1738.7780099999998,781.6472699999999,2522.5154999999995
3194,1A,Miami,0.45,0.1,2.15356,1719.11094,774.90156,2496.16606
3195,1A,Miami,0.45,0.25,1.9318699999999998,1772.94994,792.92179,2567.8035999999997
3196,1A,Miami,0.45,0.2,2.02688,1755.7848,787.28453,2545.0962099999997
3197,1A,Miami,0.45,0.30000000000000004,1.8685299999999998,1789.5450199999998,798.4957099999999,2589.9092599999994
3198,1A,Miami,0.45,0.35000000000000003,1.8368599999999997,1806.4251299999999,804.1329699999999,2612.3949599999996
3199,1A,Miami,0.45,0.45,1.71018,1839.8686500000001,815.3758199999999,2656.95465
3200,1A,Miami,0.45,0.4,1.77352,1823.3685799999998,809.73856,2634.88066
3201,1A,Miami,0.45,0.55,1.61517,1872.80545,825.9535999999999,2700.37422
3202,1A,Miami,0.45,0.5,1.67851,1856.55874,820.98141,2679.21866
3203,1A,Miami,0.45,0.6000000000000001,1.5835,1889.46387,831.5908599999999,2722.63823
3204,1A,Miami,0.45,0.65,1.5518299999999998,1906.1222899999998,837.19645,2744.87057
3205,1A,Miami,0.45,0.7000000000000001,1.4884899999999999,1922.4956799999998,842.8337099999999,2766.8178799999996
3206,1A,Miami,0.45,0.75,1.45682,1938.96408,848.4392999999999,2788.8602
3207,1A,Miami,0.45,0.8500000000000001,1.3934799999999998,1971.74253,859.6504799999999,2832.78649
3208,1A,Miami,0.45,0.8,1.42515,1955.2741299999998,854.04489,2810.74417
3209,1A,Miami,0.45,0.9500000000000001,1.3301399999999999,2003.82424,870.51329,2875.66767
3210,1A,Miami,0.45,0.9,1.36181,1988.2109299999997,865.2244,2854.7971399999997
3211,1A,Miami,0.4,0.01,2.24857,1684.74899,762.80362,2449.80118
3212,1A,Miami,0.4,0.15000000000000002,2.02688,1739.82312,781.2988999999999,2523.1488999999997
3213,1A,Miami,0.4,0.1,2.09022,1720.47275,774.58486,2497.14783
3214,1A,Miami,0.4,0.25,1.8685299999999998,1774.1534000000001,792.5734199999999,2568.59535
3215,1A,Miami,0.4,0.2,1.9318699999999998,1757.0199299999997,786.93616,2545.8879599999996
3216,1A,Miami,0.4,0.30000000000000004,1.8051899999999999,1790.84349,798.14734,2590.7960199999998
3217,1A,Miami,0.4,0.35000000000000003,1.77352,1807.7552699999997,803.7846,2613.3133899999993
3218,1A,Miami,0.4,0.45,1.6468399999999999,1841.2938,815.05912,2657.99976
3219,1A,Miami,0.4,0.4,1.71018,1824.54037,809.42186,2635.67241
3220,1A,Miami,0.4,0.55,1.5518299999999998,1874.1355899999999,825.6685699999999,2701.35599
3221,1A,Miami,0.4,0.5,1.61517,1858.0155599999998,820.6647099999999,2680.29544
3222,1A,Miami,0.4,0.6000000000000001,1.52016,1890.98403,831.3375,2723.84169
3223,1A,Miami,0.4,0.65,1.4884899999999999,1907.54744,836.9747599999998,2746.01069
3224,1A,Miami,0.4,0.7000000000000001,1.45682,1924.0475099999999,842.58035,2768.08468
3225,1A,Miami,0.4,0.75,1.42515,1940.5792499999998,848.2176099999999,2790.2220099999995
3226,1A,Miami,0.4,0.8500000000000001,1.3301399999999999,1973.5477199999998,859.4604599999999,2834.33832
3227,1A,Miami,0.4,0.8,1.36181,1957.04765,853.85487,2812.26433
3228,1A,Miami,0.4,0.9500000000000001,1.2668,2005.9461299999998,870.48162,2877.69455
3229,1A,Miami,0.4,0.9,1.2984699999999998,1990.07946,865.0660499999999,2856.44398
3230,1A,Miami,0.55,0.01,2.5019299999999998,1679.8718099999996,762.9936399999999,2445.3673799999997
3231,1A,Miami,0.55,0.15000000000000002,2.2169,1736.90948,782.3756799999999,2521.50206
3232,1A,Miami,0.55,0.1,2.3119099999999997,1716.86237,775.43995,2494.61423
3233,1A,Miami,0.55,0.25,2.05855,1770.8913899999998,793.61853,2566.5684699999997
3234,1A,Miami,0.55,0.2,2.15356,1753.7895899999999,788.01294,2543.9560899999997
3235,1A,Miami,0.55,0.30000000000000004,1.99521,1787.5498099999998,799.1924499999999,2588.7374699999996
3236,1A,Miami,0.55,0.35000000000000003,1.9318699999999998,1804.1448899999998,804.79804,2610.8747999999996
3237,1A,Miami,0.55,0.45,1.8368599999999997,1837.46173,815.9775499999998,2655.27614
3238,1A,Miami,0.55,0.4,1.9002,1820.92999,810.37196,2633.20215
3239,1A,Miami,0.55,0.55,1.71018,1870.4302,826.5236600000001,2698.66404
3240,1A,Miami,0.55,0.5,1.77352,1854.12015,821.58314,2677.47681
3241,1A,Miami,0.55,0.6000000000000001,1.67851,1886.77192,832.12925,2720.57968
3242,1A,Miami,0.55,0.65,1.6468399999999999,1903.27199,837.7031699999999,2742.622
3243,1A,Miami,0.55,0.7000000000000001,1.5835,1919.7403899999997,843.2770899999999,2764.6009799999997
3244,1A,Miami,0.55,0.75,1.5518299999999998,1936.05044,848.8510099999999,2786.4532799999997
3245,1A,Miami,0.55,0.8500000000000001,1.4884899999999999,1968.4488499999998,859.96718,2829.9045199999996
3246,1A,Miami,0.55,0.8,1.52016,1952.36049,854.42493,2808.30558
3247,1A,Miami,0.55,0.9500000000000001,1.42515,1999.7704800000001,870.5766299999999,2871.77226
3248,1A,Miami,0.55,0.9,1.45682,1984.79057,865.5094300000001,2851.75682
3249,1A,Miami,0.5,0.01,2.40692,1681.39197,762.86696,2446.66585
3250,1A,Miami,0.5,0.15000000000000002,2.15356,1737.8595799999998,781.9956399999999,2522.0087799999997
3251,1A,Miami,0.5,0.1,2.24857,1717.9391500000002,775.18659,2495.37431
3252,1A,Miami,0.5,0.25,1.99521,1771.9364999999998,793.2701599999999,2567.20187
3253,1A,Miami,0.5,0.2,2.09022,1754.73969,787.66457,2544.4944800000003
3254,1A,Miami,0.5,0.30000000000000004,1.9318699999999998,1788.46824,798.84408,2589.24419
3255,1A,Miami,0.5,0.35000000000000003,1.9002,1805.3166799999997,804.44967,2611.66655
3256,1A,Miami,0.5,0.45,1.77352,1838.6335199999996,815.69252,2656.0995599999997
3257,1A,Miami,0.5,0.4,1.8368599999999997,1822.10178,810.05526,2633.9939
3258,1A,Miami,0.5,0.55,1.67851,1871.4436399999997,826.23863,2699.3607799999995
3259,1A,Miami,0.5,0.5,1.71018,1855.2602699999998,821.2664399999999,2678.2368899999997
3260,1A,Miami,0.5,0.6000000000000001,1.61517,1888.1020599999997,831.87589,2721.5931199999995
3261,1A,Miami,0.5,0.65,1.5835,1904.57046,837.44981,2743.6037699999997
3262,1A,Miami,0.5,0.7000000000000001,1.5518299999999998,1921.07053,843.0554,2765.67776
3263,1A,Miami,0.5,0.75,1.52016,1937.4122499999999,848.6609900000001,2787.5933999999997
3264,1A,Miami,0.5,0.8500000000000001,1.42515,1970.0640199999998,859.80883,2831.298
3265,1A,Miami,0.5,0.8,1.45682,1953.7856399999998,854.23491,2809.47737
3266,1A,Miami,0.5,0.9500000000000001,1.36181,2001.8290299999999,870.54496,2873.7358
3267,1A,Miami,0.5,0.9,1.3934799999999998,1986.40574,865.38275,2853.1819699999996
3268,1A,Miami,0.6000000000000001,0.01,2.5969399999999996,1678.35165,763.0886499999999,2444.0372399999997
3269,1A,Miami,0.6000000000000001,0.15000000000000002,2.2802399999999996,1736.0860599999996,782.75572,2521.12202
3270,1A,Miami,0.6000000000000001,0.1,2.37525,1715.7855899999997,775.72498,2493.8858199999995
3271,1A,Miami,0.6000000000000001,0.25,2.12189,1769.9729599999998,793.99857,2566.0934199999997
3272,1A,Miami,0.6000000000000001,0.2,2.2169,1752.96617,788.39298,2543.5760499999997
3273,1A,Miami,0.6000000000000001,0.30000000000000004,2.05855,1786.6947199999997,799.5724899999999,2588.3257599999997
3274,1A,Miami,0.6000000000000001,0.35000000000000003,1.99521,1803.3214699999999,805.14641,2610.4630899999997
3275,1A,Miami,0.6000000000000001,0.45,1.9002,1836.47996,816.3259199999999,2654.70608
3276,1A,Miami,0.6000000000000001,0.4,1.9318699999999998,1819.9798899999998,810.752,2632.6637599999995
3277,1A,Miami,0.6000000000000001,0.55,1.77352,1869.29008,826.8403599999999,2697.9039599999996
3278,1A,Miami,0.6000000000000001,0.5,1.8368599999999997,1853.07504,821.8998399999999,2676.8117399999996
3279,1A,Miami,0.6000000000000001,0.6000000000000001,1.7418500000000001,1885.7268099999997,832.4142799999998,2719.8829399999995
3280,1A,Miami,0.6000000000000001,0.65,1.67851,1902.03686,837.9882,2741.7035699999997
3281,1A,Miami,0.6000000000000001,0.7000000000000001,1.6468399999999999,1918.4419199999998,843.53045,2763.61921
3282,1A,Miami,0.6000000000000001,0.75,1.61517,1934.7202999999997,849.0727,2785.4081699999997
3283,1A,Miami,0.6000000000000001,0.8500000000000001,1.52016,1967.0237,860.1255299999999,2828.66939
3284,1A,Miami,0.6000000000000001,0.8,1.5518299999999998,1950.90367,854.61495,2807.07045
3285,1A,Miami,0.6000000000000001,0.9500000000000001,1.45682,1997.87028,870.5766299999999,2869.90373
3286,1A,Miami,0.6000000000000001,0.9,1.4884899999999999,1983.1754,865.6677799999999,2850.33167
3287,1A,Miami,0.65,0.01,2.6602799999999998,1677.0531799999999,763.21533,2442.92879
3288,1A,Miami,0.65,0.15000000000000002,2.3435799999999998,1736.1177300000002,783.45246,2521.91377
3289,1A,Miami,0.65,0.1,2.47026,1715.4688899999999,776.26337,2494.20252
3290,1A,Miami,0.65,0.25,2.18523,1771.5881299999999,795.3920499999999,2569.1654099999996
3291,1A,Miami,0.65,0.2,2.2802399999999996,1753.8529299999998,789.46976,2545.60293
3292,1A,Miami,0.65,0.30000000000000004,2.12189,1788.9116199999999,801.21933,2592.2528399999997
3293,1A,Miami,0.65,0.35000000000000003,2.05855,1806.0134199999998,807.0149399999999,2615.0869099999995
3294,1A,Miami,0.65,0.45,1.9318699999999998,1839.5836199999999,818.3844700000001,2659.8999599999997
3295,1A,Miami,0.65,0.4,1.99521,1822.89353,812.7472099999999,2637.63595
3296,1A,Miami,0.65,0.55,1.8368599999999997,1872.10871,828.89891,2702.8444799999997
3297,1A,Miami,0.65,0.5,1.8685299999999998,1856.14703,823.95839,2681.97395
3298,1A,Miami,0.65,0.6000000000000001,1.77352,1888.29208,834.34615,2724.4117499999998
3299,1A,Miami,0.65,0.65,1.71018,1905.20386,840.01508,2746.9291200000002
3300,1A,Miami,0.65,0.7000000000000001,1.67851,1921.22888,845.36731,2768.2747
3301,1A,Miami,0.65,0.75,1.6468399999999999,1937.34891,850.7828799999999,2789.77863
3302,1A,Miami,0.65,0.8500000000000001,1.5518299999999998,1969.36728,861.7407000000001,2832.65981
3303,1A,Miami,0.65,0.8,1.61517,1953.3739299999997,856.26179,2811.25089
3304,1A,Miami,0.65,0.9500000000000001,1.4884899999999999,2000.43555,872.1917999999998,2874.1158399999995
3305,1A,Miami,0.65,0.9,1.52016,1985.3289599999998,867.1879399999999,2854.0370599999997
3306,1A,Miami,0.7000000000000001,0.01,2.72362,1675.75471,763.34201,2441.8203399999998
3307,1A,Miami,0.7000000000000001,0.15000000000000002,2.40692,1736.3710899999999,784.18087,2522.9588799999997
3308,1A,Miami,0.7000000000000001,0.1,2.5336,1715.4055499999997,776.8651,2494.8042499999997
3309,1A,Miami,0.7000000000000001,0.25,2.24857,1773.48833,796.88054,2572.61744
3310,1A,Miami,0.7000000000000001,0.2,2.3119099999999997,1755.1514,790.6098799999999,2548.0731899999996
3311,1A,Miami,0.7000000000000001,0.30000000000000004,2.15356,1791.54023,803.0561899999999,2596.74998
3312,1A,Miami,0.7000000000000001,0.35000000000000003,2.09022,1809.18042,809.04182,2620.31246
3313,1A,Miami,0.7000000000000001,0.45,1.9635399999999998,1843.09899,820.6330399999999,2665.69557
3314,1A,Miami,0.7000000000000001,0.4,2.02688,1826.3455599999998,814.90077,2643.2732099999994
3315,1A,Miami,0.7000000000000001,0.55,1.8685299999999998,1875.56074,831.1791499999999,2708.6084199999996
3316,1A,Miami,0.7000000000000001,0.5,1.9002,1859.63073,826.23863,2687.76956
3317,1A,Miami,0.7000000000000001,0.6000000000000001,1.8051899999999999,1891.39574,836.4997099999999,2729.70064
3318,1A,Miami,0.7000000000000001,0.65,1.77352,1908.7192300000002,842.16864,2752.66139
3319,1A,Miami,0.7000000000000001,0.7000000000000001,1.71018,1924.2692,847.29918,2773.2785599999997
3320,1A,Miami,0.7000000000000001,0.75,1.67851,1940.1358699999998,852.5563999999999,2794.3707799999997
3321,1A,Miami,0.7000000000000001,0.8500000000000001,1.5835,1971.90088,863.3242,2836.80858
3322,1A,Miami,0.7000000000000001,0.8,1.6468399999999999,1955.9708699999999,857.9402999999999,2815.5580099999997
3323,1A,Miami,0.7000000000000001,0.9500000000000001,1.52016,2002.9691500000001,873.7752999999999,2878.26461
3324,1A,Miami,0.7000000000000001,0.9,1.5518299999999998,1987.6091999999999,868.67643,2857.8374599999997
3325,1A,Miami,0.75,0.01,2.8186299999999997,1674.5829199999998,763.4686899999999,2440.8702399999997
3326,1A,Miami,0.75,0.15000000000000002,2.47026,1736.8144699999998,784.9409499999999,2524.2256799999996
3327,1A,Miami,0.75,0.1,2.5969399999999996,1715.4372199999998,777.4984999999999,2495.53266
3328,1A,Miami,0.75,0.25,2.2802399999999996,1775.8952499999998,798.55905,2576.73454
3329,1A,Miami,0.75,0.2,2.37525,1756.54488,791.84501,2550.76514
3330,1A,Miami,0.75,0.30000000000000004,2.2169,1794.6438899999998,805.0514,2601.9121899999996
3331,1A,Miami,0.75,0.35000000000000003,2.15356,1812.75913,811.29039,2626.2030799999998
3332,1A,Miami,0.75,0.45,2.02688,1847.1844199999998,823.1032999999999,2672.3145999999997
3333,1A,Miami,0.75,0.4,2.09022,1830.2409699999998,817.30769,2649.63888
3334,1A,Miami,0.75,0.55,1.9002,1879.51949,833.7760899999998,2715.19578
3335,1A,Miami,0.75,0.5,1.9635399999999998,1863.7794999999999,828.70889,2694.4519299999997
3336,1A,Miami,0.75,0.6000000000000001,1.8685299999999998,1895.1327999999999,838.90663,2735.9079599999995
3337,1A,Miami,0.75,0.65,1.8051899999999999,1912.70965,844.4805499999999,2758.99539
3338,1A,Miami,0.75,0.7000000000000001,1.7418500000000001,1927.7529,849.35773,2778.85248
3339,1A,Miami,0.75,0.75,1.71018,1943.1445199999996,854.3932599999998,2799.2479599999997
3340,1A,Miami,0.75,0.8500000000000001,1.6468399999999999,1974.46615,864.9393699999999,2841.05236
3341,1A,Miami,0.75,0.8,1.67851,1958.82117,859.6504799999999,2820.1501599999997
3342,1A,Miami,0.75,0.9500000000000001,1.5518299999999998,2005.31273,875.2954599999999,2882.1600200000003
3343,1A,Miami,0.75,0.9,1.5835,1989.95278,870.1649199999999,2861.7012
3344,1A,Miami,0.8500000000000001,0.01,2.9769799999999997,1671.79596,763.4686899999999,2438.2416299999995
3345,1A,Miami,0.8500000000000001,0.15000000000000002,2.6286099999999997,1735.07262,785.4159999999999,2523.11723
3346,1A,Miami,0.8500000000000001,0.1,2.72362,1713.41034,777.84687,2493.98083
3347,1A,Miami,0.8500000000000001,0.25,2.40692,1775.5468799999999,799.73084,2577.6846399999995
3348,1A,Miami,0.8500000000000001,0.2,2.5019299999999998,1755.68979,792.73177,2550.9234899999997
3349,1A,Miami,0.8500000000000001,0.30000000000000004,2.3119099999999997,1794.70723,806.47655,2603.4956899999997
3350,1A,Miami,0.8500000000000001,0.35000000000000003,2.24857,1813.3291900000002,812.93723,2628.51499
3351,1A,Miami,0.8500000000000001,0.45,2.12189,1847.97617,824.94016,2675.03822
3352,1A,Miami,0.8500000000000001,0.4,2.18523,1830.9693799999998,819.0812099999999,2652.23582
3353,1A,Miami,0.8500000000000001,0.55,1.99521,1880.65961,835.89798,2718.5528
3354,1A,Miami,0.8500000000000001,0.5,2.05855,1864.6979299999998,830.57742,2697.3338999999996
3355,1A,Miami,0.8500000000000001,0.6000000000000001,1.9318699999999998,1895.9878899999997,840.9018399999999,2738.8215999999993
3356,1A,Miami,0.8500000000000001,0.65,1.9002,1914.1981399999997,846.4124199999999,2762.5107599999997
3357,1A,Miami,0.8500000000000001,0.7000000000000001,1.8368599999999997,1928.8296799999998,851.06791,2781.73445
3358,1A,Miami,0.8500000000000001,0.75,1.8051899999999999,1943.8412599999997,855.91342,2801.5598699999996
3359,1A,Miami,0.8500000000000001,0.8500000000000001,1.71018,1974.7828499999998,866.1745,2842.6675299999997
3360,1A,Miami,0.8500000000000001,0.8,1.7418500000000001,1959.39123,861.04396,2822.17704
3361,1A,Miami,0.8500000000000001,0.9500000000000001,1.6468399999999999,2005.2493899999997,876.40391,2883.30014
3362,1A,Miami,0.8500000000000001,0.9,1.67851,1990.01612,871.30504,2862.99967
3363,1A,Miami,0.8,0.01,2.88197,1673.03109,763.43702,2439.3500799999997
3364,1A,Miami,0.8,0.15000000000000002,2.5336,1735.32598,785.00429,2522.86387
3365,1A,Miami,0.8,0.1,2.6602799999999998,1713.9804000000001,777.56184,2494.2025200000003
3366,1A,Miami,0.8,0.25,2.3435799999999998,1775.5468799999999,799.1607799999999,2577.05124
3367,1A,Miami,0.8,0.2,2.43859,1755.7531299999998,792.22505,2550.41677
3368,1A,Miami,0.8,0.30000000000000004,2.2802399999999996,1794.7389,805.8431499999999,2602.86229
3369,1A,Miami,0.8,0.35000000000000003,2.18523,1813.1074999999998,812.27216,2627.5648899999997
3370,1A,Miami,0.8,0.45,2.05855,1847.88116,824.2750899999999,2674.2147999999997
3371,1A,Miami,0.8,0.4,2.12189,1830.77936,818.41614,2651.31739
3372,1A,Miami,0.8,0.55,1.9635399999999998,1880.78629,835.29625,2718.04608
3373,1A,Miami,0.8,0.5,1.99521,1864.63459,829.91235,2696.5421499999998
3374,1A,Miami,0.8,0.6000000000000001,1.9002,1896.20958,840.3634500000001,2738.47323
3375,1A,Miami,0.8,0.65,1.8368599999999997,1914.54651,845.93737,2762.3207399999997
3376,1A,Miami,0.8,0.7000000000000001,1.8051899999999999,1929.43141,850.68787,2781.92447
3377,1A,Miami,0.8,0.75,1.7418500000000001,1944.6646799999999,855.62839,2802.03492
3378,1A,Miami,0.8,0.8500000000000001,1.67851,1975.79629,866.0478199999999,2843.5226199999997
3379,1A,Miami,0.8,0.8,1.71018,1960.3729999999998,860.82227,2822.9054499999997
3380,1A,Miami,0.8,0.9500000000000001,1.5835,2006.73788,876.40391,2884.72529
3381,1A,Miami,0.8,0.9,1.61517,1991.3462599999998,871.2417,2864.20313
3382,1A,Miami,0.9500000000000001,0.01,3.1036599999999996,1669.4840499999998,763.53203,2436.1197399999996
3383,1A,Miami,0.9500000000000001,0.15000000000000002,2.72362,1734.72425,786.3027599999999,2523.75063
3384,1A,Miami,0.9500000000000001,0.1,2.8503,1712.49191,778.48027,2493.82248
3385,1A,Miami,0.9500000000000001,0.25,2.5336,1775.9585899999997,800.96597,2579.4581599999997
3386,1A,Miami,0.9500000000000001,0.2,2.6286099999999997,1755.8481399999998,793.7768799999999,2552.2536299999997
3387,1A,Miami,0.9500000000000001,0.30000000000000004,2.43859,1795.3722999999998,807.83836,2605.6492499999995
3388,1A,Miami,0.9500000000000001,0.35000000000000003,2.3435799999999998,1813.9942599999997,814.3623799999999,2630.7002199999997
3389,1A,Miami,0.9500000000000001,0.45,2.2169,1848.73625,826.36531,2677.31846
3390,1A,Miami,0.9500000000000001,0.4,2.2802399999999996,1831.7927999999997,820.5380299999998,2654.6110699999995
3391,1A,Miami,0.9500000000000001,0.55,2.09022,1880.9446399999997,837.19645,2720.2313099999997
3392,1A,Miami,0.9500000000000001,0.5,2.15356,1865.33133,831.9708999999999,2699.45579
3393,1A,Miami,0.9500000000000001,0.6000000000000001,2.02688,1896.05123,842.0736299999999,2740.15174
3394,1A,Miami,0.9500000000000001,0.65,1.9635399999999998,1913.7864299999999,847.39419,2763.14416
3395,1A,Miami,0.9500000000000001,0.7000000000000001,1.9318699999999998,1927.8795799999998,851.82799,2781.63944
3396,1A,Miami,0.9500000000000001,0.75,1.8685299999999998,1942.54279,856.48348,2800.8948
3397,1A,Miami,0.9500000000000001,0.8500000000000001,1.8051899999999999,1972.88265,866.4595299999999,2841.1473699999997
3398,1A,Miami,0.9500000000000001,0.8,1.8368599999999997,1957.80773,861.4556699999999,2821.1002599999997
3399,1A,Miami,0.9500000000000001,0.9500000000000001,1.71018,2002.3674199999998,876.3405699999998,2880.41817
3400,1A,Miami,0.9500000000000001,0.9,1.7418500000000001,1987.6091999999999,871.4000499999999,2860.7511
3401,1A,Miami,0.9,0.01,3.04032,1670.65584,763.50036,2437.19652
3402,1A,Miami,0.9,0.15000000000000002,2.6602799999999998,1734.8509299999998,785.8277099999999,2523.3389199999997
3403,1A,Miami,0.9,0.1,2.7869599999999997,1712.87195,778.1635699999999,2493.82248
3404,1A,Miami,0.9,0.25,2.47026,1775.70523,800.36424,2578.53973
3405,1A,Miami,0.9,0.2,2.56527,1755.59478,793.23849,2551.39854
3406,1A,Miami,0.9,0.30000000000000004,2.37525,1794.9289199999998,807.14162,2604.4457899999998
3407,1A,Miami,0.9,0.35000000000000003,2.3119099999999997,1813.6142199999997,813.63397,2629.5600999999997
3408,1A,Miami,0.9,0.45,2.15356,1848.29287,825.6369,2676.08333
3409,1A,Miami,0.9,0.4,2.24857,1831.3494199999998,819.80962,2653.4076099999997
3410,1A,Miami,0.9,0.55,2.05855,1880.69128,836.5313799999999,2719.28121
3411,1A,Miami,0.9,0.5,2.09022,1864.95129,831.2424900000001,2698.284
3412,1A,Miami,0.9,0.6000000000000001,1.99521,1896.0195599999997,841.5035699999999,2739.5183399999996
3413,1A,Miami,0.9,0.65,1.9318699999999998,1913.94478,846.88747,2762.76412
3414,1A,Miami,0.9,0.7000000000000001,1.9002,1928.22795,851.44795,2781.5761
3415,1A,Miami,0.9,0.75,1.8368599999999997,1943.1761900000001,856.1667799999999,2801.17983
3416,1A,Miami,0.9,0.8500000000000001,1.7418500000000001,1973.7694099999999,866.30118,2841.81244
3417,1A,Miami,0.9,0.8,1.8051899999999999,1958.59948,861.23398,2821.63865
3418,1A,Miami,0.9,0.9500000000000001,1.67851,2003.82424,876.37224,2881.87499
3419,1A,Miami,0.9,0.9,1.71018,1988.78099,871.3367099999999,2861.82788
3420,4A,NewYork,0.01,0.01,335.71021,721.6959599999999,684.5153799999999,1741.92155
3421,4A,NewYork,0.01,0.15000000000000002,307.02549,762.1068799999999,706.90607,1776.0384399999998
3422,4A,NewYork,0.01,0.1,316.84765,747.4436699999999,698.67187,1762.96319
3423,4A,NewYork,0.01,0.25,289.56895000000003,789.05805,721.3792599999999,1800.0062599999999
3424,4A,NewYork,0.01,0.2,298.09094,775.5983,714.12683,1787.8160699999999
3425,4A,NewYork,0.01,0.30000000000000004,281.36451,802.7711599999999,728.66336,1812.79903
3426,4A,NewYork,0.01,0.35000000000000003,273.54096000000004,816.3575899999998,735.94746,1825.8460099999998
3427,4A,NewYork,0.01,0.45,257.52466,845.8106899999999,750.92737,1854.2627199999997
3428,4A,NewYork,0.01,0.4,265.52738999999997,830.73577,743.32657,1839.58973
3429,4A,NewYork,0.01,0.55,243.44362999999998,874.50371,766.00229,1883.94963
3430,4A,NewYork,0.01,0.5,250.33620999999997,860.1255299999999,758.46483,1868.92657
3431,4A,NewYork,0.01,0.6000000000000001,236.79442,888.9452299999999,773.60309,1899.34274
3432,4A,NewYork,0.01,0.65,230.42024999999998,903.4817599999999,781.14055,1915.0425599999999
3433,4A,NewYork,0.01,0.7000000000000001,224.28945,918.0816299999999,788.74135,1931.11243
3434,4A,NewYork,0.01,0.75,218.42284999999998,932.64983,796.31048,1947.3831599999999
3435,4A,NewYork,0.01,0.8500000000000001,207.34557999999998,962.2296099999999,811.51208,1981.0872699999998
3436,4A,NewYork,0.01,0.8,212.76795,947.4397200000001,803.9112799999999,1964.11895
3437,4A,NewYork,0.01,0.9500000000000001,197.08258999999998,991.80939,826.7136800000001,2015.60566
3438,4A,NewYork,0.01,0.9,202.13491,977.05117,819.1128799999999,1998.2989599999999
3439,4A,NewYork,0.05,0.01,352.3225,714.6018799999999,684.42037,1751.34475
3440,4A,NewYork,0.05,0.15000000000000002,322.41008999999997,754.88612,706.84273,1784.1389399999998
3441,4A,NewYork,0.05,0.1,332.65565,740.31792,698.57686,1771.5504299999998
3442,4A,NewYork,0.05,0.25,304.36096,781.52059,721.25258,1807.13413
3443,4A,NewYork,0.05,0.2,313.20050000000003,768.28253,714.00015,1795.4831799999997
3444,4A,NewYork,0.05,0.30000000000000004,295.87064,795.17036,728.50501,1819.54601
3445,4A,NewYork,0.05,0.35000000000000003,287.72954,808.78846,735.75744,1832.27544
3446,4A,NewYork,0.05,0.45,271.15232,837.8931899999999,750.73735,1859.7828599999998
3447,4A,NewYork,0.05,0.4,279.40925999999996,823.00829,743.1365499999999,1845.5540999999998
3448,4A,NewYork,0.05,0.55,256.47869999999995,866.36452,765.74893,1888.59215
3449,4A,NewYork,0.05,0.5,263.67799,852.11302,758.2431399999999,1874.03415
3450,4A,NewYork,0.05,0.6000000000000001,249.55445,880.6793599999999,773.31806,1903.5518699999998
3451,4A,NewYork,0.05,0.65,242.93690999999998,895.08921,780.85552,1918.88164
3452,4A,NewYork,0.05,0.7000000000000001,236.53106999999997,909.5940699999999,788.4246499999999,1934.5497899999998
3453,4A,NewYork,0.05,0.75,230.38942999999995,923.90891,795.99378,1950.2921199999998
3454,4A,NewYork,0.05,0.8500000000000001,218.82541999999995,953.3303399999999,811.13204,1983.2877999999998
3455,4A,NewYork,0.05,0.8,224.52283,938.6671299999999,803.5629099999999,1966.7528699999998
3456,4A,NewYork,0.05,0.9500000000000001,208.08652999999998,982.68843,826.30197,2017.07693
3457,4A,NewYork,0.05,0.9,213.37137999999996,967.9935499999999,818.7328399999999,2000.0977699999999
3458,4A,NewYork,0.15000000000000002,0.01,392.89068999999995,698.79855,684.13534,1775.82458
3459,4A,NewYork,0.15000000000000002,0.15000000000000002,360.2678399999999,738.7977599999999,706.7793899999999,1805.8449899999998
3460,4A,NewYork,0.15000000000000002,0.1,371.46604999999994,724.51459,698.4501799999999,1794.43082
3461,4A,NewYork,0.15000000000000002,0.25,340.75764000000004,764.9571799999999,721.0308899999999,1826.7457099999997
3462,4A,NewYork,0.15000000000000002,0.2,350.30645999999996,751.8774699999999,713.87347,1816.0574
3463,4A,NewYork,0.15000000000000002,0.30000000000000004,331.55804,778.2902499999999,728.2516499999999,1838.0999399999998
3464,4A,NewYork,0.15000000000000002,0.35000000000000003,322.72848999999997,791.40163,735.44074,1849.5708599999998
3465,4A,NewYork,0.15000000000000002,0.45,304.6377,820.22133,750.35731,1875.21634
3466,4A,NewYork,0.15000000000000002,0.4,313.66725999999994,805.58979,742.7881799999999,1862.0452299999997
3467,4A,NewYork,0.15000000000000002,0.55,288.6938799999999,848.15427,765.3055499999999,1902.1536999999998
3468,4A,NewYork,0.15000000000000002,0.5,296.52827,834.0927899999999,757.83143,1888.45249
3469,4A,NewYork,0.15000000000000002,0.6000000000000001,281.1662,862.1207400000001,772.7796699999999,1916.0666099999999
3470,4A,NewYork,0.15000000000000002,0.65,273.91356,876.1505499999998,780.28546,1930.3495699999999
3471,4A,NewYork,0.15000000000000002,0.7000000000000001,266.91513,890.3387099999999,787.79125,1945.0450899999998
3472,4A,NewYork,0.15000000000000002,0.75,260.21256999999997,904.59021,795.2970399999999,1960.09982
3473,4A,NewYork,0.15000000000000002,0.8500000000000001,247.47421999999997,933.21989,810.30862,1991.00273
3474,4A,NewYork,0.15000000000000002,0.8,253.72171,918.81004,802.80283,1975.3345799999997
3475,4A,NewYork,0.15000000000000002,0.9500000000000001,235.656,962.2296099999999,825.35187,2023.2374799999998
3476,4A,NewYork,0.15000000000000002,0.9,241.45925999999997,947.66141,817.84608,2006.96675
3477,4A,NewYork,0.1,0.01,372.81702,706.43102,684.26202,1763.51006
3478,4A,NewYork,0.1,0.15000000000000002,341.51772,746.49357,706.7793899999999,1794.7906799999998
3479,4A,NewYork,0.1,0.1,352.22919,732.05205,698.51352,1782.79476
3480,4A,NewYork,0.1,0.25,322.69596999999993,773.00136,721.1258999999999,1816.82323
3481,4A,NewYork,0.1,0.2,331.91639999999995,759.7633,713.90514,1805.58484
3482,4A,NewYork,0.1,0.30000000000000004,313.85643,786.3661,728.3466599999999,1828.56919
3483,4A,NewYork,0.1,0.35000000000000003,305.35526999999996,799.7625099999999,735.5990899999999,1840.7168699999997
3484,4A,NewYork,0.1,0.45,288.00543,828.8038999999999,750.5156599999999,1867.3249899999996
3485,4A,NewYork,0.1,0.4,296.67492999999996,813.95067,742.91486,1853.5404599999997
3486,4A,NewYork,0.1,0.55,272.69670999999994,856.9585299999999,765.4955699999999,1895.1508099999996
3487,4A,NewYork,0.1,0.5,280.21354999999994,842.8020399999999,757.98978,1881.0053699999999
3488,4A,NewYork,0.1,0.6000000000000001,265.48658,871.0200099999998,773.0330299999999,1909.53962
3489,4A,NewYork,0.1,0.65,258.51982,885.30318,780.53882,1924.3618199999999
3490,4A,NewYork,0.1,0.7000000000000001,251.8281,899.5230099999999,788.10795,1939.4590599999997
3491,4A,NewYork,0.1,0.75,245.37975,913.9328599999999,795.6137399999999,1954.9263499999997
3492,4A,NewYork,0.1,0.8500000000000001,233.20232000000001,942.9109100000001,810.72033,1986.83356
3493,4A,NewYork,0.1,0.8,239.16392999999997,928.3743799999999,803.1511999999999,1970.6895099999997
3494,4A,NewYork,0.1,0.9500000000000001,221.90251,972.1106499999999,825.7952499999999,2019.8084099999999
3495,4A,NewYork,0.1,0.9,227.4624,957.4474399999999,818.25779,2003.16763
3496,4A,NewYork,0.25,0.01,431.83711999999997,685.0221,683.91365,1800.77287
3497,4A,NewYork,0.25,0.15000000000000002,396.76802999999995,725.1796599999999,706.81106,1828.75875
3498,4A,NewYork,0.25,0.1,408.80305,710.80148,698.38684,1817.9913700000002
3499,4A,NewYork,0.25,0.25,375.99762,750.54733,720.9992199999999,1847.54417
3500,4A,NewYork,0.25,0.2,386.16071,737.8159899999999,713.87347,1837.85017
3501,4A,NewYork,0.25,0.30000000000000004,366.18375,763.50036,728.12497,1857.80908
3502,4A,NewYork,0.25,0.35000000000000003,356.75077,776.67508,735.25072,1868.67657
3503,4A,NewYork,0.25,0.45,337.29391999999996,804.8613799999999,750.16729,1892.3225899999998
3504,4A,NewYork,0.25,0.4,347.00109,790.4831999999999,742.5664899999999,1880.0507799999998
3505,4A,NewYork,0.25,0.55,320.14239,832.2876,764.98885,1917.41884
3506,4A,NewYork,0.25,0.5,328.59105,818.41614,757.57807,1904.58526
3507,4A,NewYork,0.25,0.6000000000000001,312.04294999999996,846.09572,772.4313,1930.56997
3508,4A,NewYork,0.25,0.65,304.21855,859.74549,779.87375,1943.83779
3509,4A,NewYork,0.25,0.7000000000000001,296.68003000000004,873.61695,787.3162,1957.61318
3510,4A,NewYork,0.25,0.75,289.41655,887.5834199999999,794.7586499999999,1971.7586199999996
3511,4A,NewYork,0.25,0.8500000000000001,275.65137,915.6747099999999,809.64355,2000.9696299999998
3512,4A,NewYork,0.25,0.8,282.42810999999995,901.6448999999999,802.2011,1986.2741099999998
3513,4A,NewYork,0.25,0.9500000000000001,262.84882999999996,943.9876899999999,824.52845,2031.3649699999999
3514,4A,NewYork,0.25,0.9,269.14967,929.92621,817.0859999999999,2016.1618799999997
3515,4A,NewYork,0.2,0.01,412.52182999999997,691.7994799999999,684.04033,1788.3616399999999
3516,4A,NewYork,0.2,0.15000000000000002,378.63876999999997,731.70368,706.7793899999999,1817.1218399999998
3517,4A,NewYork,0.2,0.1,390.28206,717.4521799999999,698.38684,1806.12108
3518,4A,NewYork,0.2,0.25,358.5143,757.51473,720.9992199999999,1837.0282499999998
3519,4A,NewYork,0.2,0.2,368.39151,744.59337,713.87347,1826.85835
3520,4A,NewYork,0.2,0.30000000000000004,348.98630999999995,770.62611,728.1566399999999,1847.7690599999999
3521,4A,NewYork,0.2,0.35000000000000003,339.83921,783.80083,735.3140599999999,1858.9541
3522,4A,NewYork,0.2,0.45,321.07080999999994,812.30383,750.2623,1883.6369399999999
3523,4A,NewYork,0.2,0.4,330.44958999999994,797.7989699999999,742.6614999999999,1870.91006
3524,4A,NewYork,0.2,0.55,304.50187999999997,839.98341,765.1155299999999,1909.60082
3525,4A,NewYork,0.2,0.5,312.63299,826.0486099999999,757.67308,1896.35468
3526,4A,NewYork,0.2,0.6000000000000001,296.65665,853.7915299999999,772.5896499999999,1923.0378299999998
3527,4A,NewYork,0.2,0.65,289.1289699999999,867.69466,780.06377,1936.8873999999998
3528,4A,NewYork,0.2,0.7000000000000001,281.86548999999997,881.6927999999999,787.53789,1951.09618
3529,4A,NewYork,0.2,0.75,274.85621999999995,895.84929,795.0120099999999,1965.71752
3530,4A,NewYork,0.2,0.8500000000000001,261.58862,924.1939399999999,809.96025,1995.7428099999997
3531,4A,NewYork,0.2,0.8,268.12199,909.9424399999999,802.4861299999999,1980.5505599999997
3532,4A,NewYork,0.2,0.9500000000000001,249.25199,952.85529,824.94016,2027.0474399999998
3533,4A,NewYork,0.2,0.9,255.33028999999996,938.44544,817.46604,2011.2417699999999
3534,4A,NewYork,0.30000000000000004,0.01,450.85823999999997,678.7197699999999,683.97699,1813.5549999999998
3535,4A,NewYork,0.30000000000000004,0.15000000000000002,414.33892,719.19403,707.1911,1840.72405
3536,4A,NewYork,0.30000000000000004,0.1,426.8715199999999,704.7841799999999,698.60853,1830.2642299999998
3537,4A,NewYork,0.30000000000000004,0.25,392.34081999999995,745.5118,721.94932,1859.8019399999998
3538,4A,NewYork,0.30000000000000004,0.2,403.12817,732.3054099999999,714.53854,1849.97212
3539,4A,NewYork,0.30000000000000004,0.30000000000000004,382.13522,758.55984,729.39177,1870.08683
3540,4A,NewYork,0.30000000000000004,0.35000000000000003,372.1729899999999,772.05126,736.7708799999999,1880.9951299999998
3541,4A,NewYork,0.30000000000000004,0.45,353.29618999999997,798.5907199999999,751.6557799999999,1903.5426899999998
3542,4A,NewYork,0.30000000000000004,0.4,362.55997999999994,785.3209899999999,744.18166,1892.06263
3543,4A,NewYork,0.30000000000000004,0.55,335.63624,825.0351699999999,764.89384,1925.5652499999999
3544,4A,NewYork,0.30000000000000004,0.5,344.40245,811.9554599999999,759.06656,1915.42447
3545,4A,NewYork,0.30000000000000004,0.6000000000000001,327.28258999999997,838.87496,772.2729499999999,1938.4305
3546,4A,NewYork,0.30000000000000004,0.65,319.17231,852.3663799999999,779.7153999999999,1951.25409
3547,4A,NewYork,0.30000000000000004,0.7000000000000001,311.36874,866.14283,787.12618,1964.63775
3548,4A,NewYork,0.30000000000000004,0.75,303.85105,879.8559399999999,794.50529,1978.2122799999997
3549,4A,NewYork,0.30000000000000004,0.8500000000000001,289.61996,907.69387,809.35852,2006.67235
3550,4A,NewYork,0.30000000000000004,0.8,296.61924,893.85408,801.94774,1992.4210600000001
3551,4A,NewYork,0.30000000000000004,0.9500000000000001,276.39402,935.6584799999999,824.11674,2036.1692400000002
3552,4A,NewYork,0.30000000000000004,0.9,282.86404999999996,921.81869,816.7692999999999,2021.45204
3553,4A,NewYork,0.35000000000000003,0.01,469.47764,672.9241599999999,683.91365,1826.3154499999998
3554,4A,NewYork,0.35000000000000003,0.15000000000000002,431.77229,713.43009,707.41279,1852.61517
3555,4A,NewYork,0.35000000000000003,0.1,444.66495000000003,698.9568999999999,698.7668799999999,1842.38873
3556,4A,NewYork,0.35000000000000003,0.25,409.20242999999994,739.52617,722.0126599999999,1870.7412599999998
3557,4A,NewYork,0.35000000000000003,0.2,420.30733,726.4147899999999,714.76023,1861.4823499999998
3558,4A,NewYork,0.35000000000000003,0.30000000000000004,398.70011,752.2575099999999,729.4234399999999,1880.3810599999997
3559,4A,NewYork,0.35000000000000003,0.35000000000000003,388.52617999999995,765.55891,736.80255,1890.88764
3560,4A,NewYork,0.35000000000000003,0.45,369.13012,792.13004,751.5924399999999,1912.8526
3561,4A,NewYork,0.35000000000000003,0.4,378.62729,778.89198,744.18166,1901.70093
3562,4A,NewYork,0.35000000000000003,0.55,350.90925,818.22612,764.79883,1933.9342
3563,4A,NewYork,0.35000000000000003,0.5,359.96133999999995,805.30476,759.0032199999999,1924.2693199999999
3564,4A,NewYork,0.35000000000000003,0.6000000000000001,342.30138999999997,831.9708999999999,772.1779399999999,1946.45023
3565,4A,NewYork,0.35000000000000003,0.65,334.00024,845.55733,779.55705,1959.1146199999998
3566,4A,NewYork,0.35000000000000003,0.7000000000000001,325.94246,859.0487499999999,786.9678299999999,1971.9590399999997
3567,4A,NewYork,0.35000000000000003,0.75,318.18139999999994,872.5718399999998,794.3152699999999,1985.0685099999996
3568,4A,NewYork,0.35000000000000003,0.8500000000000001,303.47356,900.18808,809.10516,2012.7667999999999
3569,4A,NewYork,0.35000000000000003,0.8,310.71621,886.4432999999999,801.72605,1998.88556
3570,4A,NewYork,0.35000000000000003,0.9500000000000001,289.87672000000003,927.7726499999999,823.7367,2041.38607
3571,4A,NewYork,0.35000000000000003,0.9,296.49510999999995,914.0912099999999,816.4842699999999,2027.0705899999998
3572,4A,NewYork,0.45,0.01,505.72382999999996,661.9029999999999,683.0585599999999,1850.6853899999999
3573,4A,NewYork,0.45,0.15000000000000002,465.71061,702.66229,707.03275,1875.4056499999997
3574,4A,NewYork,0.45,0.1,479.35506000000004,688.0940899999999,698.22849,1865.6776399999999
3575,4A,NewYork,0.45,0.25,442.09224,728.50501,722.3610299999999,1892.9582799999998
3576,4A,NewYork,0.45,0.2,453.6738899999999,715.6786599999999,715.04526,1884.39781
3577,4A,NewYork,0.45,0.30000000000000004,431.09234,741.14134,729.6451299999999,1901.87881
3578,4A,NewYork,0.45,0.35000000000000003,420.37832,754.0627,737.02424,1911.46526
3579,4A,NewYork,0.45,0.45,400.01876999999996,780.0954399999999,751.71912,1931.83333
3580,4A,NewYork,0.45,0.4,410.00267999999994,766.9523899999999,744.34001,1921.2950799999999
3581,4A,NewYork,0.45,0.55,380.85524,805.81148,764.7671599999999,1951.4338799999998
3582,4A,NewYork,0.45,0.5,390.41575,793.20682,759.06656,1942.68913
3583,4A,NewYork,0.45,0.6000000000000001,371.78146999999996,819.20789,772.0829299999999,1963.07229
3584,4A,NewYork,0.45,0.65,363.03524,832.7309799999999,779.3987,1975.16492
3585,4A,NewYork,0.45,0.7000000000000001,354.57489,846.09572,786.7144699999999,1987.38508
3586,4A,NewYork,0.45,0.75,346.36875,859.36545,794.0619099999999,1999.7961099999998
3587,4A,NewYork,0.45,0.8500000000000001,330.79242999999997,886.4432999999999,808.69345,2025.9291799999999
3588,4A,NewYork,0.45,0.8,338.43764999999996,872.8252,801.3776799999999,2012.6405300000001
3589,4A,NewYork,0.45,0.9500000000000001,316.55964,913.1411099999999,822.97662,2052.67737
3590,4A,NewYork,0.45,0.9,323.37973999999997,900.18808,815.9775499999998,2039.5453699999998
3591,4A,NewYork,0.4,0.01,487.78033999999997,667.0968799999999,683.1852399999999,1838.0624599999996
3592,4A,NewYork,0.4,0.15000000000000002,448.86813,707.8561699999999,707.5394699999999,1864.2637699999998
3593,4A,NewYork,0.4,0.1,462.12085,693.38298,698.89356,1854.39739
3594,4A,NewYork,0.4,0.25,425.82151999999996,733.92058,722.20268,1881.9447799999998
3595,4A,NewYork,0.4,0.2,437.15979999999996,720.9358799999999,714.85524,1872.9509199999998
3596,4A,NewYork,0.4,0.30000000000000004,415.07583,746.6202499999999,729.55012,1891.2462
3597,4A,NewYork,0.4,0.35000000000000003,404.54184,759.6049499999999,736.9608999999999,1901.1076899999998
3598,4A,NewYork,0.4,0.45,384.67987,785.9543899999999,751.5607699999999,1922.1950299999999
3599,4A,NewYork,0.4,0.4,394.45208,772.81134,744.18166,1911.44508
3600,4A,NewYork,0.4,0.55,365.98225,811.89212,764.7671599999999,1942.6415299999999
3601,4A,NewYork,0.4,0.5,375.28855,799.0024299999999,758.97155,1933.2625299999997
3602,4A,NewYork,0.4,0.6000000000000001,357.15184999999997,825.3835399999999,772.1146,1954.64999
3603,4A,NewYork,0.4,0.65,348.59648999999996,838.9382999999999,779.46204,1966.99683
3604,4A,NewYork,0.4,0.7000000000000001,340.35868,852.30304,786.8094799999999,1979.4712
3605,4A,NewYork,0.4,0.75,332.34341,865.8894700000001,794.1569199999999,1992.3898
3606,4A,NewYork,0.4,0.8500000000000001,317.23299999999995,893.22068,808.88347,2019.33715
3607,4A,NewYork,0.4,0.8,324.65568,879.38089,801.50436,2005.5409300000001
3608,4A,NewYork,0.4,0.9500000000000001,303.26525999999996,920.2985299999999,823.35666,2046.92045
3609,4A,NewYork,0.4,0.9,310.01117999999997,906.9971299999999,816.19924,2033.2075499999996
3610,4A,NewYork,0.55,0.01,540.66071,652.4336699999999,682.83687,1875.93125
3611,4A,NewYork,0.55,0.15000000000000002,498.35046,693.16129,707.22277,1898.73452
3612,4A,NewYork,0.55,0.1,512.7466999999999,678.4664099999999,698.22849,1889.4415999999997
3613,4A,NewYork,0.55,0.25,473.89527999999996,718.52896,721.7276299999999,1914.1518699999997
3614,4A,NewYork,0.55,0.2,485.9111699999999,705.79762,714.4752,1906.18399
3615,4A,NewYork,0.55,0.30000000000000004,462.48197000000005,731.0702799999999,729.01173,1922.56398
3616,4A,NewYork,0.55,0.35000000000000003,451.27037,743.6432699999999,736.3275,1931.24114
3617,4A,NewYork,0.55,0.45,430.04233999999997,769.13762,751.0223799999999,1950.2023399999998
3618,4A,NewYork,0.55,0.4,440.503,756.4379499999999,743.6432699999999,1940.5842199999997
3619,4A,NewYork,0.55,0.55,409.91531999999995,794.9486699999999,764.7671599999999,1969.6311499999997
3620,4A,NewYork,0.55,0.5,419.97341,782.1539899999999,758.97155,1961.0989499999998
3621,4A,NewYork,0.55,0.6000000000000001,400.40731,807.83836,771.92458,1980.1702500000001
3622,4A,NewYork,0.55,0.65,391.23767999999995,821.10809,779.20868,1991.5544499999999
3623,4A,NewYork,0.55,0.7000000000000001,382.3747599999999,834.44116,786.74614,2003.56206
3624,4A,NewYork,0.55,0.75,373.80856,847.58421,793.99857,2015.39134
3625,4A,NewYork,0.55,0.8500000000000001,357.45877,874.092,808.50343,2040.0542
3626,4A,NewYork,0.55,0.8,365.50656,860.7906,801.251,2027.54816
3627,4A,NewYork,0.55,0.9500000000000001,342.74922999999995,899.9030499999999,822.2798799999999,2064.93216
3628,4A,NewYork,0.55,0.9,349.72853,887.55175,815.7558599999999,2053.0361399999997
3629,4A,NewYork,0.5,0.01,523.31895,656.9941499999999,682.9318799999999,1863.2449799999997
3630,4A,NewYork,0.5,0.15000000000000002,482.1838899999999,697.6901,707.12776,1887.00175
3631,4A,NewYork,0.5,0.1,496.17755999999997,683.15357,698.22849,1877.55962
3632,4A,NewYork,0.5,0.25,458.15211000000005,723.3428,721.6959599999999,1903.19087
3633,4A,NewYork,0.5,0.2,469.98796999999996,710.54812,714.38019,1894.91628
3634,4A,NewYork,0.5,0.30000000000000004,446.97218,735.88412,728.98006,1911.8363599999998
3635,4A,NewYork,0.5,0.35000000000000003,435.92977,748.77381,736.99257,1921.6961500000002
3636,4A,NewYork,0.5,0.45,415.16765,774.48985,751.5291,1941.1866
3637,4A,NewYork,0.5,0.4,425.3424299999999,761.6635,744.49836,1931.5042899999999
3638,4A,NewYork,0.5,0.55,395.47486999999995,800.3009,764.8621699999999,1960.6379399999998
3639,4A,NewYork,0.5,0.5,405.27874999999995,787.56956,759.09823,1951.94654
3640,4A,NewYork,0.5,0.6000000000000001,386.17855999999995,813.31727,772.1779399999999,1971.6737699999999
3641,4A,NewYork,0.5,0.65,377.22062999999997,826.8720299999999,779.49371,1983.5863699999998
3642,4A,NewYork,0.5,0.7000000000000001,368.59109,840.04675,786.65113,1995.2889699999998
3643,4A,NewYork,0.5,0.75,360.19408,853.31648,793.9352299999999,2007.4457899999998
3644,4A,NewYork,0.5,0.8500000000000001,344.21519,880.0776299999999,808.5350999999999,2032.8279199999997
3645,4A,NewYork,0.5,0.8,352.05127999999996,866.5862099999999,801.21933,2019.85682
3646,4A,NewYork,0.5,0.9500000000000001,329.69651999999996,906.49041,822.62825,2058.8151799999996
3647,4A,NewYork,0.5,0.9,336.63331000000005,893.66406,815.7875299999998,2046.0848999999998
3648,4A,NewYork,0.6000000000000001,0.01,557.6324199999999,647.93653,682.7101899999999,1888.2791399999996
3649,4A,NewYork,0.6000000000000001,0.15000000000000002,514.2636699999999,688.85417,707.3494499999999,1910.4672899999998
3650,4A,NewYork,0.6000000000000001,0.1,528.96662,674.1592899999999,698.2601599999999,1901.38607
3651,4A,NewYork,0.6000000000000001,0.25,489.33173999999997,713.93681,721.8543099999999,1925.12286
3652,4A,NewYork,0.6000000000000001,0.2,501.58101,701.33215,714.57021,1917.48337
3653,4A,NewYork,0.6000000000000001,0.30000000000000004,477.68589999999995,726.4464599999999,729.10674,1933.2390999999998
3654,4A,NewYork,0.6000000000000001,0.35000000000000003,466.3151,738.95611,736.39084,1941.66205
3655,4A,NewYork,0.6000000000000001,0.45,444.6636699999999,764.2604399999999,750.95904,1959.88315
3656,4A,NewYork,0.6000000000000001,0.4,455.29352,751.6874499999999,743.6749399999999,1950.6559099999997
3657,4A,NewYork,0.6000000000000001,0.55,424.10240999999996,789.6914499999999,763.9754099999999,1977.7692699999998
3658,4A,NewYork,0.6000000000000001,0.5,434.40387,777.0234499999999,758.21147,1969.6387899999997
3659,4A,NewYork,0.6000000000000001,0.6000000000000001,414.44604,802.6761499999999,771.22784,1988.3500299999998
3660,4A,NewYork,0.6000000000000001,0.65,405.06471,815.7558599999999,778.54361,1999.3641799999998
3661,4A,NewYork,0.6000000000000001,0.7000000000000001,395.99008999999995,828.9939199999999,786.3977699999999,2011.3817799999997
3662,4A,NewYork,0.6000000000000001,0.75,387.27552999999995,842.13697,793.4601799999999,2022.87268
3663,4A,NewYork,0.6000000000000001,0.8500000000000001,370.59734999999995,868.3280599999999,808.0917199999999,2047.0171299999997
3664,4A,NewYork,0.6000000000000001,0.8,378.7935,855.1850099999999,800.87096,2034.8494699999999
3665,4A,NewYork,0.6000000000000001,0.9500000000000001,355.62275999999997,893.82241,822.1215299999999,2071.5667
3666,4A,NewYork,0.6000000000000001,0.9,362.61289999999997,881.6927999999999,815.5975099999998,2059.9032099999995
3667,4A,NewYork,0.65,0.01,574.30826,643.7877599999999,682.6151799999999,1900.7111999999997
3668,4A,NewYork,0.65,0.15000000000000002,529.37344,685.3071299999999,707.9511799999999,1922.63175
3669,4A,NewYork,0.65,0.1,544.5314599999999,670.4222299999999,698.70354,1913.6572299999998
3670,4A,NewYork,0.65,0.25,503.26716999999996,711.27653,723.43781,1937.98151
3671,4A,NewYork,0.65,0.2,516.0665200000001,698.3235,715.71033,1930.1003500000002
3672,4A,NewYork,0.65,0.30000000000000004,491.09208,724.35624,731.10195,1946.55027
3673,4A,NewYork,0.65,0.35000000000000003,479.37206,737.0559099999999,738.6394099999999,1955.06738
3674,4A,NewYork,0.65,0.45,457.25471999999996,762.6136,753.52431,1973.39263
3675,4A,NewYork,0.65,0.4,468.10711,750.0089399999999,746.1451999999999,1964.2612499999998
3676,4A,NewYork,0.65,0.55,436.60844,787.72791,766.7307,1991.06705
3677,4A,NewYork,0.65,0.5,446.81489,775.31327,760.84008,1982.96824
3678,4A,NewYork,0.65,0.6000000000000001,426.82454,800.52259,773.8564499999999,2001.2035799999999
3679,4A,NewYork,0.65,0.65,416.82979,814.1723599999999,781.23556,2012.2377099999999
3680,4A,NewYork,0.65,0.7000000000000001,407.69183,826.99871,788.2663,2022.95684
3681,4A,NewYork,0.65,0.75,398.8605799999999,839.9517400000001,795.3287099999999,2034.1410299999998
3682,4A,NewYork,0.65,0.8500000000000001,381.86485,866.14283,810.37196,2058.37964
3683,4A,NewYork,0.65,0.8,390.19852000000003,853.06312,803.1511999999999,2046.41284
3684,4A,NewYork,0.65,0.9500000000000001,366.46685999999994,891.70052,824.3067599999998,2082.47414
3685,4A,NewYork,0.65,0.9,373.80622,879.3175499999999,817.4027,2070.52647
3686,4A,NewYork,0.7000000000000001,0.01,590.59322,639.8606799999999,682.55184,1913.00574
3687,4A,NewYork,0.7000000000000001,0.15000000000000002,544.15567,682.04512,708.6479199999999,1934.8487099999998
3688,4A,NewYork,0.7000000000000001,0.1,559.70542,667.00187,699.17859,1925.88588
3689,4A,NewYork,0.7000000000000001,0.25,516.73754,709.1229699999999,725.1796599999999,1951.0401699999998
3690,4A,NewYork,0.7000000000000001,0.2,530.1294800000001,695.63155,716.9454599999999,1942.70649
3691,4A,NewYork,0.7000000000000001,0.30000000000000004,504.07570999999996,722.64606,733.25551,1959.97728
3692,4A,NewYork,0.7000000000000001,0.35000000000000003,491.96396,735.66243,741.1096699999999,1968.7360599999997
3693,4A,NewYork,0.7000000000000001,0.45,469.38070999999997,761.41014,756.3112699999999,1987.1021199999998
3694,4A,NewYork,0.7000000000000001,0.4,480.4131299999999,748.71047,748.80548,1977.9290799999999
3695,4A,NewYork,0.7000000000000001,0.55,448.59606,786.27109,769.80269,2004.66984
3696,4A,NewYork,0.7000000000000001,0.5,458.79251999999997,774.14148,763.6587099999999,1996.59271
3697,4A,NewYork,0.7000000000000001,0.6000000000000001,438.74881999999997,798.93909,776.80176,2014.48967
3698,4A,NewYork,0.7000000000000001,0.65,428.20399,812.9055599999999,784.18087,2025.2904199999998
3699,4A,NewYork,0.7000000000000001,0.7000000000000001,419.02351999999996,825.51022,790.9582499999999,2035.4919899999998
3700,4A,NewYork,0.7000000000000001,0.75,410.10724999999996,838.2415599999999,797.8306399999999,2046.1794499999999
3701,4A,NewYork,0.7000000000000001,0.8500000000000001,392.974,864.0209399999999,811.9871299999999,2068.9820699999996
3702,4A,NewYork,0.7000000000000001,0.8,401.38185,851.09958,804.92472,2057.40615
3703,4A,NewYork,0.7000000000000001,0.9500000000000001,377.08927,889.7686499999999,826.5236600000001,2093.38158
3704,4A,NewYork,0.7000000000000001,0.9,384.79868,877.1006499999999,819.1128799999999,2081.01221
3705,4A,NewYork,0.75,0.01,606.6139800000001,636.12362,682.45683,1925.19443
3706,4A,NewYork,0.75,0.15000000000000002,558.50451,679.06814,709.4079999999999,1946.98065
3707,4A,NewYork,0.75,0.1,574.4984900000001,663.89821,699.7169799999999,1938.11368
3708,4A,NewYork,0.75,0.25,529.8061899999999,707.41279,727.11153,1964.3305099999998
3709,4A,NewYork,0.75,0.2,543.80071,693.28797,718.33894,1955.42762
3710,4A,NewYork,0.75,0.30000000000000004,516.5726,721.3159199999999,735.63076,1973.51928
3711,4A,NewYork,0.75,0.35000000000000003,504.07995999999997,734.7439999999999,743.8332899999999,1982.6572499999997
3712,4A,NewYork,0.75,0.45,481.06246999999996,760.7450699999999,759.38326,2001.1907999999999
3713,4A,NewYork,0.75,0.4,492.24325,747.9187199999999,751.7507899999999,1991.9127599999997
3714,4A,NewYork,0.75,0.55,460.0552799999999,785.60602,773.2863899999999,2018.9476899999995
3715,4A,NewYork,0.75,0.5,470.26258,773.50808,766.79404,2010.5647
3716,4A,NewYork,0.75,0.6000000000000001,450.23971,798.0206599999999,780.06377,2028.32414
3717,4A,NewYork,0.75,0.65,439.13396,812.1771499999999,787.3162,2038.6273099999999
3718,4A,NewYork,0.75,0.7000000000000001,429.98516,824.33843,793.80855,2048.1321399999997
3719,4A,NewYork,0.75,0.75,421.03722,836.84808,800.45925,2058.34455
3720,4A,NewYork,0.75,0.8500000000000001,403.71309999999994,862.3741,814.33071,2080.41791
3721,4A,NewYork,0.75,0.8,412.23764,849.6110899999999,807.3949799999999,2069.2437099999997
3722,4A,NewYork,0.75,0.9500000000000001,387.64833999999996,887.7734399999999,828.0438199999999,2103.4655999999995
3723,4A,NewYork,0.75,0.9,395.50611000000004,875.1687799999999,821.2347699999999,2091.90966
3724,4A,NewYork,0.8500000000000001,0.01,638.13794,628.58616,682.1084599999999,1948.8325599999998
3725,4A,NewYork,0.8500000000000001,0.15000000000000002,588.28152,671.62569,709.50301,1969.4102199999998
3726,4A,NewYork,0.8500000000000001,0.1,604.8472599999999,656.64578,699.68531,1961.1783499999997
3727,4A,NewYork,0.8500000000000001,0.25,558.2388199999999,700.63541,727.83994,1986.7141699999997
3728,4A,NewYork,0.8500000000000001,0.2,572.8584499999998,686.32057,718.68731,1977.8663299999998
3729,4A,NewYork,0.8500000000000001,0.30000000000000004,544.3809699999999,714.63355,736.6442,1995.65872
3730,4A,NewYork,0.8500000000000001,0.35000000000000003,531.37991,728.2516499999999,745.10009,2004.7316499999997
3731,4A,NewYork,0.8500000000000001,0.45,507.44143999999994,754.31606,760.93509,2022.6925899999999
3732,4A,NewYork,0.8500000000000001,0.4,519.07729,741.5213799999999,753.20761,2013.8062799999998
3733,4A,NewYork,0.8500000000000001,0.55,485.58745,779.30369,775.43995,2040.33109
3734,4A,NewYork,0.8500000000000001,0.5,496.24981999999994,767.0473999999999,768.37754,2031.6747599999999
3735,4A,NewYork,0.8500000000000001,0.6000000000000001,475.49599,791.5283099999999,782.12232,2049.14662
3736,4A,NewYork,0.8500000000000001,0.65,463.50177999999994,806.09651,789.34308,2058.94137
3737,4A,NewYork,0.8500000000000001,0.7000000000000001,454.08793,818.06777,795.5820699999999,2067.7377699999997
3738,4A,NewYork,0.8500000000000001,0.75,444.85411,830.0707,802.0744199999999,2076.99923
3739,4A,NewYork,0.8500000000000001,0.8500000000000001,427.02157,855.4700399999999,815.62918,2098.12079
3740,4A,NewYork,0.8500000000000001,0.8,435.76865000000004,842.7070299999999,808.88347,2087.35915
3741,4A,NewYork,0.8500000000000001,0.9500000000000001,410.38505,880.2676499999999,829.2156099999999,2119.86831
3742,4A,NewYork,0.8500000000000001,0.9,418.52869999999996,867.8213399999999,822.43823,2108.78827
3743,4A,NewYork,0.8,0.01,622.61391,632.1332,682.2351399999999,1936.98225
3744,4A,NewYork,0.8,0.15000000000000002,573.95351,674.91937,709.24965,1958.1225299999999
3745,4A,NewYork,0.8,0.1,590.1383599999999,659.81278,699.5586299999999,1949.5097699999997
3746,4A,NewYork,0.8,0.25,544.4083899999999,703.8657499999999,727.64992,1975.9240599999998
3747,4A,NewYork,0.8,0.2,558.7738099999999,689.48757,718.5923,1966.85368
3748,4A,NewYork,0.8,0.30000000000000004,530.80475,717.86389,736.45418,1985.1228199999998
3749,4A,NewYork,0.8,0.35000000000000003,517.98372,731.54533,744.84673,1994.37578
3750,4A,NewYork,0.8,0.45,494.40530999999993,757.57807,760.7133999999999,2012.6967799999998
3751,4A,NewYork,0.8,0.4,505.86112999999995,744.75172,752.98592,2003.59877
3752,4A,NewYork,0.8,0.55,472.83719999999994,782.9140699999999,775.31327,2031.0645399999999
3753,4A,NewYork,0.8,0.5,483.33038,770.46776,768.18752,2021.9856599999998
3754,4A,NewYork,0.8,0.6000000000000001,462.78824999999995,795.2970399999999,782.0589799999999,2040.1442699999998
3755,4A,NewYork,0.8,0.65,451.00574,809.9919199999999,789.37475,2050.37241
3756,4A,NewYork,0.8,0.7000000000000001,441.63439999999997,822.0898599999999,795.74042,2059.46468
3757,4A,NewYork,0.8,0.75,432.51727,834.44116,802.29611,2069.25454
3758,4A,NewYork,0.8,0.8500000000000001,414.87559999999996,860.0621899999999,816.07256,2091.01035
3759,4A,NewYork,0.8,0.8,423.53766,847.20417,809.20017,2079.942
3760,4A,NewYork,0.8,0.9500000000000001,398.42994999999996,885.1764999999999,829.5956499999999,2113.2020999999995
3761,4A,NewYork,0.8,0.9,406.53108999999995,872.5401699999999,822.7232599999999,2101.7945199999995
3762,4A,NewYork,0.9500000000000001,0.01,668.35089,621.9354599999999,681.8234299999999,1972.1097799999998
3763,4A,NewYork,0.9500000000000001,0.15000000000000002,616.10243,665.73507,709.81971,1991.65721
3764,4A,NewYork,0.9500000000000001,0.1,633.3141099999999,650.69182,699.7486499999999,1983.7545799999998
3765,4A,NewYork,0.9500000000000001,0.25,584.89538,694.93481,728.79004,2008.62023
3766,4A,NewYork,0.9500000000000001,0.2,600.03342,680.5566299999999,719.51073,2000.1007799999998
3767,4A,NewYork,0.9500000000000001,0.30000000000000004,570.6141299999999,708.9329499999999,737.7209799999999,2017.2680599999999
3768,4A,NewYork,0.9500000000000001,0.35000000000000003,557.17883,722.51938,746.2402099999999,2025.93842
3769,4A,NewYork,0.9500000000000001,0.45,532.67859,748.3620999999999,762.04354,2043.08423
3770,4A,NewYork,0.9500000000000001,0.4,544.57949,735.66243,754.34773,2034.58965
3771,4A,NewYork,0.9500000000000001,0.55,510.34784999999994,772.9696899999999,776.3583799999999,2059.6759199999997
3772,4A,NewYork,0.9500000000000001,0.5,521.23276,760.90342,769.4226499999999,2051.55883
3773,4A,NewYork,0.9500000000000001,0.6000000000000001,500.07635999999997,784.71926,782.8824,2067.67802
3774,4A,NewYork,0.9500000000000001,0.65,487.89128,799.0974399999999,789.9131399999999,2076.90186
3775,4A,NewYork,0.9500000000000001,0.7000000000000001,478.32907,810.62532,795.89877,2084.8531599999997
3776,4A,NewYork,0.9500000000000001,0.75,468.97855999999996,822.3432200000001,802.13776,2093.45954
3777,4A,NewYork,0.9500000000000001,0.8500000000000001,450.74345,846.8241299999999,815.3441499999999,2112.91173
3778,4A,NewYork,0.9500000000000001,0.8,459.70223000000004,834.5045,808.78846,2102.99519
3779,4A,NewYork,0.9500000000000001,0.9500000000000001,433.86271,870.89333,828.4872,2133.24324
3780,4A,NewYork,0.9500000000000001,0.9,442.16555999999997,859.0804199999999,821.8998399999999,2123.1458199999997
3781,4A,NewYork,0.9,0.01,653.3977699999999,625.19747,681.95011,1960.5453499999999
3782,4A,NewYork,0.9,0.15000000000000002,602.34533,668.58537,709.53468,1980.4653799999999
3783,4A,NewYork,0.9,0.1,619.22862,653.54212,699.5903,1972.3610399999998
3784,4A,NewYork,0.9,0.25,571.73087,697.6901,728.28332,1997.7042900000001
3785,4A,NewYork,0.9,0.2,586.59387,683.34359,719.06735,1989.0048100000001
3786,4A,NewYork,0.9,0.30000000000000004,557.6613199999999,711.6248999999999,737.18259,2006.4688099999998
3787,4A,NewYork,0.9,0.35000000000000003,544.41689,725.2746699999999,745.63848,2015.3300399999998
3788,4A,NewYork,0.9,0.45,520.20253,751.24407,761.47348,2032.9200799999999
3789,4A,NewYork,0.9,0.4,531.9659099999999,738.5127299999999,753.746,2024.22464
3790,4A,NewYork,0.9,0.55,498.09433,776.0416799999999,775.88333,2050.01934
3791,4A,NewYork,0.9,0.5,508.8733899999999,763.8803999999999,768.85259,2041.6063799999997
3792,4A,NewYork,0.9,0.6000000000000001,487.89702,787.98127,782.4706899999999,2058.3489799999998
3793,4A,NewYork,0.9,0.65,475.79696,802.4861299999999,789.5964399999999,2067.8795299999997
3794,4A,NewYork,0.9,0.7000000000000001,466.30893,814.2357000000001,795.74042,2076.28505
3795,4A,NewYork,0.9,0.75,457.03259999999995,826.17529,802.0744199999999,2085.2823099999996
3796,4A,NewYork,0.9,0.8500000000000001,438.98835999999994,851.0045699999998,815.47083,2105.4637599999996
3797,4A,NewYork,0.9,0.8,447.83045,838.5265899999999,808.82013,2095.17717
3798,4A,NewYork,0.9,0.9500000000000001,422.1818,875.5171499999999,828.8355699999998,2126.5345199999997
3799,4A,NewYork,0.9,0.9,430.44214,863.35587,822.1532,2115.95121
3800,6A,Rochester,0.01,0.01,949.20521,524.36019,696.5183099999999,2170.08371
3801,6A,Rochester,0.01,0.15000000000000002,898.9846899999999,558.59546,720.74586,2178.3260099999998
3802,6A,Rochester,0.01,0.1,916.6172199999999,546.11748,711.84659,2174.58129
3803,6A,Rochester,0.01,0.25,866.85007,581.7778999999999,737.11925,2185.74722
3804,6A,Rochester,0.01,0.2,882.71652,570.15501,728.8217099999999,2181.6932399999996
3805,6A,Rochester,0.01,0.30000000000000004,851.38534,593.33745,745.03675,2189.75954
3806,6A,Rochester,0.01,0.35000000000000003,836.36484,605.0870199999999,753.33429,2194.78615
3807,6A,Rochester,0.01,0.45,805.2145399999999,630.51803,770.11939,2205.85196
3808,6A,Rochester,0.01,0.4,820.8267799999999,617.5649999999999,761.72684,2200.11862
3809,6A,Rochester,0.01,0.55,776.86544,655.34731,787.18952,2219.40227
3810,6A,Rochester,0.01,0.5,790.8707999999999,642.77432,778.63862,2212.28374
3811,6A,Rochester,0.01,0.6000000000000001,763.2618,667.79362,795.93044,2226.9858600000002
3812,6A,Rochester,0.01,0.65,750.0498899999999,680.36661,804.1012999999999,2234.5177999999996
3813,6A,Rochester,0.01,0.7000000000000001,737.2288599999999,693.03461,812.6522,2242.91567
3814,6A,Rochester,0.01,0.75,724.72538,705.6076,821.0447499999999,2251.37773
3815,6A,Rochester,0.01,0.8500000000000001,700.6919,731.13362,837.9248599999999,2269.7503799999995
3816,6A,Rochester,0.01,0.8,712.57112,718.40228,829.5956499999999,2260.5690499999996
3817,6A,Rochester,0.01,0.9500000000000001,677.82192,756.8813299999999,855.1216699999999,2289.82492
3818,6A,Rochester,0.01,0.9,689.11939,743.86496,846.6024399999999,2279.58679
3819,6A,Rochester,0.05,0.01,985.9997800000001,517.4878,696.29662,2199.7842
3820,6A,Rochester,0.05,0.15000000000000002,934.54243,551.5013799999999,720.46083,2206.50464
3821,6A,Rochester,0.05,0.1,952.60835,539.15008,711.46655,2203.22498
3822,6A,Rochester,0.05,0.25,901.80523,574.4304599999999,736.48585,2212.72154
3823,6A,Rochester,0.05,0.2,917.99922,562.87091,728.2516499999999,2209.12178
3824,6A,Rochester,0.05,0.30000000000000004,886.0337899999998,585.86333,744.49836,2216.39548
3825,6A,Rochester,0.05,0.35000000000000003,870.6323999999998,597.51789,752.51087,2220.6611599999997
3826,6A,Rochester,0.05,0.45,838.7628299999999,622.6955399999999,769.51766,2230.97603
3827,6A,Rochester,0.05,0.4,854.71345,609.9325299999999,761.0301,2225.6760799999997
3828,6A,Rochester,0.05,0.55,809.7261299999999,647.23979,786.4294399999999,2243.3953599999995
3829,6A,Rochester,0.05,0.5,824.0382,634.8251499999999,778.0685599999999,2236.93191
3830,6A,Rochester,0.05,0.6000000000000001,795.75244,659.59109,795.0436799999999,2250.38721
3831,6A,Rochester,0.05,0.65,782.19131,672.00573,803.49957,2257.69661
3832,6A,Rochester,0.05,0.7000000000000001,768.98939,684.48371,811.89212,2265.3652199999997
3833,6A,Rochester,0.05,0.75,756.1792,697.0567,820.41135,2273.64725
3834,6A,Rochester,0.05,0.8500000000000001,731.44728,722.32936,837.22812,2291.00476
3835,6A,Rochester,0.05,0.8,743.67572,709.7247,828.8355699999998,2282.2359899999997
3836,6A,Rochester,0.05,0.9500000000000001,707.98471,747.6970299999999,854.1398999999999,2309.82164
3837,6A,Rochester,0.05,0.9,719.55722,734.99736,845.6206699999999,2300.17525
3838,6A,Rochester,0.15000000000000002,0.01,1073.71692,501.93783,695.40986,2271.0646100000004
3839,6A,Rochester,0.15000000000000002,0.15000000000000002,1019.3074599999999,535.69805,719.6374099999999,2274.64292
3840,6A,Rochester,0.15000000000000002,0.1,1038.3676899999998,523.4734299999999,710.61146,2272.4525799999997
3841,6A,Rochester,0.15000000000000002,0.25,985.1950599999999,557.86705,735.28239,2278.3444999999997
3842,6A,Rochester,0.15000000000000002,0.2,1002.1083199999999,546.7508799999999,727.33322,2276.19242
3843,6A,Rochester,0.15000000000000002,0.30000000000000004,968.64101,569.14157,743.2632299999999,2281.04581
3844,6A,Rochester,0.15000000000000002,0.35000000000000003,952.56286,580.38442,751.3074099999999,2284.2546899999998
3845,6A,Rochester,0.15000000000000002,0.45,918.9480399999998,605.2770399999999,768.25086,2292.47594
3846,6A,Rochester,0.15000000000000002,0.4,935.82963,592.6407099999999,759.6049499999999,2288.0752899999998
3847,6A,Rochester,0.15000000000000002,0.55,888.36695,629.06121,785.00429,2302.43245
3848,6A,Rochester,0.15000000000000002,0.5,903.4299599999999,617.15329,776.67508,2297.2583299999997
3849,6A,Rochester,0.15000000000000002,0.6000000000000001,873.5998099999999,641.15915,793.3651699999999,2308.1241299999997
3850,6A,Rochester,0.15000000000000002,0.65,859.2769,653.2887599999999,801.9794099999999,2314.5450699999997
3851,6A,Rochester,0.15000000000000002,0.7000000000000001,845.2607,665.54505,810.4353,2321.24105
3852,6A,Rochester,0.15000000000000002,0.75,831.65706,677.80134,818.63783,2328.09623
3853,6A,Rochester,0.15000000000000002,0.8500000000000001,805.50743,702.50394,835.5496099999999,2343.5609799999997
3854,6A,Rochester,0.15000000000000002,0.8,818.42347,690.0893,827.0303799999999,2335.5431499999995
3855,6A,Rochester,0.15000000000000002,0.9500000000000001,780.5738,727.36489,852.1763599999999,2360.11505
3856,6A,Rochester,0.15000000000000002,0.9,792.9189299999999,714.88691,843.81548,2351.62132
3857,6A,Rochester,0.1,0.01,1030.55052,509.50695999999994,695.7582299999999,2235.81571
3858,6A,Rochester,0.1,0.15000000000000002,977.54878,543.33052,720.1441299999999,2241.02343
3859,6A,Rochester,0.1,0.1,996.1431,531.0108899999999,710.9915,2238.14549
3860,6A,Rochester,0.1,0.25,944.17648,565.9112299999999,735.82078,2245.90849
3861,6A,Rochester,0.1,0.2,960.7622,554.5417,727.7766,2243.0805
3862,6A,Rochester,0.1,0.30000000000000004,927.9716499999998,577.18575,743.95997,2249.11737
3863,6A,Rochester,0.1,0.35000000000000003,912.20021,588.68196,751.9724799999999,2252.8546499999998
3864,6A,Rochester,0.1,0.45,879.44218,613.7012599999999,768.9476,2262.09104
3865,6A,Rochester,0.1,0.4,895.91121,601.00159,760.1750099999999,2257.08781
3866,6A,Rochester,0.1,0.55,849.6437,637.77046,785.76437,2273.1785299999997
3867,6A,Rochester,0.1,0.5,864.31583,625.64085,777.3401499999999,2267.2968299999998
3868,6A,Rochester,0.1,0.6000000000000001,835.25745,649.96341,794.1569199999999,2279.37778
3869,6A,Rochester,0.1,0.65,821.25209,662.37805,802.6761499999999,2286.30629
3870,6A,Rochester,0.1,0.7000000000000001,807.64845,674.6660099999999,811.0687,2293.3831600000003
3871,6A,Rochester,0.1,0.75,794.41486,687.11232,819.46125,2300.98843
3872,6A,Rochester,0.1,0.8500000000000001,768.9844999999999,711.97327,836.43637,2317.39414
3873,6A,Rochester,0.1,0.8,781.53049,699.49529,828.0438199999999,2309.0696
3874,6A,Rochester,0.1,0.9500000000000001,744.7176399999998,737.08758,853.3481499999999,2335.1533699999995
3875,6A,Rochester,0.1,0.9,756.68188,724.64127,844.60723,2325.93038
3876,6A,Rochester,0.25,0.01,1156.2733399999997,488.54141999999996,695.02982,2339.84458
3877,6A,Rochester,0.25,0.15000000000000002,1099.1559899999997,522.11162,719.13069,2340.3983
3878,6A,Rochester,0.25,0.1,1119.17886,509.91866999999996,710.13641,2339.23394
3879,6A,Rochester,0.25,0.25,1063.9750999999999,543.74223,734.52231,2342.23964
3880,6A,Rochester,0.25,0.2,1081.3542699999998,532.78441,726.8898399999999,2341.02852
3881,6A,Rochester,0.25,0.30000000000000004,1046.77596,554.73172,742.3448,2343.85248
3882,6A,Rochester,0.25,0.35000000000000003,1030.0102100000001,565.6261999999999,750.38898,2346.02539
3883,6A,Rochester,0.25,0.45,994.9043499999998,590.10711,767.1424099999999,2352.1538699999996
3884,6A,Rochester,0.25,0.4,1012.5577099999999,577.6291299999999,758.55984,2348.7466799999997
3885,6A,Rochester,0.25,0.55,962.97973,613.4478999999999,783.80083,2360.22846
3886,6A,Rochester,0.25,0.5,978.74118,601.79334,775.47162,2356.00614
3887,6A,Rochester,0.25,0.6000000000000001,947.5883299999999,625.1658,792.13004,2364.88417
3888,6A,Rochester,0.25,0.65,932.53531,637.04205,800.55426,2370.13162
3889,6A,Rochester,0.25,0.7000000000000001,917.8523399999999,649.0133099999999,808.97848,2375.8441299999995
3890,6A,Rochester,0.25,0.75,903.5611,661.07958,817.3710299999999,2382.0117099999998
3891,6A,Rochester,0.25,0.8500000000000001,876.06794,685.18045,833.9661099999998,2395.2145
3892,6A,Rochester,0.25,0.8,889.60824,673.08251,825.6369,2388.32765
3893,6A,Rochester,0.25,0.9500000000000001,849.9599699999999,709.50301,850.49785,2409.96083
3894,6A,Rochester,0.25,0.9,862.8235099999999,697.24672,842.16864,2402.2388699999997
3895,6A,Rochester,0.2,0.01,1115.5397899999998,495.0021,695.3465199999999,2305.8884099999996
3896,6A,Rochester,0.2,0.15000000000000002,1059.7867999999999,528.69898,719.4473899999999,2307.93317
3897,6A,Rochester,0.2,0.1,1079.3446099999999,516.50603,710.3581,2306.20874
3898,6A,Rochester,0.2,0.25,1025.0926499999998,550.58295,734.90235,2310.57795
3899,6A,Rochester,0.2,0.2,1042.32346,539.56179,727.1432,2309.02845
3900,6A,Rochester,0.2,0.30000000000000004,1008.23189,561.6674499999999,742.8515199999999,2312.75086
3901,6A,Rochester,0.2,0.35000000000000003,991.8045199999999,572.75195,750.8006899999999,2315.35716
3902,6A,Rochester,0.2,0.45,957.4179299999998,597.51789,767.6491299999999,2322.5849499999995
3903,6A,Rochester,0.2,0.4,974.7012399999999,584.88156,758.9082099999999,2318.4910099999997
3904,6A,Rochester,0.2,0.55,926.1383999999999,620.9536899999999,784.33922,2331.43131
3905,6A,Rochester,0.2,0.5,941.5931399999998,609.20412,776.10502,2326.90228
3906,6A,Rochester,0.2,0.6000000000000001,911.0537099999999,632.95662,792.9851299999999,2336.99546
3907,6A,Rochester,0.2,0.65,896.32908,644.83287,801.15599,2342.31794
3908,6A,Rochester,0.2,0.7000000000000001,881.99533,656.9624799999999,809.58021,2348.53802
3909,6A,Rochester,0.2,0.75,868.0108,669.12376,818.0044300000001,2355.13899
3910,6A,Rochester,0.2,0.8500000000000001,841.1735699999999,693.54133,834.6628499999999,2369.3777499999997
3911,6A,Rochester,0.2,0.8,854.40716,681.28504,826.23863,2361.93083
3912,6A,Rochester,0.2,0.9500000000000001,815.62652,718.1805899999999,851.2262599999999,2385.03337
3913,6A,Rochester,0.2,0.9,828.24669,705.76595,843.0554,2377.06804
3914,6A,Rochester,0.30000000000000004,0.01,1196.08846,482.30242999999996,695.0931599999999,2373.48405
3915,6A,Rochester,0.30000000000000004,0.15000000000000002,1137.18335,516.221,719.32071,2372.7250599999998
3916,6A,Rochester,0.30000000000000004,0.1,1157.7246300000002,504.02805,710.23142,2371.9841
3917,6A,Rochester,0.30000000000000004,0.25,1100.2888799999998,538.54835,735.4090699999999,2374.2463
3918,6A,Rochester,0.30000000000000004,0.2,1118.54567,527.3371699999999,727.36489,2373.2477299999996
3919,6A,Rochester,0.30000000000000004,0.30000000000000004,1082.63467,549.6645199999999,743.51659,2375.81578
3920,6A,Rochester,0.30000000000000004,0.35000000000000003,1065.1179799999998,560.9707099999999,751.8141299999999,2377.9028199999993
3921,6A,Rochester,0.30000000000000004,0.45,1031.36394,583.77311,768.34587,2383.48292
3922,6A,Rochester,0.30000000000000004,0.4,1048.04552,572.43525,760.0799999999999,2380.56077
3923,6A,Rochester,0.30000000000000004,0.55,998.8900899999999,606.35382,783.38912,2388.63303
3924,6A,Rochester,0.30000000000000004,0.5,1015.0207399999999,595.30099,776.7067499999999,2387.02848
3925,6A,Rochester,0.30000000000000004,0.6000000000000001,983.2236499999999,618.0083799999999,791.65499,2392.8870199999997
3926,6A,Rochester,0.30000000000000004,0.65,967.8639199999999,629.6629399999999,800.0475399999999,2397.5744
3927,6A,Rochester,0.30000000000000004,0.7000000000000001,952.8850799999999,641.50752,808.2817399999999,2402.6743399999996
3928,6A,Rochester,0.30000000000000004,0.75,938.2762899999999,653.3521,816.7059599999999,2408.3343499999996
3929,6A,Rochester,0.30000000000000004,0.8500000000000001,910.1796999999999,677.32629,833.1426899999999,2420.64868
3930,6A,Rochester,0.30000000000000004,0.8,924.03755,665.3866999999999,825.0034999999999,2414.42775
3931,6A,Rochester,0.30000000000000004,0.9500000000000001,883.6274999999999,701.33215,849.86445,2434.8241
3932,6A,Rochester,0.30000000000000004,0.9,896.6285599999999,689.42423,841.4402299999999,2427.49302
3933,6A,Rochester,0.35000000000000003,0.01,1234.7275399999999,476.63349999999997,694.64978,2406.0108199999995
3934,6A,Rochester,0.35000000000000003,0.15000000000000002,1174.44723,510.55207,719.4473899999999,2404.4466899999998
3935,6A,Rochester,0.35000000000000003,0.1,1195.4010700000001,498.26411,710.00973,2403.67491
3936,6A,Rochester,0.35000000000000003,0.25,1137.0560299999997,532.56272,735.18738,2404.8061299999995
3937,6A,Rochester,0.35000000000000003,0.2,1155.5453499999999,521.47822,727.11153,2404.1351
3938,6A,Rochester,0.35000000000000003,0.30000000000000004,1119.19012,543.52054,743.32657,2406.03723
3939,6A,Rochester,0.35000000000000003,0.35000000000000003,1101.4092299999998,554.82673,751.4974299999999,2407.7333899999994
3940,6A,Rochester,0.35000000000000003,0.45,1067.03093,577.3441,767.96583,2412.34086
3941,6A,Rochester,0.35000000000000003,0.4,1084.01922,565.9428999999999,759.8266399999999,2409.7887599999995
3942,6A,Rochester,0.35000000000000003,0.55,1033.97533,599.6714499999999,782.8824,2416.52918
3943,6A,Rochester,0.35000000000000003,0.5,1050.48687,588.68196,776.4533899999999,2415.62222
3944,6A,Rochester,0.35000000000000003,0.6000000000000001,1018.00218,611.231,791.2432799999999,2420.47646
3945,6A,Rochester,0.35000000000000003,0.65,1002.37825,622.8222199999999,799.5408199999999,2424.74129
3946,6A,Rochester,0.35000000000000003,0.7000000000000001,987.11353,634.4134399999999,807.8066899999999,2429.33366
3947,6A,Rochester,0.35000000000000003,0.75,972.2297,646.19468,816.04089,2434.4652699999997
3948,6A,Rochester,0.35000000000000003,0.8500000000000001,943.5830299999998,669.9155099999999,832.50929,2446.0078299999996
3949,6A,Rochester,0.35000000000000003,0.8,957.7475899999998,658.07093,824.4334399999999,2440.2519599999996
3950,6A,Rochester,0.35000000000000003,0.9500000000000001,916.5866,693.54133,848.94602,2459.07395
3951,6A,Rochester,0.35000000000000003,0.9,929.7885199999998,681.88677,840.9018399999999,2452.5771299999997
3952,6A,Rochester,0.45,0.01,1309.1286199999997,465.86569999999995,693.573,2468.5673199999997
3953,6A,Rochester,0.45,0.15000000000000002,1246.0562499999999,499.87928,719.41572,2465.3512499999997
3954,6A,Rochester,0.45,0.1,1267.93022,487.62298999999996,709.4713399999999,2465.02455
3955,6A,Rochester,0.45,0.25,1207.59656,521.66824,735.2190499999999,2464.4838499999996
3956,6A,Rochester,0.45,0.2,1226.60429,510.8371,727.17487,2464.61626
3957,6A,Rochester,0.45,0.30000000000000004,1189.3289300000001,532.3410299999999,742.9781999999999,2464.64816
3958,6A,Rochester,0.45,0.35000000000000003,1171.09297,543.29885,751.0857199999999,2465.47754
3959,6A,Rochester,0.45,0.45,1135.77371,565.37284,767.39577,2468.54232
3960,6A,Rochester,0.45,0.4,1153.19539,554.32001,759.35159,2466.8669900000004
3961,6A,Rochester,0.45,0.55,1101.58628,587.4784999999999,782.1539899999999,2471.21877
3962,6A,Rochester,0.45,0.5,1118.6687299999999,576.58402,775.62997,2470.8827199999996
3963,6A,Rochester,0.45,0.6000000000000001,1085.06305,598.84803,790.4831999999999,2474.3942799999995
3964,6A,Rochester,0.45,0.65,1068.94154,610.2175599999999,798.6857299999999,2477.84483
3965,6A,Rochester,0.45,0.7000000000000001,1053.18009,621.5554199999999,806.76158,2481.49709
3966,6A,Rochester,0.45,0.75,1037.8095199999998,633.0833,815.09079,2485.9836099999998
3967,6A,Rochester,0.45,0.8500000000000001,1008.1260299999999,656.2657399999999,831.46418,2495.8559499999997
3968,6A,Rochester,0.45,0.8,1022.7773299999999,644.73786,823.4516699999999,2490.9668599999995
3969,6A,Rochester,0.45,0.9500000000000001,980.53701,679.25816,847.55254,2507.34771
3970,6A,Rochester,0.45,0.9,993.84478,667.9836399999999,839.5717000000001,2501.40012
3971,6A,Rochester,0.4,0.01,1272.4256599999999,471.02790999999996,693.92137,2437.3749399999997
3972,6A,Rochester,0.4,0.15000000000000002,1210.77015,505.0731599999999,719.47906,2435.32237
3973,6A,Rochester,0.4,0.1,1232.1048799999999,492.84854,710.13641,2435.08983
3974,6A,Rochester,0.4,0.25,1172.78636,526.89379,735.25072,2434.93087
3975,6A,Rochester,0.4,0.2,1191.52989,516.06265,727.23821,2434.83075
3976,6A,Rochester,0.4,0.30000000000000004,1154.71959,537.81994,743.1682199999999,2435.70775
3977,6A,Rochester,0.4,0.35000000000000003,1136.69533,548.87277,751.2123999999999,2436.7805
3978,6A,Rochester,0.4,0.45,1101.8202999999999,571.20012,767.7124699999999,2440.7328899999998
3979,6A,Rochester,0.4,0.4,1119.03028,560.05228,759.47827,2438.56083
3980,6A,Rochester,0.4,0.55,1068.18295,593.40079,782.5657,2444.14944
3981,6A,Rochester,0.4,0.5,1084.99036,582.44297,775.97834,2443.41167
3982,6A,Rochester,0.4,0.6000000000000001,1051.96643,604.8336599999999,790.8315699999999,2447.6316599999996
3983,6A,Rochester,0.4,0.65,1036.0882900000001,616.2982,798.9707599999999,2451.35725
3984,6A,Rochester,0.4,0.7000000000000001,1020.55937,627.79441,807.2049599999999,2455.55874
3985,6A,Rochester,0.4,0.75,1005.4005,639.4806399999999,815.43916,2460.3203
3986,6A,Rochester,0.4,0.8500000000000001,976.20375,662.8531,831.90756,2470.96441
3987,6A,Rochester,0.4,0.8,990.61168,651.2302099999999,823.80004,2465.64193
3988,6A,Rochester,0.4,0.9500000000000001,948.8581,686.2572299999999,848.1226,2483.2379300000002
3989,6A,Rochester,0.4,0.9,962.16587,674.6660099999999,840.23677,2477.06865
3990,6A,Rochester,0.55,0.01,1379.73164,456.20635,693.19296,2529.1309499999998
3991,6A,Rochester,0.55,0.15000000000000002,1314.0463899999997,490.34661,718.52896,2522.9219599999997
3992,6A,Rochester,0.55,0.1,1336.68214,478.12199,709.2179799999999,2524.02211
3993,6A,Rochester,0.55,0.25,1274.68825,511.72386,734.0472599999999,2520.45937
3994,6A,Rochester,0.55,0.2,1294.2352199999998,501.05107,726.3197799999999,2521.60607
3995,6A,Rochester,0.55,0.30000000000000004,1255.97639,522.36498,742.12311,2520.46448
3996,6A,Rochester,0.55,0.35000000000000003,1237.39121,533.0061000000001,749.9456,2520.3429100000003
3997,6A,Rochester,0.55,0.45,1201.08848,554.73172,767.01573,2522.8359299999997
3998,6A,Rochester,0.55,0.4,1219.09191,543.9639199999999,758.05312,2521.10895
3999,6A,Rochester,0.55,0.55,1165.94925,576.55235,781.4889199999999,2523.99052
4000,6A,Rochester,0.55,0.5,1183.55011,565.78455,774.80655,2524.14121
4001,6A,Rochester,0.55,0.6000000000000001,1148.91845,587.7001899999999,790.1031599999999,2526.7217999999993
4002,6A,Rochester,0.55,0.65,1132.36355,598.94304,798.14734,2529.45393
4003,6A,Rochester,0.55,0.7000000000000001,1116.13619,610.0592099999999,806.28653,2532.48193
4004,6A,Rochester,0.55,0.75,1100.32139,621.33373,814.3623799999999,2536.0175
4005,6A,Rochester,0.55,0.8500000000000001,1069.74944,644.0727899999999,830.57742,2544.39965
4006,6A,Rochester,0.55,0.8,1084.87664,632.67159,822.4698999999999,2540.01813
4007,6A,Rochester,0.55,0.9500000000000001,1041.82204,666.27346,846.09572,2554.1912199999997
4008,6A,Rochester,0.55,0.9,1055.05563,655.5056599999999,838.6532699999999,2549.21456
4009,6A,Rochester,0.5,0.01,1344.9114499999998,460.92517999999995,693.4146499999999,2499.2512799999995
4010,6A,Rochester,0.5,0.15000000000000002,1280.6014,494.90709,718.43395,2493.94244
4011,6A,Rochester,0.5,0.1,1302.75041,482.74581,709.3129899999999,2494.80921
4012,6A,Rochester,0.5,0.25,1241.61331,516.56937,734.2372799999999,2492.4199599999997
4013,6A,Rochester,0.5,0.2,1260.95942,505.76989999999995,726.47813,2493.20745
4014,6A,Rochester,0.5,0.30000000000000004,1222.99646,527.1471499999999,742.91486,2493.05847
4015,6A,Rochester,0.5,0.35000000000000003,1204.5913099999998,538.10497,751.0857199999999,2493.7819999999997
4016,6A,Rochester,0.5,0.45,1168.7961500000001,559.95727,767.39577,2496.14919
4017,6A,Rochester,0.5,0.4,1186.49287,549.06279,759.1298999999999,2494.68556
4018,6A,Rochester,0.5,0.55,1134.1328199999998,581.84124,781.9322999999999,2497.90636
4019,6A,Rochester,0.5,0.5,1151.50115,571.10511,775.5666299999999,2498.17289
4020,6A,Rochester,0.5,0.6000000000000001,1117.4087299999999,593.11576,790.1031599999999,2500.6276499999994
4021,6A,Rochester,0.5,0.65,1101.05469,604.4219499999999,798.17901,2503.6556499999997
4022,6A,Rochester,0.5,0.7000000000000001,1085.0707,615.69647,806.5398899999999,2507.30706
4023,6A,Rochester,0.5,0.75,1069.43593,627.0026599999999,814.71075,2511.14934
4024,6A,Rochester,0.5,0.8500000000000001,1039.33988,650.09009,831.0207999999999,2520.45077
4025,6A,Rochester,0.5,0.8,1054.16037,638.5938799999999,822.84994,2515.60419
4026,6A,Rochester,0.5,0.9500000000000001,1011.53916,672.60746,846.8241299999999,2530.97075
4027,6A,Rochester,0.5,0.9,1024.8152599999999,661.55463,839.09665,2525.46654
4028,6A,Rochester,0.6000000000000001,0.01,1413.66337,451.83588999999995,692.84459,2558.34385
4029,6A,Rochester,0.6000000000000001,0.15000000000000002,1346.6345900000001,485.97614999999996,718.52896,2551.1397
4030,6A,Rochester,0.6000000000000001,0.1,1369.60872,473.71986000000004,709.0912999999999,2552.41988
4031,6A,Rochester,0.6000000000000001,0.25,1306.89556,507.3533999999999,734.0472599999999,2548.2962199999997
4032,6A,Rochester,0.6000000000000001,0.2,1326.60088,496.6489399999999,726.1614299999999,2549.41125
4033,6A,Rochester,0.6000000000000001,0.30000000000000004,1287.9086599999998,517.8045,741.9964299999999,2547.7095899999995
4034,6A,Rochester,0.6000000000000001,0.35000000000000003,1269.1968,528.41395,749.88226,2547.4930099999997
4035,6A,Rochester,0.6000000000000001,0.45,1232.6298699999998,549.7912,766.0656299999999,2548.4867
4036,6A,Rochester,0.6000000000000001,0.4,1250.71747,539.1184099999999,757.76809,2547.60397
4037,6A,Rochester,0.6000000000000001,0.55,1196.98307,571.45348,780.6021599999999,2549.03871
4038,6A,Rochester,0.6000000000000001,0.5,1214.85897,560.74902,773.98313,2549.59112
4039,6A,Rochester,0.6000000000000001,0.6000000000000001,1179.6980599999997,582.53798,789.27974,2551.5157799999997
4040,6A,Rochester,0.6000000000000001,0.65,1162.9106299999999,593.71749,797.5139399999999,2554.1420599999997
4041,6A,Rochester,0.6000000000000001,0.7000000000000001,1146.54575,604.7069799999999,805.6531299999999,2556.90586
4042,6A,Rochester,0.6000000000000001,0.75,1130.53009,615.85482,813.7923199999999,2560.17723
4043,6A,Rochester,0.6000000000000001,0.8500000000000001,1099.5347399999998,638.5622099999999,830.2290499999999,2568.3259999999996
4044,6A,Rochester,0.6000000000000001,0.8,1114.8102999999999,627.12934,822.1532,2564.09284
4045,6A,Rochester,0.6000000000000001,0.9500000000000001,1071.43815,660.2561599999999,845.6523399999999,2577.3466499999995
4046,6A,Rochester,0.6000000000000001,0.9,1084.6084,649.80506,838.3048999999999,2572.71836
4047,6A,Rochester,0.65,0.01,1446.66413,447.71879,692.68624,2587.06916
4048,6A,Rochester,0.65,0.15000000000000002,1377.6150599999999,482.36577,719.09902,2579.07985
4049,6A,Rochester,0.65,0.1,1401.12843,470.07781,709.59802,2580.80426
4050,6A,Rochester,0.65,0.25,1336.2574599999998,504.47142999999994,735.6941,2576.42299
4051,6A,Rochester,0.65,0.2,1356.69289,493.48193999999995,727.30155,2577.47638
4052,6A,Rochester,0.65,0.30000000000000004,1316.48795,515.39758,744.0233099999999,2575.90884
4053,6A,Rochester,0.65,0.35000000000000003,1297.25768,526.19705,752.0991599999999,2575.5538899999997
4054,6A,Rochester,0.65,0.45,1260.03482,547.79599,768.56756,2576.39837
4055,6A,Rochester,0.65,0.4,1278.4082999999998,536.93318,760.33336,2575.6748399999997
4056,6A,Rochester,0.65,0.55,1224.4622,569.14157,783.35745,2576.96122
4057,6A,Rochester,0.65,0.5,1242.13724,558.59546,776.80176,2577.53446
4058,6A,Rochester,0.65,0.6000000000000001,1207.2196999999999,580.0360499999999,791.3382899999999,2578.59404
4059,6A,Rochester,0.65,0.65,1189.4379599999997,591.62727,799.7625099999999,2580.8277399999997
4060,6A,Rochester,0.65,0.7000000000000001,1172.9464,602.52175,808.3450799999999,2583.81323
4061,6A,Rochester,0.65,0.75,1156.89907,613.57458,816.3575899999998,2586.8312399999995
4062,6A,Rochester,0.65,0.8500000000000001,1125.6711899999998,635.99694,832.69931,2594.36744
4063,6A,Rochester,0.65,0.8,1141.08427,624.69075,824.18008,2589.9551
4064,6A,Rochester,0.65,0.9500000000000001,1096.887,657.94425,848.37596,2603.20721
4065,6A,Rochester,0.65,0.9,1110.6181699999997,647.20812,840.5217999999999,2598.3480899999995
4066,6A,Rochester,0.7000000000000001,0.01,1478.8081,443.85505,692.49622,2615.15937
4067,6A,Rochester,0.7000000000000001,0.15000000000000002,1407.6428799999999,479.0404199999999,719.60574,2606.2890399999997
4068,6A,Rochester,0.7000000000000001,0.1,1431.6855,466.62577999999996,710.00973,2608.3210099999997
4069,6A,Rochester,0.7000000000000001,0.25,1364.50836,502.00116999999995,737.37261,2603.88214
4070,6A,Rochester,0.7000000000000001,0.2,1385.76891,490.59997,728.60002,2604.9689
4071,6A,Rochester,0.7000000000000001,0.30000000000000004,1343.99875,513.2756899999999,746.1451999999999,2603.41964
4072,6A,Rochester,0.7000000000000001,0.35000000000000003,1324.25007,524.36019,754.63276,2603.24302
4073,6A,Rochester,0.7000000000000001,0.45,1286.43462,546.18082,771.54454,2604.15998
4074,6A,Rochester,0.7000000000000001,0.4,1305.0197999999998,535.28634,763.247,2603.5531399999995
4075,6A,Rochester,0.7000000000000001,0.55,1250.75615,567.36805,786.65113,2604.77533
4076,6A,Rochester,0.7000000000000001,0.5,1268.30451,556.9169499999999,779.74707,2604.9685299999996
4077,6A,Rochester,0.7000000000000001,0.6000000000000001,1233.5561599999999,578.0091699999999,794.4419499999999,2606.00728
4078,6A,Rochester,0.7000000000000001,0.65,1214.93931,590.04377,802.8344999999999,2607.81758
4079,6A,Rochester,0.7000000000000001,0.7000000000000001,1198.58527,600.62155,810.53031,2609.73713
4080,6A,Rochester,0.7000000000000001,0.75,1182.5487799999999,611.51603,818.1311099999999,2612.1959199999997
4081,6A,Rochester,0.7000000000000001,0.8500000000000001,1151.01419,633.8433799999999,835.04289,2619.9004600000003
4082,6A,Rochester,0.7000000000000001,0.8,1166.62813,622.56886,826.1436199999999,2615.3406099999997
4083,6A,Rochester,0.7000000000000001,0.9500000000000001,1121.72243,655.6956799999999,850.3394999999999,2627.75761
4084,6A,Rochester,0.7000000000000001,0.9,1135.95033,644.86454,842.6120199999999,2623.4268899999997
4085,6A,Rochester,0.75,0.01,1510.17945,440.21299999999997,692.21119,2642.6036400000003
4086,6A,Rochester,0.75,0.15000000000000002,1436.7614099999998,475.96842999999996,720.1758,2632.90564
4087,6A,Rochester,0.75,0.1,1461.32244,463.42711,710.48478,2635.23433
4088,6A,Rochester,0.75,0.25,1391.6591,499.87928,739.33615,2630.87453
4089,6A,Rochester,0.75,0.2,1413.80811,488.00302999999997,729.7084699999999,2631.51961
4090,6A,Rochester,0.75,0.30000000000000004,1370.35604,511.5021699999999,748.42544,2630.28365
4091,6A,Rochester,0.75,0.35000000000000003,1350.08895,522.8716999999999,757.29304,2630.25369
4092,6A,Rochester,0.75,0.45,1311.7025899999999,544.8506799999999,774.7748799999999,2631.32815
4093,6A,Rochester,0.75,0.4,1330.55197,533.92453,766.31899,2630.79549
4094,6A,Rochester,0.75,0.55,1275.8015799999998,566.1329199999999,790.32485,2632.25935
4095,6A,Rochester,0.75,0.5,1293.38161,555.68182,783.00908,2632.07251
4096,6A,Rochester,0.75,0.6000000000000001,1258.70744,576.55235,797.8306399999999,2633.09043
4097,6A,Rochester,0.75,0.65,1239.3821599999999,588.80864,806.2231899999999,2634.41399
4098,6A,Rochester,0.75,0.7000000000000001,1223.18732,599.1013899999999,813.5706299999999,2635.85934
4099,6A,Rochester,0.75,0.75,1207.1825,609.7741799999999,820.98141,2637.9380899999996
4100,6A,Rochester,0.75,0.8500000000000001,1175.7646,631.65815,836.81641,2644.23916
4101,6A,Rochester,0.75,0.8,1191.3043599999999,620.732,828.8355699999998,2640.87193
4102,6A,Rochester,0.75,0.9500000000000001,1146.0286099999998,653.60546,852.8097599999999,2652.4438299999997
4103,6A,Rochester,0.75,0.9,1160.6799099999998,642.67931,844.41721,2647.77643
4104,6A,Rochester,0.8500000000000001,0.01,1571.27106,432.89723,691.83115,2695.99944
4105,6A,Rochester,0.8500000000000001,0.15000000000000002,1495.73772,468.58932,720.30248,2684.62952
4106,6A,Rochester,0.8500000000000001,0.1,1520.9121699999998,456.23802,710.26309,2687.4132799999998
4107,6A,Rochester,0.8500000000000001,0.25,1448.86848,492.94355,740.09623,2681.90826
4108,6A,Rochester,0.8500000000000001,0.2,1471.85345,480.84561,730.0885099999999,2682.78757
4109,6A,Rochester,0.8500000000000001,0.30000000000000004,1426.8778199999997,504.75645999999995,749.59723,2681.2315099999996
4110,6A,Rochester,0.8500000000000001,0.35000000000000003,1405.96564,516.221,758.87654,2681.06318
4111,6A,Rochester,0.8500000000000001,0.45,1366.61664,538.29499,776.10502,2681.01665
4112,6A,Rochester,0.8500000000000001,0.4,1385.94192,527.36884,767.58579,2680.89655
4113,6A,Rochester,0.8500000000000001,0.55,1329.76383,559.6089,792.54175,2681.91448
4114,6A,Rochester,0.8500000000000001,0.5,1347.85143,549.1261299999999,784.7826,2681.76016
4115,6A,Rochester,0.8500000000000001,0.6000000000000001,1312.3629799999999,569.8699799999999,800.1425499999999,2682.37551
4116,6A,Rochester,0.8500000000000001,0.65,1291.7583599999998,582.44297,808.4717599999999,2682.67309
4117,6A,Rochester,0.8500000000000001,0.7000000000000001,1275.3735,592.6090399999999,815.1857999999999,2683.1683399999997
4118,6A,Rochester,0.8500000000000001,0.75,1259.15698,603.0601399999999,822.5015699999999,2684.7186899999997
4119,6A,Rochester,0.8500000000000001,0.8500000000000001,1227.26403,624.5323999999999,837.9882,2689.78463
4120,6A,Rochester,0.8500000000000001,0.8,1242.99381,613.8279399999999,830.1340399999999,2686.95579
4121,6A,Rochester,0.8500000000000001,0.9500000000000001,1197.0096299999998,646.068,852.9681099999999,2696.0457399999996
4122,6A,Rochester,0.8500000000000001,0.9,1211.8934599999998,635.2685299999999,845.6206699999999,2692.7826599999994
4123,6A,Rochester,0.8,0.01,1541.26492,436.3809299999999,692.05284,2669.6986899999997
4124,6A,Rochester,0.8,0.15000000000000002,1467.23346,471.85133,720.1441299999999,2659.2289199999996
4125,6A,Rochester,0.8,0.1,1492.00619,459.43668999999994,710.16808,2661.61096
4126,6A,Rochester,0.8,0.25,1421.05182,496.2688999999999,739.74786,2657.0685799999997
4127,6A,Rochester,0.8,0.2,1443.69841,484.13928999999996,729.96183,2657.7995300000002
4128,6A,Rochester,0.8,0.30000000000000004,1399.2837,508.01847,749.37554,2656.67771
4129,6A,Rochester,0.8,0.35000000000000003,1378.60405,519.51468,758.40149,2656.52022
4130,6A,Rochester,0.8,0.45,1339.5617599999998,541.62034,775.8516599999999,2657.03376
4131,6A,Rochester,0.8,0.4,1358.68618,530.6941899999999,767.3324299999999,2656.7128
4132,6A,Rochester,0.8,0.55,1302.89897,563.21928,792.4784099999999,2658.59666
4133,6A,Rochester,0.8,0.5,1320.9024,552.5781599999999,784.5609099999999,2658.04147
4134,6A,Rochester,0.8,0.6000000000000001,1285.6356399999997,573.63871,799.9842,2659.2585499999996
4135,6A,Rochester,0.8,0.65,1265.13687,586.3383799999999,808.40842,2659.88367
4136,6A,Rochester,0.8,0.7000000000000001,1248.7303299999999,596.6628,815.5658399999999,2660.9589699999997
4137,6A,Rochester,0.8,0.75,1232.56716,607.27225,823.00829,2662.8477000000003
4138,6A,Rochester,0.8,0.8500000000000001,1200.79005,629.02954,838.77995,2668.59954
4139,6A,Rochester,0.8,0.8,1216.46733,618.23007,830.76744,2665.46484
4140,6A,Rochester,0.8,0.9500000000000001,1170.6414999999997,651.00852,854.1082299999999,2675.7582499999994
4141,6A,Rochester,0.8,0.9,1185.49366,640.0506999999999,846.34908,2671.89344
4142,6A,Rochester,0.9500000000000001,0.01,1629.2622,426.37321,691.1027399999999,2746.7381499999997
4143,6A,Rochester,0.9500000000000001,0.15000000000000002,1550.5659,462.6987,720.5241699999999,2733.78877
4144,6A,Rochester,0.9500000000000001,0.1,1576.63965,450.22072,710.29476,2737.15513
4145,6A,Rochester,0.9500000000000001,0.25,1502.4064799999999,486.98959,740.57128,2729.96735
4146,6A,Rochester,0.9500000000000001,0.2,1525.9732,474.95498999999995,730.4685499999999,2731.3967399999997
4147,6A,Rochester,0.9500000000000001,0.30000000000000004,1479.89741,498.86584,750.1039499999999,2728.8671999999997
4148,6A,Rochester,0.9500000000000001,0.35000000000000003,1458.5093299999999,510.17203,759.4466,2728.12796
4149,6A,Rochester,0.9500000000000001,0.45,1418.6419199999998,531.9926599999999,776.5167299999999,2727.1513099999997
4150,6A,Rochester,0.9500000000000001,0.4,1438.21057,521.25653,768.09251,2727.55961
4151,6A,Rochester,0.9500000000000001,0.55,1381.3557199999998,552.98987,792.79511,2727.1407
4152,6A,Rochester,0.9500000000000001,0.5,1399.5916799999998,542.76046,784.90928,2727.26142
4153,6A,Rochester,0.9500000000000001,0.6000000000000001,1363.8390299999999,562.96592,800.17422,2726.9791699999996
4154,6A,Rochester,0.9500000000000001,0.65,1343.03355,575.28555,808.3450799999999,2726.66418
4155,6A,Rochester,0.9500000000000001,0.7000000000000001,1326.6486899999998,585.2616,815.09079,2727.00108
4156,6A,Rochester,0.9500000000000001,0.75,1310.3796699999998,595.20598,822.3432200000001,2727.9288699999997
4157,6A,Rochester,0.9500000000000001,0.8500000000000001,1278.2750199999998,616.10818,837.3231299999999,2731.7063299999995
4158,6A,Rochester,0.9500000000000001,0.8,1294.09981,605.6887499999999,829.7539999999999,2729.54256
4159,6A,Rochester,0.9500000000000001,0.9500000000000001,1247.93645,636.85203,851.923,2736.71148
4160,6A,Rochester,0.9500000000000001,0.9,1262.9044499999998,626.4642699999999,844.6705699999999,2734.0392899999997
4161,6A,Rochester,0.9,0.01,1600.68461,429.60355,691.3561,2721.64426
4162,6A,Rochester,0.9,0.15000000000000002,1523.5327,465.48565999999994,720.1758,2709.19416
4163,6A,Rochester,0.9,0.1,1549.1513799999998,453.13436,710.07307,2712.3588099999997
4164,6A,Rochester,0.9,0.25,1476.06088,489.87156,740.25458,2706.1870200000003
4165,6A,Rochester,0.9,0.2,1499.31005,477.83696,730.05684,2707.20385
4166,6A,Rochester,0.9,0.30000000000000004,1453.7843399999997,501.68447,749.75558,2705.2243899999994
4167,6A,Rochester,0.9,0.35000000000000003,1432.6079599999998,513.14901,758.9082099999999,2704.66518
4168,6A,Rochester,0.9,0.45,1393.01559,535.03298,776.16836,2704.21693
4169,6A,Rochester,0.9,0.4,1412.4892299999997,524.17017,767.6808,2704.3401999999996
4170,6A,Rochester,0.9,0.55,1355.9194099999997,556.09353,792.51008,2704.5230199999996
4171,6A,Rochester,0.9,0.5,1374.0920299999998,545.76911,784.62425,2704.48539
4172,6A,Rochester,0.9,0.6000000000000001,1338.46606,566.2912699999999,799.9842,2704.74153
4173,6A,Rochester,0.9,0.65,1317.76643,578.7059099999999,808.2817399999999,2704.7540799999997
4174,6A,Rochester,0.9,0.7000000000000001,1301.32822,588.90365,814.9641099999999,2705.19598
4175,6A,Rochester,0.9,0.75,1285.10171,599.0063799999999,822.37489,2706.4829799999998
4176,6A,Rochester,0.9,0.8500000000000001,1253.0495600000002,620.22528,837.5131499999999,2710.78799
4177,6A,Rochester,0.9,0.8,1268.8535200000001,609.6791699999999,830.00736,2708.54005
4178,6A,Rochester,0.9,0.9500000000000001,1222.72183,641.38084,852.5563999999999,2716.6590699999997
4179,6A,Rochester,0.9,0.9,1237.70067,630.8663999999999,845.2406299999999,2713.8077
4180,3C,SanDiego,0.01,0.01,14.34651,782.12232,747.95039,1544.4192199999998
4181,3C,SanDiego,0.01,0.15000000000000002,12.00293,835.26458,770.72112,1617.98863
4182,3C,SanDiego,0.01,0.1,12.76301,816.23091,762.3919099999999,1591.38583
4183,3C,SanDiego,0.01,0.25,10.70446,869.8165499999999,785.3526599999999,1665.87367
4184,3C,SanDiego,0.01,0.2,11.306189999999999,852.68308,778.0052199999999,1641.99449
4185,3C,SanDiego,0.01,0.30000000000000004,10.10273,887.14004,792.73177,1689.97454
4186,3C,SanDiego,0.01,0.35000000000000003,9.56434,904.36852,800.11088,1714.04374
4187,3C,SanDiego,0.01,0.45,8.48756,941.73912,815.43916,1765.6658400000001
4188,3C,SanDiego,0.01,0.4,9.02595,922.73712,807.64834,1739.41141
4189,3C,SanDiego,0.01,0.55,7.6008,977.62123,830.8307799999999,1816.05281
4190,3C,SanDiego,0.01,0.5,8.044179999999999,959.72768,823.1349700000001,1790.90683
4191,3C,SanDiego,0.01,0.6000000000000001,7.220759999999999,995.4514399999999,838.5582599999999,1841.2304599999998
4192,3C,SanDiego,0.01,0.65,6.84072,1013.63002,846.28574,1866.75648
4193,3C,SanDiego,0.01,0.7000000000000001,6.492349999999999,1031.58691,854.04489,1892.12415
4194,3C,SanDiego,0.01,0.75,6.175649999999999,1049.48046,861.7407000000001,1917.39681
4195,3C,SanDiego,0.01,0.8500000000000001,5.573919999999999,1085.0142,877.2273299999999,1967.81545
4196,3C,SanDiego,0.01,0.8,5.85895,1067.34234,869.49985,1942.7011400000001
4197,3C,SanDiego,0.01,0.9500000000000001,5.0672,1120.64295,892.7139599999999,2018.42411
4198,3C,SanDiego,0.01,0.9,5.288889999999999,1102.84441,884.9864799999999,1993.11978
4199,3C,SanDiego,0.05,0.01,15.42329,773.0646999999999,747.3486599999999,1535.8366499999997
4200,3C,SanDiego,0.05,0.15000000000000002,12.858019999999998,826.49199,770.27774,1609.62775
4201,3C,SanDiego,0.05,0.1,13.713109999999999,807.2999699999999,761.85352,1582.8665999999998
4202,3C,SanDiego,0.05,0.25,11.49621,861.17064,784.81427,1657.48112
4203,3C,SanDiego,0.05,0.2,12.16128,843.91049,777.5301699999999,1633.60194
4204,3C,SanDiego,0.05,0.30000000000000004,10.86281,878.3357799999999,792.1933799999999,1681.3919699999997
4205,3C,SanDiego,0.05,0.35000000000000003,10.29275,895.5325899999999,799.5724899999999,1705.3978299999999
4206,3C,SanDiego,0.05,0.45,9.120959999999998,932.7448399999998,814.8691,1756.7349
4207,3C,SanDiego,0.05,0.4,9.69102,913.80618,807.1099499999999,1730.6071499999998
4208,3C,SanDiego,0.05,0.55,8.20253,968.5636099999999,830.2290499999999,1806.9951899999999
4209,3C,SanDiego,0.05,0.5,8.645909999999999,950.79674,822.5332400000001,1781.9758900000002
4210,3C,SanDiego,0.05,0.6000000000000001,7.790819999999999,986.3938199999999,837.9565299999998,1832.1411699999999
4211,3C,SanDiego,0.05,0.65,7.37911,1004.3507099999999,845.6523399999999,1857.3821599999997
4212,3C,SanDiego,0.05,0.7000000000000001,6.99907,1022.1492499999999,853.3798199999999,1882.52814
4213,3C,SanDiego,0.05,0.75,6.6507,1040.2011499999999,861.0756299999999,1907.9274799999998
4214,3C,SanDiego,0.05,0.8500000000000001,6.04897,1075.63988,876.4989199999999,1958.18777
4215,3C,SanDiego,0.05,0.8,6.334,1058.03136,868.77144,1933.1368
4216,3C,SanDiego,0.05,0.9500000000000001,5.47891,1111.17362,891.92221,2008.57474
4217,3C,SanDiego,0.05,0.9,5.73227,1093.34341,884.2263999999999,1983.30208
4218,3C,SanDiego,0.15000000000000002,0.01,18.115239999999996,752.5425399999999,745.8601699999999,1516.51795
4219,3C,SanDiego,0.15000000000000002,0.15000000000000002,15.13826,806.5398899999999,769.2009599999999,1590.8791099999999
4220,3C,SanDiego,0.15000000000000002,0.1,16.12003,787.34787,760.6183899999999,1564.0862899999997
4221,3C,SanDiego,0.15000000000000002,0.25,13.523089999999998,841.1552,783.70582,1638.38411
4222,3C,SanDiego,0.15000000000000002,0.2,14.283169999999998,823.99006,776.4217199999999,1614.69495
4223,3C,SanDiego,0.15000000000000002,0.30000000000000004,12.79468,858.2886699999999,791.0532599999999,1662.1366099999998
4224,3C,SanDiego,0.15000000000000002,0.35000000000000003,12.12961,875.3587999999999,798.36903,1685.8574399999998
4225,3C,SanDiego,0.15000000000000002,0.45,10.7678,912.3493599999999,813.6022999999999,1736.7194599999998
4226,3C,SanDiego,0.15000000000000002,0.4,11.43287,893.47404,805.8431499999999,1710.7500599999998
4227,3C,SanDiego,0.15000000000000002,0.55,9.69102,947.91477,828.86724,1786.47303
4228,3C,SanDiego,0.15000000000000002,0.5,10.22941,930.08456,821.2347699999999,1761.54874
4229,3C,SanDiego,0.15000000000000002,0.6000000000000001,9.21597,965.5866299999999,836.5313799999999,1811.3339799999999
4230,3C,SanDiego,0.15000000000000002,0.65,8.74092,983.32183,844.19552,1836.2582699999998
4231,3C,SanDiego,0.15000000000000002,0.7000000000000001,8.32921,1001.1520399999999,851.82799,1861.30924
4232,3C,SanDiego,0.15000000000000002,0.75,7.949169999999999,1018.8238999999999,859.5237999999998,1886.2968699999997
4233,3C,SanDiego,0.15000000000000002,0.8500000000000001,7.220759999999999,1054.2942999999998,874.82041,1936.3354699999998
4234,3C,SanDiego,0.15000000000000002,0.8,7.56913,1036.59077,867.1879399999999,1911.34784
4235,3C,SanDiego,0.15000000000000002,0.9500000000000001,6.555689999999999,1089.3213199999998,890.1486899999999,1986.0256999999997
4236,3C,SanDiego,0.15000000000000002,0.9,6.872389999999999,1071.77614,882.4845499999999,1961.1330799999998
4237,3C,SanDiego,0.1,0.01,16.7851,762.4869199999999,746.6202499999999,1525.8922699999998
4238,3C,SanDiego,0.1,0.15000000000000002,13.99814,816.2942499999999,769.70768,1600.00007
4239,3C,SanDiego,0.1,0.1,14.916569999999998,797.0388899999999,761.2517899999999,1573.20725
4240,3C,SanDiego,0.1,0.25,12.50965,850.9095599999999,784.24421,1647.6634199999999
4241,3C,SanDiego,0.1,0.2,13.206389999999999,833.5227299999999,776.96011,1623.68923
4242,3C,SanDiego,0.1,0.30000000000000004,11.84458,868.0430299999998,791.59165,1671.4792599999996
4243,3C,SanDiego,0.1,0.35000000000000003,11.211179999999999,885.0498199999998,798.93909,1695.2000899999998
4244,3C,SanDiego,0.1,0.45,9.94438,922.16706,814.2040299999999,1746.31547
4245,3C,SanDiego,0.1,0.4,10.577779999999999,903.29174,806.4448799999999,1720.3143999999998
4246,3C,SanDiego,0.1,0.55,8.93094,957.95416,829.5323099999999,1796.41741
4247,3C,SanDiego,0.1,0.5,9.43766,940.0922799999998,821.86817,1771.3981099999999
4248,3C,SanDiego,0.1,0.6000000000000001,8.48756,975.59435,837.19645,1821.27836
4249,3C,SanDiego,0.1,0.65,8.075849999999999,993.4245599999999,844.8922599999999,1846.3926699999997
4250,3C,SanDiego,0.1,0.7000000000000001,7.66414,1011.2547699999999,852.5880699999999,1871.5069799999997
4251,3C,SanDiego,0.1,0.75,7.284099999999999,1029.2749999999999,860.28388,1896.84298
4252,3C,SanDiego,0.1,0.8500000000000001,6.6190299999999995,1064.6820599999999,875.64383,1946.94492
4253,3C,SanDiego,0.1,0.8,6.9357299999999995,1046.9785299999999,867.9480199999999,1921.8622799999998
4254,3C,SanDiego,0.1,0.9500000000000001,6.0173,1099.83576,891.0037799999999,1996.85684
4255,3C,SanDiego,0.1,0.9,6.3023299999999995,1082.22724,883.3079700000001,1971.83754
4256,3C,SanDiego,0.25,0.01,20.83886,734.2372799999999,744.46669,1499.5428299999999
4257,3C,SanDiego,0.25,0.15000000000000002,17.38683,789.1213899999999,768.18752,1574.69574
4258,3C,SanDiego,0.25,0.1,18.495279999999998,769.5809999999999,759.5099399999999,1547.5862199999997
4259,3C,SanDiego,0.25,0.25,15.54997,823.42,782.6290399999999,1621.59901
4260,3C,SanDiego,0.25,0.2,16.43673,806.28653,775.37661,1598.09987
4261,3C,SanDiego,0.25,0.30000000000000004,14.72655,840.45846,789.9131399999999,1645.0981499999998
4262,3C,SanDiego,0.25,0.35000000000000003,13.96647,857.46525,797.26058,1668.6923
4263,3C,SanDiego,0.25,0.45,12.44631,894.20245,812.46218,1719.11094
4264,3C,SanDiego,0.25,0.4,13.174719999999999,875.5171499999999,804.70303,1693.3948999999998
4265,3C,SanDiego,0.25,0.55,11.211179999999999,929.70452,827.6321099999999,1768.54781
4266,3C,SanDiego,0.25,0.5,11.78124,911.84264,820.03131,1743.65519
4267,3C,SanDiego,0.25,0.6000000000000001,10.641119999999999,947.31304,835.26458,1793.21874
4268,3C,SanDiego,0.25,0.65,10.1344,964.95323,842.86538,1817.95301
4269,3C,SanDiego,0.25,0.7000000000000001,9.659349999999998,982.49841,850.49785,1842.65561
4270,3C,SanDiego,0.25,0.75,9.184299999999999,1000.0752599999998,858.1303199999999,1867.3898799999997
4271,3C,SanDiego,0.25,0.8500000000000001,8.36088,1035.26063,873.4585999999999,1917.0801099999999
4272,3C,SanDiego,0.25,0.8,8.77259,1017.6837799999998,865.73112,1892.1874899999998
4273,3C,SanDiego,0.25,0.9500000000000001,7.66414,1070.09763,888.6285299999998,1966.3903
4274,3C,SanDiego,0.25,0.9,8.012509999999999,1052.80581,881.0593999999999,1941.87772
4275,3C,SanDiego,0.2,0.01,19.47705,743.0415399999999,745.13176,1507.65035
4276,3C,SanDiego,0.2,0.15000000000000002,16.27838,797.54561,768.6308999999999,1582.45489
4277,3C,SanDiego,0.2,0.1,17.32349,778.1635699999999,760.0166599999999,1555.5037199999997
4278,3C,SanDiego,0.2,0.25,14.536529999999999,831.90756,783.1991,1629.64319
4279,3C,SanDiego,0.2,0.2,15.359949999999998,814.8057599999999,775.88333,1606.0490399999999
4280,3C,SanDiego,0.2,0.30000000000000004,13.744779999999999,849.1677099999999,790.4831999999999,1653.3956899999998
4281,3C,SanDiego,0.2,0.35000000000000003,13.04804,866.14283,797.7989699999999,1676.98984
4282,3C,SanDiego,0.2,0.45,11.62289,903.0383799999998,813.0005699999999,1727.6618399999998
4283,3C,SanDiego,0.2,0.4,12.31963,884.16306,805.27309,1701.75578
4284,3C,SanDiego,0.2,0.55,10.451099999999999,938.5087799999999,828.2655099999998,1777.2253899999996
4285,3C,SanDiego,0.2,0.5,11.02116,920.74191,820.6330399999999,1752.39611
4286,3C,SanDiego,0.2,0.6000000000000001,9.94438,956.3073199999999,835.9929900000001,1802.24469
4287,3C,SanDiego,0.2,0.65,9.43766,973.8525,843.6571299999999,1826.94729
4288,3C,SanDiego,0.2,0.7000000000000001,8.99428,991.5877,851.2896,1851.87158
4289,3C,SanDiego,0.2,0.75,8.5509,1009.25956,858.9220699999998,1876.7325299999998
4290,3C,SanDiego,0.2,0.8500000000000001,7.790819999999999,1044.4766,874.06033,1926.32775
4291,3C,SanDiego,0.2,0.8,8.17086,1026.86808,866.4595299999999,1901.4984699999998
4292,3C,SanDiego,0.2,0.9500000000000001,7.12575,1079.3136,889.2936,1975.7329499999998
4293,3C,SanDiego,0.2,0.9,7.44245,1061.99011,881.6927999999999,1951.12536
4294,3C,SanDiego,0.30000000000000004,0.01,22.20067,725.62304,743.76995,1491.59366
4295,3C,SanDiego,0.30000000000000004,0.15000000000000002,18.495279999999998,781.52059,768.09251,1568.10838
4296,3C,SanDiego,0.30000000000000004,0.1,19.66707,761.53682,759.19324,1540.3971299999998
4297,3C,SanDiego,0.30000000000000004,0.25,16.4684,817.0859999999999,783.16743,1616.72183
4298,3C,SanDiego,0.30000000000000004,0.2,17.418499999999998,799.22412,775.5983,1592.24092
4299,3C,SanDiego,0.30000000000000004,0.30000000000000004,15.581639999999998,834.53617,790.7365599999999,1640.85437
4300,3C,SanDiego,0.30000000000000004,0.35000000000000003,14.75822,852.08135,798.3056899999999,1665.14526
4301,3C,SanDiego,0.30000000000000004,0.45,13.269730000000001,887.0450299999999,813.5706299999999,1713.88539
4302,3C,SanDiego,0.30000000000000004,0.4,13.99814,869.6265299999999,805.90649,1689.53116
4303,3C,SanDiego,0.30000000000000004,0.55,11.939589999999999,921.18529,827.0620499999999,1760.1869299999998
4304,3C,SanDiego,0.30000000000000004,0.5,12.604659999999999,904.33685,821.2664399999999,1738.20795
4305,3C,SanDiego,0.30000000000000004,0.6000000000000001,11.36953,938.95216,834.6628499999999,1784.98454
4306,3C,SanDiego,0.30000000000000004,0.65,10.83114,956.40233,842.2319799999999,1809.46545
4307,3C,SanDiego,0.30000000000000004,0.7000000000000001,10.29275,974.01085,849.8327799999998,1834.13638
4308,3C,SanDiego,0.30000000000000004,0.75,9.8177,991.5560299999999,857.43358,1858.8073099999997
4309,3C,SanDiego,0.30000000000000004,0.8500000000000001,8.96261,1026.51971,872.6035099999999,1908.08583
4310,3C,SanDiego,0.30000000000000004,0.8,9.374319999999999,1008.9745299999998,865.00271,1883.3515599999998
4311,3C,SanDiego,0.30000000000000004,0.9500000000000001,8.20253,1061.13502,887.67843,1957.0159800000001
4312,3C,SanDiego,0.30000000000000004,0.9,8.5509,1043.8748699999999,880.17264,1932.5984099999998
4313,3C,SanDiego,0.35000000000000003,0.01,23.56248,717.7372099999999,743.1365499999999,1484.43624
4314,3C,SanDiego,0.35000000000000003,0.15000000000000002,19.60373,773.9197899999999,767.7124699999999,1561.23599
4315,3C,SanDiego,0.35000000000000003,0.1,20.87053,753.87268,758.7181899999999,1533.4614
4316,3C,SanDiego,0.35000000000000003,0.25,17.48184,809.54854,782.78739,1609.81777
4317,3C,SanDiego,0.35000000000000003,0.2,18.495279999999998,791.68666,775.24993,1585.43187
4318,3C,SanDiego,0.35000000000000003,0.30000000000000004,16.53174,826.8403599999999,790.32485,1633.69695
4319,3C,SanDiego,0.35000000000000003,0.35000000000000003,15.67665,844.38554,797.8939799999999,1657.95617
4320,3C,SanDiego,0.35000000000000003,0.45,14.09315,879.1592,813.06391,1706.31626
4321,3C,SanDiego,0.35000000000000003,0.4,14.85323,861.83571,805.49478,1682.18372
4322,3C,SanDiego,0.35000000000000003,0.55,12.69967,913.2044500000001,826.4603199999999,1752.3644399999998
4323,3C,SanDiego,0.35000000000000003,0.5,13.396410000000001,896.4826899999999,820.6647099999999,1730.5438099999997
4324,3C,SanDiego,0.35000000000000003,0.6000000000000001,12.06627,930.9396499999999,834.02945,1777.03537
4325,3C,SanDiego,0.35000000000000003,0.65,11.49621,948.4214900000001,841.6302499999999,1801.5479500000001
4326,3C,SanDiego,0.35000000000000003,0.7000000000000001,10.95782,965.9666699999999,849.1993799999999,1826.12387
4327,3C,SanDiego,0.35000000000000003,0.75,10.451099999999999,983.32183,856.8001800000001,1850.57311
4328,3C,SanDiego,0.35000000000000003,0.8500000000000001,9.53267,1018.2221699999999,871.9067699999999,1899.6616099999997
4329,3C,SanDiego,0.35000000000000003,0.8,9.976049999999999,1000.8036699999999,864.33764,1875.1173599999997
4330,3C,SanDiego,0.35000000000000003,0.9500000000000001,8.74092,1052.58412,886.8233399999999,1948.1483799999999
4331,3C,SanDiego,0.35000000000000003,0.9,9.120959999999998,1035.6723399999998,879.41256,1924.2058599999998
4332,3C,SanDiego,0.45,0.01,26.254429999999996,703.074,741.93309,1471.26152
4333,3C,SanDiego,0.45,0.15000000000000002,21.820629999999998,759.95332,767.07907,1548.85302
4334,3C,SanDiego,0.45,0.1,23.24578,739.65285,757.89477,1520.7934
4335,3C,SanDiego,0.45,0.25,19.47705,795.2336999999999,781.8689599999999,1596.5797099999997
4336,3C,SanDiego,0.45,0.2,20.617169999999998,777.75186,774.3315,1572.70053
4337,3C,SanDiego,0.45,0.30000000000000004,18.46361,812.58886,789.37475,1620.42722
4338,3C,SanDiego,0.45,0.35000000000000003,17.48184,830.1340399999999,796.88054,1644.49642
4339,3C,SanDiego,0.45,0.45,15.77166,864.6860099999999,811.9871299999999,1692.4447999999998
4340,3C,SanDiego,0.45,0.4,16.59508,847.39419,804.418,1668.4072700000002
4341,3C,SanDiego,0.45,0.55,14.18816,898.6045799999999,825.2568599999998,1738.0495999999998
4342,3C,SanDiego,0.45,0.5,14.97991,882.04117,819.4929199999999,1716.514
4343,3C,SanDiego,0.45,0.6000000000000001,13.523089999999998,916.0864199999999,832.7626499999999,1762.37216
4344,3C,SanDiego,0.45,0.65,12.858019999999998,933.4732499999999,840.2684399999999,1786.59971
4345,3C,SanDiego,0.45,0.7000000000000001,12.287959999999998,950.8917499999999,847.74256,1810.92227
4346,3C,SanDiego,0.45,0.75,11.7179,968.31025,855.21668,1835.24483
4347,3C,SanDiego,0.45,0.8500000000000001,10.70446,1002.76721,870.1649199999999,1883.63659
4348,3C,SanDiego,0.45,0.8,11.179509999999999,985.5070599999999,862.6907999999999,1859.3773699999997
4349,3C,SanDiego,0.45,0.9500000000000001,9.8177,1036.52743,884.76479,1931.10992
4350,3C,SanDiego,0.45,0.9,10.22941,1019.90068,877.6390399999999,1907.7691299999997
4351,3C,SanDiego,0.4,0.01,24.89262,710.16808,742.53482,1477.5955199999999
4352,3C,SanDiego,0.4,0.15000000000000002,20.71218,766.76237,767.39577,1554.87032
4353,3C,SanDiego,0.4,0.1,22.04232,746.6202499999999,758.30648,1526.96905
4354,3C,SanDiego,0.4,0.25,18.46361,802.1694299999999,782.4390199999999,1603.07206
4355,3C,SanDiego,0.4,0.2,19.54039,784.49757,774.90156,1578.93952
4356,3C,SanDiego,0.4,0.30000000000000004,17.51351,819.65127,789.94481,1627.10959
4357,3C,SanDiego,0.4,0.35000000000000003,16.56341,837.0381,797.48227,1651.08378
4358,3C,SanDiego,0.4,0.45,14.916569999999998,871.8117599999998,812.6205299999999,1699.3488599999996
4359,3C,SanDiego,0.4,0.4,15.739989999999999,854.5516099999999,805.0514,1675.3429999999998
4360,3C,SanDiego,0.4,0.55,13.45975,905.7936699999999,825.9535999999999,1745.2070199999998
4361,3C,SanDiego,0.4,0.5,14.18816,889.1669199999999,820.18966,1723.5447399999998
4362,3C,SanDiego,0.4,0.6000000000000001,12.79468,923.33885,833.49106,1769.62459
4363,3C,SanDiego,0.4,0.65,12.19295,940.75735,840.99685,1793.94715
4364,3C,SanDiego,0.4,0.7000000000000001,11.62289,958.36587,848.50264,1818.4913999999999
4365,3C,SanDiego,0.4,0.75,11.084499999999998,975.7210299999998,856.0717699999999,1842.8772999999997
4366,3C,SanDiego,0.4,0.8500000000000001,10.1344,1010.3046699999999,871.3367099999999,1891.77578
4367,3C,SanDiego,0.4,0.8,10.577779999999999,993.0445199999999,863.6408999999999,1867.2631999999999
4368,3C,SanDiego,0.4,0.9500000000000001,9.27931,1044.4132599999998,885.9682499999999,1939.6608199999996
4369,3C,SanDiego,0.4,0.9,9.69102,1027.65983,878.7158199999999,1916.06667
4370,3C,SanDiego,0.55,0.01,28.94638,689.67759,740.50794,1459.13191
4371,3C,SanDiego,0.55,0.15000000000000002,24.037529999999997,747.38033,766.38233,1537.80019
4372,3C,SanDiego,0.55,0.1,25.58936,726.92151,756.913,1509.42387
4373,3C,SanDiego,0.55,0.25,21.47226,782.8190599999999,781.33057,1585.62189
4374,3C,SanDiego,0.55,0.2,22.70739,765.17887,773.8247799999999,1561.71104
4375,3C,SanDiego,0.55,0.30000000000000004,20.363809999999997,799.88919,788.8046899999999,1609.0576899999999
4376,3C,SanDiego,0.55,0.35000000000000003,19.318699999999996,817.3393599999999,796.31048,1632.9685399999998
4377,3C,SanDiego,0.55,0.45,17.418499999999998,851.7013099999999,811.29039,1680.4101999999998
4378,3C,SanDiego,0.55,0.4,18.33693,834.5045,803.7846,1656.62603
4379,3C,SanDiego,0.55,0.55,15.708319999999999,885.5565399999999,824.4651099999999,1725.7299699999999
4380,3C,SanDiego,0.55,0.5,16.56341,868.8347799999999,818.79618,1704.19437
4381,3C,SanDiego,0.55,0.6000000000000001,14.948239999999998,902.6900099999999,831.93923,1749.57748
4382,3C,SanDiego,0.55,0.65,14.2515,920.0451699999999,839.38168,1773.6783499999997
4383,3C,SanDiego,0.55,0.7000000000000001,13.58643,937.17864,846.8241299999999,1797.5892
4384,3C,SanDiego,0.55,0.75,12.984699999999998,954.6288099999999,854.23491,1821.8484199999998
4385,3C,SanDiego,0.55,0.8500000000000001,11.876249999999999,988.6740599999999,869.05647,1869.60678
4386,3C,SanDiego,0.55,0.8,12.414639999999999,971.7622799999999,861.64569,1845.8226099999997
4387,3C,SanDiego,0.55,0.9500000000000001,10.92615,1021.73754,883.18129,1915.8449799999999
4388,3C,SanDiego,0.55,0.9,11.36953,1005.87087,876.40391,1893.6443100000001
4389,3C,SanDiego,0.5,0.01,27.58457,696.20161,741.33136,1465.11754
4390,3C,SanDiego,0.5,0.15000000000000002,22.92908,753.4293,766.60402,1542.9624
4391,3C,SanDiego,0.5,0.1,24.417569999999998,733.06549,757.29304,1514.7761
4392,3C,SanDiego,0.5,0.25,20.490489999999998,788.86803,781.5839299999999,1590.94245
4393,3C,SanDiego,0.5,0.2,21.66228,771.2911799999999,774.07814,1567.0315999999998
4394,3C,SanDiego,0.5,0.30000000000000004,19.41371,806.09651,789.05805,1614.56827
4395,3C,SanDiego,0.5,0.35000000000000003,18.40027,823.57835,796.59551,1638.57413
4396,3C,SanDiego,0.5,0.45,16.59508,858.0986499999999,811.6070899999999,1686.30082
4397,3C,SanDiego,0.5,0.4,17.45017,840.80683,804.1012999999999,1662.3582999999999
4398,3C,SanDiego,0.5,0.55,14.948239999999998,891.9538799999999,824.8451499999999,1731.7472699999998
4399,3C,SanDiego,0.5,0.5,15.77166,875.3271299999999,819.1445499999999,1710.2433399999998
4400,3C,SanDiego,0.5,0.6000000000000001,14.21983,909.11902,832.3509399999999,1755.68979
4401,3C,SanDiego,0.5,0.65,13.55476,926.6008599999999,839.79339,1779.9490099999998
4402,3C,SanDiego,0.5,0.7000000000000001,12.92136,943.89268,847.2675099999999,1804.0815499999999
4403,3C,SanDiego,0.5,0.75,12.351299999999998,961.31118,854.7099599999999,1828.37244
4404,3C,SanDiego,0.5,0.8500000000000001,11.306189999999999,995.57812,869.5948599999999,1876.47917
4405,3C,SanDiego,0.5,0.8,11.812909999999999,978.4763199999999,862.15241,1852.44164
4406,3C,SanDiego,0.5,0.9500000000000001,10.387759999999998,1028.92663,883.94137,1923.25576
4407,3C,SanDiego,0.5,0.9,10.79947,1012.7115899999999,877.00564,1900.5167
4408,3C,SanDiego,0.6000000000000001,0.01,30.27652,683.4702699999999,739.93788,1453.6846699999999
4409,3C,SanDiego,0.6000000000000001,0.15000000000000002,25.114309999999996,741.67973,766.19231,1532.9863500000001
4410,3C,SanDiego,0.6000000000000001,0.1,26.761149999999997,721.1892399999999,756.6279699999999,1504.57836
4411,3C,SanDiego,0.6000000000000001,0.25,22.45403,777.0234499999999,781.1722199999999,1580.6497
4412,3C,SanDiego,0.6000000000000001,0.2,23.752499999999998,759.35159,773.6664299999999,1556.77052
4413,3C,SanDiego,0.6000000000000001,0.30000000000000004,21.282239999999998,794.09358,788.64634,1604.02216
4414,3C,SanDiego,0.6000000000000001,0.35000000000000003,20.20546,811.3853999999999,796.08879,1627.67965
4415,3C,SanDiego,0.6000000000000001,0.45,18.241919999999997,845.6840099999998,811.0687,1674.99463
4416,3C,SanDiego,0.6000000000000001,0.4,19.19202,828.67722,803.59458,1651.46382
4417,3C,SanDiego,0.6000000000000001,0.55,16.4684,879.63425,824.14841,1720.25106
4418,3C,SanDiego,0.6000000000000001,0.5,17.35516,862.78581,818.5111499999999,1698.6521199999997
4419,3C,SanDiego,0.6000000000000001,0.6000000000000001,15.67665,896.5460299999999,831.5908599999999,1743.8135399999996
4420,3C,SanDiego,0.6000000000000001,0.65,14.948239999999998,913.6795,839.03331,1767.66105
4421,3C,SanDiego,0.6000000000000001,0.7000000000000001,14.2515,930.9396499999999,846.4124199999999,1791.6035699999998
4422,3C,SanDiego,0.6000000000000001,0.75,13.618099999999998,948.07312,853.7915299999999,1815.48275
4423,3C,SanDiego,0.6000000000000001,0.8500000000000001,12.44631,982.18171,868.5180799999999,1863.1461
4424,3C,SanDiego,0.6000000000000001,0.8,13.01637,965.26993,861.17064,1839.45694
4425,3C,SanDiego,0.6000000000000001,0.9500000000000001,11.49621,1014.77014,882.4528799999999,1908.7192299999997
4426,3C,SanDiego,0.6000000000000001,0.9,11.939589999999999,999.2518399999999,875.83385,1887.0252799999998
4427,3C,SanDiego,0.65,0.01,31.606659999999998,677.5796499999999,739.4628299999999,1448.64914
4428,3C,SanDiego,0.65,0.15000000000000002,26.12775,737.0559099999999,766.54068,1529.7243399999998
4429,3C,SanDiego,0.65,0.1,27.869600000000002,716.3437299999999,756.75465,1500.96798
4430,3C,SanDiego,0.65,0.25,23.34079,773.9514599999999,782.6290399999999,1579.9212899999998
4431,3C,SanDiego,0.65,0.2,24.67093,755.48785,774.61653,1554.77531
4432,3C,SanDiego,0.65,0.30000000000000004,22.07399,791.71833,790.5465399999999,1604.3388599999998
4433,3C,SanDiego,0.65,0.35000000000000003,20.96554,809.35852,798.33736,1628.66142
4434,3C,SanDiego,0.65,0.45,18.906989999999997,844.0055,813.63397,1676.54646
4435,3C,SanDiego,0.65,0.4,19.88876,826.96704,806.0331699999999,1652.88897
4436,3C,SanDiego,0.65,0.55,17.1018,877.67071,826.96704,1721.73955
4437,3C,SanDiego,0.65,0.5,17.98856,861.2656499999999,821.1397599999999,1700.3939699999999
4438,3C,SanDiego,0.65,0.6000000000000001,16.31005,894.5508199999999,834.3144799999999,1745.17535
4439,3C,SanDiego,0.65,0.65,15.486629999999998,912.3493599999999,841.7886,1769.62459
4440,3C,SanDiego,0.65,0.7000000000000001,14.78989,929.2928099999999,848.91435,1792.99705
4441,3C,SanDiego,0.65,0.75,14.12482,946.2995999999999,856.1351099999999,1816.55953
4442,3C,SanDiego,0.65,0.8500000000000001,12.92136,980.0598199999998,870.70331,1863.6844899999999
4443,3C,SanDiego,0.65,0.8,13.491419999999998,963.27472,863.4192099999999,1840.1853499999997
4444,3C,SanDiego,0.65,0.9500000000000001,11.907919999999999,1012.96495,884.6381099999999,1909.51098
4445,3C,SanDiego,0.65,0.9,12.38297,997.0349399999999,877.9240699999999,1887.3419799999997
4446,3C,SanDiego,0.7000000000000001,0.01,32.9368,671.87905,738.9877799999999,1443.8036299999999
4447,3C,SanDiego,0.7000000000000001,0.15000000000000002,27.141189999999998,732.9071399999999,767.01573,1527.06406
4448,3C,SanDiego,0.7000000000000001,0.1,28.97805,711.75158,757.00801,1497.73764
4449,3C,SanDiego,0.7000000000000001,0.25,24.164209999999997,771.32285,784.30755,1579.79461
4450,3C,SanDiego,0.7000000000000001,0.2,25.58936,752.1624999999999,775.72498,1553.4768399999998
4451,3C,SanDiego,0.7000000000000001,0.30000000000000004,22.86574,789.8814699999999,792.7001,1605.44731
4452,3C,SanDiego,0.7000000000000001,0.35000000000000003,21.66228,807.9650399999999,800.83929,1630.46661
4453,3C,SanDiego,0.7000000000000001,0.45,19.54039,843.0554,816.5159399999999,1679.1117299999999
4454,3C,SanDiego,0.7000000000000001,0.4,20.553829999999998,825.7952499999999,808.78846,1655.1375399999997
4455,3C,SanDiego,0.7000000000000001,0.55,17.703529999999997,876.6256,830.16571,1724.4948399999998
4456,3C,SanDiego,0.7000000000000001,0.5,18.621959999999998,860.34722,824.0533999999999,1703.0225799999998
4457,3C,SanDiego,0.7000000000000001,0.6000000000000001,16.88011,893.3156899999999,837.3231299999999,1747.5189299999997
4458,3C,SanDiego,0.7000000000000001,0.65,15.993349999999998,911.5892799999999,844.73391,1772.3165399999998
4459,3C,SanDiego,0.7000000000000001,0.7000000000000001,15.29661,928.1843599999999,851.57463,1795.0555999999997
4460,3C,SanDiego,0.7000000000000001,0.75,14.63154,944.90612,858.5420299999998,1818.0796899999998
4461,3C,SanDiego,0.7000000000000001,0.8500000000000001,13.396410000000001,978.38131,872.8885399999999,1864.66626
4462,3C,SanDiego,0.7000000000000001,0.8,13.99814,961.69122,865.73112,1841.4204800000002
4463,3C,SanDiego,0.7000000000000001,0.9500000000000001,12.351299999999998,1011.38145,886.8233399999999,1910.55609
4464,3C,SanDiego,0.7000000000000001,0.9,12.826349999999998,995.1347400000001,879.98262,1887.94371
4465,3C,SanDiego,0.75,0.01,34.23527,666.3367999999999,738.57607,1439.1481399999998
4466,3C,SanDiego,0.75,0.15000000000000002,28.15463,729.01173,767.58579,1524.7521499999998
4467,3C,SanDiego,0.75,0.1,30.02316,707.5394699999999,757.29304,1494.85567
4468,3C,SanDiego,0.75,0.25,24.987629999999996,769.2326299999999,786.17608,1580.3963399999998
4469,3C,SanDiego,0.75,0.2,26.476119999999998,749.24886,777.0234499999999,1552.74843
4470,3C,SanDiego,0.75,0.30000000000000004,23.59415,788.55133,795.07535,1607.22083
4471,3C,SanDiego,0.75,0.35000000000000003,22.359019999999997,807.2683,803.6262499999999,1633.2535699999999
4472,3C,SanDiego,0.75,0.45,20.17379,842.8020399999999,819.7146099999999,1682.6904399999999
4473,3C,SanDiego,0.75,0.4,21.18723,825.35187,811.8287799999998,1658.3678799999998
4474,3C,SanDiego,0.75,0.55,18.30526,876.4989199999999,833.8077599999999,1728.6119399999998
4475,3C,SanDiego,0.75,0.5,19.19202,860.09386,827.2837400000001,1706.56962
4476,3C,SanDiego,0.75,0.6000000000000001,17.45017,892.7772999999999,840.77516,1751.00263
4477,3C,SanDiego,0.75,0.65,16.53174,911.3359199999999,847.96425,1775.8319099999999
4478,3C,SanDiego,0.75,0.7000000000000001,15.803329999999999,927.4242799999998,854.42493,1797.6525399999998
4479,3C,SanDiego,0.75,0.75,15.106589999999997,943.766,861.1072999999999,1819.9798899999998
4480,3C,SanDiego,0.75,0.8500000000000001,13.839789999999999,976.95616,875.1054399999999,1865.90139
4481,3C,SanDiego,0.75,0.8,14.47319,960.36108,868.1380399999999,1842.97231
4482,3C,SanDiego,0.75,0.9500000000000001,12.76301,1009.7662799999998,888.85022,1911.3795099999998
4483,3C,SanDiego,0.75,0.9,13.3014,993.39289,882.04117,1888.7354599999999
4484,3C,SanDiego,0.8500000000000001,0.01,36.89555,655.72735,737.46762,1430.09052
4485,3C,SanDiego,0.8500000000000001,0.15000000000000002,30.30819,719.09902,767.17408,1516.58129
4486,3C,SanDiego,0.8500000000000001,0.1,32.33507,697.43674,756.7229799999999,1486.4947899999997
4487,3C,SanDiego,0.8500000000000001,0.25,26.85616,760.5867199999999,786.8728199999999,1574.3156999999999
4488,3C,SanDiego,0.8500000000000001,0.2,28.503,739.96955,777.2451399999999,1545.71769
4489,3C,SanDiego,0.8500000000000001,0.30000000000000004,25.367669999999997,780.3171299999999,796.1521299999999,1601.83693
4490,3C,SanDiego,0.8500000000000001,0.35000000000000003,24.037529999999997,799.2874599999999,804.9563899999999,1628.28138
4491,3C,SanDiego,0.8500000000000001,0.45,21.66228,835.1695699999999,821.39312,1678.2249699999998
4492,3C,SanDiego,0.8500000000000001,0.4,22.8024,817.62439,813.3806099999999,1653.8074
4493,3C,SanDiego,0.8500000000000001,0.55,19.66707,869.3415,836.21468,1725.22325
4494,3C,SanDiego,0.8500000000000001,0.5,20.648839999999996,852.5563999999999,829.0255899999999,1702.2308299999997
4495,3C,SanDiego,0.8500000000000001,0.6000000000000001,18.780309999999997,885.4298599999998,842.9920599999999,1747.2022299999999
4496,3C,SanDiego,0.8500000000000001,0.65,17.7352,904.59021,850.0227999999998,1772.3482099999997
4497,3C,SanDiego,0.8500000000000001,0.7000000000000001,16.97512,920.2985299999999,856.19845,1793.4721
4498,3C,SanDiego,0.8500000000000001,0.75,16.24671,936.35522,862.6591299999999,1815.2610599999998
4499,3C,SanDiego,0.8500000000000001,0.8500000000000001,14.916569999999998,969.1336699999999,876.2772299999999,1860.3274699999997
4500,3C,SanDiego,0.8500000000000001,0.8,15.54997,952.7602799999999,869.49985,1837.8101
4501,3C,SanDiego,0.8500000000000001,0.9500000000000001,13.744779999999999,1001.5954199999999,889.7686499999999,1905.1088499999996
4502,3C,SanDiego,0.8500000000000001,0.9,14.283169999999998,985.47539,883.02294,1882.7815
4503,3C,SanDiego,0.8,0.01,35.59708,660.8262199999999,737.97434,1434.39764
4504,3C,SanDiego,0.8,0.15000000000000002,29.26308,723.43781,767.1424099999999,1519.8433
4505,3C,SanDiego,0.8,0.1,31.226619999999997,701.99722,756.84966,1490.0735
4506,3C,SanDiego,0.8,0.25,25.969399999999997,764.6404799999999,786.6194599999999,1577.2293399999999
4507,3C,SanDiego,0.8,0.2,27.521229999999996,744.245,777.08679,1548.85302
4508,3C,SanDiego,0.8,0.30000000000000004,24.51258,784.33922,795.83543,1604.68723
4509,3C,SanDiego,0.8,0.35000000000000003,23.214109999999998,803.18287,804.63969,1631.03667
4510,3C,SanDiego,0.8,0.45,20.93387,839.255,821.0447499999999,1681.23362
4511,3C,SanDiego,0.8,0.4,22.01065,821.64648,813.0005699999999,1656.6577
4512,3C,SanDiego,0.8,0.55,18.97033,873.52194,835.9613199999999,1728.4535899999998
4513,3C,SanDiego,0.8,0.5,19.92043,856.64183,828.67722,1705.2394800000002
4514,3C,SanDiego,0.8,0.6000000000000001,18.115239999999996,889.8003199999998,842.8020399999999,1750.7175999999997
4515,3C,SanDiego,0.8,0.65,17.1018,909.0240099999999,849.9911299999999,1776.1169399999999
4516,3C,SanDiego,0.8,0.7000000000000001,16.34172,925.1123699999999,856.29346,1797.74755
4517,3C,SanDiego,0.8,0.75,15.64498,941.29574,862.8491499999999,1819.78987
4518,3C,SanDiego,0.8,0.8500000000000001,14.34651,974.4542299999999,876.6889399999999,1865.4896799999997
4519,3C,SanDiego,0.8,0.8,14.948239999999998,957.8908199999998,869.7848799999999,1842.6239399999997
4520,3C,SanDiego,0.8,0.9500000000000001,13.206389999999999,1007.32769,890.43372,1910.9678
4521,3C,SanDiego,0.8,0.9,13.744779999999999,990.89096,883.56133,1888.19707
4522,3C,SanDiego,0.9500000000000001,0.01,39.52416,646.03633,736.48585,1422.04634
4523,3C,SanDiego,0.9500000000000001,0.15000000000000002,32.33507,711.1181799999999,767.39577,1510.8490199999999
4524,3C,SanDiego,0.9500000000000001,0.1,34.55197,688.91751,756.56463,1480.03411
4525,3C,SanDiego,0.9500000000000001,0.25,28.629679999999997,753.17594,787.53789,1569.34351
4526,3C,SanDiego,0.9500000000000001,0.2,30.371529999999996,732.46376,777.6885199999999,1540.52381
4527,3C,SanDiego,0.9500000000000001,0.30000000000000004,27.046179999999996,773.0330299999999,796.9438799999999,1597.02309
4528,3C,SanDiego,0.9500000000000001,0.35000000000000003,25.621029999999998,792.1933799999999,805.87482,1623.68923
4529,3C,SanDiego,0.9500000000000001,0.45,23.150769999999998,827.91714,822.2798799999999,1673.3477899999998
4530,3C,SanDiego,0.9500000000000001,0.4,24.32256,810.46697,814.33071,1649.1202399999997
4531,3C,SanDiego,0.9500000000000001,0.55,21.028879999999997,861.7090299999999,836.9114199999999,1719.6493299999997
4532,3C,SanDiego,0.9500000000000001,0.5,22.04232,845.0822799999999,829.8490099999999,1696.9736099999998
4533,3C,SanDiego,0.9500000000000001,0.6000000000000001,20.07878,877.51236,843.4987799999999,1741.08992
4534,3C,SanDiego,0.9500000000000001,0.65,19.002,896.38768,850.3394999999999,1765.7291799999998
4535,3C,SanDiego,0.9500000000000001,0.7000000000000001,18.17858,911.4942699999999,856.19845,1785.8712999999998
4536,3C,SanDiego,0.9500000000000001,0.75,17.418499999999998,927.10758,862.3741,1806.90018
4537,3C,SanDiego,0.9500000000000001,0.8500000000000001,16.025019999999998,959.25263,875.5488199999999,1850.82647
4538,3C,SanDiego,0.9500000000000001,0.8,16.690089999999998,943.35429,868.99313,1829.03751
4539,3C,SanDiego,0.9500000000000001,0.9500000000000001,14.78989,990.7642799999999,888.5651899999999,1894.1193599999997
4540,3C,SanDiego,0.9500000000000001,0.9,15.39162,974.99262,882.0728399999999,1872.45708
4541,3C,SanDiego,0.9,0.01,38.22569,650.78683,736.99257,1426.00509
4542,3C,SanDiego,0.9,0.15000000000000002,31.32163,714.98192,767.26909,1513.5726399999999
4543,3C,SanDiego,0.9,0.1,33.44352,693.03461,756.6279699999999,1483.1061
4544,3C,SanDiego,0.9,0.25,27.774589999999996,756.75465,787.18952,1571.71876
4545,3C,SanDiego,0.9,0.2,29.4531,736.20082,777.4351599999999,1543.0890799999997
4546,3C,SanDiego,0.9,0.30000000000000004,26.222759999999997,776.5483999999999,796.5005,1599.2716599999999
4547,3C,SanDiego,0.9,0.35000000000000003,24.829279999999997,795.6137399999999,805.39977,1625.84279
4548,3C,SanDiego,0.9,0.45,22.422359999999998,831.4008399999999,821.8048299999999,1675.6280299999999
4549,3C,SanDiego,0.9,0.4,23.56248,813.8556600000001,813.8239900000001,1651.24213
4550,3C,SanDiego,0.9,0.55,20.363809999999997,865.38275,836.5313799999999,1722.27794
4551,3C,SanDiego,0.9,0.5,21.345579999999998,848.69266,829.4056299999999,1699.44387
4552,3C,SanDiego,0.9,0.6000000000000001,19.445379999999997,881.34443,843.21375,1744.00356
4553,3C,SanDiego,0.9,0.65,18.368599999999997,900.3781,850.1494799999999,1768.89618
4554,3C,SanDiego,0.9,0.7000000000000001,17.576849999999997,915.7063799999999,856.19845,1789.4816799999999
4555,3C,SanDiego,0.9,0.75,16.84844,931.60472,862.5007799999998,1810.9539399999999
4556,3C,SanDiego,0.9,0.8500000000000001,15.454959999999998,964.06647,875.8971899999999,1855.41862
4557,3C,SanDiego,0.9,0.8,16.12003,948.0097799999999,869.2148199999999,1833.3446299999998
4558,3C,SanDiego,0.9,0.9500000000000001,14.283169999999998,996.0848399999999,889.1669199999999,1899.5349299999998
4559,3C,SanDiego,0.9,0.9,14.85323,980.0598199999998,882.54789,1877.46094
4560,4C,Seattle,0.01,0.01,156.47486999999998,524.70856,719.2257,1400.40913
4561,4C,Seattle,0.01,0.15000000000000002,141.34894,564.42274,749.3122,1455.08388
4562,4C,Seattle,0.01,0.1,146.49286999999998,550.07623,738.2276999999999,1434.7967999999998
4563,4C,Seattle,0.01,0.25,132.39207,590.74051,768.7892499999999,1491.9218299999998
4564,4C,Seattle,0.01,0.2,136.78591,577.56579,759.0348899999999,1473.3865899999998
4565,4C,Seattle,0.01,0.30000000000000004,128.23075999999998,603.9468999999999,778.57528,1510.7529399999999
4566,4C,Seattle,0.01,0.35000000000000003,124.25947,617.2166299999999,788.39298,1529.86908
4567,4C,Seattle,0.01,0.45,116.18022,645.97299,809.86524,1572.01845
4568,4C,Seattle,0.01,0.4,120.20401,631.2464399999999,798.9074199999999,1550.3578699999998
4569,4C,Seattle,0.01,0.55,109.06191,673.7792499999999,830.4190699999999,1613.2602299999999
4570,4C,Seattle,0.01,0.5,112.53647,659.9394599999999,820.1263199999999,1592.60225
4571,4C,Seattle,0.01,0.6000000000000001,105.75654,687.68238,840.7434900000001,1634.18241
4572,4C,Seattle,0.01,0.65,102.59867999999999,701.64885,851.06791,1655.3154399999999
4573,4C,Seattle,0.01,0.7000000000000001,99.54666999999999,715.64699,861.39233,1676.58599
4574,4C,Seattle,0.01,0.75,96.69551999999999,729.77181,871.7167499999999,1698.18408
4575,4C,Seattle,0.01,0.8500000000000001,91.29907999999999,757.92644,892.3972599999998,1741.6227799999997
4576,4C,Seattle,0.01,0.8,93.92854,743.76995,882.0728399999999,1719.77133
4577,4C,Seattle,0.01,0.9500000000000001,86.35686,786.1444099999999,913.10944,1785.61071
4578,4C,Seattle,0.01,0.9,88.76463000000001,771.9879199999999,902.7850199999999,1763.53757
4579,4C,Seattle,0.05,0.01,166.36015999999998,514.79585,718.1805899999999,1399.3365999999999
4580,4C,Seattle,0.05,0.15000000000000002,150.34661999999997,554.38335,748.42544,1453.1554099999998
4581,4C,Seattle,0.05,0.1,155.78642,540.13185,737.30927,1433.2275399999999
4582,4C,Seattle,0.05,0.25,140.89301999999998,580.54277,767.87082,1489.30661
4583,4C,Seattle,0.05,0.2,145.48772,567.5264,758.11646,1471.13058
4584,4C,Seattle,0.05,0.30000000000000004,136.46750999999998,593.65415,777.6251799999999,1507.7468399999998
4585,4C,Seattle,0.05,0.35000000000000003,132.3062,606.82887,787.41121,1526.54628
4586,4C,Seattle,0.05,0.45,123.73021999999999,635.3952099999999,808.8518,1567.97723
4587,4C,Seattle,0.05,0.4,127.9757,620.82701,797.9256499999999,1546.7283599999998
4588,4C,Seattle,0.05,0.55,116.29521,663.04312,829.3739599999999,1608.71229
4589,4C,Seattle,0.05,0.5,119.92812,649.17166,819.0812099999999,1588.1809899999998
4590,4C,Seattle,0.05,0.6000000000000001,112.78898,676.81957,839.66671,1629.27526
4591,4C,Seattle,0.05,0.65,109.44109999999999,690.7226999999999,849.9594599999999,1650.1232599999998
4592,4C,Seattle,0.05,0.7000000000000001,106.23073999999998,704.5624899999999,860.25221,1671.0454399999999
4593,4C,Seattle,0.05,0.75,103.17873,718.68731,870.54496,1692.411
4594,4C,Seattle,0.05,0.8500000000000001,97.51809,746.6202499999999,891.1621299999999,1735.30047
4595,4C,Seattle,0.05,0.8,100.28506999999999,732.62211,880.8693799999999,1713.7765599999998
4596,4C,Seattle,0.05,0.9500000000000001,92.29084,774.7748799999999,911.81097,1778.87669
4597,4C,Seattle,0.05,0.9,94.85696,760.6500599999999,901.4865499999999,1756.9935699999996
4598,4C,Seattle,0.15000000000000002,0.01,191.01132,492.46849999999995,715.6786599999999,1399.15848
4599,4C,Seattle,0.15000000000000002,0.15000000000000002,172.73582,531.92932,746.49357,1451.15871
4600,4C,Seattle,0.15000000000000002,0.1,178.93654999999998,517.67782,735.18738,1431.80175
4601,4C,Seattle,0.15000000000000002,0.25,162.0879,557.74037,765.7805999999999,1485.60887
4602,4C,Seattle,0.15000000000000002,0.2,167.31685,544.78734,756.1212499999999,1468.22544
4603,4C,Seattle,0.15000000000000002,0.30000000000000004,157.13398999999998,570.5033799999999,775.50329,1503.14066
4604,4C,Seattle,0.15000000000000002,0.35000000000000003,152.38093999999998,583.3613999999999,785.2259799999999,1520.96832
4605,4C,Seattle,0.15000000000000002,0.45,142.71649,611.61104,806.6032299999999,1560.93076
4606,4C,Seattle,0.15000000000000002,0.4,147.53287999999998,597.2962,795.70875,1540.53783
4607,4C,Seattle,0.15000000000000002,0.55,134.29886,638.7522299999999,826.96704,1600.01813
4608,4C,Seattle,0.15000000000000002,0.5,138.42849999999999,625.03912,816.7692999999999,1580.2369199999998
4609,4C,Seattle,0.15000000000000002,0.6000000000000001,130.33840999999998,652.3386599999999,837.19645,1619.8735199999999
4610,4C,Seattle,0.15000000000000002,0.65,126.56797999999998,665.9567599999999,847.4575299999999,1639.9822699999997
4611,4C,Seattle,0.15000000000000002,0.7000000000000001,122.96673999999999,679.70154,857.6869399999999,1660.35522
4612,4C,Seattle,0.15000000000000002,0.75,119.55551999999997,693.47799,867.91635,1680.94986
4613,4C,Seattle,0.15000000000000002,0.8500000000000001,113.13479999999998,721.0308899999999,888.3751699999999,1722.5408599999996
4614,4C,Seattle,0.15000000000000002,0.8,116.25015,707.3494499999999,878.1140899999999,1701.7136899999998
4615,4C,Seattle,0.15000000000000002,0.9500000000000001,107.2208,748.71047,908.8339900000001,1764.7652600000001
4616,4C,Seattle,0.15000000000000002,0.9,110.11446,734.8390099999999,898.6045799999999,1743.5580499999999
4617,4C,Seattle,0.1,0.01,178.74908,503.26796999999993,716.88212,1398.89917
4618,4C,Seattle,0.1,0.15000000000000002,161.59371999999996,542.72879,747.4119999999999,1451.7345099999998
4619,4C,Seattle,0.1,0.1,167.43524,528.47729,736.20082,1432.11335
4620,4C,Seattle,0.1,0.25,151.51671,568.69819,766.79404,1487.00894
4621,4C,Seattle,0.1,0.2,156.43895,555.71349,757.0713499999999,1469.22379
4622,4C,Seattle,0.1,0.30000000000000004,146.827,581.5878799999999,776.5167299999999,1504.9316099999999
4623,4C,Seattle,0.1,0.35000000000000003,142.36982,594.66759,786.27109,1523.3085
4624,4C,Seattle,0.1,0.45,133.26544,623.04391,807.6800099999999,1563.98936
4625,4C,Seattle,0.1,0.4,137.78596,608.6657299999999,796.75386,1543.20555
4626,4C,Seattle,0.1,0.55,125.31287,650.43846,828.13883,1603.89016
4627,4C,Seattle,0.1,0.5,129.19914,636.75702,817.87775,1583.8339099999998
4628,4C,Seattle,0.1,0.6000000000000001,121.57411,664.15157,838.39991,1624.12559
4629,4C,Seattle,0.1,0.65,118.03621,677.83301,848.6609900000001,1644.53021
4630,4C,Seattle,0.1,0.7000000000000001,114.62499,691.7044699999999,858.9220699999998,1665.2515299999998
4631,4C,Seattle,0.1,0.75,111.38296,705.67094,869.18315,1686.23705
4632,4C,Seattle,0.1,0.8500000000000001,105.31061,733.2871799999999,889.7369799999999,1728.33477
4633,4C,Seattle,0.1,0.8,108.29928,719.51073,879.44423,1707.2542399999998
4634,4C,Seattle,0.1,0.9500000000000001,99.78748999999999,761.28346,910.29081,1771.36176
4635,4C,Seattle,0.1,0.9,102.48029,747.3169899999999,899.99806,1749.79534
4636,4C,Seattle,0.25,0.01,215.0616,473.18146999999993,713.3984199999999,1401.64149
4637,4C,Seattle,0.25,0.15000000000000002,194.64082999999997,512.38893,744.84673,1451.8764899999999
4638,4C,Seattle,0.25,0.1,201.57082,498.1691,733.31885,1433.05877
4639,4C,Seattle,0.25,0.25,182.95694,537.66159,764.0387499999999,1484.65728
4640,4C,Seattle,0.25,0.2,188.65095,524.99359,754.41107,1468.05561
4641,4C,Seattle,0.25,0.30000000000000004,177.46379000000002,550.32959,773.6981,1501.4914800000001
4642,4C,Seattle,0.25,0.35000000000000003,172.24568,562.99759,783.38912,1518.63239
4643,4C,Seattle,0.25,0.45,161.52443,590.93053,804.6713599999999,1557.1263199999999
4644,4C,Seattle,0.25,0.4,166.86921999999998,576.58402,793.80855,1537.26179
4645,4C,Seattle,0.25,0.55,152.21919,617.4066499999999,824.94016,1594.5659999999998
4646,4C,Seattle,0.25,0.5,156.77138,604.20026,814.8057599999999,1575.7774
4647,4C,Seattle,0.25,0.6000000000000001,147.82535,630.8347299999999,835.10623,1613.76631
4648,4C,Seattle,0.25,0.65,143.66404,644.35782,845.2722999999999,1633.29416
4649,4C,Seattle,0.25,0.7000000000000001,139.67192,657.8175699999999,855.4067,1652.89619
4650,4C,Seattle,0.25,0.75,135.83814999999998,671.34066,865.57277,1672.7515799999999
4651,4C,Seattle,0.25,0.8500000000000001,128.68816999999999,698.6401999999999,885.87324,1713.20161
4652,4C,Seattle,0.25,0.8,132.1944,684.99043,875.7388399999999,1692.9236699999997
4653,4C,Seattle,0.25,0.9500000000000001,122.12993,725.71805,906.14204,1753.99002
4654,4C,Seattle,0.25,0.9,125.35113,712.1949599999999,896.03931,1733.5854
4655,4C,Seattle,0.2,0.01,203.08353999999997,482.49244999999996,714.50687,1400.08286
4656,4C,Seattle,0.2,0.15000000000000002,183.73040999999998,521.82659,745.63848,1451.1954799999999
4657,4C,Seattle,0.2,0.1,190.30118999999996,507.60675999999995,734.2372799999999,1432.1452299999999
4658,4C,Seattle,0.2,0.25,172.55408999999997,547.35261,764.89384,1484.80054
4659,4C,Seattle,0.2,0.2,178.0364,534.5579299999999,755.2344899999999,1467.8288199999997
4660,4C,Seattle,0.2,0.30000000000000004,167.32513999999998,560.05228,774.55319,1501.93061
4661,4C,Seattle,0.2,0.35000000000000003,162.37123,572.81529,784.2758799999999,1519.4624
4662,4C,Seattle,0.2,0.45,152.14670999999998,600.9382499999999,805.58979,1558.67475
4663,4C,Seattle,0.2,0.4,157.22729999999999,586.59174,794.7269799999999,1538.5460199999998
4664,4C,Seattle,0.2,0.55,143.26402,627.73107,825.92193,1596.9170199999999
4665,4C,Seattle,0.2,0.5,147.62619,614.27132,815.7241899999999,1577.6217
4666,4C,Seattle,0.2,0.6000000000000001,139.10271,641.28583,836.1196699999999,1616.50821
4667,4C,Seattle,0.2,0.65,135.11058999999997,654.84059,846.31741,1636.2685900000001
4668,4C,Seattle,0.2,0.7000000000000001,131.34015999999997,668.42702,856.51515,1656.28233
4669,4C,Seattle,0.2,0.75,127.70724999999999,682.04512,866.71289,1676.46526
4670,4C,Seattle,0.2,0.8500000000000001,120.89564999999999,709.4713399999999,887.0767000000001,1717.44369
4671,4C,Seattle,0.2,0.8,124.23269,695.7582299999999,876.8789599999999,1696.8698799999997
4672,4C,Seattle,0.2,0.9500000000000001,114.66494999999999,736.8658899999999,907.47218,1759.0030199999999
4673,4C,Seattle,0.2,0.9,117.71696,723.18445,897.2744399999999,1738.1758499999999
4674,4C,Seattle,0.30000000000000004,0.01,227.02966999999998,464.25052999999997,712.35331,1403.63351
4675,4C,Seattle,0.30000000000000004,0.15000000000000002,205.37206999999998,503.77468999999996,744.53003,1453.67679
4676,4C,Seattle,0.30000000000000004,0.1,212.70378,489.45985,732.78046,1434.94409
4677,4C,Seattle,0.30000000000000004,0.25,192.7689,529.87077,764.4821299999999,1487.1218
4678,4C,Seattle,0.30000000000000004,0.2,198.92797,516.79106,754.4744099999999,1470.19344
4679,4C,Seattle,0.30000000000000004,0.30000000000000004,186.97988,542.76046,774.3315,1504.07184
4680,4C,Seattle,0.30000000000000004,0.35000000000000003,181.39172,555.71349,784.30755,1521.41276
4681,4C,Seattle,0.30000000000000004,0.45,170.88132,581.90458,804.35466,1557.1405599999998
4682,4C,Seattle,0.30000000000000004,0.4,176.03609,568.72986,794.3469399999999,1539.1128899999999
4683,4C,Seattle,0.30000000000000004,0.55,161.11102,607.84231,824.0217299999999,1592.97506
4684,4C,Seattle,0.30000000000000004,0.5,165.95907999999997,594.85761,814.3940499999999,1575.21074
4685,4C,Seattle,0.30000000000000004,0.6000000000000001,156.51631999999998,621.0486999999999,834.15613,1611.7211499999999
4686,4C,Seattle,0.30000000000000004,0.65,152.19665999999998,634.4134399999999,844.2905299999999,1630.9006299999996
4687,4C,Seattle,0.30000000000000004,0.7000000000000001,148.00367999999997,647.8731899999999,854.3932599999998,1650.2701299999997
4688,4C,Seattle,0.30000000000000004,0.75,143.96905,661.2696,864.52766,1669.76631
4689,4C,Seattle,0.30000000000000004,0.8500000000000001,136.49153,688.28411,884.76479,1709.54043
4690,4C,Seattle,0.30000000000000004,0.8,140.16694999999999,674.63434,874.66206,1689.46335
4691,4C,Seattle,0.30000000000000004,0.9500000000000001,129.64826,715.14027,904.8752400000001,1749.66377
4692,4C,Seattle,0.30000000000000004,0.9,132.9853,701.8072,894.8675199999999,1729.6600199999998
4693,4C,Seattle,0.35000000000000003,0.01,238.79773,455.98465999999996,711.46655,1406.24894
4694,4C,Seattle,0.35000000000000003,0.15000000000000002,216.07248999999996,495.50882,743.89663,1455.47794
4695,4C,Seattle,0.35000000000000003,0.1,223.73174,481.2256499999999,732.0203799999999,1436.97777
4696,4C,Seattle,0.35000000000000003,0.25,202.95091,521.2882,763.7853899999999,1488.0245
4697,4C,Seattle,0.35000000000000003,0.2,209.38501999999997,508.39851,753.80934,1471.59287
4698,4C,Seattle,0.35000000000000003,0.30000000000000004,196.92935999999997,534.11455,773.6347599999999,1504.6786699999998
4699,4C,Seattle,0.35000000000000003,0.35000000000000003,191.14033999999998,547.00424,783.5791399999999,1521.72372
4700,4C,Seattle,0.35000000000000003,0.45,180.15403999999998,572.8786299999999,803.59458,1556.62725
4701,4C,Seattle,0.35000000000000003,0.4,185.50966999999997,559.95727,793.58686,1539.0538000000001
4702,4C,Seattle,0.35000000000000003,0.55,169.95035,598.72135,823.19831,1591.87001
4703,4C,Seattle,0.35000000000000003,0.5,175.03094000000002,585.895,813.5706299999999,1574.4965699999998
4704,4C,Seattle,0.35000000000000003,0.6000000000000001,165.22897,611.8643999999999,833.26937,1610.36274
4705,4C,Seattle,0.35000000000000003,0.65,160.63427,625.1658,843.3720999999999,1629.1721699999998
4706,4C,Seattle,0.35000000000000003,0.7000000000000001,156.2721,638.4671999999999,853.47483,1648.2141299999998
4707,4C,Seattle,0.35000000000000003,0.75,152.07912,651.7686,863.54589,1667.39361
4708,4C,Seattle,0.35000000000000003,0.8500000000000001,144.27406,678.49808,883.71968,1706.49182
4709,4C,Seattle,0.35000000000000003,0.8,148.11866999999998,665.03833,873.6486199999999,1686.8056199999999
4710,4C,Seattle,0.35000000000000003,0.9500000000000001,137.16658999999999,705.19589,903.6401099999999,1746.00259
4711,4C,Seattle,0.35000000000000003,0.9,140.60948,691.92616,893.7590699999998,1726.2947099999997
4712,4C,Seattle,0.45,0.01,261.97634,440.52969999999993,708.9012799999999,1411.4073199999998
4713,4C,Seattle,0.45,0.15000000000000002,237.03079999999997,480.30722,742.9465299999999,1460.2845499999999
4714,4C,Seattle,0.45,0.1,245.44099,466.15072999999995,730.7852499999999,1442.3769699999998
4715,4C,Seattle,0.45,0.25,223.01077,505.64322,762.64527,1491.29926
4716,4C,Seattle,0.45,0.2,229.87827,492.97522,752.70089,1475.55438
4717,4C,Seattle,0.45,0.30000000000000004,216.54498999999998,518.2162099999999,772.4313,1507.1924999999999
4718,4C,Seattle,0.45,0.35000000000000003,210.24839999999998,530.9158799999999,782.3440099999999,1523.5082899999998
4719,4C,Seattle,0.45,0.45,198.51116,556.4418999999999,802.2011,1557.15416
4720,4C,Seattle,0.45,0.4,204.24767999999997,543.7738999999999,792.25672,1540.2783
4721,4C,Seattle,0.45,0.55,187.49318999999997,582.03126,821.74149,1591.2659399999998
4722,4C,Seattle,0.45,0.5,192.98633999999998,569.26825,812.11381,1574.3683999999998
4723,4C,Seattle,0.45,0.6000000000000001,182.37008999999998,594.98429,831.7808799999999,1609.13526
4724,4C,Seattle,0.45,0.65,177.43701,607.96899,841.7886,1627.1945999999998
4725,4C,Seattle,0.45,0.7000000000000001,172.70478999999997,621.01703,851.82799,1645.54981
4726,4C,Seattle,0.45,0.75,168.21594,634.25509,861.80404,1664.27507
4727,4C,Seattle,0.45,0.8500000000000001,159.74496,660.38284,881.8194799999999,1701.9472799999999
4728,4C,Seattle,0.45,0.8,163.8746,647.23979,871.8117599999998,1682.9261499999998
4729,4C,Seattle,0.45,0.9500000000000001,152.12992,686.4789199999999,901.4232099999999,1740.0320499999998
4730,4C,Seattle,0.45,0.9,155.74199999999996,673.6842399999999,891.7638599999999,1721.1900999999998
4731,4C,Seattle,0.4,0.01,250.44995,448.09883,710.48478,1409.03356
4732,4C,Seattle,0.4,0.15000000000000002,226.62539999999998,487.68633,743.32657,1457.6383
4733,4C,Seattle,0.4,0.1,234.65470000000002,473.56151,731.32364,1439.5398500000001
4734,4C,Seattle,0.4,0.25,213.03875999999997,513.2756899999999,763.1836599999999,1489.4981099999998
4735,4C,Seattle,0.4,0.2,219.69456,500.44934,753.20761,1473.35151
4736,4C,Seattle,0.4,0.30000000000000004,206.77383999999998,525.94369,773.00136,1505.7188899999999
4737,4C,Seattle,0.4,0.35000000000000003,200.74145,538.77004,782.9140699999999,1522.42556
4738,4C,Seattle,0.4,0.45,189.3851,564.42274,802.8661699999999,1556.6740099999997
4739,4C,Seattle,0.4,0.4,194.95243,551.56472,792.89012,1539.40727
4740,4C,Seattle,0.4,0.55,178.77968999999996,590.10711,822.43823,1591.32503
4741,4C,Seattle,0.4,0.5,184.06114,577.31243,812.8105499999999,1574.18412
4742,4C,Seattle,0.4,0.6000000000000001,173.81494,603.21849,832.50929,1609.54272
4743,4C,Seattle,0.4,0.65,169.09356,616.2982,842.54868,1627.9404399999999
4744,4C,Seattle,0.4,0.7000000000000001,164.53052999999997,629.50459,852.6197400000001,1646.65486
4745,4C,Seattle,0.4,0.75,160.16835999999998,642.77432,862.6591299999999,1665.60181
4746,4C,Seattle,0.4,0.8500000000000001,152.03575999999998,669.21877,882.73791,1703.99244
4747,4C,Seattle,0.4,0.8,156.00705,655.8856999999999,872.6985199999999,1684.59127
4748,4C,Seattle,0.4,0.9500000000000001,144.62158,695.5998799999999,902.49999,1742.72145
4749,4C,Seattle,0.4,0.9,148.20199,682.6151799999999,892.7456299999999,1723.5627999999997
4750,4C,Seattle,0.55,0.01,284.58743999999996,426.65824,706.8743999999999,1418.12008
4751,4C,Seattle,0.55,0.15000000000000002,257.49492999999995,466.65745,741.26802,1465.4204
4752,4C,Seattle,0.55,0.1,266.55021,452.37428,728.79004,1447.71453
4753,4C,Seattle,0.55,0.25,242.55477000000002,491.64508,761.60016,1495.80001
4754,4C,Seattle,0.55,0.2,249.82398999999998,479.19876999999997,751.8141299999999,1480.8368899999998
4755,4C,Seattle,0.55,0.30000000000000004,235.6556,503.99637999999993,771.3861899999999,1511.0381699999998
4756,4C,Seattle,0.55,0.35000000000000003,228.94644999999997,516.5377,781.4889199999999,1526.97307
4757,4C,Seattle,0.55,0.45,216.40577,541.74702,801.0926499999999,1559.24544
4758,4C,Seattle,0.55,0.4,222.54401,529.14236,791.36996,1543.05633
4759,4C,Seattle,0.55,0.55,204.66852999999998,566.9880099999999,820.5063599999999,1592.1628999999998
4760,4C,Seattle,0.55,0.5,210.53172999999995,554.35168,810.9736899999999,1575.8570999999997
4761,4C,Seattle,0.55,0.6000000000000001,199.19620999999998,579.62434,830.51408,1609.3346299999998
4762,4C,Seattle,0.55,0.65,193.92475,592.57737,840.45846,1626.96058
4763,4C,Seattle,0.55,0.7000000000000001,188.88582,605.37205,850.4028399999999,1644.6607099999997
4764,4C,Seattle,0.55,0.75,184.04774999999998,618.2934099999999,860.34722,1662.6883799999998
4765,4C,Seattle,0.55,0.8500000000000001,174.97419,644.2311399999999,880.17264,1699.37797
4766,4C,Seattle,0.55,0.8,179.41054,631.3414499999999,870.25993,1681.01192
4767,4C,Seattle,0.55,0.9500000000000001,166.95743,669.40879,899.45967,1735.8258899999998
4768,4C,Seattle,0.55,0.9,170.7387,657.1524999999999,890.0220099999999,1717.9132099999997
4769,4C,Seattle,0.5,0.01,273.36606,433.43562000000003,707.8245,1414.62618
4770,4C,Seattle,0.5,0.15000000000000002,247.34203999999997,473.30814999999996,742.24979,1462.89998
4771,4C,Seattle,0.5,0.1,256.04810000000003,459.08832,730.0885099999999,1445.2249299999999
4772,4C,Seattle,0.5,0.25,232.80359999999996,498.39079,762.26523,1493.4596199999999
4773,4C,Seattle,0.5,0.2,239.90362999999996,485.88113999999996,752.3525199999999,1478.13729
4774,4C,Seattle,0.5,0.30000000000000004,226.13696000000002,510.99544999999995,772.05126,1509.18367
4775,4C,Seattle,0.5,0.35000000000000003,219.67118,523.5684399999999,781.80562,1525.04524
4776,4C,Seattle,0.5,0.45,207.53222,548.93611,801.63104,1558.09937
4777,4C,Seattle,0.5,0.4,213.46959999999999,536.26811,791.71833,1541.45604
4778,4C,Seattle,0.5,0.55,196.13335999999998,574.30378,821.0764199999999,1591.5135599999999
4779,4C,Seattle,0.5,0.5,201.82737,561.6674499999999,811.51208,1575.0068999999999
4780,4C,Seattle,0.5,0.6000000000000001,190.80939999999998,587.1934699999999,831.11581,1609.11868
4781,4C,Seattle,0.5,0.65,185.7388,600.1465,841.0918599999999,1626.97716
4782,4C,Seattle,0.5,0.7000000000000001,180.83739,613.06786,851.09958,1645.0048299999999
4783,4C,Seattle,0.5,0.75,176.13683999999998,626.05256,861.0756299999999,1663.26503
4784,4C,Seattle,0.5,0.8500000000000001,167.40166,652.0853,880.96439,1700.4513499999998
4785,4C,Seattle,0.5,0.8,171.66882,639.13227,871.0200099999998,1681.8210999999997
4786,4C,Seattle,0.5,0.9500000000000001,159.55409,677.70633,900.40977,1737.6701899999998
4787,4C,Seattle,0.5,0.9,163.29285,665.22835,890.8770999999999,1719.3982999999998
4788,4C,Seattle,0.6000000000000001,0.01,295.59797000000003,420.19756,705.9243,1421.71983
4789,4C,Seattle,0.6000000000000001,0.15000000000000002,267.47948,460.29177999999996,740.79297,1468.56423
4790,4C,Seattle,0.6000000000000001,0.1,276.87314,446.10362000000003,728.18831,1451.16507
4791,4C,Seattle,0.6000000000000001,0.25,252.09509,485.21607,761.09344,1498.4045999999998
4792,4C,Seattle,0.6000000000000001,0.2,259.63935,472.76975999999996,750.64234,1483.05145
4793,4C,Seattle,0.6000000000000001,0.30000000000000004,245.02672999999996,497.40902,770.94281,1513.37856
4794,4C,Seattle,0.6000000000000001,0.35000000000000003,238.11672,509.88699999999994,780.85552,1528.8592399999998
4795,4C,Seattle,0.6000000000000001,0.45,225.19514999999996,535.03298,800.83929,1561.0674199999999
4796,4C,Seattle,0.6000000000000001,0.4,231.53425000000001,522.42832,790.7048899999999,1544.66746
4797,4C,Seattle,0.6000000000000001,0.55,213.08785999999998,560.14729,820.22133,1593.4564799999998
4798,4C,Seattle,0.6000000000000001,0.5,219.15192,547.5426299999999,810.6886599999999,1577.38321
4799,4C,Seattle,0.6000000000000001,0.6000000000000001,207.44634999999997,572.5936,830.0390299999999,1610.0789799999998
4800,4C,Seattle,0.6000000000000001,0.65,202.03736999999998,585.41995,839.9200699999999,1627.3773899999999
4801,4C,Seattle,0.6000000000000001,0.7000000000000001,196.86092000000002,598.2146299999999,849.8327799999998,1644.9083299999998
4802,4C,Seattle,0.6000000000000001,0.75,191.88532999999998,611.04098,859.6821499999999,1662.60846
4803,4C,Seattle,0.6000000000000001,0.8500000000000001,182.50506000000001,636.75702,879.41256,1698.67464
4804,4C,Seattle,0.6000000000000001,0.8,187.07892999999999,623.86733,869.56319,1680.50945
4805,4C,Seattle,0.6000000000000001,0.9500000000000001,174.2766,661.4279499999999,898.54124,1734.24579
4806,4C,Seattle,0.6000000000000001,0.9,178.13205,649.5517,889.2302599999998,1716.9140099999997
4807,4C,Seattle,0.65,0.01,306.47183,414.08525,705.10088,1425.65796
4808,4C,Seattle,0.65,0.15000000000000002,276.96815,455.0028899999999,740.98299,1472.9540299999999
4809,4C,Seattle,0.65,0.1,286.73186000000004,440.56137,728.1566399999999,1455.44987
4810,4C,Seattle,0.65,0.25,260.68530999999996,480.65559,762.07521,1503.41611
4811,4C,Seattle,0.65,0.2,268.62045,467.89258,751.5607699999999,1488.0738000000001
4812,4C,Seattle,0.65,0.30000000000000004,253.20439,493.32359,772.4313,1518.95928
4813,4C,Seattle,0.65,0.35000000000000003,245.99850999999995,506.05492999999996,783.1991,1535.25254
4814,4C,Seattle,0.65,0.45,232.70689000000002,531.32759,803.2462099999999,1567.28069
4815,4C,Seattle,0.65,0.4,239.18350999999998,518.6912599999999,793.20682,1551.0815899999998
4816,4C,Seattle,0.65,0.55,220.41957,556.2518799999999,822.9132799999999,1599.5847299999998
4817,4C,Seattle,0.65,0.5,226.48362999999998,543.93225,813.2856,1583.70148
4818,4C,Seattle,0.65,0.6000000000000001,214.70388,568.63485,832.63597,1615.9747000000002
4819,4C,Seattle,0.65,0.65,208.89318,581.84124,842.8020399999999,1633.5364599999998
4820,4C,Seattle,0.65,0.7000000000000001,203.68506,594.41423,852.1763599999999,1650.27565
4821,4C,Seattle,0.65,0.75,198.63528999999997,607.0188899999999,861.7407000000001,1667.3948799999998
4822,4C,Seattle,0.65,0.8500000000000001,189.10666,632.48157,881.12274,1702.71097
4823,4C,Seattle,0.65,0.8,193.78637999999998,619.71856,871.43172,1684.93666
4824,4C,Seattle,0.65,0.9500000000000001,180.60316,657.2475099999999,899.96639,1737.8170599999999
4825,4C,Seattle,0.65,0.9,184.62779999999998,645.18124,890.75042,1720.55946
4826,4C,Seattle,0.7000000000000001,0.01,317.14567999999997,408.2263,704.3091299999999,1429.6811099999998
4827,4C,Seattle,0.7000000000000001,0.15000000000000002,286.23512999999997,450.03069999999997,741.33136,1477.59719
4828,4C,Seattle,0.7000000000000001,0.1,296.4114,435.39915999999994,728.2516499999999,1460.0622099999998
4829,4C,Seattle,0.7000000000000001,0.25,268.94798999999995,476.69684,763.8487299999999,1509.49356
4830,4C,Seattle,0.7000000000000001,0.2,277.35903,463.42711,752.70089,1493.48703
4831,4C,Seattle,0.7000000000000001,0.30000000000000004,261.07619,489.80821999999995,774.74321,1525.6276199999998
4832,4C,Seattle,0.7000000000000001,0.35000000000000003,253.59527,502.6979099999999,785.3526599999999,1541.6458399999997
4833,4C,Seattle,0.7000000000000001,0.45,239.85941999999997,528.2556,806.25486,1574.36988
4834,4C,Seattle,0.7000000000000001,0.4,246.51606999999998,515.5876,796.27881,1558.38248
4835,4C,Seattle,0.7000000000000001,0.55,227.46624999999997,552.9581999999999,825.51022,1605.9346699999999
4836,4C,Seattle,0.7000000000000001,0.5,233.50948000000002,540.82859,816.19924,1590.5373100000002
4837,4C,Seattle,0.7000000000000001,0.6000000000000001,221.67638,565.1511499999999,835.1695699999999,1621.9970999999998
4838,4C,Seattle,0.7000000000000001,0.65,215.53814,578.8009199999999,845.8423599999999,1640.18142
4839,4C,Seattle,0.7000000000000001,0.7000000000000001,210.31918,591.02554,854.86831,1656.21303
4840,4C,Seattle,0.7000000000000001,0.75,205.23773999999995,603.37684,864.0842799999999,1672.69886
4841,4C,Seattle,0.7000000000000001,0.8500000000000001,195.56074999999998,628.58616,882.8645899999999,1707.0114999999998
4842,4C,Seattle,0.7000000000000001,0.8,200.31465,615.85482,873.42693,1689.5964
4843,4C,Seattle,0.7000000000000001,0.9500000000000001,186.79305,653.32043,901.39154,1741.50502
4844,4C,Seattle,0.7000000000000001,0.9,191.01855,641.06414,892.27058,1724.35327
4845,4C,Seattle,0.75,0.01,327.60868,402.71572,703.54905,1433.87345
4846,4C,Seattle,0.75,0.15000000000000002,295.29126,445.34353999999996,741.77474,1482.40954
4847,4C,Seattle,0.75,0.1,305.80591,430.55364999999995,728.4416699999999,1464.8012299999998
4848,4C,Seattle,0.75,0.25,276.87314,473.24481,765.97062,1516.08857
4849,4C,Seattle,0.75,0.2,285.78090999999995,459.46836,754.0627,1499.31197
4850,4C,Seattle,0.75,0.30000000000000004,268.56795,486.76789999999994,777.46683,1532.8026799999998
4851,4C,Seattle,0.75,0.35000000000000003,260.82283,499.97429,788.55133,1549.34845
4852,4C,Seattle,0.75,0.45,246.71693,525.69033,809.42186,1581.8291199999999
4853,4C,Seattle,0.75,0.4,253.53193000000002,512.9906599999999,799.1607799999999,1565.6833699999997
4854,4C,Seattle,0.75,0.55,234.16456,550.32959,828.93058,1613.42473
4855,4C,Seattle,0.75,0.5,240.21863,538.42167,819.84129,1598.4815899999999
4856,4C,Seattle,0.75,0.6000000000000001,228.40636,562.20584,838.0832099999999,1628.6954099999998
4857,4C,Seattle,0.75,0.65,221.97225,576.14064,848.56598,1646.67887
4858,4C,Seattle,0.75,0.7000000000000001,216.77412,588.0168899999999,857.3385699999999,1662.1295799999998
4859,4C,Seattle,0.75,0.75,211.65016999999995,600.1465,866.4595299999999,1678.2561999999998
4860,4C,Seattle,0.75,0.8500000000000001,201.89899999999997,625.00745,884.8597999999998,1711.7662499999997
4861,4C,Seattle,0.75,0.8,206.69540999999998,612.43446,875.6754999999999,1694.80537
4862,4C,Seattle,0.75,0.9500000000000001,192.98293999999999,649.45669,902.6900099999999,1745.1296399999999
4863,4C,Seattle,0.75,0.9,197.31429,637.23207,893.82241,1728.36877
4864,4C,Seattle,0.8500000000000001,0.01,348.43053,392.20128,701.52217,1442.15398
4865,4C,Seattle,0.8500000000000001,0.15000000000000002,314.15531,434.76576,740.60295,1489.5240199999998
4866,4C,Seattle,0.8500000000000001,0.1,325.30505999999997,420.10255,727.07986,1472.48747
4867,4C,Seattle,0.8500000000000001,0.25,294.39365999999995,463.3321,766.0656299999999,1523.7913899999999
4868,4C,Seattle,0.8500000000000001,0.2,303.95736,449.14393999999993,753.5876499999999,1506.6889499999997
4869,4C,Seattle,0.8500000000000001,0.30000000000000004,285.50672,477.04520999999994,778.03689,1540.58882
4870,4C,Seattle,0.8500000000000001,0.35000000000000003,277.29654,490.3149399999999,789.4064199999999,1557.0178999999998
4871,4C,Seattle,0.8500000000000001,0.45,262.4397,516.03098,810.4986399999999,1588.96932
4872,4C,Seattle,0.8500000000000001,0.4,269.63559,503.39464999999996,800.23756,1573.2678
4873,4C,Seattle,0.8500000000000001,0.55,249.28474999999997,540.6702399999999,829.69066,1619.64565
4874,4C,Seattle,0.8500000000000001,0.5,255.64552999999998,528.60397,820.37968,1604.62918
4875,4C,Seattle,0.8500000000000001,0.6000000000000001,243.28318,552.3881399999999,838.4632499999999,1634.1345699999997
4876,4C,Seattle,0.8500000000000001,0.65,236.30982999999998,566.6396399999999,849.10437,1652.0538399999998
4877,4C,Seattle,0.8500000000000001,0.7000000000000001,230.89999999999998,578.2941999999999,857.9402999999999,1667.1344999999997
4878,4C,Seattle,0.8500000000000001,0.75,225.65936,590.07544,866.4912,1682.226
4879,4C,Seattle,0.8500000000000001,0.8500000000000001,215.49563,614.4930099999999,884.6697799999998,1714.6584199999998
4880,4C,Seattle,0.8500000000000001,0.8,220.4929,602.23672,875.5488199999999,1698.2784399999998
4881,4C,Seattle,0.8500000000000001,0.9500000000000001,206.16700999999998,638.6572199999999,902.8166899999999,1747.6409199999998
4882,4C,Seattle,0.8500000000000001,0.9,210.76255999999998,626.65429,893.79074,1731.20759
4883,4C,Seattle,0.8,0.01,338.18837,397.23681,702.34559,1437.77077
4884,4C,Seattle,0.8,0.15000000000000002,305.06666,439.5796,740.7296299999999,1485.3758899999998
4885,4C,Seattle,0.8,0.1,315.86719,424.9163899999999,727.39656,1468.18014
4886,4C,Seattle,0.8,0.25,285.85508999999996,468.05092999999994,765.93895,1519.8449699999999
4887,4C,Seattle,0.8,0.2,295.16458,453.86276999999995,753.55598,1502.58333
4888,4C,Seattle,0.8,0.30000000000000004,277.24318999999997,481.73237,777.8151999999999,1536.7907599999999
4889,4C,Seattle,0.8,0.35000000000000003,269.2022,495.03377,789.15306,1553.3890299999998
4890,4C,Seattle,0.8,0.45,254.65206999999998,520.87649,810.24528,1585.7738399999998
4891,4C,Seattle,0.8,0.4,261.67877,508.20849,799.9525299999999,1569.83979
4892,4C,Seattle,0.8,0.55,241.69798,545.76911,829.65899,1617.12608
4893,4C,Seattle,0.8,0.5,247.99542000000002,533.57616,820.15799,1601.72957
4894,4C,Seattle,0.8,0.6000000000000001,235.80225999999996,557.5820199999999,838.58993,1631.9742099999999
4895,4C,Seattle,0.8,0.65,228.93475999999998,572.11855,850.08614,1651.1394500000001
4896,4C,Seattle,0.8,0.7000000000000001,223.59911,583.8364499999999,858.38368,1665.8192399999998
4897,4C,Seattle,0.8,0.75,218.44349,595.87105,867.15627,1681.4708099999998
4898,4C,Seattle,0.8,0.8500000000000001,208.44895,620.63699,885.87324,1714.9591799999998
4899,4C,Seattle,0.8,0.8,213.34037,608.22235,876.4672499999999,1698.02997
4900,4C,Seattle,0.8,0.9500000000000001,199.30035999999998,645.1179,903.60844,1748.0267
4901,4C,Seattle,0.8,0.9,203.75839,632.95662,894.80418,1731.51919
4902,4C,Seattle,0.9500000000000001,0.01,368.36647,382.70027999999996,700.0020099999999,1451.0687599999999
4903,4C,Seattle,0.9500000000000001,0.15000000000000002,331.74257,426.05651,740.53961,1498.33869
4904,4C,Seattle,0.9500000000000001,0.1,343.59076,411.26662000000005,726.6048099999999,1481.46219
4905,4C,Seattle,0.9500000000000001,0.25,310.93325999999996,454.81287000000003,766.57235,1532.31848
4906,4C,Seattle,0.9500000000000001,0.2,320.92035999999996,440.52969999999993,753.87268,1515.3227399999998
4907,4C,Seattle,0.9500000000000001,0.30000000000000004,301.59124999999995,468.49431,778.73363,1548.81919
4908,4C,Seattle,0.9500000000000001,0.35000000000000003,292.98933999999997,481.73237,790.1981699999999,1564.91988
4909,4C,Seattle,0.9500000000000001,0.45,277.56159,507.1633799999999,811.32206,1596.04703
4910,4C,Seattle,0.9500000000000001,0.4,285.00085,494.65372999999994,801.06098,1580.7155599999999
4911,4C,Seattle,0.9500000000000001,0.55,263.9199,531.3909299999999,830.2290499999999,1625.5398799999998
4912,4C,Seattle,0.9500000000000001,0.5,270.49237999999997,519.4830099999999,821.0764199999999,1611.0518099999997
4913,4C,Seattle,0.9500000000000001,0.6000000000000001,257.80163999999996,542.76046,838.77995,1639.3420499999997
4914,4C,Seattle,0.9500000000000001,0.65,250.59575999999996,556.79027,849.0410299999999,1656.4270599999998
4915,4C,Seattle,0.9500000000000001,0.7000000000000001,245.14341999999996,567.77976,856.6735,1669.59668
4916,4C,Seattle,0.9500000000000001,0.75,239.79692999999997,579.2443,864.71768,1683.75891
4917,4C,Seattle,0.9500000000000001,0.8500000000000001,229.41065999999998,602.83845,882.1045099999999,1714.3536199999999
4918,4C,Seattle,0.9500000000000001,0.8,234.48210999999998,591.0572099999999,873.3952599999999,1698.9345799999996
4919,4C,Seattle,0.9500000000000001,0.9500000000000001,219.76448999999997,626.4009299999999,900.0613999999999,1746.2268199999999
4920,4C,Seattle,0.9500000000000001,0.9,224.49756,614.55635,890.65541,1729.70932
4921,4C,Seattle,0.9,0.01,358.49350999999996,387.3241,700.73042,1446.54803
4922,4C,Seattle,0.9,0.15000000000000002,323.04395,430.30028999999996,740.53961,1493.88385
4923,4C,Seattle,0.9,0.1,334.53207999999995,415.57374,726.8265,1476.93232
4924,4C,Seattle,0.9,0.25,302.75305,458.96163999999993,766.28732,1528.00201
4925,4C,Seattle,0.9,0.2,312.52845,444.77347999999995,753.6826599999999,1510.98459
4926,4C,Seattle,0.9,0.30000000000000004,293.66524999999996,472.67474999999996,778.3535899999999,1544.6935899999999
4927,4C,Seattle,0.9,0.35000000000000003,285.26419999999996,485.91281,789.75479,1560.9317999999998
4928,4C,Seattle,0.9,0.45,270.07982,511.47049999999996,810.8470099999998,1592.3973299999998
4929,4C,Seattle,0.9,0.4,277.41323,498.92918,800.6176,1576.96001
4930,4C,Seattle,0.9,0.55,256.67066,535.88807,829.91235,1622.4710799999998
4931,4C,Seattle,0.9,0.5,263.17979999999994,523.9168099999999,820.6647099999999,1607.7613199999996
4932,4C,Seattle,0.9,0.6000000000000001,250.62658,547.47929,838.58993,1636.6958
4933,4C,Seattle,0.9,0.65,243.52655000000001,561.54077,848.9776899999999,1654.0450099999998
4934,4C,Seattle,0.9,0.7000000000000001,238.11672,572.81529,856.7685099999999,1667.7005199999999
4935,4C,Seattle,0.9,0.75,232.80190000000002,584.53319,865.12939,1682.46448
4936,4C,Seattle,0.9,0.8500000000000001,222.50065,608.5707199999999,883.78302,1714.85439
4937,4C,Seattle,0.9,0.8,227.56125999999998,596.3777699999999,874.0286600000001,1697.96769
4938,4C,Seattle,0.9,0.9500000000000001,213.02366999999995,632.38656,901.2648599999999,1746.6750899999997
4939,4C,Seattle,0.9,0.9,217.66172999999998,620.51031,892.5556099999999,1730.7276499999998
4940,2A,Tampa,0.01,0.01,20.91389,1405.1979,748.90049,2175.01228
4941,2A,Tampa,0.01,0.15000000000000002,18.686149999999998,1457.86511,768.9476,2245.4988599999997
4942,2A,Tampa,0.01,0.1,19.41456,1439.1798099999999,761.44181,2220.03618
4943,2A,Tampa,0.01,0.25,17.45102,1492.70211,781.80562,2291.95875
4944,2A,Tampa,0.01,0.2,18.052750000000003,1475.3152799999998,775.40828,2268.7763099999997
4945,2A,Tampa,0.01,0.30000000000000004,16.90179,1509.83558,788.17129,2314.90866
4946,2A,Tampa,0.01,0.35000000000000003,16.39507,1526.90571,794.5369599999999,2337.83774
4947,2A,Tampa,0.01,0.45,15.31829,1563.70625,807.9650399999999,2386.98958
4948,2A,Tampa,0.01,0.4,15.856679999999999,1545.02095,801.12432,2362.0019500000003
4949,2A,Tampa,0.01,0.55,14.420689999999999,1598.8282799999997,821.39312,2434.6420899999994
4950,2A,Tampa,0.01,0.5,14.87491,1581.4097799999997,814.6157400000001,2410.9004299999997
4951,2A,Tampa,0.01,0.6000000000000001,14.00898,1616.46847,828.0121499999999,2458.4896
4952,2A,Tampa,0.01,0.65,13.628939999999998,1634.1719999999998,834.72619,2482.52713
4953,2A,Tampa,0.01,0.7000000000000001,13.28057,1651.84386,841.2818799999999,2506.40631
4954,2A,Tampa,0.01,0.75,12.9322,1669.4207099999999,847.96425,2530.3171599999996
4955,2A,Tampa,0.01,0.8500000000000001,12.298799999999998,1704.3843899999997,861.4873399999999,2578.1705299999994
4956,2A,Tampa,0.01,0.8,12.583829999999999,1686.9342199999999,854.7732999999998,2554.2913499999995
4957,2A,Tampa,0.01,0.9500000000000001,11.697069999999998,1739.28473,874.9470899999999,2625.92889
4958,2A,Tampa,0.01,0.9,11.982099999999999,1721.8979,868.1380399999999,2602.01804
4959,2A,Tampa,0.05,0.01,21.89566,1401.61919,749.12218,2172.63703
4960,2A,Tampa,0.05,0.15000000000000002,19.541240000000002,1454.5080899999998,769.2642999999999,2243.3136299999996
4961,2A,Tampa,0.05,0.1,20.30132,1435.75945,761.75851,2217.81928
4962,2A,Tampa,0.05,0.25,18.24277,1489.25008,782.2489999999999,2289.74185
4963,2A,Tampa,0.05,0.2,18.8445,1471.79991,775.7566499999999,2266.4010599999997
4964,2A,Tampa,0.05,0.30000000000000004,17.6302,1506.35188,788.4246499999999,2312.4067299999997
4965,2A,Tampa,0.05,0.35000000000000003,17.09181,1523.3586699999998,794.8536599999999,2335.3041399999997
4966,2A,Tampa,0.05,0.45,15.98336,1560.1592099999998,808.1233899999999,2384.2659599999997
4967,2A,Tampa,0.05,0.4,16.521749999999997,1541.4105699999998,801.3776799999999,2359.31
4968,2A,Tampa,0.05,0.55,15.03326,1595.28124,821.55147,2431.86597
4969,2A,Tampa,0.05,0.5,15.508309999999998,1577.73606,814.8691,2408.11347
4970,2A,Tampa,0.05,0.6000000000000001,14.610710000000001,1612.7314099999999,828.2655099999998,2455.6076299999995
4971,2A,Tampa,0.05,0.65,14.199,1630.3715999999997,834.9795499999999,2479.5501499999996
4972,2A,Tampa,0.05,0.7000000000000001,13.81896,1647.9484499999999,841.5035699999999,2503.27098
4973,2A,Tampa,0.05,0.75,13.47059,1665.4619599999999,848.1226,2527.0551499999997
4974,2A,Tampa,0.05,0.8500000000000001,12.77385,1700.3939699999999,861.64569,2574.81351
4975,2A,Tampa,0.05,0.8,13.122219999999999,1683.0388099999998,854.9316499999999,2551.0926799999997
4976,2A,Tampa,0.05,0.9500000000000001,12.17212,1735.10429,875.0421,2622.31851
4977,2A,Tampa,0.05,0.9,12.488819999999999,1717.74913,868.3913999999999,2598.6293499999997
4978,2A,Tampa,0.15000000000000002,0.01,24.37676,1393.48,749.75558,2167.61234
4979,2A,Tampa,0.15000000000000002,0.15000000000000002,21.673969999999997,1446.93896,770.08772,2238.7006499999998
4980,2A,Tampa,0.15000000000000002,0.1,22.56073,1428.03197,762.5819299999999,2213.17463
4981,2A,Tampa,0.15000000000000002,0.25,20.206310000000002,1481.3642499999999,782.97741,2284.5479699999996
4982,2A,Tampa,0.15000000000000002,0.2,20.90305,1464.26245,776.5167299999999,2261.68223
4983,2A,Tampa,0.15000000000000002,0.30000000000000004,19.541240000000002,1498.43438,789.3114099999999,2307.28703
4984,2A,Tampa,0.15000000000000002,0.35000000000000003,18.90784,1515.5045099999998,795.70875,2330.1211
4985,2A,Tampa,0.15000000000000002,0.45,17.6302,1552.0833599999999,808.78846,2378.50202
4986,2A,Tampa,0.15000000000000002,0.4,18.263599999999997,1533.4930699999998,802.0744199999999,2353.8310899999997
4987,2A,Tampa,0.15000000000000002,0.55,16.58509,1587.07871,822.18487,2425.8486700000003
4988,2A,Tampa,0.15000000000000002,0.5,17.09181,1569.53353,815.43916,2402.0645
4989,2A,Tampa,0.15000000000000002,0.6000000000000001,16.110039999999998,1604.3388599999998,828.86724,2449.31614
4990,2A,Tampa,0.15000000000000002,0.65,15.66666,1621.78903,835.5496099999999,2473.0053
4991,2A,Tampa,0.15000000000000002,0.7000000000000001,15.223279999999999,1639.17586,842.2319799999999,2496.63112
4992,2A,Tampa,0.15000000000000002,0.75,14.832399999999998,1656.5310199999997,848.8510099999999,2520.2144299999995
4993,2A,Tampa,0.15000000000000002,0.8500000000000001,14.07232,1691.1779999999999,862.02573,2567.27605
4994,2A,Tampa,0.15000000000000002,0.8,14.420689999999999,1673.9178499999998,855.5333799999999,2543.8719199999996
4995,2A,Tampa,0.15000000000000002,0.9500000000000001,13.375579999999998,1725.6982999999998,875.4854799999999,2614.5593599999997
4996,2A,Tampa,0.15000000000000002,0.9,13.723949999999999,1708.43815,868.7081,2590.8702
4997,2A,Tampa,0.1,0.01,23.130789999999998,1397.40708,749.4388799999999,2169.97675
4998,2A,Tampa,0.1,0.15000000000000002,20.58635,1450.5810099999999,769.6443399999999,2240.8116999999997
4999,2A,Tampa,0.1,0.1,21.45228,1431.8007,762.23356,2215.48654
5000,2A,Tampa,0.1,0.25,19.22454,1485.16465,782.5340299999999,2286.9232199999997
5001,2A,Tampa,0.1,0.2,19.889609999999998,1467.9044999999999,776.10502,2263.89913
5002,2A,Tampa,0.1,0.30000000000000004,18.591140000000003,1502.32979,788.8996999999999,2309.82063
5003,2A,Tampa,0.1,0.35000000000000003,18.01024,1519.33658,795.26537,2332.61219
5004,2A,Tampa,0.1,0.45,16.80678,1555.9470999999999,808.50343,2381.25731
5005,2A,Tampa,0.1,0.4,17.40851,1537.3884799999998,801.6943799999999,2356.4913699999997
5006,2A,Tampa,0.1,0.55,15.825009999999999,1590.91078,821.86817,2428.60396
5007,2A,Tampa,0.1,0.5,16.30006,1573.5556199999999,815.21747,2405.07315
5008,2A,Tampa,0.1,0.6000000000000001,15.34996,1608.3926199999999,828.6138799999999,2452.35646
5009,2A,Tampa,0.1,0.65,14.927409999999998,1625.9378,835.2329100000001,2476.09812
5010,2A,Tampa,0.1,0.7000000000000001,14.515699999999999,1643.4513099999997,841.94695,2499.91396
5011,2A,Tampa,0.1,0.75,14.13566,1660.8381399999998,848.50264,2523.47644
5012,2A,Tampa,0.1,0.8500000000000001,13.43892,1695.6751399999998,861.8673799999999,2570.9814399999996
5013,2A,Tampa,0.1,0.8,13.787289999999999,1678.2883099999997,855.1216699999999,2547.1972699999997
5014,2A,Tampa,0.1,0.9500000000000001,12.77385,1730.19544,875.2954599999999,2618.26475
5015,2A,Tampa,0.1,0.9,13.090549999999999,1712.9986299999998,868.6130899999999,2594.7022699999998
5016,2A,Tampa,0.25,0.01,26.75201,1386.00588,750.04061,2162.7985
5017,2A,Tampa,0.25,0.15000000000000002,23.795859999999998,1440.54162,770.9111399999999,2235.24862
5018,2A,Tampa,0.25,0.1,24.745959999999997,1421.22292,763.4686899999999,2209.43757
5019,2A,Tampa,0.25,0.25,22.138180000000002,1474.6818799999999,783.7691599999999,2280.58922
5020,2A,Tampa,0.25,0.2,22.94077,1457.5484099999999,777.3401499999999,2257.8293299999996
5021,2A,Tampa,0.25,0.30000000000000004,21.40977,1491.657,790.13483,2303.2016
5022,2A,Tampa,0.25,0.35000000000000003,20.71303,1508.5371099999998,796.65885,2325.90899
5023,2A,Tampa,0.25,0.45,19.27704,1545.14763,809.7068899999999,2374.13156
5024,2A,Tampa,0.25,0.4,20.016289999999998,1526.4623299999998,803.0561899999999,2349.5348099999997
5025,2A,Tampa,0.25,0.55,18.136919999999996,1579.73127,822.8816099999999,2420.7497999999996
5026,2A,Tampa,0.25,0.5,18.675309999999996,1562.3444399999998,816.3575899999998,2397.37734
5027,2A,Tampa,0.25,0.6000000000000001,17.598529999999997,1597.1181,829.5956499999999,2444.3122799999996
5028,2A,Tampa,0.25,0.65,17.09181,1614.31491,836.1830099999999,2467.5897299999997
5029,2A,Tampa,0.25,0.7000000000000001,16.61676,1631.5750599999997,842.8337099999999,2491.0255299999994
5030,2A,Tampa,0.25,0.75,16.173379999999998,1648.64519,849.3893999999999,2514.20797
5031,2A,Tampa,0.25,0.8500000000000001,15.33912,1683.07048,862.56412,2560.97372
5032,2A,Tampa,0.25,0.8,15.761669999999999,1665.8419999999999,856.00843,2537.6121
5033,2A,Tampa,0.25,0.9500000000000001,14.579039999999997,1717.24241,875.7388399999999,2607.56029
5034,2A,Tampa,0.25,0.9,14.927409999999998,1700.17228,869.18315,2584.28284
5035,2A,Tampa,0.2,0.01,25.548550000000002,1389.71127,749.97727,2165.23709
5036,2A,Tampa,0.2,0.15000000000000002,22.719079999999998,1443.7086199999999,770.65778,2237.0854799999997
5037,2A,Tampa,0.2,0.1,23.669179999999997,1424.48493,763.1836599999999,2211.33777
5038,2A,Tampa,0.2,0.25,21.18808,1477.91222,783.5158,2282.6160999999997
5039,2A,Tampa,0.2,0.2,21.91649,1460.8420899999999,777.08679,2259.84537
5040,2A,Tampa,0.2,0.30000000000000004,20.459670000000003,1494.8239999999998,789.7864599999999,2305.0701299999996
5041,2A,Tampa,0.2,0.35000000000000003,19.82627,1511.89413,796.12046,2327.84086
5042,2A,Tampa,0.2,0.45,18.45362,1548.44131,809.20017,2376.0951
5043,2A,Tampa,0.2,0.4,19.129530000000003,1529.88269,802.4861299999999,2351.49835
5044,2A,Tampa,0.2,0.55,17.37684,1583.30998,822.4698999999999,2423.15672
5045,2A,Tampa,0.2,0.5,17.88356,1565.79647,815.69252,2399.37255
5046,2A,Tampa,0.2,0.6000000000000001,16.87012,1600.6018,829.2156099999999,2446.6875299999997
5047,2A,Tampa,0.2,0.65,16.39507,1617.83028,835.86631,2470.09166
5048,2A,Tampa,0.2,0.7000000000000001,15.95169,1635.18544,842.4853399999998,2493.62247
5049,2A,Tampa,0.2,0.75,15.508309999999998,1652.47726,849.10437,2517.08994
5050,2A,Tampa,0.2,0.8500000000000001,14.705719999999998,1687.0609,862.3107599999998,2564.0773799999997
5051,2A,Tampa,0.2,0.8,15.085759999999999,1669.76908,855.6917299999999,2540.54657
5052,2A,Tampa,0.2,0.9500000000000001,13.97731,1721.4228499999997,875.5171499999999,2610.91731
5053,2A,Tampa,0.2,0.9,14.325679999999998,1704.1627,868.89812,2587.3865
5054,2A,Tampa,0.30000000000000004,0.01,27.96631,1382.61719,750.13562,2160.7191199999997
5055,2A,Tampa,0.30000000000000004,0.15000000000000002,24.77763,1438.0396899999998,771.54454,2234.36186
5056,2A,Tampa,0.30000000000000004,0.1,25.83358,1418.34095,763.81706,2207.99159
5057,2A,Tampa,0.30000000000000004,0.25,23.03578,1473.38341,784.81427,2281.23346
5058,2A,Tampa,0.30000000000000004,0.2,23.859199999999998,1455.6482099999998,778.0685599999999,2257.57597
5059,2A,Tampa,0.30000000000000004,0.30000000000000004,22.23319,1490.7069,791.5283099999999,2304.4683999999997
5060,2A,Tampa,0.30000000000000004,0.35000000000000003,21.50478,1508.06206,798.084,2327.65084
5061,2A,Tampa,0.30000000000000004,0.45,20.14297,1542.6457,811.29039,2374.07906
5062,2A,Tampa,0.30000000000000004,0.4,20.80804,1525.35388,804.7347,2350.8966199999995
5063,2A,Tampa,0.30000000000000004,0.55,18.897,1576.40592,823.1349700000001,2418.43789
5064,2A,Tampa,0.30000000000000004,0.5,19.5304,1559.7791699999998,817.9727599999999,2397.28233
5065,2A,Tampa,0.30000000000000004,0.6000000000000001,18.35861,1593.6660699999998,829.81734,2441.8420199999996
5066,2A,Tampa,0.30000000000000004,0.65,17.82022,1611.0212299999998,836.5630499999999,2465.4044999999996
5067,2A,Tampa,0.30000000000000004,0.7000000000000001,17.313499999999998,1628.12303,843.21375,2488.65028
5068,2A,Tampa,0.30000000000000004,0.75,16.838449999999998,1645.16149,849.89612,2511.89606
5069,2A,Tampa,0.30000000000000004,0.8500000000000001,15.98336,1679.3650899999998,862.97583,2558.32428
5070,2A,Tampa,0.30000000000000004,0.8,16.39507,1662.23162,856.38847,2535.01516
5071,2A,Tampa,0.30000000000000004,0.9500000000000001,15.1491,1713.25199,875.8971899999999,2604.29828
5072,2A,Tampa,0.30000000000000004,0.9,15.53998,1696.3402099999998,869.4365099999999,2581.3167
5073,2A,Tampa,0.35000000000000003,0.01,29.138099999999998,1379.35518,750.35731,2158.85059
5074,2A,Tampa,0.35000000000000003,0.15000000000000002,25.79107,1435.2843999999998,772.01959,2233.0950599999996
5075,2A,Tampa,0.35000000000000003,0.1,26.878690000000002,1415.55399,764.0704199999999,2206.5031
5076,2A,Tampa,0.35000000000000003,0.25,23.954209999999996,1470.46977,785.0993,2279.52328
5077,2A,Tampa,0.35000000000000003,0.2,24.84097,1452.9245899999999,778.48027,2256.24583
5078,2A,Tampa,0.35000000000000003,0.30000000000000004,23.16246,1487.79326,791.78167,2302.73739
5079,2A,Tampa,0.35000000000000003,0.35000000000000003,22.39154,1505.11675,798.05233,2325.56062
5080,2A,Tampa,0.35000000000000003,0.45,20.96639,1539.60538,811.25872,2371.8304900000003
5081,2A,Tampa,0.35000000000000003,0.4,21.66313,1522.44024,804.63969,2348.74306
5082,2A,Tampa,0.35000000000000003,0.55,19.68875,1573.20725,823.3249900000001,2416.22099
5083,2A,Tampa,0.35000000000000003,0.5,20.332990000000002,1556.6755099999998,817.87775,2394.88625
5084,2A,Tampa,0.35000000000000003,0.6000000000000001,19.08702,1590.56241,830.00736,2439.65679
5085,2A,Tampa,0.35000000000000003,0.65,18.54863,1607.7275499999998,836.5630499999999,2462.8392299999996
5086,2A,Tampa,0.35000000000000003,0.7000000000000001,18.01024,1624.8293499999997,843.2770899999999,2486.1166799999996
5087,2A,Tampa,0.35000000000000003,0.75,17.53519,1641.7727999999997,849.9594599999999,2509.26745
5088,2A,Tampa,0.35000000000000003,0.8500000000000001,16.58509,1675.8180499999999,863.1025099999998,2555.5056499999996
5089,2A,Tampa,0.35000000000000003,0.8,17.060139999999997,1658.7795899999999,856.5468199999999,2532.3865499999997
5090,2A,Tampa,0.35000000000000003,0.9500000000000001,15.761669999999999,1709.4199199999998,876.18222,2601.36381
5091,2A,Tampa,0.35000000000000003,0.9,16.173379999999998,1692.8248399999998,869.75321,2578.75143
5092,2A,Tampa,0.45,0.01,31.524189999999997,1373.55957,750.6106699999999,2155.69443
5093,2A,Tampa,0.45,0.15000000000000002,27.79712,1430.43889,772.7796699999999,2231.0156799999995
5094,2A,Tampa,0.45,0.1,29.000580000000003,1410.23343,764.7354899999999,2203.9694999999997
5095,2A,Tampa,0.45,0.25,25.82274,1465.4025699999997,785.60602,2276.83133
5096,2A,Tampa,0.45,0.2,26.772839999999995,1447.85739,779.01866,2253.64889
5097,2A,Tampa,0.45,0.30000000000000004,24.96765,1482.53604,792.25672,2299.76041
5098,2A,Tampa,0.45,0.35000000000000003,24.14423,1499.8595299999997,798.7807399999999,2322.7844999999998
5099,2A,Tampa,0.45,0.45,22.61323,1534.12647,811.9554599999999,2368.6951599999998
5100,2A,Tampa,0.45,0.4,23.34164,1517.0880099999997,805.33643,2345.76608
5101,2A,Tampa,0.45,0.55,21.21975,1567.5383199999999,823.6416899999999,2412.39976
5102,2A,Tampa,0.45,0.5,21.91649,1551.06992,818.5744900000001,2391.5609
5103,2A,Tampa,0.45,0.6000000000000001,20.58635,1584.6717899999999,830.1340399999999,2435.39218
5104,2A,Tampa,0.45,0.65,19.973779999999998,1601.7735899999998,836.7213999999999,2458.4687699999995
5105,2A,Tampa,0.45,0.7000000000000001,19.435389999999998,1618.7487099999998,843.24542,2481.4295199999997
5106,2A,Tampa,0.45,0.75,18.86533,1635.69216,849.73777,2504.29526
5107,2A,Tampa,0.45,0.8500000000000001,17.851889999999997,1669.29403,862.8808199999999,2550.02674
5108,2A,Tampa,0.45,0.8,18.35861,1652.3822499999999,856.38847,2527.1293299999998
5109,2A,Tampa,0.45,0.9500000000000001,16.96513,1702.29417,875.9605299999998,2595.21983
5110,2A,Tampa,0.45,0.9,17.40851,1686.1108,869.72154,2573.24085
5111,2A,Tampa,0.4,0.01,30.34156,1376.3781999999999,750.4206499999999,2157.14041
5112,2A,Tampa,0.4,0.15000000000000002,26.783679999999997,1432.81414,772.30462,2231.90244
5113,2A,Tampa,0.4,0.1,27.955470000000002,1412.7987,764.4504599999999,2205.20463
5114,2A,Tampa,0.4,0.25,24.90431,1467.84116,785.1309699999999,2277.87644
5115,2A,Tampa,0.4,0.2,25.82274,1450.32765,778.89198,2255.04237
5116,2A,Tampa,0.4,0.30000000000000004,24.04922,1485.06964,791.87668,2300.99554
5117,2A,Tampa,0.4,0.35000000000000003,23.24663,1502.3614599999999,798.4006999999999,2324.00879
5118,2A,Tampa,0.4,0.45,21.78981,1536.8184199999998,811.6070899999999,2370.21532
5119,2A,Tampa,0.4,0.4,22.51822,1519.68495,804.98806,2347.19123
5120,2A,Tampa,0.4,0.55,20.459670000000003,1570.23027,823.3249900000001,2414.0149300000003
5121,2A,Tampa,0.4,0.5,21.12474,1553.79354,818.1627799999999,2393.0810599999995
5122,2A,Tampa,0.4,0.6000000000000001,19.847099999999998,1587.42708,829.88068,2437.1548599999996
5123,2A,Tampa,0.4,0.65,19.27704,1604.59222,836.4047,2460.27396
5124,2A,Tampa,0.4,0.7000000000000001,18.70698,1621.72569,843.0237299999999,2483.4564
5125,2A,Tampa,0.4,0.75,18.20026,1638.7008099999998,850.05447,2506.95554
5126,2A,Tampa,0.4,0.8500000000000001,17.25016,1672.46103,863.16585,2552.87704
5127,2A,Tampa,0.4,0.8,17.69354,1655.51758,856.6735,2529.88462
5128,2A,Tampa,0.4,0.9500000000000001,16.3634,1705.80954,876.1188799999999,2598.29182
5129,2A,Tampa,0.4,0.9,16.775109999999998,1689.3728099999998,869.6582,2575.8061199999997
5130,2A,Tampa,0.55,0.01,33.84694,1368.144,750.8956999999999,2152.8866399999997
5131,2A,Tampa,0.55,0.15000000000000002,29.7715,1426.06843,773.3497299999999,2229.18966
5132,2A,Tampa,0.55,0.1,31.10164,1405.5146,765.17887,2201.79511
5133,2A,Tampa,0.55,0.25,27.670440000000003,1460.77875,786.5244499999999,2274.97364
5134,2A,Tampa,0.55,0.2,28.68388,1443.4552599999997,779.84208,2251.9812199999997
5135,2A,Tampa,0.55,0.30000000000000004,26.741169999999997,1478.00723,792.95346,2297.70186
5136,2A,Tampa,0.55,0.35000000000000003,25.854409999999998,1495.17237,799.4774799999999,2320.5042599999997
5137,2A,Tampa,0.55,0.45,24.2284,1529.37597,812.58886,2366.19323
5138,2A,Tampa,0.55,0.4,25.030989999999996,1512.36918,806.15985,2343.56002
5139,2A,Tampa,0.55,0.55,22.739910000000002,1562.62947,824.2434199999999,2409.6128
5140,2A,Tampa,0.55,0.5,23.468320000000002,1546.1610699999999,819.1762200000001,2388.80561
5141,2A,Tampa,0.55,0.6000000000000001,22.04317,1579.5729199999998,830.8307799999999,2432.4468699999998
5142,2A,Tampa,0.55,0.65,21.40977,1596.51637,837.25979,2455.18593
5143,2A,Tampa,0.55,0.7000000000000001,20.797199999999997,1613.36481,843.78381,2477.94582
5144,2A,Tampa,0.55,0.75,20.22714,1630.18158,850.3394999999999,2500.74822
5145,2A,Tampa,0.55,0.8500000000000001,19.15036,1663.5300899999997,863.13418,2545.81463
5146,2A,Tampa,0.55,0.8,19.65708,1646.84,856.7368399999999,2523.2339199999997
5147,2A,Tampa,0.55,0.9500000000000001,18.168590000000002,1695.48512,875.3271299999999,2588.98084
5148,2A,Tampa,0.55,0.9,18.643639999999998,1680.0618299999999,869.6265299999999,2568.332
5149,2A,Tampa,0.5,0.01,32.69598,1370.86762,750.76902,2154.33262
5150,2A,Tampa,0.5,0.15000000000000002,28.77889,1428.19032,772.90635,2229.87556
5151,2A,Tampa,0.5,0.1,30.05653,1407.85818,765.1471999999999,2203.06191
5152,2A,Tampa,0.5,0.25,26.741169999999997,1462.9956499999998,786.08107,2275.81789
5153,2A,Tampa,0.5,0.2,27.73378,1445.60882,779.46204,2252.80464
5154,2A,Tampa,0.5,0.30000000000000004,25.854409999999998,1480.2241299999998,792.5734199999999,2298.6519599999997
5155,2A,Tampa,0.5,0.35000000000000003,24.999319999999997,1497.42094,799.1924499999999,2321.61271
5156,2A,Tampa,0.5,0.45,23.43665,1531.62454,812.27216,2367.33335
5157,2A,Tampa,0.5,0.4,24.16506,1514.58608,805.7481399999999,2344.49928
5158,2A,Tampa,0.5,0.55,21.97983,1564.9730499999998,823.99006,2410.94294
5159,2A,Tampa,0.5,0.5,22.70824,1548.56799,818.85952,2390.13575
5160,2A,Tampa,0.5,0.6000000000000001,21.31476,1582.07485,830.48241,2433.87202
5161,2A,Tampa,0.5,0.65,20.71303,1599.0816399999999,837.00643,2456.8010999999997
5162,2A,Tampa,0.5,0.7000000000000001,20.132129999999997,1615.96175,843.4987799999999,2479.59266
5163,2A,Tampa,0.5,0.75,19.56207,1632.9052,850.05447,2502.52174
5164,2A,Tampa,0.5,0.8500000000000001,18.516959999999997,1666.2853799999998,862.97583,2547.7781699999996
5165,2A,Tampa,0.5,0.8,19.02368,1649.53195,856.5468199999999,2525.10245
5166,2A,Tampa,0.5,0.9500000000000001,17.56686,1698.6837899999998,875.45381,2591.70446
5167,2A,Tampa,0.5,0.9,18.01024,1682.9437999999998,869.4048399999999,2570.3588799999998
5168,2A,Tampa,0.6000000000000001,0.01,35.02957,1365.70541,751.0223799999999,2151.7573599999996
5169,2A,Tampa,0.6000000000000001,0.15000000000000002,30.753269999999997,1424.10489,773.8247799999999,2228.6829399999997
5170,2A,Tampa,0.6000000000000001,0.1,32.125919999999994,1403.32937,765.43223,2200.8875199999998
5171,2A,Tampa,0.6000000000000001,0.25,28.5572,1458.78354,786.93616,2274.2769
5172,2A,Tampa,0.6000000000000001,0.2,29.63398,1441.52339,780.25379,2251.41116
5173,2A,Tampa,0.6000000000000001,0.30000000000000004,27.6071,1476.01202,793.4601799999999,2297.0793
5174,2A,Tampa,0.6000000000000001,0.35000000000000003,26.67783,1493.17716,799.88919,2319.74418
5175,2A,Tampa,0.6000000000000001,0.45,25.030989999999996,1527.25408,813.03224,2365.31731
5176,2A,Tampa,0.6000000000000001,0.4,25.854409999999998,1510.24729,806.5082199999999,2342.60992
5177,2A,Tampa,0.6000000000000001,0.55,23.468320000000002,1560.50758,824.59179,2408.56769
5178,2A,Tampa,0.6000000000000001,0.5,24.260070000000002,1544.0708499999998,819.6196,2387.95052
5179,2A,Tampa,0.6000000000000001,0.6000000000000001,22.77158,1577.2610099999997,831.08414,2431.1167299999997
5180,2A,Tampa,0.6000000000000001,0.65,22.10651,1594.14112,837.5448199999998,2453.79245
5181,2A,Tampa,0.6000000000000001,0.7000000000000001,21.50478,1610.98956,844.0055,2476.49984
5182,2A,Tampa,0.6000000000000001,0.75,20.89221,1627.6479800000002,850.5295199999999,2499.06971
5183,2A,Tampa,0.6000000000000001,0.8500000000000001,19.75209,1660.8698099999997,863.35587,2543.9777699999995
5184,2A,Tampa,0.6000000000000001,0.8,20.32215,1644.2113899999997,856.9902000000001,2521.5237399999996
5185,2A,Tampa,0.6000000000000001,0.9500000000000001,18.770319999999998,1692.41313,875.3587999999999,2586.54225
5186,2A,Tampa,0.6000000000000001,0.9,19.24537,1677.36988,869.75321,2566.36846
5187,2A,Tampa,0.65,0.01,36.16969,1363.33016,750.95904,2150.45889
5188,2A,Tampa,0.65,0.15000000000000002,31.70337,1423.12312,774.61653,2229.4430199999997
5189,2A,Tampa,0.65,0.1,33.10769,1401.99923,766.12897,2201.23589
5190,2A,Tampa,0.65,0.25,29.34895,1459.51195,788.7096799999999,2277.57058
5191,2A,Tampa,0.65,0.2,30.499909999999996,1441.46005,781.6789399999999,2253.6389
5192,2A,Tampa,0.65,0.30000000000000004,28.33551,1477.24715,795.74042,2301.32308
5193,2A,Tampa,0.65,0.35000000000000003,27.417080000000002,1494.9190099999998,802.42279,2324.75888
5194,2A,Tampa,0.65,0.45,25.696059999999996,1529.4709799999998,815.7558599999999,2370.9228999999996
5195,2A,Tampa,0.65,0.4,26.519479999999998,1512.2424999999998,809.13683,2347.8988099999997
5196,2A,Tampa,0.65,0.55,24.10172,1562.31277,827.6004399999999,2414.0149300000003
5197,2A,Tampa,0.65,0.5,24.89347,1546.3510899999999,822.40656,2393.65112
5198,2A,Tampa,0.65,0.6000000000000001,23.40498,1579.0662,833.9661099999998,2436.43729
5199,2A,Tampa,0.65,0.65,22.67657,1596.38969,840.4901299999999,2459.5563899999997
5200,2A,Tampa,0.65,0.7000000000000001,22.04317,1613.0164399999999,846.72912,2481.7887299999998
5201,2A,Tampa,0.65,0.75,21.4306,1629.26315,853.09479,2503.78854
5202,2A,Tampa,0.65,0.8500000000000001,20.258809999999997,1662.2632899999999,865.8261299999999,2548.3482299999996
5203,2A,Tampa,0.65,0.8,20.82887,1645.7948899999997,859.5237999999998,2526.1475599999994
5204,2A,Tampa,0.65,0.9500000000000001,19.24537,1693.9649599999998,877.9240699999999,2591.1344
5205,2A,Tampa,0.65,0.9,19.75209,1678.6050099999998,872.1284599999999,2570.4855599999996
5206,2A,Tampa,0.7000000000000001,0.01,37.32065,1361.1766,751.1173899999999,2149.61464
5207,2A,Tampa,0.7000000000000001,0.15000000000000002,32.60097,1422.3313699999999,775.5666299999999,2230.4989699999996
5208,2A,Tampa,0.7000000000000001,0.1,34.1003,1400.98579,766.88905,2201.97514
5209,2A,Tampa,0.7000000000000001,0.25,30.151539999999997,1460.5570599999999,790.6732199999999,2281.3818199999996
5210,2A,Tampa,0.7000000000000001,0.2,31.323329999999995,1441.65007,783.16743,2256.14083
5211,2A,Tampa,0.7000000000000001,0.30000000000000004,29.06392,1479.05234,798.1156699999999,2306.23193
5212,2A,Tampa,0.7000000000000001,0.35000000000000003,28.08215,1497.2625899999998,805.11474,2330.4594799999995
5213,2A,Tampa,0.7000000000000001,0.45,26.32946,1532.1312599999999,818.6695,2377.13022
5214,2A,Tampa,0.7000000000000001,0.4,27.15288,1514.8711099999998,811.9554599999999,2353.97945
5215,2A,Tampa,0.7000000000000001,0.55,24.70345,1564.9730499999998,830.89412,2420.57062
5216,2A,Tampa,0.7000000000000001,0.5,25.506039999999995,1549.0747099999999,825.4152099999999,2399.9959599999997
5217,2A,Tampa,0.7000000000000001,0.6000000000000001,24.00671,1581.3781099999999,837.06977,2442.45459
5218,2A,Tampa,0.7000000000000001,0.65,23.21496,1599.1766499999999,843.56212,2465.95373
5219,2A,Tampa,0.7000000000000001,0.7000000000000001,22.58156,1615.1699999999998,849.51608,2487.26764
5220,2A,Tampa,0.7000000000000001,0.75,21.94816,1631.1950199999997,855.6917299999999,2508.8349099999996
5221,2A,Tampa,0.7000000000000001,0.8500000000000001,20.76553,1663.8467899999998,868.26472,2552.87704
5222,2A,Tampa,0.7000000000000001,0.8,21.33559,1647.53674,861.99406,2530.86639
5223,2A,Tampa,0.7000000000000001,0.9500000000000001,19.720419999999997,1695.6118,880.5210099999998,2595.8532299999997
5224,2A,Tampa,0.7000000000000001,0.9,20.22714,1679.99849,874.4087000000001,2574.63433
5225,2A,Tampa,0.75,0.01,38.47160999999999,1359.1180499999998,751.33908,2148.92874
5226,2A,Tampa,0.75,0.15000000000000002,33.49857,1421.8246499999998,776.5167299999999,2231.8399499999996
5227,2A,Tampa,0.75,0.1,35.06124,1400.1940399999999,767.6491299999999,2202.9044099999996
5228,2A,Tampa,0.75,0.25,30.91162,1462.10889,792.85845,2285.87896
5229,2A,Tampa,0.75,0.2,32.15759,1442.2517999999998,784.81427,2259.2236599999997
5230,2A,Tampa,0.75,0.30000000000000004,29.7715,1481.3642499999999,800.64927,2311.78502
5231,2A,Tampa,0.75,0.35000000000000003,28.715550000000004,1499.9862099999998,808.0600499999999,2336.7618099999995
5232,2A,Tampa,0.75,0.45,26.89952,1535.5199499999999,821.96318,2384.3826499999996
5233,2A,Tampa,0.75,0.4,27.79712,1518.03811,815.1541299999999,2360.9893599999996
5234,2A,Tampa,0.75,0.55,25.284349999999996,1568.2984,834.5045,2428.0872499999996
5235,2A,Tampa,0.75,0.5,26.0761,1552.59008,828.67722,2407.3433999999997
5236,2A,Tampa,0.75,0.6000000000000001,24.5451,1584.26008,840.5217999999999,2449.32698
5237,2A,Tampa,0.75,0.65,23.75335,1602.3436499999998,846.8557999999999,2472.9527999999996
5238,2A,Tampa,0.75,0.7000000000000001,23.08828,1617.64026,852.49306,2493.2216
5239,2A,Tampa,0.75,0.75,22.45488,1633.38025,858.3203399999999,2514.1554699999997
5240,2A,Tampa,0.75,0.8500000000000001,21.27225,1665.5252999999998,870.73498,2557.5325299999995
5241,2A,Tampa,0.75,0.8,21.85315,1649.4052699999997,864.49599,2535.7544099999996
5242,2A,Tampa,0.75,0.9500000000000001,20.19547,1697.1002899999999,882.83292,2600.12868
5243,2A,Tampa,0.75,0.9,20.702189999999998,1681.4553099999998,876.78395,2578.94145
5244,2A,Tampa,0.8500000000000001,0.01,40.77353,1354.68425,751.33908,2146.79686
5245,2A,Tampa,0.8500000000000001,0.15000000000000002,35.47295,1418.34095,777.08679,2230.90069
5246,2A,Tampa,0.8500000000000001,0.1,37.13063,1396.36197,768.18752,2201.68012
5247,2A,Tampa,0.8500000000000001,0.25,32.632639999999995,1459.9869999999999,794.47362,2287.0932599999996
5248,2A,Tampa,0.8500000000000001,0.2,33.97362,1439.4015,786.0177299999999,2259.3928499999997
5249,2A,Tampa,0.8500000000000001,0.30000000000000004,31.429180000000002,1479.68574,802.5494699999999,2313.66439
5250,2A,Tampa,0.8500000000000001,0.35000000000000003,30.30989,1498.75108,810.21361,2339.2745800000002
5251,2A,Tampa,0.8500000000000001,0.45,28.367179999999998,1534.53818,824.4334399999999,2387.3388
5252,2A,Tampa,0.8500000000000001,0.4,29.285610000000002,1516.8663199999999,817.5610499999999,2363.71298
5253,2A,Tampa,0.8500000000000001,0.55,26.67783,1567.9500299999997,837.4814799999999,2432.10934
5254,2A,Tampa,0.8500000000000001,0.5,27.50125,1551.76666,831.11581,2410.38372
5255,2A,Tampa,0.8500000000000001,0.6000000000000001,25.88608,1583.56334,843.40377,2452.85319
5256,2A,Tampa,0.8500000000000001,0.65,24.95681,1602.02695,849.6427599999998,2476.62652
5257,2A,Tampa,0.8500000000000001,0.7000000000000001,24.29174,1616.8801799999999,855.05833,2496.2302499999996
5258,2A,Tampa,0.8500000000000001,0.75,23.62667,1632.3668099999998,860.7272599999999,2516.7207399999998
5259,2A,Tampa,0.8500000000000001,0.8500000000000001,22.39154,1663.87846,872.7935299999999,2559.06353
5260,2A,Tampa,0.8500000000000001,0.8,22.99327,1648.1067999999998,866.6178799999999,2537.7179499999997
5261,2A,Tampa,0.8500000000000001,0.9500000000000001,21.25142,1695.13675,884.6697799999998,2601.05795
5262,2A,Tampa,0.8500000000000001,0.9,21.82148,1679.65012,878.7158199999999,2580.18742
5263,2A,Tampa,0.8,0.01,39.622569999999996,1356.7427999999998,751.3074099999999,2147.67278
5264,2A,Tampa,0.8,0.15000000000000002,34.52285,1419.51274,776.6117399999999,2230.64733
5265,2A,Tampa,0.8,0.1,36.11719,1397.8504599999999,767.8074799999999,2201.77513
5266,2A,Tampa,0.8,0.25,31.80922,1460.8737599999997,793.7452099999999,2286.4281899999996
5267,2A,Tampa,0.8,0.2,33.10769,1440.50995,785.3209899999999,2258.9386299999996
5268,2A,Tampa,0.8,0.30000000000000004,30.59492,1480.47749,801.7893899999999,2312.8617999999997
5269,2A,Tampa,0.8,0.35000000000000003,29.54981,1499.51116,809.45353,2338.5145
5270,2A,Tampa,0.8,0.45,27.63877,1535.3616,823.61002,2386.61039
5271,2A,Tampa,0.8,0.4,28.5572,1517.7214099999999,816.7692999999999,2363.04791
5272,2A,Tampa,0.8,0.55,25.98109,1568.8367899999998,836.7530699999999,2431.57095
5273,2A,Tampa,0.8,0.5,26.804509999999997,1552.6534199999999,830.3240599999999,2409.7819899999995
5274,2A,Tampa,0.8,0.6000000000000001,25.22101,1584.64012,842.8020399999999,2452.66317
5275,2A,Tampa,0.8,0.65,24.32341,1603.2937499999998,849.10437,2476.72153
5276,2A,Tampa,0.8,0.7000000000000001,23.65834,1618.4320099999998,854.5516099999999,2496.6419599999995
5277,2A,Tampa,0.8,0.75,23.02494,1634.04532,860.3155499999999,2517.3858099999998
5278,2A,Tampa,0.8,0.8500000000000001,21.78981,1665.9686799999997,872.66685,2560.42534
5279,2A,Tampa,0.8,0.8,22.39154,1650.0069999999998,866.3961899999999,2538.7947299999996
5280,2A,Tampa,0.8,0.9500000000000001,20.670519999999996,1697.6070099999997,884.76479,2603.0423199999996
5281,2A,Tampa,0.8,0.9,21.20891,1681.89869,878.7158199999999,2581.8234199999997
5282,2A,Tampa,0.9500000000000001,0.01,42.980439999999994,1350.85218,751.43409,2145.26671
5283,2A,Tampa,0.9500000000000001,0.15000000000000002,37.29982,1416.37741,778.2585799999999,2231.93581
5284,2A,Tampa,0.9500000000000001,0.1,39.05251,1393.8917099999999,768.9159299999999,2201.8601499999995
5285,2A,Tampa,0.9500000000000001,0.25,34.30116,1458.68853,796.0571199999999,2289.04681
5286,2A,Tampa,0.9500000000000001,0.2,35.70548,1437.818,787.3162,2260.83968
5287,2A,Tampa,0.9500000000000001,0.30000000000000004,32.99185,1478.57729,804.25965,2315.82879
5288,2A,Tampa,0.9500000000000001,0.35000000000000003,31.840889999999998,1497.76931,811.9871299999999,2341.5973299999996
5289,2A,Tampa,0.9500000000000001,0.45,29.7715,1533.4930699999998,826.23863,2389.5031999999997
5290,2A,Tampa,0.9500000000000001,0.4,30.753269999999997,1515.94789,819.39791,2366.0990699999998
5291,2A,Tampa,0.9500000000000001,0.55,28.01881,1566.65156,839.03331,2433.70368
5292,2A,Tampa,0.9500000000000001,0.5,28.8739,1550.4681899999998,832.82599,2412.16808
5293,2A,Tampa,0.9500000000000001,0.6000000000000001,27.19539,1581.88483,844.8605899999999,2453.94081
5294,2A,Tampa,0.9500000000000001,0.65,26.234449999999995,1599.87339,850.87789,2476.98573
5295,2A,Tampa,0.9500000000000001,0.7000000000000001,25.53771,1614.25157,856.0717699999999,2495.86105
5296,2A,Tampa,0.9500000000000001,0.75,24.8618,1629.1681399999998,861.36066,2515.3905999999997
5297,2A,Tampa,0.9500000000000001,0.8500000000000001,23.56333,1659.8880399999998,872.95188,2556.40325
5298,2A,Tampa,0.9500000000000001,0.8,24.19673,1644.5280899999998,867.28295,2536.0077699999997
5299,2A,Tampa,0.9500000000000001,0.9500000000000001,22.39154,1690.44959,884.73312,2597.57425
5300,2A,Tampa,0.9500000000000001,0.9,22.99327,1675.24799,878.8741699999999,2577.11543
5301,2A,Tampa,0.9,0.01,41.86115,1352.7207099999998,751.43409,2146.01595
5302,2A,Tampa,0.9,0.15000000000000002,36.37055,1417.2958399999998,777.65685,2231.3232399999997
5303,2A,Tampa,0.9,0.1,38.09157,1395.0635,768.5358899999999,2201.69096
5304,2A,Tampa,0.9,0.25,33.466899999999995,1459.32193,795.2336999999999,2288.0225299999997
5305,2A,Tampa,0.9,0.2,34.83955,1438.51474,786.65113,2260.00542
5306,2A,Tampa,0.9,0.30000000000000004,32.220929999999996,1479.0840099999998,803.40456,2314.7095
5307,2A,Tampa,0.9,0.35000000000000003,31.080809999999996,1498.2126899999998,811.13204,2340.4255399999997
5308,2A,Tampa,0.9,0.45,29.06392,1533.93645,825.35187,2388.35224
5309,2A,Tampa,0.9,0.4,30.02486,1516.2962599999998,818.41614,2364.73726
5310,2A,Tampa,0.9,0.55,27.35374,1567.18995,838.17822,2432.72191
5311,2A,Tampa,0.9,0.5,28.17716,1551.06992,831.93923,2411.18631
5312,2A,Tampa,0.9,0.6000000000000001,26.551149999999996,1582.70825,844.1005099999999,2453.3599099999997
5313,2A,Tampa,0.9,0.65,25.60105,1600.82349,850.24449,2476.66903
5314,2A,Tampa,0.9,0.7000000000000001,24.89347,1615.4867,855.4700399999999,2495.8502099999996
5315,2A,Tampa,0.9,0.75,24.2284,1630.7199699999999,861.01229,2515.9606599999997
5316,2A,Tampa,0.9,0.8500000000000001,22.99327,1661.85158,872.85687,2557.70172
5317,2A,Tampa,0.9,0.8,23.595000000000002,1646.2699400000001,866.8712400000001,2536.7361800000003
5318,2A,Tampa,0.9,0.9500000000000001,21.82148,1692.7614999999998,884.73312,2599.3161
5319,2A,Tampa,0.9,0.9,22.39154,1677.43322,878.8741699999999,2578.69893
5320,2B,Tucson,0.01,0.01,20.13383,1186.3582,882.6745699999999,2089.1665999999996
5321,2B,Tucson,0.01,0.15000000000000002,17.916929999999997,1241.74903,904.97025,2164.63621
5322,2B,Tucson,0.01,0.1,18.62366,1221.86027,897.02108,2137.50501
5323,2B,Tucson,0.01,0.25,16.69264,1278.29621,918.96839,2213.9572399999997
5324,2B,Tucson,0.01,0.2,17.29437,1260.05429,912.1593399999999,2189.508
5325,2B,Tucson,0.01,0.30000000000000004,16.12258,1296.3797799999998,926.0307999999999,2238.5331599999995
5326,2B,Tucson,0.01,0.35000000000000003,15.61586,1314.5900299999998,933.0615399999999,2263.26743
5327,2B,Tucson,0.01,0.45,14.539079999999998,1353.5757999999998,948.1997999999999,2316.3146799999995
5328,2B,Tucson,0.01,0.4,15.07747,1333.68704,940.50399,2289.2685
5329,2B,Tucson,0.01,0.55,13.66316,1391.04141,962.8630099999998,2367.56758
5330,2B,Tucson,0.01,0.5,14.074869999999999,1372.35611,955.5155699999999,2341.9465499999997
5331,2B,Tucson,0.01,0.6000000000000001,13.27313,1409.9484,970.1154399999999,2393.33697
5332,2B,Tucson,0.01,0.65,12.903929999999999,1428.76038,977.52622,2419.19053
5333,2B,Tucson,0.01,0.7000000000000001,12.52389,1447.47735,984.7786499999999,2444.77989
5334,2B,Tucson,0.01,0.75,12.164679999999999,1466.41601,992.0627499999999,2470.64344
5335,2B,Tucson,0.01,0.8500000000000001,11.489619999999999,1504.10331,1007.0743299999999,2522.66726
5336,2B,Tucson,0.01,0.8,11.827149999999998,1485.25966,999.4735299999999,2496.56034
5337,2B,Tucson,0.01,0.9500000000000001,10.908719999999999,1541.5372499999999,1022.05424,2574.5002099999997
5338,2B,Tucson,0.01,0.9,11.18291,1522.85195,1014.5167799999998,2548.5516399999997
5339,2B,Tucson,0.05,0.01,21.14727,1182.90617,884.0680499999999,2088.1214899999995
5340,2B,Tucson,0.05,0.15000000000000002,18.80369,1238.3920099999998,906.2053799999999,2163.4010799999996
5341,2B,Tucson,0.05,0.1,19.563769999999998,1218.50325,898.0345199999999,2136.1015399999997
5342,2B,Tucson,0.05,0.25,17.48439,1274.8125099999997,920.2985299999999,2212.59543
5343,2B,Tucson,0.05,0.2,18.10695,1256.6656,913.26779,2188.04034
5344,2B,Tucson,0.05,0.30000000000000004,16.903489999999998,1292.9277499999998,927.3609399999999,2237.1921799999996
5345,2B,Tucson,0.05,0.35000000000000003,16.34427,1311.0113199999998,934.3283399999999,2261.6839299999997
5346,2B,Tucson,0.05,0.45,15.204149999999997,1349.9970899999998,949.1498999999999,2314.3511399999998
5347,2B,Tucson,0.05,0.4,15.77421,1330.1399999999999,941.6124399999999,2287.52665
5348,2B,Tucson,0.05,0.55,14.3074,1387.4310299999997,963.97146,2365.7098899999996
5349,2B,Tucson,0.05,0.5,14.739939999999999,1368.68239,956.7190299999999,2340.1413599999996
5350,2B,Tucson,0.05,0.6000000000000001,13.874859999999998,1406.17967,971.3188999999999,2391.3734299999996
5351,2B,Tucson,0.05,0.65,13.473989999999999,1424.9599799999999,978.603,2417.0369699999997
5352,2B,Tucson,0.05,0.7000000000000001,13.06228,1443.6452799999997,986.0137799999999,2442.7213399999996
5353,2B,Tucson,0.05,0.75,12.671399999999998,1462.45726,993.3295499999999,2468.45821
5354,2B,Tucson,0.05,0.8500000000000001,12.00718,1500.0178799999999,1007.9610899999999,2519.9861499999997
5355,2B,Tucson,0.05,0.8,12.33387,1481.26924,1000.6453199999999,2494.2484299999996
5356,2B,Tucson,0.05,0.9500000000000001,11.352099999999998,1537.51516,1023.06768,2571.93494
5357,2B,Tucson,0.05,0.9,11.65796,1518.76652,1015.56189,2545.9863699999996
5358,2B,Tucson,0.15000000000000002,0.01,23.69171,1174.9569999999999,886.60165,2085.25036
5359,2B,Tucson,0.15000000000000002,0.15000000000000002,20.988919999999997,1230.9812299999999,908.9923399999999,2160.96249
5360,2B,Tucson,0.15000000000000002,0.1,21.88652,1210.93412,901.0115,2133.83214
5361,2B,Tucson,0.15000000000000002,0.25,19.49044,1267.18004,923.2438399999999,2209.91432
5362,2B,Tucson,0.15000000000000002,0.2,20.218849999999996,1249.1598099999999,916.2447699999999,2185.6234299999996
5363,2B,Tucson,0.15000000000000002,0.30000000000000004,18.81453,1285.13693,930.30625,2234.25771
5364,2B,Tucson,0.15000000000000002,0.35000000000000003,18.201959999999996,1303.06215,937.2736499999999,2258.53776
5365,2B,Tucson,0.15000000000000002,0.45,16.925169999999998,1341.95291,951.90519,2310.78327
5366,2B,Tucson,0.15000000000000002,0.4,17.5794,1322.25417,944.46274,2284.29631
5367,2B,Tucson,0.15000000000000002,0.55,15.88006,1379.1968299999999,966.69508,2361.77197
5368,2B,Tucson,0.15000000000000002,0.5,16.365099999999998,1360.60654,959.44265,2336.4142899999997
5369,2B,Tucson,0.15000000000000002,0.6000000000000001,15.384179999999999,1397.81879,974.0741899999999,2387.27716
5370,2B,Tucson,0.15000000000000002,0.65,14.91997,1416.4724199999998,981.5166399999999,2412.90903
5371,2B,Tucson,0.15000000000000002,0.7000000000000001,14.48743,1435.0943799999998,988.9590899999998,2438.5408999999995
5372,2B,Tucson,0.15000000000000002,0.75,14.022369999999997,1453.5896599999999,996.3382,2463.95023
5373,2B,Tucson,0.15000000000000002,0.8500000000000001,13.263139999999998,1490.89692,1010.8430599999999,2515.00312
5374,2B,Tucson,0.15000000000000002,0.8,13.621499999999997,1472.27496,1003.4006099999999,2489.2970699999996
5375,2B,Tucson,0.15000000000000002,0.9500000000000001,12.555559999999998,1528.04583,1025.66462,2566.2660100000003
5376,2B,Tucson,0.15000000000000002,0.9,12.883099999999997,1509.4238699999999,1018.2538399999999,2540.56081
5377,2B,Tucson,0.1,0.01,22.41407,1178.7257299999999,885.30318,2086.44298
5378,2B,Tucson,0.1,0.15000000000000002,19.88047,1234.52827,907.69387,2162.10261
5379,2B,Tucson,0.1,0.1,20.71473,1214.51283,899.5230099999999,2134.7505699999997
5380,2B,Tucson,0.1,0.25,18.49783,1270.82209,921.75535,2211.07527
5381,2B,Tucson,0.1,0.2,19.1629,1252.7385199999999,914.81962,2186.72104
5382,2B,Tucson,0.1,0.30000000000000004,17.864430000000002,1288.87399,928.84943,2235.58785
5383,2B,Tucson,0.1,0.35000000000000003,17.2627,1306.8625499999998,935.9118399999999,2260.03709
5384,2B,Tucson,0.1,0.45,16.05924,1345.87999,950.60672,2312.5459499999997
5385,2B,Tucson,0.1,0.4,16.660970000000002,1326.14958,942.9109100000001,2285.7214599999998
5386,2B,Tucson,0.1,0.55,15.09915,1383.18725,965.49162,2363.7780199999997
5387,2B,Tucson,0.1,0.5,15.541679999999998,1364.50195,957.8274799999999,2337.87111
5388,2B,Tucson,0.1,0.6000000000000001,14.624099999999999,1401.77754,972.77572,2389.17736
5389,2B,Tucson,0.1,0.65,14.202399999999999,1420.52618,980.15483,2414.88341
5390,2B,Tucson,0.1,0.7000000000000001,13.790689999999998,1439.1798099999999,987.69229,2440.66279
5391,2B,Tucson,0.1,0.75,13.368139999999999,1457.80177,994.81804,2465.98795
5392,2B,Tucson,0.1,0.8500000000000001,12.640579999999998,1495.2990499999999,1009.3545699999999,2517.2942
5393,2B,Tucson,0.1,0.8,12.988099999999998,1476.6454199999998,1002.1971499999999,2491.83067
5394,2B,Tucson,0.1,0.9500000000000001,11.953829999999998,1532.70132,1024.30281,2568.9579599999997
5395,2B,Tucson,0.1,0.9,12.270529999999999,1513.88934,1016.79702,2542.95689
5396,2B,Tucson,0.25,0.01,26.16197,1168.1796199999999,888.8185499999998,2083.16014
5397,2B,Tucson,0.25,0.15000000000000002,23.110809999999997,1224.86892,912.00099,2159.9807199999996
5398,2B,Tucson,0.25,0.1,24.092579999999998,1204.56845,903.6401099999999,2132.30114
5399,2B,Tucson,0.25,0.25,21.48565,1260.81437,926.09414,2208.3941600000003
5400,2B,Tucson,0.25,0.2,22.277399999999997,1242.76247,918.9050499999998,2183.94492
5401,2B,Tucson,0.25,0.30000000000000004,20.725569999999998,1278.64458,932.9348599999998,2232.30501
5402,2B,Tucson,0.25,0.35000000000000003,20.01799,1296.3797799999998,940.12395,2256.5217199999997
5403,2B,Tucson,0.25,0.45,18.59284,1335.23887,954.9138399999999,2308.7455499999996
5404,2B,Tucson,0.25,0.4,19.321250000000003,1315.47679,947.31304,2282.1110799999997
5405,2B,Tucson,0.25,0.55,17.43189,1372.1977599999998,969.5770499999999,2359.2066999999997
5406,2B,Tucson,0.25,0.5,17.991110000000003,1353.63914,962.2296099999999,2333.8598599999996
5407,2B,Tucson,0.25,0.6000000000000001,16.87267,1390.7563799999998,977.0828399999999,2384.7118899999996
5408,2B,Tucson,0.25,0.65,16.345119999999998,1409.25166,984.5569599999999,2410.1537399999997
5409,2B,Tucson,0.25,0.7000000000000001,15.870069999999998,1427.71527,991.61937,2435.20471
5410,2B,Tucson,0.25,0.75,15.352509999999997,1446.11554,999.0301499999999,2460.4982
5411,2B,Tucson,0.25,0.8500000000000001,14.48743,1483.07443,1013.4716699999999,2511.0335299999997
5412,2B,Tucson,0.25,0.8,14.90913,1464.5791499999998,1006.5359399999999,2486.02422
5413,2B,Tucson,0.25,0.9500000000000001,13.68484,1519.7799599999998,1028.10321,2561.56801
5414,2B,Tucson,0.25,0.9,14.118229999999999,1501.44303,1020.7241,2536.28536
5415,2B,Tucson,0.2,0.01,24.937679999999997,1171.4732999999999,887.7734399999999,2084.1844199999996
5416,2B,Tucson,0.2,0.15000000000000002,22.0657,1227.81423,910.6075099999998,2160.48744
5417,2B,Tucson,0.2,0.1,22.994970000000002,1207.7037799999998,902.4683199999998,2133.1670699999995
5418,2B,Tucson,0.2,0.25,20.50388,1263.88636,924.6373199999999,2209.02756
5419,2B,Tucson,0.2,0.2,21.263959999999997,1245.7711199999999,917.63825,2184.6733299999996
5420,2B,Tucson,0.2,0.30000000000000004,19.807139999999997,1281.7482400000001,931.6997299999999,2233.25511
5421,2B,Tucson,0.2,0.35000000000000003,19.120389999999997,1299.57845,938.6987999999999,2257.39764
5422,2B,Tucson,0.2,0.45,17.78026,1338.5008799999998,953.3620099999998,2309.64315
5423,2B,Tucson,0.2,0.4,18.43449,1318.7071299999998,945.88789,2283.02951
5424,2B,Tucson,0.2,0.55,16.64014,1375.58645,968.21524,2360.4418299999998
5425,2B,Tucson,0.2,0.5,17.199360000000002,1356.96449,960.8361299999999,2334.99998
5426,2B,Tucson,0.2,0.6000000000000001,16.14426,1394.0817299999999,975.34099,2385.56698
5427,2B,Tucson,0.2,0.65,15.64838,1412.7036899999998,982.8467799999999,2411.1988499999998
5428,2B,Tucson,0.2,0.7000000000000001,15.184169999999998,1431.2623099999998,990.28923,2436.73571
5429,2B,Tucson,0.2,0.75,14.687439999999997,1449.69425,997.6049999999999,2461.9866899999997
5430,2B,Tucson,0.2,0.8500000000000001,13.885699999999998,1486.81149,1012.1415299999999,2512.8387199999997
5431,2B,Tucson,0.2,0.8,14.2549,1468.25287,1004.9841099999999,2487.4918799999996
5432,2B,Tucson,0.2,0.9500000000000001,13.114779999999998,1523.7387099999999,1026.89975,2563.75324
5433,2B,Tucson,0.2,0.9,13.505659999999997,1505.24343,1019.4572999999999,2538.20639
5434,2B,Tucson,0.30000000000000004,0.01,27.3971,1164.91761,890.2437,2082.5584099999996
5435,2B,Tucson,0.30000000000000004,0.15000000000000002,24.135089999999998,1222.58868,913.45781,2160.18158
5436,2B,Tucson,0.30000000000000004,0.1,25.1802,1202.03485,905.0652599999999,2132.28031
5437,2B,Tucson,0.30000000000000004,0.25,22.37241,1259.7692599999998,928.1210199999999,2210.2626899999996
5438,2B,Tucson,0.30000000000000004,0.2,23.18499,1241.17897,920.6785699999999,2185.0425299999997
5439,2B,Tucson,0.30000000000000004,0.30000000000000004,21.580659999999998,1278.04285,935.18343,2234.8069400000004
5440,2B,Tucson,0.30000000000000004,0.35000000000000003,20.80974,1296.3797799999998,942.7208899999999,2259.9104099999995
5441,2B,Tucson,0.30000000000000004,0.45,19.447930000000003,1333.21199,957.3841,2310.0440200000003
5442,2B,Tucson,0.30000000000000004,0.4,20.113,1314.81172,949.9099799999999,2284.8347
5443,2B,Tucson,0.30000000000000004,0.55,18.14946,1369.0307599999999,970.84385,2358.02407
5444,2B,Tucson,0.30000000000000004,0.5,18.81453,1351.48558,964.4465099999999,2334.74662
5445,2B,Tucson,0.30000000000000004,0.6000000000000001,17.590239999999998,1387.52604,978.0962799999999,2383.21256
5446,2B,Tucson,0.30000000000000004,0.65,17.073529999999998,1406.0213199999998,985.53873,2408.6335799999997
5447,2B,Tucson,0.30000000000000004,0.7000000000000001,16.53514,1424.35825,992.8861699999999,2433.77956
5448,2B,Tucson,0.30000000000000004,0.75,16.01758,1442.69518,1000.2652799999998,2458.97804
5449,2B,Tucson,0.30000000000000004,0.8500000000000001,15.10999,1479.4640499999998,1014.9918299999999,2509.5658699999994
5450,2B,Tucson,0.30000000000000004,0.8,15.54253,1461.09545,1007.70773,2484.34571
5451,2B,Tucson,0.30000000000000004,0.9500000000000001,14.286569999999998,1516.0112299999998,1029.2749999999999,2559.5728
5452,2B,Tucson,0.30000000000000004,0.9,14.677449999999999,1497.86432,1022.1809199999999,2534.7226899999996
5453,2B,Tucson,0.35000000000000003,0.01,28.6114,1161.90896,891.0037799999999,2081.52414
5454,2B,Tucson,0.35000000000000003,0.15000000000000002,25.13769,1220.0550799999999,914.40791,2159.60068
5455,2B,Tucson,0.35000000000000003,0.1,26.25698,1199.31123,906.0470299999998,2131.6152399999996
5456,2B,Tucson,0.35000000000000003,0.25,23.29084,1257.10898,929.03945,2209.43927
5457,2B,Tucson,0.35000000000000003,0.2,24.16676,1238.5820299999998,921.7236800000001,2184.4724699999997
5458,2B,Tucson,0.35000000000000003,0.30000000000000004,22.49909,1275.3509,936.22854,2234.07853
5459,2B,Tucson,0.35000000000000003,0.35000000000000003,21.70734,1293.6878299999998,943.6709900000001,2259.06616
5460,2B,Tucson,0.35000000000000003,0.45,20.27135,1330.29835,958.14418,2308.7138800000002
5461,2B,Tucson,0.35000000000000003,0.4,20.97893,1311.92975,950.9550899999999,2283.86377
5462,2B,Tucson,0.35000000000000003,0.55,18.920379999999998,1366.08545,971.6672699999999,2356.6731
5463,2B,Tucson,0.35000000000000003,0.5,19.61712,1348.54027,965.52329,2333.68068
5464,2B,Tucson,0.35000000000000003,0.6000000000000001,18.318649999999998,1384.54906,979.33141,2382.19912
5465,2B,Tucson,0.35000000000000003,0.65,17.74859,1402.94933,986.5521699999999,2407.2500899999995
5466,2B,Tucson,0.35000000000000003,0.7000000000000001,17.20021,1421.31793,994.2163099999999,2432.73445
5467,2B,Tucson,0.35000000000000003,0.75,16.69349,1439.52818,1001.46874,2457.69041
5468,2B,Tucson,0.35000000000000003,0.8500000000000001,15.711719999999998,1476.10703,1016.1002799999999,2507.91903
5469,2B,Tucson,0.35000000000000003,0.8,16.17593,1457.8334399999999,1008.62616,2482.63553
5470,2B,Tucson,0.35000000000000003,0.9500000000000001,14.85663,1512.3375099999998,1030.41512,2557.6092599999997
5471,2B,Tucson,0.35000000000000003,0.9,15.26834,1494.47563,1023.44772,2533.19169
5472,2B,Tucson,0.45,0.01,30.94414,1156.52506,893.22068,2080.68988
5473,2B,Tucson,0.45,0.15000000000000002,27.175410000000003,1215.74796,917.19487,2160.11824
5474,2B,Tucson,0.45,0.1,28.399699999999996,1194.65574,908.51729,2131.57273
5475,2B,Tucson,0.45,0.25,25.1277,1252.51683,931.60472,2209.24925
5476,2B,Tucson,0.45,0.2,26.10947,1234.08489,924.5739799999999,2184.76834
5477,2B,Tucson,0.45,0.30000000000000004,24.272609999999997,1270.6003999999998,938.79381,2233.66682
5478,2B,Tucson,0.45,0.35000000000000003,23.40668,1288.81065,946.1095799999999,2258.3269099999998
5479,2B,Tucson,0.45,0.45,21.85485,1325.26282,960.6777799999999,2307.7954499999996
5480,2B,Tucson,0.45,0.4,22.61493,1307.08424,953.2986699999999,2282.99784
5481,2B,Tucson,0.45,0.55,20.419710000000002,1360.8282299999998,974.04252,2355.2904599999997
5482,2B,Tucson,0.45,0.5,21.16895,1343.4097299999999,967.96188,2332.54056
5483,2B,Tucson,0.45,0.6000000000000001,19.78631,1379.1018199999999,981.4216299999999,2380.3097599999996
5484,2B,Tucson,0.45,0.65,19.142069999999997,1397.3754099999999,988.61072,2405.1282
5485,2B,Tucson,0.45,0.7000000000000001,18.551180000000002,1415.68067,995.79981,2430.0316599999996
5486,2B,Tucson,0.45,0.75,17.98112,1433.73257,1003.17892,2454.89261
5487,2B,Tucson,0.45,0.8500000000000001,16.93601,1470.02639,1017.8737999999998,2504.8361999999997
5488,2B,Tucson,0.45,0.8,17.44273,1451.9428199999998,1010.62137,2480.00692
5489,2B,Tucson,0.45,0.9500000000000001,15.996749999999999,1505.5918,1032.25198,2553.84053
5490,2B,Tucson,0.45,0.9,16.45097,1488.1416299999999,1025.09456,2529.68716
5491,2B,Tucson,0.4,0.01,29.772349999999996,1159.15367,891.92221,2080.8482299999996
5492,2B,Tucson,0.4,0.15000000000000002,26.16197,1217.80651,915.8647299999999,2159.83321
5493,2B,Tucson,0.4,0.1,27.333759999999998,1196.84097,907.5038499999999,2131.67858
5494,2B,Tucson,0.4,0.25,24.24094,1254.67039,930.24291,2209.15424
5495,2B,Tucson,0.4,0.2,25.14853,1236.2067799999998,923.08549,2184.4408
5496,2B,Tucson,0.4,0.30000000000000004,23.385849999999998,1272.88064,937.55868,2233.82517
5497,2B,Tucson,0.4,0.35000000000000003,22.56243,1291.09089,944.8427799999998,2258.4961
5498,2B,Tucson,0.4,0.45,21.09477,1327.63807,959.4743199999999,2308.20716
5499,2B,Tucson,0.4,0.4,21.79151,1309.4278199999999,952.1902200000001,2283.40955
5500,2B,Tucson,0.4,0.55,19.680459999999997,1363.36183,972.9340699999999,2355.97636
5501,2B,Tucson,0.4,0.5,20.3772,1345.87999,966.69508,2332.9522699999998
5502,2B,Tucson,0.4,0.6000000000000001,19.04706,1381.6354199999998,980.12316,2380.80564
5503,2B,Tucson,0.4,0.65,18.44533,1399.97235,987.4072599999998,2405.82494
5504,2B,Tucson,0.4,0.7000000000000001,17.89695,1418.34095,994.81804,2431.05594
5505,2B,Tucson,0.4,0.75,17.31605,1436.61454,1002.57719,2456.50778
5506,2B,Tucson,0.4,0.8500000000000001,16.31345,1473.03504,1017.17706,2506.5255500000003
5507,2B,Tucson,0.4,0.8,16.80933,1454.79312,1010.0829799999999,2481.68543
5508,2B,Tucson,0.4,0.9500000000000001,15.426689999999999,1508.9488199999998,1031.46023,2555.8357399999995
5509,2B,Tucson,0.4,0.9,15.880909999999998,1491.2452899999998,1024.23947,2531.36567
5510,2B,Tucson,0.55,0.01,33.25605,1151.64788,895.46925,2080.37318
5511,2B,Tucson,0.55,0.15000000000000002,29.12811,1212.10591,919.98183,2161.21585
5512,2B,Tucson,0.55,0.1,30.458249999999996,1190.69699,911.01922,2132.1744599999997
5513,2B,Tucson,0.55,0.25,26.9754,1248.62142,934.20166,2209.79848
5514,2B,Tucson,0.55,0.2,27.99883,1230.34783,927.10758,2185.45424
5515,2B,Tucson,0.55,0.30000000000000004,26.025299999999998,1266.70499,941.4540899999998,2234.1843799999997
5516,2B,Tucson,0.55,0.35000000000000003,25.096029999999995,1284.8519,948.6115099999998,2258.5594399999995
5517,2B,Tucson,0.55,0.45,23.449189999999998,1320.9557,963.27472,2307.67961
5518,2B,Tucson,0.55,0.4,24.2301,1302.84046,955.9589500000001,2283.02951
5519,2B,Tucson,0.55,0.55,21.87653,1356.4261,976.6077899999999,2354.9104199999997
5520,2B,Tucson,0.55,0.5,22.6466,1339.0076,970.4954799999999,2332.14968
5521,2B,Tucson,0.55,0.6000000000000001,21.17979,1374.50967,983.7652099999999,2379.4546699999996
5522,2B,Tucson,0.55,0.65,20.51472,1392.59324,991.04931,2404.1572699999997
5523,2B,Tucson,0.55,0.7000000000000001,19.881320000000002,1410.80349,998.30174,2428.98655
5524,2B,Tucson,0.55,0.75,19.24792,1428.85539,1005.3324799999999,2453.43579
5525,2B,Tucson,0.55,0.8500000000000001,18.139470000000003,1464.7691699999998,1019.90068,2502.80932
5526,2B,Tucson,0.55,0.8,18.66702,1446.84395,1012.61658,2478.12755
5527,2B,Tucson,0.55,0.9500000000000001,17.168539999999997,1499.4161499999998,1033.6771299999998,2550.2618199999997
5528,2B,Tucson,0.55,0.9,17.64359,1482.6943899999999,1027.15311,2527.4910899999995
5529,2B,Tucson,0.5,0.01,32.11593,1153.9597899999999,894.2974599999999,2080.3731799999996
5530,2B,Tucson,0.5,0.15000000000000002,28.157179999999997,1213.8160899999998,918.58835,2160.5616199999995
5531,2B,Tucson,0.5,0.1,29.43397,1192.59719,909.84743,2131.8785900000003
5532,2B,Tucson,0.5,0.25,26.077799999999996,1250.4582799999998,932.9348599999998,2209.4709399999997
5533,2B,Tucson,0.5,0.2,27.102079999999997,1232.08968,925.8091099999999,2185.00087
5534,2B,Tucson,0.5,0.30000000000000004,25.15937,1268.60519,940.0922799999998,2233.85684
5535,2B,Tucson,0.5,0.35000000000000003,24.26177,1286.6887599999998,947.3763799999999,2258.3269099999998
5536,2B,Tucson,0.5,0.45,22.6466,1323.0459199999998,961.91291,2307.6054299999996
5537,2B,Tucson,0.5,0.4,23.43835,1304.93068,954.75549,2283.12452
5538,2B,Tucson,0.5,0.55,21.14812,1358.54799,975.2776499999999,2354.97376
5539,2B,Tucson,0.5,0.5,21.91819,1341.09782,969.22868,2332.24469
5540,2B,Tucson,0.5,0.6000000000000001,20.472209999999997,1376.7265699999998,982.6250899999999,2379.8238699999997
5541,2B,Tucson,0.5,0.65,19.81798,1394.93682,989.7825099999999,2404.5373099999997
5542,2B,Tucson,0.5,0.7000000000000001,19.216250000000002,1413.1154,997.0666099999999,2429.39826
5543,2B,Tucson,0.5,0.75,18.603679999999997,1431.2623099999998,1004.3823799999999,2454.24837
5544,2B,Tucson,0.5,0.8500000000000001,17.53774,1467.2711,1018.7922299999999,2503.6010699999997
5545,2B,Tucson,0.5,0.8,18.07613,1449.28254,1011.63481,2478.99348
5546,2B,Tucson,0.5,0.9500000000000001,16.59848,1502.4247999999998,1032.82204,2551.84532
5547,2B,Tucson,0.5,0.9,17.0527,1485.3863399999998,1026.1713399999999,2528.6103799999996
5548,2B,Tucson,0.6000000000000001,0.01,34.39617,1149.4309799999999,896.4826899999999,2080.30984
5549,2B,Tucson,0.6000000000000001,0.15000000000000002,30.07821,1210.52241,921.2802999999999,2161.8809199999996
5550,2B,Tucson,0.6000000000000001,0.1,31.48253,1188.95514,912.31769,2132.75536
5551,2B,Tucson,0.6000000000000001,0.25,27.86216,1247.00625,935.59514,2210.46355
5552,2B,Tucson,0.6000000000000001,0.2,28.91726,1228.7959999999998,928.5010599999999,2186.2143199999996
5553,2B,Tucson,0.6000000000000001,0.30000000000000004,26.837879999999995,1265.02648,942.87924,2234.7436
5554,2B,Tucson,0.6000000000000001,0.35000000000000003,25.919449999999998,1283.17339,949.9416499999999,2259.03449
5555,2B,Tucson,0.6000000000000001,0.45,24.20927,1319.0871699999998,964.54152,2307.83796
5556,2B,Tucson,0.6000000000000001,0.4,25.02185,1301.06694,957.22575,2283.31454
5557,2B,Tucson,0.6000000000000001,0.55,22.594099999999997,1354.46256,977.9696,2355.02626
5558,2B,Tucson,0.6000000000000001,0.5,23.40668,1337.07573,971.6989399999999,2332.18135
5559,2B,Tucson,0.6000000000000001,0.6000000000000001,21.87653,1372.54613,984.9053299999999,2379.3279899999998
5560,2B,Tucson,0.6000000000000001,0.65,21.17979,1390.5030199999999,992.2527699999999,2403.93558
5561,2B,Tucson,0.6000000000000001,0.7000000000000001,20.51472,1408.5549199999998,999.4735299999999,2428.5431699999995
5562,2B,Tucson,0.6000000000000001,0.75,19.87048,1426.6068199999997,1006.44093,2452.9182299999998
5563,2B,Tucson,0.6000000000000001,0.8500000000000001,18.7412,1462.4255899999998,1020.8191099999999,2501.9858999999997
5564,2B,Tucson,0.6000000000000001,0.8,19.30042,1444.56371,1013.78837,2477.6525
5565,2B,Tucson,0.6000000000000001,0.9500000000000001,17.738599999999998,1496.59752,1034.53222,2548.86834
5566,2B,Tucson,0.6000000000000001,0.9,18.213649999999998,1480.2241299999998,1028.10321,2526.5409899999995
5567,2B,Tucson,0.65,0.01,35.52545,1147.4041,897.7178199999998,2080.6473699999997
5568,2B,Tucson,0.65,0.15000000000000002,31.007479999999997,1210.01569,923.0538199999999,2164.0769899999996
5569,2B,Tucson,0.65,0.1,32.443470000000005,1188.00504,914.1228799999999,2134.57139
5570,2B,Tucson,0.65,0.25,28.643069999999998,1248.14637,938.3187599999999,2215.1081999999997
5571,2B,Tucson,0.65,0.2,29.751519999999996,1229.1760399999998,930.7496299999999,2189.67719
5572,2B,Tucson,0.65,0.30000000000000004,27.57713,1266.8633399999999,945.9195599999999,2240.36003
5573,2B,Tucson,0.65,0.35000000000000003,26.57368,1285.45363,953.42535,2265.45266
5574,2B,Tucson,0.65,0.45,24.84267,1321.9057999999998,968.12023,2314.8687
5575,2B,Tucson,0.65,0.4,25.68692,1303.75889,960.6777799999999,2290.12359
5576,2B,Tucson,0.65,0.55,23.195829999999997,1357.02783,981.67499,2361.89865
5577,2B,Tucson,0.65,0.5,24.008409999999998,1339.98937,975.4676699999999,2339.4654499999997
5578,2B,Tucson,0.65,0.6000000000000001,22.44659,1374.8580399999998,988.61072,2385.9153499999998
5579,2B,Tucson,0.65,0.65,21.697349999999997,1393.5750099999998,996.0531699999999,2411.3255299999996
5580,2B,Tucson,0.65,0.7000000000000001,21.04227,1411.3102099999999,1002.9889,2435.34138
5581,2B,Tucson,0.65,0.75,20.40887,1429.14042,1009.9562999999998,2459.5055899999998
5582,2B,Tucson,0.65,0.8500000000000001,19.24792,1464.7058299999999,1024.23947,2508.19322
5583,2B,Tucson,0.65,0.8,19.77547,1446.9072899999999,1017.1137200000001,2483.79648
5584,2B,Tucson,0.65,0.9500000000000001,18.213649999999998,1499.13112,1037.98425,2555.32902
5585,2B,Tucson,0.65,0.9,18.677860000000003,1482.3776899999998,1031.3335499999998,2532.3890999999994
5586,2B,Tucson,0.7000000000000001,0.01,36.6339,1145.5039,898.7312599999999,2080.86906
5587,2B,Tucson,0.7000000000000001,0.15000000000000002,31.894239999999996,1209.69899,924.8590099999999,2166.45224
5588,2B,Tucson,0.7000000000000001,0.1,33.3619,1187.37164,915.6747099999999,2136.40825
5589,2B,Tucson,0.7000000000000001,0.25,29.37148,1249.72987,941.35908,2220.46043
5590,2B,Tucson,0.7000000000000001,0.2,30.564099999999996,1229.87278,933.0932099999999,2193.5300899999997
5591,2B,Tucson,0.7000000000000001,0.30000000000000004,28.2422,1269.17525,949.05489,2246.47234
5592,2B,Tucson,0.7000000000000001,0.35000000000000003,27.21792,1288.30393,956.9090499999999,2272.4309
5593,2B,Tucson,0.7000000000000001,0.45,25.41273,1325.32616,972.0789799999999,2322.81787
5594,2B,Tucson,0.7000000000000001,0.4,26.288649999999997,1307.0209,964.4465099999999,2297.7560599999997
5595,2B,Tucson,0.7000000000000001,0.55,23.76589,1360.38485,985.66541,2369.8161499999997
5596,2B,Tucson,0.7000000000000001,0.5,24.578470000000003,1343.4097299999999,979.33141,2347.3196099999996
5597,2B,Tucson,0.7000000000000001,0.6000000000000001,23.00581,1377.9300299999998,992.56947,2393.50531
5598,2B,Tucson,0.7000000000000001,0.65,22.204069999999998,1397.0903799999999,999.8218999999999,2419.11635
5599,2B,Tucson,0.7000000000000001,0.7000000000000001,21.559829999999998,1414.35053,1006.5992799999999,2442.5096399999998
5600,2B,Tucson,0.7000000000000001,0.75,20.894759999999998,1431.86404,1013.5350099999998,2466.2938099999997
5601,2B,Tucson,0.7000000000000001,0.8500000000000001,19.71213,1467.1444199999999,1027.5964900000001,2514.45304
5602,2B,Tucson,0.7000000000000001,0.8,20.28219,1449.5358999999999,1020.5974199999999,2490.41551
5603,2B,Tucson,0.7000000000000001,0.9500000000000001,18.66787,1501.75973,1041.18292,2561.61052
5604,2B,Tucson,0.7000000000000001,0.9,19.15291,1484.65793,1034.53222,2538.34306
5605,2B,Tucson,0.75,0.01,37.72152,1143.7620499999998,899.7130299999999,2081.1965999999998
5606,2B,Tucson,0.75,0.15000000000000002,32.76017,1209.63565,926.85422,2169.25004
5607,2B,Tucson,0.75,0.1,34.302009999999996,1186.92826,917.22654,2138.45681
5608,2B,Tucson,0.75,0.25,30.09989,1251.82009,944.27272,2226.1927
5609,2B,Tucson,0.75,0.2,31.355849999999997,1231.0129,935.6901499999999,2198.0589
5610,2B,Tucson,0.75,0.30000000000000004,28.90727,1272.08889,952.60193,2253.59809
5611,2B,Tucson,0.75,0.35000000000000003,27.81965,1291.85097,960.8677999999999,2280.53842
5612,2B,Tucson,0.75,0.45,25.95112,1329.3799199999999,976.13274,2331.46378
5613,2B,Tucson,0.75,0.4,26.85871,1310.85297,968.5952799999999,2306.30696
5614,2B,Tucson,0.75,0.55,24.272609999999997,1364.5969599999999,990.06754,2378.93711
5615,2B,Tucson,0.75,0.5,25.085189999999997,1347.52683,983.4485099999998,2356.0605299999997
5616,2B,Tucson,0.75,0.6000000000000001,23.55504,1381.73043,996.8765899999999,2402.1620599999997
5617,2B,Tucson,0.75,0.65,22.69995,1401.1441399999999,1003.9706699999999,2427.8147599999998
5618,2B,Tucson,0.75,0.7000000000000001,22.03488,1417.83423,1010.4630199999999,2450.33213
5619,2B,Tucson,0.75,0.75,21.36981,1434.87269,1017.14539,2473.38789
5620,2B,Tucson,0.75,0.8500000000000001,20.16635,1469.7413599999998,1030.89017,2520.7978799999996
5621,2B,Tucson,0.75,0.8,20.768079999999998,1452.3228599999998,1023.9861099999999,2497.07705
5622,2B,Tucson,0.75,0.9500000000000001,19.10041,1504.16665,1044.31825,2567.58531
5623,2B,Tucson,0.75,0.9,19.607129999999998,1487.0015099999998,1037.76256,2544.3711999999996
5624,2B,Tucson,0.8500000000000001,0.01,39.93842,1139.92998,901.4548799999999,2081.3232799999996
5625,2B,Tucson,0.8500000000000001,0.15000000000000002,34.60787,1206.81702,929.1977999999999,2170.62269
5626,2B,Tucson,0.8500000000000001,0.1,36.26555,1183.8246,919.3801,2139.47025
5627,2B,Tucson,0.8500000000000001,0.25,31.73589,1250.52162,947.47139,2229.7289
5628,2B,Tucson,0.8500000000000001,0.2,33.10854,1229.04936,938.44544,2200.6033399999997
5629,2B,Tucson,0.8500000000000001,0.30000000000000004,30.448259999999998,1271.3604799999998,956.3073199999999,2258.1160599999994
5630,2B,Tucson,0.8500000000000001,0.35000000000000003,29.318980000000003,1291.5026,964.6682000000001,2285.48978
5631,2B,Tucson,0.8500000000000001,0.45,27.312929999999998,1329.5066,980.34485,2337.16438
5632,2B,Tucson,0.8500000000000001,0.4,28.252190000000002,1310.88464,972.7440499999999,2311.8808799999997
5633,2B,Tucson,0.8500000000000001,0.55,25.571079999999995,1365.2303599999998,994.6913599999999,2385.4927999999995
5634,2B,Tucson,0.8500000000000001,0.5,26.383660000000003,1347.7485199999999,987.7239599999999,2361.85614
5635,2B,Tucson,0.8500000000000001,0.6000000000000001,24.7585,1382.17381,1001.4053999999999,2408.33771
5636,2B,Tucson,0.8500000000000001,0.65,23.84007,1401.99923,1008.49948,2434.33878
5637,2B,Tucson,0.8500000000000001,0.7000000000000001,23.14333,1418.1825999999999,1014.6117899999999,2455.93772
5638,2B,Tucson,0.8500000000000001,0.75,22.47826,1434.9360299999998,1021.10414,2478.51843
5639,2B,Tucson,0.8500000000000001,0.8500000000000001,21.21146,1469.20297,1034.59556,2525.00999
5640,2B,Tucson,0.8500000000000001,0.8,21.8557,1452.1328399999998,1027.78651,2501.7750499999997
5641,2B,Tucson,0.8500000000000001,0.9500000000000001,20.082179999999997,1503.34323,1047.89696,2571.32237
5642,2B,Tucson,0.8500000000000001,0.9,20.65224,1486.30477,1041.53129,2548.4883
5643,2B,Tucson,0.8,0.01,38.86164,1141.67183,900.5364500000001,2081.06992
5644,2B,Tucson,0.8,0.15000000000000002,33.71027,1207.5771,927.7409799999999,2169.02835
5645,2B,Tucson,0.8,0.1,35.34712,1184.9013799999998,918.2716499999999,2138.5201499999994
5646,2B,Tucson,0.8,0.25,30.94414,1250.99667,945.9512299999999,2227.8920399999997
5647,2B,Tucson,0.8,0.2,32.28512,1229.61942,936.9252799999998,2198.82982
5648,2B,Tucson,0.8,0.30000000000000004,29.68818,1271.67718,954.75549,2256.1208500000002
5649,2B,Tucson,0.8,0.35000000000000003,28.59057,1291.85097,962.92635,2283.36789
5650,2B,Tucson,0.8,0.45,26.64786,1329.85497,978.57133,2335.07416
5651,2B,Tucson,0.8,0.4,27.55545,1311.1063299999998,971.0022,2309.66398
5652,2B,Tucson,0.8,0.55,24.937679999999997,1365.8320899999999,993.20287,2383.97264
5653,2B,Tucson,0.8,0.5,25.750259999999997,1348.1285599999999,986.10879,2359.98761
5654,2B,Tucson,0.8,0.6000000000000001,24.156769999999998,1382.8388799999998,999.8535699999999,2406.8492199999996
5655,2B,Tucson,0.8,0.65,23.24918,1402.88599,1007.01099,2433.1461600000002
5656,2B,Tucson,0.8,0.7000000000000001,22.5416,1419.41773,1013.34499,2455.30432
5657,2B,Tucson,0.8,0.75,21.9082,1436.3295099999998,1019.9640199999999,2478.2017299999998
5658,2B,Tucson,0.8,0.8500000000000001,20.67307,1471.03983,1033.64546,2525.35836
5659,2B,Tucson,0.8,0.8,21.24313,1453.653,1026.80474,2501.70087
5660,2B,Tucson,0.8,0.9500000000000001,19.543789999999998,1505.52846,1047.0735399999999,2572.1457899999996
5661,2B,Tucson,0.8,0.9,20.082179999999997,1488.29998,1040.4545099999998,2548.8366699999997
5662,2B,Tucson,0.9500000000000001,0.01,42.039480000000005,1136.73131,903.4500899999999,2082.22088
5663,2B,Tucson,0.9500000000000001,0.15000000000000002,36.286379999999994,1205.6769,931.9214199999999,2173.8846999999996
5664,2B,Tucson,0.9500000000000001,0.1,38.0599,1182.05108,922.0720499999999,2142.1830299999997
5665,2B,Tucson,0.9500000000000001,0.25,33.266890000000004,1250.23659,950.7017299999999,2234.20521
5666,2B,Tucson,0.9500000000000001,0.2,34.69204,1228.35262,941.5807699999999,2204.6254299999996
5667,2B,Tucson,0.9500000000000001,0.30000000000000004,31.905079999999995,1271.20213,959.6960099999999,2262.80322
5668,2B,Tucson,0.9500000000000001,0.35000000000000003,30.71246,1291.47093,968.3735899999999,2290.55698
5669,2B,Tucson,0.9500000000000001,0.45,28.6114,1329.4432599999998,984.05024,2342.1049
5670,2B,Tucson,0.9500000000000001,0.4,29.604010000000002,1310.88464,976.2277499999999,2316.7164
5671,2B,Tucson,0.9500000000000001,0.55,26.7637,1364.75531,998.14339,2389.6624
5672,2B,Tucson,0.9500000000000001,0.5,27.65046,1347.52683,991.20766,2366.38495
5673,2B,Tucson,0.9500000000000001,0.6000000000000001,25.982789999999998,1381.2553799999998,1004.5723999999999,2411.8105699999996
5674,2B,Tucson,0.9500000000000001,0.65,25.0227,1400.60575,1011.38145,2437.0099
5675,2B,Tucson,0.9500000000000001,0.7000000000000001,24.28345,1416.25073,1017.33541,2457.86959
5676,2B,Tucson,0.9500000000000001,0.75,23.61838,1432.46577,1023.47939,2479.56354
5677,2B,Tucson,0.9500000000000001,0.8500000000000001,22.28824,1466.03597,1036.52743,2524.85164
5678,2B,Tucson,0.9500000000000001,0.8,22.95331,1449.28254,1030.06675,2502.3026
5679,2B,Tucson,0.9500000000000001,0.9500000000000001,21.158959999999997,1499.13112,1049.82883,2570.11891
5680,2B,Tucson,0.9500000000000001,0.9,21.70819,1482.66272,1043.08312,2547.45403
5681,2B,Tucson,0.9,0.01,40.98353,1138.25147,902.4683199999998,2081.7033199999996
5682,2B,Tucson,0.9,0.15000000000000002,35.43129,1206.15195,930.65462,2172.23786
5683,2B,Tucson,0.9,0.1,37.18398,1182.84283,920.71024,2140.73705
5684,2B,Tucson,0.9,0.25,32.49597,1250.29993,949.05489,2231.85079
5685,2B,Tucson,0.9,0.2,33.90029,1228.63765,939.9656,2202.5035399999997
5686,2B,Tucson,0.9,0.30000000000000004,31.176669999999998,1271.1704599999998,957.92249,2260.26962
5687,2B,Tucson,0.9,0.35000000000000003,30.026559999999996,1291.37592,966.5367299999999,2287.93921
5688,2B,Tucson,0.9,0.45,27.978,1329.3799199999999,982.18171,2339.5396299999998
5689,2B,Tucson,0.9,0.4,28.928099999999997,1310.75796,974.4858999999999,2314.1719599999997
5690,2B,Tucson,0.9,0.55,26.16197,1364.91366,996.36987,2387.4455
5691,2B,Tucson,0.9,0.5,27.0279,1347.52683,989.4658099999999,2364.02054
5692,2B,Tucson,0.9,0.6000000000000001,25.3919,1381.6354199999998,1002.9889,2410.01622
5693,2B,Tucson,0.9,0.65,24.45264,1401.2074799999998,1009.9246299999999,2435.5847499999995
5694,2B,Tucson,0.9,0.7000000000000001,23.71339,1417.20083,1015.9736,2456.88782
5695,2B,Tucson,0.9,0.75,23.04832,1433.60589,1022.2125899999999,2478.8668
5696,2B,Tucson,0.9,0.8500000000000001,21.74985,1467.5877999999998,1035.6723399999998,2525.0099899999996
5697,2B,Tucson,0.9,0.8,22.38325,1450.64435,1028.98997,2502.01757
5698,2B,Tucson,0.9,0.9500000000000001,20.620569999999997,1501.2213399999998,1048.81539,2570.6573
5699,2B,Tucson,0.9,0.9,21.19063,1484.40457,1042.32304,2547.91824
